       Step     Time          Energy          fmax
MDMin:    0 20:54:59    -2397.732546        0.148787
MDMin:    1 20:55:01    -2397.732546        0.148768
MDMin:    2 20:55:03    -2397.732547        0.148712
MDMin:    3 20:55:05    -2397.732548        0.148618
MDMin:    4 20:55:07    -2397.732550        0.148487
MDMin:    5 20:55:09    -2397.732552        0.148318
MDMin:    6 20:55:11    -2397.732555        0.148111
MDMin:    7 20:55:13    -2397.732558        0.147868
MDMin:    8 20:55:15    -2397.732563        0.147588
MDMin:    9 20:55:17    -2397.732569        0.147270
MDMin:   10 20:55:19    -2397.732575        0.146917
MDMin:   11 20:55:21    -2397.732584        0.146528
MDMin:   12 20:55:23    -2397.732594        0.146103
MDMin:   13 20:55:26    -2397.732606        0.145644
MDMin:   14 20:55:28    -2397.732620        0.145150
MDMin:   15 20:55:30    -2397.732636        0.144622
MDMin:   16 20:55:32    -2397.732655        0.144061
MDMin:   17 20:55:34    -2397.732677        0.143467
MDMin:   18 20:55:36    -2397.732702        0.142841
MDMin:   19 20:55:37    -2397.732730        0.142185
MDMin:   20 20:55:39    -2397.732762        0.141498
MDMin:   21 20:55:41    -2397.732798        0.140781
MDMin:   22 20:55:43    -2397.732839        0.140037
MDMin:   23 20:55:45    -2397.732884        0.139264
MDMin:   24 20:55:47    -2397.732934        0.138466
MDMin:   25 20:55:49    -2397.732989        0.137642
MDMin:   26 20:55:51    -2397.733050        0.136794
MDMin:   27 20:55:53    -2397.733116        0.135924
MDMin:   28 20:55:55    -2397.733189        0.135032
MDMin:   29 20:55:57    -2397.733267        0.134121
MDMin:   30 20:55:58    -2397.733352        0.133191
MDMin:   31 20:56:00    -2397.733444        0.132245
MDMin:   32 20:56:02    -2397.733542        0.131284
MDMin:   33 20:56:04    -2397.733648        0.130309
MDMin:   34 20:56:06    -2397.733761        0.129322
MDMin:   35 20:56:08    -2397.733881        0.128326
MDMin:   36 20:56:10    -2397.734008        0.127322
MDMin:   37 20:56:12    -2397.734144        0.126313
MDMin:   38 20:56:14    -2397.734286        0.125299
MDMin:   39 20:56:16    -2397.734437        0.124284
MDMin:   40 20:56:17    -2397.734595        0.123268
MDMin:   41 20:56:19    -2397.734761        0.122256
MDMin:   42 20:56:20    -2397.734935        0.121247
MDMin:   43 20:56:22    -2397.735117        0.120246
MDMin:   44 20:56:23    -2397.735306        0.119254
MDMin:   45 20:56:25    -2397.735503        0.118273
MDMin:   46 20:56:26    -2397.735707        0.117305
MDMin:   47 20:56:28    -2397.735919        0.116354
MDMin:   48 20:56:29    -2397.736138        0.115420
MDMin:   49 20:56:31    -2397.736365        0.114507
MDMin:   50 20:56:33    -2397.736598        0.113616
MDMin:   51 20:56:35    -2397.736838        0.112750
MDMin:   52 20:56:37    -2397.737085        0.111912
MDMin:   53 20:56:39    -2397.737339        0.111102
MDMin:   54 20:56:41    -2397.737598        0.110323
MDMin:   55 20:56:43    -2397.737864        0.109578
MDMin:   56 20:56:45    -2397.738136        0.108868
MDMin:   57 20:56:47    -2397.738413        0.108195
MDMin:   58 20:56:49    -2397.738695        0.107560
MDMin:   59 20:56:51    -2397.738983        0.106966
MDMin:   60 20:56:53    -2397.739276        0.106413
MDMin:   61 20:56:55    -2397.739573        0.105904
MDMin:   62 20:56:57    -2397.739874        0.105437
MDMin:   63 20:56:59    -2397.740180        0.105016
MDMin:   64 20:57:00    -2397.740489        0.104640
MDMin:   65 20:57:02    -2397.740802        0.104309
MDMin:   66 20:57:04    -2397.741118        0.104023
MDMin:   67 20:57:06    -2397.741437        0.103782
MDMin:   68 20:57:08    -2397.741759        0.103586
MDMin:   69 20:57:10    -2397.742083        0.103433
MDMin:   70 20:57:12    -2397.742410        0.103322
MDMin:   71 20:57:14    -2397.742738        0.103254
MDMin:   72 20:57:16    -2397.743068        0.103225
MDMin:   73 20:57:18    -2397.743399        0.103234
MDMin:   74 20:57:20    -2397.743732        0.103277
MDMin:   75 20:57:22    -2397.744066        0.103351
MDMin:   76 20:57:24    -2397.744400        0.103451
MDMin:   77 20:57:26    -2397.744735        0.103574
MDMin:   78 20:57:28    -2397.745070        0.103716
MDMin:   79 20:57:30    -2397.745406        0.103870
MDMin:   80 20:57:32    -2397.745741        0.104032
MDMin:   81 20:57:34    -2397.746077        0.104195
MDMin:   82 20:57:35    -2397.746412        0.104355
MDMin:   83 20:57:38    -2397.746747        0.104505
MDMin:   84 20:57:40    -2397.747082        0.104639
MDMin:   85 20:57:41    -2397.747416        0.104750
MDMin:   86 20:57:43    -2397.747750        0.104833
MDMin:   87 20:57:45    -2397.748083        0.104881
MDMin:   88 20:57:47    -2397.748416        0.104889
MDMin:   89 20:57:49    -2397.748748        0.104849
MDMin:   90 20:57:50    -2397.749080        0.104757
MDMin:   91 20:57:52    -2397.749411        0.104607
MDMin:   92 20:57:54    -2397.749742        0.104394
MDMin:   93 20:57:56    -2397.750073        0.104113
MDMin:   94 20:57:58    -2397.750403        0.103760
MDMin:   95 20:58:00    -2397.750734        0.103331
MDMin:   96 20:58:02    -2397.751064        0.102824
MDMin:   97 20:58:04    -2397.751394        0.102236
MDMin:   98 20:58:06    -2397.751725        0.101563
MDMin:   99 20:58:08    -2397.752056        0.100806
MDMin:  100 20:58:10    -2397.752387        0.100608
MDMin:  101 20:58:12    -2397.752720        0.100477
MDMin:  102 20:58:14    -2397.753053        0.100213
MDMin:  103 20:58:16    -2397.753386        0.099821
MDMin:  104 20:58:18    -2397.753721        0.099304
MDMin:  105 20:58:20    -2397.754057        0.098669
MDMin:  106 20:58:22    -2397.754395        0.097922
MDMin:  107 20:58:24    -2397.754734        0.097069
MDMin:  108 20:58:26    -2397.755074        0.096121
MDMin:  109 20:58:28    -2397.755416        0.095085
MDMin:  110 20:58:30    -2397.755760        0.093970
MDMin:  111 20:58:31    -2397.756105        0.092788
MDMin:  112 20:58:33    -2397.756451        0.091550
MDMin:  113 20:58:35    -2397.756793        0.090286
MDMin:  114 20:58:36    -2397.757114        0.119673
MDMin:  115 20:58:38    -2397.757367        0.130292
MDMin:  116 20:58:40    -2397.757528        0.093595
MDMin:  117 20:58:42    -2397.757665        0.086961
MDMin:  118 20:58:44    -2397.757803        0.086430
MDMin:  119 20:58:45    -2397.757944        0.085886
MDMin:  120 20:58:47    -2397.758087        0.085331
MDMin:  121 20:58:49    -2397.758232        0.084765
MDMin:  122 20:58:51    -2397.758380        0.084187
MDMin:  123 20:58:53    -2397.758531        0.083599
MDMin:  124 20:58:55    -2397.758685        0.083002
MDMin:  125 20:58:57    -2397.758841        0.082395
MDMin:  126 20:58:59    -2397.758999        0.082855
MDMin:  127 20:59:01    -2397.759160        0.083407
MDMin:  128 20:59:03    -2397.759324        0.083982
MDMin:  129 20:59:05    -2397.759490        0.084582
MDMin:  130 20:59:07    -2397.759659        0.085210
MDMin:  131 20:59:09    -2397.759830        0.085867
MDMin:  132 20:59:10    -2397.760004        0.086555
MDMin:  133 20:59:12    -2397.760180        0.087278
MDMin:  134 20:59:14    -2397.760359        0.088037
MDMin:  135 20:59:15    -2397.760540        0.088837
MDMin:  136 20:59:16    -2397.760723        0.089679
MDMin:  137 20:59:18    -2397.760909        0.090568
MDMin:  138 20:59:20    -2397.761097        0.091509
MDMin:  139 20:59:22    -2397.761287        0.092504
MDMin:  140 20:59:24    -2397.761480        0.093559
MDMin:  141 20:59:26    -2397.761674        0.094680
MDMin:  142 20:59:27    -2397.761871        0.095872
MDMin:  143 20:59:28    -2397.762070        0.097141
MDMin:  144 20:59:30    -2397.762271        0.098496
MDMin:  145 20:59:32    -2397.762474        0.099943
MDMin:  146 20:59:34    -2397.762679        0.101491
MDMin:  147 20:59:35    -2397.762886        0.103151
MDMin:  148 20:59:37    -2397.763095        0.104933
MDMin:  149 20:59:39    -2397.763305        0.106850
MDMin:  150 20:59:41    -2397.763517        0.108914
MDMin:  151 20:59:42    -2397.763730        0.111143
MDMin:  152 20:59:44    -2397.763945        0.113557
MDMin:  153 20:59:45    -2397.764161        0.116175
MDMin:  154 20:59:47    -2397.764379        0.119020
MDMin:  155 20:59:49    -2397.764597        0.122115
MDMin:  156 20:59:51    -2397.764817        0.125489
MDMin:  157 20:59:53    -2397.765037        0.129174
MDMin:  158 20:59:54    -2397.765257        0.133204
MDMin:  159 20:59:56    -2397.765479        0.137619
MDMin:  160 20:59:58    -2397.765700        0.142464
MDMin:  161 21:00:00    -2397.765921        0.147788
MDMin:  162 21:00:02    -2397.766142        0.153643
MDMin:  163 21:00:03    -2397.766361        0.160076
MDMin:  164 21:00:04    -2397.766578        0.167117
MDMin:  165 21:00:05    -2397.766789        0.174733
MDMin:  166 21:00:07    -2397.766990        0.182739
MDMin:  167 21:00:08    -2397.767171        0.190726
MDMin:  168 21:00:10    -2397.767327        0.198262
MDMin:  169 21:00:11    -2397.767463        0.205408
MDMin:  170 21:00:13    -2397.767591        0.212588
MDMin:  171 21:00:14    -2397.767715        0.220120
MDMin:  172 21:00:16    -2397.767839        0.228142
MDMin:  173 21:00:18    -2397.767962        0.236719
MDMin:  174 21:00:19    -2397.768085        0.245890
MDMin:  175 21:00:21    -2397.768208        0.255682
MDMin:  176 21:00:23    -2397.768330        0.266119
MDMin:  177 21:00:25    -2397.768451        0.277214
MDMin:  178 21:00:26    -2397.768570        0.288972
MDMin:  179 21:00:28    -2397.768689        0.301385
MDMin:  180 21:00:30    -2397.768806        0.314430
MDMin:  181 21:00:31    -2397.768922        0.328064
MDMin:  182 21:00:33    -2397.769037        0.342223
MDMin:  183 21:00:35    -2397.769149        0.356813
MDMin:  184 21:00:37    -2397.769261        0.371710
MDMin:  185 21:00:38    -2397.769370        0.386754
MDMin:  186 21:00:40    -2397.769478        0.401743
MDMin:  187 21:00:42    -2397.769585        0.416435
MDMin:  188 21:00:44    -2397.769690        0.430541
MDMin:  189 21:00:46    -2397.769794        0.443724
MDMin:  190 21:00:48    -2397.769897        0.455605
MDMin:  191 21:00:50    -2397.770000        0.465764
MDMin:  192 21:00:51    -2397.770102        0.473749
MDMin:  193 21:00:53    -2397.770204        0.479088
MDMin:  194 21:00:55    -2397.770307        0.481306
MDMin:  195 21:00:57    -2397.770411        0.479949
MDMin:  196 21:00:59    -2397.770516        0.474608
MDMin:  197 21:01:01    -2397.770624        0.464957
MDMin:  198 21:01:03    -2397.770734        0.450786
MDMin:  199 21:01:05    -2397.770849        0.432042
MDMin:  200 21:01:06    -2397.770968        0.408867
MDMin:  201 21:01:08    -2397.771094        0.381636
MDMin:  202 21:01:10    -2397.771227        0.350980
MDMin:  203 21:01:12    -2397.771369        0.317794
MDMin:  204 21:01:14    -2397.771521        0.283192
MDMin:  205 21:01:15    -2397.771686        0.248434
MDMin:  206 21:01:16    -2397.771865        0.214839
MDMin:  207 21:01:17    -2397.772059        0.183548
MDMin:  208 21:01:18    -2397.772270        0.155329
MDMin:  209 21:01:20    -2397.772497        0.130460
MDMin:  210 21:01:21    -2397.772741        0.108809
MDMin:  211 21:01:23    -2397.773000        0.090062
MDMin:  212 21:01:25    -2397.773271        0.075184
MDMin:  213 21:01:27    -2397.773553        0.075254
MDMin:  214 21:01:30    -2397.773843        0.075327
MDMin:  215 21:01:32    -2397.774138        0.075403
MDMin:  216 21:01:33    -2397.774437        0.075482
MDMin:  217 21:01:35    -2397.774738        0.075563
MDMin:  218 21:01:36    -2397.775041        0.075648
MDMin:  219 21:01:38    -2397.775346        0.075736
MDMin:  220 21:01:40    -2397.775651        0.075824
MDMin:  221 21:01:42    -2397.775957        0.075922
MDMin:  222 21:01:44    -2397.776264        0.076007
MDMin:  223 21:01:46    -2397.776571        0.076142
MDMin:  224 21:01:48    -2397.776877        0.076150
MDMin:  225 21:01:50    -2397.777184        0.076536
MDMin:  226 21:01:52    -2397.777487        0.075855
MDMin:  227 21:01:53    -2397.777765        0.128504
MDMin:  228 21:01:56    -2397.777891        0.108848
MDMin:  229 21:01:58    -2397.777923        0.076053
MDMin:  230 21:02:00    -2397.777961        0.076344
MDMin:  231 21:02:01    -2397.778002        0.076513
MDMin:  232 21:02:02    -2397.778045        0.076605
MDMin:  233 21:02:04    -2397.778090        0.076656
MDMin:  234 21:02:05    -2397.778136        0.076689
MDMin:  235 21:02:07    -2397.778184        0.076713
MDMin:  236 21:02:09    -2397.778234        0.076735
MDMin:  237 21:02:10    -2397.778286        0.076756
MDMin:  238 21:02:11    -2397.778339        0.076777
MDMin:  239 21:02:13    -2397.778394        0.076799
MDMin:  240 21:02:14    -2397.778451        0.076822
MDMin:  241 21:02:15    -2397.778509        0.076845
MDMin:  242 21:02:16    -2397.778570        0.076869
MDMin:  243 21:02:18    -2397.778631        0.076895
MDMin:  244 21:02:19    -2397.778695        0.076921
MDMin:  245 21:02:21    -2397.778760        0.076948
MDMin:  246 21:02:22    -2397.778826        0.076976
MDMin:  247 21:02:24    -2397.778895        0.077005
MDMin:  248 21:02:26    -2397.778965        0.077034
MDMin:  249 21:02:27    -2397.779036        0.077065
MDMin:  250 21:02:29    -2397.779109        0.077097
MDMin:  251 21:02:31    -2397.779184        0.077129
MDMin:  252 21:02:32    -2397.779260        0.077163
MDMin:  253 21:02:33    -2397.779337        0.077197
MDMin:  254 21:02:35    -2397.779417        0.077232
MDMin:  255 21:02:37    -2397.779497        0.077269
MDMin:  256 21:02:38    -2397.779579        0.077306
MDMin:  257 21:02:39    -2397.779663        0.077344
MDMin:  258 21:02:41    -2397.779748        0.077383
MDMin:  259 21:02:42    -2397.779834        0.077423
MDMin:  260 21:02:44    -2397.779922        0.077465
MDMin:  261 21:02:47    -2397.780011        0.077507
MDMin:  262 21:02:49    -2397.780102        0.077550
MDMin:  263 21:02:51    -2397.780194        0.077594
MDMin:  264 21:02:53    -2397.780287        0.077638
MDMin:  265 21:02:54    -2397.780381        0.077684
MDMin:  266 21:02:56    -2397.780477        0.077731
MDMin:  267 21:02:58    -2397.780574        0.077779
MDMin:  268 21:03:00    -2397.780672        0.077827
MDMin:  269 21:03:02    -2397.780772        0.077877
MDMin:  270 21:03:04    -2397.780873        0.077927
MDMin:  271 21:03:06    -2397.780974        0.077978
MDMin:  272 21:03:08    -2397.781077        0.078030
MDMin:  273 21:03:10    -2397.781181        0.078083
MDMin:  274 21:03:12    -2397.781286        0.078137
MDMin:  275 21:03:14    -2397.781392        0.078191
MDMin:  276 21:03:15    -2397.781500        0.078247
MDMin:  277 21:03:17    -2397.781608        0.078302
MDMin:  278 21:03:19    -2397.781717        0.078359
MDMin:  279 21:03:20    -2397.781827        0.078416
MDMin:  280 21:03:22    -2397.781938        0.078474
MDMin:  281 21:03:24    -2397.782050        0.078532
MDMin:  282 21:03:26    -2397.782163        0.078591
MDMin:  283 21:03:28    -2397.782276        0.078650
MDMin:  284 21:03:30    -2397.782391        0.078709
MDMin:  285 21:03:32    -2397.782506        0.078769
MDMin:  286 21:03:34    -2397.782622        0.078829
MDMin:  287 21:03:35    -2397.782738        0.078889
MDMin:  288 21:03:37    -2397.782855        0.078949
MDMin:  289 21:03:39    -2397.782973        0.079010
MDMin:  290 21:03:41    -2397.783092        0.079070
MDMin:  291 21:03:43    -2397.783211        0.079130
MDMin:  292 21:03:45    -2397.783331        0.079190
MDMin:  293 21:03:46    -2397.783451        0.079249
MDMin:  294 21:03:47    -2397.783571        0.079309
MDMin:  295 21:03:49    -2397.783692        0.079367
MDMin:  296 21:03:50    -2397.783814        0.079425
MDMin:  297 21:03:51    -2397.783936        0.079482
MDMin:  298 21:03:53    -2397.784058        0.079539
MDMin:  299 21:03:54    -2397.784180        0.079594
MDMin:  300 21:03:56    -2397.784303        0.079649
MDMin:  301 21:03:58    -2397.784426        0.079702
MDMin:  302 21:04:00    -2397.784549        0.079754
MDMin:  303 21:04:02    -2397.784673        0.079805
MDMin:  304 21:04:03    -2397.784796        0.079854
MDMin:  305 21:04:05    -2397.784920        0.079901
MDMin:  306 21:04:07    -2397.785044        0.079947
MDMin:  307 21:04:09    -2397.785168        0.079991
MDMin:  308 21:04:11    -2397.785291        0.080033
MDMin:  309 21:04:13    -2397.785415        0.080073
MDMin:  310 21:04:15    -2397.785539        0.080111
MDMin:  311 21:04:17    -2397.785662        0.080146
MDMin:  312 21:04:18    -2397.785786        0.080179
MDMin:  313 21:04:19    -2397.785909        0.080209
MDMin:  314 21:04:21    -2397.786032        0.080236
MDMin:  315 21:04:22    -2397.786155        0.080261
MDMin:  316 21:04:24    -2397.786278        0.080286
MDMin:  317 21:04:26    -2397.786400        0.080312
MDMin:  318 21:04:28    -2397.786523        0.080340
MDMin:  319 21:04:29    -2397.786644        0.080368
MDMin:  320 21:04:31    -2397.786766        0.080399
MDMin:  321 21:04:32    -2397.786886        0.080426
MDMin:  322 21:04:34    -2397.787004        0.080464
MDMin:  323 21:04:35    -2397.787113        0.080907
MDMin:  324 21:04:37    -2397.787197        0.101471
MDMin:  325 21:04:39    -2397.787246        0.080527
MDMin:  326 21:04:41    -2397.787290        0.080539
MDMin:  327 21:04:42    -2397.787334        0.080550
MDMin:  328 21:04:44    -2397.787378        0.080562
MDMin:  329 21:04:46    -2397.787424        0.080574
MDMin:  330 21:04:47    -2397.787470        0.080586
MDMin:  331 21:04:49    -2397.787517        0.080599
MDMin:  332 21:04:50    -2397.787565        0.080612
MDMin:  333 21:04:52    -2397.787614        0.080626
MDMin:  334 21:04:54    -2397.787663        0.080711
MDMin:  335 21:04:56    -2397.787713        0.080852
MDMin:  336 21:04:58    -2397.787764        0.080997
MDMin:  337 21:05:00    -2397.787815        0.081145
MDMin:  338 21:05:02    -2397.787867        0.081297
MDMin:  339 21:05:03    -2397.787919        0.081451
MDMin:  340 21:05:05    -2397.787973        0.081609
MDMin:  341 21:05:07    -2397.788026        0.081770
MDMin:  342 21:05:09    -2397.788081        0.081934
MDMin:  343 21:05:11    -2397.788136        0.082102
MDMin:  344 21:05:13    -2397.788191        0.082272
MDMin:  345 21:05:15    -2397.788247        0.082446
MDMin:  346 21:05:16    -2397.788304        0.082624
MDMin:  347 21:05:18    -2397.788361        0.082804
MDMin:  348 21:05:20    -2397.788419        0.082988
MDMin:  349 21:05:22    -2397.788477        0.083175
MDMin:  350 21:05:24    -2397.788535        0.083365
MDMin:  351 21:05:25    -2397.788594        0.083559
MDMin:  352 21:05:27    -2397.788654        0.083756
MDMin:  353 21:05:29    -2397.788713        0.083955
MDMin:  354 21:05:31    -2397.788774        0.084159
MDMin:  355 21:05:33    -2397.788834        0.084365
MDMin:  356 21:05:35    -2397.788895        0.084574
MDMin:  357 21:05:36    -2397.788957        0.084787
MDMin:  358 21:05:38    -2397.789018        0.085002
MDMin:  359 21:05:40    -2397.789080        0.085220
MDMin:  360 21:05:41    -2397.789142        0.085442
MDMin:  361 21:05:43    -2397.789205        0.085666
MDMin:  362 21:05:45    -2397.789268        0.085893
MDMin:  363 21:05:47    -2397.789331        0.086123
MDMin:  364 21:05:48    -2397.789394        0.086356
MDMin:  365 21:05:51    -2397.789458        0.086591
MDMin:  366 21:05:53    -2397.789521        0.086828
MDMin:  367 21:05:54    -2397.789585        0.087068
MDMin:  368 21:05:56    -2397.789650        0.087311
MDMin:  369 21:05:57    -2397.789714        0.087555
MDMin:  370 21:05:59    -2397.789778        0.087802
MDMin:  371 21:06:01    -2397.789843        0.088050
MDMin:  372 21:06:02    -2397.789908        0.088299
MDMin:  373 21:06:05    -2397.789972        0.088549
MDMin:  374 21:06:07    -2397.790037        0.088800
MDMin:  375 21:06:08    -2397.790102        0.089051
MDMin:  376 21:06:09    -2397.790168        0.089301
MDMin:  377 21:06:11    -2397.790233        0.089552
MDMin:  378 21:06:13    -2397.790298        0.089802
MDMin:  379 21:06:15    -2397.790363        0.090051
MDMin:  380 21:06:16    -2397.790429        0.090299
MDMin:  381 21:06:18    -2397.790494        0.090546
MDMin:  382 21:06:20    -2397.790559        0.090791
MDMin:  383 21:06:22    -2397.790624        0.091034
MDMin:  384 21:06:24    -2397.790690        0.091274
MDMin:  385 21:06:26    -2397.790755        0.091513
MDMin:  386 21:06:28    -2397.790820        0.091747
MDMin:  387 21:06:30    -2397.790886        0.091980
MDMin:  388 21:06:32    -2397.790951        0.092205
MDMin:  389 21:06:33    -2397.791016        0.092431
MDMin:  390 21:06:35    -2397.791081        0.092643
MDMin:  391 21:06:37    -2397.791146        0.092865
MDMin:  392 21:06:39    -2397.791211        0.093057
MDMin:  393 21:06:40    -2397.791275        0.093280
MDMin:  394 21:06:42    -2397.791340        0.093436
MDMin:  395 21:06:44    -2397.791405        0.093684
MDMin:  396 21:06:46    -2397.791469        0.093756
MDMin:  397 21:06:48    -2397.791533        0.094104
MDMin:  398 21:06:50    -2397.791595        0.093959
MDMin:  399 21:06:52    -2397.791650        0.103459
MDMin:  400 21:06:54    -2397.791687        0.094208
MDMin:  401 21:06:56    -2397.791711        0.094427
MDMin:  402 21:06:58    -2397.791734        0.094467
MDMin:  403 21:06:59    -2397.791758        0.094513
MDMin:  404 21:07:01    -2397.791782        0.094559
MDMin:  405 21:07:03    -2397.791807        0.094604
MDMin:  406 21:07:05    -2397.791831        0.094648
MDMin:  407 21:07:07    -2397.791857        0.094691
MDMin:  408 21:07:08    -2397.791883        0.094732
MDMin:  409 21:07:10    -2397.791909        0.094773
MDMin:  410 21:07:12    -2397.791936        0.094812
MDMin:  411 21:07:14    -2397.791963        0.094849
MDMin:  412 21:07:16    -2397.791990        0.094884
MDMin:  413 21:07:18    -2397.792018        0.094918
MDMin:  414 21:07:19    -2397.792047        0.094949
MDMin:  415 21:07:21    -2397.792075        0.094978
MDMin:  416 21:07:23    -2397.792104        0.095004
MDMin:  417 21:07:25    -2397.792134        0.095028
MDMin:  418 21:07:27    -2397.792164        0.095048
MDMin:  419 21:07:29    -2397.792194        0.095065
MDMin:  420 21:07:31    -2397.792224        0.095079
MDMin:  421 21:07:33    -2397.792255        0.095090
MDMin:  422 21:07:35    -2397.792287        0.095097
MDMin:  423 21:07:37    -2397.792318        0.095099
MDMin:  424 21:07:38    -2397.792350        0.095098
MDMin:  425 21:07:40    -2397.792382        0.095092
MDMin:  426 21:07:42    -2397.792415        0.095203
MDMin:  427 21:07:44    -2397.792448        0.095489
MDMin:  428 21:07:46    -2397.792481        0.095780
MDMin:  429 21:07:48    -2397.792515        0.096073
MDMin:  430 21:07:50    -2397.792548        0.096370
MDMin:  431 21:07:51    -2397.792583        0.096670
MDMin:  432 21:07:52    -2397.792617        0.096974
MDMin:  433 21:07:53    -2397.792652        0.097280
MDMin:  434 21:07:54    -2397.792687        0.097590
MDMin:  435 21:07:56    -2397.792722        0.097902
MDMin:  436 21:07:57    -2397.792757        0.098217
MDMin:  437 21:07:58    -2397.792793        0.098534
MDMin:  438 21:08:00    -2397.792829        0.098854
MDMin:  439 21:08:01    -2397.792865        0.099176
MDMin:  440 21:08:02    -2397.792902        0.099501
MDMin:  441 21:08:04    -2397.792938        0.099827
MDMin:  442 21:08:05    -2397.792975        0.100155
MDMin:  443 21:08:07    -2397.793012        0.100484
MDMin:  444 21:08:09    -2397.793050        0.100815
MDMin:  445 21:08:11    -2397.793087        0.101148
MDMin:  446 21:08:13    -2397.793125        0.101481
MDMin:  447 21:08:15    -2397.793163        0.101815
MDMin:  448 21:08:17    -2397.793201        0.102149
MDMin:  449 21:08:19    -2397.793239        0.102484
MDMin:  450 21:08:21    -2397.793278        0.102818
MDMin:  451 21:08:23    -2397.793317        0.103153
MDMin:  452 21:08:25    -2397.793355        0.103487
MDMin:  453 21:08:27    -2397.793394        0.103820
MDMin:  454 21:08:29    -2397.793434        0.104151
MDMin:  455 21:08:31    -2397.793473        0.104482
MDMin:  456 21:08:33    -2397.793513        0.104810
MDMin:  457 21:08:34    -2397.793552        0.105137
MDMin:  458 21:08:36    -2397.793592        0.105461
MDMin:  459 21:08:38    -2397.793632        0.105782
MDMin:  460 21:08:40    -2397.793672        0.106099
MDMin:  461 21:08:42    -2397.793713        0.106414
MDMin:  462 21:08:44    -2397.793753        0.106723
MDMin:  463 21:08:46    -2397.793794        0.107029
MDMin:  464 21:08:47    -2397.793834        0.107329
MDMin:  465 21:08:49    -2397.793875        0.107625
MDMin:  466 21:08:51    -2397.793916        0.107913
MDMin:  467 21:08:53    -2397.793957        0.108197
MDMin:  468 21:08:55    -2397.793998        0.108471
MDMin:  469 21:08:56    -2397.794040        0.108743
MDMin:  470 21:08:57    -2397.794081        0.108997
MDMin:  471 21:08:59    -2397.794123        0.109263
MDMin:  472 21:09:00    -2397.794164        0.109478
MDMin:  473 21:09:02    -2397.794206        0.109765
MDMin:  474 21:09:03    -2397.794247        0.109881
MDMin:  475 21:09:05    -2397.794287        0.110287
MDMin:  476 21:09:06    -2397.794322        0.110160
MDMin:  477 21:09:07    -2397.794345        0.110563
MDMin:  478 21:09:09    -2397.794361        0.110485
MDMin:  479 21:09:10    -2397.794377        0.110580
MDMin:  480 21:09:12    -2397.794393        0.110642
MDMin:  481 21:09:14    -2397.794409        0.110709
MDMin:  482 21:09:16    -2397.794426        0.110774
MDMin:  483 21:09:18    -2397.794443        0.110838
MDMin:  484 21:09:20    -2397.794461        0.110901
MDMin:  485 21:09:22    -2397.794478        0.110963
MDMin:  486 21:09:24    -2397.794497        0.111023
MDMin:  487 21:09:26    -2397.794515        0.111082
MDMin:  488 21:09:28    -2397.794534        0.111139
MDMin:  489 21:09:29    -2397.794553        0.111194
MDMin:  490 21:09:31    -2397.794572        0.111247
MDMin:  491 21:09:33    -2397.794591        0.111299
MDMin:  492 21:09:35    -2397.794611        0.111350
MDMin:  493 21:09:37    -2397.794632        0.111398
MDMin:  494 21:09:39    -2397.794652        0.111445
MDMin:  495 21:09:41    -2397.794673        0.111490
MDMin:  496 21:09:43    -2397.794694        0.111533
MDMin:  497 21:09:45    -2397.794715        0.111573
MDMin:  498 21:09:47    -2397.794737        0.111610
MDMin:  499 21:09:49    -2397.794759        0.111645
MDMin:  500 21:09:51    -2397.794781        0.111677
MDMin:  501 21:09:54    -2397.794804        0.111706
MDMin:  502 21:09:56    -2397.794827        0.111731
MDMin:  503 21:09:58    -2397.794850        0.111753
MDMin:  504 21:10:00    -2397.794873        0.111770
MDMin:  505 21:10:02    -2397.794897        0.111783
MDMin:  506 21:10:04    -2397.794921        0.111791
MDMin:  507 21:10:06    -2397.794945        0.111795
MDMin:  508 21:10:07    -2397.794969        0.111793
MDMin:  509 21:10:09    -2397.794994        0.111786
MDMin:  510 21:10:11    -2397.795019        0.111773
MDMin:  511 21:10:13    -2397.795044        0.111754
MDMin:  512 21:10:15    -2397.795070        0.111728
MDMin:  513 21:10:17    -2397.795096        0.111697
MDMin:  514 21:10:19    -2397.795122        0.111658
MDMin:  515 21:10:21    -2397.795148        0.111612
MDMin:  516 21:10:23    -2397.795175        0.111559
MDMin:  517 21:10:25    -2397.795202        0.111498
MDMin:  518 21:10:27    -2397.795229        0.111429
MDMin:  519 21:10:29    -2397.795256        0.111352
MDMin:  520 21:10:32    -2397.795284        0.111266
MDMin:  521 21:10:34    -2397.795311        0.111171
MDMin:  522 21:10:36    -2397.795339        0.111067
MDMin:  523 21:10:38    -2397.795368        0.110953
MDMin:  524 21:10:39    -2397.795396        0.110830
MDMin:  525 21:10:41    -2397.795425        0.110696
MDMin:  526 21:10:43    -2397.795454        0.110552
MDMin:  527 21:10:45    -2397.795484        0.110397
MDMin:  528 21:10:47    -2397.795513        0.110231
MDMin:  529 21:10:49    -2397.795543        0.110053
MDMin:  530 21:10:51    -2397.795573        0.109864
MDMin:  531 21:10:53    -2397.795603        0.109664
MDMin:  532 21:10:55    -2397.795634        0.109450
MDMin:  533 21:10:57    -2397.795665        0.109225
MDMin:  534 21:10:59    -2397.795696        0.108984
MDMin:  535 21:11:01    -2397.795727        0.108735
MDMin:  536 21:11:03    -2397.795759        0.108465
MDMin:  537 21:11:05    -2397.795790        0.108193
MDMin:  538 21:11:06    -2397.795822        0.107889
MDMin:  539 21:11:07    -2397.795855        0.107599
MDMin:  540 21:11:08    -2397.795887        0.107247
MDMin:  541 21:11:09    -2397.795920        0.106961
MDMin:  542 21:11:10    -2397.795953        0.106519
MDMin:  543 21:11:12    -2397.795986        0.106309
MDMin:  544 21:11:13    -2397.796020        0.105648
MDMin:  545 21:11:14    -2397.796053        0.105749
MDMin:  546 21:11:16    -2397.796087        0.105194
MDMin:  547 21:11:18    -2397.796118        0.105578
MDMin:  548 21:11:20    -2397.796145        0.110099
MDMin:  549 21:11:21    -2397.796161        0.104492
MDMin:  550 21:11:23    -2397.796175        0.104770
MDMin:  551 21:11:24    -2397.796188        0.104485
MDMin:  552 21:11:26    -2397.796202        0.104656
MDMin:  553 21:11:28    -2397.796216        0.104730
MDMin:  554 21:11:29    -2397.796231        0.104830
MDMin:  555 21:11:32    -2397.796245        0.104924
MDMin:  556 21:11:34    -2397.796260        0.105022
MDMin:  557 21:11:36    -2397.796276        0.105120
MDMin:  558 21:11:37    -2397.796291        0.105220
MDMin:  559 21:11:38    -2397.796307        0.105320
MDMin:  560 21:11:39    -2397.796323        0.105422
MDMin:  561 21:11:41    -2397.796340        0.105524
MDMin:  562 21:11:42    -2397.796357        0.105628
MDMin:  563 21:11:43    -2397.796374        0.105732
MDMin:  564 21:11:45    -2397.796391        0.105837
MDMin:  565 21:11:46    -2397.796409        0.105943
MDMin:  566 21:11:48    -2397.796427        0.106049
MDMin:  567 21:11:50    -2397.796445        0.106156
MDMin:  568 21:11:52    -2397.796464        0.106264
MDMin:  569 21:11:54    -2397.796483        0.106372
MDMin:  570 21:11:56    -2397.796502        0.106480
MDMin:  571 21:11:58    -2397.796522        0.106589
MDMin:  572 21:12:00    -2397.796542        0.106697
MDMin:  573 21:12:02    -2397.796562        0.106806
MDMin:  574 21:12:03    -2397.796582        0.106915
MDMin:  575 21:12:05    -2397.796603        0.107023
MDMin:  576 21:12:07    -2397.796624        0.107132
MDMin:  577 21:12:09    -2397.796646        0.107240
MDMin:  578 21:12:11    -2397.796667        0.107347
MDMin:  579 21:12:13    -2397.796689        0.107454
MDMin:  580 21:12:15    -2397.796712        0.107560
MDMin:  581 21:12:17    -2397.796734        0.107665
MDMin:  582 21:12:18    -2397.796757        0.107768
MDMin:  583 21:12:20    -2397.796781        0.107869
MDMin:  584 21:12:22    -2397.796804        0.107968
MDMin:  585 21:12:24    -2397.796828        0.108065
MDMin:  586 21:12:26    -2397.796853        0.108160
MDMin:  587 21:12:27    -2397.796877        0.108251
MDMin:  588 21:12:29    -2397.796902        0.108340
MDMin:  589 21:12:31    -2397.796927        0.108425
MDMin:  590 21:12:32    -2397.796953        0.108507
MDMin:  591 21:12:34    -2397.796979        0.108585
MDMin:  592 21:12:36    -2397.797005        0.108659
MDMin:  593 21:12:38    -2397.797032        0.108729
MDMin:  594 21:12:40    -2397.797059        0.108793
MDMin:  595 21:12:42    -2397.797086        0.108853
MDMin:  596 21:12:44    -2397.797114        0.108907
MDMin:  597 21:12:47    -2397.797142        0.108955
MDMin:  598 21:12:49    -2397.797171        0.108998
MDMin:  599 21:12:51    -2397.797200        0.109031
MDMin:  600 21:12:53    -2397.797229        0.109062
MDMin:  601 21:12:54    -2397.797259        0.109079
MDMin:  602 21:12:55    -2397.797289        0.109099
MDMin:  603 21:12:57    -2397.797320        0.109091
MDMin:  604 21:12:59    -2397.797351        0.109108
MDMin:  605 21:13:01    -2397.797382        0.109056
MDMin:  606 21:13:03    -2397.797414        0.109102
MDMin:  607 21:13:04    -2397.797446        0.108941
MDMin:  608 21:13:06    -2397.797479        0.109139
MDMin:  609 21:13:09    -2397.797512        0.108626
MDMin:  610 21:13:11    -2397.797546        0.109474
MDMin:  611 21:13:13    -2397.797580        0.107662
MDMin:  612 21:13:14    -2397.797614        0.111381
MDMin:  613 21:13:16    -2397.797649        0.104894
MDMin:  614 21:13:18    -2397.797684        0.122681
MDMin:  615 21:13:20    -2397.797716        0.106846
MDMin:  616 21:13:22    -2397.797741        0.143541
MDMin:  617 21:13:24    -2397.797756        0.103648
MDMin:  618 21:13:26    -2397.797771        0.109913
MDMin:  619 21:13:28    -2397.797785        0.107713
MDMin:  620 21:13:30    -2397.797800        0.108138
MDMin:  621 21:13:31    -2397.797815        0.107919
MDMin:  622 21:13:33    -2397.797831        0.107883
MDMin:  623 21:13:35    -2397.797847        0.107785
MDMin:  624 21:13:37    -2397.797864        0.107703
MDMin:  625 21:13:38    -2397.797880        0.107609
MDMin:  626 21:13:41    -2397.797898        0.107514
MDMin:  627 21:13:42    -2397.797915        0.107414
MDMin:  628 21:13:43    -2397.797933        0.107310
MDMin:  629 21:13:45    -2397.797951        0.107200
MDMin:  630 21:13:47    -2397.797970        0.107087
MDMin:  631 21:13:49    -2397.797989        0.106968
MDMin:  632 21:13:51    -2397.798009        0.106843
MDMin:  633 21:13:53    -2397.798029        0.106714
MDMin:  634 21:13:54    -2397.798049        0.106579
MDMin:  635 21:13:56    -2397.798070        0.106438
MDMin:  636 21:13:57    -2397.798091        0.106291
MDMin:  637 21:13:59    -2397.798113        0.106138
MDMin:  638 21:14:00    -2397.798135        0.105979
MDMin:  639 21:14:02    -2397.798158        0.105813
MDMin:  640 21:14:03    -2397.798181        0.105641
MDMin:  641 21:14:04    -2397.798204        0.105463
MDMin:  642 21:14:06    -2397.798229        0.105277
MDMin:  643 21:14:08    -2397.798253        0.105084
MDMin:  644 21:14:10    -2397.798278        0.104885
MDMin:  645 21:14:12    -2397.798304        0.104678
MDMin:  646 21:14:13    -2397.798330        0.104464
MDMin:  647 21:14:15    -2397.798356        0.104242
MDMin:  648 21:14:17    -2397.798383        0.104013
MDMin:  649 21:14:19    -2397.798411        0.103776
MDMin:  650 21:14:21    -2397.798439        0.103531
MDMin:  651 21:14:22    -2397.798468        0.103278
MDMin:  652 21:14:24    -2397.798497        0.103018
MDMin:  653 21:14:26    -2397.798527        0.102749
MDMin:  654 21:14:28    -2397.798558        0.102472
MDMin:  655 21:14:30    -2397.798589        0.102187
MDMin:  656 21:14:31    -2397.798621        0.101894
MDMin:  657 21:14:33    -2397.798653        0.101593
MDMin:  658 21:14:35    -2397.798686        0.101284
MDMin:  659 21:14:37    -2397.798720        0.100966
MDMin:  660 21:14:39    -2397.798754        0.100641
MDMin:  661 21:14:40    -2397.798790        0.100307
MDMin:  662 21:14:42    -2397.798826        0.099965
MDMin:  663 21:14:43    -2397.798862        0.099615
MDMin:  664 21:14:45    -2397.798900        0.099257
MDMin:  665 21:14:47    -2397.798938        0.098891
MDMin:  666 21:14:49    -2397.798977        0.098520
MDMin:  667 21:14:51    -2397.799017        0.098143
MDMin:  668 21:14:53    -2397.799058        0.097764
MDMin:  669 21:14:55    -2397.799100        0.097374
MDMin:  670 21:14:57    -2397.799142        0.096990
MDMin:  671 21:14:58    -2397.799186        0.096582
MDMin:  672 21:15:00    -2397.799231        0.096206
MDMin:  673 21:15:02    -2397.799276        0.095760
MDMin:  674 21:15:04    -2397.799323        0.095436
MDMin:  675 21:15:05    -2397.799370        0.094864
MDMin:  676 21:15:07    -2397.799419        0.094773
MDMin:  677 21:15:08    -2397.799469        0.093717
MDMin:  678 21:15:09    -2397.799520        0.094626
MDMin:  679 21:15:11    -2397.799569        0.091716
MDMin:  680 21:15:12    -2397.799614        0.120164
MDMin:  681 21:15:14    -2397.799644        0.090901
MDMin:  682 21:15:15    -2397.799666        0.093047
MDMin:  683 21:15:17    -2397.799687        0.092329
MDMin:  684 21:15:18    -2397.799708        0.092266
MDMin:  685 21:15:20    -2397.799730        0.092076
MDMin:  686 21:15:22    -2397.799753        0.091910
MDMin:  687 21:15:24    -2397.799776        0.091734
MDMin:  688 21:15:25    -2397.799800        0.091557
MDMin:  689 21:15:27    -2397.799825        0.091376
MDMin:  690 21:15:29    -2397.799850        0.091192
MDMin:  691 21:15:31    -2397.799876        0.091004
MDMin:  692 21:15:33    -2397.799902        0.090814
MDMin:  693 21:15:35    -2397.799930        0.090621
MDMin:  694 21:15:36    -2397.799958        0.090425
MDMin:  695 21:15:37    -2397.799987        0.090227
MDMin:  696 21:15:39    -2397.800016        0.090025
MDMin:  697 21:15:40    -2397.800047        0.089821
MDMin:  698 21:15:42    -2397.800078        0.089614
MDMin:  699 21:15:44    -2397.800110        0.089405
MDMin:  700 21:15:46    -2397.800143        0.089194
MDMin:  701 21:15:48    -2397.800176        0.088980
MDMin:  702 21:15:50    -2397.800211        0.088764
MDMin:  703 21:15:51    -2397.800246        0.088546
MDMin:  704 21:15:53    -2397.800282        0.088326
MDMin:  705 21:15:55    -2397.800319        0.088104
MDMin:  706 21:15:57    -2397.800358        0.087880
MDMin:  707 21:15:58    -2397.800397        0.087655
MDMin:  708 21:16:00    -2397.800437        0.087428
MDMin:  709 21:16:02    -2397.800478        0.087199
MDMin:  710 21:16:04    -2397.800520        0.086970
MDMin:  711 21:16:06    -2397.800563        0.086739
MDMin:  712 21:16:08    -2397.800607        0.086507
MDMin:  713 21:16:10    -2397.800652        0.086274
MDMin:  714 21:16:12    -2397.800698        0.086041
MDMin:  715 21:16:14    -2397.800746        0.085807
MDMin:  716 21:16:15    -2397.800794        0.085573
MDMin:  717 21:16:16    -2397.800844        0.085338
MDMin:  718 21:16:18    -2397.800895        0.085103
MDMin:  719 21:16:20    -2397.800947        0.084869
MDMin:  720 21:16:22    -2397.801001        0.084636
MDMin:  721 21:16:23    -2397.801056        0.084404
MDMin:  722 21:16:24    -2397.801112        0.084173
MDMin:  723 21:16:26    -2397.801170        0.083944
MDMin:  724 21:16:27    -2397.801229        0.083716
MDMin:  725 21:16:28    -2397.801289        0.083490
MDMin:  726 21:16:29    -2397.801351        0.083265
MDMin:  727 21:16:30    -2397.801415        0.083044
MDMin:  728 21:16:32    -2397.801480        0.082824
MDMin:  729 21:16:34    -2397.801547        0.082607
MDMin:  730 21:16:35    -2397.801615        0.082392
MDMin:  731 21:16:37    -2397.801685        0.082182
MDMin:  732 21:16:38    -2397.801757        0.081972
MDMin:  733 21:16:39    -2397.801831        0.081770
MDMin:  734 21:16:41    -2397.801906        0.081564
MDMin:  735 21:16:43    -2397.801983        0.081374
MDMin:  736 21:16:45    -2397.802063        0.081168
MDMin:  737 21:16:47    -2397.802144        0.080998
MDMin:  738 21:16:49    -2397.802227        0.080781
MDMin:  739 21:16:51    -2397.802312        0.080652
MDMin:  740 21:16:52    -2397.802399        0.080419
MDMin:  741 21:16:54    -2397.802488        0.080522
MDMin:  742 21:16:56    -2397.802580        0.080682
MDMin:  743 21:16:58    -2397.802674        0.080754
MDMin:  744 21:17:00    -2397.802769        0.081002
MDMin:  745 21:17:01    -2397.802868        0.080939
MDMin:  746 21:17:03    -2397.802968        0.081482
MDMin:  747 21:17:05    -2397.803071        0.082072
MDMin:  748 21:17:06    -2397.803176        0.082550
MDMin:  749 21:17:07    -2397.803283        0.088670
MDMin:  750 21:17:09    -2397.803390        0.086264
MDMin:  751 21:17:10    -2397.803494        0.110400
MDMin:  752 21:17:12    -2397.803584        0.101463
MDMin:  753 21:17:14    -2397.803652        0.104875
MDMin:  754 21:17:16    -2397.803710        0.086107
MDMin:  755 21:17:17    -2397.803767        0.081872
MDMin:  756 21:17:18    -2397.803824        0.083138
MDMin:  757 21:17:20    -2397.803883        0.082371
MDMin:  758 21:17:22    -2397.803944        0.082856
MDMin:  759 21:17:24    -2397.804006        0.082751
MDMin:  760 21:17:26    -2397.804069        0.082954
MDMin:  761 21:17:27    -2397.804134        0.082997
MDMin:  762 21:17:29    -2397.804201        0.083133
MDMin:  763 21:17:31    -2397.804269        0.083219
MDMin:  764 21:17:32    -2397.804339        0.083340
MDMin:  765 21:17:33    -2397.804410        0.083442
MDMin:  766 21:17:35    -2397.804484        0.083562
MDMin:  767 21:17:37    -2397.804558        0.083674
MDMin:  768 21:17:38    -2397.804635        0.083795
MDMin:  769 21:17:40    -2397.804713        0.083915
MDMin:  770 21:17:41    -2397.804793        0.084040
MDMin:  771 21:17:43    -2397.804875        0.084165
MDMin:  772 21:17:44    -2397.804959        0.084295
MDMin:  773 21:17:45    -2397.805044        0.084425
MDMin:  774 21:17:47    -2397.805131        0.084559
MDMin:  775 21:17:49    -2397.805220        0.084694
MDMin:  776 21:17:50    -2397.805311        0.084832
MDMin:  777 21:17:51    -2397.805403        0.084972
MDMin:  778 21:17:53    -2397.805497        0.085115
MDMin:  779 21:17:54    -2397.805594        0.085258
MDMin:  780 21:17:55    -2397.805692        0.085405
MDMin:  781 21:17:57    -2397.805791        0.085552
MDMin:  782 21:17:59    -2397.805893        0.085703
MDMin:  783 21:18:00    -2397.805996        0.085853
MDMin:  784 21:18:02    -2397.806101        0.086007
MDMin:  785 21:18:03    -2397.806208        0.086160
MDMin:  786 21:18:05    -2397.806317        0.086317
MDMin:  787 21:18:06    -2397.806428        0.086472
MDMin:  788 21:18:08    -2397.806540        0.086631
MDMin:  789 21:18:10    -2397.806654        0.086788
MDMin:  790 21:18:12    -2397.806769        0.086948
MDMin:  791 21:18:14    -2397.806886        0.087106
MDMin:  792 21:18:16    -2397.807005        0.087268
MDMin:  793 21:18:18    -2397.807125        0.087424
MDMin:  794 21:18:19    -2397.807247        0.087588
MDMin:  795 21:18:21    -2397.807370        0.087742
MDMin:  796 21:18:23    -2397.807494        0.087907
MDMin:  797 21:18:25    -2397.807620        0.088056
MDMin:  798 21:18:27    -2397.807747        0.088225
MDMin:  799 21:18:29    -2397.807875        0.088363
MDMin:  800 21:18:31    -2397.808004        0.088542
MDMin:  801 21:18:33    -2397.808134        0.088658
MDMin:  802 21:18:35    -2397.808264        0.088859
MDMin:  803 21:18:37    -2397.808396        0.088932
MDMin:  804 21:18:39    -2397.808528        0.089187
MDMin:  805 21:18:42    -2397.808660        0.089167
MDMin:  806 21:18:44    -2397.808793        0.089549
MDMin:  807 21:18:46    -2397.808926        0.089318
MDMin:  808 21:18:48    -2397.809060        0.090018
MDMin:  809 21:18:50    -2397.809193        0.090091
MDMin:  810 21:18:51    -2397.809326        0.090921
MDMin:  811 21:18:54    -2397.809459        0.091737
MDMin:  812 21:18:56    -2397.809591        0.092540
MDMin:  813 21:18:58    -2397.809722        0.093315
MDMin:  814 21:19:00    -2397.809852        0.097582
MDMin:  815 21:19:02    -2397.809979        0.094783
MDMin:  816 21:19:04    -2397.810100        0.112635
MDMin:  817 21:19:06    -2397.810212        0.096025
MDMin:  818 21:19:08    -2397.810307        0.124088
MDMin:  819 21:19:10    -2397.810387        0.096884
MDMin:  820 21:19:12    -2397.810458        0.100860
MDMin:  821 21:19:14    -2397.810528        0.097521
MDMin:  822 21:19:16    -2397.810596        0.097812
MDMin:  823 21:19:18    -2397.810665        0.098088
MDMin:  824 21:19:20    -2397.810734        0.098348
MDMin:  825 21:19:22    -2397.810803        0.098589
MDMin:  826 21:19:24    -2397.810873        0.098957
MDMin:  827 21:19:26    -2397.810942        0.099788
MDMin:  828 21:19:28    -2397.811011        0.100634
MDMin:  829 21:19:30    -2397.811081        0.101495
MDMin:  830 21:19:32    -2397.811150        0.102371
MDMin:  831 21:19:34    -2397.811219        0.103261
MDMin:  832 21:19:36    -2397.811287        0.104165
MDMin:  833 21:19:38    -2397.811356        0.105083
MDMin:  834 21:19:39    -2397.811424        0.106013
MDMin:  835 21:19:41    -2397.811491        0.106955
MDMin:  836 21:19:43    -2397.811558        0.107908
MDMin:  837 21:19:45    -2397.811625        0.108870
MDMin:  838 21:19:47    -2397.811690        0.109841
MDMin:  839 21:19:49    -2397.811755        0.110820
MDMin:  840 21:19:51    -2397.811819        0.111806
MDMin:  841 21:19:53    -2397.811883        0.112797
MDMin:  842 21:19:55    -2397.811945        0.113797
MDMin:  843 21:19:57    -2397.812007        0.114807
MDMin:  844 21:19:59    -2397.812067        0.115826
MDMin:  845 21:20:01    -2397.812127        0.116852
MDMin:  846 21:20:03    -2397.812185        0.117885
MDMin:  847 21:20:05    -2397.812243        0.118924
MDMin:  848 21:20:07    -2397.812299        0.119967
MDMin:  849 21:20:09    -2397.812354        0.121014
MDMin:  850 21:20:10    -2397.812408        0.122062
MDMin:  851 21:20:12    -2397.812460        0.123111
MDMin:  852 21:20:13    -2397.812511        0.124157
MDMin:  853 21:20:15    -2397.812561        0.125200
MDMin:  854 21:20:17    -2397.812610        0.126235
MDMin:  855 21:20:19    -2397.812657        0.127261
MDMin:  856 21:20:21    -2397.812703        0.128274
MDMin:  857 21:20:22    -2397.812748        0.129271
MDMin:  858 21:20:24    -2397.812791        0.130248
MDMin:  859 21:20:26    -2397.812833        0.131202
MDMin:  860 21:20:27    -2397.812874        0.132127
MDMin:  861 21:20:28    -2397.812914        0.133019
MDMin:  862 21:20:30    -2397.812952        0.133871
MDMin:  863 21:20:32    -2397.812989        0.134678
MDMin:  864 21:20:34    -2397.813024        0.135434
MDMin:  865 21:20:36    -2397.813059        0.136133
MDMin:  866 21:20:37    -2397.813092        0.136766
MDMin:  867 21:20:39    -2397.813124        0.137323
MDMin:  868 21:20:41    -2397.813154        0.137791
MDMin:  869 21:20:43    -2397.813183        0.138154
MDMin:  870 21:20:44    -2397.813208        0.138403
MDMin:  871 21:20:46    -2397.813229        0.138543
MDMin:  872 21:20:47    -2397.813246        0.138603
MDMin:  873 21:20:49    -2397.813262        0.138610
MDMin:  874 21:20:51    -2397.813276        0.138572
MDMin:  875 21:20:53    -2397.813291        0.138487
MDMin:  876 21:20:54    -2397.813305        0.138351
MDMin:  877 21:20:56    -2397.813319        0.138160
MDMin:  878 21:20:58    -2397.813334        0.137908
MDMin:  879 21:21:00    -2397.813348        0.137591
MDMin:  880 21:21:02    -2397.813362        0.137203
MDMin:  881 21:21:03    -2397.813376        0.136741
MDMin:  882 21:21:05    -2397.813390        0.136197
MDMin:  883 21:21:06    -2397.813404        0.135568
MDMin:  884 21:21:08    -2397.813417        0.134847
MDMin:  885 21:21:09    -2397.813431        0.134031
MDMin:  886 21:21:10    -2397.813445        0.133113
MDMin:  887 21:21:12    -2397.813458        0.132089
MDMin:  888 21:21:14    -2397.813472        0.130954
MDMin:  889 21:21:17    -2397.813485        0.130726
MDMin:  890 21:21:18    -2397.813499        0.131395
MDMin:  891 21:21:20    -2397.813512        0.132046
MDMin:  892 21:21:22    -2397.813525        0.132677
MDMin:  893 21:21:24    -2397.813539        0.133286
MDMin:  894 21:21:26    -2397.813552        0.133871
MDMin:  895 21:21:28    -2397.813565        0.134429
MDMin:  896 21:21:30    -2397.813579        0.134957
MDMin:  897 21:21:32    -2397.813592        0.135454
MDMin:  898 21:21:34    -2397.813606        0.135918
MDMin:  899 21:21:36    -2397.813619        0.136346
MDMin:  900 21:21:38    -2397.813633        0.136737
MDMin:  901 21:21:39    -2397.813646        0.137089
MDMin:  902 21:21:41    -2397.813660        0.137400
MDMin:  903 21:21:43    -2397.813674        0.137670
MDMin:  904 21:21:45    -2397.813688        0.137896
MDMin:  905 21:21:47    -2397.813702        0.138078
MDMin:  906 21:21:49    -2397.813716        0.138216
MDMin:  907 21:21:51    -2397.813730        0.138310
MDMin:  908 21:21:53    -2397.813744        0.138359
MDMin:  909 21:21:55    -2397.813759        0.138364
MDMin:  910 21:21:57    -2397.813774        0.138336
MDMin:  911 21:21:59    -2397.813788        0.138280
MDMin:  912 21:22:01    -2397.813803        0.138198
MDMin:  913 21:22:03    -2397.813816        0.138096
MDMin:  914 21:22:05    -2397.813828        0.137988
MDMin:  915 21:22:06    -2397.813837        0.137885
MDMin:  916 21:22:08    -2397.813846        0.137785
MDMin:  917 21:22:10    -2397.813854        0.137679
MDMin:  918 21:22:12    -2397.813862        0.137566
MDMin:  919 21:22:14    -2397.813870        0.137446
MDMin:  920 21:22:16    -2397.813879        0.137316
MDMin:  921 21:22:19    -2397.813888        0.137178
MDMin:  922 21:22:21    -2397.813897        0.137029
MDMin:  923 21:22:23    -2397.813906        0.136869
MDMin:  924 21:22:25    -2397.813915        0.136696
MDMin:  925 21:22:27    -2397.813924        0.136511
MDMin:  926 21:22:28    -2397.813934        0.136311
MDMin:  927 21:22:30    -2397.813944        0.136096
MDMin:  928 21:22:32    -2397.813954        0.135863
MDMin:  929 21:22:35    -2397.813964        0.135611
MDMin:  930 21:22:37    -2397.813975        0.135337
MDMin:  931 21:22:39    -2397.813985        0.135041
MDMin:  932 21:22:41    -2397.813996        0.134718
MDMin:  933 21:22:43    -2397.814007        0.134367
MDMin:  934 21:22:45    -2397.814018        0.133985
MDMin:  935 21:22:48    -2397.814030        0.133568
MDMin:  936 21:22:50    -2397.814041        0.133113
MDMin:  937 21:22:52    -2397.814053        0.132617
MDMin:  938 21:22:54    -2397.814065        0.132075
MDMin:  939 21:22:56    -2397.814077        0.131483
MDMin:  940 21:22:58    -2397.814090        0.130837
MDMin:  941 21:23:00    -2397.814102        0.130133
MDMin:  942 21:23:02    -2397.814115        0.129366
MDMin:  943 21:23:04    -2397.814128        0.128530
MDMin:  944 21:23:06    -2397.814141        0.127622
MDMin:  945 21:23:08    -2397.814155        0.127903
MDMin:  946 21:23:10    -2397.814168        0.128356
MDMin:  947 21:23:12    -2397.814182        0.128799
MDMin:  948 21:23:14    -2397.814196        0.129231
MDMin:  949 21:23:16    -2397.814210        0.129648
MDMin:  950 21:23:18    -2397.814225        0.130050
MDMin:  951 21:23:20    -2397.814239        0.130433
MDMin:  952 21:23:21    -2397.814254        0.130794
MDMin:  953 21:23:23    -2397.814269        0.131131
MDMin:  954 21:23:24    -2397.814284        0.131441
MDMin:  955 21:23:26    -2397.814300        0.131720
MDMin:  956 21:23:28    -2397.814315        0.131966
MDMin:  957 21:23:30    -2397.814331        0.132173
MDMin:  958 21:23:32    -2397.814346        0.132337
MDMin:  959 21:23:34    -2397.814360        0.132450
MDMin:  960 21:23:36    -2397.814371        0.132515
MDMin:  961 21:23:38    -2397.814379        0.132546
MDMin:  962 21:23:39    -2397.814387        0.132561
MDMin:  963 21:23:41    -2397.814396        0.132563
MDMin:  964 21:23:42    -2397.814404        0.132555
MDMin:  965 21:23:43    -2397.814412        0.132534
MDMin:  966 21:23:44    -2397.814421        0.132501
MDMin:  967 21:23:46    -2397.814430        0.132454
MDMin:  968 21:23:47    -2397.814438        0.132393
MDMin:  969 21:23:48    -2397.814448        0.132317
MDMin:  970 21:23:49    -2397.814457        0.132225
MDMin:  971 21:23:51    -2397.814466        0.132117
MDMin:  972 21:23:52    -2397.814476        0.131991
MDMin:  973 21:23:53    -2397.814486        0.131847
MDMin:  974 21:23:55    -2397.814496        0.131684
MDMin:  975 21:23:56    -2397.814506        0.131502
MDMin:  976 21:23:58    -2397.814516        0.131299
MDMin:  977 21:24:00    -2397.814527        0.131074
MDMin:  978 21:24:02    -2397.814537        0.130828
MDMin:  979 21:24:04    -2397.814548        0.130558
MDMin:  980 21:24:06    -2397.814559        0.130265
MDMin:  981 21:24:08    -2397.814570        0.129948
MDMin:  982 21:24:10    -2397.814582        0.129605
MDMin:  983 21:24:12    -2397.814593        0.129239
MDMin:  984 21:24:14    -2397.814605        0.128853
MDMin:  985 21:24:16    -2397.814616        0.128446
MDMin:  986 21:24:18    -2397.814628        0.128018
MDMin:  987 21:24:20    -2397.814641        0.127567
MDMin:  988 21:24:22    -2397.814653        0.127093
MDMin:  989 21:24:23    -2397.814665        0.126595
MDMin:  990 21:24:25    -2397.814678        0.126071
MDMin:  991 21:24:27    -2397.814691        0.125520
MDMin:  992 21:24:29    -2397.814704        0.124941
MDMin:  993 21:24:30    -2397.814717        0.124331
MDMin:  994 21:24:33    -2397.814730        0.123690
MDMin:  995 21:24:35    -2397.814743        0.123013
MDMin:  996 21:24:37    -2397.814757        0.122301
MDMin:  997 21:24:39    -2397.814770        0.121549
MDMin:  998 21:24:41    -2397.814784        0.120756
MDMin:  999 21:24:43    -2397.814798        0.119919
MDMin:  1000 21:24:45    -2397.814812        0.119036
MDMin:  1001 21:24:47    -2397.814826        0.118103
MDMin:  1002 21:24:49    -2397.814840        0.117123
MDMin:  1003 21:24:51    -2397.814855        0.117143
MDMin:  1004 21:24:53    -2397.814868        0.117181
MDMin:  1005 21:24:55    -2397.814881        0.117209
MDMin:  1006 21:24:57    -2397.814891        0.117223
MDMin:  1007 21:24:59    -2397.814899        0.117230
MDMin:  1008 21:25:01    -2397.814906        0.117233
MDMin:  1009 21:25:03    -2397.814913        0.117233
MDMin:  1010 21:25:04    -2397.814920        0.117230
MDMin:  1011 21:25:05    -2397.814927        0.117224
MDMin:  1012 21:25:06    -2397.814934        0.117213
MDMin:  1013 21:25:08    -2397.814942        0.117198
MDMin:  1014 21:25:09    -2397.814949        0.117179
MDMin:  1015 21:25:11    -2397.814957        0.117156
MDMin:  1016 21:25:13    -2397.814965        0.117127
MDMin:  1017 21:25:15    -2397.814973        0.117092
MDMin:  1018 21:25:17    -2397.814981        0.117052
MDMin:  1019 21:25:18    -2397.814989        0.117006
MDMin:  1020 21:25:20    -2397.814998        0.116953
MDMin:  1021 21:25:23    -2397.815006        0.116892
MDMin:  1022 21:25:25    -2397.815015        0.116824
MDMin:  1023 21:25:27    -2397.815024        0.116747
MDMin:  1024 21:25:29    -2397.815033        0.116662
MDMin:  1025 21:25:31    -2397.815042        0.116567
MDMin:  1026 21:25:33    -2397.815051        0.116462
MDMin:  1027 21:25:35    -2397.815060        0.116346
MDMin:  1028 21:25:37    -2397.815069        0.116219
MDMin:  1029 21:25:39    -2397.815079        0.116079
MDMin:  1030 21:25:40    -2397.815088        0.115927
MDMin:  1031 21:25:41    -2397.815098        0.115761
MDMin:  1032 21:25:43    -2397.815108        0.115580
MDMin:  1033 21:25:45    -2397.815118        0.115385
MDMin:  1034 21:25:46    -2397.815128        0.115173
MDMin:  1035 21:25:48    -2397.815138        0.114945
MDMin:  1036 21:25:50    -2397.815149        0.114699
MDMin:  1037 21:25:51    -2397.815159        0.114436
MDMin:  1038 21:25:53    -2397.815170        0.114153
MDMin:  1039 21:25:54    -2397.815180        0.113851
MDMin:  1040 21:25:55    -2397.815191        0.113528
MDMin:  1041 21:25:57    -2397.815202        0.113185
MDMin:  1042 21:25:59    -2397.815213        0.112820
MDMin:  1043 21:26:01    -2397.815224        0.112433
MDMin:  1044 21:26:03    -2397.815235        0.112024
MDMin:  1045 21:26:05    -2397.815246        0.111591
MDMin:  1046 21:26:07    -2397.815257        0.111135
MDMin:  1047 21:26:09    -2397.815269        0.110655
MDMin:  1048 21:26:11    -2397.815280        0.110151
MDMin:  1049 21:26:13    -2397.815292        0.109622
MDMin:  1050 21:26:15    -2397.815303        0.109069
MDMin:  1051 21:26:17    -2397.815315        0.108491
MDMin:  1052 21:26:19    -2397.815327        0.107889
MDMin:  1053 21:26:21    -2397.815339        0.107263
MDMin:  1054 21:26:23    -2397.815350        0.106617
MDMin:  1055 21:26:25    -2397.815362        0.105956
MDMin:  1056 21:26:27    -2397.815373        0.105308
MDMin:  1057 21:26:29    -2397.815383        0.105242
MDMin:  1058 21:26:31    -2397.815391        0.104270
MDMin:  1059 21:26:32    -2397.815397        0.103894
MDMin:  1060 21:26:33    -2397.815402        0.103534
MDMin:  1061 21:26:34    -2397.815408        0.103167
MDMin:  1062 21:26:35    -2397.815414        0.102792
MDMin:  1063 21:26:37    -2397.815420        0.102407
MDMin:  1064 21:26:38    -2397.815426        0.102740
MDMin:  1065 21:26:40    -2397.815432        0.103129
MDMin:  1066 21:26:41    -2397.815438        0.103527
MDMin:  1067 21:26:43    -2397.815444        0.103935
MDMin:  1068 21:26:45    -2397.815451        0.104352
MDMin:  1069 21:26:47    -2397.815457        0.104780
MDMin:  1070 21:26:49    -2397.815464        0.105218
MDMin:  1071 21:26:50    -2397.815470        0.105667
MDMin:  1072 21:26:51    -2397.815477        0.106126
MDMin:  1073 21:26:53    -2397.815484        0.106596
MDMin:  1074 21:26:54    -2397.815491        0.107076
MDMin:  1075 21:26:55    -2397.815498        0.107567
MDMin:  1076 21:26:57    -2397.815505        0.108070
MDMin:  1077 21:26:59    -2397.815512        0.108584
MDMin:  1078 21:27:01    -2397.815519        0.109109
MDMin:  1079 21:27:03    -2397.815527        0.109645
MDMin:  1080 21:27:05    -2397.815534        0.110193
MDMin:  1081 21:27:07    -2397.815541        0.110752
MDMin:  1082 21:27:09    -2397.815549        0.111323
MDMin:  1083 21:27:10    -2397.815557        0.111906
MDMin:  1084 21:27:12    -2397.815564        0.112501
MDMin:  1085 21:27:13    -2397.815572        0.113107
MDMin:  1086 21:27:15    -2397.815580        0.113725
MDMin:  1087 21:27:16    -2397.815587        0.114355
MDMin:  1088 21:27:17    -2397.815595        0.114996
MDMin:  1089 21:27:19    -2397.815603        0.115649
MDMin:  1090 21:27:21    -2397.815611        0.116313
MDMin:  1091 21:27:22    -2397.815619        0.116988
MDMin:  1092 21:27:23    -2397.815627        0.117675
MDMin:  1093 21:27:25    -2397.815635        0.118372
MDMin:  1094 21:27:26    -2397.815643        0.119080
MDMin:  1095 21:27:28    -2397.815652        0.119798
MDMin:  1096 21:27:29    -2397.815660        0.120526
MDMin:  1097 21:27:31    -2397.815668        0.121263
MDMin:  1098 21:27:33    -2397.815676        0.122009
MDMin:  1099 21:27:35    -2397.815685        0.122763
MDMin:  1100 21:27:37    -2397.815693        0.123526
MDMin:  1101 21:27:39    -2397.815701        0.124296
MDMin:  1102 21:27:40    -2397.815710        0.125072
MDMin:  1103 21:27:42    -2397.815718        0.125854
MDMin:  1104 21:27:44    -2397.815726        0.126642
MDMin:  1105 21:27:46    -2397.815735        0.127433
MDMin:  1106 21:27:48    -2397.815743        0.128228
MDMin:  1107 21:27:49    -2397.815752        0.129025
MDMin:  1108 21:27:51    -2397.815760        0.129824
MDMin:  1109 21:27:52    -2397.815769        0.130623
MDMin:  1110 21:27:53    -2397.815777        0.131420
MDMin:  1111 21:27:55    -2397.815786        0.132216
MDMin:  1112 21:27:56    -2397.815795        0.133008
MDMin:  1113 21:27:58    -2397.815803        0.133796
MDMin:  1114 21:28:00    -2397.815812        0.134577
MDMin:  1115 21:28:01    -2397.815820        0.135350
MDMin:  1116 21:28:03    -2397.815829        0.136114
MDMin:  1117 21:28:04    -2397.815837        0.136866
MDMin:  1118 21:28:06    -2397.815846        0.137601
MDMin:  1119 21:28:08    -2397.815854        0.138314
MDMin:  1120 21:28:09    -2397.815863        0.138988
MDMin:  1121 21:28:11    -2397.815870        0.139599
MDMin:  1122 21:28:13    -2397.815877        0.140106
MDMin:  1123 21:28:15    -2397.815882        0.140518
MDMin:  1124 21:28:16    -2397.815887        0.140874
MDMin:  1125 21:28:18    -2397.815892        0.141213
MDMin:  1126 21:28:20    -2397.815897        0.141546
MDMin:  1127 21:28:21    -2397.815902        0.141876
MDMin:  1128 21:28:23    -2397.815907        0.142202
MDMin:  1129 21:28:25    -2397.815911        0.142525
MDMin:  1130 21:28:27    -2397.815916        0.142844
MDMin:  1131 21:28:28    -2397.815922        0.143158
MDMin:  1132 21:28:30    -2397.815927        0.143466
MDMin:  1133 21:28:32    -2397.815932        0.143767
MDMin:  1134 21:28:34    -2397.815937        0.144060
MDMin:  1135 21:28:36    -2397.815942        0.144346
MDMin:  1136 21:28:38    -2397.815948        0.144622
MDMin:  1137 21:28:39    -2397.815953        0.144887
MDMin:  1138 21:28:41    -2397.815959        0.145142
MDMin:  1139 21:28:43    -2397.815964        0.145384
MDMin:  1140 21:28:45    -2397.815970        0.145614
MDMin:  1141 21:28:47    -2397.815975        0.145829
MDMin:  1142 21:28:48    -2397.815981        0.146030
MDMin:  1143 21:28:50    -2397.815987        0.146215
MDMin:  1144 21:28:51    -2397.815993        0.146383
MDMin:  1145 21:28:52    -2397.815999        0.146534
MDMin:  1146 21:28:54    -2397.816005        0.146665
MDMin:  1147 21:28:56    -2397.816011        0.146777
MDMin:  1148 21:28:57    -2397.816017        0.146869
MDMin:  1149 21:28:58    -2397.816023        0.146938
MDMin:  1150 21:29:00    -2397.816029        0.146986
MDMin:  1151 21:29:01    -2397.816035        0.147010
MDMin:  1152 21:29:02    -2397.816041        0.147009
MDMin:  1153 21:29:04    -2397.816048        0.146984
MDMin:  1154 21:29:06    -2397.816054        0.146933
MDMin:  1155 21:29:07    -2397.816060        0.146854
MDMin:  1156 21:29:09    -2397.816067        0.146748
MDMin:  1157 21:29:11    -2397.816073        0.146614
MDMin:  1158 21:29:13    -2397.816080        0.146451
MDMin:  1159 21:29:15    -2397.816086        0.146258
MDMin:  1160 21:29:17    -2397.816093        0.146035
MDMin:  1161 21:29:19    -2397.816100        0.145781
MDMin:  1162 21:29:20    -2397.816106        0.145496
MDMin:  1163 21:29:22    -2397.816113        0.145179
MDMin:  1164 21:29:24    -2397.816120        0.144830
MDMin:  1165 21:29:25    -2397.816127        0.144448
MDMin:  1166 21:29:27    -2397.816134        0.144034
MDMin:  1167 21:29:29    -2397.816141        0.143587
MDMin:  1168 21:29:31    -2397.816148        0.143110
MDMin:  1169 21:29:33    -2397.816155        0.142606
MDMin:  1170 21:29:35    -2397.816162        0.142092
MDMin:  1171 21:29:37    -2397.816168        0.141820
MDMin:  1172 21:29:39    -2397.816173        0.141171
MDMin:  1173 21:29:41    -2397.816177        0.140808
MDMin:  1174 21:29:43    -2397.816180        0.140466
MDMin:  1175 21:29:45    -2397.816184        0.140118
MDMin:  1176 21:29:47    -2397.816188        0.139761
MDMin:  1177 21:29:50    -2397.816192        0.139391
MDMin:  1178 21:29:52    -2397.816196        0.139008
MDMin:  1179 21:29:54    -2397.816199        0.138613
MDMin:  1180 21:29:56    -2397.816203        0.138204
MDMin:  1181 21:29:58    -2397.816208        0.137782
MDMin:  1182 21:30:00    -2397.816212        0.137346
MDMin:  1183 21:30:02    -2397.816216        0.136895
MDMin:  1184 21:30:04    -2397.816220        0.136431
MDMin:  1185 21:30:06    -2397.816224        0.135951
MDMin:  1186 21:30:08    -2397.816229        0.135456
MDMin:  1187 21:30:10    -2397.816233        0.134946
MDMin:  1188 21:30:12    -2397.816238        0.134421
MDMin:  1189 21:30:14    -2397.816242        0.133879
MDMin:  1190 21:30:16    -2397.816247        0.133321
MDMin:  1191 21:30:18    -2397.816252        0.132747
MDMin:  1192 21:30:20    -2397.816257        0.132156
MDMin:  1193 21:30:22    -2397.816261        0.131548
MDMin:  1194 21:30:24    -2397.816266        0.130923
MDMin:  1195 21:30:26    -2397.816271        0.130279
MDMin:  1196 21:30:28    -2397.816276        0.129618
MDMin:  1197 21:30:30    -2397.816281        0.128938
MDMin:  1198 21:30:32    -2397.816287        0.128239
MDMin:  1199 21:30:34    -2397.816292        0.127521
MDMin:  1200 21:30:36    -2397.816297        0.126782
MDMin:  1201 21:30:38    -2397.816302        0.126023
MDMin:  1202 21:30:40    -2397.816308        0.125246
MDMin:  1203 21:30:42    -2397.816313        0.124452
MDMin:  1204 21:30:44    -2397.816319        0.123640
MDMin:  1205 21:30:46    -2397.816324        0.122810
MDMin:  1206 21:30:48    -2397.816330        0.121961
MDMin:  1207 21:30:49    -2397.816335        0.121092
MDMin:  1208 21:30:50    -2397.816341        0.120201
MDMin:  1209 21:30:51    -2397.816347        0.119286
MDMin:  1210 21:30:53    -2397.816353        0.118346
MDMin:  1211 21:30:55    -2397.816359        0.117380
MDMin:  1212 21:30:57    -2397.816364        0.116389
MDMin:  1213 21:30:59    -2397.816370        0.115376
MDMin:  1214 21:31:01    -2397.816376        0.114371
MDMin:  1215 21:31:03    -2397.816381        0.130033
MDMin:  1216 21:31:05    -2397.816385        0.113196
MDMin:  1217 21:31:07    -2397.816388        0.113179
MDMin:  1218 21:31:09    -2397.816391        0.113170
MDMin:  1219 21:31:12    -2397.816394        0.113168
MDMin:  1220 21:31:14    -2397.816397        0.113172
MDMin:  1221 21:31:16    -2397.816400        0.113183
MDMin:  1222 21:31:18    -2397.816403        0.113201
MDMin:  1223 21:31:20    -2397.816406        0.113226
MDMin:  1224 21:31:22    -2397.816410        0.113258
MDMin:  1225 21:31:24    -2397.816413        0.113298
MDMin:  1226 21:31:26    -2397.816416        0.113346
MDMin:  1227 21:31:28    -2397.816419        0.113403
MDMin:  1228 21:31:30    -2397.816423        0.113467
MDMin:  1229 21:31:31    -2397.816426        0.113540
MDMin:  1230 21:31:33    -2397.816430        0.113621
MDMin:  1231 21:31:35    -2397.816433        0.113710
MDMin:  1232 21:31:37    -2397.816437        0.113807
MDMin:  1233 21:31:39    -2397.816440        0.113913
MDMin:  1234 21:31:41    -2397.816444        0.114027
MDMin:  1235 21:31:43    -2397.816448        0.114149
MDMin:  1236 21:31:45    -2397.816451        0.114279
MDMin:  1237 21:31:47    -2397.816455        0.114416
MDMin:  1238 21:31:49    -2397.816459        0.114559
MDMin:  1239 21:31:51    -2397.816463        0.114710
MDMin:  1240 21:31:53    -2397.816467        0.114867
MDMin:  1241 21:31:54    -2397.816471        0.115029
MDMin:  1242 21:31:55    -2397.816475        0.115196
MDMin:  1243 21:31:56    -2397.816479        0.115367
MDMin:  1244 21:31:58    -2397.816483        0.115542
MDMin:  1245 21:31:59    -2397.816487        0.115719
MDMin:  1246 21:32:00    -2397.816492        0.115898
MDMin:  1247 21:32:01    -2397.816496        0.116078
MDMin:  1248 21:32:03    -2397.816500        0.116258
MDMin:  1249 21:32:05    -2397.816504        0.116436
MDMin:  1250 21:32:07    -2397.816509        0.116612
MDMin:  1251 21:32:09    -2397.816513        0.116784
MDMin:  1252 21:32:11    -2397.816518        0.116952
MDMin:  1253 21:32:13    -2397.816522        0.117114
MDMin:  1254 21:32:16    -2397.816527        0.117268
MDMin:  1255 21:32:18    -2397.816531        0.117414
MDMin:  1256 21:32:20    -2397.816536        0.117550
MDMin:  1257 21:32:22    -2397.816540        0.117674
MDMin:  1258 21:32:24    -2397.816545        0.117786
MDMin:  1259 21:32:26    -2397.816550        0.117885
MDMin:  1260 21:32:27    -2397.816554        0.117968
MDMin:  1261 21:32:29    -2397.816559        0.118034
MDMin:  1262 21:32:31    -2397.816564        0.118082
MDMin:  1263 21:32:34    -2397.816569        0.118108
MDMin:  1264 21:32:35    -2397.816573        0.118108
MDMin:  1265 21:32:37    -2397.816577        0.120010
MDMin:  1266 21:32:39    -2397.816579        0.118040
MDMin:  1267 21:32:41    -2397.816581        0.118001
MDMin:  1268 21:32:43    -2397.816583        0.117960
MDMin:  1269 21:32:45    -2397.816586        0.117916
MDMin:  1270 21:32:47    -2397.816588        0.117869
MDMin:  1271 21:32:49    -2397.816590        0.117819
MDMin:  1272 21:32:51    -2397.816593        0.117764
MDMin:  1273 21:32:53    -2397.816595        0.117705
MDMin:  1274 21:32:55    -2397.816597        0.117642
MDMin:  1275 21:32:57    -2397.816600        0.117574
MDMin:  1276 21:33:00    -2397.816602        0.117500
MDMin:  1277 21:33:02    -2397.816605        0.117421
MDMin:  1278 21:33:04    -2397.816608        0.117336
MDMin:  1279 21:33:06    -2397.816610        0.117245
MDMin:  1280 21:33:08    -2397.816613        0.117148
MDMin:  1281 21:33:10    -2397.816616        0.117044
MDMin:  1282 21:33:12    -2397.816618        0.116934
MDMin:  1283 21:33:14    -2397.816621        0.116816
MDMin:  1284 21:33:16    -2397.816624        0.116690
MDMin:  1285 21:33:18    -2397.816627        0.116558
MDMin:  1286 21:33:19    -2397.816630        0.116417
MDMin:  1287 21:33:21    -2397.816633        0.116269
MDMin:  1288 21:33:22    -2397.816636        0.116113
MDMin:  1289 21:33:23    -2397.816639        0.115949
MDMin:  1290 21:33:25    -2397.816642        0.115777
MDMin:  1291 21:33:27    -2397.816645        0.115597
MDMin:  1292 21:33:28    -2397.816649        0.115408
MDMin:  1293 21:33:30    -2397.816652        0.115212
MDMin:  1294 21:33:31    -2397.816655        0.115007
MDMin:  1295 21:33:32    -2397.816658        0.114795
MDMin:  1296 21:33:33    -2397.816662        0.114574
MDMin:  1297 21:33:35    -2397.816665        0.114346
MDMin:  1298 21:33:36    -2397.816669        0.114110
MDMin:  1299 21:33:37    -2397.816672        0.113867
MDMin:  1300 21:33:38    -2397.816675        0.113617
MDMin:  1301 21:33:39    -2397.816679        0.113359
MDMin:  1302 21:33:41    -2397.816683        0.113095
MDMin:  1303 21:33:42    -2397.816686        0.112825
MDMin:  1304 21:33:43    -2397.816690        0.112548
MDMin:  1305 21:33:44    -2397.816693        0.112265
MDMin:  1306 21:33:46    -2397.816697        0.111977
MDMin:  1307 21:33:48    -2397.816701        0.111684
MDMin:  1308 21:33:49    -2397.816705        0.111386
MDMin:  1309 21:33:51    -2397.816708        0.111085
MDMin:  1310 21:33:52    -2397.816712        0.110780
MDMin:  1311 21:33:53    -2397.816716        0.110471
MDMin:  1312 21:33:54    -2397.816720        0.110162
MDMin:  1313 21:33:55    -2397.816724        0.109852
MDMin:  1314 21:33:57    -2397.816727        0.109556
MDMin:  1315 21:33:58    -2397.816730        0.112216
MDMin:  1316 21:33:59    -2397.816732        0.109114
MDMin:  1317 21:34:00    -2397.816734        0.108967
MDMin:  1318 21:34:02    -2397.816736        0.108825
MDMin:  1319 21:34:04    -2397.816737        0.108681
MDMin:  1320 21:34:06    -2397.816739        0.108537
MDMin:  1321 21:34:08    -2397.816741        0.108391
MDMin:  1322 21:34:10    -2397.816742        0.108244
MDMin:  1323 21:34:11    -2397.816744        0.108097
MDMin:  1324 21:34:13    -2397.816746        0.107948
MDMin:  1325 21:34:15    -2397.816748        0.107798
MDMin:  1326 21:34:17    -2397.816749        0.107647
MDMin:  1327 21:34:19    -2397.816751        0.107495
MDMin:  1328 21:34:21    -2397.816753        0.107343
MDMin:  1329 21:34:22    -2397.816755        0.107189
MDMin:  1330 21:34:24    -2397.816757        0.107035
MDMin:  1331 21:34:25    -2397.816759        0.106880
MDMin:  1332 21:34:26    -2397.816761        0.106725
MDMin:  1333 21:34:27    -2397.816763        0.106569
MDMin:  1334 21:34:29    -2397.816765        0.106412
MDMin:  1335 21:34:31    -2397.816767        0.106256
MDMin:  1336 21:34:33    -2397.816770        0.106099
MDMin:  1337 21:34:35    -2397.816772        0.105942
MDMin:  1338 21:34:37    -2397.816774        0.105785
MDMin:  1339 21:34:39    -2397.816776        0.105628
MDMin:  1340 21:34:41    -2397.816779        0.105472
MDMin:  1341 21:34:43    -2397.816781        0.105317
MDMin:  1342 21:34:45    -2397.816783        0.105162
MDMin:  1343 21:34:47    -2397.816786        0.105008
MDMin:  1344 21:34:49    -2397.816788        0.104855
MDMin:  1345 21:34:51    -2397.816790        0.104704
MDMin:  1346 21:34:53    -2397.816793        0.104555
MDMin:  1347 21:34:54    -2397.816795        0.104407
MDMin:  1348 21:34:55    -2397.816798        0.104262
MDMin:  1349 21:34:57    -2397.816800        0.104119
MDMin:  1350 21:34:58    -2397.816803        0.103978
MDMin:  1351 21:34:59    -2397.816805        0.103841
MDMin:  1352 21:35:00    -2397.816808        0.103707
MDMin:  1353 21:35:02    -2397.816810        0.103577
MDMin:  1354 21:35:03    -2397.816813        0.103451
MDMin:  1355 21:35:04    -2397.816816        0.103330
MDMin:  1356 21:35:05    -2397.816818        0.103213
MDMin:  1357 21:35:07    -2397.816821        0.103102
MDMin:  1358 21:35:08    -2397.816824        0.102996
MDMin:  1359 21:35:09    -2397.816826        0.102896
MDMin:  1360 21:35:10    -2397.816829        0.102803
MDMin:  1361 21:35:12    -2397.816832        0.102717
MDMin:  1362 21:35:15    -2397.816835        0.102639
MDMin:  1363 21:35:17    -2397.816837        0.102568
MDMin:  1364 21:35:19    -2397.816840        0.102505
MDMin:  1365 21:35:21    -2397.816843        0.102452
MDMin:  1366 21:35:22    -2397.816846        0.102408
MDMin:  1367 21:35:24    -2397.816849        0.102374
MDMin:  1368 21:35:26    -2397.816851        0.102350
MDMin:  1369 21:35:27    -2397.816854        0.102336
MDMin:  1370 21:35:29    -2397.816857        0.102335
MDMin:  1371 21:35:31    -2397.816860        0.102344
MDMin:  1372 21:35:33    -2397.816863        0.102366
MDMin:  1373 21:35:35    -2397.816866        0.102395
MDMin:  1374 21:35:38    -2397.816868        0.102427
MDMin:  1375 21:35:39    -2397.816870        0.102442
MDMin:  1376 21:35:42    -2397.816871        0.102450
MDMin:  1377 21:35:44    -2397.816872        0.102457
MDMin:  1378 21:35:45    -2397.816873        0.102467
MDMin:  1379 21:35:47    -2397.816874        0.102481
MDMin:  1380 21:35:49    -2397.816876        0.102499
MDMin:  1381 21:35:52    -2397.816877        0.102521
MDMin:  1382 21:35:53    -2397.816878        0.102547
MDMin:  1383 21:35:55    -2397.816879        0.102577
MDMin:  1384 21:35:57    -2397.816880        0.102612
MDMin:  1385 21:35:59    -2397.816882        0.102651
MDMin:  1386 21:36:01    -2397.816883        0.102694
MDMin:  1387 21:36:02    -2397.816884        0.102742
MDMin:  1388 21:36:04    -2397.816886        0.102794
MDMin:  1389 21:36:05    -2397.816887        0.102851
MDMin:  1390 21:36:07    -2397.816888        0.102912
MDMin:  1391 21:36:09    -2397.816890        0.102978
MDMin:  1392 21:36:10    -2397.816891        0.103048
MDMin:  1393 21:36:12    -2397.816893        0.103123
MDMin:  1394 21:36:14    -2397.816894        0.103202
MDMin:  1395 21:36:15    -2397.816896        0.103286
MDMin:  1396 21:36:16    -2397.816897        0.103374
MDMin:  1397 21:36:19    -2397.816899        0.103467
MDMin:  1398 21:36:20    -2397.816900        0.103564
MDMin:  1399 21:36:22    -2397.816902        0.103665
MDMin:  1400 21:36:24    -2397.816903        0.103771
MDMin:  1401 21:36:25    -2397.816905        0.103883
MDMin:  1402 21:36:26    -2397.816906        0.104001
MDMin:  1403 21:36:28    -2397.816908        0.104124
MDMin:  1404 21:36:30    -2397.816910        0.104253
MDMin:  1405 21:36:32    -2397.816911        0.104388
MDMin:  1406 21:36:33    -2397.816913        0.104528
MDMin:  1407 21:36:35    -2397.816914        0.104672
MDMin:  1408 21:36:37    -2397.816916        0.104821
MDMin:  1409 21:36:39    -2397.816918        0.104974
MDMin:  1410 21:36:41    -2397.816919        0.105130
MDMin:  1411 21:36:43    -2397.816921        0.105288
MDMin:  1412 21:36:45    -2397.816923        0.105448
MDMin:  1413 21:36:47    -2397.816924        0.105609
MDMin:  1414 21:36:48    -2397.816926        0.105769
MDMin:  1415 21:36:50    -2397.816928        0.105928
MDMin:  1416 21:36:51    -2397.816929        0.106085
MDMin:  1417 21:36:52    -2397.816931        0.106237
MDMin:  1418 21:36:54    -2397.816933        0.106385
MDMin:  1419 21:36:55    -2397.816934        0.106525
MDMin:  1420 21:36:57    -2397.816936        0.106657
MDMin:  1421 21:36:59    -2397.816938        0.106779
MDMin:  1422 21:37:01    -2397.816939        0.106890
MDMin:  1423 21:37:03    -2397.816941        0.106986
MDMin:  1424 21:37:04    -2397.816943        0.107068
MDMin:  1425 21:37:06    -2397.816944        0.107131
MDMin:  1426 21:37:08    -2397.816946        0.107175
MDMin:  1427 21:37:09    -2397.816948        0.107198
MDMin:  1428 21:37:11    -2397.816950        0.107197
MDMin:  1429 21:37:13    -2397.816951        0.107170
MDMin:  1430 21:37:15    -2397.816953        0.107115
MDMin:  1431 21:37:17    -2397.816955        0.107029
MDMin:  1432 21:37:19    -2397.816956        0.106912
MDMin:  1433 21:37:21    -2397.816958        0.106760
MDMin:  1434 21:37:23    -2397.816960        0.106571
MDMin:  1435 21:37:24    -2397.816961        0.106344
MDMin:  1436 21:37:26    -2397.816963        0.106075
MDMin:  1437 21:37:27    -2397.816965        0.105762
MDMin:  1438 21:37:28    -2397.816966        0.105405
MDMin:  1439 21:37:29    -2397.816968        0.104999
MDMin:  1440 21:37:30    -2397.816970        0.104542
MDMin:  1441 21:37:33    -2397.816971        0.104032
MDMin:  1442 21:37:34    -2397.816973        0.103467
MDMin:  1443 21:37:36    -2397.816974        0.102843
MDMin:  1444 21:37:38    -2397.816976        0.102158
MDMin:  1445 21:37:39    -2397.816978        0.101407
MDMin:  1446 21:37:41    -2397.816979        0.100589
MDMin:  1447 21:37:42    -2397.816981        0.099698
MDMin:  1448 21:37:44    -2397.816983        0.098732
MDMin:  1449 21:37:46    -2397.816984        0.097685
MDMin:  1450 21:37:48    -2397.816986        0.096555
MDMin:  1451 21:37:50    -2397.816988        0.095336
MDMin:  1452 21:37:52    -2397.816989        0.094024
MDMin:  1453 21:37:53    -2397.816991        0.092615
MDMin:  1454 21:37:54    -2397.816993        0.091106
MDMin:  1455 21:37:56    -2397.816994        0.089511
MDMin:  1456 21:37:58    -2397.816996        0.088216
MDMin:  1457 21:37:59    -2397.816997        0.086773
MDMin:  1458 21:38:01    -2397.816999        0.098792
MDMin:  1459 21:38:02    -2397.817000        0.103010
MDMin:  1460 21:38:03    -2397.817001        0.082941
MDMin:  1461 21:38:05    -2397.817002        0.081988
MDMin:  1462 21:38:06    -2397.817003        0.081016
MDMin:  1463 21:38:08    -2397.817003        0.079999
MDMin:  1464 21:38:11    -2397.817004        0.078996
MDMin:  1465 21:38:13    -2397.817005        0.078808
MDMin:  1466 21:38:14    -2397.817006        0.078599
MDMin:  1467 21:38:16    -2397.817007        0.078381
MDMin:  1468 21:38:17    -2397.817008        0.078148
MDMin:  1469 21:38:19    -2397.817009        0.077902
MDMin:  1470 21:38:21    -2397.817009        0.077641
MDMin:  1471 21:38:24    -2397.817010        0.077368
MDMin:  1472 21:38:25    -2397.817011        0.077080
MDMin:  1473 21:38:26    -2397.817012        0.076778
MDMin:  1474 21:38:28    -2397.817013        0.076462
MDMin:  1475 21:38:29    -2397.817014        0.076133
MDMin:  1476 21:38:30    -2397.817015        0.075790
MDMin:  1477 21:38:32    -2397.817016        0.075433
MDMin:  1478 21:38:33    -2397.817017        0.075064
MDMin:  1479 21:38:35    -2397.817018        0.074683
MDMin:  1480 21:38:36    -2397.817020        0.074291
MDMin:  1481 21:38:37    -2397.817021        0.073887
MDMin:  1482 21:38:39    -2397.817022        0.073474
MDMin:  1483 21:38:40    -2397.817023        0.073051
MDMin:  1484 21:38:41    -2397.817024        0.072621
MDMin:  1485 21:38:42    -2397.817025        0.072184
MDMin:  1486 21:38:44    -2397.817026        0.071741
MDMin:  1487 21:38:46    -2397.817028        0.071294
MDMin:  1488 21:38:48    -2397.817029        0.070844
MDMin:  1489 21:38:50    -2397.817030        0.070394
MDMin:  1490 21:38:52    -2397.817031        0.069943
MDMin:  1491 21:38:54    -2397.817033        0.069495
MDMin:  1492 21:38:56    -2397.817034        0.069049
MDMin:  1493 21:38:57    -2397.817035        0.068611
MDMin:  1494 21:38:58    -2397.817037        0.068176
MDMin:  1495 21:39:00    -2397.817038        0.067756
MDMin:  1496 21:39:01    -2397.817039        0.067333
MDMin:  1497 21:39:02    -2397.817041        0.066946
MDMin:  1498 21:39:03    -2397.817042        0.066527
MDMin:  1499 21:39:05    -2397.817044        0.066216
MDMin:  1500 21:39:06    -2397.817045        0.065774
MDMin:  1501 21:39:08    -2397.817046        0.082238
MDMin:  1502 21:39:10    -2397.817047        0.065401
MDMin:  1503 21:39:11    -2397.817047        0.065307
MDMin:  1504 21:39:13    -2397.817048        0.065170
MDMin:  1505 21:39:15    -2397.817048        0.065044
MDMin:  1506 21:39:17    -2397.817049        0.064916
MDMin:  1507 21:39:19    -2397.817050        0.064789
MDMin:  1508 21:39:21    -2397.817050        0.064664
MDMin:  1509 21:39:24    -2397.817051        0.064540
MDMin:  1510 21:39:25    -2397.817051        0.064418
MDMin:  1511 21:39:27    -2397.817052        0.064298
MDMin:  1512 21:39:29    -2397.817053        0.064179
MDMin:  1513 21:39:31    -2397.817053        0.064062
MDMin:  1514 21:39:33    -2397.817054        0.063948
MDMin:  1515 21:39:35    -2397.817055        0.063836
MDMin:  1516 21:39:36    -2397.817055        0.063726
MDMin:  1517 21:39:37    -2397.817056        0.063618
MDMin:  1518 21:39:39    -2397.817057        0.063514
MDMin:  1519 21:39:41    -2397.817058        0.063412
MDMin:  1520 21:39:43    -2397.817058        0.063312
MDMin:  1521 21:39:45    -2397.817059        0.063216
MDMin:  1522 21:39:47    -2397.817060        0.063122
MDMin:  1523 21:39:48    -2397.817061        0.063031
MDMin:  1524 21:39:49    -2397.817062        0.062943
MDMin:  1525 21:39:51    -2397.817062        0.062858
MDMin:  1526 21:39:53    -2397.817063        0.062776
MDMin:  1527 21:39:55    -2397.817064        0.062697
MDMin:  1528 21:39:57    -2397.817065        0.062620
MDMin:  1529 21:39:58    -2397.817066        0.062547
MDMin:  1530 21:40:00    -2397.817067        0.062475
MDMin:  1531 21:40:02    -2397.817068        0.062407
MDMin:  1532 21:40:03    -2397.817069        0.062341
MDMin:  1533 21:40:05    -2397.817069        0.062281
MDMin:  1534 21:40:07    -2397.817070        0.062226
MDMin:  1535 21:40:09    -2397.817071        0.062175
MDMin:  1536 21:40:11    -2397.817072        0.062130
MDMin:  1537 21:40:13    -2397.817073        0.062090
MDMin:  1538 21:40:15    -2397.817074        0.062055
MDMin:  1539 21:40:17    -2397.817075        0.062025
MDMin:  1540 21:40:19    -2397.817076        0.062001
MDMin:  1541 21:40:21    -2397.817077        0.061981
MDMin:  1542 21:40:23    -2397.817078        0.061968
MDMin:  1543 21:40:25    -2397.817079        0.061959
MDMin:  1544 21:40:27    -2397.817080        0.061956
MDMin:  1545 21:40:29    -2397.817081        0.061958
MDMin:  1546 21:40:31    -2397.817082        0.061965
MDMin:  1547 21:40:33    -2397.817083        0.061978
MDMin:  1548 21:40:36    -2397.817084        0.061995
MDMin:  1549 21:40:38    -2397.817085        0.062018
MDMin:  1550 21:40:40    -2397.817086        0.062046
MDMin:  1551 21:40:42    -2397.817087        0.062080
MDMin:  1552 21:40:44    -2397.817088        0.062118
MDMin:  1553 21:40:46    -2397.817089        0.062163
MDMin:  1554 21:40:48    -2397.817091        0.062210
MDMin:  1555 21:40:51    -2397.817092        0.062267
MDMin:  1556 21:40:53    -2397.817093        0.062322
MDMin:  1557 21:40:55    -2397.817094        0.062387
MDMin:  1558 21:40:57    -2397.817095        0.064948
MDMin:  1559 21:40:59    -2397.817095        0.062461
MDMin:  1560 21:41:01    -2397.817095        0.062481
MDMin:  1561 21:41:03    -2397.817096        0.062503
MDMin:  1562 21:41:04    -2397.817096        0.062527
MDMin:  1563 21:41:06    -2397.817097        0.062553
MDMin:  1564 21:41:08    -2397.817097        0.062581
MDMin:  1565 21:41:10    -2397.817098        0.062610
MDMin:  1566 21:41:12    -2397.817098        0.062641
MDMin:  1567 21:41:13    -2397.817098        0.062675
MDMin:  1568 21:41:15    -2397.817099        0.062709
MDMin:  1569 21:41:17    -2397.817099        0.062746
MDMin:  1570 21:41:19    -2397.817100        0.062785
MDMin:  1571 21:41:20    -2397.817100        0.062826
MDMin:  1572 21:41:22    -2397.817101        0.062869
MDMin:  1573 21:41:23    -2397.817101        0.062914
MDMin:  1574 21:41:24    -2397.817102        0.062961
MDMin:  1575 21:41:25    -2397.817102        0.063010
MDMin:  1576 21:41:27    -2397.817103        0.063061
MDMin:  1577 21:41:29    -2397.817103        0.063115
MDMin:  1578 21:41:31    -2397.817104        0.063171
MDMin:  1579 21:41:32    -2397.817104        0.063229
MDMin:  1580 21:41:34    -2397.817105        0.063290
MDMin:  1581 21:41:35    -2397.817106        0.063353
MDMin:  1582 21:41:36    -2397.817106        0.063419
MDMin:  1583 21:41:38    -2397.817107        0.063487
MDMin:  1584 21:41:39    -2397.817107        0.063557
MDMin:  1585 21:41:41    -2397.817108        0.063631
MDMin:  1586 21:41:42    -2397.817108        0.063707
MDMin:  1587 21:41:44    -2397.817109        0.063785
MDMin:  1588 21:41:45    -2397.817110        0.063867
MDMin:  1589 21:41:46    -2397.817110        0.063952
MDMin:  1590 21:41:48    -2397.817111        0.064039
MDMin:  1591 21:41:50    -2397.817111        0.064130
MDMin:  1592 21:41:53    -2397.817112        0.064223
MDMin:  1593 21:41:55    -2397.817113        0.064320
MDMin:  1594 21:41:57    -2397.817113        0.064420
MDMin:  1595 21:41:59    -2397.817114        0.064523
MDMin:  1596 21:42:01    -2397.817115        0.064630
MDMin:  1597 21:42:02    -2397.817115        0.064740
MDMin:  1598 21:42:04    -2397.817116        0.064853
MDMin:  1599 21:42:06    -2397.817117        0.064970
MDMin:  1600 21:42:08    -2397.817117        0.065091
MDMin:  1601 21:42:09    -2397.817118        0.065215
MDMin:  1602 21:42:12    -2397.817119        0.065343
MDMin:  1603 21:42:14    -2397.817119        0.065475
MDMin:  1604 21:42:16    -2397.817120        0.065611
MDMin:  1605 21:42:17    -2397.817121        0.065751
MDMin:  1606 21:42:19    -2397.817121        0.065894
MDMin:  1607 21:42:21    -2397.817122        0.066042
MDMin:  1608 21:42:23    -2397.817123        0.066194
MDMin:  1609 21:42:24    -2397.817123        0.066350
MDMin:  1610 21:42:25    -2397.817124        0.066510
MDMin:  1611 21:42:27    -2397.817125        0.066674
MDMin:  1612 21:42:28    -2397.817126        0.066843
MDMin:  1613 21:42:30    -2397.817126        0.067016
MDMin:  1614 21:42:32    -2397.817127        0.067193
MDMin:  1615 21:42:34    -2397.817128        0.067375
MDMin:  1616 21:42:36    -2397.817128        0.067561
MDMin:  1617 21:42:38    -2397.817129        0.067752
MDMin:  1618 21:42:40    -2397.817130        0.067947
MDMin:  1619 21:42:42    -2397.817131        0.068146
MDMin:  1620 21:42:44    -2397.817131        0.068350
MDMin:  1621 21:42:46    -2397.817132        0.068559
MDMin:  1622 21:42:48    -2397.817133        0.068771
MDMin:  1623 21:42:49    -2397.817134        0.068989
MDMin:  1624 21:42:51    -2397.817134        0.069210
MDMin:  1625 21:42:53    -2397.817135        0.069436
MDMin:  1626 21:42:55    -2397.817136        0.069666
MDMin:  1627 21:42:57    -2397.817136        0.069899
MDMin:  1628 21:42:59    -2397.817137        0.070134
MDMin:  1629 21:43:01    -2397.817138        0.070360
MDMin:  1630 21:43:03    -2397.817138        0.070547
MDMin:  1631 21:43:05    -2397.817139        0.070665
MDMin:  1632 21:43:07    -2397.817139        0.070754
MDMin:  1633 21:43:09    -2397.817139        0.070843
MDMin:  1634 21:43:11    -2397.817140        0.070935
MDMin:  1635 21:43:13    -2397.817140        0.071029
MDMin:  1636 21:43:15    -2397.817140        0.071127
MDMin:  1637 21:43:16    -2397.817141        0.071228
MDMin:  1638 21:43:18    -2397.817141        0.071331
MDMin:  1639 21:43:20    -2397.817141        0.071438
MDMin:  1640 21:43:22    -2397.817142        0.071547
MDMin:  1641 21:43:24    -2397.817142        0.071659
MDMin:  1642 21:43:26    -2397.817142        0.071774
MDMin:  1643 21:43:28    -2397.817143        0.071892
MDMin:  1644 21:43:29    -2397.817143        0.072013
MDMin:  1645 21:43:30    -2397.817143        0.072136
MDMin:  1646 21:43:32    -2397.817144        0.072262
MDMin:  1647 21:43:33    -2397.817144        0.072391
MDMin:  1648 21:43:35    -2397.817144        0.072522
MDMin:  1649 21:43:37    -2397.817145        0.072657
MDMin:  1650 21:43:39    -2397.817145        0.072793
MDMin:  1651 21:43:41    -2397.817145        0.072933
MDMin:  1652 21:43:42    -2397.817146        0.073075
MDMin:  1653 21:43:43    -2397.817146        0.073219
MDMin:  1654 21:43:45    -2397.817147        0.073366
MDMin:  1655 21:43:46    -2397.817147        0.073516
MDMin:  1656 21:43:48    -2397.817147        0.073667
MDMin:  1657 21:43:50    -2397.817148        0.073822
MDMin:  1658 21:43:52    -2397.817148        0.073978
MDMin:  1659 21:43:54    -2397.817149        0.074137
MDMin:  1660 21:43:56    -2397.817149        0.074298
MDMin:  1661 21:43:58    -2397.817150        0.074461
MDMin:  1662 21:44:00    -2397.817150        0.074626
MDMin:  1663 21:44:02    -2397.817150        0.074794
MDMin:  1664 21:44:04    -2397.817151        0.074963
MDMin:  1665 21:44:06    -2397.817151        0.075134
MDMin:  1666 21:44:07    -2397.817152        0.075307
MDMin:  1667 21:44:08    -2397.817152        0.075482
MDMin:  1668 21:44:10    -2397.817153        0.075659
MDMin:  1669 21:44:11    -2397.817153        0.075837
MDMin:  1670 21:44:12    -2397.817154        0.076017
MDMin:  1671 21:44:13    -2397.817154        0.076199
MDMin:  1672 21:44:14    -2397.817154        0.076381
MDMin:  1673 21:44:16    -2397.817155        0.076565
MDMin:  1674 21:44:17    -2397.817155        0.076751
MDMin:  1675 21:44:18    -2397.817156        0.076937
MDMin:  1676 21:44:19    -2397.817156        0.077125
MDMin:  1677 21:44:21    -2397.817157        0.077314
MDMin:  1678 21:44:22    -2397.817157        0.077503
MDMin:  1679 21:44:23    -2397.817158        0.077694
MDMin:  1680 21:44:24    -2397.817158        0.077885
MDMin:  1681 21:44:25    -2397.817159        0.078077
MDMin:  1682 21:44:27    -2397.817159        0.078270
MDMin:  1683 21:44:29    -2397.817160        0.078463
MDMin:  1684 21:44:31    -2397.817160        0.078657
MDMin:  1685 21:44:33    -2397.817161        0.078851
MDMin:  1686 21:44:35    -2397.817161        0.079045
MDMin:  1687 21:44:37    -2397.817162        0.079241
MDMin:  1688 21:44:39    -2397.817162        0.079437
MDMin:  1689 21:44:40    -2397.817163        0.079633
MDMin:  1690 21:44:42    -2397.817163        0.079831
MDMin:  1691 21:44:44    -2397.817164        0.080028
MDMin:  1692 21:44:46    -2397.817164        0.080227
MDMin:  1693 21:44:48    -2397.817165        0.080425
MDMin:  1694 21:44:49    -2397.817165        0.080625
MDMin:  1695 21:44:51    -2397.817166        0.080825
MDMin:  1696 21:44:52    -2397.817166        0.081026
MDMin:  1697 21:44:53    -2397.817167        0.081228
MDMin:  1698 21:44:54    -2397.817168        0.081430
MDMin:  1699 21:44:56    -2397.817168        0.081632
MDMin:  1700 21:44:57    -2397.817169        0.081830
MDMin:  1701 21:44:59    -2397.817169        0.082006
MDMin:  1702 21:45:01    -2397.817169        0.082129
MDMin:  1703 21:45:02    -2397.817170        0.082199
MDMin:  1704 21:45:04    -2397.817170        0.082265
MDMin:  1705 21:45:06    -2397.817170        0.082332
MDMin:  1706 21:45:08    -2397.817170        0.082403
MDMin:  1707 21:45:10    -2397.817170        0.082475
MDMin:  1708 21:45:12    -2397.817171        0.082551
MDMin:  1709 21:45:14    -2397.817171        0.082628
MDMin:  1710 21:45:16    -2397.817171        0.082709
MDMin:  1711 21:45:18    -2397.817171        0.082792
MDMin:  1712 21:45:20    -2397.817172        0.082877
MDMin:  1713 21:45:21    -2397.817172        0.082965
MDMin:  1714 21:45:22    -2397.817172        0.083055
MDMin:  1715 21:45:24    -2397.817172        0.083148
MDMin:  1716 21:45:26    -2397.817173        0.083244
MDMin:  1717 21:45:28    -2397.817173        0.083342
MDMin:  1718 21:45:30    -2397.817173        0.083443
MDMin:  1719 21:45:32    -2397.817173        0.083547
MDMin:  1720 21:45:34    -2397.817174        0.083653
MDMin:  1721 21:45:35    -2397.817174        0.083762
MDMin:  1722 21:45:37    -2397.817174        0.083874
MDMin:  1723 21:45:39    -2397.817174        0.083989
MDMin:  1724 21:45:41    -2397.817175        0.084107
MDMin:  1725 21:45:43    -2397.817175        0.084228
MDMin:  1726 21:45:45    -2397.817175        0.084352
MDMin:  1727 21:45:46    -2397.817176        0.084479
MDMin:  1728 21:45:48    -2397.817176        0.084610
MDMin:  1729 21:45:50    -2397.817176        0.084744
MDMin:  1730 21:45:52    -2397.817177        0.084882
MDMin:  1731 21:45:54    -2397.817177        0.085024
MDMin:  1732 21:45:56    -2397.817177        0.085170
MDMin:  1733 21:45:58    -2397.817178        0.085320
MDMin:  1734 21:45:59    -2397.817178        0.085474
MDMin:  1735 21:46:01    -2397.817178        0.085632
MDMin:  1736 21:46:03    -2397.817178        0.085796
MDMin:  1737 21:46:05    -2397.817179        0.085964
MDMin:  1738 21:46:07    -2397.817179        0.086138
MDMin:  1739 21:46:09    -2397.817179        0.086316
MDMin:  1740 21:46:11    -2397.817180        0.086501
MDMin:  1741 21:46:12    -2397.817180        0.086691
MDMin:  1742 21:46:14    -2397.817180        0.086888
MDMin:  1743 21:46:16    -2397.817181        0.087091
MDMin:  1744 21:46:19    -2397.817181        0.087301
MDMin:  1745 21:46:22    -2397.817182        0.087518
MDMin:  1746 21:46:24    -2397.817182        0.087742
MDMin:  1747 21:46:25    -2397.817182        0.087974
MDMin:  1748 21:46:27    -2397.817183        0.088215
MDMin:  1749 21:46:29    -2397.817183        0.088464
MDMin:  1750 21:46:31    -2397.817183        0.088721
MDMin:  1751 21:46:33    -2397.817184        0.088988
MDMin:  1752 21:46:34    -2397.817184        0.089265
MDMin:  1753 21:46:35    -2397.817184        0.089552
MDMin:  1754 21:46:36    -2397.817185        0.089849
MDMin:  1755 21:46:38    -2397.817185        0.090157
MDMin:  1756 21:46:39    -2397.817186        0.090476
MDMin:  1757 21:46:42    -2397.817186        0.090807
MDMin:  1758 21:46:43    -2397.817186        0.091149
MDMin:  1759 21:46:45    -2397.817187        0.091504
MDMin:  1760 21:46:47    -2397.817187        0.091872
MDMin:  1761 21:46:49    -2397.817187        0.092252
MDMin:  1762 21:46:51    -2397.817188        0.092646
MDMin:  1763 21:46:53    -2397.817188        0.093054
MDMin:  1764 21:46:54    -2397.817189        0.093475
MDMin:  1765 21:46:55    -2397.817189        0.093910
MDMin:  1766 21:46:56    -2397.817189        0.094359
MDMin:  1767 21:46:57    -2397.817190        0.094823
MDMin:  1768 21:46:59    -2397.817190        0.095300
MDMin:  1769 21:47:00    -2397.817191        0.095791
MDMin:  1770 21:47:02    -2397.817191        0.096294
MDMin:  1771 21:47:04    -2397.817191        0.096802
MDMin:  1772 21:47:05    -2397.817192        0.097291
MDMin:  1773 21:47:07    -2397.817192        0.097703
MDMin:  1774 21:47:09    -2397.817192        0.097994
MDMin:  1775 21:47:11    -2397.817192        0.098224
MDMin:  1776 21:47:12    -2397.817192        0.098452
MDMin:  1777 21:47:14    -2397.817193        0.098685
MDMin:  1778 21:47:16    -2397.817193        0.098927
MDMin:  1779 21:47:17    -2397.817193        0.099177
MDMin:  1780 21:47:18    -2397.817193        0.099435
MDMin:  1781 21:47:21    -2397.817193        0.099701
MDMin:  1782 21:47:23    -2397.817194        0.099975
MDMin:  1783 21:47:25    -2397.817194        0.100257
MDMin:  1784 21:47:27    -2397.817194        0.100546
MDMin:  1785 21:47:29    -2397.817194        0.100843
MDMin:  1786 21:47:30    -2397.817194        0.101146
MDMin:  1787 21:47:32    -2397.817194        0.101457
MDMin:  1788 21:47:33    -2397.817195        0.101775
MDMin:  1789 21:47:35    -2397.817195        0.102099
MDMin:  1790 21:47:36    -2397.817195        0.102431
MDMin:  1791 21:47:37    -2397.817195        0.102770
MDMin:  1792 21:47:39    -2397.817196        0.103117
MDMin:  1793 21:47:40    -2397.817196        0.103471
MDMin:  1794 21:47:41    -2397.817196        0.103831
MDMin:  1795 21:47:43    -2397.817196        0.104198
MDMin:  1796 21:47:45    -2397.817196        0.104572
MDMin:  1797 21:47:47    -2397.817197        0.104951
MDMin:  1798 21:47:49    -2397.817197        0.105335
MDMin:  1799 21:47:50    -2397.817197        0.105724
MDMin:  1800 21:47:51    -2397.817197        0.106117
MDMin:  1801 21:47:53    -2397.817197        0.106513
MDMin:  1802 21:47:55    -2397.817198        0.106912
MDMin:  1803 21:47:57    -2397.817198        0.107313
MDMin:  1804 21:47:59    -2397.817198        0.107715
MDMin:  1805 21:48:01    -2397.817198        0.108116
MDMin:  1806 21:48:02    -2397.817199        0.108517
MDMin:  1807 21:48:03    -2397.817199        0.108915
MDMin:  1808 21:48:05    -2397.817199        0.109310
MDMin:  1809 21:48:06    -2397.817199        0.109700
MDMin:  1810 21:48:07    -2397.817199        0.110085
MDMin:  1811 21:48:08    -2397.817200        0.110462
MDMin:  1812 21:48:09    -2397.817200        0.110831
MDMin:  1813 21:48:10    -2397.817200        0.111189
MDMin:  1814 21:48:12    -2397.817200        0.111536
MDMin:  1815 21:48:13    -2397.817201        0.111869
MDMin:  1816 21:48:14    -2397.817201        0.112187
MDMin:  1817 21:48:15    -2397.817201        0.112489
MDMin:  1818 21:48:17    -2397.817201        0.112772
MDMin:  1819 21:48:18    -2397.817201        0.113035
MDMin:  1820 21:48:19    -2397.817202        0.113276
MDMin:  1821 21:48:21    -2397.817202        0.113492
MDMin:  1822 21:48:22    -2397.817202        0.113683
MDMin:  1823 21:48:24    -2397.817202        0.113846
MDMin:  1824 21:48:26    -2397.817203        0.113979
MDMin:  1825 21:48:28    -2397.817203        0.114080
MDMin:  1826 21:48:30    -2397.817203        0.114147
MDMin:  1827 21:48:32    -2397.817203        0.114177
MDMin:  1828 21:48:34    -2397.817204        0.114169
MDMin:  1829 21:48:35    -2397.817204        0.114119
MDMin:  1830 21:48:37    -2397.817204        0.114025
MDMin:  1831 21:48:38    -2397.817204        0.113883
MDMin:  1832 21:48:39    -2397.817204        0.113692
MDMin:  1833 21:48:41    -2397.817205        0.113446
MDMin:  1834 21:48:42    -2397.817205        0.113144
MDMin:  1835 21:48:43    -2397.817205        0.112780
MDMin:  1836 21:48:44    -2397.817205        0.112351
MDMin:  1837 21:48:46    -2397.817206        0.111852
MDMin:  1838 21:48:47    -2397.817206        0.112074
MDMin:  1839 21:48:48    -2397.817206        0.112371
MDMin:  1840 21:48:50    -2397.817206        0.112490
MDMin:  1841 21:48:52    -2397.817207        0.112423
MDMin:  1842 21:48:54    -2397.817207        0.112159
MDMin:  1843 21:48:56    -2397.817207        0.111691
MDMin:  1844 21:48:58    -2397.817207        0.111010
MDMin:  1845 21:49:01    -2397.817208        0.110109
MDMin:  1846 21:49:03    -2397.817208        0.108983
MDMin:  1847 21:49:05    -2397.817208        0.107627
MDMin:  1848 21:49:07    -2397.817208        0.106038
MDMin:  1849 21:49:09    -2397.817209        0.104215
MDMin:  1850 21:49:12    -2397.817209        0.102157
MDMin:  1851 21:49:13    -2397.817209        0.099866
MDMin:  1852 21:49:15    -2397.817209        0.097348
MDMin:  1853 21:49:18    -2397.817210        0.094608
MDMin:  1854 21:49:19    -2397.817210        0.091655
MDMin:  1855 21:49:21    -2397.817210        0.088500
MDMin:  1856 21:49:22    -2397.817211        0.085155
MDMin:  1857 21:49:24    -2397.817211        0.081638
MDMin:  1858 21:49:25    -2397.817211        0.077964
MDMin:  1859 21:49:27    -2397.817212        0.074301
MDMin:  1860 21:49:29    -2397.817212        0.072316
MDMin:  1861 21:49:31    -2397.817212        0.070215
MDMin:  1862 21:49:33    -2397.817213        0.067872
MDMin:  1863 21:49:35    -2397.817213        0.065652
MDMin:  1864 21:49:37    -2397.817213        0.083028
MDMin:  1865 21:49:39    -2397.817213        0.132259
MDMin:  1866 21:49:41    -2397.817214        0.060833
MDMin:  1867 21:49:43    -2397.817214        0.060089
MDMin:  1868 21:49:45    -2397.817214        0.059423
MDMin:  1869 21:49:47    -2397.817214        0.058740
MDMin:  1870 21:49:49    -2397.817214        0.058035
MDMin:  1871 21:49:51    -2397.817214        0.057309
MDMin:  1872 21:49:53    -2397.817214        0.056562
MDMin:  1873 21:49:54    -2397.817214        0.055793
MDMin:  1874 21:49:56    -2397.817214        0.055005
MDMin:  1875 21:49:58    -2397.817215        0.054197
MDMin:  1876 21:50:00    -2397.817215        0.053370
MDMin:  1877 21:50:02    -2397.817215        0.052525
MDMin:  1878 21:50:03    -2397.817215        0.051663
MDMin:  1879 21:50:05    -2397.817215        0.050784
MDMin:  1880 21:50:07    -2397.817215        0.049890
