       Step     Time          Energy          fmax
MDMin:    0 02:32:46    -2393.954692        7.083675
MDMin:    1 02:32:49    -2393.955183        6.753719
MDMin:    2 02:32:52    -2393.956651        6.164152
MDMin:    3 02:32:54    -2393.959093        7.247203
MDMin:    4 02:32:56    -2393.962446        7.076106
MDMin:    5 02:32:58    -2393.966881        4.054655
MDMin:    6 02:33:00    -2393.973096        4.430376
MDMin:    7 02:33:02    -2393.980387        5.303329
MDMin:    8 02:33:03    -2393.988676        2.635102
MDMin:    9 02:33:05    -2393.997301        1.690009
MDMin:   10 02:33:07    -2394.001206        2.106644
MDMin:   11 02:33:09    -2394.005444        2.619217
MDMin:   12 02:33:11    -2394.010008        2.503859
MDMin:   13 02:33:13    -2394.015063        1.039520
MDMin:   14 02:33:15    -2394.021883        1.045083
MDMin:   15 02:33:16    -2394.030006        1.003594
MDMin:   16 02:33:18    -2394.036932        1.908595
MDMin:   17 02:33:19    -2394.038672        0.752334
MDMin:   18 02:33:21    -2394.041040        0.687914
MDMin:   19 02:33:23    -2394.043852        0.650115
MDMin:   20 02:33:24    -2394.047149        0.614163
MDMin:   21 02:33:26    -2394.051013        0.578129
MDMin:   22 02:33:28    -2394.055550        0.542574
MDMin:   23 02:33:30    -2394.060901        0.507799
MDMin:   24 02:33:32    -2394.067239        0.473944
MDMin:   25 02:33:33    -2394.074779        0.441028
MDMin:   26 02:33:35    -2394.083753        0.409156
MDMin:   27 02:33:37    -2394.094441        0.388827
MDMin:   28 02:33:38    -2394.107040        0.394242
MDMin:   29 02:33:40    -2394.121558        0.660301
MDMin:   30 02:33:41    -2394.135193        1.072463
MDMin:   31 02:33:43    -2394.141448        0.548975
MDMin:   32 02:33:44    -2394.146486        0.425691
MDMin:   33 02:33:46    -2394.152587        0.433745
MDMin:   34 02:33:47    -2394.159790        0.443459
MDMin:   35 02:33:48    -2394.168195        0.454393
MDMin:   36 02:33:50    -2394.177913        0.466507
MDMin:   37 02:33:51    -2394.189068        0.479730
MDMin:   38 02:33:52    -2394.201792        0.493952
MDMin:   39 02:33:54    -2394.216224        0.509031
MDMin:   40 02:33:56    -2394.232507        0.524803
MDMin:   41 02:33:58    -2394.250788        0.541124
MDMin:   42 02:34:00    -2394.271225        0.557957
MDMin:   43 02:34:01    -2394.294002        0.575484
MDMin:   44 02:34:03    -2394.319366        0.594322
MDMin:   45 02:34:05    -2394.347683        0.615940
MDMin:   46 02:34:06    -2394.379561        0.643007
MDMin:   47 02:34:08    -2394.416026        0.679459
MDMin:   48 02:34:10    -2394.458825        0.730924
MDMin:   49 02:34:12    -2394.510929        0.805070
MDMin:   50 02:34:14    -2394.577382        0.954593
MDMin:   51 02:34:16    -2394.666358        1.099511
MDMin:   52 02:34:17    -2394.789256        1.225772
MDMin:   53 02:34:19    -2394.955859        1.437064
MDMin:   54 02:34:20    -2395.134567        1.572276
MDMin:   55 02:34:21    -2395.238762        1.461229
MDMin:   56 02:34:22    -2395.300995        1.337681
MDMin:   57 02:34:24    -2395.336858        0.752200
MDMin:   58 02:34:25    -2395.360968        1.542716
MDMin:   59 02:34:27    -2395.367523        0.519099
MDMin:   60 02:34:29    -2395.373595        0.510609
MDMin:   61 02:34:30    -2395.380357        0.508239
MDMin:   62 02:34:31    -2395.387796        0.521613
MDMin:   63 02:34:33    -2395.395876        0.535921
MDMin:   64 02:34:34    -2395.404562        0.550537
MDMin:   65 02:34:36    -2395.413823        0.564600
MDMin:   66 02:34:38    -2395.423632        0.576851
MDMin:   67 02:34:40    -2395.433970        0.585249
MDMin:   68 02:34:42    -2395.444827        0.587505
MDMin:   69 02:34:44    -2395.456200        0.581850
MDMin:   70 02:34:46    -2395.468093        0.568062
MDMin:   71 02:34:48    -2395.480489        0.554699
MDMin:   72 02:34:49    -2395.493219        0.574147
MDMin:   73 02:34:51    -2395.505364        0.787657
MDMin:   74 02:34:52    -2395.513273        0.864515
MDMin:   75 02:34:54    -2395.516739        0.587001
MDMin:   76 02:34:55    -2395.520942        0.585791
MDMin:   77 02:34:56    -2395.525761        0.583079
MDMin:   78 02:34:57    -2395.531195        0.578514
MDMin:   79 02:34:59    -2395.537242        0.571885
MDMin:   80 02:35:01    -2395.543899        0.563198
MDMin:   81 02:35:03    -2395.551161        0.552720
MDMin:   82 02:35:05    -2395.559024        0.541004
MDMin:   83 02:35:07    -2395.567480        0.528665
MDMin:   84 02:35:08    -2395.576519        0.516205
MDMin:   85 02:35:11    -2395.586128        0.503968
MDMin:   86 02:35:13    -2395.596293        0.492088
MDMin:   87 02:35:15    -2395.606998        0.480544
MDMin:   88 02:35:17    -2395.618225        0.469244
MDMin:   89 02:35:19    -2395.629912        0.466502
MDMin:   90 02:35:21    -2395.641675        0.564600
MDMin:   91 02:35:22    -2395.651135        0.934845
MDMin:   92 02:35:24    -2395.654946        0.470749
MDMin:   93 02:35:25    -2395.658937        0.469952
MDMin:   94 02:35:27    -2395.663498        0.468506
MDMin:   95 02:35:28    -2395.668653        0.466162
MDMin:   96 02:35:30    -2395.674418        0.462637
MDMin:   97 02:35:32    -2395.680815        0.457630
MDMin:   98 02:35:34    -2395.687874        0.450982
MDMin:   99 02:35:36    -2395.695637        0.457151
MDMin:  100 02:35:37    -2395.704162        0.463826
MDMin:  101 02:35:39    -2395.713531        0.471022
MDMin:  102 02:35:40    -2395.723853        0.478738
MDMin:  103 02:35:42    -2395.735254        0.486920
MDMin:  104 02:35:43    -2395.747802        0.495648
MDMin:  105 02:35:45    -2395.753665        0.671539
MDMin:  106 02:35:46    -2395.757568        0.893623
MDMin:  107 02:35:48    -2395.759835        0.548551
MDMin:  108 02:35:50    -2395.761939        0.556296
MDMin:  109 02:35:51    -2395.764328        0.564935
MDMin:  110 02:35:53    -2395.767039        0.574414
MDMin:  111 02:35:54    -2395.770075        0.584431
MDMin:  112 02:35:56    -2395.773441        0.594486
MDMin:  113 02:35:57    -2395.777136        0.603835
MDMin:  114 02:35:59    -2395.781163        0.611483
MDMin:  115 02:36:00    -2395.785523        0.616250
MDMin:  116 02:36:02    -2395.790222        0.617047
MDMin:  117 02:36:03    -2395.795261        0.613115
MDMin:  118 02:36:05    -2395.800644        0.615702
MDMin:  119 02:36:06    -2395.806350        0.641284
MDMin:  120 02:36:08    -2395.812260        0.661403
MDMin:  121 02:36:10    -2395.817786        0.775787
MDMin:  122 02:36:11    -2395.821725        0.797819
MDMin:  123 02:36:13    -2395.824325        0.676179
MDMin:  124 02:36:14    -2395.827011        0.674614
MDMin:  125 02:36:16    -2395.830062        0.670911
MDMin:  126 02:36:18    -2395.833518        0.664428
MDMin:  127 02:36:20    -2395.837400        0.654578
MDMin:  128 02:36:21    -2395.841728        0.640913
MDMin:  129 02:36:23    -2395.846528        0.623260
MDMin:  130 02:36:24    -2395.851827        0.601837
MDMin:  131 02:36:25    -2395.857655        0.577372
MDMin:  132 02:36:26    -2395.863806        0.551078
MDMin:  133 02:36:28    -2395.869553        0.524795
MDMin:  134 02:36:29    -2395.875490        0.558254
MDMin:  135 02:36:30    -2395.880813        0.786384
MDMin:  136 02:36:32    -2395.884227        0.641497
MDMin:  137 02:36:34    -2395.886697        0.466530
MDMin:  138 02:36:36    -2395.889355        0.469741
MDMin:  139 02:36:37    -2395.892353        0.474999
MDMin:  140 02:36:39    -2395.895712        0.482195
MDMin:  141 02:36:41    -2395.899431        0.491830
MDMin:  142 02:36:42    -2395.902583        0.503899
MDMin:  143 02:36:43    -2395.905862        0.519494
MDMin:  144 02:36:45    -2395.909264        0.539225
MDMin:  145 02:36:46    -2395.912690        0.563586
MDMin:  146 02:36:47    -2395.916418        0.591827
MDMin:  147 02:36:49    -2395.920347        0.624478
MDMin:  148 02:36:50    -2395.924160        0.660282
MDMin:  149 02:36:52    -2395.928013        0.695326
MDMin:  150 02:36:54    -2395.931724        0.723910
MDMin:  151 02:36:56    -2395.934792        0.769282
MDMin:  152 02:36:57    -2395.937025        0.746683
MDMin:  153 02:36:59    -2395.939070        0.747618
MDMin:  154 02:37:01    -2395.941269        0.743204
MDMin:  155 02:37:03    -2395.943703        0.731940
MDMin:  156 02:37:05    -2395.946408        0.712391
MDMin:  157 02:37:07    -2395.949408        0.684271
MDMin:  158 02:37:08    -2395.952739        0.706319
MDMin:  159 02:37:09    -2395.956442        0.723457
MDMin:  160 02:37:11    -2395.960572        0.731816
MDMin:  161 02:37:12    -2395.965188        0.728365
MDMin:  162 02:37:14    -2395.970356        0.761262
MDMin:  163 02:37:16    -2395.976078        0.799014
MDMin:  164 02:37:17    -2395.982231        0.828364
MDMin:  165 02:37:19    -2395.988361        0.843745
MDMin:  166 02:37:20    -2395.994175        0.845633
MDMin:  167 02:37:22    -2396.000078        0.851693
MDMin:  168 02:37:23    -2396.006735        0.871084
MDMin:  169 02:37:24    -2396.014699        0.888200
MDMin:  170 02:37:26    -2396.024556        0.909906
MDMin:  171 02:37:27    -2396.037034        0.929796
MDMin:  172 02:37:29    -2396.053160        0.921393
MDMin:  173 02:37:30    -2396.074183        0.878051
MDMin:  174 02:37:31    -2396.101205        0.892068
MDMin:  175 02:37:33    -2396.133426        0.943269
MDMin:  176 02:37:34    -2396.165949        1.029265
MDMin:  177 02:37:36    -2396.190650        1.037952
MDMin:  178 02:37:37    -2396.208279        1.068340
MDMin:  179 02:37:39    -2396.224805        1.095149
MDMin:  180 02:37:40    -2396.241009        1.117100
MDMin:  181 02:37:41    -2396.256426        1.126027
MDMin:  182 02:37:43    -2396.270568        1.109811
MDMin:  183 02:37:45    -2396.283149        1.054104
MDMin:  184 02:37:47    -2396.294076        0.951250
MDMin:  185 02:37:49    -2396.303350        0.885016
MDMin:  186 02:37:50    -2396.310867        0.880972
MDMin:  187 02:37:52    -2396.316280        0.980969
MDMin:  188 02:37:54    -2396.319357        0.921831
MDMin:  189 02:37:55    -2396.321516        0.943762
MDMin:  190 02:37:56    -2396.323535        0.933422
MDMin:  191 02:37:57    -2396.325573        0.929884
MDMin:  192 02:37:59    -2396.327593        0.913714
MDMin:  193 02:38:00    -2396.329568        0.897100
MDMin:  194 02:38:01    -2396.331454        0.871111
MDMin:  195 02:38:03    -2396.333234        0.848671
MDMin:  196 02:38:04    -2396.334871        0.817066
MDMin:  197 02:38:05    -2396.336367        0.800913
MDMin:  198 02:38:07    -2396.337646        0.768734
MDMin:  199 02:38:08    -2396.338677        0.825432
MDMin:  200 02:38:10    -2396.339307        0.762576
MDMin:  201 02:38:11    -2396.339810        0.779823
MDMin:  202 02:38:13    -2396.340271        0.782911
MDMin:  203 02:38:14    -2396.340755        0.798508
MDMin:  204 02:38:16    -2396.341250        0.815624
MDMin:  205 02:38:17    -2396.341760        0.840438
MDMin:  206 02:38:19    -2396.342278        0.869285
MDMin:  207 02:38:21    -2396.342806        0.905354
MDMin:  208 02:38:23    -2396.343339        0.945956
MDMin:  209 02:38:25    -2396.343880        0.991210
MDMin:  210 02:38:26    -2396.344422        1.030736
MDMin:  211 02:38:27    -2396.344959        1.050916
MDMin:  212 02:38:29    -2396.345462        1.033992
MDMin:  213 02:38:30    -2396.345887        0.987420
MDMin:  214 02:38:32    -2396.346230        0.930255
MDMin:  215 02:38:33    -2396.346550        0.866533
MDMin:  216 02:38:34    -2396.346895        0.791601
MDMin:  217 02:38:35    -2396.347278        0.718553
MDMin:  218 02:38:37    -2396.347707        0.729608
MDMin:  219 02:38:39    -2396.348185        0.734305
MDMin:  220 02:38:40    -2396.348717        0.742210
MDMin:  221 02:38:41    -2396.349303        0.741881
MDMin:  222 02:38:43    -2396.349940        0.750260
MDMin:  223 02:38:44    -2396.350605        0.745376
MDMin:  224 02:38:46    -2396.351250        0.762581
MDMin:  225 02:38:47    -2396.351807        0.756588
MDMin:  226 02:38:49    -2396.352297        0.774679
MDMin:  227 02:38:51    -2396.352786        0.777885
MDMin:  228 02:38:52    -2396.353322        0.794103
MDMin:  229 02:38:54    -2396.353924        0.805969
MDMin:  230 02:38:56    -2396.354605        0.826113
MDMin:  231 02:38:58    -2396.355374        0.840974
MDMin:  232 02:39:00    -2396.356243        0.861143
MDMin:  233 02:39:02    -2396.357211        0.865180
MDMin:  234 02:39:04    -2396.358270        0.875642
MDMin:  235 02:39:06    -2396.359349        0.851649
MDMin:  236 02:39:08    -2396.360331        0.855785
MDMin:  237 02:39:10    -2396.361122        0.823235
MDMin:  238 02:39:12    -2396.361898        0.816089
MDMin:  239 02:39:14    -2396.362739        0.790659
MDMin:  240 02:39:15    -2396.363701        0.772287
MDMin:  241 02:39:17    -2396.364795        0.744368
MDMin:  242 02:39:19    -2396.366050        0.722009
MDMin:  243 02:39:22    -2396.367469        0.691324
MDMin:  244 02:39:24    -2396.369080        0.670925
MDMin:  245 02:39:26    -2396.370840        0.636973
MDMin:  246 02:39:28    -2396.372714        0.627389
MDMin:  247 02:39:30    -2396.374415        0.615009
MDMin:  248 02:39:32    -2396.375867        0.595837
MDMin:  249 02:39:34    -2396.377128        0.576287
MDMin:  250 02:39:35    -2396.378531        0.572985
MDMin:  251 02:39:36    -2396.380101        0.563420
MDMin:  252 02:39:38    -2396.381905        0.561258
MDMin:  253 02:39:39    -2396.383944        0.558181
MDMin:  254 02:39:40    -2396.386268        0.563468
MDMin:  255 02:39:42    -2396.388120        0.569257
MDMin:  256 02:39:45    -2396.389663        0.586740
MDMin:  257 02:39:47    -2396.391406        0.602170
MDMin:  258 02:39:49    -2396.393383        0.635400
MDMin:  259 02:39:51    -2396.395430        0.656400
MDMin:  260 02:39:53    -2396.397505        0.701257
MDMin:  261 02:39:55    -2396.399322        0.721259
MDMin:  262 02:39:57    -2396.401163        0.760352
MDMin:  263 02:39:59    -2396.403041        0.788007
MDMin:  264 02:40:00    -2396.405146        0.824513
MDMin:  265 02:40:02    -2396.407459        0.854643
MDMin:  266 02:40:03    -2396.410054        0.880899
MDMin:  267 02:40:05    -2396.412921        0.889830
MDMin:  268 02:40:07    -2396.416118        0.876393
MDMin:  269 02:40:09    -2396.419637        0.831283
MDMin:  270 02:40:11    -2396.423502        0.758280
MDMin:  271 02:40:13    -2396.427610        0.666850
MDMin:  272 02:40:15    -2396.431753        0.576676
MDMin:  273 02:40:17    -2396.435490        0.621840
MDMin:  274 02:40:19    -2396.438615        0.583491
MDMin:  275 02:40:21    -2396.441538        0.581855
MDMin:  276 02:40:23    -2396.444569        0.577757
MDMin:  277 02:40:24    -2396.447854        0.570495
MDMin:  278 02:40:25    -2396.451024        0.560481
MDMin:  279 02:40:27    -2396.453355        0.547503
MDMin:  280 02:40:29    -2396.455916        0.532143
MDMin:  281 02:40:31    -2396.458705        0.524904
MDMin:  282 02:40:33    -2396.461679        0.509332
MDMin:  283 02:40:35    -2396.464766        0.502811
MDMin:  284 02:40:36    -2396.467313        0.550817
MDMin:  285 02:40:38    -2396.469358        0.640498
MDMin:  286 02:40:39    -2396.471004        0.536264
MDMin:  287 02:40:41    -2396.472493        0.553096
MDMin:  288 02:40:42    -2396.474004        0.568265
MDMin:  289 02:40:43    -2396.475636        0.585983
MDMin:  290 02:40:45    -2396.477418        0.601904
MDMin:  291 02:40:47    -2396.479388        0.616664
MDMin:  292 02:40:49    -2396.481560        0.624104
MDMin:  293 02:40:51    -2396.483961        0.624340
MDMin:  294 02:40:53    -2396.486587        0.609659
MDMin:  295 02:40:55    -2396.489416        0.587549
MDMin:  296 02:40:56    -2396.492270        0.567241
MDMin:  297 02:40:58    -2396.494827        0.687781
MDMin:  298 02:41:00    -2396.496842        0.534785
MDMin:  299 02:41:02    -2396.498748        0.548970
MDMin:  300 02:41:04    -2396.500779        0.551441
MDMin:  301 02:41:06    -2396.503043        0.557740
MDMin:  302 02:41:07    -2396.505559        0.557038
MDMin:  303 02:41:08    -2396.508345        0.557030
MDMin:  304 02:41:10    -2396.511379        0.571911
MDMin:  305 02:41:11    -2396.514547        0.620422
MDMin:  306 02:41:13    -2396.518013        0.680285
MDMin:  307 02:41:14    -2396.521589        0.749847
MDMin:  308 02:41:16    -2396.525115        0.822945
MDMin:  309 02:41:17    -2396.528710        0.893105
MDMin:  310 02:41:19    -2396.531889        0.947491
MDMin:  311 02:41:21    -2396.535205        0.982109
MDMin:  312 02:41:22    -2396.536938        0.988340
MDMin:  313 02:41:24    -2396.538281        0.959059
MDMin:  314 02:41:25    -2396.539845        0.891755
MDMin:  315 02:41:27    -2396.541757        0.792386
MDMin:  316 02:41:29    -2396.543902        0.716745
MDMin:  317 02:41:31    -2396.546289        0.648756
MDMin:  318 02:41:32    -2396.548667        0.584165
MDMin:  319 02:41:34    -2396.550710        0.534054
MDMin:  320 02:41:35    -2396.552372        0.494745
MDMin:  321 02:41:37    -2396.554113        0.455713
MDMin:  322 02:41:39    -2396.556071        0.415686
MDMin:  323 02:41:41    -2396.558316        0.399319
MDMin:  324 02:41:43    -2396.560841        0.409767
MDMin:  325 02:41:45    -2396.563679        0.422895
MDMin:  326 02:41:47    -2396.566761        0.439479
MDMin:  327 02:41:48    -2396.569990        0.459602
MDMin:  328 02:41:50    -2396.572958        0.481313
MDMin:  329 02:41:52    -2396.575377        0.501155
MDMin:  330 02:41:54    -2396.577380        0.519484
MDMin:  331 02:41:55    -2396.579478        0.540225
MDMin:  332 02:41:57    -2396.581763        0.564745
MDMin:  333 02:41:59    -2396.584287        0.593853
MDMin:  334 02:42:01    -2396.587036        0.627560
MDMin:  335 02:42:03    -2396.590018        0.665249
MDMin:  336 02:42:05    -2396.593211        0.704590
MDMin:  337 02:42:07    -2396.596620        0.741042
MDMin:  338 02:42:08    -2396.600235        0.766849
MDMin:  339 02:42:10    -2396.604095        0.772167
MDMin:  340 02:42:11    -2396.608190        0.749134
MDMin:  341 02:42:13    -2396.612498        0.698744
MDMin:  342 02:42:15    -2396.616483        0.640968
MDMin:  343 02:42:17    -2396.619416        0.598476
MDMin:  344 02:42:19    -2396.621566        0.569482
MDMin:  345 02:42:20    -2396.623942        0.539356
MDMin:  346 02:42:22    -2396.626623        0.508356
MDMin:  347 02:42:24    -2396.629649        0.477315
MDMin:  348 02:42:25    -2396.632984        0.447881
MDMin:  349 02:42:27    -2396.636464        0.422127
MDMin:  350 02:42:28    -2396.639461        0.404175
MDMin:  351 02:42:29    -2396.641725        0.393310
MDMin:  352 02:42:30    -2396.643831        0.383713
MDMin:  353 02:42:32    -2396.646135        0.373916
MDMin:  354 02:42:34    -2396.648718        0.363882
MDMin:  355 02:42:36    -2396.651581        0.353857
MDMin:  356 02:42:38    -2396.654686        0.344204
MDMin:  357 02:42:39    -2396.657875        0.335532
MDMin:  358 02:42:40    -2396.660737        0.328832
MDMin:  359 02:42:42    -2396.663009        0.326278
MDMin:  360 02:42:43    -2396.665089        0.331299
MDMin:  361 02:42:45    -2396.667305        0.337106
MDMin:  362 02:42:47    -2396.669760        0.344084
MDMin:  363 02:42:49    -2396.672455        0.352433
MDMin:  364 02:42:51    -2396.675324        0.362137
MDMin:  365 02:42:53    -2396.678167        0.372576
MDMin:  366 02:42:55    -2396.680672        0.382345
MDMin:  367 02:42:57    -2396.682827        0.391149
MDMin:  368 02:42:59    -2396.684945        0.400333
MDMin:  369 02:43:00    -2396.687219        0.410843
MDMin:  370 02:43:02    -2396.689702        0.423088
MDMin:  371 02:43:04    -2396.692363        0.437112
MDMin:  372 02:43:06    -2396.695085        0.452408
MDMin:  373 02:43:08    -2396.697666        0.467707
MDMin:  374 02:43:09    -2396.700002        0.482138
MDMin:  375 02:43:11    -2396.702245        0.496593
MDMin:  376 02:43:12    -2396.704573        0.512324
MDMin:  377 02:43:14    -2396.707068        0.530000
MDMin:  378 02:43:15    -2396.709725        0.549719
MDMin:  379 02:43:17    -2396.712476        0.570988
MDMin:  380 02:43:18    -2396.715199        0.592725
MDMin:  381 02:43:19    -2396.717819        0.614050
MDMin:  382 02:43:21    -2396.720388        0.635270
MDMin:  383 02:43:22    -2396.723019        0.657269
MDMin:  384 02:43:23    -2396.725789        0.680545
MDMin:  385 02:43:25    -2396.728714        0.704955
MDMin:  386 02:43:26    -2396.731764        0.729762
MDMin:  387 02:43:27    -2396.734878        0.753847
MDMin:  388 02:43:28    -2396.738011        0.776230
MDMin:  389 02:43:29    -2396.741179        0.796451
MDMin:  390 02:43:31    -2396.744439        0.814260
MDMin:  391 02:43:32    -2396.747847        0.829112
MDMin:  392 02:43:33    -2396.751434        0.840042
MDMin:  393 02:43:35    -2396.755197        0.845895
MDMin:  394 02:43:36    -2396.759113        0.845716
MDMin:  395 02:43:37    -2396.763158        0.839042
MDMin:  396 02:43:39    -2396.767332        0.825863
MDMin:  397 02:43:41    -2396.771661        0.806393
MDMin:  398 02:43:43    -2396.776180        0.780986
MDMin:  399 02:43:44    -2396.780916        0.750263
MDMin:  400 02:43:45    -2396.785874        0.715227
MDMin:  401 02:43:47    -2396.791046        0.677201
MDMin:  402 02:43:48    -2396.796414        0.637559
MDMin:  403 02:43:51    -2396.801975        0.597447
MDMin:  404 02:43:52    -2396.807735        0.557674
MDMin:  405 02:43:54    -2396.813713        0.518782
MDMin:  406 02:43:57    -2396.819923        0.495951
MDMin:  407 02:43:58    -2396.826368        0.499526
MDMin:  408 02:44:00    -2396.833042        0.501205
MDMin:  409 02:44:01    -2396.839925        0.501157
MDMin:  410 02:44:03    -2396.846999        0.499568
MDMin:  411 02:44:05    -2396.854243        0.502410
MDMin:  412 02:44:06    -2396.861639        0.506032
MDMin:  413 02:44:08    -2396.869165        0.508310
MDMin:  414 02:44:10    -2396.876798        0.509286
MDMin:  415 02:44:11    -2396.884509        0.509098
MDMin:  416 02:44:12    -2396.892265        0.507907
MDMin:  417 02:44:14    -2396.900034        0.505953
MDMin:  418 02:44:15    -2396.907788        0.503493
MDMin:  419 02:44:16    -2396.915503        0.500827
MDMin:  420 02:44:18    -2396.923162        0.498369
MDMin:  421 02:44:19    -2396.930757        0.497164
MDMin:  422 02:44:21    -2396.938283        0.496593
MDMin:  423 02:44:23    -2396.945746        0.497976
MDMin:  424 02:44:24    -2396.953154        0.501240
MDMin:  425 02:44:26    -2396.960526        0.505552
MDMin:  426 02:44:28    -2396.967889        0.511543
MDMin:  427 02:44:29    -2396.975275        0.520717
MDMin:  428 02:44:30    -2396.982728        0.531558
MDMin:  429 02:44:31    -2396.990298        0.544402
MDMin:  430 02:44:33    -2396.998044        0.559346
MDMin:  431 02:44:34    -2397.006034        0.577630
MDMin:  432 02:44:36    -2397.014340        0.598405
MDMin:  433 02:44:38    -2397.023045        0.621565
MDMin:  434 02:44:40    -2397.032242        0.647171
MDMin:  435 02:44:42    -2397.042039        0.675229
MDMin:  436 02:44:43    -2397.052557        0.705648
MDMin:  437 02:44:45    -2397.063936        0.738228
MDMin:  438 02:44:46    -2397.076331        0.772606
MDMin:  439 02:44:48    -2397.089915        0.808242
MDMin:  440 02:44:49    -2397.104871        0.845352
MDMin:  441 02:44:51    -2397.121385        0.886258
MDMin:  442 02:44:53    -2397.139633        0.929875
MDMin:  443 02:44:54    -2397.159764        0.972569
MDMin:  444 02:44:55    -2397.181884        1.012993
MDMin:  445 02:44:57    -2397.206027        1.054168
MDMin:  446 02:44:59    -2397.232142        1.094699
MDMin:  447 02:45:01    -2397.260079        1.129788
MDMin:  448 02:45:02    -2397.289579        1.156950
MDMin:  449 02:45:04    -2397.320291        1.174159
MDMin:  450 02:45:06    -2397.351776        1.180336
MDMin:  451 02:45:08    -2397.383545        1.174317
MDMin:  452 02:45:10    -2397.415070        1.156226
MDMin:  453 02:45:12    -2397.445829        1.126218
MDMin:  454 02:45:14    -2397.475330        1.085895
MDMin:  455 02:45:17    -2397.503153        1.036949
MDMin:  456 02:45:18    -2397.528985        0.982355
MDMin:  457 02:45:19    -2397.552643        0.924701
MDMin:  458 02:45:21    -2397.574075        0.867111
MDMin:  459 02:45:22    -2397.593357        0.811550
MDMin:  460 02:45:24    -2397.610652        0.759969
MDMin:  461 02:45:26    -2397.626195        0.718773
MDMin:  462 02:45:27    -2397.640240        0.687862
MDMin:  463 02:45:29    -2397.653037        0.658572
MDMin:  464 02:45:31    -2397.664797        0.631238
MDMin:  465 02:45:33    -2397.675693        0.605886
MDMin:  466 02:45:34    -2397.685852        0.582393
MDMin:  467 02:45:35    -2397.695371        0.560623
MDMin:  468 02:45:37    -2397.704323        0.540550
MDMin:  469 02:45:39    -2397.712767        0.522314
MDMin:  470 02:45:41    -2397.720750        0.506169
MDMin:  471 02:45:43    -2397.718904        3.198836
MDMin:  472 02:45:44    -2397.721950        3.150912
MDMin:  473 02:45:45    -2397.725303        3.074897
MDMin:  474 02:45:47    -2397.728843        2.971693
MDMin:  475 02:45:49    -2397.733689        2.843124
MDMin:  476 02:45:51    -2397.740662        2.691745
MDMin:  477 02:45:52    -2397.749512        2.569346
MDMin:  478 02:45:54    -2397.716410        2.478544
MDMin:  479 02:45:56    -2397.617925        2.359179
MDMin:  480 02:45:59    -2397.519162        2.254143
MDMin:  481 02:46:01    -2397.423123        2.149909
MDMin:  482 02:46:03    -2397.338446        2.050281
MDMin:  483 02:46:04    -2397.275863        1.959737
MDMin:  484 02:46:06    -2397.230559        1.870678
MDMin:  485 02:46:08    -2397.199295        1.785963
MDMin:  486 02:46:10    -2397.177218        1.708705
MDMin:  487 02:46:12    -2397.161505        1.639369
MDMin:  488 02:46:14    -2397.151727        1.578201
MDMin:  489 02:46:16    -2397.149171        1.525596
MDMin:  490 02:46:19    -2397.156899        1.483756
MDMin:  491 02:46:20    -2397.181067        1.461248
MDMin:  492 02:46:22    -2397.231295        1.470615
MDMin:  493 02:46:23    -2397.319731        1.492785
MDMin:  494 02:46:25    -2397.446451        1.414645
MDMin:  495 02:46:27    -2397.582704        1.220102
MDMin:  496 02:46:29    -2397.574854        1.127084
MDMin:  497 02:46:31    -2397.553061        1.023050
MDMin:  498 02:46:33    -2397.541497        0.954774
MDMin:  499 02:46:34    -2397.535869        0.909624
MDMin:  500 02:46:36    -2397.533020        0.876088
MDMin:  501 02:46:38    -2397.531622        0.849153
MDMin:  502 02:46:39    -2397.531142        0.826065
MDMin:  503 02:46:41    -2397.531345        0.806993
MDMin:  504 02:46:42    -2397.532047        0.791065
MDMin:  505 02:46:44    -2397.533113        0.778475
MDMin:  506 02:46:45    -2397.534388        0.767735
MDMin:  507 02:46:47    -2397.535742        0.759578
MDMin:  508 02:46:48    -2397.537077        0.752383
MDMin:  509 02:46:50    -2397.538367        0.746718
MDMin:  510 02:46:52    -2397.539598        0.741261
MDMin:  511 02:46:53    -2397.540778        0.736489
MDMin:  512 02:46:55    -2397.541895        0.731603
MDMin:  513 02:46:57    -2397.542947        0.726920
MDMin:  514 02:46:58    -2397.543930        0.721847
MDMin:  515 02:47:00    -2397.544811        0.716665
MDMin:  516 02:47:01    -2397.545579        0.710832
MDMin:  517 02:47:03    -2397.546182        0.704771
MDMin:  518 02:47:05    -2397.546590        0.698196
MDMin:  519 02:47:07    -2397.546805        0.691610
MDMin:  520 02:47:08    -2397.546839        0.684494
MDMin:  521 02:47:10    -2397.546710        0.677269
MDMin:  522 02:47:12    -2397.546425        0.669633
MDMin:  523 02:47:14    -2397.545997        0.661729
MDMin:  524 02:47:16    -2397.545448        0.653608
MDMin:  525 02:47:18    -2397.544760        0.644942
MDMin:  526 02:47:19    -2397.543947        0.635766
MDMin:  527 02:47:21    -2397.543044        0.626472
MDMin:  528 02:47:22    -2397.542030        0.616643
MDMin:  529 02:47:24    -2397.540952        0.606710
MDMin:  530 02:47:26    -2397.539842        0.596815
MDMin:  531 02:47:28    -2397.538709        0.586973
MDMin:  532 02:47:30    -2397.537549        0.577032
MDMin:  533 02:47:32    -2397.536364        0.566974
MDMin:  534 02:47:34    -2397.535148        0.558631
MDMin:  535 02:47:35    -2397.533884        0.570871
MDMin:  536 02:47:36    -2397.532522        0.614580
MDMin:  537 02:47:38    -2397.531077        0.645910
MDMin:  538 02:47:39    -2397.529466        0.673359
MDMin:  539 02:47:41    -2397.527722        0.687528
MDMin:  540 02:47:42    -2397.525902        0.659594
MDMin:  541 02:47:44    -2397.524042        0.666291
MDMin:  542 02:47:46    -2397.522231        0.702692
MDMin:  543 02:47:47    -2397.520656        0.619814
MDMin:  544 02:47:49    -2397.519538        0.550899
MDMin:  545 02:47:51    -2397.518774        0.622576
MDMin:  546 02:47:53    -2397.518283        0.684503
MDMin:  547 02:47:54    -2397.518004        0.735138
MDMin:  548 02:47:55    -2397.517917        0.771995
MDMin:  549 02:47:57    -2397.518040        0.791574
MDMin:  550 02:47:58    -2397.518420        0.783786
MDMin:  551 02:48:00    -2397.519185        0.834466
MDMin:  552 02:48:02    -2397.520326        0.845180
MDMin:  553 02:48:04    -2397.522070        0.870449
MDMin:  554 02:48:06    -2397.524617        0.861640
MDMin:  555 02:48:08    -2397.528249        0.857839
MDMin:  556 02:48:11    -2397.533362        0.815367
MDMin:  557 02:48:13    -2397.540689        0.736204
MDMin:  558 02:48:15    -2397.551274        0.661126
MDMin:  559 02:48:16    -2397.566554        0.574358
MDMin:  560 02:48:18    -2397.587453        0.573188
MDMin:  561 02:48:20    -2397.615454        0.597722
MDMin:  562 02:48:21    -2397.649948        0.610291
MDMin:  563 02:48:23    -2397.689453        0.605578
MDMin:  564 02:48:24    -2397.707163        0.472211
MDMin:  565 02:48:26    -2397.715030        0.437937
MDMin:  566 02:48:27    -2397.713202        0.603403
MDMin:  567 02:48:29    -2397.719289        0.423130
MDMin:  568 02:48:31    -2397.721257        0.418953
MDMin:  569 02:48:33    -2397.719637        0.584553
MDMin:  570 02:48:35    -2397.722110        0.414954
MDMin:  571 02:48:36    -2397.722869        0.572907
MDMin:  572 02:48:38    -2397.722086        0.413653
MDMin:  573 02:48:40    -2397.722849        0.412065
MDMin:  574 02:48:42    -2397.722799        0.573041
MDMin:  575 02:48:43    -2397.722947        0.410377
MDMin:  576 02:48:45    -2397.723711        0.408800
MDMin:  577 02:48:47    -2397.722870        0.572485
MDMin:  578 02:48:49    -2397.723791        0.407149
MDMin:  579 02:48:50    -2397.724529        0.405640
MDMin:  580 02:48:51    -2397.722916        0.571904
MDMin:  581 02:48:53    -2397.724576        0.404075
MDMin:  582 02:48:55    -2397.724702        0.564325
MDMin:  583 02:48:56    -2397.724338        0.403328
MDMin:  584 02:48:57    -2397.725003        0.402005
MDMin:  585 02:48:59    -2397.724345        0.565595
MDMin:  586 02:49:01    -2397.724983        0.400638
MDMin:  587 02:49:03    -2397.725663        0.399297
MDMin:  588 02:49:04    -2397.724233        0.565703
MDMin:  589 02:49:06    -2397.725639        0.397937
MDMin:  590 02:49:08    -2397.725864        0.558256
MDMin:  591 02:49:10    -2397.725336        0.397337
MDMin:  592 02:49:12    -2397.725962        0.396132
MDMin:  593 02:49:14    -2397.725446        0.559959
MDMin:  594 02:49:15    -2397.725886        0.394925
MDMin:  595 02:49:17    -2397.726526        0.393706
MDMin:  596 02:49:18    -2397.725266        0.560447
MDMin:  597 02:49:20    -2397.726447        0.392506
MDMin:  598 02:49:22    -2397.726794        0.556075
MDMin:  599 02:49:24    -2397.726090        0.392024
MDMin:  600 02:49:25    -2397.726686        0.390916
MDMin:  601 02:49:27    -2397.726349        0.560833
MDMin:  602 02:49:28    -2397.726563        0.389844
MDMin:  603 02:49:30    -2397.727172        0.388725
MDMin:  604 02:49:32    -2397.726135        0.564951
MDMin:  605 02:49:34    -2397.727046        0.387661
MDMin:  606 02:49:36    -2397.727589        0.562834
MDMin:  607 02:49:38    -2397.726644        0.387279
MDMin:  608 02:49:40    -2397.727216        0.386251
MDMin:  609 02:49:42    -2397.727139        0.567317
MDMin:  610 02:49:44    -2397.727053        0.385298
MDMin:  611 02:49:46    -2397.727636        0.384262
MDMin:  612 02:49:47    -2397.726911        0.571184
MDMin:  613 02:49:49    -2397.727470        0.383318
MDMin:  614 02:49:51    -2397.728043        0.382310
MDMin:  615 02:49:52    -2397.726711        0.574835
MDMin:  616 02:49:53    -2397.727862        0.381408
MDMin:  617 02:49:55    -2397.728108        0.572622
MDMin:  618 02:49:56    -2397.727406        0.381144
MDMin:  619 02:49:58    -2397.727950        0.380211
MDMin:  620 02:49:59    -2397.727685        0.576703
MDMin:  621 02:50:01    -2397.727738        0.379406
MDMin:  622 02:50:03    -2397.728289        0.378468
MDMin:  623 02:50:04    -2397.727472        0.580211
MDMin:  624 02:50:05    -2397.728075        0.377675
MDMin:  625 02:50:07    -2397.728619        0.376761
MDMin:  626 02:50:08    -2397.727286        0.583543
MDMin:  627 02:50:10    -2397.728391        0.376006
MDMin:  628 02:50:12    -2397.728645        0.581264
MDMin:  629 02:50:13    -2397.727891        0.375844
MDMin:  630 02:50:15    -2397.728412        0.374991
MDMin:  631 02:50:16    -2397.728257        0.585042
MDMin:  632 02:50:17    -2397.728158        0.374320
MDMin:  633 02:50:18    -2397.728685        0.373465
MDMin:  634 02:50:20    -2397.728067        0.588284
MDMin:  635 02:50:21    -2397.728430        0.372807
MDMin:  636 02:50:22    -2397.728950        0.371972
MDMin:  637 02:50:24    -2397.727904        0.591376
MDMin:  638 02:50:25    -2397.728683        0.371349
MDMin:  639 02:50:26    -2397.729196        0.370534
MDMin:  640 02:50:28    -2397.727760        0.594350
MDMin:  641 02:50:29    -2397.728917        0.369947
MDMin:  642 02:50:31    -2397.729096        0.591981
MDMin:  643 02:50:32    -2397.728370        0.369902
MDMin:  644 02:50:33    -2397.728866        0.369136
MDMin:  645 02:50:35    -2397.728765        0.595424
MDMin:  646 02:50:37    -2397.728565        0.368624
MDMin:  647 02:50:38    -2397.729067        0.367857
MDMin:  648 02:50:40    -2397.728620        0.598373
MDMin:  649 02:50:41    -2397.728764        0.367360
MDMin:  650 02:50:43    -2397.729260        0.366610
MDMin:  651 02:50:45    -2397.728500        0.601202
MDMin:  652 02:50:47    -2397.728947        0.366145
MDMin:  653 02:50:48    -2397.729437        0.365412
MDMin:  654 02:50:50    -2397.728400        0.603936
MDMin:  655 02:50:52    -2397.729115        0.364979
MDMin:  656 02:50:54    -2397.729599        0.364263
MDMin:  657 02:50:55    -2397.728317        0.606586
MDMin:  658 02:50:57    -2397.729267        0.363863
MDMin:  659 02:50:58    -2397.729642        0.604113
MDMin:  660 02:50:59    -2397.728675        0.363946
MDMin:  661 02:51:00    -2397.729145        0.363270
MDMin:  662 02:51:02    -2397.729384        0.607250
MDMin:  663 02:51:04    -2397.728796        0.362937
MDMin:  664 02:51:05    -2397.729271        0.362260
MDMin:  665 02:51:07    -2397.729299        0.609931
MDMin:  666 02:51:09    -2397.728920        0.361944
MDMin:  667 02:51:11    -2397.729390        0.361281
MDMin:  668 02:51:13    -2397.729237        0.612515
MDMin:  669 02:51:14    -2397.729030        0.360994
MDMin:  670 02:51:16    -2397.729496        0.360345
MDMin:  671 02:51:18    -2397.729194        0.615023
MDMin:  672 02:51:20    -2397.729128        0.360088
MDMin:  673 02:51:22    -2397.729589        0.359454
MDMin:  674 02:51:23    -2397.729167        0.617464
MDMin:  675 02:51:25    -2397.729213        0.359227
MDMin:  676 02:51:26    -2397.729670        0.358606
MDMin:  677 02:51:28    -2397.729156        0.619846
MDMin:  678 02:51:29    -2397.729285        0.358410
MDMin:  679 02:51:31    -2397.729738        0.357802
MDMin:  680 02:51:33    -2397.729161        0.622175
MDMin:  681 02:51:35    -2397.729345        0.357636
MDMin:  682 02:51:36    -2397.729794        0.357042
MDMin:  683 02:51:38    -2397.729181        0.624455
MDMin:  684 02:51:39    -2397.729394        0.356906
MDMin:  685 02:51:40    -2397.729839        0.356325
MDMin:  686 02:51:42    -2397.729215        0.626691
MDMin:  687 02:51:44    -2397.729431        0.356219
MDMin:  688 02:51:46    -2397.729872        0.355650
MDMin:  689 02:51:47    -2397.729262        0.628886
MDMin:  690 02:51:49    -2397.729457        0.355575
MDMin:  691 02:51:51    -2397.729894        0.355018
MDMin:  692 02:51:52    -2397.729323        0.631044
MDMin:  693 02:51:53    -2397.729472        0.354973
MDMin:  694 02:51:55    -2397.729906        0.354428
MDMin:  695 02:51:57    -2397.729397        0.633167
MDMin:  696 02:51:59    -2397.729476        0.354412
MDMin:  697 02:52:01    -2397.729907        0.353879
MDMin:  698 02:52:02    -2397.729483        0.635257
MDMin:  699 02:52:04    -2397.729470        0.353892
MDMin:  700 02:52:06    -2397.729897        0.353370
MDMin:  701 02:52:08    -2397.729582        0.637316
MDMin:  702 02:52:10    -2397.729454        0.353413
MDMin:  703 02:52:12    -2397.729878        0.352902
MDMin:  704 02:52:13    -2397.729691        0.639346
MDMin:  705 02:52:15    -2397.729427        0.352973
MDMin:  706 02:52:16    -2397.729848        0.352473
MDMin:  707 02:52:18    -2397.729812        0.641348
MDMin:  708 02:52:20    -2397.729391        0.352572
MDMin:  709 02:52:22    -2397.729809        0.352083
MDMin:  710 02:52:24    -2397.729944        0.643324
MDMin:  711 02:52:25    -2397.729345        0.352211
MDMin:  712 02:52:27    -2397.729759        0.351732
MDMin:  713 02:52:29    -2397.730087        0.645273
MDMin:  714 02:52:31    -2397.729289        0.351887
MDMin:  715 02:52:33    -2397.729701        0.351418
MDMin:  716 02:52:35    -2397.730239        0.647197
MDMin:  717 02:52:37    -2397.729225        0.351601
MDMin:  718 02:52:39    -2397.729633        0.351142
MDMin:  719 02:52:41    -2397.730349        0.350332
MDMin:  720 02:52:43    -2397.728684        0.655837
MDMin:  721 02:52:44    -2397.730070        0.350283
MDMin:  722 02:52:46    -2397.730277        0.652272
MDMin:  723 02:52:48    -2397.729377        0.350776
MDMin:  724 02:52:50    -2397.729770        0.350348
MDMin:  725 02:52:52    -2397.730329        0.654451
MDMin:  726 02:52:54    -2397.729268        0.350626
MDMin:  727 02:52:56    -2397.729665        0.350198
MDMin:  728 02:52:58    -2397.730362        0.349447
MDMin:  729 02:53:00    -2397.728853        0.662970
MDMin:  730 02:53:02    -2397.730052        0.349514
MDMin:  731 02:53:04    -2397.730448        0.349093
MDMin:  732 02:53:06    -2397.729292        0.664031
MDMin:  733 02:53:08    -2397.729937        0.349425
MDMin:  734 02:53:10    -2397.730324        0.349023
MDMin:  735 02:53:12    -2397.729584        0.665508
MDMin:  736 02:53:13    -2397.729802        0.349390
MDMin:  737 02:53:15    -2397.730186        0.348998
MDMin:  738 02:53:16    -2397.729875        0.667015
MDMin:  739 02:53:17    -2397.729657        0.349394
MDMin:  740 02:53:18    -2397.730039        0.349011
MDMin:  741 02:53:20    -2397.730169        0.668533
MDMin:  742 02:53:22    -2397.729505        0.349434
MDMin:  743 02:53:23    -2397.729883        0.349060
MDMin:  744 02:53:25    -2397.730466        0.670058
MDMin:  745 02:53:26    -2397.729343        0.349510
MDMin:  746 02:53:28    -2397.729720        0.349144
MDMin:  747 02:53:30    -2397.730374        0.348504
MDMin:  748 02:53:32    -2397.729161        0.678304
MDMin:  749 02:53:34    -2397.729999        0.348806
MDMin:  750 02:53:35    -2397.730376        0.348446
MDMin:  751 02:53:37    -2397.729696        0.679095
MDMin:  752 02:53:38    -2397.729823        0.348953
MDMin:  753 02:53:40    -2397.730189        0.348609
MDMin:  754 02:53:41    -2397.730075        0.680341
MDMin:  755 02:53:43    -2397.729626        0.349150
MDMin:  756 02:53:45    -2397.729989        0.348814
MDMin:  757 02:53:46    -2397.730449        0.681628
MDMin:  758 02:53:47    -2397.729420        0.349381
MDMin:  759 02:53:49    -2397.729781        0.349054
MDMin:  760 02:53:51    -2397.730406        0.348484
MDMin:  761 02:53:52    -2397.729265        0.689649
MDMin:  762 02:53:54    -2397.729983        0.348943
MDMin:  763 02:53:55    -2397.730345        0.348620
MDMin:  764 02:53:57    -2397.729876        0.690209
MDMin:  765 02:53:58    -2397.729763        0.349244
MDMin:  766 02:53:59    -2397.730115        0.348936
MDMin:  767 02:54:01    -2397.730321        0.691262
MDMin:  768 02:54:03    -2397.729522        0.349591
MDMin:  769 02:54:04    -2397.729872        0.349291
MDMin:  770 02:54:06    -2397.730472        0.348774
MDMin:  771 02:54:08    -2397.729239        0.699074
MDMin:  772 02:54:10    -2397.730011        0.349350
MDMin:  773 02:54:11    -2397.730362        0.349054
MDMin:  774 02:54:13    -2397.729916        0.699422
MDMin:  775 02:54:14    -2397.729756        0.349766
MDMin:  776 02:54:17    -2397.730097        0.349485
MDMin:  777 02:54:18    -2397.730418        0.700300
MDMin:  778 02:54:20    -2397.729480        0.350226
MDMin:  779 02:54:22    -2397.729818        0.349952
MDMin:  780 02:54:24    -2397.730396        0.349483
MDMin:  781 02:54:25    -2397.729425        0.707980
MDMin:  782 02:54:26    -2397.729895        0.350172
MDMin:  783 02:54:28    -2397.730235        0.349901
MDMin:  784 02:54:29    -2397.730161        0.708137
MDMin:  785 02:54:31    -2397.729605        0.350695
MDMin:  786 02:54:33    -2397.729934        0.350438
MDMin:  787 02:54:35    -2397.730494        0.350000
MDMin:  788 02:54:37    -2397.729258        0.715582
MDMin:  789 02:54:38    -2397.729963        0.350765
MDMin:  790 02:54:40    -2397.730295        0.350510
MDMin:  791 02:54:42    -2397.730054        0.715532
MDMin:  792 02:54:44    -2397.729646        0.351361
MDMin:  793 02:54:45    -2397.729967        0.351120
MDMin:  794 02:54:47    -2397.730509        0.350711
MDMin:  795 02:54:49    -2397.729228        0.722822
MDMin:  796 02:54:50    -2397.729946        0.351550
MDMin:  797 02:54:52    -2397.730271        0.351311
MDMin:  798 02:54:53    -2397.730078        0.722586
MDMin:  799 02:54:54    -2397.729601        0.352216
MDMin:  800 02:54:56    -2397.729915        0.351989
MDMin:  801 02:54:57    -2397.730439        0.351606
MDMin:  802 02:54:58    -2397.729321        0.729762
MDMin:  803 02:54:59    -2397.729843        0.352514
MDMin:  804 02:55:01    -2397.730160        0.352287
MDMin:  805 02:55:02    -2397.730224        0.729347
MDMin:  806 02:55:04    -2397.729469        0.353242
MDMin:  807 02:55:05    -2397.729775        0.353027
MDMin:  808 02:55:07    -2397.730282        0.352666
MDMin:  809 02:55:08    -2397.729532        0.736436
MDMin:  810 02:55:09    -2397.729650        0.353637
MDMin:  811 02:55:11    -2397.729960        0.353420
MDMin:  812 02:55:13    -2397.730466        0.353062
MDMin:  813 02:55:15    -2397.729100        0.742710
MDMin:  814 02:55:16    -2397.729814        0.354067
MDMin:  815 02:55:17    -2397.730120        0.353854
MDMin:  816 02:55:19    -2397.730126        0.741849
MDMin:  817 02:55:20    -2397.729392        0.354878
MDMin:  818 02:55:21    -2397.729684        0.354676
MDMin:  819 02:55:23    -2397.730163        0.354342
MDMin:  820 02:55:25    -2397.729565        0.748662
MDMin:  821 02:55:27    -2397.729469        0.355402
MDMin:  822 02:55:28    -2397.729767        0.355196
MDMin:  823 02:55:29    -2397.730244        0.354860
MDMin:  824 02:55:31    -2397.729270        0.754654
MDMin:  825 02:55:32    -2397.729529        0.355946
MDMin:  826 02:55:34    -2397.729822        0.355741
MDMin:  827 02:55:36    -2397.730288        0.355409
MDMin:  828 02:55:38    -2397.729063        0.760375
MDMin:  829 02:55:40    -2397.729548        0.356519
MDMin:  830 02:55:42    -2397.729836        0.356315
MDMin:  831 02:55:44    -2397.730252        0.758900
MDMin:  832 02:55:46    -2397.729051        0.357406
MDMin:  833 02:55:48    -2397.729324        0.357211
MDMin:  834 02:55:50    -2397.729761        0.356893
MDMin:  835 02:55:52    -2397.729870        0.765374
MDMin:  836 02:55:54    -2397.728979        0.358029
MDMin:  837 02:55:56    -2397.729257        0.357822
MDMin:  838 02:55:58    -2397.729692        0.357492
MDMin:  839 02:56:00    -2397.729762        0.770985
MDMin:  840 02:56:02    -2397.728891        0.358630
MDMin:  841 02:56:04    -2397.729162        0.358419
MDMin:  842 02:56:06    -2397.729585        0.358082
MDMin:  843 02:56:08    -2397.729738        0.776320
MDMin:  844 02:56:11    -2397.728767        0.359210
MDMin:  845 02:56:12    -2397.729030        0.358993
MDMin:  846 02:56:14    -2397.729438        0.358649
MDMin:  847 02:56:15    -2397.729778        0.781449
MDMin:  848 02:56:18    -2397.728608        0.359754
MDMin:  849 02:56:20    -2397.728861        0.359531
MDMin:  850 02:56:22    -2397.729254        0.359177
MDMin:  851 02:56:24    -2397.729780        0.358684
MDMin:  852 02:56:26    -2397.728327        0.795137
MDMin:  853 02:56:28    -2397.728943        0.359753
MDMin:  854 02:56:30    -2397.729191        0.359509
MDMin:  855 02:56:32    -2397.729568        0.359126
MDMin:  856 02:56:34    -2397.728840        0.798485
MDMin:  857 02:56:35    -2397.728832        0.360010
MDMin:  858 02:56:37    -2397.729042        0.359787
MDMin:  859 02:56:38    -2397.729356        0.359446
MDMin:  860 02:56:40    -2397.729213        0.801693
MDMin:  861 02:56:41    -2397.728632        0.360274
MDMin:  862 02:56:43    -2397.728838        0.360039
MDMin:  863 02:56:45    -2397.729162        0.359660
MDMin:  864 02:56:47    -2397.729284        0.806354
MDMin:  865 02:56:50    -2397.728461        0.360417
MDMin:  866 02:56:51    -2397.728656        0.360174
MDMin:  867 02:56:53    -2397.728964        0.359782
MDMin:  868 02:56:54    -2397.729291        0.811437
MDMin:  869 02:56:56    -2397.728093        0.360672
MDMin:  870 02:56:57    -2397.728290        0.360405
MDMin:  871 02:56:59    -2397.728586        0.359990
MDMin:  872 02:57:01    -2397.728973        0.359424
MDMin:  873 02:57:03    -2397.728440        0.822895
MDMin:  874 02:57:05    -2397.728065        0.360226
MDMin:  875 02:57:07    -2397.728260        0.359915
MDMin:  876 02:57:09    -2397.728553        0.359435
MDMin:  877 02:57:11    -2397.728938        0.358773
MDMin:  878 02:57:13    -2397.727753        0.834279
MDMin:  879 02:57:15    -2397.727956        0.359497
MDMin:  880 02:57:17    -2397.728140        0.359147
MDMin:  881 02:57:19    -2397.728410        0.368877
MDMin:  882 02:57:21    -2397.728696        0.358034
MDMin:  883 02:57:23    -2397.727918        0.841193
MDMin:  884 02:57:24    -2397.727815        0.358596
MDMin:  885 02:57:26    -2397.727974        0.358238
MDMin:  886 02:57:28    -2397.728215        0.357681
MDMin:  887 02:57:30    -2397.728533        0.356914
MDMin:  888 02:57:32    -2397.727339        0.852179
MDMin:  889 02:57:34    -2397.727513        0.357381
MDMin:  890 02:57:36    -2397.727665        0.356969
MDMin:  891 02:57:38    -2397.727873        0.356390
MDMin:  892 02:57:40    -2397.728094        0.378792
MDMin:  893 02:57:42    -2397.728012        0.856320
MDMin:  894 02:57:44    -2397.727108        0.356286
MDMin:  895 02:57:46    -2397.727241        0.355866
MDMin:  896 02:57:48    -2397.727438        0.355222
MDMin:  897 02:57:50    -2397.727696        0.354349
MDMin:  898 02:57:52    -2397.727699        0.866448
MDMin:  899 02:57:54    -2397.726625        0.354599
MDMin:  900 02:57:56    -2397.726751        0.354109
MDMin:  901 02:57:58    -2397.726933        0.353377
MDMin:  902 02:58:00    -2397.727168        0.352391
MDMin:  903 02:58:02    -2397.727455        0.351132
MDMin:  904 02:58:04    -2397.726473        0.885034
MDMin:  905 02:58:06    -2397.726250        0.351023
MDMin:  906 02:58:08    -2397.726358        0.415411
MDMin:  907 02:58:10    -2397.726480        0.349780
MDMin:  908 02:58:12    -2397.726645        0.348839
MDMin:  909 02:58:14    -2397.726846        0.347652
MDMin:  910 02:58:16    -2397.726664        0.895687
MDMin:  911 02:58:17    -2397.725654        0.347466
MDMin:  912 02:58:19    -2397.725740        0.346830
MDMin:  913 02:58:21    -2397.725861        0.345905
MDMin:  914 02:58:22    -2397.726016        0.344679
MDMin:  915 02:58:24    -2397.726201        0.343148
MDMin:  916 02:58:26    -2397.726291        0.910964
MDMin:  917 02:58:28    -2397.724833        0.342660
MDMin:  918 02:58:29    -2397.724901        0.341869
MDMin:  919 02:58:30    -2397.724992        0.340769
MDMin:  920 02:58:32    -2397.725106        0.339339
MDMin:  921 02:58:33    -2397.725241        0.337558
MDMin:  922 02:58:35    -2397.725396        0.335407
MDMin:  923 02:58:36    -2397.725170        0.935913
MDMin:  924 02:58:38    -2397.723848        0.334157
MDMin:  925 02:58:39    -2397.723880        0.333214
MDMin:  926 02:58:41    -2397.723923        0.331920
MDMin:  927 02:58:43    -2397.723976        0.330258
MDMin:  928 02:58:45    -2397.724037        0.328215
MDMin:  929 02:58:47    -2397.724106        0.325784
MDMin:  930 02:58:49    -2397.724179        0.322962
MDMin:  931 02:58:51    -2397.724049        0.967252
MDMin:  932 02:58:53    -2397.722469        0.323681
MDMin:  933 02:58:55    -2397.722452        0.323989
MDMin:  934 02:58:57    -2397.722430        0.324390
MDMin:  935 02:58:59    -2397.722404        0.324879
MDMin:  936 02:59:01    -2397.722372        0.325453
MDMin:  937 02:59:03    -2397.722335        0.326106
MDMin:  938 02:59:05    -2397.722291        0.326835
MDMin:  939 02:59:07    -2397.722237        0.327635
MDMin:  940 02:59:08    -2397.722169        0.328500
MDMin:  941 02:59:10    -2397.722086        0.329390
MDMin:  942 02:59:12    -2397.721506        1.026419
MDMin:  943 02:59:13    -2397.719847        0.330561
MDMin:  944 02:59:14    -2397.719717        0.330971
MDMin:  945 02:59:16    -2397.719561        0.331473
MDMin:  946 02:59:17    -2397.719379        0.332070
MDMin:  947 02:59:19    -2397.719174        0.332762
MDMin:  948 02:59:20    -2397.718945        0.333547
MDMin:  949 02:59:22    -2397.718693        0.334421
MDMin:  950 02:59:24    -2397.718418        0.335376
MDMin:  951 02:59:26    -2397.718118        0.336405
MDMin:  952 02:59:28    -2397.717791        0.337496
MDMin:  953 02:59:30    -2397.717436        0.338641
MDMin:  954 02:59:32    -2397.717049        0.339827
MDMin:  955 02:59:34    -2397.716630        0.341039
MDMin:  956 02:59:36    -2397.716178        0.342248
MDMin:  957 02:59:38    -2397.715693        0.343459
MDMin:  958 02:59:40    -2397.715177        0.344710
MDMin:  959 02:59:42    -2397.714631        0.345996
MDMin:  960 02:59:43    -2397.714055        0.347295
MDMin:  961 02:59:45    -2397.713448        0.348579
MDMin:  962 02:59:47    -2397.712809        0.349805
MDMin:  963 02:59:49    -2397.712146        0.350889
MDMin:  964 02:59:51    -2397.711471        0.351727
MDMin:  965 02:59:53    -2397.710847        0.352160
MDMin:  966 02:59:55    -2397.710270        0.352192
MDMin:  967 02:59:57    -2397.709694        0.351822
MDMin:  968 02:59:59    -2397.709123        0.350969
MDMin:  969 03:00:01    -2397.708577        0.349570
MDMin:  970 03:00:03    -2397.708069        0.347614
MDMin:  971 03:00:05    -2397.707619        0.352193
MDMin:  972 03:00:07    -2397.707249        0.358224
MDMin:  973 03:00:09    -2397.706968        0.363418
MDMin:  974 03:00:11    -2397.706739        0.368108
MDMin:  975 03:00:13    -2397.706528        0.372917
MDMin:  976 03:00:15    -2397.706322        0.378110
MDMin:  977 03:00:17    -2397.706123        0.383725
MDMin:  978 03:00:18    -2397.705937        0.389632
MDMin:  979 03:00:20    -2397.705772        0.395504
MDMin:  980 03:00:22    -2397.705634        0.400966
MDMin:  981 03:00:24    -2397.705519        0.406062
MDMin:  982 03:00:25    -2397.705412        0.411250
MDMin:  983 03:00:27    -2397.705308        0.416891
MDMin:  984 03:00:29    -2397.705203        0.423199
MDMin:  985 03:00:31    -2397.705098        0.430319
MDMin:  986 03:00:33    -2397.704994        0.438371
MDMin:  987 03:00:35    -2397.704894        0.447456
MDMin:  988 03:00:37    -2397.704799        0.457634
MDMin:  989 03:00:39    -2397.704712        0.468842
MDMin:  990 03:00:41    -2397.704636        0.480746
MDMin:  991 03:00:43    -2397.704575        0.492688
MDMin:  992 03:00:45    -2397.704527        0.504159
MDMin:  993 03:00:47    -2397.704488        0.515560
MDMin:  994 03:00:49    -2397.704454        0.527860
MDMin:  995 03:00:51    -2397.704423        0.541839
MDMin:  996 03:00:53    -2397.704396        0.558125
MDMin:  997 03:00:55    -2397.704373        0.577327
MDMin:  998 03:00:57    -2397.704355        0.600122
MDMin:  999 03:00:59    -2397.704343        0.627246
MDMin:  1000 03:01:01    -2397.704339        0.659391
MDMin:  1001 03:01:02    -2397.704341        0.696923
MDMin:  1002 03:01:04    -2397.704351        0.739373
MDMin:  1003 03:01:06    -2397.704367        0.785026
MDMin:  1004 03:01:07    -2397.704389        0.831179
MDMin:  1005 03:01:09    -2397.704416        0.875240
MDMin:  1006 03:01:11    -2397.704447        0.914851
MDMin:  1007 03:01:13    -2397.704484        0.946468
MDMin:  1008 03:01:15    -2397.704528        0.964634
MDMin:  1009 03:01:17    -2397.704581        0.962785
MDMin:  1010 03:01:19    -2397.704645        0.935666
MDMin:  1011 03:01:22    -2397.704721        0.882452
MDMin:  1012 03:01:24    -2397.704813        0.808720
MDMin:  1013 03:01:26    -2397.704922        0.725297
MDMin:  1014 03:01:28    -2397.705045        0.785505
MDMin:  1015 03:01:30    -2397.705175        0.860531
MDMin:  1016 03:01:32    -2397.705296        0.944038
MDMin:  1017 03:01:34    -2397.705404        1.031438
MDMin:  1018 03:01:36    -2397.705508        1.125607
MDMin:  1019 03:01:38    -2397.705614        1.226135
MDMin:  1020 03:01:40    -2397.705723        1.322429
MDMin:  1021 03:01:41    -2397.705835        1.392691
MDMin:  1022 03:01:43    -2397.705949        1.409142
MDMin:  1023 03:01:44    -2397.706066        1.352115
MDMin:  1024 03:01:45    -2397.706187        1.228420
MDMin:  1025 03:01:46    -2397.706307        1.076539
MDMin:  1026 03:01:48    -2397.706418        0.941646
MDMin:  1027 03:01:50    -2397.706505        0.842262
MDMin:  1028 03:01:51    -2397.706553        0.801728
MDMin:  1029 03:01:52    -2397.706565        0.851045
MDMin:  1030 03:01:54    -2397.706564        0.894240
MDMin:  1031 03:01:55    -2397.706556        0.944546
MDMin:  1032 03:01:56    -2397.706538        1.003233
MDMin:  1033 03:01:58    -2397.706509        1.066275
MDMin:  1034 03:01:59    -2397.706465        1.124598
MDMin:  1035 03:02:00    -2397.706404        1.163950
MDMin:  1036 03:02:02    -2397.706320        1.167664
MDMin:  1037 03:02:03    -2397.706208        1.123626
MDMin:  1038 03:02:04    -2397.706057        1.033455
MDMin:  1039 03:02:06    -2397.705856        0.916880
MDMin:  1040 03:02:07    -2397.705589        0.802507
MDMin:  1041 03:02:08    -2397.705243        0.708771
MDMin:  1042 03:02:10    -2397.704808        0.724344
MDMin:  1043 03:02:11    -2397.704301        0.789323
MDMin:  1044 03:02:12    -2397.703857        0.847094
MDMin:  1045 03:02:14    -2397.703610        0.877269
MDMin:  1046 03:02:15    -2397.703342        0.907596
MDMin:  1047 03:02:16    -2397.703028        0.938401
MDMin:  1048 03:02:18    -2397.702661        0.965815
MDMin:  1049 03:02:20    -2397.702234        0.984177
MDMin:  1050 03:02:21    -2397.701738        0.986875
MDMin:  1051 03:02:22    -2397.701160        0.968149
MDMin:  1052 03:02:24    -2397.700485        0.925626
MDMin:  1053 03:02:25    -2397.699692        0.862234
MDMin:  1054 03:02:27    -2397.698760        0.785743
MDMin:  1055 03:02:28    -2397.697669        0.705741
MDMin:  1056 03:02:30    -2397.696397        0.676408
MDMin:  1057 03:02:31    -2397.694933        0.704930
MDMin:  1058 03:02:33    -2397.693283        0.741290
MDMin:  1059 03:02:34    -2397.691558        0.781736
MDMin:  1060 03:02:35    -2397.690238        0.810369
MDMin:  1061 03:02:36    -2397.689571        0.822771
MDMin:  1062 03:02:38    -2397.688818        0.834671
MDMin:  1063 03:02:39    -2397.687949        0.844882
MDMin:  1064 03:02:40    -2397.686960        0.851093
MDMin:  1065 03:02:42    -2397.685842        0.850518
MDMin:  1066 03:02:43    -2397.684587        0.840415
MDMin:  1067 03:02:44    -2397.683185        0.818901
MDMin:  1068 03:02:45    -2397.681625        0.785750
MDMin:  1069 03:02:47    -2397.679900        0.742640
MDMin:  1070 03:02:48    -2397.678004        0.692730
MDMin:  1071 03:02:49    -2397.675938        0.639537
MDMin:  1072 03:02:50    -2397.673711        0.589683
MDMin:  1073 03:02:52    -2397.671341        0.607970
MDMin:  1074 03:02:53    -2397.668859        0.632329
MDMin:  1075 03:02:55    -2397.666332        0.663450
MDMin:  1076 03:02:58    -2397.663937        0.697371
MDMin:  1077 03:03:00    -2397.662155        0.721991
MDMin:  1078 03:03:01    -2397.661282        0.732326
MDMin:  1079 03:03:03    -2397.660459        0.740413
MDMin:  1080 03:03:05    -2397.659551        0.746718
MDMin:  1081 03:03:07    -2397.658564        0.749376
MDMin:  1082 03:03:09    -2397.657511        0.746055
MDMin:  1083 03:03:11    -2397.656407        0.734381
MDMin:  1084 03:03:13    -2397.655274        0.712610
MDMin:  1085 03:03:15    -2397.654136        0.680423
MDMin:  1086 03:03:16    -2397.653026        0.647693
MDMin:  1087 03:03:18    -2397.651984        0.664769
MDMin:  1088 03:03:20    -2397.651057        0.667993
MDMin:  1089 03:03:22    -2397.650306        0.646414
MDMin:  1090 03:03:24    -2397.649826        0.593844
MDMin:  1091 03:03:26    -2397.649785        0.518020
MDMin:  1092 03:03:28    -2397.650458        0.439759
MDMin:  1093 03:03:30    -2397.652065        0.594128
MDMin:  1094 03:03:32    -2397.653371        0.653903
MDMin:  1095 03:03:34    -2397.653687        0.391513
MDMin:  1096 03:03:36    -2397.654202        0.382042
MDMin:  1097 03:03:38    -2397.654936        0.381914
MDMin:  1098 03:03:40    -2397.655894        0.381765
MDMin:  1099 03:03:42    -2397.657123        0.381598
MDMin:  1100 03:03:44    -2397.658679        0.381413
MDMin:  1101 03:03:46    -2397.660629        0.381210
MDMin:  1102 03:03:48    -2397.663053        0.380986
MDMin:  1103 03:03:50    -2397.666039        0.380737
MDMin:  1104 03:03:52    -2397.669682        0.380456
MDMin:  1105 03:03:54    -2397.674078        0.380130
MDMin:  1106 03:03:56    -2397.679305        0.379747
MDMin:  1107 03:03:58    -2397.685387        0.379289
MDMin:  1108 03:04:00    -2397.692211        0.378733
MDMin:  1109 03:04:02    -2397.699394        0.378048
MDMin:  1110 03:04:04    -2397.706125        0.377195
MDMin:  1111 03:04:05    -2397.711312        0.376116
MDMin:  1112 03:04:07    -2397.714466        0.374737
MDMin:  1113 03:04:08    -2397.716480        0.372980
MDMin:  1114 03:04:09    -2397.718489        0.370756
MDMin:  1115 03:04:11    -2397.720777        0.367959
MDMin:  1116 03:04:13    -2397.720572        0.544461
MDMin:  1117 03:04:15    -2397.722146        0.363219
MDMin:  1118 03:04:16    -2397.721665        0.468683
MDMin:  1119 03:04:18    -2397.721856        0.361908
MDMin:  1120 03:04:20    -2397.721834        0.448632
MDMin:  1121 03:04:21    -2397.721580        0.360934
MDMin:  1122 03:04:23    -2397.721928        0.434840
MDMin:  1123 03:04:24    -2397.721301        0.360073
MDMin:  1124 03:04:26    -2397.721785        0.359638
MDMin:  1125 03:04:28    -2397.721460        0.426584
MDMin:  1126 03:04:29    -2397.721550        0.358504
MDMin:  1127 03:04:31    -2397.721568        0.412754
MDMin:  1128 03:04:33    -2397.721301        0.357572
MDMin:  1129 03:04:35    -2397.721635        0.401948
MDMin:  1130 03:04:38    -2397.721054        0.356692
MDMin:  1131 03:04:39    -2397.721584        0.356241
MDMin:  1132 03:04:41    -2397.721136        0.396559
MDMin:  1133 03:04:43    -2397.721403        0.355042
MDMin:  1134 03:04:45    -2397.721231        0.384407
MDMin:  1135 03:04:47    -2397.721194        0.354058
MDMin:  1136 03:04:49    -2397.721285        0.374903
MDMin:  1137 03:04:51    -2397.720986        0.353126
MDMin:  1138 03:04:53    -2397.721325        0.366457
MDMin:  1139 03:04:55    -2397.720788        0.352200
MDMin:  1140 03:04:57    -2397.721359        0.358634
MDMin:  1141 03:04:58    -2397.720604        0.351269
MDMin:  1142 03:05:00    -2397.721197        0.350790
MDMin:  1143 03:05:01    -2397.720808        0.356721
MDMin:  1144 03:05:03    -2397.721108        0.349486
MDMin:  1145 03:05:05    -2397.720881        0.348929
MDMin:  1146 03:05:07    -2397.720964        0.348422
MDMin:  1147 03:05:09    -2397.720912        0.347903
MDMin:  1148 03:05:11    -2397.720816        0.347410
MDMin:  1149 03:05:13    -2397.720930        0.346898
MDMin:  1150 03:05:15    -2397.720675        0.346403
MDMin:  1151 03:05:17    -2397.720941        0.345889
MDMin:  1152 03:05:19    -2397.720546        0.345389
MDMin:  1153 03:05:20    -2397.720949        0.344871
MDMin:  1154 03:05:23    -2397.720429        0.344365
MDMin:  1155 03:05:25    -2397.720952        0.343842
MDMin:  1156 03:05:26    -2397.720324        0.343329
MDMin:  1157 03:05:28    -2397.720951        0.342801
MDMin:  1158 03:05:30    -2397.720231        0.342281
MDMin:  1159 03:05:33    -2397.720885        0.341748
MDMin:  1160 03:05:35    -2397.720315        0.340936
MDMin:  1161 03:05:37    -2397.720830        0.340271
MDMin:  1162 03:05:39    -2397.719590        0.339318
MDMin:  1163 03:05:41    -2397.720552        0.338571
MDMin:  1164 03:05:43    -2397.720173        0.337527
MDMin:  1165 03:05:44    -2397.720743        0.336738
MDMin:  1166 03:05:46    -2397.720231        0.336051
MDMin:  1167 03:05:47    -2397.720685        0.335427
MDMin:  1168 03:05:48    -2397.719553        0.334501
MDMin:  1169 03:05:50    -2397.720484        0.333759
MDMin:  1170 03:05:52    -2397.719978        0.332707
MDMin:  1171 03:05:54    -2397.720548        0.331984
MDMin:  1172 03:05:56    -2397.719326        0.331857
MDMin:  1173 03:05:58    -2397.720380        0.331759
MDMin:  1174 03:06:00    -2397.719802        0.331624
MDMin:  1175 03:06:02    -2397.720396        0.331519
MDMin:  1176 03:06:03    -2397.719290        0.332585
MDMin:  1177 03:06:05    -2397.720376        0.331269
MDMin:  1178 03:06:06    -2397.719607        0.331122
MDMin:  1179 03:06:08    -2397.720206        0.331009
MDMin:  1180 03:06:11    -2397.719353        0.335810
MDMin:  1181 03:06:13    -2397.720320        0.330742
MDMin:  1182 03:06:15    -2397.719620        0.334890
MDMin:  1183 03:06:17    -2397.720284        0.330557
MDMin:  1184 03:06:19    -2397.719728        0.335002
MDMin:  1185 03:06:21    -2397.720214        0.330390
MDMin:  1186 03:06:23    -2397.719804        0.335314
MDMin:  1187 03:06:25    -2397.720133        0.330225
MDMin:  1188 03:06:27    -2397.719874        0.335645
MDMin:  1189 03:06:29    -2397.720048        0.330060
MDMin:  1190 03:06:31    -2397.719945        0.335956
MDMin:  1191 03:06:33    -2397.719958        0.329894
MDMin:  1192 03:06:35    -2397.720018        0.336237
MDMin:  1193 03:06:37    -2397.719865        0.329727
MDMin:  1194 03:06:39    -2397.720093        0.336488
MDMin:  1195 03:06:41    -2397.719769        0.329560
MDMin:  1196 03:06:43    -2397.720167        0.329475
MDMin:  1197 03:06:45    -2397.719173        0.345463
MDMin:  1198 03:06:47    -2397.720129        0.338075
MDMin:  1199 03:06:49    -2397.719267        0.329106
MDMin:  1200 03:06:51    -2397.719813        0.328991
MDMin:  1201 03:06:53    -2397.719310        0.346858
MDMin:  1202 03:06:55    -2397.719843        0.328723
MDMin:  1203 03:06:57    -2397.719634        0.345143
MDMin:  1204 03:06:59    -2397.719756        0.328537
MDMin:  1205 03:07:01    -2397.719801        0.344524
MDMin:  1206 03:07:03    -2397.719642        0.328369
MDMin:  1207 03:07:05    -2397.719933        0.344143
MDMin:  1208 03:07:07    -2397.719519        0.328207
MDMin:  1209 03:07:09    -2397.719911        0.328124
MDMin:  1210 03:07:11    -2397.719107        0.352001
MDMin:  1211 03:07:13    -2397.719859        0.327908
MDMin:  1212 03:07:15    -2397.719389        0.350451
MDMin:  1213 03:07:17    -2397.719742        0.327739
MDMin:  1214 03:07:19    -2397.719571        0.349601
MDMin:  1215 03:07:20    -2397.719609        0.327582
MDMin:  1216 03:07:21    -2397.719730        0.348920
MDMin:  1217 03:07:23    -2397.719469        0.327428
MDMin:  1218 03:07:25    -2397.719855        0.327351
MDMin:  1219 03:07:26    -2397.718957        0.356131
MDMin:  1220 03:07:28    -2397.719782        0.327148
MDMin:  1221 03:07:29    -2397.719266        0.354290
MDMin:  1222 03:07:31    -2397.719648        0.326990
MDMin:  1223 03:07:32    -2397.719473        0.353185
MDMin:  1224 03:07:34    -2397.719499        0.326844
MDMin:  1225 03:07:35    -2397.719653        0.352265
MDMin:  1226 03:07:37    -2397.719343        0.326701
MDMin:  1227 03:07:39    -2397.719725        0.326629
MDMin:  1228 03:07:41    -2397.718926        0.358983
MDMin:  1229 03:07:43    -2397.719632        0.326443
MDMin:  1230 03:07:44    -2397.719254        0.356924
MDMin:  1231 03:07:46    -2397.719482        0.326298
MDMin:  1232 03:07:47    -2397.719477        0.355626
MDMin:  1233 03:07:48    -2397.719317        0.326164
MDMin:  1234 03:07:50    -2397.719673        0.354525
MDMin:  1235 03:07:52    -2397.719147        0.326034
MDMin:  1236 03:07:54    -2397.719525        0.325969
MDMin:  1237 03:07:55    -2397.718987        0.360854
MDMin:  1238 03:07:56    -2397.719413        0.325799
MDMin:  1239 03:07:58    -2397.719328        0.358629
MDMin:  1240 03:08:00    -2397.719248        0.325668
MDMin:  1241 03:08:02    -2397.719563        0.357180
MDMin:  1242 03:08:05    -2397.719069        0.325547
MDMin:  1243 03:08:07    -2397.719444        0.325487
MDMin:  1244 03:08:09    -2397.718913        0.363113
MDMin:  1245 03:08:11    -2397.719319        0.325331
MDMin:  1246 03:08:12    -2397.719272        0.360709
MDMin:  1247 03:08:14    -2397.719142        0.325211
MDMin:  1248 03:08:15    -2397.719519        0.325153
MDMin:  1249 03:08:16    -2397.718663        0.366168
MDMin:  1250 03:08:17    -2397.719385        0.325007
MDMin:  1251 03:08:19    -2397.719049        0.363541
MDMin:  1252 03:08:20    -2397.719201        0.324894
MDMin:  1253 03:08:21    -2397.719316        0.361772
MDMin:  1254 03:08:22    -2397.719003        0.324791
MDMin:  1255 03:08:24    -2397.719369        0.324739
MDMin:  1256 03:08:25    -2397.718724        0.367078
MDMin:  1257 03:08:27    -2397.719220        0.324606
MDMin:  1258 03:08:29    -2397.719110        0.364402
MDMin:  1259 03:08:31    -2397.719024        0.324503
MDMin:  1260 03:08:32    -2397.719382        0.362560
MDMin:  1261 03:08:33    -2397.718816        0.324407
MDMin:  1262 03:08:35    -2397.719179        0.324359
MDMin:  1263 03:08:36    -2397.718814        0.367678
MDMin:  1264 03:08:38    -2397.719017        0.324237
MDMin:  1265 03:08:39    -2397.719204        0.364927
MDMin:  1266 03:08:41    -2397.718811        0.324141
MDMin:  1267 03:08:43    -2397.719176        0.324095
MDMin:  1268 03:08:44    -2397.718671        0.369679
MDMin:  1269 03:08:46    -2397.719007        0.323977
MDMin:  1270 03:08:48    -2397.719080        0.366761
MDMin:  1271 03:08:50    -2397.718794        0.323886
MDMin:  1272 03:08:52    -2397.719156        0.323841
MDMin:  1273 03:08:54    -2397.718571        0.371264
MDMin:  1274 03:08:55    -2397.718977        0.323729
MDMin:  1275 03:08:57    -2397.718991        0.368241
MDMin:  1276 03:08:58    -2397.718757        0.323641
MDMin:  1277 03:08:59    -2397.719115        0.323598
MDMin:  1278 03:09:01    -2397.718503        0.372538
MDMin:  1279 03:09:03    -2397.718928        0.323488
MDMin:  1280 03:09:05    -2397.718931        0.369431
MDMin:  1281 03:09:07    -2397.718701        0.323402
MDMin:  1282 03:09:09    -2397.719055        0.323360
MDMin:  1283 03:09:11    -2397.718462        0.373555
MDMin:  1284 03:09:12    -2397.718860        0.323252
MDMin:  1285 03:09:14    -2397.718897        0.370377
MDMin:  1286 03:09:16    -2397.718626        0.323166
MDMin:  1287 03:09:18    -2397.718977        0.323124
MDMin:  1288 03:09:20    -2397.718445        0.374351
MDMin:  1289 03:09:22    -2397.718773        0.323016
MDMin:  1290 03:09:24    -2397.718884        0.371115
MDMin:  1291 03:09:26    -2397.718534        0.322930
MDMin:  1292 03:09:28    -2397.718882        0.322887
MDMin:  1293 03:09:30    -2397.718448        0.374957
MDMin:  1294 03:09:32    -2397.718670        0.322776
MDMin:  1295 03:09:34    -2397.718890        0.371671
MDMin:  1296 03:09:36    -2397.718424        0.322688
MDMin:  1297 03:09:38    -2397.718769        0.322643
MDMin:  1298 03:09:40    -2397.718469        0.375398
MDMin:  1299 03:09:42    -2397.718550        0.322529
MDMin:  1300 03:09:44    -2397.718913        0.372067
MDMin:  1301 03:09:46    -2397.718299        0.322437
MDMin:  1302 03:09:48    -2397.718641        0.322390
MDMin:  1303 03:09:50    -2397.718505        0.375690
MDMin:  1304 03:09:52    -2397.718415        0.322270
MDMin:  1305 03:09:54    -2397.718783        0.322218
MDMin:  1306 03:09:56    -2397.718182        0.378546
MDMin:  1307 03:09:58    -2397.718558        0.322088
MDMin:  1308 03:10:00    -2397.718672        0.374857
MDMin:  1309 03:10:02    -2397.718299        0.321985
MDMin:  1310 03:10:04    -2397.718635        0.321934
MDMin:  1311 03:10:06    -2397.718300        0.378123
MDMin:  1312 03:10:08    -2397.718398        0.321800
MDMin:  1313 03:10:10    -2397.718759        0.321742
MDMin:  1314 03:10:12    -2397.718011        0.380658
MDMin:  1315 03:10:13    -2397.718523        0.321595
MDMin:  1316 03:10:15    -2397.718515        0.376849
MDMin:  1317 03:10:16    -2397.718254        0.321479
MDMin:  1318 03:10:17    -2397.718585        0.321421
MDMin:  1319 03:10:18    -2397.718169        0.379867
MDMin:  1320 03:10:20    -2397.718337        0.321269
MDMin:  1321 03:10:22    -2397.718642        0.376252
MDMin:  1322 03:10:24    -2397.718062        0.321144
MDMin:  1323 03:10:26    -2397.718389        0.321081
MDMin:  1324 03:10:28    -2397.718300        0.379287
MDMin:  1325 03:10:29    -2397.718135        0.320915
MDMin:  1326 03:10:31    -2397.718487        0.320843
MDMin:  1327 03:10:32    -2397.718042        0.381583
MDMin:  1328 03:10:34    -2397.718233        0.320660
MDMin:  1329 03:10:35    -2397.718547        0.377691
MDMin:  1330 03:10:37    -2397.717952        0.320515
MDMin:  1331 03:10:38    -2397.718275        0.320442
MDMin:  1332 03:10:39    -2397.718231        0.380497
MDMin:  1333 03:10:40    -2397.718011        0.320250
MDMin:  1334 03:10:42    -2397.718358        0.320166
MDMin:  1335 03:10:44    -2397.717998        0.382590
MDMin:  1336 03:10:46    -2397.718094        0.319954
MDMin:  1337 03:10:48    -2397.718443        0.319864
MDMin:  1338 03:10:50    -2397.717798        0.384367
MDMin:  1339 03:10:52    -2397.718177        0.319638
MDMin:  1340 03:10:54    -2397.718326        0.380278
MDMin:  1341 03:10:56    -2397.717886        0.319460
MDMin:  1342 03:10:58    -2397.718201        0.319370
MDMin:  1343 03:11:00    -2397.718045        0.382761
MDMin:  1344 03:11:02    -2397.717924        0.319135
MDMin:  1345 03:11:03    -2397.718262        0.319032
MDMin:  1346 03:11:04    -2397.717845        0.384554
MDMin:  1347 03:11:06    -2397.717985        0.318774
MDMin:  1348 03:11:08    -2397.718326        0.318664
MDMin:  1349 03:11:10    -2397.717678        0.386062
MDMin:  1350 03:11:11    -2397.718046        0.318388
MDMin:  1351 03:11:13    -2397.718213        0.381872
MDMin:  1352 03:11:15    -2397.717746        0.318172
MDMin:  1353 03:11:17    -2397.718054        0.318063
MDMin:  1354 03:11:19    -2397.717959        0.384135
MDMin:  1355 03:11:21    -2397.717765        0.317778
MDMin:  1356 03:11:23    -2397.718096        0.317653
MDMin:  1357 03:11:25    -2397.717786        0.385716
MDMin:  1358 03:11:27    -2397.717807        0.317341
MDMin:  1359 03:11:29    -2397.718140        0.317208
MDMin:  1360 03:11:31    -2397.717642        0.387027
MDMin:  1361 03:11:33    -2397.717849        0.316875
MDMin:  1362 03:11:35    -2397.718180        0.382761
MDMin:  1363 03:11:37    -2397.717539        0.316616
MDMin:  1364 03:11:39    -2397.717842        0.316484
MDMin:  1365 03:11:41    -2397.717948        0.384857
MDMin:  1366 03:11:42    -2397.717541        0.316143
MDMin:  1367 03:11:44    -2397.717866        0.315994
MDMin:  1368 03:11:47    -2397.717796        0.386274
MDMin:  1369 03:11:48    -2397.717566        0.315620
MDMin:  1370 03:11:49    -2397.717893        0.315461
MDMin:  1371 03:11:51    -2397.717672        0.387432
MDMin:  1372 03:11:52    -2397.717590        0.315065
MDMin:  1373 03:11:54    -2397.717916        0.314897
MDMin:  1374 03:11:56    -2397.717565        0.388438
MDMin:  1375 03:11:58    -2397.717609        0.314480
MDMin:  1376 03:12:00    -2397.717934        0.314304
MDMin:  1377 03:12:02    -2397.717470        0.389330
MDMin:  1378 03:12:03    -2397.717624        0.313868
MDMin:  1379 03:12:05    -2397.717946        0.313683
MDMin:  1380 03:12:06    -2397.717386        0.390126
MDMin:  1381 03:12:08    -2397.717633        0.313225
MDMin:  1382 03:12:09    -2397.717941        0.385645
MDMin:  1383 03:12:11    -2397.717308        0.312870
MDMin:  1384 03:12:12    -2397.717600        0.312690
MDMin:  1385 03:12:13    -2397.717755        0.387350
MDMin:  1386 03:12:15    -2397.717280        0.312224
MDMin:  1387 03:12:17    -2397.717593        0.312021
MDMin:  1388 03:12:19    -2397.717647        0.388391
MDMin:  1389 03:12:21    -2397.717272        0.311514
MDMin:  1390 03:12:22    -2397.717588        0.311298
MDMin:  1391 03:12:24    -2397.717565        0.389201
MDMin:  1392 03:12:25    -2397.717264        0.310763
MDMin:  1393 03:12:27    -2397.717580        0.310536
MDMin:  1394 03:12:29    -2397.717497        0.389886
MDMin:  1395 03:12:30    -2397.717253        0.309977
MDMin:  1396 03:12:31    -2397.717567        0.309740
MDMin:  1397 03:12:33    -2397.717438        0.390479
MDMin:  1398 03:12:34    -2397.717237        0.309156
MDMin:  1399 03:12:35    -2397.717550        0.308909
MDMin:  1400 03:12:37    -2397.717388        0.390995
MDMin:  1401 03:12:39    -2397.717217        0.308300
MDMin:  1402 03:12:41    -2397.717528        0.308042
MDMin:  1403 03:12:43    -2397.717346        0.391442
MDMin:  1404 03:12:45    -2397.717191        0.307408
MDMin:  1405 03:12:47    -2397.717501        0.307140
MDMin:  1406 03:12:48    -2397.717310        0.391828
MDMin:  1407 03:12:50    -2397.717162        0.306481
MDMin:  1408 03:12:51    -2397.717470        0.306202
MDMin:  1409 03:12:53    -2397.717281        0.392158
MDMin:  1410 03:12:55    -2397.717127        0.305518
MDMin:  1411 03:12:57    -2397.717435        0.305229
MDMin:  1412 03:12:58    -2397.717258        0.392436
MDMin:  1413 03:13:00    -2397.717089        0.304519
MDMin:  1414 03:13:02    -2397.717395        0.304219
MDMin:  1415 03:13:04    -2397.717240        0.392667
MDMin:  1416 03:13:06    -2397.717046        0.303483
MDMin:  1417 03:13:07    -2397.717351        0.303171
MDMin:  1418 03:13:09    -2397.717228        0.392853
MDMin:  1419 03:13:10    -2397.716999        0.302409
MDMin:  1420 03:13:12    -2397.717302        0.302087
MDMin:  1421 03:13:13    -2397.717220        0.392997
MDMin:  1422 03:13:14    -2397.716947        0.301298
MDMin:  1423 03:13:16    -2397.717250        0.300964
MDMin:  1424 03:13:17    -2397.717216        0.393101
MDMin:  1425 03:13:19    -2397.716892        0.300148
MDMin:  1426 03:13:20    -2397.717193        0.299802
MDMin:  1427 03:13:21    -2397.717216        0.393168
MDMin:  1428 03:13:23    -2397.716832        0.298959
MDMin:  1429 03:13:25    -2397.717133        0.298602
MDMin:  1430 03:13:26    -2397.717221        0.393198
MDMin:  1431 03:13:28    -2397.716769        0.297731
MDMin:  1432 03:13:29    -2397.717069        0.297362
MDMin:  1433 03:13:31    -2397.717229        0.393193
MDMin:  1434 03:13:33    -2397.716701        0.296463
MDMin:  1435 03:13:35    -2397.717001        0.296082
MDMin:  1436 03:13:37    -2397.717241        0.393154
MDMin:  1437 03:13:38    -2397.716630        0.295155
MDMin:  1438 03:13:40    -2397.716929        0.294762
MDMin:  1439 03:13:41    -2397.717256        0.393082
MDMin:  1440 03:13:42    -2397.716555        0.293808
MDMin:  1441 03:13:44    -2397.716853        0.293403
MDMin:  1442 03:13:45    -2397.717273        0.292823
MDMin:  1443 03:13:46    -2397.716568        0.398985
MDMin:  1444 03:13:47    -2397.716888        0.291589
MDMin:  1445 03:13:49    -2397.717209        0.291127
MDMin:  1446 03:13:50    -2397.716732        0.397596
MDMin:  1447 03:13:52    -2397.716826        0.290047
MDMin:  1448 03:13:53    -2397.717125        0.289602
MDMin:  1449 03:13:55    -2397.716816        0.396894
MDMin:  1450 03:13:56    -2397.716741        0.288537
MDMin:  1451 03:13:57    -2397.717034        0.288088
MDMin:  1452 03:13:58    -2397.716880        0.396363
MDMin:  1453 03:14:00    -2397.716647        0.287005
MDMin:  1454 03:14:02    -2397.716939        0.286546
MDMin:  1455 03:14:03    -2397.716938        0.395881
MDMin:  1456 03:14:04    -2397.716549        0.285438
MDMin:  1457 03:14:06    -2397.716840        0.284968
MDMin:  1458 03:14:08    -2397.716995        0.395415
MDMin:  1459 03:14:10    -2397.716448        0.283834
MDMin:  1460 03:14:11    -2397.716738        0.283352
MDMin:  1461 03:14:13    -2397.717050        0.394953
MDMin:  1462 03:14:15    -2397.716343        0.282191
MDMin:  1463 03:14:17    -2397.716633        0.281698
MDMin:  1464 03:14:18    -2397.717040        0.280997
MDMin:  1465 03:14:20    -2397.716437        0.400323
MDMin:  1466 03:14:22    -2397.716627        0.279514
MDMin:  1467 03:14:23    -2397.716940        0.278956
MDMin:  1468 03:14:25    -2397.716633        0.398581
MDMin:  1469 03:14:27    -2397.716535        0.277665
MDMin:  1470 03:14:29    -2397.716827        0.277133
MDMin:  1471 03:14:31    -2397.716747        0.397562
MDMin:  1472 03:14:32    -2397.716422        0.275868
MDMin:  1473 03:14:33    -2397.716709        0.275334
MDMin:  1474 03:14:35    -2397.716839        0.396738
MDMin:  1475 03:14:36    -2397.716301        0.274058
MDMin:  1476 03:14:38    -2397.716587        0.273516
MDMin:  1477 03:14:40    -2397.716922        0.395980
MDMin:  1478 03:14:41    -2397.716177        0.272219
MDMin:  1479 03:14:42    -2397.716462        0.271668
MDMin:  1480 03:14:44    -2397.716859        0.270889
MDMin:  1481 03:14:45    -2397.716361        0.400964
MDMin:  1482 03:14:46    -2397.716427        0.269248
MDMin:  1483 03:14:47    -2397.716736        0.268629
MDMin:  1484 03:14:49    -2397.716579        0.398966
MDMin:  1485 03:14:50    -2397.716315        0.268130
MDMin:  1486 03:14:52    -2397.716603        0.268146
MDMin:  1487 03:14:53    -2397.716712        0.397720
MDMin:  1488 03:14:54    -2397.716183        0.268186
MDMin:  1489 03:14:56    -2397.716466        0.268204
MDMin:  1490 03:14:57    -2397.716821        0.396688
MDMin:  1491 03:14:59    -2397.716045        0.268251
MDMin:  1492 03:15:00    -2397.716325        0.268272
MDMin:  1493 03:15:02    -2397.716716        0.268303
MDMin:  1494 03:15:04    -2397.716302        0.401346
MDMin:  1495 03:15:06    -2397.716270        0.268375
MDMin:  1496 03:15:07    -2397.716574        0.268402
MDMin:  1497 03:15:09    -2397.716536        0.399139
MDMin:  1498 03:15:11    -2397.716143        0.268470
MDMin:  1499 03:15:12    -2397.716426        0.268498
MDMin:  1500 03:15:14    -2397.716684        0.397711
MDMin:  1501 03:15:16    -2397.715997        0.268568
MDMin:  1502 03:15:18    -2397.716274        0.268597
MDMin:  1503 03:15:20    -2397.716659        0.268641
MDMin:  1504 03:15:22    -2397.716204        0.402029
MDMin:  1505 03:15:23    -2397.716205        0.268737
MDMin:  1506 03:15:25    -2397.716504        0.268773
MDMin:  1507 03:15:26    -2397.716454        0.399625
MDMin:  1508 03:15:28    -2397.716066        0.268858
MDMin:  1509 03:15:30    -2397.716344        0.268893
MDMin:  1510 03:15:33    -2397.716615        0.398033
MDMin:  1511 03:15:34    -2397.715909        0.268977
MDMin:  1512 03:15:36    -2397.716182        0.269012
MDMin:  1513 03:15:37    -2397.716560        0.269064
MDMin:  1514 03:15:38    -2397.716164        0.402126
MDMin:  1515 03:15:40    -2397.716098        0.269172
MDMin:  1516 03:15:41    -2397.716393        0.269213
MDMin:  1517 03:15:42    -2397.716423        0.399585
MDMin:  1518 03:15:44    -2397.715948        0.269306
MDMin:  1519 03:15:46    -2397.716223        0.269344
MDMin:  1520 03:15:48    -2397.716592        0.397872
MDMin:  1521 03:15:50    -2397.715781        0.269433
MDMin:  1522 03:15:52    -2397.716050        0.269470
MDMin:  1523 03:15:54    -2397.716422        0.269523
MDMin:  1524 03:15:56    -2397.716166        0.401785
MDMin:  1525 03:15:57    -2397.715953        0.269633
MDMin:  1526 03:15:59    -2397.716243        0.269673
MDMin:  1527 03:16:01    -2397.716429        0.399135
MDMin:  1528 03:16:03    -2397.715793        0.269764
MDMin:  1529 03:16:05    -2397.716063        0.269801
MDMin:  1530 03:16:06    -2397.716434        0.269852
MDMin:  1531 03:16:08    -2397.716044        0.402636
MDMin:  1532 03:16:10    -2397.715960        0.269957
MDMin:  1533 03:16:12    -2397.716246        0.269994
MDMin:  1534 03:16:14    -2397.716325        0.399783
MDMin:  1535 03:16:16    -2397.715794        0.270077
MDMin:  1536 03:16:18    -2397.716059        0.270110
MDMin:  1537 03:16:20    -2397.716425        0.270156
MDMin:  1538 03:16:22    -2397.715964        0.403061
MDMin:  1539 03:16:24    -2397.715947        0.270248
MDMin:  1540 03:16:26    -2397.716229        0.270280
MDMin:  1541 03:16:27    -2397.716253        0.400093
MDMin:  1542 03:16:29    -2397.715774        0.270350
MDMin:  1543 03:16:31    -2397.716035        0.270377
MDMin:  1544 03:16:33    -2397.716395        0.270415
MDMin:  1545 03:16:35    -2397.715912        0.403205
MDMin:  1546 03:16:37    -2397.715914        0.270489
MDMin:  1547 03:16:39    -2397.716191        0.270513
MDMin:  1548 03:16:41    -2397.716205        0.400152
MDMin:  1549 03:16:42    -2397.715734        0.270567
MDMin:  1550 03:16:44    -2397.715991        0.270586
MDMin:  1551 03:16:45    -2397.716345        0.270613
MDMin:  1552 03:16:47    -2397.715880        0.403129
MDMin:  1553 03:16:49    -2397.715861        0.270664
MDMin:  1554 03:16:50    -2397.716135        0.270679
MDMin:  1555 03:16:51    -2397.716175        0.400007
MDMin:  1556 03:16:53    -2397.715675        0.270711
MDMin:  1557 03:16:55    -2397.715928        0.270722
MDMin:  1558 03:16:56    -2397.716277        0.270736
MDMin:  1559 03:16:58    -2397.715865        0.402867
MDMin:  1560 03:17:00    -2397.715790        0.270759
MDMin:  1561 03:17:02    -2397.716059        0.270764
MDMin:  1562 03:17:04    -2397.716161        0.399687
MDMin:  1563 03:17:06    -2397.715598        0.270772
MDMin:  1564 03:17:08    -2397.715847        0.270772
MDMin:  1565 03:17:10    -2397.716190        0.270771
MDMin:  1566 03:17:11    -2397.715864        0.402442
MDMin:  1567 03:17:13    -2397.715701        0.270764
MDMin:  1568 03:17:15    -2397.715966        0.270757
MDMin:  1569 03:17:17    -2397.716159        0.399210
MDMin:  1570 03:17:19    -2397.715502        0.270737
MDMin:  1571 03:17:21    -2397.715748        0.270726
MDMin:  1572 03:17:23    -2397.716085        0.270710
MDMin:  1573 03:17:24    -2397.715875        0.401867
MDMin:  1574 03:17:26    -2397.715593        0.270669
MDMin:  1575 03:17:27    -2397.715854        0.270649
MDMin:  1576 03:17:29    -2397.716169        0.398587
MDMin:  1577 03:17:31    -2397.715388        0.270600
MDMin:  1578 03:17:32    -2397.715630        0.270576
MDMin:  1579 03:17:34    -2397.715963        0.270542
MDMin:  1580 03:17:36    -2397.715896        0.401151
MDMin:  1581 03:17:38    -2397.715467        0.270466
MDMin:  1582 03:17:40    -2397.715725        0.270432
MDMin:  1583 03:17:42    -2397.716071        0.270385
MDMin:  1584 03:17:43    -2397.715704        0.402808
MDMin:  1585 03:17:44    -2397.715567        0.270282
MDMin:  1586 03:17:46    -2397.715825        0.270238
MDMin:  1587 03:17:48    -2397.716033        0.399109
MDMin:  1588 03:17:50    -2397.715354        0.270136
MDMin:  1589 03:17:51    -2397.715590        0.270090
MDMin:  1590 03:17:53    -2397.715914        0.270025
MDMin:  1591 03:17:55    -2397.715794        0.401330
MDMin:  1592 03:17:56    -2397.715413        0.269884
MDMin:  1593 03:17:58    -2397.715664        0.269826
MDMin:  1594 03:18:00    -2397.716000        0.269746
MDMin:  1595 03:18:02    -2397.715629        0.402708
MDMin:  1596 03:18:04    -2397.715490        0.269574
MDMin:  1597 03:18:06    -2397.715742        0.269504
MDMin:  1598 03:18:08    -2397.715964        0.398871
MDMin:  1599 03:18:10    -2397.715265        0.269343
MDMin:  1600 03:18:12    -2397.715495        0.269272
MDMin:  1601 03:18:13    -2397.715810        0.269174
MDMin:  1602 03:18:15    -2397.715748        0.400883
MDMin:  1603 03:18:17    -2397.715302        0.268962
MDMin:  1604 03:18:19    -2397.715546        0.268877
MDMin:  1605 03:18:20    -2397.715874        0.268759
MDMin:  1606 03:18:23    -2397.715603        0.402067
MDMin:  1607 03:18:25    -2397.715356        0.268511
MDMin:  1608 03:18:26    -2397.715601        0.268412
MDMin:  1609 03:18:28    -2397.715929        0.268277
MDMin:  1610 03:18:30    -2397.715492        0.402885
MDMin:  1611 03:18:32    -2397.715406        0.267995
MDMin:  1612 03:18:34    -2397.715649        0.267884
MDMin:  1613 03:18:35    -2397.715840        0.398781
MDMin:  1614 03:18:37    -2397.715163        0.267629
MDMin:  1615 03:18:38    -2397.715385        0.267520
MDMin:  1616 03:18:40    -2397.715689        0.267367
MDMin:  1617 03:18:42    -2397.715657        0.400473
MDMin:  1618 03:18:43    -2397.715169        0.267043
MDMin:  1619 03:18:45    -2397.715404        0.266913
MDMin:  1620 03:18:47    -2397.715720        0.266736
MDMin:  1621 03:18:48    -2397.715541        0.401368
MDMin:  1622 03:18:50    -2397.715188        0.266366
MDMin:  1623 03:18:52    -2397.715425        0.266220
MDMin:  1624 03:18:54    -2397.715740        0.266022
MDMin:  1625 03:18:56    -2397.715455        0.401920
MDMin:  1626 03:18:58    -2397.715203        0.265611
MDMin:  1627 03:18:59    -2397.715438        0.265450
MDMin:  1628 03:19:02    -2397.715751        0.265231
MDMin:  1629 03:19:04    -2397.715386        0.402276
MDMin:  1630 03:19:05    -2397.715208        0.264778
MDMin:  1631 03:19:07    -2397.715441        0.264601
MDMin:  1632 03:19:09    -2397.715743        0.397904
MDMin:  1633 03:19:11    -2397.714940        0.264200
MDMin:  1634 03:19:12    -2397.715153        0.264028
MDMin:  1635 03:19:14    -2397.715442        0.263790
MDMin:  1636 03:19:16    -2397.715595        0.399251
MDMin:  1637 03:19:17    -2397.714901        0.263289
MDMin:  1638 03:19:19    -2397.715127        0.263089
MDMin:  1639 03:19:21    -2397.715428        0.262817
MDMin:  1640 03:19:22    -2397.715510        0.399813
MDMin:  1641 03:19:24    -2397.714874        0.262254
MDMin:  1642 03:19:26    -2397.715102        0.262033
MDMin:  1643 03:19:28    -2397.715403        0.261735
MDMin:  1644 03:19:30    -2397.715453        0.400039
MDMin:  1645 03:19:32    -2397.714840        0.261120
MDMin:  1646 03:19:34    -2397.715067        0.260879
MDMin:  1647 03:19:36    -2397.715366        0.260556
MDMin:  1648 03:19:38    -2397.715412        0.400072
MDMin:  1649 03:19:40    -2397.714796        0.259891
MDMin:  1650 03:19:41    -2397.715021        0.259631
MDMin:  1651 03:19:43    -2397.715317        0.259282
MDMin:  1652 03:19:44    -2397.715383        0.399966
MDMin:  1653 03:19:45    -2397.714740        0.258565
MDMin:  1654 03:19:48    -2397.714963        0.258284
MDMin:  1655 03:19:50    -2397.715256        0.257909
MDMin:  1656 03:19:52    -2397.715363        0.399744
MDMin:  1657 03:19:54    -2397.714672        0.257139
MDMin:  1658 03:19:55    -2397.714893        0.256837
MDMin:  1659 03:19:56    -2397.715183        0.256434
MDMin:  1660 03:19:58    -2397.715352        0.399418
MDMin:  1661 03:19:59    -2397.714591        0.255610
MDMin:  1662 03:20:00    -2397.714811        0.255286
MDMin:  1663 03:20:02    -2397.715098        0.254855
MDMin:  1664 03:20:03    -2397.715348        0.398994
MDMin:  1665 03:20:05    -2397.714498        0.253974
MDMin:  1666 03:20:07    -2397.714716        0.253628
MDMin:  1667 03:20:09    -2397.715000        0.253168
MDMin:  1668 03:20:11    -2397.715349        0.252589
MDMin:  1669 03:20:13    -2397.714925        0.403464
MDMin:  1670 03:20:15    -2397.714683        0.251473
MDMin:  1671 03:20:16    -2397.714915        0.251063
MDMin:  1672 03:20:19    -2397.715211        0.250529
MDMin:  1673 03:20:21    -2397.715050        0.401453
MDMin:  1674 03:20:22    -2397.714576        0.249461
MDMin:  1675 03:20:24    -2397.714793        0.249050
MDMin:  1676 03:20:26    -2397.715072        0.248508
MDMin:  1677 03:20:28    -2397.715116        0.400147
MDMin:  1678 03:20:29    -2397.714440        0.247413
MDMin:  1679 03:20:30    -2397.714651        0.246984
MDMin:  1680 03:20:33    -2397.714925        0.246420
MDMin:  1681 03:20:35    -2397.715165        0.399024
MDMin:  1682 03:20:36    -2397.714287        0.245275
MDMin:  1683 03:20:38    -2397.714496        0.244824
MDMin:  1684 03:20:40    -2397.714765        0.244231
MDMin:  1685 03:20:42    -2397.715094        0.243493
MDMin:  1686 03:20:44    -2397.714817        0.402766
MDMin:  1687 03:20:46    -2397.714384        0.242076
MDMin:  1688 03:20:48    -2397.714606        0.241552
MDMin:  1689 03:20:50    -2397.714887        0.240877
MDMin:  1690 03:20:51    -2397.714976        0.400194
MDMin:  1691 03:20:53    -2397.714211        0.239538
MDMin:  1692 03:20:55    -2397.714419        0.239019
MDMin:  1693 03:20:57    -2397.714684        0.238344
MDMin:  1694 03:20:59    -2397.715006        0.237510
MDMin:  1695 03:21:01    -2397.714694        0.403133
MDMin:  1696 03:21:02    -2397.714266        0.235923
MDMin:  1697 03:21:03    -2397.714483        0.235336
MDMin:  1698 03:21:05    -2397.714756        0.234586
MDMin:  1699 03:21:06    -2397.714885        0.400061
MDMin:  1700 03:21:08    -2397.714057        0.233107
MDMin:  1701 03:21:10    -2397.714259        0.232533
MDMin:  1702 03:21:12    -2397.714515        0.231792
MDMin:  1703 03:21:13    -2397.714825        0.230882
MDMin:  1704 03:21:15    -2397.714646        0.402518
MDMin:  1705 03:21:17    -2397.714061        0.229156
MDMin:  1706 03:21:19    -2397.714272        0.228515
MDMin:  1707 03:21:21    -2397.714535        0.227702
MDMin:  1708 03:21:23    -2397.714849        0.226715
MDMin:  1709 03:21:24    -2397.714495        0.403751
MDMin:  1710 03:21:26    -2397.714057        0.225380
MDMin:  1711 03:21:27    -2397.714266        0.225442
MDMin:  1712 03:21:29    -2397.714526        0.225521
MDMin:  1713 03:21:31    -2397.714746        0.399702
MDMin:  1714 03:21:32    -2397.713790        0.225671
MDMin:  1715 03:21:34    -2397.713982        0.225727
MDMin:  1716 03:21:36    -2397.714224        0.225798
MDMin:  1717 03:21:38    -2397.714514        0.225884
MDMin:  1718 03:21:40    -2397.714575        0.401274
MDMin:  1719 03:21:41    -2397.713714        0.226042
MDMin:  1720 03:21:43    -2397.713913        0.226097
MDMin:  1721 03:21:45    -2397.714161        0.226165
MDMin:  1722 03:21:47    -2397.714454        0.226247
MDMin:  1723 03:21:48    -2397.714485        0.401662
MDMin:  1724 03:21:50    -2397.713626        0.226391
MDMin:  1725 03:21:51    -2397.713824        0.226439
MDMin:  1726 03:21:53    -2397.714068        0.226499
MDMin:  1727 03:21:55    -2397.714357        0.226569
MDMin:  1728 03:21:57    -2397.714440        0.401363
MDMin:  1729 03:21:59    -2397.713511        0.226690
MDMin:  1730 03:22:01    -2397.713705        0.226728
MDMin:  1731 03:22:03    -2397.713944        0.226775
MDMin:  1732 03:22:05    -2397.714226        0.226830
MDMin:  1733 03:22:07    -2397.714426        0.400563
MDMin:  1734 03:22:08    -2397.713367        0.226920
MDMin:  1735 03:22:10    -2397.713557        0.226947
MDMin:  1736 03:22:11    -2397.713790        0.226980
MDMin:  1737 03:22:13    -2397.714064        0.227017
MDMin:  1738 03:22:14    -2397.714380        0.227056
MDMin:  1739 03:22:15    -2397.714124        0.403688
MDMin:  1740 03:22:17    -2397.713430        0.227112
MDMin:  1741 03:22:19    -2397.713627        0.227123
MDMin:  1742 03:22:21    -2397.713865        0.227135
MDMin:  1743 03:22:22    -2397.714143        0.227147
MDMin:  1744 03:22:24    -2397.714261        0.400386
MDMin:  1745 03:22:25    -2397.713235        0.227156
MDMin:  1746 03:22:27    -2397.713419        0.227153
MDMin:  1747 03:22:28    -2397.713643        0.227147
MDMin:  1748 03:22:29    -2397.713906        0.227138
MDMin:  1749 03:22:30    -2397.714207        0.227125
MDMin:  1750 03:22:32    -2397.714079        0.401520
MDMin:  1751 03:22:34    -2397.713225        0.227087
MDMin:  1752 03:22:36    -2397.713415        0.227065
MDMin:  1753 03:22:38    -2397.713643        0.227037
MDMin:  1754 03:22:40    -2397.713910        0.227003
MDMin:  1755 03:22:42    -2397.714213        0.226962
MDMin:  1756 03:22:44    -2397.714011        0.400567
MDMin:  1757 03:22:46    -2397.713198        0.226875
MDMin:  1758 03:22:48    -2397.713389        0.226836
MDMin:  1759 03:22:50    -2397.713618        0.226789
MDMin:  1760 03:22:52    -2397.713883        0.226732
MDMin:  1761 03:22:54    -2397.714186        0.226666
MDMin:  1762 03:22:56    -2397.714013        0.398093
MDMin:  1763 03:22:58    -2397.713153        0.226539
MDMin:  1764 03:23:00    -2397.713346        0.226485
MDMin:  1765 03:23:02    -2397.713576        0.226422
MDMin:  1766 03:23:04    -2397.713843        0.226347
MDMin:  1767 03:23:06    -2397.714148        0.226261
MDMin:  1768 03:23:08    -2397.714064        0.394204
MDMin:  1769 03:23:10    -2397.713102        0.226101
MDMin:  1770 03:23:12    -2397.713300        0.226036
MDMin:  1771 03:23:14    -2397.713536        0.225959
MDMin:  1772 03:23:16    -2397.713810        0.225869
MDMin:  1773 03:23:17    -2397.714122        0.225767
MDMin:  1774 03:23:19    -2397.714157        0.388807
MDMin:  1775 03:23:21    -2397.713066        0.225579
MDMin:  1776 03:23:23    -2397.713274        0.225504
MDMin:  1777 03:23:25    -2397.713521        0.225414
MDMin:  1778 03:23:27    -2397.713808        0.225310
MDMin:  1779 03:23:29    -2397.714137        0.225192
MDMin:  1780 03:23:31    -2397.714288        0.381726
MDMin:  1781 03:23:33    -2397.713070        0.224973
MDMin:  1782 03:23:35    -2397.713295        0.224886
MDMin:  1783 03:23:37    -2397.713562        0.224781
MDMin:  1784 03:23:39    -2397.713872        0.224660
MDMin:  1785 03:23:41    -2397.714227        0.224521
MDMin:  1786 03:23:43    -2397.714453        0.372750
MDMin:  1787 03:23:45    -2397.713152        0.224260
MDMin:  1788 03:23:47    -2397.713402        0.224155
MDMin:  1789 03:23:49    -2397.713698        0.224029
MDMin:  1790 03:23:51    -2397.714043        0.223882
MDMin:  1791 03:23:53    -2397.714439        0.223711
MDMin:  1792 03:23:55    -2397.714649        0.361679
MDMin:  1793 03:23:57    -2397.713360        0.223387
MDMin:  1794 03:23:59    -2397.713647        0.223256
MDMin:  1795 03:24:00    -2397.713986        0.223099
MDMin:  1796 03:24:01    -2397.714381        0.222912
MDMin:  1797 03:24:03    -2397.714836        0.222695
MDMin:  1798 03:24:05    -2397.714874        0.348370
MDMin:  1799 03:24:07    -2397.713762        0.222282
MDMin:  1800 03:24:09    -2397.714099        0.222115
MDMin:  1801 03:24:11    -2397.714497        0.221914
MDMin:  1802 03:24:13    -2397.714963        0.221677
MDMin:  1803 03:24:15    -2397.715203        0.333509
MDMin:  1804 03:24:17    -2397.713982        0.221218
MDMin:  1805 03:24:19    -2397.714344        0.221029
MDMin:  1806 03:24:21    -2397.714776        0.220799
MDMin:  1807 03:24:23    -2397.715283        0.220526
MDMin:  1808 03:24:25    -2397.715486        0.337481
MDMin:  1809 03:24:27    -2397.714348        0.219995
MDMin:  1810 03:24:29    -2397.714750        0.219774
MDMin:  1811 03:24:31    -2397.715233        0.219506
MDMin:  1812 03:24:32    -2397.715802        0.219187
MDMin:  1813 03:24:34    -2397.715760        0.348181
MDMin:  1814 03:24:36    -2397.714899        0.218566
MDMin:  1815 03:24:37    -2397.715352        0.218309
MDMin:  1816 03:24:39    -2397.715897        0.217996
MDMin:  1817 03:24:41    -2397.716077        0.353030
MDMin:  1818 03:24:43    -2397.715097        0.217373
MDMin:  1819 03:24:45    -2397.715555        0.217107
MDMin:  1820 03:24:47    -2397.716112        0.216782
MDMin:  1821 03:24:49    -2397.716352        0.359217
MDMin:  1822 03:24:51    -2397.715360        0.216125
MDMin:  1823 03:24:53    -2397.715839        0.215843
MDMin:  1824 03:24:54    -2397.716424        0.215494
MDMin:  1825 03:24:56    -2397.716612        0.366169
MDMin:  1826 03:24:57    -2397.715698        0.214790
MDMin:  1827 03:24:59    -2397.716204        0.214487
MDMin:  1828 03:25:00    -2397.716823        0.214112
MDMin:  1829 03:25:01    -2397.716866        0.373557
MDMin:  1830 03:25:03    -2397.716115        0.213354
MDMin:  1831 03:25:05    -2397.716648        0.213029
MDMin:  1832 03:25:07    -2397.717136        0.373131
MDMin:  1833 03:25:09    -2397.716018        0.212340
MDMin:  1834 03:25:10    -2397.716523        0.212030
MDMin:  1835 03:25:12    -2397.717151        0.211640
MDMin:  1836 03:25:14    -2397.717356        0.381481
MDMin:  1837 03:25:16    -2397.716485        0.210838
MDMin:  1838 03:25:18    -2397.717039        0.210490
MDMin:  1839 03:25:20    -2397.717607        0.381198
MDMin:  1840 03:25:22    -2397.716425        0.209744
MDMin:  1841 03:25:24    -2397.716955        0.209408
MDMin:  1842 03:25:26    -2397.717616        0.208984
MDMin:  1843 03:25:28    -2397.717822        0.389443
MDMin:  1844 03:25:30    -2397.716948        0.208110
MDMin:  1845 03:25:32    -2397.717529        0.207733
MDMin:  1846 03:25:34    -2397.718066        0.388539
MDMin:  1847 03:25:36    -2397.716902        0.206922
MDMin:  1848 03:25:38    -2397.717454        0.206557
MDMin:  1849 03:25:39    -2397.718139        0.206099
MDMin:  1850 03:25:41    -2397.718279        0.395937
MDMin:  1851 03:25:43    -2397.717443        0.205154
MDMin:  1852 03:25:45    -2397.718040        0.204747
MDMin:  1853 03:25:46    -2397.718519        0.393944
MDMin:  1854 03:25:48    -2397.717378        0.203875
MDMin:  1855 03:25:50    -2397.717941        0.203484
MDMin:  1856 03:25:52    -2397.718637        0.204317
MDMin:  1857 03:25:54    -2397.718730        0.399872
MDMin:  1858 03:25:56    -2397.717886        0.207016
MDMin:  1859 03:25:58    -2397.718487        0.208321
MDMin:  1860 03:26:00    -2397.718966        0.396433
MDMin:  1861 03:26:02    -2397.717767        0.210932
MDMin:  1862 03:26:04    -2397.718330        0.212226
MDMin:  1863 03:26:06    -2397.719020        0.213776
MDMin:  1864 03:26:08    -2397.719176        0.400378
MDMin:  1865 03:26:10    -2397.718189        0.216740
MDMin:  1866 03:26:12    -2397.718783        0.218179
MDMin:  1867 03:26:14    -2397.719412        0.395217
MDMin:  1868 03:26:16    -2397.717982        0.221062
MDMin:  1869 03:26:18    -2397.718535        0.222500
MDMin:  1870 03:26:20    -2397.719206        0.224211
MDMin:  1871 03:26:22    -2397.719624        0.396770
MDMin:  1872 03:26:24    -2397.718270        0.227496
MDMin:  1873 03:26:25    -2397.718847        0.229109
MDMin:  1874 03:26:27    -2397.719530        0.230995
MDMin:  1875 03:26:29    -2397.719856        0.395448
MDMin:  1876 03:26:31    -2397.718476        0.234568
MDMin:  1877 03:26:33    -2397.719049        0.236329
MDMin:  1878 03:26:36    -2397.719717        0.238368
MDMin:  1879 03:26:37    -2397.720097        0.391405
MDMin:  1880 03:26:39    -2397.718549        0.242221
MDMin:  1881 03:26:40    -2397.719106        0.244146
MDMin:  1882 03:26:42    -2397.719744        0.246353
MDMin:  1883 03:26:43    -2397.720347        0.384718
MDMin:  1884 03:26:45    -2397.718463        0.250527
MDMin:  1885 03:26:47    -2397.718997        0.252649
MDMin:  1886 03:26:48    -2397.719598        0.255057
MDMin:  1887 03:26:50    -2397.720251        0.257719
MDMin:  1888 03:26:51    -2397.720596        0.378621
MDMin:  1889 03:26:53    -2397.718633        0.262638
MDMin:  1890 03:26:55    -2397.719154        0.265216
MDMin:  1891 03:26:57    -2397.719714        0.268650
MDMin:  1892 03:26:59    -2397.720297        0.274076
MDMin:  1893 03:27:01    -2397.720884        0.363935
MDMin:  1894 03:27:03    -2397.718393        0.285004
MDMin:  1895 03:27:05    -2397.718864        0.290002
MDMin:  1896 03:27:07    -2397.719343        0.295777
MDMin:  1897 03:27:09    -2397.719815        0.302359
MDMin:  1898 03:27:10    -2397.720263        0.309775
MDMin:  1899 03:27:11    -2397.720672        0.318057
MDMin:  1900 03:27:13    -2397.721027        0.327235
MDMin:  1901 03:27:15    -2397.721170        0.337339
MDMin:  1902 03:27:16    -2397.718133        0.345536
MDMin:  1903 03:27:18    -2397.718457        0.354189
MDMin:  1904 03:27:19    -2397.718711        0.363790
MDMin:  1905 03:27:20    -2397.718886        0.374344
MDMin:  1906 03:27:22    -2397.718977        0.385856
MDMin:  1907 03:27:23    -2397.718979        0.398319
MDMin:  1908 03:27:25    -2397.718890        0.411706
MDMin:  1909 03:27:27    -2397.718710        0.425951
MDMin:  1910 03:27:28    -2397.718443        0.440867
MDMin:  1911 03:27:30    -2397.718093        0.456176
MDMin:  1912 03:27:31    -2397.717665        0.471437
MDMin:  1913 03:27:32    -2397.717168        0.485939
MDMin:  1914 03:27:33    -2397.716610        0.498587
MDMin:  1915 03:27:35    -2397.716002        0.507835
MDMin:  1916 03:27:37    -2397.715358        0.511733
MDMin:  1917 03:27:40    -2397.714697        0.508217
MDMin:  1918 03:27:43    -2397.714045        0.495604
MDMin:  1919 03:27:45    -2397.713435        0.473066
MDMin:  1920 03:27:47    -2397.712899        0.465980
MDMin:  1921 03:27:49    -2397.712473        0.478878
MDMin:  1922 03:27:51    -2397.712180        0.494840
MDMin:  1923 03:27:53    -2397.712027        0.513621
MDMin:  1924 03:27:56    -2397.711997        0.541360
MDMin:  1925 03:27:58    -2397.712055        0.598396
MDMin:  1926 03:28:01    -2397.712156        0.669778
MDMin:  1927 03:28:03    -2397.712255        0.808240
MDMin:  1928 03:28:05    -2397.712308        0.800358
MDMin:  1929 03:28:07    -2397.712336        0.829337
MDMin:  1930 03:28:10    -2397.712368        0.863881
MDMin:  1931 03:28:13    -2397.712404        0.904075
MDMin:  1932 03:28:15    -2397.712444        0.948880
MDMin:  1933 03:28:17    -2397.712488        0.995765
MDMin:  1934 03:28:19    -2397.712535        1.040091
MDMin:  1935 03:28:21    -2397.712586        1.074943
MDMin:  1936 03:28:23    -2397.712640        1.092186
MDMin:  1937 03:28:25    -2397.712698        1.159821
MDMin:  1938 03:28:27    -2397.712758        1.250887
MDMin:  1939 03:28:29    -2397.712822        1.301353
MDMin:  1940 03:28:31    -2397.712889        1.281575
MDMin:  1941 03:28:33    -2397.712960        1.180549
MDMin:  1942 03:28:35    -2397.713035        1.020389
MDMin:  1943 03:28:38    -2397.713115        0.957614
MDMin:  1944 03:28:40    -2397.713197        0.990983
MDMin:  1945 03:28:42    -2397.713278        1.004518
MDMin:  1946 03:28:44    -2397.713357        0.990026
MDMin:  1947 03:28:46    -2397.713432        0.940005
MDMin:  1948 03:28:48    -2397.713502        0.853108
MDMin:  1949 03:28:50    -2397.713565        0.741530
MDMin:  1950 03:28:51    -2397.713613        1.388093
MDMin:  1951 03:28:53    -2397.713622        0.624101
MDMin:  1952 03:28:55    -2397.713631        0.607521
MDMin:  1953 03:28:56    -2397.713640        0.588456
MDMin:  1954 03:28:58    -2397.713650        0.567384
MDMin:  1955 03:29:00    -2397.713661        0.544870
MDMin:  1956 03:29:02    -2397.713672        0.521587
MDMin:  1957 03:29:04    -2397.713684        0.498255
MDMin:  1958 03:29:07    -2397.713695        0.475602
MDMin:  1959 03:29:09    -2397.713705        0.461265
MDMin:  1960 03:29:10    -2397.713714        0.451823
MDMin:  1961 03:29:11    -2397.713721        0.442187
MDMin:  1962 03:29:13    -2397.713727        0.433783
MDMin:  1963 03:29:15    -2397.713730        0.438904
MDMin:  1964 03:29:17    -2397.713730        0.442292
MDMin:  1965 03:29:18    -2397.713727        0.443433
MDMin:  1966 03:29:19    -2397.713721        0.441859
MDMin:  1967 03:29:21    -2397.713711        0.437261
MDMin:  1968 03:29:22    -2397.713697        0.429663
MDMin:  1969 03:29:23    -2397.713680        0.441709
MDMin:  1970 03:29:25    -2397.713664        0.855365
MDMin:  1971 03:29:27    -2397.713658        0.457731
MDMin:  1972 03:29:29    -2397.713651        0.462534
MDMin:  1973 03:29:31    -2397.713644        0.468036
MDMin:  1974 03:29:33    -2397.713635        0.474150
MDMin:  1975 03:29:35    -2397.713625        0.480708
MDMin:  1976 03:29:37    -2397.713614        0.487440
MDMin:  1977 03:29:39    -2397.713602        0.493943
MDMin:  1978 03:29:41    -2397.713590        0.499678
MDMin:  1979 03:29:43    -2397.713576        0.503956
MDMin:  1980 03:29:45    -2397.713563        0.505964
MDMin:  1981 03:29:47    -2397.713549        0.504843
MDMin:  1982 03:29:49    -2397.713536        0.499807
MDMin:  1983 03:29:51    -2397.713524        0.490340
MDMin:  1984 03:29:53    -2397.713514        0.476425
MDMin:  1985 03:29:54    -2397.713506        0.458750
MDMin:  1986 03:29:56    -2397.713502        0.438811
MDMin:  1987 03:29:59    -2397.713502        0.431148
MDMin:  1988 03:30:00    -2397.713507        0.693571
MDMin:  1989 03:30:02    -2397.713511        0.472981
MDMin:  1990 03:30:04    -2397.713514        0.450859
MDMin:  1991 03:30:06    -2397.713517        0.454304
MDMin:  1992 03:30:08    -2397.713522        0.458201
MDMin:  1993 03:30:10    -2397.713529        0.462500
MDMin:  1994 03:30:12    -2397.713538        0.467135
MDMin:  1995 03:30:14    -2397.713549        0.472017
MDMin:  1996 03:30:16    -2397.713563        0.477018
MDMin:  1997 03:30:18    -2397.713580        0.481971
MDMin:  1998 03:30:20    -2397.713602        0.486655
MDMin:  1999 03:30:22    -2397.713628        0.490788
MDMin:  2000 03:30:24    -2397.713661        0.494019
MDMin:  2001 03:30:25    -2397.713700        0.495928
MDMin:  2002 03:30:27    -2397.713747        0.496036
MDMin:  2003 03:30:29    -2397.713803        0.493835
MDMin:  2004 03:30:31    -2397.713869        0.488836
MDMin:  2005 03:30:33    -2397.713947        0.480614
MDMin:  2006 03:30:35    -2397.714039        0.468892
MDMin:  2007 03:30:36    -2397.714143        0.453799
MDMin:  2008 03:30:38    -2397.714246        0.677045
MDMin:  2009 03:30:40    -2397.714294        0.430141
MDMin:  2010 03:30:42    -2397.714326        0.425104
MDMin:  2011 03:30:44    -2397.714363        0.419064
MDMin:  2012 03:30:46    -2397.714407        0.411979
MDMin:  2013 03:30:48    -2397.714459        0.403814
MDMin:  2014 03:30:50    -2397.714518        0.401802
MDMin:  2015 03:30:52    -2397.714586        0.403578
MDMin:  2016 03:30:54    -2397.714664        0.405353
MDMin:  2017 03:30:56    -2397.714751        0.407052
MDMin:  2018 03:30:58    -2397.714849        0.408581
MDMin:  2019 03:31:00    -2397.714959        0.409831
MDMin:  2020 03:31:02    -2397.715082        0.410675
MDMin:  2021 03:31:04    -2397.715218        0.410967
MDMin:  2022 03:31:06    -2397.715369        0.410540
MDMin:  2023 03:31:08    -2397.715535        0.409196
MDMin:  2024 03:31:10    -2397.715718        0.406708
MDMin:  2025 03:31:12    -2397.715918        0.402918
MDMin:  2026 03:31:14    -2397.716136        0.411926
MDMin:  2027 03:31:16    -2397.716374        0.423384
MDMin:  2028 03:31:17    -2397.716632        0.436718
MDMin:  2029 03:31:19    -2397.716910        0.451316
MDMin:  2030 03:31:21    -2397.717191        0.550506
MDMin:  2031 03:31:23    -2397.717364        0.711596
MDMin:  2032 03:31:25    -2397.717410        0.475143
MDMin:  2033 03:31:26    -2397.717476        0.477838
MDMin:  2034 03:31:28    -2397.717558        0.480989
MDMin:  2035 03:31:29    -2397.717654        0.484453
MDMin:  2036 03:31:31    -2397.717764        0.488123
MDMin:  2037 03:31:32    -2397.717889        0.491855
MDMin:  2038 03:31:34    -2397.718030        0.495468
MDMin:  2039 03:31:35    -2397.718187        0.498744
MDMin:  2040 03:31:37    -2397.718362        0.501428
MDMin:  2041 03:31:38    -2397.718554        0.503232
MDMin:  2042 03:31:40    -2397.718765        0.503855
MDMin:  2043 03:31:41    -2397.718995        0.502988
MDMin:  2044 03:31:43    -2397.719244        0.500336
MDMin:  2045 03:31:44    -2397.719345        0.495631
MDMin:  2046 03:31:46    -2397.719370        0.488677
MDMin:  2047 03:31:48    -2397.719428        0.479426
MDMin:  2048 03:31:50    -2397.719564        0.467809
MDMin:  2049 03:31:52    -2397.719426        0.454054
MDMin:  2050 03:31:54    -2397.719772        0.438284
MDMin:  2051 03:31:55    -2397.719756        0.420805
MDMin:  2052 03:31:57    -2397.719600        0.403242
MDMin:  2053 03:31:58    -2397.719827        0.660199
MDMin:  2054 03:32:00    -2397.719897        0.385654
MDMin:  2055 03:32:02    -2397.719981        0.380099
MDMin:  2056 03:32:03    -2397.720074        0.375897
MDMin:  2057 03:32:05    -2397.720115        0.375268
MDMin:  2058 03:32:07    -2397.719928        0.377187
MDMin:  2059 03:32:09    -2397.720051        0.379292
MDMin:  2060 03:32:11    -2397.720175        0.381524
MDMin:  2061 03:32:13    -2397.720302        0.383835
MDMin:  2062 03:32:15    -2397.720321        0.386156
MDMin:  2063 03:32:17    -2397.720027        0.388349
MDMin:  2064 03:32:18    -2397.720184        0.390370
MDMin:  2065 03:32:20    -2397.720335        0.392111
MDMin:  2066 03:32:22    -2397.720480        0.393427
MDMin:  2067 03:32:23    -2397.720619        0.394145
MDMin:  2068 03:32:24    -2397.720751        0.394058
MDMin:  2069 03:32:26    -2397.720173        0.392976
MDMin:  2070 03:32:28    -2397.720345        0.395241
MDMin:  2071 03:32:30    -2397.720452        0.484345
MDMin:  2072 03:32:31    -2397.720502        0.401989
MDMin:  2073 03:32:33    -2397.720554        0.404613
MDMin:  2074 03:32:35    -2397.720611        0.407742
MDMin:  2075 03:32:37    -2397.720673        0.411437
MDMin:  2076 03:32:39    -2397.720738        0.415749
MDMin:  2077 03:32:41    -2397.720808        0.423749
MDMin:  2078 03:32:43    -2397.720881        0.432047
MDMin:  2079 03:32:45    -2397.720957        0.439759
MDMin:  2080 03:32:47    -2397.721036        0.446259
MDMin:  2081 03:32:50    -2397.721119        0.450784
MDMin:  2082 03:32:51    -2397.721205        0.454569
MDMin:  2083 03:32:53    -2397.721295        0.462094
MDMin:  2084 03:32:55    -2397.721389        0.469099
MDMin:  2085 03:32:57    -2397.721488        0.475061
MDMin:  2086 03:32:59    -2397.721592        0.479402
MDMin:  2087 03:33:01    -2397.721700        0.481513
MDMin:  2088 03:33:02    -2397.721771        0.481046
MDMin:  2089 03:33:05    -2397.721550        0.497662
MDMin:  2090 03:33:07    -2397.721599        0.477796
MDMin:  2091 03:33:08    -2397.721650        0.475945
MDMin:  2092 03:33:10    -2397.721708        0.473488
MDMin:  2093 03:33:12    -2397.721771        0.470297
MDMin:  2094 03:33:14    -2397.721840        0.466246
MDMin:  2095 03:33:16    -2397.721914        0.461219
MDMin:  2096 03:33:17    -2397.721993        0.455115
MDMin:  2097 03:33:18    -2397.722078        0.447871
MDMin:  2098 03:33:20    -2397.722116        0.439464
MDMin:  2099 03:33:22    -2397.721891        0.430016
MDMin:  2100 03:33:25    -2397.722022        0.419568
MDMin:  2101 03:33:27    -2397.722150        0.408226
MDMin:  2102 03:33:28    -2397.722276        0.396120
MDMin:  2103 03:33:30    -2397.722397        0.383337
MDMin:  2104 03:33:31    -2397.722402        0.370004
MDMin:  2105 03:33:33    -2397.722079        0.519018
MDMin:  2106 03:33:35    -2397.722155        0.354842
MDMin:  2107 03:33:37    -2397.722195        0.350457
MDMin:  2108 03:33:39    -2397.722240        0.349736
MDMin:  2109 03:33:41    -2397.722288        0.348943
MDMin:  2110 03:33:43    -2397.722340        0.348091
MDMin:  2111 03:33:45    -2397.722393        0.347196
MDMin:  2112 03:33:47    -2397.722446        0.346273
MDMin:  2113 03:33:49    -2397.722499        0.345336
MDMin:  2114 03:33:51    -2397.722550        0.344398
MDMin:  2115 03:33:53    -2397.722599        0.347340
MDMin:  2116 03:33:55    -2397.722643        0.350911
MDMin:  2117 03:33:57    -2397.722683        0.354737
MDMin:  2118 03:33:58    -2397.722716        0.358728
MDMin:  2119 03:34:00    -2397.722743        0.362756
MDMin:  2120 03:34:03    -2397.722762        0.366648
MDMin:  2121 03:34:05    -2397.722772        0.370194
MDMin:  2122 03:34:07    -2397.722772        0.373147
MDMin:  2123 03:34:09    -2397.722762        0.375214
MDMin:  2124 03:34:10    -2397.722745        0.532891
MDMin:  2125 03:34:11    -2397.722735        0.376150
MDMin:  2126 03:34:13    -2397.722727        0.376078
MDMin:  2127 03:34:15    -2397.722717        0.375893
MDMin:  2128 03:34:16    -2397.722704        0.377617
MDMin:  2129 03:34:18    -2397.722689        0.386198
MDMin:  2130 03:34:20    -2397.722671        0.396057
MDMin:  2131 03:34:22    -2397.722649        0.407148
MDMin:  2132 03:34:24    -2397.722624        0.419315
MDMin:  2133 03:34:26    -2397.722595        0.432237
MDMin:  2134 03:34:28    -2397.722562        0.445371
MDMin:  2135 03:34:30    -2397.722524        0.457901
MDMin:  2136 03:34:32    -2397.722482        0.468707
MDMin:  2137 03:34:34    -2397.722434        0.476392
MDMin:  2138 03:34:36    -2397.722382        0.479400
MDMin:  2139 03:34:38    -2397.722324        0.476251
MDMin:  2140 03:34:39    -2397.722260        0.465884
MDMin:  2141 03:34:41    -2397.722190        0.458424
MDMin:  2142 03:34:43    -2397.722114        0.462055
MDMin:  2143 03:34:44    -2397.722032        0.462507
MDMin:  2144 03:34:46    -2397.721943        0.459461
MDMin:  2145 03:34:48    -2397.721847        0.452925
MDMin:  2146 03:34:50    -2397.721749        0.443665
MDMin:  2147 03:34:51    -2397.721675        0.718729
MDMin:  2148 03:34:53    -2397.721655        0.433124
MDMin:  2149 03:34:54    -2397.721626        0.429767
MDMin:  2150 03:34:55    -2397.721594        0.425805
MDMin:  2151 03:34:57    -2397.721556        0.421215
MDMin:  2152 03:34:59    -2397.721513        0.415984
MDMin:  2153 03:35:01    -2397.721465        0.410100
MDMin:  2154 03:35:03    -2397.721411        0.403542
MDMin:  2155 03:35:05    -2397.721352        0.396268
MDMin:  2156 03:35:07    -2397.721288        0.388182
MDMin:  2157 03:35:09    -2397.721217        0.379104
MDMin:  2158 03:35:11    -2397.721141        0.368724
MDMin:  2159 03:35:13    -2397.721058        0.356557
MDMin:  2160 03:35:15    -2397.720968        0.341929
MDMin:  2161 03:35:17    -2397.720872        0.335005
MDMin:  2162 03:35:18    -2397.720768        0.331189
MDMin:  2163 03:35:20    -2397.720656        0.326539
MDMin:  2164 03:35:22    -2397.720537        0.320893
MDMin:  2165 03:35:24    -2397.720425        0.500361
MDMin:  2166 03:35:25    -2397.720377        0.311897
MDMin:  2167 03:35:26    -2397.720354        0.310393
MDMin:  2168 03:35:27    -2397.720324        0.308497
MDMin:  2169 03:35:30    -2397.720289        0.306276
MDMin:  2170 03:35:31    -2397.720248        0.303735
MDMin:  2171 03:35:33    -2397.720202        0.300889
MDMin:  2172 03:35:35    -2397.720150        0.297766
MDMin:  2173 03:35:36    -2397.720092        0.294412
MDMin:  2174 03:35:38    -2397.720028        0.290896
MDMin:  2175 03:35:39    -2397.719958        0.287322
MDMin:  2176 03:35:41    -2397.719881        0.283831
MDMin:  2177 03:35:42    -2397.719797        0.280611
MDMin:  2178 03:35:44    -2397.719707        0.278657
MDMin:  2179 03:35:45    -2397.719610        0.283921
MDMin:  2180 03:35:47    -2397.719506        0.291865
MDMin:  2181 03:35:48    -2397.719396        0.303006
MDMin:  2182 03:35:49    -2397.719281        0.317722
MDMin:  2183 03:35:51    -2397.719161        0.336104
MDMin:  2184 03:35:53    -2397.719037        0.357769
MDMin:  2185 03:35:55    -2397.718910        0.381650
MDMin:  2186 03:35:57    -2397.718781        0.405813
MDMin:  2187 03:35:59    -2397.718651        0.427374
MDMin:  2188 03:36:01    -2397.718525        0.442578
MDMin:  2189 03:36:03    -2397.718432        0.484700
MDMin:  2190 03:36:05    -2397.718397        0.449331
MDMin:  2191 03:36:07    -2397.718357        0.449306
MDMin:  2192 03:36:09    -2397.718311        0.448007
MDMin:  2193 03:36:11    -2397.718260        0.444959
MDMin:  2194 03:36:13    -2397.718204        0.439686
MDMin:  2195 03:36:15    -2397.718143        0.431763
MDMin:  2196 03:36:16    -2397.718077        0.420880
MDMin:  2197 03:36:18    -2397.718006        0.406897
MDMin:  2198 03:36:19    -2397.717931        0.405757
MDMin:  2199 03:36:20    -2397.717851        0.409991
MDMin:  2200 03:36:22    -2397.717766        0.413129
MDMin:  2201 03:36:23    -2397.717677        0.414972
MDMin:  2202 03:36:25    -2397.717584        0.415376
MDMin:  2203 03:36:27    -2397.717486        0.414271
MDMin:  2204 03:36:29    -2397.717384        0.411665
MDMin:  2205 03:36:31    -2397.717278        0.407649
MDMin:  2206 03:36:33    -2397.717167        0.402384
MDMin:  2207 03:36:35    -2397.717053        0.401641
MDMin:  2208 03:36:37    -2397.716935        0.420262
MDMin:  2209 03:36:39    -2397.716814        0.438572
MDMin:  2210 03:36:41    -2397.716694        0.455602
MDMin:  2211 03:36:43    -2397.716608        0.624902
MDMin:  2212 03:36:45    -2397.716582        0.470247
MDMin:  2213 03:36:47    -2397.716547        0.474445
MDMin:  2214 03:36:49    -2397.716507        0.479095
MDMin:  2215 03:36:51    -2397.716463        0.484165
MDMin:  2216 03:36:53    -2397.716413        0.489596
MDMin:  2217 03:36:55    -2397.716359        0.495315
MDMin:  2218 03:36:57    -2397.716300        0.501240
MDMin:  2219 03:36:59    -2397.716237        0.507276
MDMin:  2220 03:37:01    -2397.716169        0.513311
MDMin:  2221 03:37:03    -2397.716096        0.519211
MDMin:  2222 03:37:04    -2397.716020        0.524822
MDMin:  2223 03:37:06    -2397.715939        0.529957
MDMin:  2224 03:37:08    -2397.715855        0.534397
MDMin:  2225 03:37:10    -2397.715766        0.537885
MDMin:  2226 03:37:12    -2397.715675        0.540146
MDMin:  2227 03:37:14    -2397.715584        0.540914
MDMin:  2228 03:37:16    -2397.715516        0.540292
MDMin:  2229 03:37:18    -2397.715491        0.539683
MDMin:  2230 03:37:20    -2397.715461        0.538821
MDMin:  2231 03:37:23    -2397.715427        0.537667
MDMin:  2232 03:37:25    -2397.715390        0.536174
MDMin:  2233 03:37:27    -2397.715348        0.534295
MDMin:  2234 03:37:28    -2397.715303        0.531991
MDMin:  2235 03:37:30    -2397.715254        0.529227
MDMin:  2236 03:37:32    -2397.715202        0.525984
MDMin:  2237 03:37:34    -2397.715146        0.522267
MDMin:  2238 03:37:36    -2397.715088        0.518107
MDMin:  2239 03:37:37    -2397.715026        0.513575
MDMin:  2240 03:37:38    -2397.714962        0.508788
MDMin:  2241 03:37:40    -2397.714897        0.503916
MDMin:  2242 03:37:42    -2397.714829        0.499187
MDMin:  2243 03:37:44    -2397.714761        0.494898
MDMin:  2244 03:37:46    -2397.714694        0.491434
MDMin:  2245 03:37:48    -2397.714636        0.489312
MDMin:  2246 03:37:50    -2397.714607        0.488575
MDMin:  2247 03:37:51    -2397.714591        0.488279
MDMin:  2248 03:37:53    -2397.714571        0.488112
MDMin:  2249 03:37:55    -2397.714550        0.488164
MDMin:  2250 03:37:56    -2397.714526        0.488543
MDMin:  2251 03:37:58    -2397.714500        0.489375
MDMin:  2252 03:38:00    -2397.714472        0.490802
MDMin:  2253 03:38:01    -2397.714443        0.492985
MDMin:  2254 03:38:03    -2397.714412        0.496099
MDMin:  2255 03:38:04    -2397.714381        0.500331
MDMin:  2256 03:38:05    -2397.714348        0.505876
MDMin:  2257 03:38:06    -2397.714315        0.512929
MDMin:  2258 03:38:08    -2397.714282        0.521675
MDMin:  2259 03:38:10    -2397.714249        0.532275
MDMin:  2260 03:38:12    -2397.714216        0.544891
MDMin:  2261 03:38:13    -2397.714183        0.559630
MDMin:  2262 03:38:15    -2397.714151        0.576498
MDMin:  2263 03:38:16    -2397.714120        0.595379
MDMin:  2264 03:38:17    -2397.714091        0.615989
MDMin:  2265 03:38:19    -2397.714062        0.637824
MDMin:  2266 03:38:21    -2397.714035        0.660078
MDMin:  2267 03:38:23    -2397.714009        0.681561
MDMin:  2268 03:38:25    -2397.713986        0.700526
MDMin:  2269 03:38:27    -2397.713965        0.714461
MDMin:  2270 03:38:29    -2397.713950        0.720951
MDMin:  2271 03:38:31    -2397.713943        0.722094
MDMin:  2272 03:38:33    -2397.713936        0.721957
MDMin:  2273 03:38:34    -2397.713930        0.720655
MDMin:  2274 03:38:36    -2397.713923        0.717685
MDMin:  2275 03:38:38    -2397.713915        0.712452
MDMin:  2276 03:38:40    -2397.713908        0.704287
MDMin:  2277 03:38:42    -2397.713901        0.692470
MDMin:  2278 03:38:44    -2397.713894        0.676234
MDMin:  2279 03:38:46    -2397.713887        0.654793
MDMin:  2280 03:38:48    -2397.713882        0.627491
MDMin:  2281 03:38:50    -2397.713877        0.624721
MDMin:  2282 03:38:52    -2397.713873        0.620349
MDMin:  2283 03:38:54    -2397.713871        0.608327
MDMin:  2284 03:38:55    -2397.713871        0.587385
MDMin:  2285 03:38:57    -2397.713873        0.557649
MDMin:  2286 03:38:58    -2397.713877        0.697795
MDMin:  2287 03:38:59    -2397.713879        0.516766
MDMin:  2288 03:39:01    -2397.713881        0.503621
MDMin:  2289 03:39:03    -2397.713884        0.488004
MDMin:  2290 03:39:05    -2397.713888        0.469743
MDMin:  2291 03:39:06    -2397.713893        0.448662
MDMin:  2292 03:39:08    -2397.713899        0.424590
MDMin:  2293 03:39:09    -2397.713907        0.397368
MDMin:  2294 03:39:10    -2397.713917        0.366872
MDMin:  2295 03:39:12    -2397.713930        0.333029
MDMin:  2296 03:39:13    -2397.713946        0.295860
MDMin:  2297 03:39:15    -2397.713967        0.260449
MDMin:  2298 03:39:17    -2397.713994        0.245337
MDMin:  2299 03:39:18    -2397.714028        0.228504
MDMin:  2300 03:39:20    -2397.714072        0.210957
MDMin:  2301 03:39:22    -2397.714128        0.194635
MDMin:  2302 03:39:23    -2397.714194        0.182187
MDMin:  2303 03:39:25    -2397.714253        0.552667
MDMin:  2304 03:39:26    -2397.714255        0.461258
MDMin:  2305 03:39:27    -2397.714260        0.301880
MDMin:  2306 03:39:29    -2397.714268        0.175611
MDMin:  2307 03:39:31    -2397.714281        0.175122
MDMin:  2308 03:39:32    -2397.714296        0.174765
MDMin:  2309 03:39:33    -2397.714313        0.175860
MDMin:  2310 03:39:35    -2397.714333        0.179663
MDMin:  2311 03:39:37    -2397.714356        0.183621
MDMin:  2312 03:39:38    -2397.714382        0.187668
MDMin:  2313 03:39:40    -2397.714411        0.191738
MDMin:  2314 03:39:41    -2397.714443        0.195775
MDMin:  2315 03:39:43    -2397.714479        0.199724
MDMin:  2316 03:39:45    -2397.714518        0.203536
MDMin:  2317 03:39:48    -2397.714560        0.207165
MDMin:  2318 03:39:49    -2397.714607        0.210563
MDMin:  2319 03:39:51    -2397.714657        0.218089
MDMin:  2320 03:39:53    -2397.714711        0.230262
MDMin:  2321 03:39:55    -2397.714770        0.244248
MDMin:  2322 03:39:57    -2397.714832        0.259935
MDMin:  2323 03:39:59    -2397.714899        0.277043
MDMin:  2324 03:40:01    -2397.714971        0.295065
MDMin:  2325 03:40:03    -2397.715047        0.313171
MDMin:  2326 03:40:04    -2397.715127        0.330032
MDMin:  2327 03:40:06    -2397.715204        0.343338
MDMin:  2328 03:40:07    -2397.715256        0.350192
MDMin:  2329 03:40:09    -2397.715281        0.352828
MDMin:  2330 03:40:11    -2397.715310        0.355341
MDMin:  2331 03:40:13    -2397.715344        0.357508
MDMin:  2332 03:40:15    -2397.715382        0.358997
MDMin:  2333 03:40:16    -2397.715425        0.359416
MDMin:  2334 03:40:18    -2397.715474        0.358334
MDMin:  2335 03:40:19    -2397.715527        0.355293
MDMin:  2336 03:40:21    -2397.715587        0.349854
MDMin:  2337 03:40:22    -2397.715653        0.341643
MDMin:  2338 03:40:23    -2397.715726        0.330413
MDMin:  2339 03:40:25    -2397.715806        0.316099
MDMin:  2340 03:40:26    -2397.715895        0.298865
MDMin:  2341 03:40:27    -2397.715992        0.279117
MDMin:  2342 03:40:29    -2397.716098        0.257477
MDMin:  2343 03:40:32    -2397.716213        0.234727
MDMin:  2344 03:40:34    -2397.716338        0.211786
MDMin:  2345 03:40:36    -2397.716467        0.190318
MDMin:  2346 03:40:38    -2397.716563        0.323188
MDMin:  2347 03:40:40    -2397.716588        0.173428
MDMin:  2348 03:40:42    -2397.716624        0.174425
MDMin:  2349 03:40:43    -2397.716665        0.175450
MDMin:  2350 03:40:45    -2397.716713        0.176446
MDMin:  2351 03:40:47    -2397.716767        0.177343
MDMin:  2352 03:40:49    -2397.716828        0.178066
MDMin:  2353 03:40:51    -2397.716895        0.178537
MDMin:  2354 03:40:53    -2397.716970        0.178676
MDMin:  2355 03:40:55    -2397.717051        0.178407
MDMin:  2356 03:40:57    -2397.717139        0.177654
MDMin:  2357 03:40:59    -2397.717235        0.176349
MDMin:  2358 03:41:01    -2397.717338        0.174432
MDMin:  2359 03:41:03    -2397.717449        0.171852
MDMin:  2360 03:41:05    -2397.717569        0.168569
MDMin:  2361 03:41:06    -2397.717697        0.164558
MDMin:  2362 03:41:07    -2397.717834        0.159806
MDMin:  2363 03:41:09    -2397.717979        0.154329
MDMin:  2364 03:41:12    -2397.718134        0.156419
MDMin:  2365 03:41:14    -2397.718288        0.184741
MDMin:  2366 03:41:16    -2397.718395        0.267279
MDMin:  2367 03:41:18    -2397.718429        0.159976
MDMin:  2368 03:41:19    -2397.718476        0.160099
MDMin:  2369 03:41:21    -2397.718530        0.160159
MDMin:  2370 03:41:22    -2397.718592        0.160118
MDMin:  2371 03:41:24    -2397.718662        0.159932
MDMin:  2372 03:41:25    -2397.718740        0.159549
MDMin:  2373 03:41:27    -2397.718826        0.158917
MDMin:  2374 03:41:29    -2397.718921        0.157980
MDMin:  2375 03:41:31    -2397.719025        0.156681
MDMin:  2376 03:41:33    -2397.719139        0.154969
MDMin:  2377 03:41:34    -2397.719262        0.152795
MDMin:  2378 03:41:36    -2397.719395        0.150120
MDMin:  2379 03:41:38    -2397.719539        0.146916
