# Hastelloy N H MSD — Notebook 11
# columns: t_ps  MSD_300K  MSD_400K  MSD_600K  MSD_800K  MSD_1000K MSD_1200K  (Å²)
# t_ps  MSD_300K  MSD_400K  MSD_600K  MSD_800K MSD_1000K MSD_1200K
0.000000000000000000e+00 0.000000000000000000e+00 0.000000000000000000e+00 0.000000000000000000e+00 0.000000000000000000e+00 0.000000000000000000e+00 0.000000000000000000e+00
5.000000000000000000e-01 7.110103783693333401e-02 9.794661067646663610e-02 2.101124453133333680e-01 7.697416699543974117e-01 2.428544736543504001e+00 4.892028704561584007e+00
1.000000000000000000e+00 7.348049370980654083e-02 1.057767128871914541e-01 2.696258044516344765e-01 1.271241525442494247e+00 4.561610152163087406e+00 9.603166197071461241e+00
1.500000000000000000e+00 7.314030060727635951e-02 1.048252768445260275e-01 3.103070979210948432e-01 1.754674813320363569e+00 6.740498844861471994e+00 1.405686011504707977e+01
2.000000000000000000e+00 7.084456542084169306e-02 1.073967980531062016e-01 3.535571094981964646e-01 2.246545786679225554e+00 8.973540587019632753e+00 1.852557012584454554e+01
2.500000000000000000e+00 7.146080768389037607e-02 1.074592185274732548e-01 4.080516931875668996e-01 2.727871967308648227e+00 1.112850147072665052e+01 2.303514399057693041e+01
3.000000000000000000e+00 7.184031897806021638e-02 1.043474117893645470e-01 4.491022547591305147e-01 3.184770378046079209e+00 1.327727081358336392e+01 2.731675228570270875e+01
3.500000000000000000e+00 7.194702407469880101e-02 1.001906466054886258e-01 4.953105020874832842e-01 3.673869439527984060e+00 1.547167177770794488e+01 3.143244548742706002e+01
4.000000000000000000e+00 7.462603875217682647e-02 1.031688564225050342e-01 5.443494992900201890e-01 4.131856776109612106e+00 1.775687381911658491e+01 3.560655632256987246e+01
4.500000000000000000e+00 7.318226930998658619e-02 1.041126164593163400e-01 6.027629474934986797e-01 4.587607116342581115e+00 1.996418497499546163e+01 3.962486526436345713e+01
5.000000000000000000e+00 7.105899934245472893e-02 1.034135855087860434e-01 6.540368563826290949e-01 5.065549958184574209e+00 2.208608325904435432e+01 4.360763773228318740e+01
5.500000000000000000e+00 7.311414557953020699e-02 1.058821775957718148e-01 7.034771288636242348e-01 5.558312035357616310e+00 2.417675211234586641e+01 4.767458397587798657e+01
6.000000000000000000e+00 7.375803556655474713e-02 1.006833879914036389e-01 7.440362553368031762e-01 6.021043705197739904e+00 2.616784239577178894e+01 5.185570081288462774e+01
6.500000000000000000e+00 7.223570949059139601e-02 1.041842106190188078e-01 7.978174681442876670e-01 6.477208613187538155e+00 2.814142693614725488e+01 5.583465826142746380e+01
7.000000000000000000e+00 7.074341416065904609e-02 1.022141700474109016e-01 8.427947116140552808e-01 6.915847591185092291e+00 3.020594961260801625e+01 5.977824614428190841e+01
7.500000000000000000e+00 7.384003590787349691e-02 1.016950185974427878e-01 8.981272655020188234e-01 7.364490690226954683e+00 3.238811021940151846e+01 6.362398462884250705e+01
8.000000000000000000e+00 7.227404842478114821e-02 1.028364123606060748e-01 9.461298178946128123e-01 7.818851425689758550e+00 3.453304576794072744e+01 6.748580077356338336e+01
8.500000000000000000e+00 7.193954914171157844e-02 1.025457065956873332e-01 9.910637123087602252e-01 8.295111348318988220e+00 3.682664695639320485e+01 7.134914978236824368e+01
9.000000000000000000e+00 7.384110130863115462e-02 1.023929424430209262e-01 1.034067581139851644e+00 8.752540019592244036e+00 3.904748281022370548e+01 7.509852729756046585e+01
9.500000000000000000e+00 7.161768276086370733e-02 1.065240033390688207e-01 1.087566873689608693e+00 9.209636690189459074e+00 4.124996906820592102e+01 7.869385856879259222e+01
1.000000000000000000e+01 7.217079484213370644e-02 1.017273136579338322e-01 1.135929690657393687e+00 9.659766192511714422e+00 4.354475497120749594e+01 8.227953426032414086e+01
1.050000000000000000e+01 7.355510596844595794e-02 1.033695777328378362e-01 1.183813199436148711e+00 1.014319833160342199e+01 4.597549699275735691e+01 8.593558119858673194e+01
1.100000000000000000e+01 7.095573735409059501e-02 1.044116465480054018e-01 1.241782416603110173e+00 1.057371030188781802e+01 4.850764213462897345e+01 8.931224908498741399e+01
1.150000000000000000e+01 7.310149328782136746e-02 1.040129780583897157e-01 1.294208818083964818e+00 1.099959226869618867e+01 5.097900465795629543e+01 9.282913105649369356e+01
1.200000000000000000e+01 7.322753919092755970e-02 1.055784197802979024e-01 1.339519587441638349e+00 1.147076248841269930e+01 5.335510324646377711e+01 9.632268928406006125e+01
1.250000000000000000e+01 7.485869666632791186e-02 1.073119565460704944e-01 1.391867477442411793e+00 1.192476427403942552e+01 5.575583033198774530e+01 9.974098546490702688e+01
1.300000000000000000e+01 7.311552267728814447e-02 1.049668253945762464e-01 1.442118675563389685e+00 1.242761009290558682e+01 5.817063235371627172e+01 1.029800279865219608e+02
1.350000000000000000e+01 7.493555303894164354e-02 1.007221318943012228e-01 1.494439785328629533e+00 1.290781741067776700e+01 6.061820469135481204e+01 1.062245437024440093e+02
1.400000000000000000e+01 7.252736639504411831e-02 1.044168606647657704e-01 1.543679303279225978e+00 1.338297579713437102e+01 6.311408695843331884e+01 1.095938801406948642e+02
1.450000000000000000e+01 7.183830958661684141e-02 1.049180686228940035e-01 1.597083411989402180e+00 1.389261196078208549e+01 6.568276522145285412e+01 1.127282017175336506e+02
1.500000000000000000e+01 7.051943713127123425e-02 9.885892201685927971e-02 1.647408066444323582e+00 1.439579435854361655e+01 6.823126421660941787e+01 1.158831977198698695e+02
1.550000000000000000e+01 7.346017618544217753e-02 1.042319520007483069e-01 1.698311278638707345e+00 1.490654359040428645e+01 7.076490385052964882e+01 1.191293326754800717e+02
1.600000000000000000e+01 7.260640362607213849e-02 1.007152997123213073e-01 1.750786018951259626e+00 1.541703860852538455e+01 7.329924843559361136e+01 1.224661549636967806e+02
1.650000000000000000e+01 7.346178095640326644e-02 1.044127077555858374e-01 1.802955902685967393e+00 1.590271167704223032e+01 7.575403463916248370e+01 1.259377358343092936e+02
1.700000000000000000e+01 7.257523082924335900e-02 1.042288006133605949e-01 1.857819031354396522e+00 1.642108868378175401e+01 7.820443837856906555e+01 1.294826247390898857e+02
1.750000000000000000e+01 7.238141668669849371e-02 1.065866909162346832e-01 1.909844680621828106e+00 1.692836232665139207e+01 8.068459536765121243e+01 1.330908774989881920e+02
1.800000000000000000e+01 7.308558846327646574e-02 1.038566260791126267e-01 1.967790558423071934e+00 1.745427905886748121e+01 8.312967277258245247e+01 1.364221488025123676e+02
1.850000000000000000e+01 7.375347503845629260e-02 1.060640579289617441e-01 2.022126976580806090e+00 1.795343369869669559e+01 8.553767870312434241e+01 1.400806848850666029e+02
1.900000000000000000e+01 7.269591058270677419e-02 1.031827967032125509e-01 2.060812910441899959e+00 1.852919195222350623e+01 8.807719194227547632e+01 1.437449382600356103e+02
1.950000000000000000e+01 7.172182705909713185e-02 1.009727157391244745e-01 2.116793886651846979e+00 1.909457928004385252e+01 9.059571148852037936e+01 1.475191808997197995e+02
2.000000000000000000e+01 7.193204029247089737e-02 1.046453706166324271e-01 2.166453969764065679e+00 1.962662099115016190e+01 9.317440286873598154e+01 1.514554898127875902e+02
2.050000000000000000e+01 7.398332480253425048e-02 1.023507949490411045e-01 2.223469651204657449e+00 2.015510350485613955e+01 9.568027651774625042e+01 1.555727526524014195e+02
2.100000000000000000e+01 7.348366105318712704e-02 1.012752475279643655e-01 2.276003518757848010e+00 2.066369429609020614e+01 9.821594601208224162e+01 1.599449199606540901e+02
2.150000000000000000e+01 7.287736106927299173e-02 1.050832278365569222e-01 2.326818846618244230e+00 2.122433898093338200e+01 1.006220767746866329e+02 1.642438973309808148e+02
2.200000000000000000e+01 7.067773645689773288e-02 1.036507446971859786e-01 2.379107482183047573e+00 2.175353948856713160e+01 1.029654202605795774e+02 1.681968874328150889e+02
2.250000000000000000e+01 7.259359504567308718e-02 1.024147241942307690e-01 2.434092975886470001e+00 2.228815111801295146e+01 1.053516526825044508e+02 1.721604936088047566e+02
2.300000000000000000e+01 7.487234814721649423e-02 1.036587982773882755e-01 2.476746908324398699e+00 2.283074930167418515e+01 1.077873818355942461e+02 1.760820080935430667e+02
2.350000000000000000e+01 7.618405888239339341e-02 1.031736682607977962e-01 2.536442983373383697e+00 2.333841139639650564e+01 1.102646346188094952e+02 1.797604694601501762e+02
2.400000000000000000e+01 7.360622565223673419e-02 1.030886719187198708e-01 2.590583199855333696e+00 2.380898308747394054e+01 1.126016863427210382e+02 1.834053633170905471e+02
2.450000000000000000e+01 7.344486543285123903e-02 1.013916549024793390e-01 2.634702688266390869e+00 2.426072051604400670e+01 1.149241151981528191e+02 1.872047044537645206e+02
2.500000000000000000e+01 7.153322470385940768e-02 9.855471893535494576e-02 2.689043254957959928e+00 2.472226186640136802e+01 1.171939914388963047e+02 1.910494282593158459e+02
2.550000000000000000e+01 7.345194972268964673e-02 1.013680590685517302e-01 2.741888525929379039e+00 2.517750294640461206e+01 1.196165115539434112e+02 1.947880400151137508e+02
2.600000000000000000e+01 7.260578285162180845e-02 1.029666306761904820e-01 2.797936512901794348e+00 2.558638565966952783e+01 1.220522336490426767e+02 1.984542411942906881e+02
2.650000000000000000e+01 7.471245887479281700e-02 1.001239753382597020e-01 2.852534776666022509e+00 2.599006048977521388e+01 1.245537104230207746e+02 2.021537795100868209e+02
2.700000000000000000e+01 7.320958482225294051e-02 1.017046799322045558e-01 2.905941229553006266e+00 2.638589708599488404e+01 1.270670912671559449e+02 2.057310058130435664e+02
2.750000000000000000e+01 7.155074852130015317e-02 1.043871524916320792e-01 2.958300363088243845e+00 2.672213180294907531e+01 1.294849387159112837e+02 2.091284744901877843e+02
2.800000000000000000e+01 7.426126068622838916e-02 1.027427051080276876e-01 3.013270895577647046e+00 2.703095737467590354e+01 1.319138701394372504e+02 2.125194385664741787e+02
2.850000000000000000e+01 7.396515498372574493e-02 1.044344333379501333e-01 3.067320340568144399e+00 2.734769680083365273e+01 1.342238716720640923e+02 2.158845446976130233e+02
2.900000000000000000e+01 7.180048973367983423e-02 1.034191598326403144e-01 3.125955440639362148e+00 2.765303438868049568e+01 1.365754056357004345e+02 2.192543622807176575e+02
2.950000000000000000e+01 7.212685985436892433e-02 1.021317865246879342e-01 3.174814789076005450e+00 2.800451752175498044e+01 1.388786622986760335e+02 2.226230471030102365e+02
3.000000000000000000e+01 7.211016453809854232e-02 1.009922829226925500e-01 3.226331495749826583e+00 2.832615606479777526e+01 1.412514828743808550e+02 2.259943067654273250e+02
3.050000000000000000e+01 7.578393517833333093e-02 1.020256206997916526e-01 3.270969324682916568e+00 2.862049610953912904e+01 1.434330883342901473e+02 2.293389243604640910e+02
3.100000000000000000e+01 7.286146913919389068e-02 1.020833586663655035e-01 3.322205642876720155e+00 2.893281068874886941e+01 1.454945207972821208e+02 2.326540799118090490e+02
3.150000000000000000e+01 7.496970658324060566e-02 9.918399013922112040e-02 3.362375405458066346e+00 2.922244668401085832e+01 1.474017149159352584e+02 2.358130650962710320e+02
3.200000000000000000e+01 7.183630440340987855e-02 1.012633030025052033e-01 3.410827514657619908e+00 2.953760140225645259e+01 1.492678774800890835e+02 2.391390436560726585e+02
3.250000000000000000e+01 7.442220800306409423e-02 1.028439479092618375e-01 3.472911633311699386e+00 2.982815118022174516e+01 1.511878126433637419e+02 2.424869209869296185e+02
3.300000000000000000e+01 7.446552733456447692e-02 1.072510582926829159e-01 3.509307896517491532e+00 3.011287152133974487e+01 1.531866485308947006e+02 2.459643789445665902e+02
3.350000000000000000e+01 7.447009329114365195e-02 1.053068641602510486e-01 3.540780004905857759e+00 3.037023730339186756e+01 1.552866731031066934e+02 2.496317231028493779e+02
3.400000000000000000e+01 7.424133504228890013e-02 1.023985986789951175e-01 3.583193443664550060e+00 3.062807847154467211e+01 1.575056589955195534e+02 2.533592435640886151e+02
3.450000000000000000e+01 7.444218751263965983e-02 1.041015852677374259e-01 3.605712193681982924e+00 3.087356502132429981e+01 1.596587904296468139e+02 2.569567079860238437e+02
3.500000000000000000e+01 7.433263582445842621e-02 1.020980257986722484e-01 3.644616539567575142e+00 3.114214065311121971e+01 1.618739042774355710e+02 2.608270838044527977e+02
3.550000000000000000e+01 7.211974273951048120e-02 1.024622457990909119e-01 3.672901235557971766e+00 3.139005999612286857e+01 1.641903873171578425e+02 2.646299009697629572e+02
3.600000000000000000e+01 7.329573635311406599e-02 1.021755362447165916e-01 3.705059332361581692e+00 3.162255885498833052e+01 1.665439461581896410e+02 2.683896033138776147e+02
3.650000000000000000e+01 7.210965091932775017e-02 1.015248320475490157e-01 3.736153996287955081e+00 3.187902226796908778e+01 1.690968447886381227e+02 2.720013705819661141e+02
3.700000000000000000e+01 7.436709441464610382e-02 1.036872119454800012e-01 3.770274013486334841e+00 3.213951247134247780e+01 1.715700882633620665e+02 2.756483263144057219e+02
3.750000000000000000e+01 7.575915654193549065e-02 1.014669467877278991e-01 3.800619589204628390e+00 3.240748764613626776e+01 1.740865800094032920e+02 2.792251376887219294e+02
3.800000000000000000e+01 7.387268593501754299e-02 1.022202878442105140e-01 3.834197642047859844e+00 3.268152989805650321e+01 1.766861829153076826e+02 2.826203543738971575e+02
3.850000000000000000e+01 7.420779964445226029e-02 1.026512383815308960e-01 3.867738133135814049e+00 3.292002078877452220e+01 1.791770794888772116e+02 2.858264356853227923e+02
3.900000000000000000e+01 7.507689067224174173e-02 1.045919535271258027e-01 3.900188822914195441e+00 3.316434730644021300e+01 1.817235084778562282e+02 2.888618452134616632e+02
3.950000000000000000e+01 7.337948324156118307e-02 1.008204755750351511e-01 3.944447656947186687e+00 3.342378544634027548e+01 1.841477471699614910e+02 2.920398348675999500e+02
4.000000000000000000e+01 7.148016731161155324e-02 1.024995753232934570e-01 3.977356486904152444e+00 3.366834839814546143e+01 1.867019803854844611e+02 2.952583602904005033e+02
4.050000000000000000e+01 7.505716555070421347e-02 1.029021814186619477e-01 4.008921936327112689e+00 3.391548890854733855e+01 1.892977646866704617e+02 2.985544637817584430e+02
4.100000000000000000e+01 7.324588635510922985e-02 1.041121335511627777e-01 4.039779673571388230e+00 3.416150525640159685e+01 1.918945343289520338e+02 3.016870286295473420e+02
4.150000000000000000e+01 7.317607166234131599e-02 1.016439086461918412e-01 4.082691301703808229e+00 3.440602304412956158e+01 1.944991882822512252e+02 3.049139630979614708e+02
4.200000000000000000e+01 7.422106507085390881e-02 1.032578994089625724e-01 4.107660471107268840e+00 3.466231442934352458e+01 1.972424546075002638e+02 3.081916930946377420e+02
4.250000000000000000e+01 7.423287840176553964e-02 1.021254185882062154e-01 4.139399674480650049e+00 3.491258418611558056e+01 2.000378042036520014e+02 3.113625406460118938e+02
4.300000000000000000e+01 7.253469158791518712e-02 9.969436836473498376e-02 4.177008123396678485e+00 3.514953693472713780e+01 2.029009785026986492e+02 3.145076888811217941e+02
4.350000000000000000e+01 7.158259789031116982e-02 1.034221307703677567e-01 4.213678590624752474e+00 3.539024894703107549e+01 2.057898026378043710e+02 3.176975860590692378e+02
4.400000000000000000e+01 7.253671322795469945e-02 1.032180536094125939e-01 4.248170404830219127e+00 3.561668014135609894e+01 2.085528496131772727e+02 3.206834446233781932e+02
4.450000000000000000e+01 7.091316102556656509e-02 9.866175162563738110e-02 4.282400702271245585e+00 3.585943157362878253e+01 2.112850939172977860e+02 3.239670833165598651e+02
4.500000000000000000e+01 7.464755026279236427e-02 1.035165338551382042e-01 4.311715147232317413e+00 3.609844382508492799e+01 2.140660898896369702e+02 3.274304308374099719e+02
4.550000000000000000e+01 7.379625057709218727e-02 1.023122777190779986e-01 4.352211517729077883e+00 3.634416353285676848e+01 2.167283952882428366e+02 3.309640133183571606e+02
4.600000000000000000e+01 7.257832564116394047e-02 1.014460159462739625e-01 4.380259896110077378e+00 3.657594188118230960e+01 2.195098477531555830e+02 3.346572941807896200e+02
4.650000000000000000e+01 7.427743574765624524e-02 1.015482115786931899e-01 4.413727195835582151e+00 3.682004295694898843e+01 2.222081926751790775e+02 3.386599393516567602e+02
4.700000000000000000e+01 7.224755980874199290e-02 1.009648073532338208e-01 4.448003376814782861e+00 3.704528751266745701e+01 2.249578060675582947e+02 3.426686202229014384e+02
4.750000000000000000e+01 7.248301311045518558e-02 1.018742508178520495e-01 4.486298462858748337e+00 3.730695625922606240e+01 2.277309690135941764e+02 3.466135938447106923e+02
4.800000000000000000e+01 7.352128372512453658e-02 1.002882837421352341e-01 4.521685621198291649e+00 3.752197120499108962e+01 2.305144307868928024e+02 3.507172538229199859e+02
4.850000000000000000e+01 7.566738296232192185e-02 1.035613337153133973e-01 4.561354404560398201e+00 3.774263025485962686e+01 2.333527515092683018e+02 3.550294422012649420e+02
4.900000000000000000e+01 7.290582714497503836e-02 1.051115272233072162e-01 4.591608974666571363e+00 3.797442674439290045e+01 2.362236948882900265e+02 3.592128318233490063e+02
4.950000000000000000e+01 7.276962482503566976e-02 1.032740712835235469e-01 4.619542306773324114e+00 3.821892487871259192e+01 2.390093877301350744e+02 3.635508491001868379e+02
5.000000000000000000e+01 7.363642462748037909e-02 1.021849123377587543e-01 4.653901281580727911e+00 3.846638368861997037e+01 2.418379625752106961e+02 3.679851766374299018e+02
5.050000000000000000e+01 7.257508516814285826e-02 1.025378764075714072e-01 4.687593123403928530e+00 3.871981043830918878e+01 2.447539363771318506e+02 3.725250380540601896e+02
5.100000000000000000e+01 7.260685106604719552e-02 1.006836589936383336e-01 4.722587417234096030e+00 3.895289970541143987e+01 2.478539694695757873e+02 3.770117152783551546e+02
5.150000000000000000e+01 7.175327801909869851e-02 9.831512394899857843e-02 4.750784501942417748e+00 3.918575488332488277e+01 2.508778268473656965e+02 3.814906094211932555e+02
5.200000000000000000e+01 7.224859219040800917e-02 9.984080050429493258e-02 4.791829604101932816e+00 3.944629600337190567e+01 2.539765514883696937e+02 3.860817891574599798e+02
5.250000000000000000e+01 7.384939636812321018e-02 1.009265052146847974e-01 4.822924714013395509e+00 3.969748272381164611e+01 2.570236430872059827e+02 3.903826911788968914e+02
5.300000000000000000e+01 7.337391720494625125e-02 1.003094390368458738e-01 4.858407090917634008e+00 3.995124237564473191e+01 2.600659609113617421e+02 3.943527297135495928e+02
5.350000000000000000e+01 7.299709330667145113e-02 1.000306858380918124e-01 4.894588498306097435e+00 4.019716871122692226e+01 2.630812684914341730e+02 3.983591121453110304e+02
5.400000000000000000e+01 7.245495576755205114e-02 1.022906747952620210e-01 4.927635719596051622e+00 4.043517365462024316e+01 2.660179806306621799e+02 4.024785086272511307e+02
5.450000000000000000e+01 6.950527275294539342e-02 1.009746044313218211e-01 4.956901466443534687e+00 4.067137619379974467e+01 2.688518797085662868e+02 4.065125737383705200e+02
5.500000000000000000e+01 7.210393056412651991e-02 1.008864789757728114e-01 4.990597597652767448e+00 4.093364586286799067e+01 2.716852724778030961e+02 4.108236369217612491e+02
5.550000000000000000e+01 7.100993425978419094e-02 9.988889081841725859e-02 5.024619080364243651e+00 4.114688530394453636e+01 2.744573300059997223e+02 4.149923474121137019e+02
5.600000000000000000e+01 7.245877877264218780e-02 1.026243435935925152e-01 5.059919995657018887e+00 4.135381216405824745e+01 2.772172496437627842e+02 4.190196208540529597e+02
5.650000000000000000e+01 7.355913794286744745e-02 1.018816973569164064e-01 5.092624387550648279e+00 4.155707766426002792e+01 2.799962007090475709e+02 4.229525122802206738e+02
5.700000000000000000e+01 7.215777346452777186e-02 1.005538137414564021e-01 5.131681937141673089e+00 4.174750836347003258e+01 2.827507655414142391e+02 4.266272920902144961e+02
5.750000000000000000e+01 7.343517747893218983e-02 1.009489472435786406e-01 5.172690128388816255e+00 4.193298626923674988e+01 2.854364990115209935e+02 4.304962901633538763e+02
5.800000000000000000e+01 7.267732621090253198e-02 1.027134167943682258e-01 5.207201162337617539e+00 4.214978867923342420e+01 2.881100443468217236e+02 4.343009647576876091e+02
5.850000000000000000e+01 7.169870744118496397e-02 9.965372682543355287e-02 5.238424851569941865e+00 4.234299893947669347e+01 2.907509544251167313e+02 4.377981063644211872e+02
5.900000000000000000e+01 7.340418416023138104e-02 1.000628769574837124e-01 5.268116830235792136e+00 4.254859679114795057e+01 2.934064701069217449e+02 4.412863971283640581e+02
5.950000000000000000e+01 7.167362771830679269e-02 1.010708989497828975e-01 5.307733333770477735e+00 4.274186759295863425e+01 2.960622095835910841e+02 4.447756840455917313e+02
6.000000000000000000e+01 7.252418680391019279e-02 9.960372231781317032e-02 5.337636178127081799e+00 4.295714601335803451e+01 2.986599575786447076e+02 4.482646068944544595e+02
6.050000000000000000e+01 7.397835689695651806e-02 1.022564199616666641e-01 5.362430325150289612e+00 4.316737793199268225e+01 3.013280877549736942e+02 4.516266219386312173e+02
6.100000000000000000e+01 7.215546567766496777e-02 1.014445373623640290e-01 5.393014412221392107e+00 4.335942270905094631e+01 3.040249768578327121e+02 4.550672137242578401e+02
6.150000000000000000e+01 7.043110208984033893e-02 1.005887347356313744e-01 5.414771377699347354e+00 4.355229810899019327e+01 3.068717803120653116e+02 4.586472458896708986e+02
6.200000000000000000e+01 7.277187400522874827e-02 1.022762779083514761e-01 5.447248953631372181e+00 4.378239988931045445e+01 3.096028780546287749e+02 4.621107332986370579e+02
6.250000000000000000e+01 7.415366117005814384e-02 1.004548260130813941e-01 5.474697867792804651e+00 4.399266801050164588e+01 3.124147152331934763e+02 4.654820754214299541e+02
6.300000000000000000e+01 7.123906982399999532e-02 1.008877917813818109e-01 5.497286440332872282e+00 4.421743479354857698e+01 3.152838003954212809e+02 4.688354292423103402e+02
6.350000000000000000e+01 7.207866726491993226e-02 1.024120812970160249e-01 5.526200721336390842e+00 4.444884958744018633e+01 3.180882064337185966e+02 4.724074471477047155e+02
6.400000000000000000e+01 7.193891589788785346e-02 1.046487145549162556e-01 5.552718855056154368e+00 4.469994413520301890e+01 3.208737273768280147e+02 4.757615678410226678e+02
6.450000000000000000e+01 7.222314121435860490e-02 1.040859791291545156e-01 5.583134839556122664e+00 4.492072954488470771e+01 3.235990646269718809e+02 4.792739368546442051e+02
6.500000000000000000e+01 7.429082044347193325e-02 1.027508726617797352e-01 5.604735915929686563e+00 4.514454123943981045e+01 3.263559935106960666e+02 4.829501435796721580e+02
6.550000000000000000e+01 7.042379380160583568e-02 1.020066172082481487e-01 5.635250652361533774e+00 4.536242528251808181e+01 3.291124290297632911e+02 4.867199649161121897e+02
6.600000000000000000e+01 7.283968457516434847e-02 1.015871407494521594e-01 5.655825756473776167e+00 4.562879315193743679e+01 3.318281758851996983e+02 4.903871904416952816e+02
6.650000000000000000e+01 7.181235820533625469e-02 1.008252208253654775e-01 5.678628608779166420e+00 4.589042901398154584e+01 3.346061775472309705e+02 4.940550911939600383e+02
6.700000000000000000e+01 7.390983464455011531e-02 9.979701691024138455e-02 5.705500413906802848e+00 4.615399857778533743e+01 3.374877756954848564e+02 4.978933058858094114e+02
6.750000000000000000e+01 7.303202938733528715e-02 1.016931526743045378e-01 5.741916534940262551e+00 4.639812863697895295e+01 3.404309381279902595e+02 5.016080169449354003e+02
6.800000000000000000e+01 7.295041472520145953e-02 1.025456832304029037e-01 5.766535911529450331e+00 4.666575373770419333e+01 3.432621458148612987e+02 5.051699214964357338e+02
6.850000000000000000e+01 7.092694674303517965e-02 1.021552638148093689e-01 5.799172068454471862e+00 4.693473305289923303e+01 3.461976665418781067e+02 5.086677663065569845e+02
6.900000000000000000e+01 7.300267644754217244e-02 1.011257796577402779e-01 5.821867454495084360e+00 4.719570546645675790e+01 3.490472678993554609e+02 5.122382856244340701e+02
6.950000000000000000e+01 7.187266166615270679e-02 1.017511146873714828e-01 5.860332725913876217e+00 4.745238980226571357e+01 3.519804790300078707e+02 5.156755403849759887e+02
7.000000000000000000e+01 7.148490610580453264e-02 1.023343424545921920e-01 5.894166518696178692e+00 4.771541389612546169e+01 3.549037157885720717e+02 5.190443289240404283e+02
7.050000000000000000e+01 6.957678653867646612e-02 1.023223133023529186e-01 5.930800095541248318e+00 4.797262101352074382e+01 3.578398850471687069e+02 5.223755692089379181e+02
7.100000000000000000e+01 7.130998827858718581e-02 1.037063312213392097e-01 5.967786783425238717e+00 4.825507226675524919e+01 3.608609288217224389e+02 5.253260837446458709e+02
7.150000000000000000e+01 7.187887046038292371e-02 1.009908743704712869e-01 5.998879743768041450e+00 4.853633190407879994e+01 3.638014890115716753e+02 5.281967706610942059e+02
7.200000000000000000e+01 7.030754245416358239e-02 1.018928221789977828e-01 6.020618631300884260e+00 4.880622026703499472e+01 3.667191329118234648e+02 5.311035204104026661e+02
7.250000000000000000e+01 7.072672104336284737e-02 1.003246999666666667e-01 6.045881386863789508e+00 4.909358881821523113e+01 3.696891163415036203e+02 5.338819759217974479e+02
7.300000000000000000e+01 7.150222386774908456e-02 1.017232795117342936e-01 6.081952556902509244e+00 4.934952882158728471e+01 3.724966915539833394e+02 5.368210905152349142e+02
7.350000000000000000e+01 7.067751534571638239e-02 1.008065326761447555e-01 6.107537221415805462e+00 4.959356481406284445e+01 3.752103233070724286e+02 5.396799308121688910e+02
7.400000000000000000e+01 7.095430890487802733e-02 9.887689396866221336e-02 6.144491776007611428e+00 4.986167583895002053e+01 3.780667056592728841e+02 5.426198712230554975e+02
7.450000000000000000e+01 7.141011741235206434e-02 9.980929657788462084e-02 6.177775004416199423e+00 5.013146284388059826e+01 3.809208151204033470e+02 5.455340550069522578e+02
7.500000000000000000e+01 7.100901103360472699e-02 1.018246817017764705e-01 6.206966982274833455e+00 5.039196763108093080e+01 3.839067545969045909e+02 5.481811386776264499e+02
7.550000000000000000e+01 7.100081746192592191e-02 1.018468260408888909e-01 6.239582337283406943e+00 5.068084138839746799e+01 3.868389608495292009e+02 5.508209326240370274e+02
7.600000000000000000e+01 7.093634039436619299e-02 1.004520217781319641e-01 6.270337020227723990e+00 5.097678452716091613e+01 3.896731423424566287e+02 5.535820054085962738e+02
7.650000000000000000e+01 7.172358246632047629e-02 1.004317654220326234e-01 6.298766609782046721e+00 5.125997084386325042e+01 3.926143535404361842e+02 5.562719352083466902e+02
7.700000000000000000e+01 7.205808088745359330e-02 9.962883366933926454e-02 6.343270146635411777e+00 5.156149443290939161e+01 3.956557365030325286e+02 5.590252877755526697e+02
7.750000000000000000e+01 7.009895238551261398e-02 9.952790332050520661e-02 6.375819045612778346e+00 5.185733178896975915e+01 3.986960559840026121e+02 5.617271035619190798e+02
7.800000000000000000e+01 7.257888013605948152e-02 1.017653087438661619e-01 6.405719308435762649e+00 5.214604435135700555e+01 4.016570725167125033e+02 5.644454161432984165e+02
7.850000000000000000e+01 7.205670086436011257e-02 1.021568757878720396e-01 6.434369795898733813e+00 5.243526932650421912e+01 4.047989741936565338e+02 5.671824943404333226e+02
7.900000000000000000e+01 7.121634105271779092e-02 1.026452111581533794e-01 6.475071518679822447e+00 5.268408698000311574e+01 4.079902575765086112e+02 5.697852098605130777e+02
7.950000000000000000e+01 7.161670373263787082e-02 1.007821234856184772e-01 6.498138498518479800e+00 5.293170877381573547e+01 4.112274578258300721e+02 5.724139973084517123e+02
8.000000000000000000e+01 7.381204677203578868e-02 1.033016606691275069e-01 6.521411968053466346e+00 5.316660642943341486e+01 4.145231604823791827e+02 5.751665916560683627e+02
8.050000000000000000e+01 6.975975661067163047e-02 1.003176635223880647e-01 6.551415111980670503e+00 5.343027679584837841e+01 4.177725297060078447e+02 5.780097225845220237e+02
8.100000000000000000e+01 7.086374288356980800e-02 1.014133003764002977e-01 6.577474549443241614e+00 5.368165848206393775e+01 4.209807439327442466e+02 5.808276286341232435e+02
8.150000000000000000e+01 7.137476350119582869e-02 1.016877428246636683e-01 6.603889499154333542e+00 5.387235280329483800e+01 4.241887985547745643e+02 5.838026567177361130e+02
8.200000000000000000e+01 6.947451325033658642e-02 1.009859456429319235e-01 6.638469625232984228e+00 5.406331462613653827e+01 4.275015086756134224e+02 5.868810906509191909e+02
8.250000000000000000e+01 7.084099267836826974e-02 1.014712007736526950e-01 6.664297711431513171e+00 5.424640990662465612e+01 4.307780720157279575e+02 5.899750137993038379e+02
8.300000000000000000e+01 7.194693157805241712e-02 9.987876456666665292e-02 6.689395098631086611e+00 5.442462267925949959e+01 4.341659331546791236e+02 5.929617695795741383e+02
8.350000000000000000e+01 7.146807399407796579e-02 1.019008991040479539e-01 6.707279030388679786e+00 5.463257635093378184e+01 4.375535065982842866e+02 5.958988893626037679e+02
8.400000000000000000e+01 7.241113605821454524e-02 1.011988048114778882e-01 6.731294870280944309e+00 5.481447746959700851e+01 4.408013934237561671e+02 5.988916916264435031e+02
8.450000000000000000e+01 7.015260244436935522e-02 1.034377265900900955e-01 6.751808803392266078e+00 5.494455081282899300e+01 4.441254229081999938e+02 6.019512238003336506e+02
8.500000000000000000e+01 7.284250256228400056e-02 1.009787524102930129e-01 6.773892496067992930e+00 5.511541174695529577e+01 4.474747056276574426e+02 6.047695383934976689e+02
8.550000000000000000e+01 7.097817106744359894e-02 1.032511319681955059e-01 6.805465166098120022e+00 5.527325439846588750e+01 4.508435770284139608e+02 6.074841881353966073e+02
8.600000000000000000e+01 6.946790055914221773e-02 1.013253561455229462e-01 6.828153044880736822e+00 5.543267707923813958e+01 4.542923559003912146e+02 6.102025193820551294e+02
8.650000000000000000e+01 7.154966810225904528e-02 9.954483563787652756e-02 6.851594092587724560e+00 5.559980816373479939e+01 4.576835652709818874e+02 6.126457982933704898e+02
8.700000000000000000e+01 7.126968562388846795e-02 9.997000355244914371e-02 6.873254184683119661e+00 5.574406614866456522e+01 4.610657632713296721e+02 6.152620976497057654e+02
8.750000000000000000e+01 7.050776110460028889e-02 1.005452518692307728e-01 6.895726188938537504e+00 5.586162076937095833e+01 4.645047005698093585e+02 6.178945562475270208e+02
8.800000000000000000e+01 7.213552376015092138e-02 1.034709560176603899e-01 6.921368690012452696e+00 5.599313235210969708e+01 4.678595696424258676e+02 6.204965593457469595e+02
8.850000000000000000e+01 7.197276179358005899e-02 1.010406072222809620e-01 6.951169287607628533e+00 5.612598291693239361e+01 4.711179266117081852e+02 6.230202371488588824e+02
8.900000000000000000e+01 6.821594742872261197e-02 1.023080540139077871e-01 6.979055008277021521e+00 5.624404301182511290e+01 4.744382916201212765e+02 6.253713743255827922e+02
8.950000000000000000e+01 7.024433823691376977e-02 9.846710976679272365e-02 6.999102651197050662e+00 5.637177846872193498e+01 4.777574875904960550e+02 6.276659940284325785e+02
9.000000000000000000e+01 6.974099141756244513e-02 1.022872352337622914e-01 7.021518666675624409e+00 5.649781114072550281e+01 4.809318234238261311e+02 6.301537117413903388e+02
9.050000000000000000e+01 6.934812324333333722e-02 1.028334331476515179e-01 7.050452055476136515e+00 5.662444727028677960e+01 4.841549078548353577e+02 6.328069145012701711e+02
9.100000000000000000e+01 7.083918494753600748e-02 1.031588312706596122e-01 7.068943778623578922e+00 5.675605935313972594e+01 4.874035474475354022e+02 6.355504828984471715e+02
9.150000000000000000e+01 7.180067691934749474e-02 1.039855372527313943e-01 7.088631422150608152e+00 5.690818957153367563e+01 4.906241685206441616e+02 6.384826912984909768e+02
9.200000000000000000e+01 7.018085810683372117e-02 1.016475827912680374e-01 7.105980740225132486e+00 5.703272301953474965e+01 4.938864085296102076e+02 6.414076086699599273e+02
9.250000000000000000e+01 7.129255152796352968e-02 9.945275724247720772e-02 7.127625655786093972e+00 5.718896917139858260e+01 4.972809948595088372e+02 6.445207570644985253e+02
9.300000000000000000e+01 7.202150917817490283e-02 1.002836141391635072e-01 7.149110243408745013e+00 5.735285646265875670e+01 5.005311770390504194e+02 6.477071668768003292e+02
9.350000000000000000e+01 7.052096763310501670e-02 1.027969329477169125e-01 7.174924422732495977e+00 5.751962796362174402e+01 5.038680484165785742e+02 6.508867647934264369e+02
9.400000000000000000e+01 7.033430381972581580e-02 1.045173991201827773e-01 7.194074265025514947e+00 5.767233532792896966e+01 5.071750257194064488e+02 6.540650500392271169e+02
9.450000000000000000e+01 7.124181446867378087e-02 1.027324207617377888e-01 7.223723136014100987e+00 5.780710910666873303e+01 5.104405578626000306e+02 6.570294045088728581e+02
9.500000000000000000e+01 7.081247119504194276e-02 1.009058210338672490e-01 7.252419629022501368e+00 5.795836102947786372e+01 5.136342337942184031e+02 6.596574197355140541e+02
9.550000000000000000e+01 6.853719107671756017e-02 1.027954678967938767e-01 7.272078121388167560e+00 5.811314145532356434e+01 5.167794888277047676e+02 6.623800887825951804e+02
9.600000000000000000e+01 7.148388437983194121e-02 1.013052247986248877e-01 7.303161587008784927e+00 5.825339953032821683e+01 5.198364169218430106e+02 6.652747736921000978e+02
9.650000000000000000e+01 7.188774301773699638e-02 9.875963087698773346e-02 7.318795561905581337e+00 5.842455385643131649e+01 5.228956777496420045e+02 6.684256403942624729e+02
9.700000000000000000e+01 7.057746644269319303e-02 9.754629400948736095e-02 7.341189864468630866e+00 5.860624309398139076e+01 5.258856475535463915e+02 6.717474870629923771e+02
9.750000000000000000e+01 7.084745932534457225e-02 1.015041405967075094e-01 7.358919490539433284e+00 5.877233946724762603e+01 5.288426312049357421e+02 6.750367650905996015e+02
9.800000000000000000e+01 7.068170263295019129e-02 9.872399937386971969e-02 7.395539024644062209e+00 5.897017024139369568e+01 5.317682856947941445e+02 6.782847597161841122e+02
9.850000000000000000e+01 6.974720608450919734e-02 1.006173634736963196e-01 7.417956455750383427e+00 5.919183564548907839e+01 5.345550998550762642e+02 6.813212007985246146e+02
9.900000000000000000e+01 7.075967127482730989e-02 1.055173901544896597e-01 7.438648483380274179e+00 5.940431182338824811e+01 5.373560138619379813e+02 6.847032988729598628e+02
9.950000000000000000e+01 7.276286147849461705e-02 1.030302056615975403e-01 7.465607552871352581e+00 5.962294767316887345e+01 5.400159628784989536e+02 6.880344998507646324e+02
1.000000000000000000e+02 7.105963674750191694e-02 1.022889723265948958e-01 7.489639718892004971e+00 5.982457170556400428e+01 5.426110995642018224e+02 6.914627729073599767e+02
1.005000000000000000e+02 6.957048251515385306e-02 1.016390941468461734e-01 7.510297102528076252e+00 6.005410988116084781e+01 5.454215018860921873e+02 6.948023188381126829e+02
1.010000000000000000e+02 7.139175820061585687e-02 1.017358021678213820e-01 7.534636508311392866e+00 6.031488245028369022e+01 5.481710415378584003e+02 6.981266705610015606e+02
1.015000000000000000e+02 7.148163592303544145e-02 9.900515497303544188e-02 7.553758072870953910e+00 6.055108502477917654e+01 5.510177199151776222e+02 7.013008844516957652e+02
1.020000000000000000e+02 7.019623443369313320e-02 1.014906056554356201e-01 7.585067885237085861e+00 6.075427443907825165e+01 5.538802201020035909e+02 7.044894141177488791e+02
1.025000000000000000e+02 7.131325253341050385e-02 1.024947490420524826e-01 7.610605736273533317e+00 6.097364564186233338e+01 5.567680202604204851e+02 7.080870671197923230e+02
1.030000000000000000e+02 6.970606134123552566e-02 9.910928793868727105e-02 7.632986036649034745e+00 6.119232477772790446e+01 5.596863994928253305e+02 7.115699976285496859e+02
1.035000000000000000e+02 7.125841684690881195e-02 1.029631740374033766e-01 7.652883199559890492e+00 6.140796600112922476e+01 5.626371872304217732e+02 7.150121122811742680e+02
1.040000000000000000e+02 6.956464153967517605e-02 1.006317209797370632e-01 7.681486929964809640e+00 6.163098980665774462e+01 5.655550493632161988e+02 7.183133688326503261e+02
1.045000000000000000e+02 7.142005266486067816e-02 1.016993329907894678e-01 7.697366030455493835e+00 6.183964390149745327e+01 5.686288862101874884e+02 7.214633223186049236e+02
1.050000000000000000e+02 7.218763787552287536e-02 1.003369696362509667e-01 7.732446137932222463e+00 6.203914678968163798e+01 5.716732662211550178e+02 7.247065632213489152e+02
1.055000000000000000e+02 7.107239046410852856e-02 1.000177797081395342e-01 7.749509623780231671e+00 6.225227700610258808e+01 5.747383284534477070e+02 7.278842433076005136e+02
1.060000000000000000e+02 7.129648185608997157e-02 1.012838872178432881e-01 7.779760788721877596e+00 6.245970111070487718e+01 5.777675738521534186e+02 7.309902298567239995e+02
1.065000000000000000e+02 6.971162031739130960e-02 9.889901279184783178e-02 7.806697481714673259e+00 6.271137351487107026e+01 5.805851237916597256e+02 7.340479339093503768e+02
1.070000000000000000e+02 6.888338178158509573e-02 1.029377528100232919e-01 7.830880236918802417e+00 6.292136361765447106e+01 5.835788174440530156e+02 7.373713005237598281e+02
1.075000000000000000e+02 7.110013103475895657e-02 1.021350707302488420e-01 7.859224732001944602e+00 6.310698552410233475e+01 5.866943199114067511e+02 7.408389723184145623e+02
1.080000000000000000e+02 7.137099454832686318e-02 1.070469257417120679e-01 7.880311634926459696e+00 6.331502184961906465e+01 5.898130028305396308e+02 7.446158626852109137e+02
1.085000000000000000e+02 7.058050655778816407e-02 1.040161064921339418e-01 7.916119397847740657e+00 6.355612373277256921e+01 5.928474548884329351e+02 7.483749323146479355e+02
1.090000000000000000e+02 7.065577631777085477e-02 1.014064363406858849e-01 7.930474689531174626e+00 6.379424095266832495e+01 5.959243722057692594e+02 7.519284073454841746e+02
1.095000000000000000e+02 7.043278672597504120e-02 1.015284530455538153e-01 7.955010477657175727e+00 6.404878590955497941e+01 5.990038770540531914e+02 7.556062130142390743e+02
1.100000000000000000e+02 7.090763263138172290e-02 1.014427336468384094e-01 7.983343402197110805e+00 6.433858778019479985e+01 6.019889150305579051e+02 7.591400265040724662e+02
1.105000000000000000e+02 7.004559360859374806e-02 1.026454260368749871e-01 8.011872036383202555e+00 6.461382713619471474e+01 6.049092898069548028e+02 7.626986956615979807e+02
1.110000000000000000e+02 7.090561774323692057e-02 1.056696952643471354e-01 8.026056951498436121e+00 6.493017392983433922e+01 6.078925237239373018e+02 7.663254225489157534e+02
1.115000000000000000e+02 7.095103977120499616e-02 1.011300150419405380e-01 8.046517915293035728e+00 6.520340496469194136e+01 6.108998397607351762e+02 7.701564923999966368e+02
1.120000000000000000e+02 7.237998342678152175e-02 1.031989544631949918e-01 8.067513760426390235e+00 6.548838189181087444e+01 6.139247739941822601e+02 7.740274924245244392e+02
1.125000000000000000e+02 7.153701926951409884e-02 1.049597097607366802e-01 8.100180194218259189e+00 6.572414044136500877e+01 6.168897447295081520e+02 7.779333118758760293e+02
1.130000000000000000e+02 7.097881990015685039e-02 9.991029936737257089e-02 8.120074414993332823e+00 6.596825891426092880e+01 6.197854606974538001e+02 7.816476381326490355e+02
1.135000000000000000e+02 6.938876726483515778e-02 1.014707697157770788e-01 8.151042282331632194e+00 6.616652579710694226e+01 6.226364927006034122e+02 7.855810900030760422e+02
1.140000000000000000e+02 7.153768106661427539e-02 1.026630624961508004e-01 8.179196053540062294e+00 6.635808991751683550e+01 6.255724889218321323e+02 7.895563672388242367e+02
1.145000000000000000e+02 7.099548888050316586e-02 9.923517030479560297e-02 8.199118593918631959e+00 6.654084802243438901e+01 6.285911583071322184e+02 7.936829389846320737e+02
1.150000000000000000e+02 7.053236689213218669e-02 1.049755850196695400e-01 8.224393411737608517e+00 6.672802869093193578e+01 6.317684101403668819e+02 7.978860405140245575e+02
1.155000000000000000e+02 7.028210669976377167e-02 1.023520217937008009e-01 8.252923671017715179e+00 6.691567347548796363e+01 6.351267783525298682e+02 8.019399257802712100e+02
1.160000000000000000e+02 6.870953195287628212e-02 1.063785779500393963e-01 8.279762644135935545e+00 6.711083244119942037e+01 6.385553753887314770e+02 8.063104227838481393e+02
1.165000000000000000e+02 7.169213203154573000e-02 1.012386701992113447e-01 8.303062018279572243e+00 6.727767937775773532e+01 6.420344942196933289e+02 8.106720900956037212e+02
1.170000000000000000e+02 7.132688655872138073e-02 1.042977723608524282e-01 8.324674166383976726e+00 6.743918414103640657e+01 6.454786540562739674e+02 8.150058953678280886e+02
1.175000000000000000e+02 7.056478256935229398e-02 1.031323673347551428e-01 8.359927555180489023e+00 6.763725204982424088e+01 6.489700761705769310e+02 8.189357445963294140e+02
1.180000000000000000e+02 7.011584114703557635e-02 1.030786126777865352e-01 8.381392995856520756e+00 6.789691198086232760e+01 6.524503867568132591e+02 8.228163693283606790e+02
1.185000000000000000e+02 6.962330135126582054e-02 1.039668222143987214e-01 8.395827053237738369e+00 6.811165483707164015e+01 6.558377006452867590e+02 8.267580059895080922e+02
1.190000000000000000e+02 7.097883915281076594e-02 1.033281251165479031e-01 8.435054020299682875e+00 6.831317725541161678e+01 6.593018484111797761e+02 8.308133577382423027e+02
1.195000000000000000e+02 7.032141492361332347e-02 1.041652925024564164e-01 8.457072299141442429e+00 6.852927068280293099e+01 6.627610469555799000e+02 8.346297484652279763e+02
1.200000000000000000e+02 6.980442991895320637e-02 1.040725727644726262e-01 8.485039919572162859e+00 6.874380091245880919e+01 6.662483349738989773e+02 8.383921247163228827e+02
1.205000000000000000e+02 7.103977228015873058e-02 1.029857941025396767e-01 8.517696416938491666e+00 6.891654000110885647e+01 6.695572831524003732e+02 8.423719242079142759e+02
1.210000000000000000e+02 7.132350522231928336e-02 1.007795990712470197e-01 8.541513307747814920e+00 6.910233921366281606e+01 6.728944938795617645e+02 8.463129331085241347e+02
1.215000000000000000e+02 6.997511624531002616e-02 1.036550917837837649e-01 8.562749673773051740e+00 6.930929187833588401e+01 6.762392800690664671e+02 8.501249521707060239e+02
1.220000000000000000e+02 6.988263032665074925e-02 1.024564163392203409e-01 8.582978576891408196e+00 6.950630512993191701e+01 6.794790552838445592e+02 8.540770986612892557e+02
1.225000000000000000e+02 7.006363517699044918e-02 1.021360909553343937e-01 8.605964235003582985e+00 6.970407622895359623e+01 6.827773163444351212e+02 8.582712025187645395e+02
1.230000000000000000e+02 6.874037756103586194e-02 1.048169818043824808e-01 8.624555302786054867e+00 6.987469448088870649e+01 6.859568460152734133e+02 8.624264047309139869e+02
1.235000000000000000e+02 7.128419061770334408e-02 1.036778166221690722e-01 8.653537240490031479e+00 7.009187543766805106e+01 6.890876191252359604e+02 8.667724010977226499e+02
1.240000000000000000e+02 7.038996844916201034e-02 1.054734324609736679e-01 8.682735584337191170e+00 7.024761168284376822e+01 6.921957752203630889e+02 8.709535117316211199e+02
1.245000000000000000e+02 6.922229020934504706e-02 1.052986726713258520e-01 8.714298286883783717e+00 7.040189587496222146e+01 6.953535369746448396e+02 8.751647704082478185e+02
1.250000000000000000e+02 6.769263977625901429e-02 1.021564817828137517e-01 8.741807142534371522e+00 7.053452429768364595e+01 6.984716276665478745e+02 8.794469349534049343e+02
1.255000000000000000e+02 7.019263080807999766e-02 1.039482755443999901e-01 8.767611494107599768e+00 7.065199117662461958e+01 7.016522955143283298e+02 8.834874919006813343e+02
1.260000000000000000e+02 7.143637383354684012e-02 1.054032959120095869e-01 8.792336844804243157e+00 7.074774662961230831e+01 7.046406510754757164e+02 8.875806575983893936e+02
1.265000000000000000e+02 6.901397225328526064e-02 1.000029574024038498e-01 8.819058853354567518e+00 7.083769489813124665e+01 7.075968258288892230e+02 8.919732137460730428e+02
1.270000000000000000e+02 7.192584317570169250e-02 1.044440194096230984e-01 8.841787902027666846e+00 7.090125831259956612e+01 7.106178048974297781e+02 8.964097818604818713e+02
1.275000000000000000e+02 7.189621779735153040e-02 1.022920311522471926e-01 8.874111050422550662e+00 7.100573259007414606e+01 7.136480289432862492e+02 9.006770856158337892e+02
1.280000000000000000e+02 6.973775694008033099e-02 1.006845035434538044e-01 8.903064281436545713e+00 7.111060032544096998e+01 7.166001117034811614e+02 9.048777224875923366e+02
1.285000000000000000e+02 7.180946753995177956e-02 1.003984753888263470e-01 8.930871440000402117e+00 7.123491146562547272e+01 7.196784899330003782e+02 9.091888648465160259e+02
1.290000000000000000e+02 6.991128199283991318e-02 1.039323753767497915e-01 8.945761605508044667e+00 7.129229972261377668e+01 7.228692877840936717e+02 9.133314388893684281e+02
1.295000000000000000e+02 7.290825689863124348e-02 1.027216186467793946e-01 8.978103360045491144e+00 7.131260896375412983e+01 7.262384902628165264e+02 9.172631475308897961e+02
1.300000000000000000e+02 6.852341946124093641e-02 1.042374348397260286e-01 9.000988823217163315e+00 7.133412136891709565e+01 7.295580278034402681e+02 9.215276886697603231e+02
1.305000000000000000e+02 7.138460185467740415e-02 1.039177187611290409e-01 9.029020436147176198e+00 7.135452509823196010e+01 7.328609169404458044e+02 9.257096675179620888e+02
1.310000000000000000e+02 7.248570596569815783e-02 1.058611674914447104e-01 9.053071866158594716e+00 7.129249788680154154e+01 7.361885988913768415e+02 9.300545853427495331e+02
1.315000000000000000e+02 7.227050902294022972e-02 1.048403410851373174e-01 9.082467179447899497e+00 7.126763935258675531e+01 7.394364991903782993e+02 9.343460030285567655e+02
1.320000000000000000e+02 6.948005871891671514e-02 1.058630763693613613e-01 9.107655166092563093e+00 7.124773780898382824e+01 7.426952155909237945e+02 9.389989715420776974e+02
1.325000000000000000e+02 7.213038038106797667e-02 1.029338349966019556e-01 9.136835968668689745e+00 7.125005508301173052e+01 7.458887249567432036e+02 9.435089064364613023e+02
1.330000000000000000e+02 7.110513125862348571e-02 1.009848678520647858e-01 9.162144877718624514e+00 7.125929116852516643e+01 7.491644017831384872e+02 9.480006693430547102e+02
1.335000000000000000e+02 6.873491316175041332e-02 1.016890397277957769e-01 9.191408535786464995e+00 7.123873017879971314e+01 7.526175608784005817e+02 9.526120120338553079e+02
1.340000000000000000e+02 7.082048176350363988e-02 1.036027550429845651e-01 9.217844241857662269e+00 7.125547750231083910e+01 7.558372354827758954e+02 9.575137913915197032e+02
1.345000000000000000e+02 7.133118960892856353e-02 1.029831332624188273e-01 9.245879063123780384e+00 7.130413922385710634e+01 7.589417480604037110e+02 9.621670061185177474e+02
1.350000000000000000e+02 7.065464556011373520e-02 1.037631799526401305e-01 9.265388906452070472e+00 7.135510062238600426e+01 7.620710413388793540e+02 9.667744097816547537e+02
1.355000000000000000e+02 7.103965933235772967e-02 1.032152204117886135e-01 9.299635545476828469e+00 7.140293642387460693e+01 7.652180397735866109e+02 9.714159642848080694e+02
1.360000000000000000e+02 7.064139595687551898e-02 1.019246714270138354e-01 9.330629940353539098e+00 7.146736288334383858e+01 7.683463759622137559e+02 9.759942957678297262e+02
1.365000000000000000e+02 7.114560936832246829e-02 1.030473648724755803e-01 9.361186261687702626e+00 7.160635019197050610e+01 7.715591676652309161e+02 9.807901523250823175e+02
1.370000000000000000e+02 6.986050061026893854e-02 1.025138517124694337e-01 9.383851547149550498e+00 7.172199756865116171e+01 7.746989065879637337e+02 9.855775961549090880e+02
1.375000000000000000e+02 7.177682088026099416e-02 1.013930283543229977e-01 9.419141689057504152e+00 7.184712390198188814e+01 7.778137952330937424e+02 9.901639243175372940e+02
1.380000000000000000e+02 7.078097808677551173e-02 1.065655878214693958e-01 9.443314173414284696e+00 7.200104989161462754e+01 7.810086031664459369e+02 9.947874305232329561e+02
1.385000000000000000e+02 6.826698459926468232e-02 1.047514711252451047e-01 9.466770968271649878e+00 7.215347682438472532e+01 7.840594396519287557e+02 9.994628223309383657e+02
1.390000000000000000e+02 7.184481414022894641e-02 1.032516988264922109e-01 9.496030094093621088e+00 7.228443383321334181e+01 7.870876680120881019e+02 1.003884138728620655e+03
1.395000000000000000e+02 7.200830284026187023e-02 1.029747685898526888e-01 9.532220832851473702e+00 7.243519261683530885e+01 7.900801172470909250e+02 1.008125218921407736e+03
1.400000000000000000e+02 7.017464475872234320e-02 1.048066861638820568e-01 9.553058474445945691e+00 7.259257813828787675e+01 7.930785897218472655e+02 1.012373310019549535e+03
1.405000000000000000e+02 7.277867875180328572e-02 1.033422127449180189e-01 9.592909775144670803e+00 7.274099864451937947e+01 7.960906946317743405e+02 1.016651429447035639e+03
1.410000000000000000e+02 7.105555485250203418e-02 1.037325605334700473e-01 9.612979918417144276e+00 7.286429362131892162e+01 7.990546569470021723e+02 1.020908759023260018e+03
1.415000000000000000e+02 7.074482107988505630e-02 1.031896367989326574e-01 9.630462807034891881e+00 7.298696540087954077e+01 8.019822847711564009e+02 1.025316628663161509e+03
1.420000000000000000e+02 6.995431381290058426e-02 1.044393035884963045e-01 9.661160301727608868e+00 7.313246953715106713e+01 8.049642818412213501e+02 1.029760445227911077e+03
1.425000000000000000e+02 7.276724447919406813e-02 1.039782395586348607e-01 9.694348060783305243e+00 7.326751514166244306e+01 8.078479869801385576e+02 1.034196802339077749e+03
1.430000000000000000e+02 7.214977629753087374e-02 1.047517863140740718e-01 9.713799554566666217e+00 7.341416403229032994e+01 8.107735154796455390e+02 1.038701979236914440e+03
1.435000000000000000e+02 7.101506444365732196e-02 1.002881349946458112e-01 9.747581855282124508e+00 7.354851178609634132e+01 8.138304093342396754e+02 1.043069741558816986e+03
1.440000000000000000e+02 7.144637987287716374e-02 1.021400307634789534e-01 9.777208511650865574e+00 7.371642343240696960e+01 8.170355657870735513e+02 1.047283633085860629e+03
1.445000000000000000e+02 7.095913558127063536e-02 1.020163611390264152e-01 9.811055837150577830e+00 7.386829064340355444e+01 8.201280412456179647e+02 1.051437056090317810e+03
1.450000000000000000e+02 7.104619401577207116e-02 1.069788627493806626e-01 9.836459165222542822e+00 7.395354082087358449e+01 8.232181058586062363e+02 1.055719544398622247e+03
1.455000000000000000e+02 7.256269109545454565e-02 1.046606247976859527e-01 9.864915317367355385e+00 7.402849153926781867e+01 8.261667234861835141e+02 1.060106750780548737e+03
1.460000000000000000e+02 7.081743333631099202e-02 1.029415106701405958e-01 9.895949347189825218e+00 7.408382747287305392e+01 8.290770684937491524e+02 1.064418520393427343e+03
1.465000000000000000e+02 6.951809010413906309e-02 1.010231983959437169e-01 9.920788248502400819e+00 7.419615367325522470e+01 8.319217342399823565e+02 1.069058688595246394e+03
1.470000000000000000e+02 7.153717260447389759e-02 1.042159791367854027e-01 9.945255122684423910e+00 7.429955472578858178e+01 8.347797788696227599e+02 1.074041099082231085e+03
1.475000000000000000e+02 7.121185030912106917e-02 1.052760894733830860e-01 9.971250552511524035e+00 7.437891412552907866e+01 8.374936227785179881e+02 1.079206929984109593e+03
1.480000000000000000e+02 6.719875634838173850e-02 1.066932993028215787e-01 9.994729898783154098e+00 7.447844880293693848e+01 8.401695631347286053e+02 1.084406305545527630e+03
1.485000000000000000e+02 7.013865698837208618e-02 1.034247047349667603e-01 1.002992361031636115e+01 7.461241834627487890e+01 8.428057363200298369e+02 1.089640586605263252e+03
1.490000000000000000e+02 7.093894379318373133e-02 1.031939858645053859e-01 1.004539963013807125e+01 7.475820578136230665e+01 8.453936037956049177e+02 1.094856186410711871e+03
1.495000000000000000e+02 7.178877927429284933e-02 1.010251875703826879e-01 1.007644143720773577e+01 7.488206633658397493e+01 8.478546855592929887e+02 1.100025642246379448e+03
1.500000000000000000e+02 6.832536273572022145e-02 1.033195090228143237e-01 1.008886806854712859e+01 7.500026634982354778e+01 8.503431151642330406e+02 1.105114407722038777e+03
1.505000000000000000e+02 7.076250692716667956e-02 1.025053470389166721e-01 1.011500001467524967e+01 7.516639842544144301e+01 8.529218821016207812e+02 1.110273724087270011e+03
1.510000000000000000e+02 7.230284751959967227e-02 1.046154369015846464e-01 1.013425140866380225e+01 7.540175635214608008e+01 8.555052269423696316e+02 1.115817854924338917e+03
1.515000000000000000e+02 6.921287513681136094e-02 1.043528410984140287e-01 1.016105267013931623e+01 7.565661022140439229e+01 8.580942204738327064e+02 1.121441613947117503e+03
1.520000000000000000e+02 7.063981821395155791e-02 1.029988989545530392e-01 1.018583252508078729e+01 7.593707058757379968e+01 8.608542063564755153e+02 1.127161133951441343e+03
1.525000000000000000e+02 7.137158703754181710e-02 1.037493576711538412e-01 1.021101244770359529e+01 7.624842070495904522e+01 8.636387067535936239e+02 1.133028756145036141e+03
1.530000000000000000e+02 7.088988698945607181e-02 1.040142732237656908e-01 1.023158511440644425e+01 7.654631987087201139e+01 8.664187411689611054e+02 1.138813804230634332e+03
1.535000000000000000e+02 7.252783961139026847e-02 1.037211070657454021e-01 1.026148226418668230e+01 7.686176072792842717e+01 8.692773996337277822e+02 1.144523369203522179e+03
1.540000000000000000e+02 7.165823598709138154e-02 1.037626002190276675e-01 1.027826805660259879e+01 7.718018964776101143e+01 8.722022699921161575e+02 1.150350715526379190e+03
1.545000000000000000e+02 7.057218595125840099e-02 1.014621048090603994e-01 1.030666898320595593e+01 7.755980323091765172e+01 8.750457468853689988e+02 1.156062129796603131e+03
1.550000000000000000e+02 7.077582019580185013e-02 1.003698371943744644e-01 1.032920103949479440e+01 7.796249156176979511e+01 8.777926336328325760e+02 1.161590246065568181e+03
1.555000000000000000e+02 7.223742848596639843e-02 1.058899902399999954e-01 1.036138934347655471e+01 7.832688910252181813e+01 8.805147631931562273e+02 1.166969561391113757e+03
1.560000000000000000e+02 7.049214923969723823e-02 1.046142580336417022e-01 1.038118330002245493e+01 7.866588777733778670e+01 8.831958629209615310e+02 1.172384697300680500e+03
1.565000000000000000e+02 7.263209623585857588e-02 1.051100018388047147e-01 1.040421597423947908e+01 7.901902192765265909e+01 8.859698707464267500e+02 1.177624134490682081e+03
1.570000000000000000e+02 7.268393861870262040e-02 1.056886386830665492e-01 1.043053732687489266e+01 7.935216482028020835e+01 8.886403680503467513e+02 1.182957623491425466e+03
1.575000000000000000e+02 7.023701806728499530e-02 1.048424962704047197e-01 1.044654764499620470e+01 7.964651350359751802e+01 8.914886489794291720e+02 1.188332829850019152e+03
1.580000000000000000e+02 7.225083420886076191e-02 1.038094659549366888e-01 1.047331707520548427e+01 8.000492341191835521e+01 8.943372193040722777e+02 1.193706888783481418e+03
1.585000000000000000e+02 7.056730277339526292e-02 1.028744885978040424e-01 1.049457448994856534e+01 8.035635586793327434e+01 8.972035990619651784e+02 1.199070327997276763e+03
1.590000000000000000e+02 7.217254387785293490e-02 1.056681807306001641e-01 1.052078115369864619e+01 8.071872742630601749e+01 9.000846910090567690e+02 1.204446239378920382e+03
1.595000000000000000e+02 7.144715734686971076e-02 1.049643116124365505e-01 1.054882962855930728e+01 8.103137709818058454e+01 9.028120970849440710e+02 1.209985767875715283e+03
1.600000000000000000e+02 7.144614632506349206e-02 1.058423311958509860e-01 1.056950303333877983e+01 8.138397000254101954e+01 9.055252081957092969e+02 1.215508319027700736e+03
1.605000000000000000e+02 7.249857720245762860e-02 1.036705540381355761e-01 1.058538144260957736e+01 8.173037805679467738e+01 9.082630498451966332e+02 1.220965735425071671e+03
1.610000000000000000e+02 7.315824724580152760e-02 1.025010956474978890e-01 1.060392852917531847e+01 8.206015681673966355e+01 9.107909644801383138e+02 1.226477850565994004e+03
1.615000000000000000e+02 7.218860524855685856e-02 1.042893564044142518e-01 1.062842939534864151e+01 8.237699026147390668e+01 9.133032595252072952e+02 1.231868906169518141e+03
1.620000000000000000e+02 7.323451636074766735e-02 1.052457977525913524e-01 1.063964819838785125e+01 8.269037212046438867e+01 9.156303935665220024e+02 1.237381209146337142e+03
1.625000000000000000e+02 7.254132684566325096e-02 1.059624420245748461e-01 1.065779365552100444e+01 8.303982623085137504e+01 9.180161206585358968e+02 1.243023437436779659e+03
1.630000000000000000e+02 7.273963238246808349e-02 1.045131323246808325e-01 1.068247979368621259e+01 8.338711754103040619e+01 9.204454952359100162e+02 1.248835761643475053e+03
1.635000000000000000e+02 7.188278435732538274e-02 1.053857912765757965e-01 1.070009225487657467e+01 8.369945124112206258e+01 9.229278459653401114e+02 1.254838019449108288e+03
1.640000000000000000e+02 7.218295737604434048e-02 1.044065369808184068e-01 1.072620632739513979e+01 8.403439438322324406e+01 9.254299320672415661e+02 1.260884199442501540e+03
1.645000000000000000e+02 7.166992532926622084e-02 1.049796474900170501e-01 1.073969800118097417e+01 8.436111040776603431e+01 9.279717123475841163e+02 1.266824764873096910e+03
1.650000000000000000e+02 7.224468970708797233e-02 1.004115640138343313e-01 1.076180660970580583e+01 8.467671776216123192e+01 9.303500939605432905e+02 1.272829005003585507e+03
1.655000000000000000e+02 7.279072679247862443e-02 1.042576591415384363e-01 1.077834369482521382e+01 8.501464697783993074e+01 9.326382960290475239e+02 1.278874163347534022e+03
1.660000000000000000e+02 7.124434099264329023e-02 1.026356515733960473e-01 1.078828947575440544e+01 8.532937760992928133e+01 9.348066192722245660e+02 1.284688053888303557e+03
1.665000000000000000e+02 7.498293533535957400e-02 1.046011935586472485e-01 1.080624534664940128e+01 8.568533329400800369e+01 9.370437838785591111e+02 1.290713573518193243e+03
1.670000000000000000e+02 7.330819360831189457e-02 1.037108721188517574e-01 1.082638775682390708e+01 8.603250949653529744e+01 9.392206443421069935e+02 1.296781391435305068e+03
1.675000000000000000e+02 7.270951758344766647e-02 1.071700209609777188e-01 1.084215232361054682e+01 8.637401322394826764e+01 9.414211201637483555e+02 1.302728116052803898e+03
1.680000000000000000e+02 7.225021076446350166e-02 1.050019269323605037e-01 1.084738174077330441e+01 8.671194010828416765e+01 9.435764397492984017e+02 1.308816994393180721e+03
1.685000000000000000e+02 7.080423802878006712e-02 1.039330581698453410e-01 1.086273272992482752e+01 8.703009428066711450e+01 9.452836857579753769e+02 1.314835622690663740e+03
1.690000000000000000e+02 7.044734694488392901e-02 1.028380250165090021e-01 1.088008143012785922e+01 8.738964499377831885e+01 9.468781907284374029e+02 1.321060865921219829e+03
1.695000000000000000e+02 7.176408270955250690e-02 1.055291851456970353e-01 1.089404133962246135e+01 8.778847982800236593e+01 9.486196464086436890e+02 1.327013617732054172e+03
1.700000000000000000e+02 7.281107602489232666e-02 1.051639041379845013e-01 1.090901608369104103e+01 8.812326941327056318e+01 9.502376645901067604e+02 1.332860081994764869e+03
1.705000000000000000e+02 7.310506827870690005e-02 1.057714875997413789e-01 1.093249601259594783e+01 8.840662469345998886e+01 9.517902002482180706e+02 1.338604904451029824e+03
1.710000000000000000e+02 7.169286450267473021e-02 1.026928079173425323e-01 1.094909619964823122e+01 8.867189724642226167e+01 9.533553015048454427e+02 1.344424038535435329e+03
1.715000000000000000e+02 7.074292243557857296e-02 1.033922812006044800e-01 1.096688890025535379e+01 8.894552840573177832e+01 9.550199173811331548e+02 1.350365177800913216e+03
1.720000000000000000e+02 7.189244401590320910e-02 1.049124440313742301e-01 1.098748846769429655e+01 8.927302865058005921e+01 9.567016143473738339e+02 1.356130143663694298e+03
1.725000000000000000e+02 7.368547155579584229e-02 1.040878835024221238e-01 1.100158486513070955e+01 8.964046301973660036e+01 9.582039347420850390e+02 1.361903235602580480e+03
1.730000000000000000e+02 7.232883340199132427e-02 1.027254821735064799e-01 1.102261977305255591e+01 8.998574726056205009e+01 9.592393681015581706e+02 1.367909218139410996e+03
1.735000000000000000e+02 7.136444787954940305e-02 1.022316286266897883e-01 1.102954705936143753e+01 9.030394795108152550e+01 9.601433587699875716e+02 1.374036004075964456e+03
1.740000000000000000e+02 7.297971229575021812e-02 1.025180183039028498e-01 1.104275266270780520e+01 9.061013535737062341e+01 9.610597745719534259e+02 1.380177287883185045e+03
1.745000000000000000e+02 7.203926806684027295e-02 1.028083543481770612e-01 1.106434533841657952e+01 9.094039625411843986e+01 9.620451966771316847e+02 1.386269775575872245e+03
1.750000000000000000e+02 7.268932248401391294e-02 1.039261945242397761e-01 1.108425831958705388e+01 9.123119452969704923e+01 9.627179809006074720e+02 1.392449409486133845e+03
1.755000000000000000e+02 7.125770591713043167e-02 1.034503531428695444e-01 1.109867518345173920e+01 9.154309200328960117e+01 9.632411728882767648e+02 1.398577161152443978e+03
1.760000000000000000e+02 7.280480052158397331e-02 1.016206081228894775e-01 1.111480201355691833e+01 9.173998105450499452e+01 9.636834615401918427e+02 1.404823325105881167e+03
1.765000000000000000e+02 7.095820864024388053e-02 1.030688768405923356e-01 1.113309639556437247e+01 9.188250052050031513e+01 9.643164504612550445e+02 1.410846714218346960e+03
1.770000000000000000e+02 7.051487110619006349e-02 1.040754872650392210e-01 1.114274918589895336e+01 9.205557778926571189e+01 9.649933498717361999e+02 1.416969993531608452e+03
1.775000000000000000e+02 7.044769382076790376e-02 1.063955425444153835e-01 1.115289340279031371e+01 9.213359083745969258e+01 9.657626342658196563e+02 1.423057582711541045e+03
1.780000000000000000e+02 6.820379108847161864e-02 1.047191830994759765e-01 1.117159991068183267e+01 9.221543000738387263e+01 9.664431141225418287e+02 1.429179412367273244e+03
1.785000000000000000e+02 7.273155023076922909e-02 1.045229223026223619e-01 1.118737138106293649e+01 9.230986165076879502e+01 9.671779808339802003e+02 1.435319666814920311e+03
1.790000000000000000e+02 7.224746672650918244e-02 1.023245115075240436e-01 1.120053544006211688e+01 9.238734794693208130e+01 9.680393277636402445e+02 1.441430188757636415e+03
1.795000000000000000e+02 7.063185804728547290e-02 1.017683373369527022e-01 1.122474930179439490e+01 9.242728713863117207e+01 9.689362039553024033e+02 1.447561686790891372e+03
1.800000000000000000e+02 7.188442826634530713e-02 1.019155580878177147e-01 1.124201871131323394e+01 9.250667844771373893e+01 9.699094871332159755e+02 1.453829181769435763e+03
1.805000000000000000e+02 7.256547943149123381e-02 1.025482949728070275e-01 1.126878868808272038e+01 9.259731842235581212e+01 9.707562799755845617e+02 1.460188908944394143e+03
1.810000000000000000e+02 7.281935168068481845e-02 1.029109380372256188e-01 1.129364939058762118e+01 9.268177514761937630e+01 9.715001393024432446e+02 1.466422577817854744e+03
1.815000000000000000e+02 7.126169588629173435e-02 1.022578241979789221e-01 1.132880340845149369e+01 9.276385823367054684e+01 9.722752507976043717e+02 1.472594873864409010e+03
1.820000000000000000e+02 7.148096558021106717e-02 1.037399513501319342e-01 1.135490587774538263e+01 9.281739822423097053e+01 9.731973844113229006e+02 1.478721195589093668e+03
1.825000000000000000e+02 7.204809725325704572e-02 1.063032793448063368e-01 1.139462703524524478e+01 9.288500499226412899e+01 9.737140441841559095e+02 1.484859702033873191e+03
1.830000000000000000e+02 7.179794429665199706e-02 1.068491345474008730e-01 1.142451248725004476e+01 9.293788248786825079e+01 9.739617326926829719e+02 1.491156382429130872e+03
1.835000000000000000e+02 7.161880836058200084e-02 1.039121944460317110e-01 1.144996193802416329e+01 9.299829056487139667e+01 9.742657478785652074e+02 1.497484258231415879e+03
1.840000000000000000e+02 7.131459238923212873e-02 1.013950244493380254e-01 1.147362098401244523e+01 9.308055389869470275e+01 9.745457307078876283e+02 1.503482934584190616e+03
1.845000000000000000e+02 7.109975695547703090e-02 1.080347962770317749e-01 1.151101773887712021e+01 9.313395564552263295e+01 9.748165749007389422e+02 1.509291710986895168e+03
1.850000000000000000e+02 7.134921040282936333e-02 1.055632950736516279e-01 1.153886369386065347e+01 9.320333265516936194e+01 9.750695034262661238e+02 1.515220166443481048e+03
1.855000000000000000e+02 7.395763457973450472e-02 1.067662852877876017e-01 1.156756885878239061e+01 9.329816919145775955e+01 9.751840129106066115e+02 1.520903543034225549e+03
1.860000000000000000e+02 7.258398058343666637e-02 1.049811818558901710e-01 1.160065807460681953e+01 9.334908187336161234e+01 9.757672514857970327e+02 1.526534240732186163e+03
1.865000000000000000e+02 6.998560252828013584e-02 1.045710641268616931e-01 1.164194343290345834e+01 9.340475960097219854e+01 9.764228303757671483e+02 1.532214490587754881e+03
1.870000000000000000e+02 7.226199275439219860e-02 1.041204977708074381e-01 1.167610665545581128e+01 9.336129697056888688e+01 9.771401804378392626e+02 1.538004409061422621e+03
1.875000000000000000e+02 7.078281187104795702e-02 1.010888415142983943e-01 1.170639979841536338e+01 9.332324207822709639e+01 9.778382956075935226e+02 1.543680149934140900e+03
1.880000000000000000e+02 7.413197461111110942e-02 1.013088802121777793e-01 1.173793290027937886e+01 9.328101095132946341e+01 9.784909582258402452e+02 1.549302884437411194e+03
1.885000000000000000e+02 7.230828650951956482e-02 1.050795221238434024e-01 1.176887897513612025e+01 9.322910049433404822e+01 9.789798313682758817e+02 1.554783783752459613e+03
1.890000000000000000e+02 7.063455434479072592e-02 1.034876136317898349e-01 1.179223281139412194e+01 9.319599082193271045e+01 9.796535795058216536e+02 1.560266620740876988e+03
1.895000000000000000e+02 7.139424943208558250e-02 1.045791252877005389e-01 1.182689549521702155e+01 9.315381615793997128e+01 9.803346836218830731e+02 1.565727702596476547e+03
1.900000000000000000e+02 7.250201323978591739e-02 1.029586651908117739e-01 1.186338974496779741e+01 9.311863707492993569e+01 9.811974606222062221e+02 1.571072530025773403e+03
1.905000000000000000e+02 7.131952258383929266e-02 1.023794413155357103e-01 1.189691366779160830e+01 9.309292074918407423e+01 9.819384653002301775e+02 1.576444505401695778e+03
1.910000000000000000e+02 7.352680088900803712e-02 1.044225906639857093e-01 1.193080737050250129e+01 9.306598455174207629e+01 9.827185985652982936e+02 1.581802038010494016e+03
1.915000000000000000e+02 7.031425806583183058e-02 1.010063466595706588e-01 1.196841371417710143e+01 9.304475239002989895e+01 9.835264647592936171e+02 1.587325824970826034e+03
1.920000000000000000e+02 6.931019973294538783e-02 1.070471139538048400e-01 1.199869350305819182e+01 9.300488642823044927e+01 9.843993580978574300e+02 1.593180197682667085e+03
1.925000000000000000e+02 7.016955631944447880e-02 1.042824822009856683e-01 1.204453963333046751e+01 9.296085627634121806e+01 9.852121276909061862e+02 1.599219892274835274e+03
1.930000000000000000e+02 6.958429857955157616e-02 1.025853639661883365e-01 1.207813938004995435e+01 9.290531717748820029e+01 9.858648963629907485e+02 1.605382510522278153e+03
1.935000000000000000e+02 7.005208807351887002e-02 1.028211011521543983e-01 1.211953148911938705e+01 9.289224164862007171e+01 9.866674492961586793e+02 1.611186416683696280e+03
1.940000000000000000e+02 7.261157608724169710e-02 1.020841679105121275e-01 1.215411867862848183e+01 9.284972080584627463e+01 9.875588027242142743e+02 1.617107815867618228e+03
1.945000000000000000e+02 7.224961397895683646e-02 1.029149690281474794e-01 1.219520810769910035e+01 9.282206056098819147e+01 9.883511875027953693e+02 1.622721879912797476e+03
1.950000000000000000e+02 7.405978273519353561e-02 1.005454487814581160e-01 1.223611456295373578e+01 9.279006217415920332e+01 9.891543864807948694e+02 1.628666370556993570e+03
1.955000000000000000e+02 7.185482955792792115e-02 1.061466626153153292e-01 1.227969889028027062e+01 9.281362958504948324e+01 9.898026396382537087e+02 1.634659702712606986e+03
1.960000000000000000e+02 7.123305091650135312e-02 1.054841461112714374e-01 1.232620231369260644e+01 9.289641660845229865e+01 9.903906213600437241e+02 1.640611591985212726e+03
1.965000000000000000e+02 7.017000402743682475e-02 1.044205094656137089e-01 1.236543244847617196e+01 9.297859951095618669e+01 9.910860032737280108e+02 1.646501322470804553e+03
1.970000000000000000e+02 7.098727547687441741e-02 1.019413910752484109e-01 1.239943428507000789e+01 9.303446359785691300e+01 9.917181054767105479e+02 1.652346515535097296e+03
1.975000000000000000e+02 7.247683501663652883e-02 1.047010576209764926e-01 1.244042687468471797e+01 9.310260370102436411e+01 9.923375456049500372e+02 1.658159444641988330e+03
1.980000000000000000e+02 7.313478539167420078e-02 1.020387274486877771e-01 1.247545995555692322e+01 9.315538666987234251e+01 9.928266934517223490e+02 1.664167220520970886e+03
1.985000000000000000e+02 7.140823569846013741e-02 1.026403867025362238e-01 1.251660328823143153e+01 9.322812180095765200e+01 9.932955627752738792e+02 1.670447744781577740e+03
1.990000000000000000e+02 7.043911185539439290e-02 1.013029653104261102e-01 1.254509665072683511e+01 9.327091961007634779e+01 9.937653472382902464e+02 1.676495483659238289e+03
1.995000000000000000e+02 7.409209035871143489e-02 1.015005505009981407e-01 1.257887359494537272e+01 9.330351826376694646e+01 9.941855027047769227e+02 1.682666650841790897e+03
2.000000000000000000e+02 7.199102103269755526e-02 1.022218102207992502e-01 1.262214641175095231e+01 9.334217383863661155e+01 9.945647112662463769e+02 1.688932789786160129e+03
2.005000000000000000e+02 7.199159154236364766e-02 1.011845379431818293e-01 1.266762670011890890e+01 9.336307808749637616e+01 9.950478113619578835e+02 1.695104033312816910e+03
2.010000000000000000e+02 7.261471195341219487e-02 1.024540068080072586e-01 1.269753386915341054e+01 9.341855418139901701e+01 9.954177557571952093e+02 1.701296565296300741e+03
2.015000000000000000e+02 7.355909597613842499e-02 1.020232533540983422e-01 1.273296067468142034e+01 9.341641716576637577e+01 9.960522172898245117e+02 1.707591439958568571e+03
2.020000000000000000e+02 7.064188802607110351e-02 1.041160712758432000e-01 1.277827565423919864e+01 9.343738666897856149e+01 9.966281540276813757e+02 1.713931671388922723e+03
2.025000000000000000e+02 7.214025844041971336e-02 1.040296076444342938e-01 1.282002371876350288e+01 9.344584126655392708e+01 9.971977813745229469e+02 1.720324589988124671e+03
2.030000000000000000e+02 7.148583164401825507e-02 1.009392359507762515e-01 1.285773314832109548e+01 9.346001451987677910e+01 9.980501382404776223e+02 1.726880172085858248e+03
2.035000000000000000e+02 7.146288756014626542e-02 1.027725358638939268e-01 1.289727229487696469e+01 9.345855692013034854e+01 9.988819377499069105e+02 1.733754581345817542e+03
2.040000000000000000e+02 6.822745427987189637e-02 1.028132323417200039e-01 1.293421346236193870e+01 9.354413504164531901e+01 9.996391234098070981e+02 1.740525285378231729e+03
2.045000000000000000e+02 7.135929855815020817e-02 1.036583208817765667e-01 1.297991720114047531e+01 9.361691954208961874e+01 1.000501412198055846e+03 1.747152746750812412e+03
2.050000000000000000e+02 7.132446989065079068e-02 1.006509138935838682e-01 1.302391426700348376e+01 9.366534958967687885e+01 1.001266748327109326e+03 1.753938630939547238e+03
2.055000000000000000e+02 6.975800946119267709e-02 1.027680521648623863e-01 1.305813814071302836e+01 9.374229426007281063e+01 1.002168985304214175e+03 1.760664643593455139e+03
2.060000000000000000e+02 7.189182707952251894e-02 1.026026280543617802e-01 1.310096119975032103e+01 9.381561257370597673e+01 1.003061275837842913e+03 1.767325875391785530e+03
2.065000000000000000e+02 7.190284332941176970e-02 1.001441670888786745e-01 1.312317659247794133e+01 9.390005383143473239e+01 1.004069200736609787e+03 1.774057137532196975e+03
2.070000000000000000e+02 6.898586735308187556e-02 9.957258541214350500e-02 1.316149318597120477e+01 9.394134111189262626e+01 1.005385432284201102e+03 1.780820339158100751e+03
2.075000000000000000e+02 7.077977398406996856e-02 1.013005040643646243e-01 1.319968007141906163e+01 9.401927055550039825e+01 1.006687790210190315e+03 1.787472603694901636e+03
2.080000000000000000e+02 7.253760068423963092e-02 1.016565589127188945e-01 1.324058268483133638e+01 9.412085013291118685e+01 1.007998704369579741e+03 1.794267543546545994e+03
2.085000000000000000e+02 7.097627964852400162e-02 1.025816876376383774e-01 1.326879839356928059e+01 9.419178630553763298e+01 1.009007421800225984e+03 1.801181927519303144e+03
2.090000000000000000e+02 6.974512222373036030e-02 1.031024351646352838e-01 1.329966288388559548e+01 9.426535636264497953e+01 1.009931097917074226e+03 1.808094876896658434e+03
2.095000000000000000e+02 6.997552242523107091e-02 1.026441406554528674e-01 1.333660700180961101e+01 9.432882121241385676e+01 1.010861909705657013e+03 1.814680377280698849e+03
2.100000000000000000e+02 7.032708541433858873e-02 1.014421920679925843e-01 1.335925336183959189e+01 9.444220035753033926e+01 1.011705520027985472e+03 1.821521092749815580e+03
2.105000000000000000e+02 7.305047500194446208e-02 1.024267194429629574e-01 1.338830825768694233e+01 9.451311486913606075e+01 1.012436937066280507e+03 1.827910734558014610e+03
2.110000000000000000e+02 7.023751214559777190e-02 1.018040062689527236e-01 1.340658030538396517e+01 9.460466203789304984e+01 1.013169207974771666e+03 1.834222895800191054e+03
2.115000000000000000e+02 6.972120391085344371e-02 9.960063828608532732e-02 1.343088860422551001e+01 9.469520300990139106e+01 1.013888401026074462e+03 1.840753552907819767e+03
2.120000000000000000e+02 7.065356872144847034e-02 1.041766751691736159e-01 1.344982525193973899e+01 9.478257795788780982e+01 1.014642744451224644e+03 1.847334432962158871e+03
2.125000000000000000e+02 7.010028944702599574e-02 1.023876567005576194e-01 1.346931587787964446e+01 9.488484320088760171e+01 1.015399160139487549e+03 1.853832867639322785e+03
2.130000000000000000e+02 7.322284752279069331e-02 1.008192980608371980e-01 1.347383233821311777e+01 9.499347971890237829e+01 1.016196575614825178e+03 1.860217720949310888e+03
2.135000000000000000e+02 7.095810676629422942e-02 1.011346340439478603e-01 1.347911466301052208e+01 9.511935255063680472e+01 1.016953054323429569e+03 1.866570202499830657e+03
2.140000000000000000e+02 7.013874326896551992e-02 9.939379837660762551e-02 1.348178435554939192e+01 9.522300268787179789e+01 1.017772050166767372e+03 1.872812933723905189e+03
2.145000000000000000e+02 7.022957786791045320e-02 1.011382848492537317e-01 1.348401401324281679e+01 9.534780002418953870e+01 1.018624231415577697e+03 1.878874246705862333e+03
2.150000000000000000e+02 7.184381676078430146e-02 1.014004503594771456e-01 1.349161395042399647e+01 9.542709063251142254e+01 1.019581873311340701e+03 1.884858904760830228e+03
2.155000000000000000e+02 7.275968908420561709e-02 1.027664603007476668e-01 1.350276127928700909e+01 9.554838105290981787e+01 1.020566951185933135e+03 1.891250533858595645e+03
2.160000000000000000e+02 7.232127028119737788e-02 9.896713669822262971e-02 1.350273667457034676e+01 9.565153515676855989e+01 1.021704091974075823e+03 1.897419112395904676e+03
2.165000000000000000e+02 7.137478623370784037e-02 1.014072838401685328e-01 1.350998947429185293e+01 9.579083968149164718e+01 1.022786087952839353e+03 1.903601959045317244e+03
2.170000000000000000e+02 7.265868277825678068e-02 1.034686001787253895e-01 1.351814467392792807e+01 9.590686261012793068e+01 1.023883734664285157e+03 1.910052096454018965e+03
2.175000000000000000e+02 7.183280160318948615e-02 9.883287528592871185e-02 1.351805300487213835e+01 9.607899763770024038e+01 1.024924983022630613e+03 1.916426231875519534e+03
2.180000000000000000e+02 7.192280535239435613e-02 9.848781963446008592e-02 1.352342931981417884e+01 9.622647229199912999e+01 1.025970664415995543e+03 1.922665166317153762e+03
2.185000000000000000e+02 7.123819565949249255e-02 1.014266365679511450e-01 1.352235366915178538e+01 9.632691869959641906e+01 1.026973894193960632e+03 1.928827016762133098e+03
2.190000000000000000e+02 7.105824598015052229e-02 1.041714048048918012e-01 1.351552068322586919e+01 9.643712355050436713e+01 1.028148156598969990e+03 1.934946682252082383e+03
2.195000000000000000e+02 7.168276882250471105e-02 1.037239755527307045e-01 1.351888836016073192e+01 9.654294915664112864e+01 1.029469767581496626e+03 1.941225977644029626e+03
2.200000000000000000e+02 6.976610380490104457e-02 9.984211705485389332e-02 1.351793336428680625e+01 9.668245712053102636e+01 1.030756790064206371e+03 1.947664596916508117e+03
2.205000000000000000e+02 7.091407591688676793e-02 1.023363858982075519e-01 1.351502313022858459e+01 9.680848754924100774e+01 1.032133177364781886e+03 1.954073963683003058e+03
2.210000000000000000e+02 7.082416665014162893e-02 1.008933883764872586e-01 1.351437889902162226e+01 9.691402725615147062e+01 1.033406419392643329e+03 1.960474822155775882e+03
2.215000000000000000e+02 7.201364339612477405e-02 1.001872875627598941e-01 1.350615767131616352e+01 9.703549269775938058e+01 1.034807360086115978e+03 1.966662930094067860e+03
2.220000000000000000e+02 7.247735229120150224e-02 1.002342063985808829e-01 1.350131319108713335e+01 9.714899178872349239e+01 1.036274946847553792e+03 1.972843574923591859e+03
2.225000000000000000e+02 7.128837462073865650e-02 1.060303125368371319e-01 1.347523614872490327e+01 9.726011399385036782e+01 1.037765580719348236e+03 1.978750918860748243e+03
2.230000000000000000e+02 7.331285866843602339e-02 1.013970463673933564e-01 1.346038147463668189e+01 9.738049709168851109e+01 1.039254679198118765e+03 1.984917141796936221e+03
2.235000000000000000e+02 7.215256032836811495e-02 9.676652979411763666e-02 1.345462959120009394e+01 9.746885806832128196e+01 1.040517991939183275e+03 1.991220782559247027e+03
2.240000000000000000e+02 7.278877643589744262e-02 9.867744749392212689e-02 1.343816654866106397e+01 9.759776716552347864e+01 1.041717030243727777e+03 1.997585911369266114e+03
2.245000000000000000e+02 7.105795561245246972e-02 9.816077913840304259e-02 1.342981599461359288e+01 9.771501583963372184e+01 1.042898889504791896e+03 2.004006616087099246e+03
2.250000000000000000e+02 7.075611488125593818e-02 9.789516232987630073e-02 1.342052053825109326e+01 9.782913806958740111e+01 1.044130853603426203e+03 2.010448914862231732e+03
2.255000000000000000e+02 7.136180791380949961e-02 1.023258809718094881e-01 1.340397701935019015e+01 9.791062175780417931e+01 1.045279754052990256e+03 2.016859408180397395e+03
2.260000000000000000e+02 7.156913938341277759e-02 9.944212576673021331e-02 1.339336011204795085e+01 9.801714405832397858e+01 1.046543984317219838e+03 2.022963169851038401e+03
2.265000000000000000e+02 7.368026855553436172e-02 1.015395428260496141e-01 1.337661779528540151e+01 9.812712322032732004e+01 1.047772704279672553e+03 2.029008629147360580e+03
2.270000000000000000e+02 6.960176304937917835e-02 1.040335001947469001e-01 1.337654612954164257e+01 9.820255052202982426e+01 1.048883354287650263e+03 2.035192295441536089e+03
2.275000000000000000e+02 7.022124989588909849e-02 1.036336173114722897e-01 1.336447111121366937e+01 9.824256788574216159e+01 1.049723538181123558e+03 2.041263862661260873e+03
2.280000000000000000e+02 7.287819956057417503e-02 1.027055902692823042e-01 1.336944516411837292e+01 9.831421115030032354e+01 1.050689453239832574e+03 2.047614938277376041e+03
2.285000000000000000e+02 7.121232714281609810e-02 1.006117471998084212e-01 1.335161484110335373e+01 9.843609270194524186e+01 1.051539614567481294e+03 2.054202424549771422e+03
2.290000000000000000e+02 7.281102362694150121e-02 1.017549148711408974e-01 1.334474184017670240e+01 9.857534113672680576e+01 1.052416048207403264e+03 2.060677663483051674e+03
2.295000000000000000e+02 7.450922561516314102e-02 9.904477931938580892e-02 1.334475019375268801e+01 9.871169917655709014e+01 1.053406451123802299e+03 2.067141622907342480e+03
2.300000000000000000e+02 7.141398272641692746e-02 9.858668956666664929e-02 1.333626033994092097e+01 9.885281403895574215e+01 1.054228303678355132e+03 2.074001479981175180e+03
2.305000000000000000e+02 6.975653237153846276e-02 1.007748367002884587e-01 1.331893714495124925e+01 9.896414789037241633e+01 1.055003734082683422e+03 2.080636414629517276e+03
2.310000000000000000e+02 7.214694465178056459e-02 9.800991175226179963e-02 1.331082717824975958e+01 9.910605939629883210e+01 1.055609739614814316e+03 2.087533267197928126e+03
2.315000000000000000e+02 7.226957576300578612e-02 9.905537681840076436e-02 1.329663125068429608e+01 9.923833436182039236e+01 1.056171968582702675e+03 2.094289550437656089e+03
2.320000000000000000e+02 6.924718919864997213e-02 9.590895469296044362e-02 1.329218415257887997e+01 9.940948182347462136e+01 1.056954881037825544e+03 2.100813523812848871e+03
2.325000000000000000e+02 7.205808765299227814e-02 1.005470761183397677e-01 1.328258184507596340e+01 9.957052903273898892e+01 1.057967168063030158e+03 2.107308335877179616e+03
2.330000000000000000e+02 7.042544212879227328e-02 1.031260848987439610e-01 1.325873623383159483e+01 9.975024895549255177e+01 1.058819974017264940e+03 2.113635020271332451e+03
2.335000000000000000e+02 7.152847575116055845e-02 1.024967916250483502e-01 1.324435008568288197e+01 9.989039315853878520e+01 1.059700621243056048e+03 2.119653249948300527e+03
2.340000000000000000e+02 6.855574272381413647e-02 1.011355204951597392e-01 1.322544287100048344e+01 1.000777366708295659e+02 1.060473587978102387e+03 2.125491936880763205e+03
2.345000000000000000e+02 7.267282568023256117e-02 1.036742117916666650e-01 1.318414195206695894e+01 1.002320536530991433e+02 1.061353812986212461e+03 2.131321060031292291e+03
2.350000000000000000e+02 7.184096351454899443e-02 1.010397213550921353e-01 1.314462800224626449e+01 1.004320121600685667e+02 1.062270952389116246e+03 2.137254910169193863e+03
2.355000000000000000e+02 7.206605624980583213e-02 1.004031530729126293e-01 1.310741112030669875e+01 1.006684577432279184e+02 1.063113773777199413e+03 2.143037280627197561e+03
2.360000000000000000e+02 7.185955259387755145e-02 1.007951936687074973e-01 1.307700210756336290e+01 1.008494725468324589e+02 1.064009406189781885e+03 2.148394424415396315e+03
2.365000000000000000e+02 7.115250468122567840e-02 1.000636964545719848e-01 1.305357659796060155e+01 1.010143551624870213e+02 1.064839418550963728e+03 2.153738933205562262e+03
2.370000000000000000e+02 7.163316165433300520e-02 9.956791859922102528e-02 1.302908899785871277e+01 1.012287474092549076e+02 1.065728228496624070e+03 2.159010254589983560e+03
2.375000000000000000e+02 7.133915240126706414e-02 1.032341672056530379e-01 1.299947547130087777e+01 1.014292967148953295e+02 1.066669193028793188e+03 2.164217398164445058e+03
2.380000000000000000e+02 7.404083222351220961e-02 1.039451785818536617e-01 1.297906619427151043e+01 1.016500999311041653e+02 1.067737900999230078e+03 2.169655851183065806e+03
2.385000000000000000e+02 7.258773142460936412e-02 1.020179151950195151e-01 1.294550329793056775e+01 1.018390174815175584e+02 1.068698013047807535e+03 2.175152709500477158e+03
2.390000000000000000e+02 7.108015898240470365e-02 1.004203450924731067e-01 1.292550402656334185e+01 1.020375231546711063e+02 1.069582792824607623e+03 2.180819735553338433e+03
2.395000000000000000e+02 7.266576232632093735e-02 9.704651323023481824e-02 1.290641110521399249e+01 1.022376697850598930e+02 1.070360683598918285e+03 2.186189670205883886e+03
2.400000000000000000e+02 7.276923366209599175e-02 1.007320239023506425e-01 1.289143736507061710e+01 1.024276802522965539e+02 1.071159450820879783e+03 2.191566097733102197e+03
2.405000000000000000e+02 7.055248332764704755e-02 1.029681960199019808e-01 1.287937189257794302e+01 1.026546340302985385e+02 1.071929698801603990e+03 2.196843743376744442e+03
2.410000000000000000e+02 7.136151886339550665e-02 9.879872321668302371e-02 1.287932307411628940e+01 1.028647700740884972e+02 1.072665381978762298e+03 2.202161652082387718e+03
2.415000000000000000e+02 7.315273455304520389e-02 1.003732286908644300e-01 1.287157757639302602e+01 1.030198038947365831e+02 1.073294449817763052e+03 2.207128898416673110e+03
2.420000000000000000e+02 7.066156276411011961e-02 9.999783574178958134e-02 1.285141163544060916e+01 1.031669019187003897e+02 1.073999697794003396e+03 2.212077028494098613e+03
2.425000000000000000e+02 7.361039750649606139e-02 1.013321486010826944e-01 1.285429144811919322e+01 1.033461615027326701e+02 1.074817422598741587e+03 2.216986642343210860e+03
2.430000000000000000e+02 7.376396473842365686e-02 1.000690771473891627e-01 1.285490006241941074e+01 1.035250509889291379e+02 1.075764256671771363e+03 2.221995985125149218e+03
2.435000000000000000e+02 7.085679811863905553e-02 1.003436336439842286e-01 1.285097387722672480e+01 1.036837154535621011e+02 1.076684716487785181e+03 2.227392545058720316e+03
2.440000000000000000e+02 6.885765330296150788e-02 9.971102023494568534e-02 1.285066249852862796e+01 1.038345022229632946e+02 1.077769631033926316e+03 2.232769715041960353e+03
2.445000000000000000e+02 7.373864730039526860e-02 9.679966575187749778e-02 1.283975876850563402e+01 1.040018580504595604e+02 1.078899096232330976e+03 2.237951271729551991e+03
2.450000000000000000e+02 7.312657002769534786e-02 1.007124431350148175e-01 1.283207001929525326e+01 1.041758469254852884e+02 1.080021928150678605e+03 2.243025817730346716e+03
2.455000000000000000e+02 7.538902010455444946e-02 1.029021791695049620e-01 1.282593098831811851e+01 1.044138593921651506e+02 1.081028814400455985e+03 2.247898239288176683e+03
2.460000000000000000e+02 7.402856435173438276e-02 9.891866230039642049e-02 1.282278086583756327e+01 1.046318869809766312e+02 1.082144951721099915e+03 2.252877753501726602e+03
2.465000000000000000e+02 7.257495055347221169e-02 9.719311257113094626e-02 1.282764394360764015e+01 1.048177949600692358e+02 1.083298170069478601e+03 2.258150578954634966e+03
2.470000000000000000e+02 7.195296824220458187e-02 9.963587194369412370e-02 1.283114450982681198e+01 1.049972215082147926e+02 1.084562695594269599e+03 2.263359212369446141e+03
2.475000000000000000e+02 7.208608503429422831e-02 1.009127623892644154e-01 1.283290654127007713e+01 1.051431446665933009e+02 1.085904769552453899e+03 2.268924043555023673e+03
2.480000000000000000e+02 6.999565059323384353e-02 9.800421626855722324e-02 1.284576886406587093e+01 1.053338697832587769e+02 1.087258661845293091e+03 2.274251050818322256e+03
2.485000000000000000e+02 7.060302360836652469e-02 9.807208655986054957e-02 1.285080708099591540e+01 1.054860399888076330e+02 1.088487542561033706e+03 2.279838211461795254e+03
2.490000000000000000e+02 7.347698769511466776e-02 9.916497831485544812e-02 1.285523646301345835e+01 1.056539008821976324e+02 1.089738919076593447e+03 2.285318557929218059e+03
2.495000000000000000e+02 7.266626688413173329e-02 1.021505242032933886e-01 1.286247383181237502e+01 1.057801673135498106e+02 1.090713784938040590e+03 2.290965055969306832e+03
2.500000000000000000e+02 7.018277064315682490e-02 9.925477673156841985e-02 1.287026378295074913e+01 1.059010448291290203e+02 1.091730988763145660e+03 2.296716310767314098e+03
2.505000000000000000e+02 7.092993539340000653e-02 9.864386928069998617e-02 1.287318332575669722e+01 1.060266949147251694e+02 1.092799927750253119e+03 2.302398363035530565e+03
2.510000000000000000e+02 7.434902004594595715e-02 9.794537452332331695e-02 1.287487352692782849e+01 1.061528575719388670e+02 1.094097897788266437e+03 2.308164585699217241e+03
2.515000000000000000e+02 7.173544716132265742e-02 9.876273985180360204e-02 1.288737903400591023e+01 1.062537705200302440e+02 1.095387872661442771e+03 2.314161339983173093e+03
2.520000000000000000e+02 7.268375601785355411e-02 1.018955115183550753e-01 1.289367960755998155e+01 1.064088498850079532e+02 1.096574138872446838e+03 2.320164648909894368e+03
2.525000000000000000e+02 7.393033787560242265e-02 1.007966842953815084e-01 1.290248026430652573e+01 1.065529950930210816e+02 1.097900856038117354e+03 2.326022965833508351e+03
2.530000000000000000e+02 6.916062775306532073e-02 9.759898881899499445e-02 1.291159280351286398e+01 1.066906849196976879e+02 1.099207767126341196e+03 2.331917127191012696e+03
2.535000000000000000e+02 7.240489373742454993e-02 9.845937625201207910e-02 1.290804872128702030e+01 1.068677234833289873e+02 1.100457985124327706e+03 2.337441814176719163e+03
2.540000000000000000e+02 7.280245381782479708e-02 9.824010941369587524e-02 1.292943460108328324e+01 1.070287334752421060e+02 1.101690365615539804e+03 2.342929912962977141e+03
2.545000000000000000e+02 7.205030421703631505e-02 1.014792328872983762e-01 1.294217973609455541e+01 1.072184241198733474e+02 1.103081477996508966e+03 2.348862689400377349e+03
2.550000000000000000e+02 7.157110022179616338e-02 9.683420967467204488e-02 1.296476096198223971e+01 1.074054177285719334e+02 1.104641134278252366e+03 2.354657964184851153e+03
2.555000000000000000e+02 7.171014381323233267e-02 9.611180025313131869e-02 1.296639970075403880e+01 1.075720441432257672e+02 1.106199960554886729e+03 2.360576949952727773e+03
2.560000000000000000e+02 7.185281046865521493e-02 9.749474607542971127e-02 1.297722875297937328e+01 1.077789375784430774e+02 1.107858572853489250e+03 2.366405202713261133e+03
2.565000000000000000e+02 7.311078150495951833e-02 9.994543891538462677e-02 1.298783380769645568e+01 1.079593897640931743e+02 1.109587921066733770e+03 2.371964266939780373e+03
2.570000000000000000e+02 7.184143062482269138e-02 9.920394281651470636e-02 1.300093874453171239e+01 1.081966360412134947e+02 1.111407273293207709e+03 2.377264867867290377e+03
2.575000000000000000e+02 7.085304138275863584e-02 9.932463806480731905e-02 1.301530065705578032e+01 1.084211910234126464e+02 1.113276565757518028e+03 2.382896116771881680e+03
2.580000000000000000e+02 7.107737073756346946e-02 9.816790051380711035e-02 1.303192711451238495e+01 1.086439823253536616e+02 1.115045805543034930e+03 2.388599907453953165e+03
2.585000000000000000e+02 6.896965583668698829e-02 1.012014521519308957e-01 1.304177743438587456e+01 1.088596465438090064e+02 1.116872367872068253e+03 2.394168726429437811e+03
2.590000000000000000e+02 7.029001144649034416e-02 1.001404481111902167e-01 1.306028052006765172e+01 1.091085416853546946e+02 1.118637702537143696e+03 2.399562195312159929e+03
2.595000000000000000e+02 7.300943553564154254e-02 9.858079385590630406e-02 1.306497701184389015e+01 1.094125601611013110e+02 1.120288147742912997e+03 2.405237398873597158e+03
2.600000000000000000e+02 7.074444180448523356e-02 9.891573090244647204e-02 1.307270808734994816e+01 1.097258172443764579e+02 1.121993350556634823e+03 2.410770458844363020e+03
2.605000000000000000e+02 7.324465029938775906e-02 1.020403304665306043e-01 1.308744994398683481e+01 1.100126114997111699e+02 1.123550522724711527e+03 2.416242627229423761e+03
2.610000000000000000e+02 7.319528165812054510e-02 9.551513912768132275e-02 1.309016736115423818e+01 1.102952177223860417e+02 1.125195651778108868e+03 2.421780920540206353e+03
2.615000000000000000e+02 7.071699604703475528e-02 9.680864631912063090e-02 1.310475382961870849e+01 1.105955562210864400e+02 1.126926430461302061e+03 2.427254281358110802e+03
2.620000000000000000e+02 7.162831191228247185e-02 1.028272552975434961e-01 1.311655125032487312e+01 1.108544175104796210e+02 1.128542852135936755e+03 2.432657232541391295e+03
2.625000000000000000e+02 6.906308826342212603e-02 9.982594709118854104e-02 1.313274307968709032e+01 1.111033981194746332e+02 1.130070871682210509e+03 2.437989774546811987e+03
2.630000000000000000e+02 7.129777269733333922e-02 9.880758092851281427e-02 1.314766059104451301e+01 1.113093342304651827e+02 1.131592656967595985e+03 2.443519878838131262e+03
2.635000000000000000e+02 6.989906040431212442e-02 9.632992256714580093e-02 1.315519388987227778e+01 1.114859046211396389e+02 1.133157147282582400e+03 2.449264930913072476e+03
2.640000000000000000e+02 6.949361565313462441e-02 9.848972732517986828e-02 1.317266501562024672e+01 1.117174677777320113e+02 1.134718266134095529e+03 2.455087014923891729e+03
2.645000000000000000e+02 7.211563494372426331e-02 9.840303516635801051e-02 1.317801676043755243e+01 1.119239541380837721e+02 1.136172465268564565e+03 2.461143393019107862e+03
2.650000000000000000e+02 7.147491327960867058e-02 9.973314633944385665e-02 1.318724581126570250e+01 1.121049087454162247e+02 1.137496809743182666e+03 2.467118421907539869e+03
2.655000000000000000e+02 7.172236212979381242e-02 1.011227588429896712e-01 1.321055440613401899e+01 1.123250133266777198e+02 1.138904460360278790e+03 2.473174014495665688e+03
2.660000000000000000e+02 7.085556263797729293e-02 9.977242871960781412e-02 1.323383153436398274e+01 1.125532803910372337e+02 1.140251037208829985e+03 2.479343542228426031e+03
2.665000000000000000e+02 7.009638589059918878e-02 9.537058217169422369e-02 1.325847322792417415e+01 1.127885733115181921e+02 1.141790199639004413e+03 2.485333443002081822e+03
2.670000000000000000e+02 7.140696365801449397e-02 9.554930720806620315e-02 1.328390399099141561e+01 1.130414879320893249e+02 1.143192393509037856e+03 2.491231819061087208e+03
2.675000000000000000e+02 7.284885162515529478e-02 9.444459549347826444e-02 1.330799365238095078e+01 1.132913433122255924e+02 1.144691648877003217e+03 2.497348578945206100e+03
2.680000000000000000e+02 7.208741708362693956e-02 9.865435108839376577e-02 1.333613743114248784e+01 1.134909743438651333e+02 1.146147408225789832e+03 2.503184663777385140e+03
2.685000000000000000e+02 6.870918764927387568e-02 9.787531012354770688e-02 1.338645163202313171e+01 1.137110555171301911e+02 1.147527347796623644e+03 2.508941249863670691e+03
2.690000000000000000e+02 7.097908437622015010e-02 9.624539262274144080e-02 1.342091515419044434e+01 1.139285496462371867e+02 1.148800661665659618e+03 2.514556913979075489e+03
2.695000000000000000e+02 6.970347960779627039e-02 1.007021150801455378e-01 1.344418211841756694e+01 1.141720051345190257e+02 1.149990780660856444e+03 2.520351469379957962e+03
2.700000000000000000e+02 7.123927781831425332e-02 1.038792049272632412e-01 1.347459265451103327e+01 1.144044201214667140e+02 1.151268147950548610e+03 2.526033183790173553e+03
2.705000000000000000e+02 7.266471651395832454e-02 9.730527691093747433e-02 1.350389981034843601e+01 1.146161257912322924e+02 1.152771756360149766e+03 2.531633039971074140e+03
2.710000000000000000e+02 7.191340564389987755e-02 1.010800312527632971e-01 1.354462733105077987e+01 1.147971427265018889e+02 1.154175028384454436e+03 2.537330290512532429e+03
2.715000000000000000e+02 7.128554902359084122e-02 9.793521807755742326e-02 1.357610078649478069e+01 1.149689283606016090e+02 1.155480898817656453e+03 2.543167205156555156e+03
2.720000000000000000e+02 7.190985648453500356e-02 9.989016151525599574e-02 1.360704232862622653e+01 1.151288169990377668e+02 1.156722785611384779e+03 2.548563883494842230e+03
2.725000000000000000e+02 7.187399569550208256e-02 1.006956690370292840e-01 1.362910545978985333e+01 1.152711252573197669e+02 1.157908614025179986e+03 2.553964523938432649e+03
2.730000000000000000e+02 6.858911927790575791e-02 9.728230910691097744e-02 1.365805922529979100e+01 1.154497199708228834e+02 1.159034899248480770e+03 2.559182970303030743e+03
2.735000000000000000e+02 6.884898632222222203e-02 9.885525467662473198e-02 1.368262246408448490e+01 1.155735857091753189e+02 1.160132187205471155e+03 2.564448855693256064e+03
2.740000000000000000e+02 6.842638979192028348e-02 9.893959571458552094e-02 1.370798318981237962e+01 1.157742877876562204e+02 1.161259331356964367e+03 2.569450077054413214e+03
2.745000000000000000e+02 6.974963223865547624e-02 9.860090789989497950e-02 1.373896510726449627e+01 1.159131786319303075e+02 1.162347900421012810e+03 2.574574118956333677e+03
2.750000000000000000e+02 6.851629044121979040e-02 1.007997291459516165e-01 1.375486812010136362e+01 1.160362940190394880e+02 1.163369699847659149e+03 2.579793678421628101e+03
2.755000000000000000e+02 6.874295149357893819e-02 1.005772581947368127e-01 1.377752030999694988e+01 1.161508927262796789e+02 1.164362400348734582e+03 2.585188431701579702e+03
2.760000000000000000e+02 6.785741622276078577e-02 9.844254645837723083e-02 1.381342582088977800e+01 1.162701797728053918e+02 1.165366894765809320e+03 2.590519712317449375e+03
2.765000000000000000e+02 7.129689307415611188e-02 9.735725730537973799e-02 1.383878095462457836e+01 1.163652492029780063e+02 1.166392300568310702e+03 2.595928780357707637e+03
2.770000000000000000e+02 7.011030419355861187e-02 9.929068814223863948e-02 1.386481677841784688e+01 1.165086867839609397e+02 1.167495925899412441e+03 2.601128890970122484e+03
2.775000000000000000e+02 6.857161274915433979e-02 9.881705354492599513e-02 1.389621987661374369e+01 1.166268327151740607e+02 1.168568269990044882e+03 2.606119006346882998e+03
2.780000000000000000e+02 7.028742603142858203e-02 9.746368254624339367e-02 1.392488948202211674e+01 1.167689143966698566e+02 1.169714308954876515e+03 2.610931095058626397e+03
2.785000000000000000e+02 7.280738918972458340e-02 1.022220854212923663e-01 1.394985400609216164e+01 1.169063740493148202e+02 1.171000867075977567e+03 2.616013567162037361e+03
2.790000000000000000e+02 7.002271870784730623e-02 9.990092988048779321e-02 1.397956807563372195e+01 1.170748103671946581e+02 1.172530176561158896e+03 2.621269048565316098e+03
2.795000000000000000e+02 6.772116470127390042e-02 1.005153417516985032e-01 1.401784124680870391e+01 1.171549796125607088e+02 1.174002998154252282e+03 2.626253113810512787e+03
2.800000000000000000e+02 6.807281987513283394e-02 9.808200781052073269e-02 1.404354947367077422e+01 1.172429674144610203e+02 1.175481966934283491e+03 2.631916445557896168e+03
2.805000000000000000e+02 6.879869414074470113e-02 9.843623967936171448e-02 1.407073264113840416e+01 1.173031560998578300e+02 1.176904118686889433e+03 2.637305607617012356e+03
2.810000000000000000e+02 7.064975549818956757e-02 9.927405265271564694e-02 1.409865179019222658e+01 1.174094128857488499e+02 1.178548645316401917e+03 2.642001667481675668e+03
2.815000000000000000e+02 7.173445608571428489e-02 9.985970549520255257e-02 1.412133727773422187e+01 1.175376537042787106e+02 1.180149171710048904e+03 2.647015992938187537e+03
2.820000000000000000e+02 7.113361515517607758e-02 9.680675176446106034e-02 1.414684894870843301e+01 1.176364926632029437e+02 1.181470037073033154e+03 2.652111322700831352e+03
2.825000000000000000e+02 7.169287828910254901e-02 9.923605329455127688e-02 1.417339175437489374e+01 1.177260385256565201e+02 1.182945930578017624e+03 2.657214259603870687e+03
2.830000000000000000e+02 6.987044227647061512e-02 9.967951323187167201e-02 1.419208491280331685e+01 1.178307704598060610e+02 1.184461186482427365e+03 2.662288459090078504e+03
2.835000000000000000e+02 7.205366367441114195e-02 9.634920280353322097e-02 1.423450831252012705e+01 1.178707676747496294e+02 1.186094210977264311e+03 2.667429225100666827e+03
2.840000000000000000e+02 7.201624406420151225e-02 9.945425688606644721e-02 1.426118682912250613e+01 1.178734533223802714e+02 1.187866029445699269e+03 2.672681979081356985e+03
2.845000000000000000e+02 6.959003372886267413e-02 9.890404686319742567e-02 1.429113760939495492e+01 1.178727781623274922e+02 1.189624950188161620e+03 2.677905097313126134e+03
2.850000000000000000e+02 6.788818381632653887e-02 9.925438467475831972e-02 1.431850513101181477e+01 1.178770777904115619e+02 1.191322185778375115e+03 2.683009419409959719e+03
2.855000000000000000e+02 6.995851156602152232e-02 9.923085453612900952e-02 1.435257367974107545e+01 1.178537589832393735e+02 1.192984123519717969e+03 2.688224874557065050e+03
2.860000000000000000e+02 6.936118228923575380e-02 9.787119928998923302e-02 1.437523410646340238e+01 1.178999194333698028e+02 1.194729082356358731e+03 2.693369605519942979e+03
2.865000000000000000e+02 7.012493003749999121e-02 9.625875941616379716e-02 1.439780617848404987e+01 1.179347098772596212e+02 1.196588593207561644e+03 2.698479709199372792e+03
2.870000000000000000e+02 7.051586820366774477e-02 1.017726973974110161e-01 1.442595137183096021e+01 1.179561405873511148e+02 1.198420810098311904e+03 2.703673151160987345e+03
2.875000000000000000e+02 7.018721459730022094e-02 9.765676275982718146e-02 1.445531610258941591e+01 1.179678960438823907e+02 1.200186385413836661e+03 2.709085356681607664e+03
2.880000000000000000e+02 7.063742731794594998e-02 9.883737569124322053e-02 1.448313553855372859e+01 1.180214002081806939e+02 1.201805746894763843e+03 2.714425131061208504e+03
2.885000000000000000e+02 7.072491256071428145e-02 9.882441807976190262e-02 1.451537760392867860e+01 1.180931487878864914e+02 1.203426409737661743e+03 2.719644710296514859e+03
2.890000000000000000e+02 7.257752200541711662e-02 9.994206103141929642e-02 1.453444872367139773e+01 1.181364532207041549e+02 1.204819632381332667e+03 2.724685968276567110e+03
2.895000000000000000e+02 7.308775291757049763e-02 9.836959030531451653e-02 1.456788766904533716e+01 1.181648757340606437e+02 1.206176989290101574e+03 2.729588658486391978e+03
2.900000000000000000e+02 7.009186917578720533e-02 9.883770861465798752e-02 1.459295715957263795e+01 1.182011277318385964e+02 1.207490647045287005e+03 2.734345649689338188e+03
2.905000000000000000e+02 7.148543216684780099e-02 1.021146024058695451e-01 1.462436370807456498e+01 1.182984677093182313e+02 1.208951570834377435e+03 2.738618382754436425e+03
2.910000000000000000e+02 7.003481037388466224e-02 9.606059165495102470e-02 1.464421318583177545e+01 1.183091859162802280e+02 1.210161133241600965e+03 2.743201005745177554e+03
2.915000000000000000e+02 7.251449307145969858e-02 9.331218189019606368e-02 1.467890884366819115e+01 1.183384315674814502e+02 1.211403580536114532e+03 2.747293320646937445e+03
2.920000000000000000e+02 7.235483848146127828e-02 9.863009148560523964e-02 1.470391251833642166e+01 1.183536943057976316e+02 1.212547762798147460e+03 2.751448717950744594e+03
2.925000000000000000e+02 7.301817759268561248e-02 9.941630174323146107e-02 1.472809646904945424e+01 1.183760455664169200e+02 1.213735808547089164e+03 2.756010534308087244e+03
2.930000000000000000e+02 7.378934545836064729e-02 9.622422704021856010e-02 1.475598351387442619e+01 1.184053622919123683e+02 1.215575605860293990e+03 2.760429293548708756e+03
2.935000000000000000e+02 7.192547367439824924e-02 9.724171593019692583e-02 1.478411459609354317e+01 1.184190154775934332e+02 1.217666797153778816e+03 2.765229246633309685e+03
2.940000000000000000e+02 6.803345862146770173e-02 9.977729052453450376e-02 1.482298391856911479e+01 1.184644269045326155e+02 1.219705552709789799e+03 2.770067375941029695e+03
2.945000000000000000e+02 6.923569045219298002e-02 1.017159717258771801e-01 1.485365130502905728e+01 1.185188091114584097e+02 1.221824814882246073e+03 2.774809116307923887e+03
2.950000000000000000e+02 7.418415854281010247e-02 1.010081331453347997e-01 1.489339619403523507e+01 1.185176551039301955e+02 1.223878071632187584e+03 2.779894033285643218e+03
2.955000000000000000e+02 7.237932365219780506e-02 1.005557915861538532e-01 1.492229962298164736e+01 1.185542363647330291e+02 1.225901339558894279e+03 2.785113377949952337e+03
2.960000000000000000e+02 6.938827335918593131e-02 1.020663878437843702e-01 1.495932752934169407e+01 1.186375180787988768e+02 1.228025901415931912e+03 2.789855215611333279e+03
2.965000000000000000e+02 7.413187253127753729e-02 1.000812962483480090e-01 1.498061112557191521e+01 1.186567682908460881e+02 1.230538206774142509e+03 2.794799079874098425e+03
2.970000000000000000e+02 6.944101223925028266e-02 9.843634684906285570e-02 1.501678670222403333e+01 1.186707450986828860e+02 1.232974168833148497e+03 2.799624473311862403e+03
2.975000000000000000e+02 6.949180373222958729e-02 1.019188428268211905e-01 1.504876960426203070e+01 1.186848473843521958e+02 1.235518981372167218e+03 2.804873971013801565e+03
2.980000000000000000e+02 7.264028695679557168e-02 9.713745841160222050e-02 1.506487205513978012e+01 1.186720645364780751e+02 1.237985798618067747e+03 2.809954685378530485e+03
2.985000000000000000e+02 7.114119309734513730e-02 9.737632356194690642e-02 1.509355665524258683e+01 1.186572981715477368e+02 1.240324572577571871e+03 2.814582997051743405e+03
2.990000000000000000e+02 7.154132632901438749e-02 9.804109146589146118e-02 1.512738095132569249e+01 1.186434040914602832e+02 1.242688239180420624e+03 2.819544461470497936e+03
2.995000000000000000e+02 7.074886424312638866e-02 9.792915460254987547e-02 1.516442726182505574e+01 1.186241941876125452e+02 1.244937361896670836e+03 2.824810803427551036e+03
3.000000000000000000e+02 7.330354980854605906e-02 1.004315505589344903e-01 1.519923064966337201e+01 1.186596261659721563e+02 1.247134208037425196e+03 2.829986710687114282e+03
3.005000000000000000e+02 7.045318128844443861e-02 1.002809253006666512e-01 1.522546754299066407e+01 1.186981360037140689e+02 1.249463722959611687e+03 2.835189021632499589e+03
3.010000000000000000e+02 7.251871819510566364e-02 1.029038959714126816e-01 1.525400894716918820e+01 1.187319728151341991e+02 1.251627141063288036e+03 2.840596913417187352e+03
3.015000000000000000e+02 7.195400833028953169e-02 9.788586894576835340e-02 1.528479731718184809e+01 1.187918575156135859e+02 1.253719036638516627e+03 2.845586938375588488e+03
3.020000000000000000e+02 6.873894567413600665e-02 9.997321403110366600e-02 1.531414526349364458e+01 1.188026227604425173e+02 1.255630416126598675e+03 2.850651308426366995e+03
3.025000000000000000e+02 6.986778932332590730e-02 9.979072553035713000e-02 1.533893938903303500e+01 1.188934511367443605e+02 1.257650281698287017e+03 2.855472050236213818e+03
3.030000000000000000e+02 7.178597925620111564e-02 1.016006358284916034e-01 1.536323132002257097e+01 1.189628346053898298e+02 1.259773027135129951e+03 2.860074510141216706e+03
3.035000000000000000e+02 7.361903320838926457e-02 9.704764525257268681e-02 1.539966038816565863e+01 1.190290575268122808e+02 1.261940096315403480e+03 2.864787761452450013e+03
3.040000000000000000e+02 7.208350480156777706e-02 9.983322716528553187e-02 1.542383103502026742e+01 1.190428708895206853e+02 1.264266927487207340e+03 2.869405160190271545e+03
3.045000000000000000e+02 6.992785320896861834e-02 1.011100940470852083e-01 1.545804823170123221e+01 1.191011990046792590e+02 1.266469807062080918e+03 2.874204741393700260e+03
3.050000000000000000e+02 7.056141034859708672e-02 1.022238906423120069e-01 1.548892593111829363e+01 1.191154686763251931e+02 1.268535413757588685e+03 2.879520474348201788e+03
3.055000000000000000e+02 7.075122172629212669e-02 9.815195269483145690e-02 1.551825838744381691e+01 1.191414210430425555e+02 1.270631459885184768e+03 2.884394043416515615e+03
3.060000000000000000e+02 7.064337858728909902e-02 1.008910946572553341e-01 1.554818368917491433e+01 1.191487160867287116e+02 1.272751231746191706e+03 2.889945966085394502e+03
3.065000000000000000e+02 7.187478643119371569e-02 9.980686822038285777e-02 1.557131501910776983e+01 1.191969782741720252e+02 1.274861156408928764e+03 2.895379185676955785e+03
3.070000000000000000e+02 7.238551077271704326e-02 9.950356169830891495e-02 1.558901798834644836e+01 1.192411278711465314e+02 1.276961197170621517e+03 2.900825052721253542e+03
3.075000000000000000e+02 7.110293448611738898e-02 1.016754636274266321e-01 1.561156100640823929e+01 1.193167494153534278e+02 1.279149426563098586e+03 2.906466404056015563e+03
3.080000000000000000e+02 6.801690941548023395e-02 1.014932963598870197e-01 1.564072437114022662e+01 1.193995638434086572e+02 1.281365246822321978e+03 2.912084644006682993e+03
3.085000000000000000e+02 7.377329833212670218e-02 9.762105965542987318e-02 1.566538521994649358e+01 1.194915733935178537e+02 1.283554928775801955e+03 2.917766546608842418e+03
3.090000000000000000e+02 7.240361704326161996e-02 1.027025675267270732e-01 1.569506883980849388e+01 1.195613016191028066e+02 1.285750423894181040e+03 2.923270063446163022e+03
3.095000000000000000e+02 7.276138198151925474e-02 1.009729367749433032e-01 1.571989281356406032e+01 1.195741183948699273e+02 1.287975073921199510e+03 2.928451884507895556e+03
3.100000000000000000e+02 7.118387576027240815e-02 9.979201427105560684e-02 1.573208963486935197e+01 1.196007446567314929e+02 1.290089036481077528e+03 2.933458235812924158e+03
3.105000000000000000e+02 7.164292668875001102e-02 9.789958806886361886e-02 1.576901355228897827e+01 1.196412095749381024e+02 1.292230536934537895e+03 2.938911428228684144e+03
3.110000000000000000e+02 7.116609838316267922e-02 1.034591580054607385e-01 1.579087659403970534e+01 1.195840547597110941e+02 1.294248662958990508e+03 2.944316910464342982e+03
3.115000000000000000e+02 7.157843857972664980e-02 1.011400814833713080e-01 1.580646847723451032e+01 1.195354268512873404e+02 1.296062526610691521e+03 2.949698851930930232e+03
3.120000000000000000e+02 7.142552662622579651e-02 1.014413804169897459e-01 1.582787935454629213e+01 1.194817317825068841e+02 1.298291358194996064e+03 2.954917860285996994e+03
3.125000000000000000e+02 7.449566182340185139e-02 1.002379547002282822e-01 1.583936567779372062e+01 1.194125128783858116e+02 1.300519652060698945e+03 2.960133978320829101e+03
3.130000000000000000e+02 7.130966090342857888e-02 9.844543926514286170e-02 1.587812727576331184e+01 1.193207830796676774e+02 1.303056995341612037e+03 2.965502961943541322e+03
3.135000000000000000e+02 7.117502484233409477e-02 9.935616246395879980e-02 1.590044959470354691e+01 1.192346312307491019e+02 1.305407945602127711e+03 2.970706035386225267e+03
3.140000000000000000e+02 7.111740865681559498e-02 9.974525162279494761e-02 1.592737577072313648e+01 1.191413912254876379e+02 1.307714569838270108e+03 2.975447102597754565e+03
3.145000000000000000e+02 7.186430413038992493e-02 9.862727679174312923e-02 1.595562913445103170e+01 1.190738418656279975e+02 1.309967945596576328e+03 2.980107723588506360e+03
3.150000000000000000e+02 7.014837642640642246e-02 9.904456536199771066e-02 1.597682088553673729e+01 1.189617178675956950e+02 1.312271809970397499e+03 2.984681122492318082e+03
3.155000000000000000e+02 7.255360400390806208e-02 1.015865570352873642e-01 1.599759341059137796e+01 1.189000548836267370e+02 1.314455025446253330e+03 2.988853177049385522e+03
3.160000000000000000e+02 6.922668041806674666e-02 9.830243952336017998e-02 1.602676843267422413e+01 1.187888101458465258e+02 1.316836028279881248e+03 2.993152128832327890e+03
3.165000000000000000e+02 7.151865793963134432e-02 1.030546635747695561e-01 1.605740044478145023e+01 1.186606025543460845e+02 1.319205979451617168e+03 2.997243407900612510e+03
3.170000000000000000e+02 7.161258406435985768e-02 1.045020723746251518e-01 1.608605924316274383e+01 1.185858459284016533e+02 1.321542492659492837e+03 3.000649164491179363e+03
3.175000000000000000e+02 7.122619227794456387e-02 1.013792814581986196e-01 1.611071630610588912e+01 1.184927646750312533e+02 1.323836867326332822e+03 3.004094237081181745e+03
3.180000000000000000e+02 7.120675501144507757e-02 9.861832802635833728e-02 1.613562674857676527e+01 1.184057475642432706e+02 1.326258848768509324e+03 3.007648467240626815e+03
3.185000000000000000e+02 7.209672860208332645e-02 9.871757379432867519e-02 1.615848232184340105e+01 1.183686552748056897e+02 1.328631215916298061e+03 3.011124849360936423e+03
3.190000000000000000e+02 7.033648891900347311e-02 1.003661694942062504e-01 1.618462972137508871e+01 1.183434659781696894e+02 1.331131350403013812e+03 3.015007442124520367e+03
3.195000000000000000e+02 6.907411935452434371e-02 1.024318984114848952e-01 1.619447608573190323e+01 1.183091725706761679e+02 1.333652693459190459e+03 3.019135178978916883e+03
3.200000000000000000e+02 7.451785770487806548e-02 1.022470815897793400e-01 1.621050960483681536e+01 1.182792399193765362e+02 1.336330761481038508e+03 3.023243723660664273e+03
3.205000000000000000e+02 7.337259076930231771e-02 1.004988748097674217e-01 1.620660764467918469e+01 1.182469602721065201e+02 1.339010863584840536e+03 3.027260705836299167e+03
3.210000000000000000e+02 7.306225557462166231e-02 1.008966245193247818e-01 1.620805052094842935e+01 1.182173431208688044e+02 1.341741714677349592e+03 3.031467864253969310e+03
3.215000000000000000e+02 7.203510979498832512e-02 9.909279090920747324e-02 1.622551197777680443e+01 1.181814229633181981e+02 1.344151520342357117e+03 3.035667911135361464e+03
3.220000000000000000e+02 7.013471534084016190e-02 9.673510639183195703e-02 1.623670093870583386e+01 1.181865055659512080e+02 1.346850363657601065e+03 3.039556272674382399e+03
3.225000000000000000e+02 7.158370544147196757e-02 9.767376749672895819e-02 1.623446548749450713e+01 1.181757018688828254e+02 1.349647128576564000e+03 3.043426195390655266e+03
3.230000000000000000e+02 7.066328088877191216e-02 9.963071521052629942e-02 1.624378701797836300e+01 1.182039349258997873e+02 1.352409846832084440e+03 3.047351630293100698e+03
3.235000000000000000e+02 7.131553106112410723e-02 1.004517543080795938e-01 1.624193104579496350e+01 1.182051888695727939e+02 1.354877031231820865e+03 3.050927178422786255e+03
3.240000000000000000e+02 7.287409901418523406e-02 1.015385650451348098e-01 1.624884372778581465e+01 1.181994050735439572e+02 1.357149682994196610e+03 3.054504596956724527e+03
3.245000000000000000e+02 6.966108769225351494e-02 1.030437168907277212e-01 1.626166331692875389e+01 1.181702158968104897e+02 1.358914142284250374e+03 3.057982687319702109e+03
3.250000000000000000e+02 7.097198680799060577e-02 1.066990159873090482e-01 1.626514188376933134e+01 1.181590563224497856e+02 1.360659676042321962e+03 3.061133581527129991e+03
3.255000000000000000e+02 7.265534728658822050e-02 1.028947817039999879e-01 1.626556287360576647e+01 1.181181363666648281e+02 1.362461115103132215e+03 3.064121309553092033e+03
3.260000000000000000e+02 7.140098529681979111e-02 1.032433718693757385e-01 1.627052112971766817e+01 1.181207271327107691e+02 1.364298156324265847e+03 3.066960680175301604e+03
3.265000000000000000e+02 7.027321886981133248e-02 9.937797397641508212e-02 1.626992629120931610e+01 1.181034088053102806e+02 1.366203282045696369e+03 3.069578872466449866e+03
3.270000000000000000e+02 7.126993250401418567e-02 1.014396263368358836e-01 1.627164207122302031e+01 1.180923686752692561e+02 1.368051047392126748e+03 3.071791211480603579e+03
3.275000000000000000e+02 7.185639539716313917e-02 1.011641949319149053e-01 1.627083978999515423e+01 1.180452992704850175e+02 1.369773258022951950e+03 3.073788509836625508e+03
3.280000000000000000e+02 6.839672257905325681e-02 9.916470930721892063e-02 1.626957666093005983e+01 1.180473547402260124e+02 1.371426952127610321e+03 3.075719751566909508e+03
3.285000000000000000e+02 7.217358922097157070e-02 9.978848638033174789e-02 1.626718533116575927e+01 1.180463675983608454e+02 1.373121629401215387e+03 3.077433646544918247e+03
3.290000000000000000e+02 6.853741917935944616e-02 1.001915921023724954e-01 1.626282042903428149e+01 1.180175066092434832e+02 1.375142212047580870e+03 3.079676964062628485e+03
3.295000000000000000e+02 6.936283895000001920e-02 9.947946808408551778e-02 1.625373709871959704e+01 1.180103489836168791e+02 1.377246511457256020e+03 3.081542462261981200e+03
3.300000000000000000e+02 6.904850312568369675e-02 9.974990486361472175e-02 1.625221304983816850e+01 1.180240769402206666e+02 1.379732926310626453e+03 3.083418236209030965e+03
3.305000000000000000e+02 6.882126410940477002e-02 1.009078590221428318e-01 1.625875791519749569e+01 1.180710267872065771e+02 1.382303719507257256e+03 3.085327870271079519e+03
3.310000000000000000e+02 6.980359284135877196e-02 1.049840951117997495e-01 1.625410918632646329e+01 1.181542634061821104e+02 1.384683599620236009e+03 3.087273556061949421e+03
3.315000000000000000e+02 7.283838737661098295e-02 1.040138805434367431e-01 1.625290923261563236e+01 1.182224741727028174e+02 1.387000061522133592e+03 3.089163349366332113e+03
3.320000000000000000e+02 7.339323351839904808e-02 1.015508054060931670e-01 1.625191359419103776e+01 1.182996790850790774e+02 1.389339262850395698e+03 3.091013196081109527e+03
3.325000000000000000e+02 7.011580573923444082e-02 1.007930404958133908e-01 1.624987301231567116e+01 1.183242316497968432e+02 1.391682048567169659e+03 3.092409482058934373e+03
3.330000000000000000e+02 7.096252278502993005e-02 1.068132826508981920e-01 1.625038558009329392e+01 1.184061819457439952e+02 1.393894238952812657e+03 3.093827248379117464e+03
3.335000000000000000e+02 7.028599677218223818e-02 1.024121127858513003e-01 1.625297154593273419e+01 1.184821950922589906e+02 1.396185389084809685e+03 3.095192186124788805e+03
3.340000000000000000e+02 6.808024956506603109e-02 1.004280975378151058e-01 1.623994967444646065e+01 1.185373128305526222e+02 1.398542805682410972e+03 3.095927658537717889e+03
3.345000000000000000e+02 7.038247886862980529e-02 1.004206109260817326e-01 1.623208735493257038e+01 1.186055059087605201e+02 1.400859955852687563e+03 3.096528141913615400e+03
3.350000000000000000e+02 7.143807423935018275e-02 1.025864458839951671e-01 1.624692465264729080e+01 1.187079365200092127e+02 1.403336305360011693e+03 3.097006924094610895e+03
3.355000000000000000e+02 7.337120962578312644e-02 1.011302595692770978e-01 1.624095941622638506e+01 1.187550862133247875e+02 1.405877926918326693e+03 3.097184410505262349e+03
3.360000000000000000e+02 6.893439605995174690e-02 1.029562829506634469e-01 1.623486651374414791e+01 1.187624816831716004e+02 1.408466328491328795e+03 3.097197675728408740e+03
3.365000000000000000e+02 7.239187069263285090e-02 1.046284384154589214e-01 1.623586718436219911e+01 1.187908909977825971e+02 1.410964916916826496e+03 3.097023461630538804e+03
3.370000000000000000e+02 7.052005361185005594e-02 1.019159346694075152e-01 1.623305959993216163e+01 1.187785811485547498e+02 1.413541294625910723e+03 3.096968513453503874e+03
3.375000000000000000e+02 7.229261516259079257e-02 1.020138890711864560e-01 1.622348374845993035e+01 1.187682332029002339e+02 1.416085214949574947e+03 3.097005725317382257e+03
3.380000000000000000e+02 7.050412411503030607e-02 9.989722057672727196e-02 1.621709311484836391e+01 1.187762962699965925e+02 1.418620279825058333e+03 3.097165658009982508e+03
3.385000000000000000e+02 7.265238489320390014e-02 1.072200896746358934e-01 1.621395176892706047e+01 1.187790439933887683e+02 1.421215191786781588e+03 3.097765090882913682e+03
3.390000000000000000e+02 6.913916623110571980e-02 1.049838410722964549e-01 1.621043930424775326e+01 1.187769888612917839e+02 1.423831861313199397e+03 3.098325763397303490e+03
3.395000000000000000e+02 7.080326030389295922e-02 1.037940589198296654e-01 1.622015943599744503e+01 1.187863072887916474e+02 1.426470042641220516e+03 3.099147971961904659e+03
3.400000000000000000e+02 6.934639107490865595e-02 1.018300799042630989e-01 1.621388827847003355e+01 1.187810916856535357e+02 1.429353526709113567e+03 3.100153584692762706e+03
3.405000000000000000e+02 6.852469838878048891e-02 1.016620415084146523e-01 1.621774842251451076e+01 1.187925758079361316e+02 1.432036992502230078e+03 3.100622546008385598e+03
3.410000000000000000e+02 7.149603219426128864e-02 1.037981364522588545e-01 1.621478974249560423e+01 1.187668803649504241e+02 1.434720852367797761e+03 3.101087797886702901e+03
3.415000000000000000e+02 7.132364601931541481e-02 1.005403480281173434e-01 1.620857154781894849e+01 1.187879044712628058e+02 1.437421550777581160e+03 3.101660697233775409e+03
3.420000000000000000e+02 7.409275938714812715e-02 1.041735381527539445e-01 1.621247246043806456e+01 1.187936364180292088e+02 1.440163566294663042e+03 3.101933206160543705e+03
3.425000000000000000e+02 7.106829988259803776e-02 1.004963586846813750e-01 1.621224078774252320e+01 1.187655174783309064e+02 1.442864407699256162e+03 3.101912730620842922e+03
3.430000000000000000e+02 7.226204817116563262e-02 1.020108563528834278e-01 1.620949522530539610e+01 1.187444592034611475e+02 1.445600839354721302e+03 3.101851371846491020e+03
3.435000000000000000e+02 7.034987685012286662e-02 1.006550340121621367e-01 1.620334046512027015e+01 1.187565709689448852e+02 1.448276136933644466e+03 3.101467281446332890e+03
3.440000000000000000e+02 7.128137187466174196e-02 1.027732425132841243e-01 1.620777087894452606e+01 1.187459772367285211e+02 1.450917192972053726e+03 3.101547130472205026e+03
3.445000000000000000e+02 7.339689023374386390e-02 1.021293345938423525e-01 1.620314146313534565e+01 1.187096890142531009e+02 1.453711497183582878e+03 3.101931584780561934e+03
3.450000000000000000e+02 7.169079745733664133e-02 1.015101263408137999e-01 1.619273134659913893e+01 1.186866761402687160e+02 1.456540767574654637e+03 3.102258271569954559e+03
3.455000000000000000e+02 7.337011512358024290e-02 1.065912692979012477e-01 1.619244194277024462e+01 1.186364827015290757e+02 1.459515979325778744e+03 3.102653044649573985e+03
3.460000000000000000e+02 7.099128078022248767e-02 1.038439043263288120e-01 1.619386157449678620e+01 1.185903172316699852e+02 1.462283451384868158e+03 3.103147968941280851e+03
3.465000000000000000e+02 7.155391229022277366e-02 1.069629975459158305e-01 1.618812419519789358e+01 1.185096770497360126e+02 1.465104143447608067e+03 3.103969506937378355e+03
3.470000000000000000e+02 7.025884158785627998e-02 1.024508510495662772e-01 1.618165256132825292e+01 1.184448815809631412e+02 1.467937094190973767e+03 3.104640576778877403e+03
3.475000000000000000e+02 7.044654034193546799e-02 1.011081761300248044e-01 1.617298552114876031e+01 1.183793889868545648e+02 1.470684308369891369e+03 3.105162409673244838e+03
3.480000000000000000e+02 7.145108053614906973e-02 1.064846813390062097e-01 1.617204284947068516e+01 1.182938738923688362e+02 1.473503737401031913e+03 3.105786198429997967e+03
3.485000000000000000e+02 7.111048393544774915e-02 1.029733369251243646e-01 1.617088502298246411e+01 1.182744265083947255e+02 1.476262361739655489e+03 3.106606285975737592e+03
3.490000000000000000e+02 7.090673701718556987e-02 1.065009863470734869e-01 1.616533856512067402e+01 1.181936529464142467e+02 1.479048152065294289e+03 3.107813111165577084e+03
3.495000000000000000e+02 7.308014945498753079e-02 1.051393004088528593e-01 1.615849771879538466e+01 1.180981043887554591e+02 1.481892223522431095e+03 3.109390940486151521e+03
3.500000000000000000e+02 7.139113817315854982e-02 1.013066274714107401e-01 1.615373066715842754e+01 1.180305887949223660e+02 1.484638743400851581e+03 3.111419061255417091e+03
3.505000000000000000e+02 7.416086215849998498e-02 1.020926142428749683e-01 1.616275768063987428e+01 1.179593981296124952e+02 1.487280439093987752e+03 3.113099022446786876e+03
3.510000000000000000e+02 7.091678145193992810e-02 1.058953237105131201e-01 1.615962989251051241e+01 1.179050042216798460e+02 1.489906253994694907e+03 3.114945561159348472e+03
3.515000000000000000e+02 7.313719608270677353e-02 1.029647052185463929e-01 1.615927376095726586e+01 1.178880420182635334e+02 1.492591726873197558e+03 3.116846762304980075e+03
3.520000000000000000e+02 7.134001147766623474e-02 1.063279462880803022e-01 1.616574737602998724e+01 1.178817374235406845e+02 1.495143938894220128e+03 3.118249229463576739e+03
3.525000000000000000e+02 7.330580696959800024e-02 1.074725335231155321e-01 1.616540528532399534e+01 1.178483129227762021e+02 1.497550971010448393e+03 3.119357046879562404e+03
3.530000000000000000e+02 7.089879786025157782e-02 1.003603690119496961e-01 1.616317547135333044e+01 1.178198076338393747e+02 1.500208169472281043e+03 3.120413150630010932e+03
3.535000000000000000e+02 7.274247752569269754e-02 1.007800261220403032e-01 1.616025422920138510e+01 1.178021532201452430e+02 1.503136166934627227e+03 3.121459897845348223e+03
3.540000000000000000e+02 7.442302090781839630e-02 1.033855353578814751e-01 1.614503045983341778e+01 1.177343915113997070e+02 1.505843595859893639e+03 3.122589758430929578e+03
3.545000000000000000e+02 7.199628148333332700e-02 1.088661641523989976e-01 1.613694591408573231e+01 1.176573346483749702e+02 1.508907161808797127e+03 3.123856452866073596e+03
3.550000000000000000e+02 7.051159401441214891e-02 1.054398980294563859e-01 1.613381483137029093e+01 1.175729591848783286e+02 1.512117970338141504e+03 3.125861493631310623e+03
3.555000000000000000e+02 7.080144683177214127e-02 1.073898466854430328e-01 1.612576014606316477e+01 1.174648874335412785e+02 1.515359837105654606e+03 3.127525513582544590e+03
3.560000000000000000e+02 7.104268042775667424e-02 1.051451743150823709e-01 1.611883520084397858e+01 1.174640735041625845e+02 1.518535231596578342e+03 3.128764991104606906e+03
3.565000000000000000e+02 7.205293635063453328e-02 1.039172683746192871e-01 1.611113219473337566e+01 1.173863553192404368e+02 1.521536018582939278e+03 3.129959978600397790e+03
3.570000000000000000e+02 7.560958261537484293e-02 1.052801636484116815e-01 1.610576169589567996e+01 1.173005180406359642e+02 1.524479802297051947e+03 3.130883353780196103e+03
3.575000000000000000e+02 7.056663966615776828e-02 1.020695863685750632e-01 1.610305481870979349e+01 1.171478535722353200e+02 1.527622619166912273e+03 3.131587110424138245e+03
3.580000000000000000e+02 6.958184345898089929e-02 1.065949740594904355e-01 1.609494580435146460e+01 1.169970939885675278e+02 1.530805961996666383e+03 3.131960077876653486e+03
3.585000000000000000e+02 6.883950068762757779e-02 1.038834646311224408e-01 1.609935317389273024e+01 1.168697226535308005e+02 1.533974782896917077e+03 3.131986031642139551e+03
3.590000000000000000e+02 7.239201904916986452e-02 1.019796659472541334e-01 1.609016695546602449e+01 1.167623538916999593e+02 1.537176091844413349e+03 3.132186809092340354e+03
3.595000000000000000e+02 7.255095740217391842e-02 1.077296825250639439e-01 1.608028400083618692e+01 1.166252005842863468e+02 1.540366466678652387e+03 3.132200901476525814e+03
3.600000000000000000e+02 7.181392715147247308e-02 1.052270680622278964e-01 1.607991238279116430e+01 1.164995645879697861e+02 1.543728912783855321e+03 3.132006350715755616e+03
3.605000000000000000e+02 7.322979961794870429e-02 1.021252300378205219e-01 1.608029604620756103e+01 1.163461138178802088e+02 1.547112044495835107e+03 3.132290287986782005e+03
3.610000000000000000e+02 7.438612088562261693e-02 1.046261909118099964e-01 1.608094508050308136e+01 1.161027075605070848e+02 1.550479511959456204e+03 3.132265034987773106e+03
3.615000000000000000e+02 7.313846899138816415e-02 1.065996447597686025e-01 1.605678956561683890e+01 1.160188786493493325e+02 1.554290737524773249e+03 3.132061836181949275e+03
3.620000000000000000e+02 7.062078509510939794e-02 1.036381790409266618e-01 1.606598607302947102e+01 1.159705757369761585e+02 1.557848854153351112e+03 3.132313527971553867e+03
3.625000000000000000e+02 7.215859031481958175e-02 1.066160258618556456e-01 1.605438222006430493e+01 1.159158071381811226e+02 1.561508203212000808e+03 3.132497267228997771e+03
3.630000000000000000e+02 7.166189498270968128e-02 1.049731212046451367e-01 1.605886528038696781e+01 1.158668537170057817e+02 1.565159094205484962e+03 3.132916348862575433e+03
3.635000000000000000e+02 7.095684135865633346e-02 1.047677593914728422e-01 1.606148330910581379e+01 1.158812745522948546e+02 1.568838759808764735e+03 3.132933515277307379e+03
3.640000000000000000e+02 7.127355638020697881e-02 1.022184449011642876e-01 1.605936468500375014e+01 1.159701386931904636e+02 1.572621982349393420e+03 3.133444591979385223e+03
3.645000000000000000e+02 7.336347351813470030e-02 1.025609999186528482e-01 1.605072152388847329e+01 1.160088169578597928e+02 1.576429961554403917e+03 3.134188784342828967e+03
3.650000000000000000e+02 7.228354529442283793e-02 1.027372356269779657e-01 1.605849458043307365e+01 1.160714004555300107e+02 1.580115220257453075e+03 3.135480375482129602e+03
3.655000000000000000e+02 6.853380524831169385e-02 1.021220006472727260e-01 1.605320304482324545e+01 1.160504267637914211e+02 1.583831516844571297e+03 3.136959944692192948e+03
3.660000000000000000e+02 7.074154607776332593e-02 1.070860009176853034e-01 1.605518986957594407e+01 1.160301476389590789e+02 1.587359758643739497e+03 3.138470389278939365e+03
3.665000000000000000e+02 7.043633120611979270e-02 1.025080283205729303e-01 1.604311899693997390e+01 1.160155224735744497e+02 1.590916371296991201e+03 3.139731792618147210e+03
3.670000000000000000e+02 7.375249892698826359e-02 1.045119602804432946e-01 1.604278348485775751e+01 1.160584056698155848e+02 1.594408131589067580e+03 3.141124730057663328e+03
3.675000000000000000e+02 7.440216779033942407e-02 1.061884230896866926e-01 1.603313881415391862e+01 1.160826202116875265e+02 1.598079611542643761e+03 3.141975421241937966e+03
3.680000000000000000e+02 7.430556090901961619e-02 1.021563590624836454e-01 1.604693269304300784e+01 1.161013540451373416e+02 1.601427331219401822e+03 3.142704153428019708e+03
3.685000000000000000e+02 7.272436590287956193e-02 1.016124530020942190e-01 1.602519123748416163e+01 1.160701265068070853e+02 1.604789547109982550e+03 3.143330193990614589e+03
3.690000000000000000e+02 7.081694307758845675e-02 1.024798291903014219e-01 1.602266645670760070e+01 1.160484431202325197e+02 1.608148133109016726e+03 3.143774984705977658e+03
3.695000000000000000e+02 7.169372154238845551e-02 9.954898194763778241e-02 1.601483898741456358e+01 1.159976067724725937e+02 1.611360938546787338e+03 3.144060884867560162e+03
3.700000000000000000e+02 7.051392313994743477e-02 1.046324402601839787e-01 1.601626099550841076e+01 1.159546528554130589e+02 1.614626157446868774e+03 3.144673596096724395e+03
3.705000000000000000e+02 7.302283581342104701e-02 1.068761726364473308e-01 1.600712637132881611e+01 1.158916149961508779e+02 1.617922405196947466e+03 3.145428849316264404e+03
3.710000000000000000e+02 7.426814144861659805e-02 1.064857980444005453e-01 1.601104206873240798e+01 1.159093234207194030e+02 1.620951724321704205e+03 3.145847328286633910e+03
3.715000000000000000e+02 7.420890550329814483e-02 1.062190206204485510e-01 1.600539747788640810e+01 1.158574436132237082e+02 1.624177872737050166e+03 3.146230413692206184e+03
3.720000000000000000e+02 7.277216739854688865e-02 1.038241518118890178e-01 1.600018765081889072e+01 1.158255306876817343e+02 1.627529215307539289e+03 3.146077614986957087e+03
3.725000000000000000e+02 7.278770119232802482e-02 1.021766686104497168e-01 1.601577385865066105e+01 1.157614162762271661e+02 1.631046857224332371e+03 3.145914563217076648e+03
3.730000000000000000e+02 7.115207769350992417e-02 1.035738642209271670e-01 1.601262670483960093e+01 1.157170456892685024e+02 1.634546870996429789e+03 3.145860244329721354e+03
3.735000000000000000e+02 7.248078855981431035e-02 1.059460112294429573e-01 1.602653092082480057e+01 1.156528802180528999e+02 1.637905261694044157e+03 3.145642573498444108e+03
3.740000000000000000e+02 7.142721026135459561e-02 1.013996665759628046e-01 1.601278550507822018e+01 1.155885386719094186e+02 1.641299992755706626e+03 3.145398203450788060e+03
3.745000000000000000e+02 7.368025580944149999e-02 1.061966252976063729e-01 1.600929756315412078e+01 1.155213409884311773e+02 1.644367780511031924e+03 3.144798404398028651e+03
