       Step     Time          Energy          fmax
MDMin:    0 18:48:54    -2389.620702        7.668287
MDMin:    1 18:48:56    -2389.627966        7.689881
MDMin:    2 18:48:58    -2389.649404        7.735790
MDMin:    3 18:49:00    -2389.684543        7.291086
MDMin:    4 18:49:02    -2389.734905        6.426628
MDMin:    5 18:49:04    -2389.807166        6.213994
MDMin:    6 18:49:06    -2389.918428        6.540256
MDMin:    7 18:49:08    -2390.102820        5.623542
MDMin:    8 18:49:10    -2390.255032        4.835071
MDMin:    9 18:49:12    -2390.495224        5.261126
MDMin:   10 18:49:14    -2390.822470        3.277305
MDMin:   11 18:49:16    -2391.038034        4.027303
MDMin:   12 18:49:17    -2391.308070        2.141393
MDMin:   13 18:49:18    -2391.700349        2.052555
MDMin:   14 18:49:19    -2391.982093        1.979480
MDMin:   15 18:49:21    -2392.131454        1.911621
MDMin:   16 18:49:23    -2392.300127        1.873697
MDMin:   17 18:49:25    -2392.474015        1.800961
MDMin:   18 18:49:27    -2392.644732        1.671401
MDMin:   19 18:49:29    -2392.748529        1.180585
MDMin:   20 18:49:31    -2392.827856        1.000894
MDMin:   21 18:49:33    -2392.903922        0.889556
MDMin:   22 18:49:35    -2392.977173        0.883086
MDMin:   23 18:49:36    -2393.041937        0.873883
MDMin:   24 18:49:38    -2393.083939        1.458884
MDMin:   25 18:49:39    -2393.091194        0.791386
MDMin:   26 18:49:41    -2393.101994        0.761454
MDMin:   27 18:49:43    -2393.114107        0.722923
MDMin:   28 18:49:45    -2393.127290        0.676156
MDMin:   29 18:49:47    -2393.141318        0.622728
MDMin:   30 18:49:49    -2393.155957        0.565443
MDMin:   31 18:49:51    -2393.170970        0.507726
MDMin:   32 18:49:53    -2393.186126        0.452678
MDMin:   33 18:49:55    -2393.201208        0.402316
MDMin:   34 18:49:57    -2393.216025        0.361852
MDMin:   35 18:49:58    -2393.230414        0.332249
MDMin:   36 18:50:00    -2393.244243        0.304466
MDMin:   37 18:50:02    -2393.257407        0.278595
MDMin:   38 18:50:04    -2393.269830        0.262120
MDMin:   39 18:50:05    -2393.281456        0.258299
MDMin:   40 18:50:07    -2393.281994        0.623013
MDMin:   41 18:50:08    -2393.282163        0.470621
MDMin:   42 18:50:10    -2393.282358        0.361000
MDMin:   43 18:50:11    -2393.282572        0.346710
MDMin:   44 18:50:12    -2393.282791        0.346702
MDMin:   45 18:50:14    -2393.283005        0.344135
MDMin:   46 18:50:16    -2393.283193        0.340377
MDMin:   47 18:50:17    -2393.283359        0.336215
MDMin:   48 18:50:18    -2393.283518        0.331680
MDMin:   49 18:50:20    -2393.283685        0.326521
MDMin:   50 18:50:21    -2393.283865        0.320614
MDMin:   51 18:50:22    -2393.284059        0.313932
MDMin:   52 18:50:23    -2393.284269        0.306503
MDMin:   53 18:50:24    -2393.284492        0.298433
MDMin:   54 18:50:27    -2393.284729        0.289903
MDMin:   55 18:50:29    -2393.284971        0.281291
MDMin:   56 18:50:31    -2393.285207        0.273099
MDMin:   57 18:50:32    -2393.285421        0.265951
MDMin:   58 18:50:34    -2393.285608        0.259942
MDMin:   59 18:50:36    -2393.285784        0.262921
MDMin:   60 18:50:37    -2393.285964        0.269302
MDMin:   61 18:50:39    -2393.286157        0.275977
MDMin:   62 18:50:41    -2393.286364        0.282987
MDMin:   63 18:50:42    -2393.285622        0.290274
MDMin:   64 18:50:44    -2393.282989        0.296030
MDMin:   65 18:50:45    -2393.280098        0.316604
MDMin:   66 18:50:47    -2393.277300        0.347354
MDMin:   67 18:50:49    -2393.274636        0.384765
MDMin:   68 18:50:51    -2393.272166        0.430275
MDMin:   69 18:50:53    -2393.269940        0.484372
MDMin:   70 18:50:54    -2393.267989        0.542710
MDMin:   71 18:50:55    -2393.266320        0.585255
MDMin:   72 18:50:56    -2393.264897        0.556814
MDMin:   73 18:50:58    -2393.263639        0.384967
MDMin:   74 18:51:00    -2393.262456        0.350107
MDMin:   75 18:51:01    -2393.261471        0.352700
MDMin:   76 18:51:03    -2393.260738        0.354000
MDMin:   77 18:51:04    -2393.260353        0.354312
MDMin:   78 18:51:06    -2393.260191        0.354268
MDMin:   79 18:51:08    -2393.260085        0.354054
MDMin:   80 18:51:10    -2393.260035        0.353626
MDMin:   81 18:51:12    -2393.260069        0.352932
MDMin:   82 18:51:14    -2393.260219        0.351917
MDMin:   83 18:51:15    -2393.260525        0.350537
MDMin:   84 18:51:17    -2393.261032        0.348751
MDMin:   85 18:51:19    -2393.261791        0.346535
MDMin:   86 18:51:21    -2393.262853        0.343879
MDMin:   87 18:51:22    -2393.264274        0.340796
MDMin:   88 18:51:23    -2393.266103        0.337317
MDMin:   89 18:51:25    -2393.268372        0.333513
MDMin:   90 18:51:27    -2393.271070        0.329500
MDMin:   91 18:51:29    -2393.274009        0.325596
MDMin:   92 18:51:30    -2393.276562        0.343449
MDMin:   93 18:51:31    -2393.278119        0.320757
MDMin:   94 18:51:33    -2393.279562        0.319180
MDMin:   95 18:51:34    -2393.281177        0.317463
MDMin:   96 18:51:35    -2393.282995        0.315578
MDMin:   97 18:51:37    -2393.285018        0.313529
MDMin:   98 18:51:38    -2393.287242        0.311317
MDMin:   99 18:51:39    -2393.289655        0.308944
MDMin:  100 18:51:41    -2393.292242        0.307415
MDMin:  101 18:51:42    -2393.294981        0.308556
MDMin:  102 18:51:43    -2393.297845        0.309855
MDMin:  103 18:51:44    -2393.299963        0.391792
MDMin:  104 18:51:46    -2393.300504        0.341103
MDMin:  105 18:51:48    -2393.301052        0.330646
MDMin:  106 18:51:50    -2393.301617        0.315432
MDMin:  107 18:51:52    -2393.302187        0.317114
MDMin:  108 18:51:53    -2393.302756        0.318940
MDMin:  109 18:51:55    -2393.303298        0.320806
MDMin:  110 18:51:56    -2393.303761        0.322490
MDMin:  111 18:51:57    -2393.304098        0.323742
MDMin:  112 18:51:59    -2393.304373        0.324778
MDMin:  113 18:52:00    -2393.304653        0.325837
MDMin:  114 18:52:02    -2393.304957        0.326972
MDMin:  115 18:52:04    -2393.305290        0.328178
MDMin:  116 18:52:06    -2393.305652        0.329439
MDMin:  117 18:52:08    -2393.306044        0.330723
MDMin:  118 18:52:09    -2393.306469        0.331994
MDMin:  119 18:52:11    -2393.306927        0.333200
MDMin:  120 18:52:12    -2393.307417        0.334281
MDMin:  121 18:52:14    -2393.307932        0.335161
MDMin:  122 18:52:16    -2393.308441        0.335750
MDMin:  123 18:52:18    -2393.308870        0.336006
MDMin:  124 18:52:20    -2393.309174        0.336039
MDMin:  125 18:52:22    -2393.309452        0.335950
MDMin:  126 18:52:24    -2393.309754        0.335710
MDMin:  127 18:52:25    -2393.310091        0.335250
MDMin:  128 18:52:27    -2393.310467        0.334468
MDMin:  129 18:52:29    -2393.310884        0.333224
MDMin:  130 18:52:31    -2393.311344        0.331326
MDMin:  131 18:52:33    -2393.311851        0.328518
MDMin:  132 18:52:35    -2393.312405        0.324476
MDMin:  133 18:52:37    -2393.313007        0.318831
MDMin:  134 18:52:39    -2393.313651        0.311306
MDMin:  135 18:52:41    -2393.314302        0.302156
MDMin:  136 18:52:43    -2393.314860        0.293226
MDMin:  137 18:52:44    -2393.315243        0.286631
MDMin:  138 18:52:46    -2393.315582        0.280526
MDMin:  139 18:52:48    -2393.315953        0.273577
MDMin:  140 18:52:50    -2393.316369        0.265500
MDMin:  141 18:52:52    -2393.316835        0.256198
MDMin:  142 18:52:54    -2393.317354        0.245646
MDMin:  143 18:52:56    -2393.317928        0.235399
MDMin:  144 18:52:58    -2393.318560        0.237357
MDMin:  145 18:53:00    -2393.319253        0.239358
MDMin:  146 18:53:02    -2393.320009        0.241391
MDMin:  147 18:53:04    -2393.320823        0.243438
MDMin:  148 18:53:06    -2393.321674        0.245449
MDMin:  149 18:53:08    -2393.322476        0.247246
MDMin:  150 18:53:10    -2393.323068        0.248507
MDMin:  151 18:53:11    -2393.323494        0.249389
MDMin:  152 18:53:12    -2393.323933        0.250294
MDMin:  153 18:53:14    -2393.324342        0.251307
MDMin:  154 18:53:16    -2393.324801        0.251947
MDMin:  155 18:53:18    -2393.325001        0.252499
MDMin:  156 18:53:20    -2393.325311        0.252899
MDMin:  157 18:53:21    -2393.325302        0.253284
MDMin:  158 18:53:23    -2393.325687        0.253597
MDMin:  159 18:53:24    -2393.325481        0.253921
MDMin:  160 18:53:26    -2393.325999        0.254204
MDMin:  161 18:53:28    -2393.326249        0.254604
MDMin:  162 18:53:30    -2393.326222        0.254984
MDMin:  163 18:53:32    -2393.326620        0.255297
MDMin:  164 18:53:34    -2393.326349        0.255619
MDMin:  165 18:53:35    -2393.326824        0.255903
MDMin:  166 18:53:36    -2393.327181        0.256309
MDMin:  167 18:53:38    -2393.327000        0.256689
MDMin:  168 18:53:39    -2393.327499        0.257005
MDMin:  169 18:53:40    -2393.327806        0.257446
MDMin:  170 18:53:41    -2393.327674        0.257845
MDMin:  171 18:53:43    -2393.328165        0.258172
MDMin:  172 18:53:45    -2393.328453        0.258627
MDMin:  173 18:53:48    -2393.328326        0.259033
MDMin:  174 18:53:50    -2393.328800        0.259364
MDMin:  175 18:53:52    -2393.329107        0.259826
MDMin:  176 18:53:53    -2393.328946        0.260234
MDMin:  177 18:53:55    -2393.329404        0.260567
MDMin:  178 18:53:56    -2393.329764        0.261033
MDMin:  179 18:53:57    -2393.329536        0.261441
MDMin:  180 18:53:59    -2393.329978        0.261775
MDMin:  181 18:54:00    -2393.330423        0.262244
MDMin:  182 18:54:02    -2393.330099        0.262652
MDMin:  183 18:54:04    -2393.330528        0.262987
MDMin:  184 18:54:06    -2393.331084        0.263460
MDMin:  185 18:54:08    -2393.330640        0.263867
MDMin:  186 18:54:09    -2393.331057        0.264202
MDMin:  187 18:54:10    -2393.331637        0.264677
MDMin:  188 18:54:12    -2393.332103        0.265296
MDMin:  189 18:54:13    -2393.331814        0.265780
MDMin:  190 18:54:14    -2393.332256        0.266153
MDMin:  191 18:54:16    -2393.332852        0.266669
MDMin:  192 18:54:17    -2393.332369        0.267094
MDMin:  193 18:54:18    -2393.332768        0.267438
MDMin:  194 18:54:19    -2393.333327        0.267927
MDMin:  195 18:54:21    -2393.333913        0.268564
MDMin:  196 18:54:23    -2393.333494        0.269048
MDMin:  197 18:54:25    -2393.333911        0.269419
MDMin:  198 18:54:27    -2393.334485        0.269938
MDMin:  199 18:54:29    -2393.335067        0.270608
MDMin:  200 18:54:31    -2393.334661        0.271101
MDMin:  201 18:54:33    -2393.335069        0.271475
MDMin:  202 18:54:34    -2393.335634        0.272000
MDMin:  203 18:54:36    -2393.336252        0.272676
MDMin:  204 18:54:37    -2393.335810        0.273166
MDMin:  205 18:54:39    -2393.336206        0.273536
MDMin:  206 18:54:40    -2393.336758        0.274058
MDMin:  207 18:54:41    -2393.337450        0.274734
MDMin:  208 18:54:42    -2393.336933        0.275215
MDMin:  209 18:54:44    -2393.337317        0.275580
MDMin:  210 18:54:46    -2393.337856        0.276097
MDMin:  211 18:54:47    -2393.338550        0.276769
MDMin:  212 18:54:48    -2393.339177        0.277596
MDMin:  213 18:54:50    -2393.338806        0.278135
MDMin:  214 18:54:51    -2393.339205        0.278520
MDMin:  215 18:54:52    -2393.339760        0.279059
MDMin:  216 18:54:54    -2393.340468        0.279753
MDMin:  217 18:54:56    -2393.341050        0.280603
MDMin:  218 18:54:58    -2393.340749        0.281136
MDMin:  219 18:54:59    -2393.341137        0.281512
MDMin:  220 18:55:01    -2393.341682        0.282043
MDMin:  221 18:55:03    -2393.342383        0.282728
MDMin:  222 18:55:05    -2393.342973        0.283567
MDMin:  223 18:55:07    -2393.342676        0.284081
MDMin:  224 18:55:09    -2393.343051        0.284442
MDMin:  225 18:55:12    -2393.343584        0.284956
MDMin:  226 18:55:14    -2393.344274        0.285624
MDMin:  227 18:55:16    -2393.344925        0.286445
MDMin:  228 18:55:18    -2393.344580        0.286936
MDMin:  229 18:55:19    -2393.344943        0.287281
MDMin:  230 18:55:21    -2393.345466        0.287777
MDMin:  231 18:55:23    -2393.346149        0.288426
MDMin:  232 18:55:25    -2393.346902        0.289225
MDMin:  233 18:55:27    -2393.346467        0.289693
MDMin:  234 18:55:29    -2393.346820        0.290021
MDMin:  235 18:55:32    -2393.347336        0.290499
MDMin:  236 18:55:34    -2393.348013        0.291128
MDMin:  237 18:55:36    -2393.348852        0.291905
MDMin:  238 18:55:38    -2393.349642        0.292829
MDMin:  239 18:55:40    -2393.349291        0.296520
MDMin:  240 18:55:42    -2393.349655        0.296384
MDMin:  241 18:55:44    -2393.350184        0.296481
MDMin:  242 18:55:46    -2393.350879        0.297090
MDMin:  243 18:55:48    -2393.351740        0.298474
MDMin:  244 18:55:49    -2393.352567        0.296425
MDMin:  245 18:55:51    -2393.352223        0.307815
MDMin:  246 18:55:52    -2393.352578        0.307929
MDMin:  247 18:55:53    -2393.353103        0.308301
MDMin:  248 18:55:54    -2393.353797        0.309133
MDMin:  249 18:55:56    -2393.354663        0.310619
MDMin:  250 18:55:57    -2393.355567        0.299954
MDMin:  251 18:55:59    -2393.355178        0.317836
MDMin:  252 18:56:00    -2393.355524        0.318101
MDMin:  253 18:56:01    -2393.356043        0.318622
MDMin:  254 18:56:02    -2393.356737        0.319528
MDMin:  255 18:56:04    -2393.357607        0.320925
MDMin:  256 18:56:05    -2393.358627        0.303430
MDMin:  257 18:56:07    -2393.358151        0.325898
MDMin:  258 18:56:09    -2393.358489        0.326206
MDMin:  259 18:56:11    -2393.359005        0.326728
MDMin:  260 18:56:13    -2393.359700        0.327517
MDMin:  261 18:56:15    -2393.360577        0.328597
MDMin:  262 18:56:17    -2393.361638        0.329926
MDMin:  263 18:56:18    -2393.362759        0.307898
MDMin:  264 18:56:20    -2393.362353        0.332447
MDMin:  265 18:56:22    -2393.362698        0.332675
MDMin:  266 18:56:24    -2393.363229        0.332990
MDMin:  267 18:56:25    -2393.363946        0.333343
MDMin:  268 18:56:26    -2393.364851        0.333642
MDMin:  269 18:56:28    -2393.365948        0.333723
MDMin:  270 18:56:31    -2393.367127        0.312376
MDMin:  271 18:56:33    -2393.366724        0.332765
MDMin:  272 18:56:35    -2393.367065        0.332658
MDMin:  273 18:56:37    -2393.367596        0.332398
MDMin:  274 18:56:38    -2393.368320        0.331862
MDMin:  275 18:56:39    -2393.369240        0.330877
MDMin:  276 18:56:40    -2393.370359        0.329206
MDMin:  277 18:56:42    -2393.371617        0.316686
MDMin:  278 18:56:43    -2393.371183        0.325327
MDMin:  279 18:56:44    -2393.371519        0.324755
MDMin:  280 18:56:45    -2393.372053        0.323726
MDMin:  281 18:56:47    -2393.372785        0.322086
MDMin:  282 18:56:48    -2393.373720        0.319624
MDMin:  283 18:56:49    -2393.374861        0.319794
MDMin:  284 18:56:50    -2393.376212        0.328016
MDMin:  285 18:56:52    -2393.375729        0.321107
MDMin:  286 18:56:53    -2393.376063        0.321338
MDMin:  287 18:56:54    -2393.376599        0.321706
MDMin:  288 18:56:55    -2393.377341        0.322210
MDMin:  289 18:56:57    -2393.377248        0.338710
MDMin:  290 18:56:58    -2393.377450        0.329719
MDMin:  291 18:56:59    -2393.376972        0.323708
MDMin:  292 18:57:01    -2393.377478        0.324043
MDMin:  293 18:57:02    -2393.377465        0.328492
MDMin:  294 18:57:03    -2393.377628        0.324802
MDMin:  295 18:57:04    -2393.376948        0.325227
MDMin:  296 18:57:06    -2393.377411        0.325524
MDMin:  297 18:57:07    -2393.377609        0.325939
MDMin:  298 18:57:08    -2393.377560        0.326215
MDMin:  299 18:57:09    -2393.377680        0.326446
MDMin:  300 18:57:11    -2393.377543        0.326652
MDMin:  301 18:57:12    -2393.377721        0.326852
MDMin:  302 18:57:14    -2393.377497        0.327044
MDMin:  303 18:57:16    -2393.377755        0.327236
MDMin:  304 18:57:17    -2393.377442        0.327422
MDMin:  305 18:57:18    -2393.377764        0.327610
MDMin:  306 18:57:20    -2393.377666        0.327905
MDMin:  307 18:57:21    -2393.377800        0.328124
MDMin:  308 18:57:22    -2393.377104        0.328449
MDMin:  309 18:57:23    -2393.377528        0.328682
MDMin:  310 18:57:25    -2393.377738        0.329013
MDMin:  311 18:57:27    -2393.377616        0.329237
MDMin:  312 18:57:29    -2393.377793        0.329424
MDMin:  313 18:57:31    -2393.377567        0.329592
MDMin:  314 18:57:33    -2393.377822        0.329754
MDMin:  315 18:57:34    -2393.377495        0.329909
MDMin:  316 18:57:36    -2393.377812        0.330063
MDMin:  317 18:57:37    -2393.377713        0.330303
MDMin:  318 18:57:39    -2393.377834        0.330481
MDMin:  319 18:57:41    -2393.377753        0.330637
MDMin:  320 18:57:43    -2393.377770        0.330780
MDMin:  321 18:57:44    -2393.377777        0.330919
MDMin:  322 18:57:46    -2393.377689        0.331053
MDMin:  323 18:57:47    -2393.377796        0.331185
MDMin:  324 18:57:48    -2393.377605        0.331313
MDMin:  325 18:57:50    -2393.377815        0.331439
MDMin:  326 18:57:51    -2393.377518        0.331562
MDMin:  327 18:57:53    -2393.377829        0.331682
MDMin:  328 18:57:55    -2393.377690        0.331870
MDMin:  329 18:57:57    -2393.377821        0.332008
MDMin:  330 18:57:59    -2393.377095        0.332207
MDMin:  331 18:58:00    -2393.377507        0.332346
MDMin:  332 18:58:02    -2393.377716        0.332539
MDMin:  333 18:58:04    -2393.377556        0.332667
MDMin:  334 18:58:05    -2393.377755        0.332770
MDMin:  335 18:58:07    -2393.377483        0.332862
MDMin:  336 18:58:08    -2393.377770        0.332947
MDMin:  337 18:58:10    -2393.377389        0.333028
MDMin:  338 18:58:12    -2393.377698        0.333106
MDMin:  339 18:58:14    -2393.377631        0.333225
MDMin:  340 18:58:16    -2393.377693        0.333311
MDMin:  341 18:58:18    -2393.377658        0.333383
MDMin:  342 18:58:20    -2393.377609        0.333447
MDMin:  343 18:58:22    -2393.377669        0.333507
MDMin:  344 18:58:24    -2393.377511        0.333563
MDMin:  345 18:58:26    -2393.377677        0.333617
MDMin:  346 18:58:28    -2393.377411        0.333667
MDMin:  347 18:58:29    -2393.377684        0.333714
MDMin:  348 18:58:31    -2393.377308        0.333757
MDMin:  349 18:58:33    -2393.377614        0.333798
MDMin:  350 18:58:34    -2393.377534        0.333858
MDMin:  351 18:58:35    -2393.377602        0.333898
MDMin:  352 18:58:37    -2393.377556        0.333930
MDMin:  353 18:58:38    -2393.377513        0.333956
MDMin:  354 18:58:40    -2393.377563        0.333979
MDMin:  355 18:58:41    -2393.377411        0.333998
MDMin:  356 18:58:43    -2393.377567        0.334014
MDMin:  357 18:58:45    -2393.377307        0.334028
MDMin:  358 18:58:47    -2393.377570        0.334038
MDMin:  359 18:58:49    -2393.377201        0.334044
MDMin:  360 18:58:50    -2393.377505        0.334048
MDMin:  361 18:58:51    -2393.377410        0.334049
MDMin:  362 18:58:53    -2393.377488        0.334044
MDMin:  363 18:58:55    -2393.377428        0.334035
MDMin:  364 18:58:57    -2393.377397        0.334023
MDMin:  365 18:58:58    -2393.377432        0.334008
MDMin:  366 18:59:00    -2393.377293        0.333991
MDMin:  367 18:59:01    -2393.377432        0.333970
MDMin:  368 18:59:02    -2393.377186        0.333946
MDMin:  369 18:59:04    -2393.377432        0.333919
MDMin:  370 18:59:06    -2393.377079        0.333888
MDMin:  371 18:59:08    -2393.377380        0.333855
MDMin:  372 18:59:10    -2393.377264        0.333796
MDMin:  373 18:59:12    -2393.377361        0.333745
MDMin:  374 18:59:13    -2393.377279        0.333695
MDMin:  375 18:59:14    -2393.377268        0.333645
MDMin:  376 18:59:16    -2393.377280        0.333592
MDMin:  377 18:59:17    -2393.377163        0.333536
MDMin:  378 18:59:18    -2393.377278        0.333477
MDMin:  379 18:59:20    -2393.377056        0.333416
MDMin:  380 18:59:22    -2393.377276        0.333350
MDMin:  381 18:59:24    -2393.376948        0.333282
MDMin:  382 18:59:26    -2393.377247        0.333210
MDMin:  383 18:59:28    -2393.377101        0.333088
MDMin:  384 18:59:30    -2393.377228        0.332989
MDMin:  385 18:59:32    -2393.377113        0.332896
MDMin:  386 18:59:34    -2393.377134        0.332805
MDMin:  387 18:59:35    -2393.377112        0.332711
MDMin:  388 18:59:37    -2393.377029        0.332615
MDMin:  389 18:59:38    -2393.377108        0.332515
MDMin:  390 18:59:39    -2393.376922        0.332412
MDMin:  391 18:59:41    -2393.377103        0.332305
MDMin:  392 18:59:42    -2393.376815        0.332194
MDMin:  393 18:59:43    -2393.377098        0.332080
MDMin:  394 18:59:44    -2393.376707        0.331961
MDMin:  395 18:59:46    -2393.377003        0.331839
MDMin:  396 18:59:47    -2393.376916        0.331635
MDMin:  397 18:59:48    -2393.376984        0.331471
MDMin:  398 18:59:49    -2393.376926        0.331320
MDMin:  399 18:59:51    -2393.376891        0.331173
MDMin:  400 18:59:52    -2393.376923        0.331024
MDMin:  401 18:59:53    -2393.376787        0.330872
MDMin:  402 18:59:54    -2393.376917        0.330716
MDMin:  403 18:59:56    -2393.376682        0.330555
MDMin:  404 18:59:57    -2393.376910        0.330390
MDMin:  405 18:59:58    -2393.376575        0.330220
MDMin:  406 19:00:00    -2393.376869        0.330045
MDMin:  407 19:00:01    -2393.376724        0.329754
MDMin:  408 19:00:02    -2393.376852        0.329523
MDMin:  409 19:00:04    -2393.376732        0.329311
MDMin:  410 19:00:06    -2393.376761        0.329105
MDMin:  411 19:00:08    -2393.376727        0.328897
MDMin:  412 19:00:09    -2393.376659        0.328685
MDMin:  413 19:00:11    -2393.376720        0.328468
MDMin:  414 19:00:13    -2393.376555        0.328245
MDMin:  415 19:00:15    -2393.376712        0.328017
MDMin:  416 19:00:17    -2393.376451        0.327782
MDMin:  417 19:00:18    -2393.376703        0.327542
MDMin:  418 19:00:20    -2393.376346        0.327295
MDMin:  419 19:00:21    -2393.376638        0.327041
MDMin:  420 19:00:23    -2393.376513        0.326620
MDMin:  421 19:00:24    -2393.376624        0.326287
MDMin:  422 19:00:26    -2393.376520        0.325984
MDMin:  423 19:00:27    -2393.376535        0.325689
MDMin:  424 19:00:28    -2393.376514        0.325392
MDMin:  425 19:00:29    -2393.376435        0.325090
MDMin:  426 19:00:31    -2393.376505        0.324782
MDMin:  427 19:00:33    -2393.376333        0.324467
MDMin:  428 19:00:35    -2393.376496        0.324143
MDMin:  429 19:00:37    -2393.376232        0.323812
MDMin:  430 19:00:38    -2393.376486        0.323473
MDMin:  431 19:00:40    -2393.376130        0.323126
MDMin:  432 19:00:43    -2393.376419        0.322771
MDMin:  433 19:00:44    -2393.376292        0.322180
MDMin:  434 19:00:46    -2393.376409        0.321716
MDMin:  435 19:00:48    -2393.376298        0.321295
MDMin:  436 19:00:50    -2393.376322        0.320886
MDMin:  437 19:00:52    -2393.376291        0.320476
MDMin:  438 19:00:54    -2393.376226        0.320060
MDMin:  439 19:00:56    -2393.376281        0.319636
MDMin:  440 19:00:58    -2393.376127        0.319203
MDMin:  441 19:01:00    -2393.376271        0.318760
MDMin:  442 19:01:03    -2393.376029        0.318308
MDMin:  443 19:01:05    -2393.376260        0.317846
MDMin:  444 19:01:07    -2393.375931        0.317374
MDMin:  445 19:01:09    -2393.376216        0.316893
MDMin:  446 19:01:11    -2393.376064        0.316091
MDMin:  447 19:01:13    -2393.376193        0.315468
MDMin:  448 19:01:15    -2393.375503        0.314495
MDMin:  449 19:01:16    -2393.375877        0.313779
MDMin:  450 19:01:18    -2393.376010        0.312693
MDMin:  451 19:01:20    -2393.375918        0.311918
MDMin:  452 19:01:22    -2393.376022        0.311254
MDMin:  453 19:01:24    -2393.375842        0.310626
MDMin:  454 19:01:26    -2393.376014        0.310005
MDMin:  455 19:01:28    -2393.375751        0.309380
MDMin:  456 19:01:30    -2393.376004        0.308746
MDMin:  457 19:01:31    -2393.375658        0.308102
MDMin:  458 19:01:33    -2393.375938        0.307447
MDMin:  459 19:01:35    -2393.375805        0.306357
MDMin:  460 19:01:37    -2393.375934        0.305520
MDMin:  461 19:01:39    -2393.375246        0.304214
MDMin:  462 19:01:41    -2393.375613        0.303266
MDMin:  463 19:01:43    -2393.375750        0.301829
MDMin:  464 19:01:44    -2393.375661        0.300817
MDMin:  465 19:01:46    -2393.375762        0.299955
MDMin:  466 19:01:48    -2393.375590        0.299143
MDMin:  467 19:01:50    -2393.375753        0.298341
MDMin:  468 19:01:52    -2393.375503        0.297537
MDMin:  469 19:01:54    -2393.375742        0.296725
MDMin:  470 19:01:56    -2393.375414        0.295903
MDMin:  471 19:01:58    -2393.375690        0.295071
MDMin:  472 19:02:00    -2393.375542        0.296761
MDMin:  473 19:02:02    -2393.375670        0.295433
MDMin:  474 19:02:04    -2393.375021        0.290995
MDMin:  475 19:02:05    -2393.375379        0.289825
MDMin:  476 19:02:08    -2393.375487        0.295649
MDMin:  477 19:02:10    -2393.375435        0.286817
MDMin:  478 19:02:12    -2393.375497        0.295026
MDMin:  479 19:02:13    -2393.375367        0.285460
MDMin:  480 19:02:15    -2393.375488        0.294642
MDMin:  481 19:02:16    -2393.375285        0.285505
MDMin:  482 19:02:18    -2393.375477        0.294282
MDMin:  483 19:02:20    -2393.375201        0.285570
MDMin:  484 19:02:22    -2393.375465        0.293923
MDMin:  485 19:02:24    -2393.375117        0.285644
MDMin:  486 19:02:26    -2393.375387        0.284753
MDMin:  487 19:02:28    -2393.375265        0.294763
MDMin:  488 19:02:30    -2393.375390        0.293505
MDMin:  489 19:02:31    -2393.374745        0.285998
MDMin:  490 19:02:33    -2393.375092        0.284926
MDMin:  491 19:02:34    -2393.375209        0.293709
MDMin:  492 19:02:36    -2393.375156        0.284297
MDMin:  493 19:02:37    -2393.375219        0.293125
MDMin:  494 19:02:38    -2393.375093        0.284260
MDMin:  495 19:02:39    -2393.375209        0.292766
MDMin:  496 19:02:41    -2393.375016        0.284299
MDMin:  497 19:02:43    -2393.375198        0.292428
MDMin:  498 19:02:45    -2393.374937        0.284357
MDMin:  499 19:02:47    -2393.375185        0.292089
MDMin:  500 19:02:48    -2393.374859        0.284423
MDMin:  501 19:02:49    -2393.375121        0.283534
MDMin:  502 19:02:51    -2393.374986        0.292933
MDMin:  503 19:02:52    -2393.375108        0.291716
MDMin:  504 19:02:53    -2393.374507        0.284753
MDMin:  505 19:02:54    -2393.374844        0.283686
MDMin:  506 19:02:55    -2393.374931        0.291933
MDMin:  507 19:02:57    -2393.374916        0.283039
MDMin:  508 19:02:58    -2393.374940        0.291380
MDMin:  509 19:03:00    -2393.374857        0.283000
MDMin:  510 19:03:02    -2393.374930        0.291043
MDMin:  511 19:03:04    -2393.374784        0.283033
MDMin:  512 19:03:06    -2393.374918        0.290723
MDMin:  513 19:03:08    -2393.374710        0.283083
MDMin:  514 19:03:09    -2393.374905        0.290402
MDMin:  515 19:03:12    -2393.374637        0.283141
MDMin:  516 19:03:13    -2393.374893        0.282252
MDMin:  517 19:03:15    -2393.374706        0.291266
MDMin:  518 19:03:17    -2393.374826        0.290073
MDMin:  519 19:03:19    -2393.374306        0.283449
MDMin:  520 19:03:21    -2393.374631        0.282386
MDMin:  521 19:03:23    -2393.374653        0.290309
MDMin:  522 19:03:25    -2393.374710        0.281723
MDMin:  523 19:03:27    -2393.374661        0.289783
MDMin:  524 19:03:29    -2393.374655        0.281683
MDMin:  525 19:03:31    -2393.374650        0.289464
MDMin:  526 19:03:33    -2393.374587        0.281711
MDMin:  527 19:03:34    -2393.374638        0.289160
MDMin:  528 19:03:36    -2393.374517        0.281755
MDMin:  529 19:03:38    -2393.374626        0.288855
MDMin:  530 19:03:40    -2393.374449        0.281808
MDMin:  531 19:03:42    -2393.374613        0.288547
MDMin:  532 19:03:43    -2393.374380        0.281867
MDMin:  533 19:03:44    -2393.374601        0.288239
MDMin:  534 19:03:46    -2393.374312        0.281932
MDMin:  535 19:03:47    -2393.374560        0.281060
MDMin:  536 19:03:48    -2393.374403        0.289029
MDMin:  537 19:03:50    -2393.374520        0.287930
MDMin:  538 19:03:51    -2393.374003        0.282236
MDMin:  539 19:03:52    -2393.374316        0.281197
MDMin:  540 19:03:54    -2393.374351        0.288130
MDMin:  541 19:03:55    -2393.374402        0.280531
MDMin:  542 19:03:56    -2393.374358        0.287647
MDMin:  543 19:03:57    -2393.374350        0.280492
MDMin:  544 19:03:59    -2393.374347        0.287352
MDMin:  545 19:04:00    -2393.374287        0.280516
MDMin:  546 19:04:01    -2393.374335        0.287068
MDMin:  547 19:04:03    -2393.374222        0.280553
MDMin:  548 19:04:05    -2393.374322        0.286781
MDMin:  549 19:04:07    -2393.374158        0.280598
MDMin:  550 19:04:09    -2393.374310        0.286493
MDMin:  551 19:04:11    -2393.374094        0.280648
MDMin:  552 19:04:13    -2393.374297        0.286202
MDMin:  553 19:04:15    -2393.374031        0.280704
MDMin:  554 19:04:16    -2393.374273        0.279840
MDMin:  555 19:04:18    -2393.374102        0.286988
MDMin:  556 19:04:20    -2393.374215        0.285933
MDMin:  557 19:04:22    -2393.373743        0.280975
MDMin:  558 19:04:23    -2393.374044        0.279951
MDMin:  559 19:04:25    -2393.374050        0.286138
MDMin:  560 19:04:26    -2393.374136        0.279269
MDMin:  561 19:04:28    -2393.374056        0.285687
MDMin:  562 19:04:30    -2393.374088        0.279227
MDMin:  563 19:04:31    -2393.374046        0.285411
MDMin:  564 19:04:33    -2393.374028        0.279243
MDMin:  565 19:04:35    -2393.374033        0.285143
MDMin:  566 19:04:37    -2393.373968        0.279272
MDMin:  567 19:04:39    -2393.374021        0.284873
MDMin:  568 19:04:40    -2393.373909        0.279308
MDMin:  569 19:04:42    -2393.374008        0.284601
MDMin:  570 19:04:43    -2393.373849        0.279350
MDMin:  571 19:04:44    -2393.373996        0.284327
MDMin:  572 19:04:46    -2393.373790        0.279397
MDMin:  573 19:04:48    -2393.373983        0.284050
MDMin:  574 19:04:49    -2393.373731        0.279447
MDMin:  575 19:04:50    -2393.373966        0.278592
MDMin:  576 19:04:52    -2393.373789        0.284813
MDMin:  577 19:04:53    -2393.373899        0.283812
MDMin:  578 19:04:54    -2393.373462        0.279692
MDMin:  579 19:04:56    -2393.373752        0.278685
MDMin:  580 19:04:58    -2393.373739        0.284012
MDMin:  581 19:04:59    -2393.373850        0.277990
MDMin:  582 19:05:00    -2393.373744        0.283592
MDMin:  583 19:05:02    -2393.373804        0.277947
MDMin:  584 19:05:03    -2393.373733        0.283335
MDMin:  585 19:05:04    -2393.373749        0.277956
MDMin:  586 19:05:06    -2393.373721        0.283084
MDMin:  587 19:05:08    -2393.373693        0.277977
MDMin:  588 19:05:10    -2393.373708        0.282830
MDMin:  589 19:05:11    -2393.373637        0.278005
MDMin:  590 19:05:13    -2393.373696        0.282573
MDMin:  591 19:05:15    -2393.373581        0.278039
MDMin:  592 19:05:17    -2393.373683        0.282314
MDMin:  593 19:05:19    -2393.373526        0.278077
MDMin:  594 19:05:21    -2393.373671        0.282054
MDMin:  595 19:05:23    -2393.373471        0.278119
MDMin:  596 19:05:25    -2393.373658        0.281792
MDMin:  597 19:05:27    -2393.373416        0.278163
MDMin:  598 19:05:29    -2393.373644        0.277318
MDMin:  599 19:05:31    -2393.373466        0.282531
MDMin:  600 19:05:33    -2393.373573        0.281582
MDMin:  601 19:05:35    -2393.373165        0.278379
MDMin:  602 19:05:37    -2393.373444        0.277390
MDMin:  603 19:05:39    -2393.373418        0.281777
MDMin:  604 19:05:41    -2393.373529        0.280896
MDMin:  605 19:05:43    -2393.372990        0.278381
MDMin:  606 19:05:45    -2393.373270        0.277412
MDMin:  607 19:05:47    -2393.373377        0.280935
MDMin:  608 19:05:49    -2393.373376        0.276734
MDMin:  609 19:05:51    -2393.373381        0.280567
MDMin:  610 19:05:53    -2393.373333        0.276703
MDMin:  611 19:05:55    -2393.373370        0.280332
MDMin:  612 19:05:57    -2393.373282        0.276716
MDMin:  613 19:05:58    -2393.373357        0.280099
MDMin:  614 19:06:00    -2393.373230        0.276736
MDMin:  615 19:06:02    -2393.373345        0.279862
MDMin:  616 19:06:03    -2393.373179        0.276762
MDMin:  617 19:06:04    -2393.373333        0.279622
MDMin:  618 19:06:06    -2393.373128        0.276791
MDMin:  619 19:06:08    -2393.373320        0.279380
MDMin:  620 19:06:10    -2393.373076        0.276822
MDMin:  621 19:06:12    -2393.373298        0.275985
MDMin:  622 19:06:13    -2393.373130        0.280129
MDMin:  623 19:06:15    -2393.373234        0.279213
MDMin:  624 19:06:17    -2393.372844        0.276994
MDMin:  625 19:06:18    -2393.373112        0.276020
MDMin:  626 19:06:20    -2393.373083        0.279423
MDMin:  627 19:06:21    -2393.373191        0.278576
MDMin:  628 19:06:23    -2393.372681        0.276964
MDMin:  629 19:06:25    -2393.372950        0.276009
MDMin:  630 19:06:27    -2393.373043        0.278638
MDMin:  631 19:06:29    -2393.373059        0.275314
MDMin:  632 19:06:31    -2393.373046        0.278295
MDMin:  633 19:06:33    -2393.373019        0.275278
MDMin:  634 19:06:34    -2393.373034        0.278076
MDMin:  635 19:06:36    -2393.372971        0.275282
MDMin:  636 19:06:38    -2393.373022        0.277857
MDMin:  637 19:06:40    -2393.372923        0.275293
MDMin:  638 19:06:41    -2393.373010        0.277635
MDMin:  639 19:06:43    -2393.372874        0.275309
MDMin:  640 19:06:45    -2393.372997        0.277410
MDMin:  641 19:06:47    -2393.372826        0.275329
MDMin:  642 19:06:49    -2393.372985        0.277182
MDMin:  643 19:06:50    -2393.372779        0.275352
MDMin:  644 19:06:52    -2393.372973        0.276952
MDMin:  645 19:06:53    -2393.372731        0.275378
MDMin:  646 19:06:54    -2393.372946        0.274548
MDMin:  647 19:06:56    -2393.372785        0.277692
MDMin:  648 19:06:57    -2393.372886        0.276814
MDMin:  649 19:06:58    -2393.372514        0.275520
MDMin:  650 19:07:00    -2393.372772        0.274561
MDMin:  651 19:07:03    -2393.372739        0.277028
MDMin:  652 19:07:04    -2393.372843        0.276217
MDMin:  653 19:07:06    -2393.372363        0.275469
MDMin:  654 19:07:08    -2393.372621        0.274528
MDMin:  655 19:07:10    -2393.372699        0.276294
MDMin:  656 19:07:11    -2393.372733        0.273819
MDMin:  657 19:07:13    -2393.372702        0.275975
MDMin:  658 19:07:14    -2393.372695        0.273780
MDMin:  659 19:07:15    -2393.372690        0.275770
MDMin:  660 19:07:17    -2393.372650        0.273777
MDMin:  661 19:07:18    -2393.372678        0.275565
MDMin:  662 19:07:20    -2393.372604        0.273781
MDMin:  663 19:07:22    -2393.372666        0.275356
MDMin:  664 19:07:24    -2393.372559        0.273790
MDMin:  665 19:07:26    -2393.372653        0.275144
MDMin:  666 19:07:28    -2393.372514        0.273802
MDMin:  667 19:07:30    -2393.372641        0.274930
MDMin:  668 19:07:32    -2393.372469        0.273818
MDMin:  669 19:07:34    -2393.372629        0.274713
MDMin:  670 19:07:36    -2393.372424        0.273836
MDMin:  671 19:07:37    -2393.372616        0.274495
MDMin:  672 19:07:39    -2393.372379        0.273856
MDMin:  673 19:07:41    -2393.372588        0.273032
MDMin:  674 19:07:43    -2393.372431        0.275227
MDMin:  675 19:07:46    -2393.372529        0.274383
MDMin:  676 19:07:48    -2393.372176        0.273971
MDMin:  677 19:07:50    -2393.372424        0.273025
MDMin:  678 19:07:52    -2393.372387        0.274603
MDMin:  679 19:07:54    -2393.372488        0.273824
MDMin:  680 19:07:56    -2393.372035        0.273902
MDMin:  681 19:07:58    -2393.372284        0.272974
MDMin:  682 19:08:00    -2393.372348        0.273916
MDMin:  683 19:08:02    -2393.372398        0.272252
MDMin:  684 19:08:04    -2393.372349        0.273619
MDMin:  685 19:08:06    -2393.372361        0.272210
MDMin:  686 19:08:08    -2393.372338        0.273427
MDMin:  687 19:08:10    -2393.372318        0.272201
MDMin:  688 19:08:12    -2393.372326        0.273235
MDMin:  689 19:08:14    -2393.372275        0.272198
MDMin:  690 19:08:16    -2393.372314        0.273039
MDMin:  691 19:08:18    -2393.372232        0.272199
MDMin:  692 19:08:20    -2393.372301        0.272840
MDMin:  693 19:08:22    -2393.372189        0.272205
MDMin:  694 19:08:24    -2393.372289        0.272638
MDMin:  695 19:08:26    -2393.372147        0.272213
MDMin:  696 19:08:28    -2393.372277        0.272434
MDMin:  697 19:08:30    -2393.372104        0.272224
MDMin:  698 19:08:32    -2393.372265        0.272229
MDMin:  699 19:08:34    -2393.372062        0.272237
MDMin:  700 19:08:36    -2393.372253        0.272022
MDMin:  701 19:08:37    -2393.372019        0.272252
MDMin:  702 19:08:38    -2393.372223        0.271433
MDMin:  703 19:08:40    -2393.372071        0.272752
MDMin:  704 19:08:42    -2393.372165        0.271936
MDMin:  705 19:08:44    -2393.371829        0.272340
MDMin:  706 19:08:46    -2393.372069        0.271408
MDMin:  707 19:08:48    -2393.372028        0.272164
MDMin:  708 19:08:49    -2393.372125        0.271411
MDMin:  709 19:08:50    -2393.371697        0.272256
MDMin:  710 19:08:52    -2393.371936        0.271338
MDMin:  711 19:08:53    -2393.371990        0.271521
MDMin:  712 19:08:55    -2393.372051        0.270604
MDMin:  713 19:08:56    -2393.371990        0.271244
MDMin:  714 19:08:57    -2393.372016        0.270559
MDMin:  715 19:08:59    -2393.371979        0.271064
MDMin:  716 19:09:00    -2393.371975        0.270544
MDMin:  717 19:09:01    -2393.371967        0.270883
MDMin:  718 19:09:02    -2393.371934        0.270535
MDMin:  719 19:09:03    -2393.371955        0.270699
MDMin:  720 19:09:05    -2393.371894        0.270531
MDMin:  721 19:09:06    -2393.371943        0.270512
MDMin:  722 19:09:07    -2393.371853        0.270530
MDMin:  723 19:09:08    -2393.371931        0.270322
MDMin:  724 19:09:10    -2393.371812        0.270532
MDMin:  725 19:09:11    -2393.371919        0.270130
MDMin:  726 19:09:12    -2393.371772        0.270536
MDMin:  727 19:09:13    -2393.371907        0.269936
MDMin:  728 19:09:14    -2393.371731        0.270543
MDMin:  729 19:09:16    -2393.371896        0.269741
MDMin:  730 19:09:17    -2393.371691        0.270551
MDMin:  731 19:09:18    -2393.371884        0.269545
MDMin:  732 19:09:19    -2393.371650        0.270561
MDMin:  733 19:09:21    -2393.371849        0.269746
MDMin:  734 19:09:22    -2393.371705        0.270278
MDMin:  735 19:09:23    -2393.371796        0.269485
MDMin:  736 19:09:25    -2393.371472        0.270625
MDMin:  737 19:09:27    -2393.371702        0.269703
MDMin:  738 19:09:28    -2393.371664        0.269724
MDMin:  739 19:09:29    -2393.371757        0.268992
MDMin:  740 19:09:31    -2393.371346        0.270526
MDMin:  741 19:09:33    -2393.371576        0.269618
MDMin:  742 19:09:36    -2393.371626        0.269122
MDMin:  743 19:09:38    -2393.371693        0.268871
MDMin:  744 19:09:40    -2393.371626        0.268862
MDMin:  745 19:09:41    -2393.371658        0.268825
MDMin:  746 19:09:43    -2393.371615        0.268694
MDMin:  747 19:09:45    -2393.371619        0.268804
MDMin:  748 19:09:47    -2393.371604        0.268524
MDMin:  749 19:09:49    -2393.371580        0.268790
MDMin:  750 19:09:50    -2393.371592        0.268350
MDMin:  751 19:09:51    -2393.371541        0.268780
MDMin:  752 19:09:53    -2393.371580        0.268174
MDMin:  753 19:09:54    -2393.371502        0.268773
MDMin:  754 19:09:55    -2393.371569        0.267995
MDMin:  755 19:09:56    -2393.371463        0.268769
MDMin:  756 19:09:58    -2393.371557        0.267814
MDMin:  757 19:10:00    -2393.371425        0.268768
MDMin:  758 19:10:02    -2393.371546        0.267631
MDMin:  759 19:10:04    -2393.371386        0.268770
MDMin:  760 19:10:05    -2393.371534        0.267447
MDMin:  761 19:10:06    -2393.371347        0.268772
MDMin:  762 19:10:08    -2393.371523        0.267262
MDMin:  763 19:10:09    -2393.371308        0.268776
MDMin:  764 19:10:11    -2393.371501        0.267961
MDMin:  765 19:10:13    -2393.371347        0.268023
MDMin:  766 19:10:15    -2393.371436        0.267234
MDMin:  767 19:10:17    -2393.371139        0.268818
MDMin:  768 19:10:18    -2393.371362        0.267902
MDMin:  769 19:10:20    -2393.371307        0.267496
MDMin:  770 19:10:21    -2393.371398        0.266770
MDMin:  771 19:10:22    -2393.371019        0.268708
MDMin:  772 19:10:24    -2393.371241        0.267805
MDMin:  773 19:10:25    -2393.371271        0.266927
MDMin:  774 19:10:26    -2393.371358        0.267045
MDMin:  775 19:10:27    -2393.371271        0.266681
MDMin:  776 19:10:29    -2393.371324        0.266998
MDMin:  777 19:10:30    -2393.371260        0.266521
MDMin:  778 19:10:32    -2393.371287        0.266974
MDMin:  779 19:10:33    -2393.371249        0.266359
MDMin:  780 19:10:35    -2393.371249        0.266956
MDMin:  781 19:10:36    -2393.371237        0.266195
MDMin:  782 19:10:38    -2393.371211        0.266942
MDMin:  783 19:10:39    -2393.371226        0.266027
MDMin:  784 19:10:40    -2393.371174        0.266931
MDMin:  785 19:10:42    -2393.371215        0.265857
MDMin:  786 19:10:43    -2393.371136        0.266924
MDMin:  787 19:10:45    -2393.371204        0.265685
MDMin:  788 19:10:46    -2393.371098        0.266919
MDMin:  789 19:10:48    -2393.371193        0.265512
MDMin:  790 19:10:50    -2393.371061        0.266917
MDMin:  791 19:10:52    -2393.371181        0.265337
MDMin:  792 19:10:54    -2393.371023        0.266916
MDMin:  793 19:10:55    -2393.371170        0.265161
MDMin:  794 19:10:57    -2393.370986        0.266916
MDMin:  795 19:10:58    -2393.371159        0.264984
MDMin:  796 19:11:00    -2393.370948        0.266917
MDMin:  797 19:11:02    -2393.371137        0.266102
MDMin:  798 19:11:04    -2393.370987        0.265760
MDMin:  799 19:11:06    -2393.371073        0.264981
MDMin:  800 19:11:08    -2393.370787        0.266944
MDMin:  801 19:11:10    -2393.371003        0.266034
MDMin:  802 19:11:12    -2393.370950        0.265258
MDMin:  803 19:11:14    -2393.371037        0.264540
MDMin:  804 19:11:16    -2393.370671        0.266828
MDMin:  805 19:11:17    -2393.370886        0.265930
MDMin:  806 19:11:18    -2393.370915        0.264719
MDMin:  807 19:11:20    -2393.371002        0.264064
MDMin:  808 19:11:21    -2393.370556        0.266748
MDMin:  809 19:11:23    -2393.370770        0.265862
MDMin:  810 19:11:25    -2393.370881        0.264175
MDMin:  811 19:11:27    -2393.370887        0.265109
MDMin:  812 19:11:29    -2393.370880        0.263950
MDMin:  813 19:11:31    -2393.370854        0.265068
MDMin:  814 19:11:33    -2393.370869        0.263800
MDMin:  815 19:11:35    -2393.370817        0.265046
MDMin:  816 19:11:37    -2393.370859        0.263647
MDMin:  817 19:11:38    -2393.370781        0.265029
MDMin:  818 19:11:41    -2393.370848        0.263490
MDMin:  819 19:11:43    -2393.370744        0.265015
MDMin:  820 19:11:45    -2393.370837        0.263331
MDMin:  821 19:11:47    -2393.370708        0.265003
MDMin:  822 19:11:48    -2393.370827        0.263170
MDMin:  823 19:11:50    -2393.370671        0.264994
MDMin:  824 19:11:51    -2393.370816        0.263007
MDMin:  825 19:11:53    -2393.370635        0.264987
MDMin:  826 19:11:54    -2393.370805        0.262842
MDMin:  827 19:11:56    -2393.370598        0.264981
MDMin:  828 19:11:57    -2393.370783        0.264162
MDMin:  829 19:11:59    -2393.370637        0.263674
MDMin:  830 19:12:00    -2393.370720        0.262880
MDMin:  831 19:12:01    -2393.370445        0.264985
MDMin:  832 19:12:03    -2393.370653        0.264076
MDMin:  833 19:12:04    -2393.370601        0.263192
MDMin:  834 19:12:06    -2393.370686        0.262463
MDMin:  835 19:12:08    -2393.370332        0.264858
MDMin:  836 19:12:10    -2393.370540        0.263961
MDMin:  837 19:12:12    -2393.370568        0.262677
MDMin:  838 19:12:14    -2393.370652        0.262013
MDMin:  839 19:12:16    -2393.370220        0.264769
MDMin:  840 19:12:18    -2393.370428        0.263884
MDMin:  841 19:12:19    -2393.370536        0.262160
MDMin:  842 19:12:21    -2393.370544        0.263118
MDMin:  843 19:12:22    -2393.370534        0.261944
MDMin:  844 19:12:24    -2393.370511        0.263077
MDMin:  845 19:12:26    -2393.370524        0.261799
MDMin:  846 19:12:28    -2393.370475        0.263053
MDMin:  847 19:12:30    -2393.370514        0.261653
MDMin:  848 19:12:32    -2393.370440        0.263034
MDMin:  849 19:12:33    -2393.370504        0.261503
MDMin:  850 19:12:34    -2393.370404        0.263018
MDMin:  851 19:12:36    -2393.370494        0.261350
MDMin:  852 19:12:37    -2393.370368        0.263005
MDMin:  853 19:12:39    -2393.370484        0.261196
MDMin:  854 19:12:40    -2393.370333        0.262995
MDMin:  855 19:12:42    -2393.370474        0.261040
MDMin:  856 19:12:44    -2393.370297        0.262986
MDMin:  857 19:12:46    -2393.370463        0.260882
MDMin:  858 19:12:48    -2393.370261        0.262979
MDMin:  859 19:12:50    -2393.370441        0.262154
MDMin:  860 19:12:52    -2393.370299        0.261755
MDMin:  861 19:12:54    -2393.370380        0.260949
MDMin:  862 19:12:56    -2393.370114        0.262974
MDMin:  863 19:12:58    -2393.370316        0.262066
MDMin:  864 19:13:00    -2393.370265        0.261285
MDMin:  865 19:13:02    -2393.370347        0.260548
MDMin:  866 19:13:04    -2393.370004        0.262847
MDMin:  867 19:13:06    -2393.370205        0.261950
MDMin:  868 19:13:08    -2393.370234        0.260790
MDMin:  869 19:13:10    -2393.370316        0.260117
MDMin:  870 19:13:12    -2393.369894        0.262758
MDMin:  871 19:13:14    -2393.370095        0.261872
MDMin:  872 19:13:16    -2393.370203        0.260293
MDMin:  873 19:13:18    -2393.370211        0.261096
MDMin:  874 19:13:20    -2393.370202        0.260083
MDMin:  875 19:13:22    -2393.370178        0.261056
MDMin:  876 19:13:24    -2393.370192        0.259944
MDMin:  877 19:13:26    -2393.370143        0.261033
MDMin:  878 19:13:28    -2393.370183        0.259802
MDMin:  879 19:13:30    -2393.370108        0.261014
MDMin:  880 19:13:32    -2393.370173        0.259657
MDMin:  881 19:13:34    -2393.370073        0.260999
MDMin:  882 19:13:36    -2393.370164        0.259510
MDMin:  883 19:13:38    -2393.370038        0.260986
MDMin:  884 19:13:40    -2393.370154        0.259361
MDMin:  885 19:13:42    -2393.370003        0.260975
MDMin:  886 19:13:43    -2393.370144        0.259210
MDMin:  887 19:13:44    -2393.369968        0.260966
MDMin:  888 19:13:46    -2393.370135        0.259058
MDMin:  889 19:13:47    -2393.369932        0.260959
MDMin:  890 19:13:48    -2393.370109        0.260129
MDMin:  891 19:13:50    -2393.369974        0.259968
MDMin:  892 19:13:51    -2393.370053        0.259151
MDMin:  893 19:13:53    -2393.369790        0.260950
MDMin:  894 19:13:55    -2393.369986        0.260041
MDMin:  895 19:13:57    -2393.369943        0.259508
MDMin:  896 19:13:59    -2393.370022        0.258761
MDMin:  897 19:14:01    -2393.369682        0.260827
MDMin:  898 19:14:03    -2393.369878        0.259929
MDMin:  899 19:14:04    -2393.369914        0.259028
MDMin:  900 19:14:07    -2393.369993        0.258345
MDMin:  901 19:14:09    -2393.369574        0.260741
MDMin:  902 19:14:11    -2393.369769        0.259853
MDMin:  903 19:14:13    -2393.369885        0.258547
MDMin:  904 19:14:14    -2393.369884        0.259067
MDMin:  905 19:14:15    -2393.369883        0.258343
MDMin:  906 19:14:17    -2393.369852        0.259030
MDMin:  907 19:14:19    -2393.369874        0.258207
MDMin:  908 19:14:21    -2393.369817        0.259008
MDMin:  909 19:14:23    -2393.369865        0.258069
MDMin:  910 19:14:25    -2393.369783        0.258990
MDMin:  911 19:14:27    -2393.369856        0.257928
MDMin:  912 19:14:29    -2393.369748        0.258976
MDMin:  913 19:14:31    -2393.369847        0.257785
MDMin:  914 19:14:33    -2393.369713        0.258963
MDMin:  915 19:14:35    -2393.369838        0.257640
MDMin:  916 19:14:37    -2393.369678        0.258953
MDMin:  917 19:14:38    -2393.369829        0.257494
MDMin:  918 19:14:40    -2393.369644        0.258945
MDMin:  919 19:14:41    -2393.369817        0.258107
MDMin:  920 19:14:43    -2393.369672        0.258463
MDMin:  921 19:14:44    -2393.369749        0.257620
MDMin:  922 19:14:46    -2393.369505        0.258933
MDMin:  923 19:14:47    -2393.369697        0.258020
MDMin:  924 19:14:49    -2393.369643        0.258006
MDMin:  925 19:14:51    -2393.369720        0.257237
MDMin:  926 19:14:52    -2393.369398        0.258815
MDMin:  927 19:14:54    -2393.369590        0.257912
MDMin:  928 19:14:56    -2393.369616        0.257533
MDMin:  929 19:14:58    -2393.369693        0.256831
MDMin:  930 19:15:00    -2393.369292        0.258735
MDMin:  931 19:15:01    -2393.369482        0.257841
MDMin:  932 19:15:03    -2393.369589        0.257063
MDMin:  933 19:15:05    -2393.369597        0.257045
MDMin:  934 19:15:07    -2393.369587        0.256862
MDMin:  935 19:15:09    -2393.369564        0.257012
MDMin:  936 19:15:11    -2393.369579        0.256728
MDMin:  937 19:15:13    -2393.369530        0.256993
MDMin:  938 19:15:15    -2393.369570        0.256591
MDMin:  939 19:15:17    -2393.369495        0.256978
MDMin:  940 19:15:19    -2393.369562        0.256453
MDMin:  941 19:15:21    -2393.369461        0.256965
MDMin:  942 19:15:24    -2393.369554        0.256312
MDMin:  943 19:15:26    -2393.369426        0.256955
MDMin:  944 19:15:28    -2393.369545        0.256170
MDMin:  945 19:15:30    -2393.369392        0.256947
MDMin:  946 19:15:32    -2393.369537        0.256027
MDMin:  947 19:15:33    -2393.369357        0.256942
MDMin:  948 19:15:35    -2393.369528        0.256095
MDMin:  949 19:15:37    -2393.369384        0.257037
MDMin:  950 19:15:39    -2393.369459        0.256174
MDMin:  951 19:15:41    -2393.369222        0.256934
MDMin:  952 19:15:44    -2393.369409        0.256016
MDMin:  953 19:15:45    -2393.369357        0.256580
MDMin:  954 19:15:47    -2393.369432        0.255795
MDMin:  955 19:15:49    -2393.369116        0.256827
MDMin:  956 19:15:51    -2393.369303        0.255918
MDMin:  957 19:15:52    -2393.369332        0.256113
MDMin:  958 19:15:54    -2393.369406        0.255396
MDMin:  959 19:15:55    -2393.369010        0.256755
MDMin:  960 19:15:58    -2393.369197        0.255856
MDMin:  961 19:16:00    -2393.369307        0.255651
MDMin:  962 19:16:01    -2393.369310        0.255053
MDMin:  963 19:16:03    -2393.369305        0.255453
MDMin:  964 19:16:04    -2393.369278        0.255024
MDMin:  965 19:16:07    -2393.369298        0.255319
MDMin:  966 19:16:09    -2393.369244        0.255008
MDMin:  967 19:16:11    -2393.369290        0.255184
MDMin:  968 19:16:13    -2393.369209        0.254995
MDMin:  969 19:16:15    -2393.369282        0.255046
MDMin:  970 19:16:17    -2393.369175        0.254986
MDMin:  971 19:16:19    -2393.369274        0.254908
MDMin:  972 19:16:21    -2393.369141        0.254979
MDMin:  973 19:16:23    -2393.369266        0.254768
MDMin:  974 19:16:24    -2393.369106        0.254974
MDMin:  975 19:16:26    -2393.369259        0.254626
MDMin:  976 19:16:27    -2393.369072        0.254971
MDMin:  977 19:16:28    -2393.369240        0.254116
MDMin:  978 19:16:30    -2393.369110        0.255672
MDMin:  979 19:16:31    -2393.369183        0.254793
MDMin:  980 19:16:33    -2393.368939        0.254969
MDMin:  981 19:16:35    -2393.369123        0.254047
MDMin:  982 19:16:37    -2393.369085        0.255215
MDMin:  983 19:16:39    -2393.369158        0.254415
MDMin:  984 19:16:41    -2393.368834        0.254873
MDMin:  985 19:16:43    -2393.369018        0.253959
MDMin:  986 19:16:45    -2393.369062        0.254753
MDMin:  987 19:16:47    -2393.369130        0.253133
MDMin:  988 19:16:48    -2393.369061        0.254547
MDMin:  989 19:16:50    -2393.369098        0.253103
MDMin:  990 19:16:52    -2393.369053        0.254411
MDMin:  991 19:16:54    -2393.369064        0.253085
MDMin:  992 19:16:55    -2393.369046        0.254274
MDMin:  993 19:16:57    -2393.369030        0.253071
MDMin:  994 19:16:59    -2393.369039        0.254136
MDMin:  995 19:17:01    -2393.368996        0.253062
MDMin:  996 19:17:03    -2393.369032        0.253997
MDMin:  997 19:17:05    -2393.368962        0.253055
MDMin:  998 19:17:07    -2393.369024        0.253857
MDMin:  999 19:17:08    -2393.368927        0.253051
MDMin:  1000 19:17:10    -2393.369017        0.253716
MDMin:  1001 19:17:12    -2393.368893        0.253050
MDMin:  1002 19:17:14    -2393.369010        0.253575
MDMin:  1003 19:17:16    -2393.368859        0.253050
MDMin:  1004 19:17:19    -2393.369003        0.253434
MDMin:  1005 19:17:21    -2393.368825        0.253052
MDMin:  1006 19:17:22    -2393.368990        0.252189
MDMin:  1007 19:17:24    -2393.368858        0.254506
MDMin:  1008 19:17:26    -2393.368929        0.253612
MDMin:  1009 19:17:28    -2393.368694        0.253065
MDMin:  1010 19:17:31    -2393.368874        0.252136
MDMin:  1011 19:17:33    -2393.368835        0.254046
MDMin:  1012 19:17:35    -2393.368907        0.253232
MDMin:  1013 19:17:37    -2393.368589        0.252984
MDMin:  1014 19:17:39    -2393.368770        0.252064
MDMin:  1015 19:17:41    -2393.368814        0.253585
MDMin:  1016 19:17:43    -2393.368881        0.251233
MDMin:  1017 19:17:45    -2393.368813        0.253380
MDMin:  1018 19:17:47    -2393.368849        0.251208
MDMin:  1019 19:17:49    -2393.368806        0.253243
MDMin:  1020 19:17:51    -2393.368815        0.251195
MDMin:  1021 19:17:53    -2393.368800        0.253105
MDMin:  1022 19:17:55    -2393.368781        0.251186
MDMin:  1023 19:17:57    -2393.368793        0.252967
MDMin:  1024 19:17:59    -2393.368747        0.251181
MDMin:  1025 19:18:01    -2393.368787        0.252828
MDMin:  1026 19:18:03    -2393.368713        0.251179
MDMin:  1027 19:18:05    -2393.368780        0.252689
MDMin:  1028 19:18:07    -2393.368679        0.251179
MDMin:  1029 19:18:09    -2393.368774        0.252548
MDMin:  1030 19:18:10    -2393.368644        0.251181
MDMin:  1031 19:18:11    -2393.368767        0.252408
MDMin:  1032 19:18:13    -2393.368610        0.251185
MDMin:  1033 19:18:15    -2393.368761        0.252267
MDMin:  1034 19:18:17    -2393.368576        0.251191
MDMin:  1035 19:18:19    -2393.368740        0.250319
MDMin:  1036 19:18:21    -2393.368619        0.253370
MDMin:  1037 19:18:23    -2393.368689        0.252460
MDMin:  1038 19:18:25    -2393.368447        0.251215
MDMin:  1039 19:18:27    -2393.368625        0.250279
MDMin:  1040 19:18:29    -2393.368599        0.252908
MDMin:  1041 19:18:31    -2393.368669        0.252078
MDMin:  1042 19:18:33    -2393.368342        0.251147
MDMin:  1043 19:18:35    -2393.368520        0.250220
MDMin:  1044 19:18:37    -2393.368580        0.252446
MDMin:  1045 19:18:39    -2393.368631        0.249383
MDMin:  1046 19:18:41    -2393.368579        0.252241
MDMin:  1047 19:18:43    -2393.368599        0.249363
MDMin:  1048 19:18:45    -2393.368573        0.252103
MDMin:  1049 19:18:46    -2393.368565        0.249354
MDMin:  1050 19:18:48    -2393.368567        0.251965
MDMin:  1051 19:18:49    -2393.368531        0.249349
MDMin:  1052 19:18:51    -2393.368561        0.251827
MDMin:  1053 19:18:52    -2393.368497        0.249348
MDMin:  1054 19:18:54    -2393.368555        0.251688
MDMin:  1055 19:18:56    -2393.368463        0.249349
MDMin:  1056 19:18:58    -2393.368550        0.251548
MDMin:  1057 19:18:59    -2393.368428        0.249353
MDMin:  1058 19:19:01    -2393.368544        0.251409
MDMin:  1059 19:19:03    -2393.368394        0.249359
MDMin:  1060 19:19:04    -2393.368538        0.251269
MDMin:  1061 19:19:06    -2393.368360        0.249366
MDMin:  1062 19:19:07    -2393.368522        0.248484
MDMin:  1063 19:19:09    -2393.368400        0.252425
MDMin:  1064 19:19:10    -2393.368468        0.251482
MDMin:  1065 19:19:12    -2393.368232        0.249398
MDMin:  1066 19:19:14    -2393.368408        0.248453
MDMin:  1067 19:19:16    -2393.368381        0.251952
MDMin:  1068 19:19:18    -2393.368450        0.251096
MDMin:  1069 19:19:20    -2393.368128        0.249343
MDMin:  1070 19:19:22    -2393.368304        0.248406
MDMin:  1071 19:19:24    -2393.368364        0.251486
MDMin:  1072 19:19:26    -2393.368414        0.247563
MDMin:  1073 19:19:28    -2393.368364        0.251278
MDMin:  1074 19:19:30    -2393.368381        0.247548
MDMin:  1075 19:19:32    -2393.368359        0.251138
MDMin:  1076 19:19:33    -2393.368347        0.247543
MDMin:  1077 19:19:34    -2393.368354        0.250998
MDMin:  1078 19:19:35    -2393.368314        0.247543
MDMin:  1079 19:19:36    -2393.368348        0.250858
MDMin:  1080 19:19:38    -2393.368280        0.247546
MDMin:  1081 19:19:39    -2393.368343        0.250718
MDMin:  1082 19:19:41    -2393.368245        0.247552
MDMin:  1083 19:19:42    -2393.368338        0.250577
MDMin:  1084 19:19:43    -2393.368211        0.247560
MDMin:  1085 19:19:45    -2393.368333        0.250437
MDMin:  1086 19:19:46    -2393.368177        0.247570
MDMin:  1087 19:19:48    -2393.368328        0.250297
MDMin:  1088 19:19:49    -2393.368143        0.247581
MDMin:  1089 19:19:51    -2393.368304        0.246689
MDMin:  1090 19:19:52    -2393.368193        0.251486
MDMin:  1091 19:19:54    -2393.368260        0.250523
MDMin:  1092 19:19:56    -2393.368016        0.247628
MDMin:  1093 19:19:58    -2393.368190        0.246674
MDMin:  1094 19:20:00    -2393.368176        0.251007
MDMin:  1095 19:20:02    -2393.368244        0.250131
MDMin:  1096 19:20:04    -2393.367912        0.247587
MDMin:  1097 19:20:06    -2393.368086        0.246641
MDMin:  1098 19:20:08    -2393.368161        0.250537
MDMin:  1099 19:20:10    -2393.368196        0.245794
MDMin:  1100 19:20:12    -2393.368161        0.250326
MDMin:  1101 19:20:14    -2393.368163        0.245784
MDMin:  1102 19:20:16    -2393.368157        0.250184
MDMin:  1103 19:20:18    -2393.368129        0.245785
MDMin:  1104 19:20:20    -2393.368152        0.250042
MDMin:  1105 19:20:22    -2393.368095        0.245789
MDMin:  1106 19:20:24    -2393.368148        0.249901
MDMin:  1107 19:20:26    -2393.368061        0.245797
MDMin:  1108 19:20:28    -2393.368143        0.249759
MDMin:  1109 19:20:30    -2393.368027        0.245807
MDMin:  1110 19:20:32    -2393.368138        0.249618
MDMin:  1111 19:20:34    -2393.367993        0.245820
MDMin:  1112 19:20:36    -2393.368134        0.249477
MDMin:  1113 19:20:38    -2393.367959        0.245834
MDMin:  1114 19:20:40    -2393.368118        0.244931
MDMin:  1115 19:20:42    -2393.368002        0.250721
MDMin:  1116 19:20:44    -2393.368069        0.249722
MDMin:  1117 19:20:46    -2393.367832        0.245892
MDMin:  1118 19:20:48    -2393.368005        0.244928
MDMin:  1119 19:20:50    -2393.367988        0.250227
MDMin:  1120 19:20:52    -2393.368055        0.249321
MDMin:  1121 19:20:54    -2393.367728        0.245866
MDMin:  1122 19:20:56    -2393.367901        0.244909
MDMin:  1123 19:20:58    -2393.367974        0.249748
MDMin:  1124 19:21:00    -2393.368010        0.244056
MDMin:  1125 19:21:02    -2393.367975        0.249532
MDMin:  1126 19:21:03    -2393.367977        0.244052
MDMin:  1127 19:21:04    -2393.367971        0.249386
MDMin:  1128 19:21:06    -2393.367944        0.244058
MDMin:  1129 19:21:07    -2393.367967        0.249242
MDMin:  1130 19:21:08    -2393.367910        0.244068
MDMin:  1131 19:21:09    -2393.367963        0.249097
MDMin:  1132 19:21:11    -2393.367876        0.244081
MDMin:  1133 19:21:12    -2393.367959        0.248954
MDMin:  1134 19:21:14    -2393.367842        0.244096
MDMin:  1135 19:21:16    -2393.367955        0.248810
MDMin:  1136 19:21:18    -2393.367807        0.244114
MDMin:  1137 19:21:20    -2393.367951        0.248668
MDMin:  1138 19:21:22    -2393.367773        0.244133
MDMin:  1139 19:21:24    -2393.367932        0.243220
MDMin:  1140 19:21:26    -2393.367823        0.249945
MDMin:  1141 19:21:28    -2393.367888        0.248922
MDMin:  1142 19:21:29    -2393.367648        0.244210
MDMin:  1143 19:21:30    -2393.367819        0.243235
MDMin:  1144 19:21:32    -2393.367810        0.249439
MDMin:  1145 19:21:34    -2393.367876        0.248512
MDMin:  1146 19:21:36    -2393.367544        0.244201
MDMin:  1147 19:21:38    -2393.367715        0.243233
MDMin:  1148 19:21:40    -2393.367799        0.248953
MDMin:  1149 19:21:42    -2393.367824        0.242376
MDMin:  1150 19:21:44    -2393.367800        0.248733
MDMin:  1151 19:21:46    -2393.367791        0.242379
MDMin:  1152 19:21:48    -2393.367796        0.248585
MDMin:  1153 19:21:49    -2393.367757        0.242390
MDMin:  1154 19:21:51    -2393.367793        0.248437
MDMin:  1155 19:21:52    -2393.367723        0.242406
MDMin:  1156 19:21:54    -2393.367789        0.248291
MDMin:  1157 19:21:56    -2393.367689        0.242424
MDMin:  1158 19:21:58    -2393.367786        0.248145
MDMin:  1159 19:22:00    -2393.367655        0.242444
MDMin:  1160 19:22:02    -2393.367783        0.248000
MDMin:  1161 19:22:04    -2393.367621        0.242467
MDMin:  1162 19:22:05    -2393.367779        0.247856
MDMin:  1163 19:22:07    -2393.367587        0.242491
MDMin:  1164 19:22:08    -2393.367745        0.241568
MDMin:  1165 19:22:10    -2393.367654        0.249158
MDMin:  1166 19:22:12    -2393.367719        0.248116
MDMin:  1167 19:22:14    -2393.367462        0.242587
MDMin:  1168 19:22:16    -2393.367632        0.241601
MDMin:  1169 19:22:17    -2393.367643        0.248643
MDMin:  1170 19:22:19    -2393.367708        0.247699
MDMin:  1171 19:22:21    -2393.367358        0.242594
MDMin:  1172 19:22:23    -2393.367529        0.241615
MDMin:  1173 19:22:25    -2393.367634        0.248151
MDMin:  1174 19:22:27    -2393.367637        0.240756
MDMin:  1175 19:22:29    -2393.367635        0.247927
MDMin:  1176 19:22:31    -2393.367604        0.240763
MDMin:  1177 19:22:33    -2393.367633        0.247776
MDMin:  1178 19:22:35    -2393.367570        0.240780
MDMin:  1179 19:22:37    -2393.367630        0.247627
MDMin:  1180 19:22:39    -2393.367536        0.240801
MDMin:  1181 19:22:41    -2393.367627        0.247478
MDMin:  1182 19:22:43    -2393.367502        0.240824
MDMin:  1183 19:22:45    -2393.367624        0.247331
MDMin:  1184 19:22:47    -2393.367468        0.240849
MDMin:  1185 19:22:49    -2393.367621        0.247184
MDMin:  1186 19:22:51    -2393.367434        0.240876
MDMin:  1187 19:22:53    -2393.367592        0.239942
MDMin:  1188 19:22:55    -2393.367499        0.248538
MDMin:  1189 19:22:57    -2393.367563        0.247459
MDMin:  1190 19:22:58    -2393.367310        0.240987
MDMin:  1191 19:23:00    -2393.367480        0.239989
MDMin:  1192 19:23:02    -2393.367490        0.248005
MDMin:  1193 19:23:04    -2393.367554        0.247030
MDMin:  1194 19:23:06    -2393.367206        0.241009
MDMin:  1195 19:23:08    -2393.367376        0.240017
MDMin:  1196 19:23:10    -2393.367482        0.247500
MDMin:  1197 19:23:12    -2393.367484        0.239154
MDMin:  1198 19:23:14    -2393.367484        0.247270
MDMin:  1199 19:23:16    -2393.367452        0.239167
MDMin:  1200 19:23:19    -2393.367482        0.247114
MDMin:  1201 19:23:21    -2393.367418        0.239189
MDMin:  1202 19:23:23    -2393.367480        0.246961
MDMin:  1203 19:23:25    -2393.367384        0.239215
MDMin:  1204 19:23:26    -2393.367477        0.246809
MDMin:  1205 19:23:28    -2393.367350        0.239244
MDMin:  1206 19:23:29    -2393.367475        0.246659
MDMin:  1207 19:23:31    -2393.367316        0.239275
MDMin:  1208 19:23:32    -2393.367473        0.246510
MDMin:  1209 19:23:33    -2393.367282        0.239307
MDMin:  1210 19:23:35    -2393.367440        0.238362
MDMin:  1211 19:23:37    -2393.367354        0.247892
MDMin:  1212 19:23:40    -2393.367417        0.246790
MDMin:  1213 19:23:42    -2393.367158        0.239438
MDMin:  1214 19:23:44    -2393.367328        0.238429
MDMin:  1215 19:23:46    -2393.367346        0.247347
MDMin:  1216 19:23:48    -2393.367410        0.246351
MDMin:  1217 19:23:50    -2393.367054        0.239478
MDMin:  1218 19:23:52    -2393.367224        0.238474
MDMin:  1219 19:23:54    -2393.367340        0.246833
MDMin:  1220 19:23:55    -2393.367332        0.237609
MDMin:  1221 19:23:57    -2393.367343        0.246597
MDMin:  1222 19:23:59    -2393.367300        0.237628
MDMin:  1223 19:24:01    -2393.367341        0.246438
MDMin:  1224 19:24:03    -2393.367266        0.237656
MDMin:  1225 19:24:05    -2393.367339        0.246281
MDMin:  1226 19:24:07    -2393.367232        0.237688
MDMin:  1227 19:24:09    -2393.367337        0.246127
MDMin:  1228 19:24:11    -2393.367198        0.237722
MDMin:  1229 19:24:13    -2393.367336        0.245974
MDMin:  1230 19:24:15    -2393.367165        0.237758
MDMin:  1231 19:24:17    -2393.367322        0.236801
MDMin:  1232 19:24:19    -2393.367219        0.247412
MDMin:  1233 19:24:21    -2393.367282        0.246267
MDMin:  1234 19:24:23    -2393.367040        0.237907
MDMin:  1235 19:24:25    -2393.367210        0.236884
MDMin:  1236 19:24:27    -2393.367213        0.246844
MDMin:  1237 19:24:29    -2393.367276        0.245812
MDMin:  1238 19:24:31    -2393.366937        0.237964
MDMin:  1239 19:24:33    -2393.367108        0.236946
MDMin:  1240 19:24:35    -2393.367209        0.246313
MDMin:  1241 19:24:37    -2393.367215        0.236078
MDMin:  1242 19:24:39    -2393.367212        0.246068
MDMin:  1243 19:24:40    -2393.367183        0.236103
MDMin:  1244 19:24:42    -2393.367211        0.245904
MDMin:  1245 19:24:44    -2393.367149        0.236138
MDMin:  1246 19:24:46    -2393.367209        0.245743
MDMin:  1247 19:24:47    -2393.367116        0.236176
MDMin:  1248 19:24:49    -2393.367208        0.245584
MDMin:  1249 19:24:51    -2393.367082        0.236216
MDMin:  1250 19:24:53    -2393.367207        0.245428
MDMin:  1251 19:24:55    -2393.367049        0.236258
MDMin:  1252 19:24:57    -2393.367206        0.245273
MDMin:  1253 19:24:59    -2393.367015        0.236302
MDMin:  1254 19:25:01    -2393.367172        0.235336
MDMin:  1255 19:25:02    -2393.367092        0.246704
MDMin:  1256 19:25:04    -2393.367154        0.245558
MDMin:  1257 19:25:05    -2393.366891        0.236479
MDMin:  1258 19:25:07    -2393.367061        0.235444
MDMin:  1259 19:25:09    -2393.367088        0.246134
MDMin:  1260 19:25:11    -2393.367150        0.245099
MDMin:  1261 19:25:13    -2393.366788        0.236556
MDMin:  1262 19:25:15    -2393.366959        0.235526
MDMin:  1263 19:25:17    -2393.367085        0.245601
MDMin:  1264 19:25:19    -2393.367066        0.234657
MDMin:  1265 19:25:21    -2393.367089        0.245353
MDMin:  1266 19:25:23    -2393.367034        0.234688
MDMin:  1267 19:25:24    -2393.367088        0.245187
MDMin:  1268 19:25:26    -2393.367001        0.234729
MDMin:  1269 19:25:28    -2393.367087        0.245025
MDMin:  1270 19:25:30    -2393.366967        0.234772
MDMin:  1271 19:25:32    -2393.367087        0.244865
MDMin:  1272 19:25:34    -2393.366934        0.234817
MDMin:  1273 19:25:36    -2393.367086        0.244708
MDMin:  1274 19:25:38    -2393.366901        0.234865
MDMin:  1275 19:25:40    -2393.367058        0.233888
MDMin:  1276 19:25:42    -2393.366975        0.246180
MDMin:  1277 19:25:43    -2393.367036        0.245000
MDMin:  1278 19:25:45    -2393.366777        0.235059
MDMin:  1279 19:25:47    -2393.366947        0.234011
MDMin:  1280 19:25:49    -2393.366972        0.245592
MDMin:  1281 19:25:51    -2393.367034        0.244528
MDMin:  1282 19:25:53    -2393.366675        0.235151
MDMin:  1283 19:25:55    -2393.366846        0.234106
MDMin:  1284 19:25:57    -2393.366971        0.245045
MDMin:  1285 19:25:59    -2393.366954        0.233236
MDMin:  1286 19:26:01    -2393.366975        0.244789
MDMin:  1287 19:26:03    -2393.366922        0.233272
MDMin:  1288 19:26:05    -2393.366975        0.244619
MDMin:  1289 19:26:07    -2393.366889        0.233317
MDMin:  1290 19:26:09    -2393.366975        0.244453
MDMin:  1291 19:26:11    -2393.366856        0.233366
MDMin:  1292 19:26:13    -2393.366975        0.244290
MDMin:  1293 19:26:16    -2393.366823        0.233417
MDMin:  1294 19:26:17    -2393.366974        0.244130
MDMin:  1295 19:26:19    -2393.366789        0.233469
MDMin:  1296 19:26:21    -2393.366947        0.232481
MDMin:  1297 19:26:23    -2393.366866        0.245624
MDMin:  1298 19:26:25    -2393.366927        0.244422
MDMin:  1299 19:26:27    -2393.366666        0.233686
MDMin:  1300 19:26:29    -2393.366837        0.232624
MDMin:  1301 19:26:31    -2393.366865        0.245023
MDMin:  1302 19:26:33    -2393.366926        0.243940
MDMin:  1303 19:26:35    -2393.366564        0.233794
MDMin:  1304 19:26:37    -2393.366737        0.232737
MDMin:  1305 19:26:39    -2393.366865        0.244466
MDMin:  1306 19:26:41    -2393.366845        0.231865
MDMin:  1307 19:26:42    -2393.366870        0.244204
MDMin:  1308 19:26:44    -2393.366813        0.231906
MDMin:  1309 19:26:46    -2393.366870        0.244031
MDMin:  1310 19:26:48    -2393.366781        0.231957
MDMin:  1311 19:26:50    -2393.366870        0.243862
MDMin:  1312 19:26:52    -2393.366748        0.232011
MDMin:  1313 19:26:54    -2393.366871        0.243697
MDMin:  1314 19:26:56    -2393.366715        0.232067
MDMin:  1315 19:26:58    -2393.366871        0.243534
MDMin:  1316 19:27:00    -2393.366682        0.232125
MDMin:  1317 19:27:02    -2393.366841        0.231127
MDMin:  1318 19:27:04    -2393.366765        0.245041
MDMin:  1319 19:27:06    -2393.366826        0.243824
MDMin:  1320 19:27:08    -2393.366559        0.232365
MDMin:  1321 19:27:10    -2393.366731        0.231290
MDMin:  1322 19:27:11    -2393.366766        0.244432
MDMin:  1323 19:27:13    -2393.366826        0.243334
MDMin:  1324 19:27:15    -2393.366458        0.232490
MDMin:  1325 19:27:16    -2393.366631        0.231418
MDMin:  1326 19:27:18    -2393.366767        0.243868
MDMin:  1327 19:27:19    -2393.366740        0.230545
MDMin:  1328 19:27:21    -2393.366773        0.243600
MDMin:  1329 19:27:23    -2393.366709        0.230592
MDMin:  1330 19:27:24    -2393.366773        0.243424
MDMin:  1331 19:27:26    -2393.366677        0.230648
MDMin:  1332 19:27:27    -2393.366774        0.243253
MDMin:  1333 19:27:29    -2393.366644        0.230707
MDMin:  1334 19:27:31    -2393.366775        0.243086
MDMin:  1335 19:27:33    -2393.366612        0.230768
MDMin:  1336 19:27:35    -2393.366771        0.229759
MDMin:  1337 19:27:37    -2393.366671        0.244643
MDMin:  1338 19:27:38    -2393.366731        0.243383
MDMin:  1339 19:27:40    -2393.366489        0.231027
MDMin:  1340 19:27:41    -2393.366663        0.229937
MDMin:  1341 19:27:43    -2393.366673        0.244009
MDMin:  1342 19:27:45    -2393.366734        0.242876
MDMin:  1343 19:27:47    -2393.366390        0.231167
MDMin:  1344 19:27:48    -2393.366564        0.230081
MDMin:  1345 19:27:49    -2393.366676        0.243426
MDMin:  1346 19:27:51    -2393.366674        0.229206
MDMin:  1347 19:27:52    -2393.366682        0.243148
MDMin:  1348 19:27:54    -2393.366643        0.229258
MDMin:  1349 19:27:56    -2393.366683        0.242967
MDMin:  1350 19:27:58    -2393.366611        0.229320
MDMin:  1351 19:28:00    -2393.366685        0.242792
MDMin:  1352 19:28:02    -2393.366579        0.229385
MDMin:  1353 19:28:04    -2393.366686        0.242620
MDMin:  1354 19:28:05    -2393.366547        0.229452
MDMin:  1355 19:28:06    -2393.366687        0.242451
MDMin:  1356 19:28:08    -2393.366515        0.229520
MDMin:  1357 19:28:10    -2393.366675        0.228501
MDMin:  1358 19:28:12    -2393.366586        0.243992
MDMin:  1359 19:28:14    -2393.366646        0.242737
MDMin:  1360 19:28:16    -2393.366392        0.229807
MDMin:  1361 19:28:18    -2393.366568        0.228704
MDMin:  1362 19:28:20    -2393.366589        0.243361
MDMin:  1363 19:28:22    -2393.366649        0.242230
MDMin:  1364 19:28:24    -2393.366294        0.229966
MDMin:  1365 19:28:25    -2393.366470        0.228866
MDMin:  1366 19:28:27    -2393.366594        0.242779
MDMin:  1367 19:28:28    -2393.366581        0.227992
MDMin:  1368 19:28:30    -2393.366600        0.242498
MDMin:  1369 19:28:32    -2393.366551        0.228049
MDMin:  1370 19:28:34    -2393.366602        0.242317
MDMin:  1371 19:28:36    -2393.366519        0.228116
MDMin:  1372 19:28:38    -2393.366604        0.242141
MDMin:  1373 19:28:40    -2393.366488        0.228186
MDMin:  1374 19:28:42    -2393.366606        0.241969
MDMin:  1375 19:28:44    -2393.366456        0.228257
MDMin:  1376 19:28:46    -2393.366607        0.241800
MDMin:  1377 19:28:48    -2393.366425        0.228329
MDMin:  1378 19:28:50    -2393.366586        0.227302
MDMin:  1379 19:28:51    -2393.366509        0.243336
MDMin:  1380 19:28:52    -2393.366568        0.242078
MDMin:  1381 19:28:54    -2393.366303        0.228637
MDMin:  1382 19:28:55    -2393.366480        0.227521
MDMin:  1383 19:28:56    -2393.366513        0.242705
MDMin:  1384 19:28:57    -2393.366573        0.241571
MDMin:  1385 19:28:59    -2393.366206        0.228809
MDMin:  1386 19:29:00    -2393.366384        0.227695
MDMin:  1387 19:29:02    -2393.366519        0.242122
MDMin:  1388 19:29:03    -2393.366496        0.226821
MDMin:  1389 19:29:05    -2393.366526        0.241837
MDMin:  1390 19:29:07    -2393.366466        0.226881
MDMin:  1391 19:29:08    -2393.366529        0.241656
MDMin:  1392 19:29:10    -2393.366435        0.226952
MDMin:  1393 19:29:11    -2393.366531        0.241479
MDMin:  1394 19:29:13    -2393.366405        0.227025
MDMin:  1395 19:29:15    -2393.366533        0.241307
MDMin:  1396 19:29:17    -2393.366374        0.227100
MDMin:  1397 19:29:19    -2393.366536        0.241137
MDMin:  1398 19:29:21    -2393.366343        0.227175
MDMin:  1399 19:29:23    -2393.366505        0.226139
MDMin:  1400 19:29:25    -2393.366439        0.242672
MDMin:  1401 19:29:27    -2393.366498        0.241410
MDMin:  1402 19:29:29    -2393.366222        0.227502
MDMin:  1403 19:29:31    -2393.366401        0.226372
MDMin:  1404 19:29:33    -2393.366445        0.242040
MDMin:  1405 19:29:35    -2393.366505        0.240902
MDMin:  1406 19:29:37    -2393.366127        0.227684
MDMin:  1407 19:29:39    -2393.366307        0.226557
MDMin:  1408 19:29:40    -2393.366453        0.241455
MDMin:  1409 19:29:42    -2393.366420        0.225682
MDMin:  1410 19:29:44    -2393.366461        0.241167
MDMin:  1411 19:29:46    -2393.366392        0.225745
MDMin:  1412 19:29:48    -2393.366463        0.240985
MDMin:  1413 19:29:50    -2393.366361        0.225819
MDMin:  1414 19:29:52    -2393.366466        0.240808
MDMin:  1415 19:29:54    -2393.366331        0.225895
MDMin:  1416 19:29:56    -2393.366469        0.240635
MDMin:  1417 19:29:58    -2393.366301        0.225973
MDMin:  1418 19:30:00    -2393.366465        0.224926
MDMin:  1419 19:30:02    -2393.366374        0.242210
MDMin:  1420 19:30:03    -2393.366433        0.240912
MDMin:  1421 19:30:05    -2393.366182        0.226316
MDMin:  1422 19:30:07    -2393.366362        0.225172
MDMin:  1423 19:30:09    -2393.366382        0.241558
MDMin:  1424 19:30:11    -2393.366441        0.240391
MDMin:  1425 19:30:12    -2393.366089        0.226510
MDMin:  1426 19:30:14    -2393.366271        0.225367
MDMin:  1427 19:30:16    -2393.366391        0.240959
MDMin:  1428 19:30:18    -2393.366386        0.224492
MDMin:  1429 19:30:19    -2393.366399        0.240662
MDMin:  1430 19:30:20    -2393.366358        0.224558
MDMin:  1431 19:30:22    -2393.366402        0.240476
MDMin:  1432 19:30:23    -2393.366329        0.224637
MDMin:  1433 19:30:25    -2393.366405        0.240296
MDMin:  1434 19:30:27    -2393.366299        0.224718
MDMin:  1435 19:30:29    -2393.366408        0.240120
MDMin:  1436 19:30:31    -2393.366270        0.224800
MDMin:  1437 19:30:33    -2393.366412        0.239948
MDMin:  1438 19:30:35    -2393.366240        0.224883
MDMin:  1439 19:30:37    -2393.366406        0.223828
MDMin:  1440 19:30:39    -2393.366319        0.241496
MDMin:  1441 19:30:41    -2393.366378        0.240212
MDMin:  1442 19:30:42    -2393.366122        0.225250
MDMin:  1443 19:30:44    -2393.366305        0.224093
MDMin:  1444 19:30:47    -2393.366328        0.240854
MDMin:  1445 19:30:48    -2393.366387        0.239697
MDMin:  1446 19:30:50    -2393.366033        0.225457
MDMin:  1447 19:30:52    -2393.366217        0.224302
MDMin:  1448 19:30:54    -2393.366338        0.240259
MDMin:  1449 19:30:56    -2393.366333        0.223427
MDMin:  1450 19:30:57    -2393.366347        0.239962
MDMin:  1451 19:30:58    -2393.366306        0.223496
MDMin:  1452 19:31:00    -2393.366351        0.239778
MDMin:  1453 19:31:01    -2393.366278        0.223579
MDMin:  1454 19:31:02    -2393.366354        0.239599
MDMin:  1455 19:31:04    -2393.366249        0.223663
MDMin:  1456 19:31:06    -2393.366358        0.239424
MDMin:  1457 19:31:07    -2393.366221        0.223748
MDMin:  1458 19:31:09    -2393.366362        0.239253
MDMin:  1459 19:31:11    -2393.366193        0.223834
MDMin:  1460 19:31:12    -2393.366360        0.222771
MDMin:  1461 19:31:14    -2393.366272        0.240788
MDMin:  1462 19:31:15    -2393.366330        0.239508
MDMin:  1463 19:31:16    -2393.366076        0.224218
MDMin:  1464 19:31:18    -2393.366262        0.223049
MDMin:  1465 19:31:20    -2393.366282        0.240151
MDMin:  1466 19:31:22    -2393.366341        0.238997
MDMin:  1467 19:31:24    -2393.365990        0.224435
MDMin:  1468 19:31:26    -2393.366176        0.223266
MDMin:  1469 19:31:28    -2393.366294        0.239559
MDMin:  1470 19:31:30    -2393.366295        0.222391
MDMin:  1471 19:31:31    -2393.366303        0.239260
MDMin:  1472 19:31:33    -2393.366269        0.222462
MDMin:  1473 19:31:35    -2393.366307        0.239076
MDMin:  1474 19:31:37    -2393.366242        0.222547
MDMin:  1475 19:31:39    -2393.366311        0.238898
MDMin:  1476 19:31:41    -2393.366215        0.222634
MDMin:  1477 19:31:43    -2393.366315        0.238724
MDMin:  1478 19:31:45    -2393.366187        0.222721
MDMin:  1479 19:31:47    -2393.366319        0.238553
MDMin:  1480 19:31:49    -2393.366160        0.222810
MDMin:  1481 19:31:51    -2393.366323        0.238386
MDMin:  1482 19:31:53    -2393.366133        0.222898
MDMin:  1483 19:31:55    -2393.366302        0.221828
MDMin:  1484 19:31:57    -2393.366236        0.239872
MDMin:  1485 19:31:58    -2393.366294        0.238625
MDMin:  1486 19:32:00    -2393.366018        0.223298
MDMin:  1487 19:32:02    -2393.366207        0.222116
MDMin:  1488 19:32:05    -2393.366248        0.239257
MDMin:  1489 19:32:07    -2393.366306        0.238129
MDMin:  1490 19:32:09    -2393.365936        0.223518
MDMin:  1491 19:32:11    -2393.366126        0.222338
MDMin:  1492 19:32:13    -2393.366261        0.238678
MDMin:  1493 19:32:14    -2393.366247        0.221462
MDMin:  1494 19:32:16    -2393.366271        0.238383
MDMin:  1495 19:32:17    -2393.366223        0.221534
MDMin:  1496 19:32:19    -2393.366275        0.238203
MDMin:  1497 19:32:20    -2393.366197        0.221619
MDMin:  1498 19:32:22    -2393.366280        0.238029
MDMin:  1499 19:32:24    -2393.366171        0.221706
MDMin:  1500 19:32:26    -2393.366284        0.237859
MDMin:  1501 19:32:28    -2393.366145        0.221794
MDMin:  1502 19:32:30    -2393.366289        0.237692
MDMin:  1503 19:32:32    -2393.366119        0.221883
MDMin:  1504 19:32:34    -2393.366290        0.220804
MDMin:  1505 19:32:36    -2393.366203        0.239191
MDMin:  1506 19:32:38    -2393.366261        0.237931
MDMin:  1507 19:32:40    -2393.366007        0.222291
MDMin:  1508 19:32:42    -2393.366199        0.221097
MDMin:  1509 19:32:44    -2393.366216        0.238571
MDMin:  1510 19:32:46    -2393.366274        0.237435
MDMin:  1511 19:32:48    -2393.365928        0.222516
MDMin:  1512 19:32:50    -2393.366122        0.221323
MDMin:  1513 19:32:52    -2393.366230        0.237990
MDMin:  1514 19:32:54    -2393.366246        0.220446
MDMin:  1515 19:32:55    -2393.366241        0.237691
MDMin:  1516 19:32:57    -2393.366223        0.220518
MDMin:  1517 19:32:58    -2393.366246        0.237511
MDMin:  1518 19:33:00    -2393.366199        0.220606
MDMin:  1519 19:33:01    -2393.366251        0.237337
MDMin:  1520 19:33:04    -2393.366174        0.220694
MDMin:  1521 19:33:05    -2393.366255        0.237167
MDMin:  1522 19:33:08    -2393.366149        0.220784
MDMin:  1523 19:33:10    -2393.366260        0.237000
MDMin:  1524 19:33:12    -2393.366125        0.220875
MDMin:  1525 19:33:14    -2393.366265        0.236836
MDMin:  1526 19:33:16    -2393.366100        0.220965
MDMin:  1527 19:33:18    -2393.366270        0.236674
MDMin:  1528 19:33:20    -2393.366076        0.221056
MDMin:  1529 19:33:22    -2393.366251        0.219973
MDMin:  1530 19:33:24    -2393.366188        0.238095
MDMin:  1531 19:33:25    -2393.366245        0.236891
MDMin:  1532 19:33:27    -2393.365968        0.221477
MDMin:  1533 19:33:28    -2393.366164        0.220274
MDMin:  1534 19:33:29    -2393.366202        0.237509
MDMin:  1535 19:33:30    -2393.366260        0.236418
MDMin:  1536 19:33:32    -2393.365894        0.221703
MDMin:  1537 19:33:33    -2393.366091        0.220500
MDMin:  1538 19:33:35    -2393.366217        0.236951
MDMin:  1539 19:33:36    -2393.366219        0.219623
MDMin:  1540 19:33:38    -2393.366228        0.236661
MDMin:  1541 19:33:40    -2393.366199        0.219694
MDMin:  1542 19:33:42    -2393.366234        0.236488
MDMin:  1543 19:33:44    -2393.366176        0.219780
MDMin:  1544 19:33:46    -2393.366239        0.236320
MDMin:  1545 19:33:48    -2393.366153        0.219867
MDMin:  1546 19:33:50    -2393.366245        0.236156
MDMin:  1547 19:33:52    -2393.366130        0.219956
MDMin:  1548 19:33:54    -2393.366250        0.235994
MDMin:  1549 19:33:56    -2393.366108        0.220044
MDMin:  1550 19:33:58    -2393.366255        0.235835
MDMin:  1551 19:33:59    -2393.366085        0.220133
MDMin:  1552 19:34:01    -2393.366261        0.235678
MDMin:  1553 19:34:02    -2393.366063        0.220222
MDMin:  1554 19:34:04    -2393.366241        0.219135
MDMin:  1555 19:34:06    -2393.366180        0.237059
MDMin:  1556 19:34:08    -2393.366237        0.235884
MDMin:  1557 19:34:10    -2393.365959        0.220647
MDMin:  1558 19:34:12    -2393.366159        0.219434
MDMin:  1559 19:34:13    -2393.366196        0.236493
MDMin:  1560 19:34:14    -2393.366253        0.235428
MDMin:  1561 19:34:16    -2393.365891        0.220868
MDMin:  1562 19:34:18    -2393.366093        0.219655
MDMin:  1563 19:34:20    -2393.366213        0.235950
MDMin:  1564 19:34:22    -2393.366225        0.218777
MDMin:  1565 19:34:24    -2393.366224        0.235664
MDMin:  1566 19:34:26    -2393.366206        0.218845
MDMin:  1567 19:34:28    -2393.366230        0.235496
MDMin:  1568 19:34:30    -2393.366186        0.218929
MDMin:  1569 19:34:32    -2393.366236        0.235334
MDMin:  1570 19:34:34    -2393.366165        0.219015
MDMin:  1571 19:34:36    -2393.366242        0.235174
MDMin:  1572 19:34:37    -2393.366145        0.219101
MDMin:  1573 19:34:39    -2393.366247        0.235017
MDMin:  1574 19:34:40    -2393.366124        0.219189
MDMin:  1575 19:34:42    -2393.366253        0.234861
MDMin:  1576 19:34:43    -2393.366104        0.219276
MDMin:  1577 19:34:44    -2393.366259        0.234708
MDMin:  1578 19:34:46    -2393.366084        0.219363
MDMin:  1579 19:34:47    -2393.366265        0.218271
MDMin:  1580 19:34:48    -2393.366181        0.236060
MDMin:  1581 19:34:49    -2393.366237        0.234907
MDMin:  1582 19:34:51    -2393.365984        0.219791
MDMin:  1583 19:34:53    -2393.366189        0.218569
MDMin:  1584 19:34:54    -2393.366197        0.235510
MDMin:  1585 19:34:56    -2393.366254        0.234465
MDMin:  1586 19:34:58    -2393.365924        0.220010
MDMin:  1587 19:35:00    -2393.366130        0.218787
MDMin:  1588 19:35:02    -2393.366215        0.234979
MDMin:  1589 19:35:04    -2393.366267        0.217908
MDMin:  1590 19:35:06    -2393.366227        0.234697
MDMin:  1591 19:35:08    -2393.366251        0.217974
MDMin:  1592 19:35:11    -2393.366234        0.234534
MDMin:  1593 19:35:13    -2393.366233        0.218057
MDMin:  1594 19:35:15    -2393.366240        0.234375
MDMin:  1595 19:35:17    -2393.366214        0.218142
MDMin:  1596 19:35:19    -2393.366246        0.234219
MDMin:  1597 19:35:21    -2393.366196        0.218227
MDMin:  1598 19:35:23    -2393.366252        0.234066
MDMin:  1599 19:35:26    -2393.366178        0.218314
MDMin:  1600 19:35:28    -2393.366258        0.233914
MDMin:  1601 19:35:30    -2393.366160        0.218400
MDMin:  1602 19:35:31    -2393.366264        0.233765
MDMin:  1603 19:35:33    -2393.366142        0.218487
MDMin:  1604 19:35:35    -2393.366271        0.233617
MDMin:  1605 19:35:36    -2393.366125        0.218573
MDMin:  1606 19:35:37    -2393.366277        0.233470
MDMin:  1607 19:35:39    -2393.366107        0.218659
MDMin:  1608 19:35:41    -2393.366283        0.233324
MDMin:  1609 19:35:43    -2393.366090        0.218743
MDMin:  1610 19:35:45    -2393.366275        0.217650
MDMin:  1611 19:35:48    -2393.366207        0.234557
MDMin:  1612 19:35:49    -2393.366263        0.233492
MDMin:  1613 19:35:52    -2393.365997        0.219169
MDMin:  1614 19:35:54    -2393.366208        0.217941
MDMin:  1615 19:35:56    -2393.366225        0.234055
MDMin:  1616 19:35:58    -2393.366282        0.233085
MDMin:  1617 19:36:00    -2393.365946        0.219374
MDMin:  1618 19:36:02    -2393.366158        0.218146
MDMin:  1619 19:36:04    -2393.366245        0.233559
MDMin:  1620 19:36:05    -2393.366301        0.217265
MDMin:  1621 19:36:06    -2393.366258        0.233294
MDMin:  1622 19:36:08    -2393.366289        0.217324
MDMin:  1623 19:36:09    -2393.366264        0.233142
MDMin:  1624 19:36:11    -2393.366274        0.217401
MDMin:  1625 19:36:13    -2393.366271        0.232994
MDMin:  1626 19:36:15    -2393.366259        0.217480
MDMin:  1627 19:36:17    -2393.366277        0.232848
MDMin:  1628 19:36:19    -2393.366244        0.217560
MDMin:  1629 19:36:21    -2393.366284        0.232704
MDMin:  1630 19:36:22    -2393.366229        0.217640
MDMin:  1631 19:36:24    -2393.366290        0.232561
MDMin:  1632 19:36:26    -2393.366214        0.217721
MDMin:  1633 19:36:28    -2393.366297        0.232419
MDMin:  1634 19:36:30    -2393.366200        0.217802
MDMin:  1635 19:36:31    -2393.366304        0.232278
MDMin:  1636 19:36:32    -2393.366185        0.217882
MDMin:  1637 19:36:34    -2393.366310        0.232138
MDMin:  1638 19:36:35    -2393.366171        0.217962
MDMin:  1639 19:36:36    -2393.366317        0.231999
MDMin:  1640 19:36:38    -2393.366157        0.218041
MDMin:  1641 19:36:39    -2393.366324        0.231861
MDMin:  1642 19:36:40    -2393.366143        0.218119
MDMin:  1643 19:36:42    -2393.366331        0.231723
MDMin:  1644 19:36:44    -2393.366130        0.218196
MDMin:  1645 19:36:46    -2393.366321        0.217104
MDMin:  1646 19:36:48    -2393.366257        0.232846
MDMin:  1647 19:36:50    -2393.366313        0.231866
MDMin:  1648 19:36:52    -2393.366046        0.218605
MDMin:  1649 19:36:53    -2393.366264        0.217373
MDMin:  1650 19:36:54    -2393.366277        0.232390
MDMin:  1651 19:36:55    -2393.366333        0.231494
MDMin:  1652 19:36:57    -2393.366007        0.218786
MDMin:  1653 19:36:59    -2393.366226        0.217553
MDMin:  1654 19:37:01    -2393.366298        0.231931
MDMin:  1655 19:37:03    -2393.366354        0.231118
MDMin:  1656 19:37:05    -2393.365970        0.218970
MDMin:  1657 19:37:07    -2393.366191        0.217740
MDMin:  1658 19:37:09    -2393.366319        0.231490
MDMin:  1659 19:37:11    -2393.366344        0.216863
MDMin:  1660 19:37:12    -2393.366332        0.231258
MDMin:  1661 19:37:13    -2393.366336        0.217018
MDMin:  1662 19:37:15    -2393.366339        0.231125
MDMin:  1663 19:37:16    -2393.366326        0.217170
MDMin:  1664 19:37:17    -2393.366346        0.230994
MDMin:  1665 19:37:19    -2393.366315        0.217323
MDMin:  1666 19:37:20    -2393.366353        0.230864
MDMin:  1667 19:37:22    -2393.366305        0.217476
MDMin:  1668 19:37:24    -2393.366360        0.230734
MDMin:  1669 19:37:26    -2393.366295        0.217629
MDMin:  1670 19:37:28    -2393.366367        0.230604
MDMin:  1671 19:37:30    -2393.366285        0.217782
MDMin:  1672 19:37:31    -2393.366375        0.230475
MDMin:  1673 19:37:33    -2393.366276        0.217936
MDMin:  1674 19:37:35    -2393.366382        0.230345
MDMin:  1675 19:37:36    -2393.366266        0.218089
MDMin:  1676 19:37:38    -2393.366389        0.230216
MDMin:  1677 19:37:40    -2393.366257        0.218243
MDMin:  1678 19:37:41    -2393.366396        0.230087
MDMin:  1679 19:37:42    -2393.366248        0.218398
MDMin:  1680 19:37:44    -2393.366403        0.229959
MDMin:  1681 19:37:45    -2393.366239        0.218552
MDMin:  1682 19:37:47    -2393.366410        0.229831
MDMin:  1683 19:37:49    -2393.366231        0.218708
MDMin:  1684 19:37:51    -2393.366418        0.229703
MDMin:  1685 19:37:52    -2393.366223        0.218863
MDMin:  1686 19:37:53    -2393.366421        0.219186
MDMin:  1687 19:37:55    -2393.366347        0.230702
MDMin:  1688 19:37:56    -2393.366402        0.229821
MDMin:  1689 19:37:57    -2393.366152        0.219279
MDMin:  1690 19:37:58    -2393.366379        0.219647
MDMin:  1691 19:38:00    -2393.366368        0.230299
MDMin:  1692 19:38:02    -2393.366424        0.229493
MDMin:  1693 19:38:03    -2393.366129        0.219776
MDMin:  1694 19:38:05    -2393.366358        0.220149
MDMin:  1695 19:38:07    -2393.366390        0.229884
MDMin:  1696 19:38:09    -2393.366446        0.229153
MDMin:  1697 19:38:10    -2393.366109        0.220280
MDMin:  1698 19:38:11    -2393.366340        0.220657
MDMin:  1699 19:38:13    -2393.366413        0.229481
MDMin:  1700 19:38:14    -2393.366469        0.228810
MDMin:  1701 19:38:15    -2393.366092        0.220788
MDMin:  1702 19:38:16    -2393.366324        0.221170
MDMin:  1703 19:38:18    -2393.366436        0.229087
MDMin:  1704 19:38:20    -2393.366490        0.221654
MDMin:  1705 19:38:22    -2393.366450        0.228886
MDMin:  1706 19:38:23    -2393.366490        0.221837
MDMin:  1707 19:38:24    -2393.366457        0.228771
MDMin:  1708 19:38:25    -2393.366486        0.222013
MDMin:  1709 19:38:27    -2393.366464        0.228657
MDMin:  1710 19:38:28    -2393.366482        0.222189
MDMin:  1711 19:38:30    -2393.366472        0.228542
MDMin:  1712 19:38:31    -2393.366478        0.222366
MDMin:  1713 19:38:33    -2393.366479        0.228427
MDMin:  1714 19:38:35    -2393.366475        0.222543
MDMin:  1715 19:38:37    -2393.366486        0.228311
MDMin:  1716 19:38:38    -2393.366472        0.222720
MDMin:  1717 19:38:39    -2393.366494        0.228195
MDMin:  1718 19:38:40    -2393.366469        0.222898
MDMin:  1719 19:38:42    -2393.366501        0.228078
MDMin:  1720 19:38:43    -2393.366466        0.223077
MDMin:  1721 19:38:45    -2393.366509        0.227962
MDMin:  1722 19:38:46    -2393.366464        0.223256
MDMin:  1723 19:38:48    -2393.366516        0.227845
MDMin:  1724 19:38:50    -2393.366462        0.223435
MDMin:  1725 19:38:52    -2393.366524        0.227728
MDMin:  1726 19:38:54    -2393.366460        0.223615
MDMin:  1727 19:38:56    -2393.366531        0.227611
MDMin:  1728 19:38:58    -2393.366458        0.223795
MDMin:  1729 19:39:00    -2393.366539        0.227493
MDMin:  1730 19:39:02    -2393.366457        0.223976
MDMin:  1731 19:39:03    -2393.366547        0.227376
MDMin:  1732 19:39:05    -2393.366456        0.224158
MDMin:  1733 19:39:06    -2393.366554        0.227259
MDMin:  1734 19:39:07    -2393.366456        0.224340
MDMin:  1735 19:39:09    -2393.366562        0.227142
MDMin:  1736 19:39:10    -2393.366455        0.224523
MDMin:  1737 19:39:12    -2393.366569        0.227026
MDMin:  1738 19:39:14    -2393.366455        0.224707
MDMin:  1739 19:39:16    -2393.366577        0.226909
MDMin:  1740 19:39:18    -2393.366455        0.224891
MDMin:  1741 19:39:20    -2393.366585        0.226793
MDMin:  1742 19:39:22    -2393.366456        0.225076
MDMin:  1743 19:39:24    -2393.366592        0.226677
MDMin:  1744 19:39:26    -2393.366457        0.225262
MDMin:  1745 19:39:28    -2393.366600        0.226561
MDMin:  1746 19:39:30    -2393.366458        0.225448
MDMin:  1747 19:39:32    -2393.366608        0.226445
MDMin:  1748 19:39:34    -2393.366459        0.225635
MDMin:  1749 19:39:36    -2393.366616        0.226330
MDMin:  1750 19:39:38    -2393.366461        0.225823
MDMin:  1751 19:39:40    -2393.366623        0.226216
MDMin:  1752 19:39:42    -2393.366463        0.226012
MDMin:  1753 19:39:43    -2393.366631        0.226101
MDMin:  1754 19:39:44    -2393.366465        0.226201
MDMin:  1755 19:39:46    -2393.366639        0.225987
MDMin:  1756 19:39:47    -2393.366468        0.226391
MDMin:  1757 19:39:49    -2393.366647        0.225874
MDMin:  1758 19:39:51    -2393.366471        0.226582
MDMin:  1759 19:39:52    -2393.366655        0.225761
MDMin:  1760 19:39:54    -2393.366474        0.226774
MDMin:  1761 19:39:56    -2393.366663        0.225648
MDMin:  1762 19:39:58    -2393.366478        0.226966
MDMin:  1763 19:40:00    -2393.366670        0.225536
MDMin:  1764 19:40:02    -2393.366482        0.227160
MDMin:  1765 19:40:04    -2393.366678        0.225424
MDMin:  1766 19:40:06    -2393.366486        0.227354
MDMin:  1767 19:40:08    -2393.366686        0.225313
MDMin:  1768 19:40:10    -2393.366490        0.227549
MDMin:  1769 19:40:12    -2393.366694        0.225203
MDMin:  1770 19:40:13    -2393.366495        0.227745
MDMin:  1771 19:40:14    -2393.366702        0.225093
MDMin:  1772 19:40:15    -2393.366500        0.227942
MDMin:  1773 19:40:17    -2393.366710        0.224983
MDMin:  1774 19:40:19    -2393.366506        0.228140
MDMin:  1775 19:40:21    -2393.366718        0.224874
MDMin:  1776 19:40:23    -2393.366512        0.228339
MDMin:  1777 19:40:25    -2393.366726        0.224766
MDMin:  1778 19:40:27    -2393.366518        0.228538
MDMin:  1779 19:40:29    -2393.366734        0.224658
MDMin:  1780 19:40:31    -2393.366524        0.228739
MDMin:  1781 19:40:32    -2393.366741        0.224551
MDMin:  1782 19:40:34    -2393.366531        0.228940
MDMin:  1783 19:40:36    -2393.366749        0.229349
MDMin:  1784 19:40:38    -2393.366676        0.225200
MDMin:  1785 19:40:40    -2393.366730        0.224600
MDMin:  1786 19:40:41    -2393.366498        0.229472
MDMin:  1787 19:40:43    -2393.366750        0.229944
MDMin:  1788 19:40:45    -2393.366698        0.224938
MDMin:  1789 19:40:46    -2393.366753        0.224387
MDMin:  1790 19:40:48    -2393.366522        0.230119
MDMin:  1791 19:40:50    -2393.366777        0.230599
MDMin:  1792 19:40:52    -2393.366722        0.224645
MDMin:  1793 19:40:53    -2393.366777        0.224148
MDMin:  1794 19:40:55    -2393.366551        0.230777
MDMin:  1795 19:40:56    -2393.366807        0.231264
MDMin:  1796 19:40:57    -2393.366746        0.224349
MDMin:  1797 19:40:59    -2393.366801        0.223895
MDMin:  1798 19:41:00    -2393.366582        0.231445
MDMin:  1799 19:41:01    -2393.366841        0.231938
MDMin:  1800 19:41:03    -2393.366770        0.224052
MDMin:  1801 19:41:05    -2393.366826        0.223631
MDMin:  1802 19:41:06    -2393.366617        0.232121
MDMin:  1803 19:41:07    -2393.366874        0.223370
MDMin:  1804 19:41:09    -2393.366658        0.232396
MDMin:  1805 19:41:10    -2393.366883        0.223201
MDMin:  1806 19:41:12    -2393.366671        0.232614
MDMin:  1807 19:41:14    -2393.366891        0.223043
MDMin:  1808 19:41:15    -2393.366684        0.232831
MDMin:  1809 19:41:17    -2393.366899        0.222893
MDMin:  1810 19:41:18    -2393.366697        0.233049
MDMin:  1811 19:41:20    -2393.366907        0.222751
MDMin:  1812 19:41:22    -2393.366711        0.233269
MDMin:  1813 19:41:24    -2393.366916        0.222615
MDMin:  1814 19:41:25    -2393.366725        0.233489
MDMin:  1815 19:41:27    -2393.366924        0.222484
MDMin:  1816 19:41:29    -2393.366739        0.233710
MDMin:  1817 19:41:31    -2393.366932        0.222358
MDMin:  1818 19:41:33    -2393.366754        0.233933
MDMin:  1819 19:41:35    -2393.366940        0.222236
MDMin:  1820 19:41:37    -2393.366769        0.234157
MDMin:  1821 19:41:38    -2393.366948        0.222118
MDMin:  1822 19:41:40    -2393.366784        0.234381
MDMin:  1823 19:41:42    -2393.366956        0.222003
MDMin:  1824 19:41:44    -2393.366800        0.234607
MDMin:  1825 19:41:46    -2393.366964        0.221891
MDMin:  1826 19:41:48    -2393.366817        0.234834
MDMin:  1827 19:41:50    -2393.366972        0.221781
MDMin:  1828 19:41:52    -2393.366833        0.235062
MDMin:  1829 19:41:54    -2393.366980        0.221674
MDMin:  1830 19:41:55    -2393.366850        0.235292
MDMin:  1831 19:41:56    -2393.366988        0.221569
MDMin:  1832 19:41:57    -2393.366868        0.235522
MDMin:  1833 19:41:59    -2393.366996        0.221466
MDMin:  1834 19:42:01    -2393.366885        0.235754
MDMin:  1835 19:42:02    -2393.367004        0.221365
MDMin:  1836 19:42:03    -2393.366904        0.235986
MDMin:  1837 19:42:05    -2393.367012        0.221265
MDMin:  1838 19:42:06    -2393.366922        0.236220
MDMin:  1839 19:42:07    -2393.367020        0.221167
MDMin:  1840 19:42:09    -2393.366941        0.236455
MDMin:  1841 19:42:10    -2393.367028        0.221071
MDMin:  1842 19:42:11    -2393.366961        0.236691
MDMin:  1843 19:42:12    -2393.367036        0.220976
MDMin:  1844 19:42:14    -2393.366980        0.236928
MDMin:  1845 19:42:16    -2393.367043        0.220882
MDMin:  1846 19:42:18    -2393.367000        0.237167
MDMin:  1847 19:42:20    -2393.367051        0.220789
MDMin:  1848 19:42:22    -2393.367021        0.237406
MDMin:  1849 19:42:24    -2393.367059        0.220697
MDMin:  1850 19:42:25    -2393.367042        0.237647
MDMin:  1851 19:42:27    -2393.367067        0.220607
MDMin:  1852 19:42:28    -2393.367063        0.237888
MDMin:  1853 19:42:29    -2393.367075        0.220517
MDMin:  1854 19:42:31    -2393.367085        0.238131
MDMin:  1855 19:42:32    -2393.367083        0.220429
MDMin:  1856 19:42:34    -2393.367107        0.238375
MDMin:  1857 19:42:35    -2393.367091        0.220341
MDMin:  1858 19:42:37    -2393.367129        0.238620
MDMin:  1859 19:42:38    -2393.367099        0.220254
MDMin:  1860 19:42:39    -2393.367145        0.220225
MDMin:  1861 19:42:41    -2393.366764        0.238427
MDMin:  1862 19:42:42    -2393.367037        0.238974
MDMin:  1863 19:42:43    -2393.367109        0.219939
MDMin:  1864 19:42:44    -2393.367164        0.219841
MDMin:  1865 19:42:46    -2393.366827        0.239157
MDMin:  1866 19:42:47    -2393.367108        0.239726
MDMin:  1867 19:42:48    -2393.367134        0.219637
MDMin:  1868 19:42:49    -2393.367189        0.219522
MDMin:  1869 19:42:51    -2393.366905        0.239926
MDMin:  1870 19:42:52    -2393.367188        0.240504
MDMin:  1871 19:42:53    -2393.367159        0.219362
MDMin:  1872 19:42:55    -2393.367214        0.219238
MDMin:  1873 19:42:56    -2393.366987        0.240709
MDMin:  1874 19:42:57    -2393.367262        0.219128
MDMin:  1875 19:42:59    -2393.367049        0.241033
MDMin:  1876 19:43:00    -2393.367271        0.218940
MDMin:  1877 19:43:01    -2393.367079        0.241287
MDMin:  1878 19:43:03    -2393.367280        0.218765
MDMin:  1879 19:43:04    -2393.367107        0.241539
MDMin:  1880 19:43:05    -2393.367288        0.218604
MDMin:  1881 19:43:07    -2393.367136        0.241792
MDMin:  1882 19:43:08    -2393.367296        0.218455
MDMin:  1883 19:43:09    -2393.367166        0.242047
MDMin:  1884 19:43:11    -2393.367304        0.218317
MDMin:  1885 19:43:12    -2393.367195        0.242303
MDMin:  1886 19:43:14    -2393.367312        0.218187
MDMin:  1887 19:43:16    -2393.367226        0.242561
MDMin:  1888 19:43:18    -2393.367320        0.218066
MDMin:  1889 19:43:19    -2393.367256        0.242820
MDMin:  1890 19:43:21    -2393.367328        0.217951
MDMin:  1891 19:43:22    -2393.367288        0.243080
MDMin:  1892 19:43:24    -2393.367336        0.217842
MDMin:  1893 19:43:26    -2393.367319        0.243342
MDMin:  1894 19:43:28    -2393.367343        0.217738
MDMin:  1895 19:43:30    -2393.367351        0.243605
MDMin:  1896 19:43:32    -2393.367351        0.217639
MDMin:  1897 19:43:33    -2393.367384        0.243869
MDMin:  1898 19:43:35    -2393.367359        0.217544
MDMin:  1899 19:43:37    -2393.367406        0.217649
MDMin:  1900 19:43:39    -2393.367028        0.243659
MDMin:  1901 19:43:41    -2393.367315        0.244255
MDMin:  1902 19:43:43    -2393.367369        0.217155
MDMin:  1903 19:43:45    -2393.367424        0.217207
MDMin:  1904 19:43:47    -2393.367121        0.244447
MDMin:  1905 19:43:48    -2393.367418        0.245070
MDMin:  1906 19:43:49    -2393.367394        0.216854
MDMin:  1907 19:43:51    -2393.367449        0.216878
MDMin:  1908 19:43:52    -2393.367231        0.245280
MDMin:  1909 19:43:54    -2393.367496        0.216827
MDMin:  1910 19:43:56    -2393.367305        0.245630
MDMin:  1911 19:43:57    -2393.367506        0.216625
MDMin:  1912 19:43:59    -2393.367344        0.245901
MDMin:  1913 19:44:00    -2393.367514        0.216438
MDMin:  1914 19:44:02    -2393.367382        0.246170
MDMin:  1915 19:44:03    -2393.367522        0.216268
MDMin:  1916 19:44:04    -2393.367420        0.246440
MDMin:  1917 19:44:05    -2393.367530        0.216114
MDMin:  1918 19:44:07    -2393.367459        0.246712
MDMin:  1919 19:44:08    -2393.367537        0.215973
MDMin:  1920 19:44:09    -2393.367498        0.246986
MDMin:  1921 19:44:10    -2393.367545        0.215843
MDMin:  1922 19:44:12    -2393.367538        0.247260
MDMin:  1923 19:44:14    -2393.367553        0.215723
MDMin:  1924 19:44:16    -2393.367578        0.247536
MDMin:  1925 19:44:18    -2393.367561        0.215612
MDMin:  1926 19:44:19    -2393.367607        0.215810
MDMin:  1927 19:44:20    -2393.367230        0.247312
MDMin:  1928 19:44:21    -2393.367529        0.247943
MDMin:  1929 19:44:23    -2393.367570        0.215143
MDMin:  1930 19:44:25    -2393.367626        0.215303
MDMin:  1931 19:44:27    -2393.367346        0.248135
MDMin:  1932 19:44:29    -2393.367655        0.248795
MDMin:  1933 19:44:31    -2393.367595        0.214829
MDMin:  1934 19:44:33    -2393.367650        0.214954
MDMin:  1935 19:44:34    -2393.367481        0.249008
MDMin:  1936 19:44:36    -2393.367697        0.214944
MDMin:  1937 19:44:38    -2393.367566        0.249377
MDMin:  1938 19:44:40    -2393.367706        0.214736
MDMin:  1939 19:44:42    -2393.367613        0.249661
MDMin:  1940 19:44:44    -2393.367714        0.214543
MDMin:  1941 19:44:45    -2393.367659        0.249943
MDMin:  1942 19:44:47    -2393.367722        0.214370
MDMin:  1943 19:44:49    -2393.367705        0.250226
MDMin:  1944 19:44:50    -2393.367730        0.214215
MDMin:  1945 19:44:52    -2393.367752        0.250510
MDMin:  1946 19:44:54    -2393.367737        0.214075
MDMin:  1947 19:44:56    -2393.367784        0.214351
MDMin:  1948 19:44:58    -2393.367411        0.250272
MDMin:  1949 19:45:00    -2393.367719        0.250931
MDMin:  1950 19:45:02    -2393.367746        0.213503
MDMin:  1951 19:45:04    -2393.367802        0.213756
MDMin:  1952 19:45:05    -2393.367547        0.251120
MDMin:  1953 19:45:07    -2393.367848        0.213743
MDMin:  1954 19:45:09    -2393.367639        0.251498
MDMin:  1955 19:45:11    -2393.367857        0.213490
MDMin:  1956 19:45:12    -2393.367692        0.251787
MDMin:  1957 19:45:14    -2393.367865        0.213260
MDMin:  1958 19:45:15    -2393.367743        0.252073
MDMin:  1959 19:45:17    -2393.367873        0.213056
MDMin:  1960 19:45:18    -2393.367795        0.252360
MDMin:  1961 19:45:19    -2393.367881        0.212876
MDMin:  1962 19:45:21    -2393.367848        0.252649
MDMin:  1963 19:45:22    -2393.367888        0.212715
MDMin:  1964 19:45:24    -2393.367900        0.252940
MDMin:  1965 19:45:25    -2393.367896        0.212572
MDMin:  1966 19:45:27    -2393.367942        0.212895
MDMin:  1967 19:45:29    -2393.367567        0.252688
MDMin:  1968 19:45:31    -2393.367883        0.253370
MDMin:  1969 19:45:33    -2393.367904        0.211970
MDMin:  1970 19:45:34    -2393.367960        0.212285
MDMin:  1971 19:45:36    -2393.367720        0.253552
MDMin:  1972 19:45:38    -2393.368005        0.212295
MDMin:  1973 19:45:39    -2393.367820        0.253941
MDMin:  1974 19:45:40    -2393.368015        0.212040
MDMin:  1975 19:45:42    -2393.367880        0.254237
MDMin:  1976 19:45:43    -2393.368023        0.211809
MDMin:  1977 19:45:45    -2393.367937        0.254529
MDMin:  1978 19:45:47    -2393.368030        0.211605
MDMin:  1979 19:45:49    -2393.367996        0.254823
MDMin:  1980 19:45:51    -2393.368038        0.211427
MDMin:  1981 19:45:52    -2393.368054        0.255118
MDMin:  1982 19:45:54    -2393.368045        0.211270
MDMin:  1983 19:45:56    -2393.368092        0.211637
MDMin:  1984 19:45:57    -2393.367728        0.254853
MDMin:  1985 19:45:58    -2393.368051        0.255555
MDMin:  1986 19:46:00    -2393.368053        0.210614
MDMin:  1987 19:46:01    -2393.368109        0.210987
MDMin:  1988 19:46:03    -2393.367898        0.255729
MDMin:  1989 19:46:05    -2393.368154        0.211010
MDMin:  1990 19:46:06    -2393.368006        0.256128
MDMin:  1991 19:46:08    -2393.368164        0.210749
MDMin:  1992 19:46:10    -2393.368071        0.256429
MDMin:  1993 19:46:12    -2393.368171        0.210512
MDMin:  1994 19:46:13    -2393.368135        0.256726
MDMin:  1995 19:46:15    -2393.368179        0.210306
MDMin:  1996 19:46:17    -2393.368199        0.257024
MDMin:  1997 19:46:18    -2393.368186        0.210126
MDMin:  1998 19:46:20    -2393.368233        0.210536
MDMin:  1999 19:46:21    -2393.367879        0.256746
MDMin:  2000 19:46:22    -2393.368210        0.257466
MDMin:  2001 19:46:24    -2393.368193        0.209398
MDMin:  2002 19:46:26    -2393.368250        0.209826
MDMin:  2003 19:46:28    -2393.368065        0.257630
MDMin:  2004 19:46:30    -2393.368294        0.209854
MDMin:  2005 19:46:32    -2393.368181        0.258036
MDMin:  2006 19:46:34    -2393.368304        0.209583
MDMin:  2007 19:46:36    -2393.368252        0.258341
MDMin:  2008 19:46:38    -2393.368311        0.209338
MDMin:  2009 19:46:39    -2393.368321        0.258641
MDMin:  2010 19:46:41    -2393.368319        0.209126
MDMin:  2011 19:46:43    -2393.368365        0.209574
MDMin:  2012 19:46:44    -2393.368008        0.258350
MDMin:  2013 19:46:46    -2393.368345        0.259085
MDMin:  2014 19:46:47    -2393.368325        0.208300
MDMin:  2015 19:46:48    -2393.368382        0.208783
MDMin:  2016 19:46:49    -2393.368209        0.259237
MDMin:  2017 19:46:51    -2393.368426        0.208806
MDMin:  2018 19:46:52    -2393.368332        0.259649
MDMin:  2019 19:46:53    -2393.368435        0.208521
MDMin:  2020 19:46:54    -2393.368408        0.259956
MDMin:  2021 19:46:56    -2393.368443        0.208264
MDMin:  2022 19:46:59    -2393.368483        0.260258
MDMin:  2023 19:47:01    -2393.368450        0.208042
MDMin:  2024 19:47:03    -2393.368497        0.208517
MDMin:  2025 19:47:05    -2393.368177        0.259953
MDMin:  2026 19:47:06    -2393.368520        0.260703
MDMin:  2027 19:47:08    -2393.368455        0.207183
MDMin:  2028 19:47:09    -2393.368513        0.207704
MDMin:  2029 19:47:10    -2393.368393        0.260841
MDMin:  2030 19:47:12    -2393.368557        0.207734
MDMin:  2031 19:47:14    -2393.368523        0.261259
MDMin:  2032 19:47:15    -2393.368566        0.207447
MDMin:  2033 19:47:17    -2393.368604        0.261567
MDMin:  2034 19:47:18    -2393.368573        0.207188
MDMin:  2035 19:47:20    -2393.368620        0.207692
MDMin:  2036 19:47:22    -2393.368305        0.261251
MDMin:  2037 19:47:23    -2393.368655        0.262013
MDMin:  2038 19:47:25    -2393.368578        0.206221
MDMin:  2039 19:47:27    -2393.368636        0.206788
MDMin:  2040 19:47:28    -2393.368536        0.262136
MDMin:  2041 19:47:30    -2393.368680        0.206806
MDMin:  2042 19:47:31    -2393.368672        0.262557
MDMin:  2043 19:47:33    -2393.368689        0.206503
MDMin:  2044 19:47:35    -2393.368736        0.207039
MDMin:  2045 19:47:36    -2393.368382        0.262235
MDMin:  2046 19:47:38    -2393.368737        0.263006
MDMin:  2047 19:47:40    -2393.368693        0.205372
MDMin:  2048 19:47:42    -2393.368751        0.205987
MDMin:  2049 19:47:43    -2393.368626        0.263115
MDMin:  2050 19:47:44    -2393.368795        0.205976
MDMin:  2051 19:47:46    -2393.368769        0.263537
MDMin:  2052 19:47:47    -2393.368804        0.205647
MDMin:  2053 19:47:49    -2393.368852        0.206202
MDMin:  2054 19:47:50    -2393.368486        0.263203
MDMin:  2055 19:47:52    -2393.368846        0.263983
MDMin:  2056 19:47:54    -2393.368808        0.204440
MDMin:  2057 19:47:55    -2393.368867        0.205090
MDMin:  2058 19:47:57    -2393.368743        0.264075
MDMin:  2059 19:47:58    -2393.368910        0.205070
MDMin:  2060 19:48:00    -2393.368892        0.264499
MDMin:  2061 19:48:01    -2393.368920        0.204731
MDMin:  2062 19:48:03    -2393.368967        0.205301
MDMin:  2063 19:48:05    -2393.368617        0.264154
MDMin:  2064 19:48:07    -2393.368982        0.264942
MDMin:  2065 19:48:09    -2393.368923        0.203491
MDMin:  2066 19:48:11    -2393.368982        0.204169
MDMin:  2067 19:48:13    -2393.368888        0.265017
MDMin:  2068 19:48:15    -2393.369025        0.204148
MDMin:  2069 19:48:18    -2393.369043        0.265442
MDMin:  2070 19:48:20    -2393.369034        0.203808
MDMin:  2071 19:48:22    -2393.369082        0.204391
MDMin:  2072 19:48:24    -2393.368776        0.265084
MDMin:  2073 19:48:26    -2393.369116        0.204051
MDMin:  2074 19:48:27    -2393.368920        0.265473
MDMin:  2075 19:48:29    -2393.369125        0.203566
MDMin:  2076 19:48:31    -2393.369025        0.265772
MDMin:  2077 19:48:34    -2393.369132        0.203150
MDMin:  2078 19:48:36    -2393.369126        0.266065
MDMin:  2079 19:48:38    -2393.369139        0.202804
MDMin:  2080 19:48:39    -2393.369186        0.203397
MDMin:  2081 19:48:40    -2393.368863        0.265688
MDMin:  2082 19:48:42    -2393.369220        0.203073
MDMin:  2083 19:48:44    -2393.369013        0.266074
MDMin:  2084 19:48:45    -2393.369229        0.202603
MDMin:  2085 19:48:47    -2393.369121        0.266371
MDMin:  2086 19:48:49    -2393.369236        0.202200
MDMin:  2087 19:48:51    -2393.369227        0.266661
MDMin:  2088 19:48:52    -2393.369242        0.201866
MDMin:  2089 19:48:54    -2393.369290        0.202469
MDMin:  2090 19:48:56    -2393.368971        0.266273
MDMin:  2091 19:48:58    -2393.369324        0.202155
MDMin:  2092 19:49:00    -2393.369126        0.266657
MDMin:  2093 19:49:01    -2393.369333        0.201695
MDMin:  2094 19:49:03    -2393.369239        0.266951
MDMin:  2095 19:49:05    -2393.369339        0.201301
MDMin:  2096 19:49:07    -2393.369349        0.267238
MDMin:  2097 19:49:08    -2393.369346        0.200976
MDMin:  2098 19:49:10    -2393.369394        0.201589
MDMin:  2099 19:49:11    -2393.369100        0.266838
MDMin:  2100 19:49:12    -2393.369427        0.201281
MDMin:  2101 19:49:14    -2393.369260        0.267220
MDMin:  2102 19:49:15    -2393.369436        0.200829
MDMin:  2103 19:49:16    -2393.369378        0.267511
MDMin:  2104 19:49:17    -2393.369442        0.200444
MDMin:  2105 19:49:19    -2393.369491        0.201066
MDMin:  2106 19:49:20    -2393.369137        0.267104
MDMin:  2107 19:49:22    -2393.369523        0.267915
MDMin:  2108 19:49:24    -2393.369442        0.199120
MDMin:  2109 19:49:26    -2393.369504        0.199910
MDMin:  2110 19:49:27    -2393.369469        0.267904
MDMin:  2111 19:49:29    -2393.369546        0.199896
MDMin:  2112 19:49:30    -2393.369598        0.200576
MDMin:  2113 19:49:31    -2393.369287        0.267595
MDMin:  2114 19:49:33    -2393.369633        0.200140
MDMin:  2115 19:49:36    -2393.369463        0.267982
MDMin:  2116 19:49:38    -2393.369642        0.199598
MDMin:  2117 19:49:40    -2393.369590        0.268266
MDMin:  2118 19:49:42    -2393.369649        0.199142
MDMin:  2119 19:49:44    -2393.369698        0.199777
MDMin:  2120 19:49:45    -2393.369366        0.267840
MDMin:  2121 19:49:47    -2393.369730        0.199313
MDMin:  2122 19:49:48    -2393.369542        0.268212
MDMin:  2123 19:49:50    -2393.369738        0.198774
MDMin:  2124 19:49:51    -2393.369673        0.268491
MDMin:  2125 19:49:53    -2393.369745        0.198322
MDMin:  2126 19:49:54    -2393.369794        0.198965
MDMin:  2127 19:49:56    -2393.369457        0.268055
MDMin:  2128 19:49:58    -2393.369826        0.198500
MDMin:  2129 19:50:00    -2393.369638        0.268423
MDMin:  2130 19:50:02    -2393.369834        0.197966
MDMin:  2131 19:50:04    -2393.369773        0.268698
MDMin:  2132 19:50:06    -2393.369841        0.197520
MDMin:  2133 19:50:08    -2393.369890        0.198169
MDMin:  2134 19:50:09    -2393.369566        0.268254
MDMin:  2135 19:50:11    -2393.369922        0.197705
MDMin:  2136 19:50:12    -2393.369752        0.268617
MDMin:  2137 19:50:13    -2393.369930        0.197176
MDMin:  2138 19:50:14    -2393.369892        0.268888
MDMin:  2139 19:50:16    -2393.369937        0.196737
MDMin:  2140 19:50:17    -2393.369987        0.197391
MDMin:  2141 19:50:19    -2393.369693        0.268435
MDMin:  2142 19:50:21    -2393.370018        0.196928
MDMin:  2143 19:50:23    -2393.369885        0.268794
MDMin:  2144 19:50:25    -2393.370026        0.196407
MDMin:  2145 19:50:27    -2393.370029        0.269060
MDMin:  2146 19:50:29    -2393.370032        0.195975
MDMin:  2147 19:50:30    -2393.370082        0.196634
MDMin:  2148 19:50:32    -2393.369840        0.268599
MDMin:  2149 19:50:34    -2393.370113        0.196172
MDMin:  2150 19:50:36    -2393.370036        0.268953
MDMin:  2151 19:50:37    -2393.370122        0.195658
MDMin:  2152 19:50:38    -2393.370172        0.196316
MDMin:  2153 19:50:40    -2393.369860        0.268495
MDMin:  2154 19:50:42    -2393.370203        0.195742
MDMin:  2155 19:50:44    -2393.370062        0.268846
MDMin:  2156 19:50:45    -2393.370212        0.195163
MDMin:  2157 19:50:47    -2393.370216        0.269103
MDMin:  2158 19:50:49    -2393.370218        0.194690
MDMin:  2159 19:50:50    -2393.370269        0.195354
MDMin:  2160 19:50:52    -2393.370045        0.268630
MDMin:  2161 19:50:53    -2393.370299        0.194835
MDMin:  2162 19:50:54    -2393.370253        0.268974
MDMin:  2163 19:50:56    -2393.370307        0.194577
MDMin:  2164 19:50:57    -2393.370359        0.194961
MDMin:  2165 19:50:58    -2393.370095        0.268505
MDMin:  2166 19:51:00    -2393.370389        0.196297
MDMin:  2167 19:51:02    -2393.370309        0.268846
MDMin:  2168 19:51:04    -2393.370397        0.197367
MDMin:  2169 19:51:06    -2393.370449        0.197730
MDMin:  2170 19:51:08    -2393.370162        0.268374
MDMin:  2171 19:51:10    -2393.370479        0.199162
MDMin:  2172 19:51:12    -2393.370381        0.268711
MDMin:  2173 19:51:14    -2393.370488        0.200275
MDMin:  2174 19:51:15    -2393.370540        0.200659
MDMin:  2175 19:51:16    -2393.370245        0.268236
MDMin:  2176 19:51:18    -2393.370570        0.202148
MDMin:  2177 19:51:19    -2393.370470        0.268568
MDMin:  2178 19:51:21    -2393.370579        0.203306
MDMin:  2179 19:51:22    -2393.370632        0.203712
MDMin:  2180 19:51:24    -2393.370344        0.268091
MDMin:  2181 19:51:26    -2393.370661        0.205261
MDMin:  2182 19:51:27    -2393.370575        0.268418
MDMin:  2183 19:51:28    -2393.370670        0.206466
MDMin:  2184 19:51:30    -2393.370723        0.206894
MDMin:  2185 19:51:31    -2393.370461        0.267940
MDMin:  2186 19:51:32    -2393.370753        0.208505
MDMin:  2187 19:51:34    -2393.370698        0.268263
MDMin:  2188 19:51:35    -2393.370761        0.209760
MDMin:  2189 19:51:36    -2393.370815        0.210210
MDMin:  2190 19:51:37    -2393.370595        0.267784
MDMin:  2191 19:51:39    -2393.370844        0.211887
MDMin:  2192 19:51:40    -2393.370839        0.268102
MDMin:  2193 19:51:42    -2393.370852        0.213194
MDMin:  2194 19:51:45    -2393.370907        0.213668
MDMin:  2195 19:51:46    -2393.370748        0.267623
MDMin:  2196 19:51:48    -2393.370935        0.215413
MDMin:  2197 19:51:50    -2393.370994        0.215941
MDMin:  2198 19:51:51    -2393.370711        0.267207
MDMin:  2199 19:51:53    -2393.371025        0.217795
MDMin:  2200 19:51:54    -2393.370976        0.267532
MDMin:  2201 19:51:56    -2393.371034        0.219209
MDMin:  2202 19:51:57    -2393.371090        0.219729
MDMin:  2203 19:51:59    -2393.370912        0.267063
MDMin:  2204 19:52:01    -2393.371118        0.221602
MDMin:  2205 19:52:03    -2393.371176        0.267373
MDMin:  2206 19:52:04    -2393.371127        0.223067
MDMin:  2207 19:52:06    -2393.371183        0.223612
MDMin:  2208 19:52:08    -2393.371125        0.266905
MDMin:  2209 19:52:09    -2393.371211        0.225560
MDMin:  2210 19:52:10    -2393.371272        0.226168
MDMin:  2211 19:52:12    -2393.371132        0.266501
MDMin:  2212 19:52:13    -2393.371302        0.228242
MDMin:  2213 19:52:14    -2393.371364        0.228882
MDMin:  2214 19:52:16    -2393.371161        0.266115
MDMin:  2215 19:52:17    -2393.371396        0.231032
MDMin:  2216 19:52:19    -2393.371457        0.266437
MDMin:  2217 19:52:21    -2393.371405        0.232673
MDMin:  2218 19:52:22    -2393.371463        0.233292
MDMin:  2219 19:52:24    -2393.371452        0.266000
MDMin:  2220 19:52:26    -2393.371490        0.235445
MDMin:  2221 19:52:28    -2393.371553        0.236135
MDMin:  2222 19:52:29    -2393.371509        0.265626
MDMin:  2223 19:52:30    -2393.371583        0.238431
MDMin:  2224 19:52:32    -2393.371648        0.239157
MDMin:  2225 19:52:34    -2393.371590        0.265276
MDMin:  2226 19:52:35    -2393.371679        0.241542
MDMin:  2227 19:52:37    -2393.371745        0.242299
MDMin:  2228 19:52:39    -2393.371692        0.264945
MDMin:  2229 19:52:41    -2393.371775        0.244765
MDMin:  2230 19:52:42    -2393.371842        0.245553
MDMin:  2231 19:52:44    -2393.371815        0.264633
MDMin:  2232 19:52:46    -2393.371873        0.248102
MDMin:  2233 19:52:48    -2393.371940        0.248921
MDMin:  2234 19:52:50    -2393.371958        0.264345
MDMin:  2235 19:52:51    -2393.371971        0.251553
MDMin:  2236 19:52:52    -2393.372040        0.252403
MDMin:  2237 19:52:54    -2393.372124        0.264081
MDMin:  2238 19:52:56    -2393.372070        0.255120
MDMin:  2239 19:52:58    -2393.372140        0.256003
MDMin:  2240 19:53:00    -2393.372243        0.257317
MDMin:  2241 19:53:02    -2393.372100        0.263116
MDMin:  2242 19:53:04    -2393.372294        0.260856
MDMin:  2243 19:53:06    -2393.372373        0.261887
MDMin:  2244 19:53:08    -2393.372411        0.263368
MDMin:  2245 19:53:10    -2393.372408        0.264994
MDMin:  2246 19:53:11    -2393.372483        0.265992
MDMin:  2247 19:53:13    -2393.372590        0.267446
MDMin:  2248 19:53:15    -2393.372545        0.269369
MDMin:  2249 19:53:17    -2393.372643        0.271315
MDMin:  2250 19:53:18    -2393.372726        0.272459
MDMin:  2251 19:53:20    -2393.372843        0.274073
MDMin:  2252 19:53:21    -2393.372852        0.276169
MDMin:  2253 19:53:23    -2393.372899        0.278276
MDMin:  2254 19:53:25    -2393.372987        0.279511
MDMin:  2255 19:53:27    -2393.373109        0.281228
MDMin:  2256 19:53:29    -2393.373265        0.283433
MDMin:  2257 19:53:31    -2393.373295        0.286134
MDMin:  2258 19:53:32    -2393.373343        0.288726
MDMin:  2259 19:53:34    -2393.373446        0.290193
MDMin:  2260 19:53:36    -2393.373582        0.292150
MDMin:  2261 19:53:38    -2393.373753        0.294599
MDMin:  2262 19:53:39    -2393.373959        0.297540
MDMin:  2263 19:53:41    -2393.374200        0.300966
MDMin:  2264 19:53:42    -2393.374477        0.304864
MDMin:  2265 19:53:44    -2393.374790        0.309209
MDMin:  2266 19:53:46    -2393.375139        0.313964
MDMin:  2267 19:53:48    -2393.375523        0.319076
MDMin:  2268 19:53:49    -2393.375942        0.324472
MDMin:  2269 19:53:50    -2393.376393        0.330059
MDMin:  2270 19:53:53    -2393.376876        0.335710
MDMin:  2271 19:53:54    -2393.377387        0.341275
MDMin:  2272 19:53:55    -2393.377923        0.346568
MDMin:  2273 19:53:57    -2393.378482        0.351372
MDMin:  2274 19:53:58    -2393.379059        0.355436
MDMin:  2275 19:54:00    -2393.379652        0.359691
MDMin:  2276 19:54:02    -2393.380258        0.382786
MDMin:  2277 19:54:04    -2393.380879        0.395984
MDMin:  2278 19:54:06    -2393.381519        0.383632
MDMin:  2279 19:54:07    -2393.382198        0.349396
MDMin:  2280 19:54:09    -2393.382941        0.335905
MDMin:  2281 19:54:11    -2393.383750        0.335560
MDMin:  2282 19:54:13    -2393.384609        0.342730
MDMin:  2283 19:54:15    -2393.385515        0.344062
MDMin:  2284 19:54:17    -2393.386469        0.339372
MDMin:  2285 19:54:18    -2393.387466        0.328340
MDMin:  2286 19:54:20    -2393.388499        0.311354
MDMin:  2287 19:54:21    -2393.389560        0.289621
MDMin:  2288 19:54:22    -2393.388022        0.287795
MDMin:  2289 19:54:24    -2393.388233        0.289394
MDMin:  2290 19:54:26    -2393.388345        0.536069
MDMin:  2291 19:54:28    -2393.388364        0.292132
MDMin:  2292 19:54:30    -2393.388050        0.292638
MDMin:  2293 19:54:32    -2393.388071        0.293271
MDMin:  2294 19:54:33    -2393.388086        0.294102
MDMin:  2295 19:54:35    -2393.387893        0.295176
MDMin:  2296 19:54:36    -2393.387565        0.296394
MDMin:  2297 19:54:37    -2393.387574        0.297821
MDMin:  2298 19:54:38    -2393.387573        0.299618
MDMin:  2299 19:54:40    -2393.387340        0.301863
MDMin:  2300 19:54:42    -2393.386929        0.304314
MDMin:  2301 19:54:44    -2393.386919        0.307102
MDMin:  2302 19:54:45    -2393.386893        0.310499
MDMin:  2303 19:54:47    -2393.386767        0.314610
MDMin:  2304 19:54:49    -2393.386178        0.318965
MDMin:  2305 19:54:51    -2393.386143        0.323791
MDMin:  2306 19:54:52    -2393.386088        0.329478
MDMin:  2307 19:54:54    -2393.386032        0.336148
MDMin:  2308 19:54:56    -2393.385804        0.343903
MDMin:  2309 19:54:57    -2393.385278        0.351872
MDMin:  2310 19:54:59    -2393.385214        0.360441
MDMin:  2311 19:55:01    -2393.385129        0.370051
MDMin:  2312 19:55:03    -2393.385045        0.380683
MDMin:  2313 19:55:04    -2393.384964        0.392220
MDMin:  2314 19:55:05    -2393.384560        0.404445
MDMin:  2315 19:55:07    -2393.384243        0.416026
MDMin:  2316 19:55:09    -2393.384146        0.427175
MDMin:  2317 19:55:11    -2393.384027        0.437723
MDMin:  2318 19:55:12    -2393.383908        0.446874
MDMin:  2319 19:55:14    -2393.383786        0.453509
MDMin:  2320 19:55:15    -2393.383555        0.456198
MDMin:  2321 19:55:17    -2393.383043        0.453810
MDMin:  2322 19:55:18    -2393.382844        0.446379
MDMin:  2323 19:55:20    -2393.382608        0.433891
MDMin:  2324 19:55:21    -2393.382352        0.416291
MDMin:  2325 19:55:23    -2393.382072        0.393716
MDMin:  2326 19:55:24    -2393.381769        0.393547
MDMin:  2327 19:55:26    -2393.381440        0.406484
MDMin:  2328 19:55:27    -2393.381100        0.414336
MDMin:  2329 19:55:28    -2393.380813        0.420843
MDMin:  2330 19:55:30    -2393.380707        0.416280
MDMin:  2331 19:55:32    -2393.380596        0.415546
MDMin:  2332 19:55:34    -2393.380470        0.414225
MDMin:  2333 19:55:35    -2393.380329        0.412131
MDMin:  2334 19:55:37    -2393.380172        0.409070
MDMin:  2335 19:55:38    -2393.379999        0.404839
MDMin:  2336 19:55:39    -2393.379811        0.399240
MDMin:  2337 19:55:41    -2393.379609        0.392085
MDMin:  2338 19:55:42    -2393.379392        0.383219
MDMin:  2339 19:55:44    -2393.379161        0.372538
MDMin:  2340 19:55:46    -2393.378918        0.360018
MDMin:  2341 19:55:47    -2393.378663        0.345745
MDMin:  2342 19:55:48    -2393.378398        0.330012
MDMin:  2343 19:55:50    -2393.378125        0.313301
MDMin:  2344 19:55:51    -2393.377847        0.296433
MDMin:  2345 19:55:52    -2393.377576        0.295269
MDMin:  2346 19:55:54    -2393.377371        0.433700
MDMin:  2347 19:55:55    -2393.377288        0.266012
MDMin:  2348 19:55:57    -2393.377202        0.262094
MDMin:  2349 19:55:58    -2393.377106        0.257993
MDMin:  2350 19:55:59    -2393.376999        0.255184
MDMin:  2351 19:56:00    -2393.376884        0.256008
MDMin:  2352 19:56:02    -2393.376759        0.257144
MDMin:  2353 19:56:03    -2393.376626        0.258667
MDMin:  2354 19:56:04    -2393.376486        0.260663
MDMin:  2355 19:56:06    -2393.376338        0.263231
MDMin:  2356 19:56:08    -2393.376185        0.266477
MDMin:  2357 19:56:10    -2393.376027        0.270516
MDMin:  2358 19:56:11    -2393.375865        0.275462
MDMin:  2359 19:56:13    -2393.375700        0.281432
MDMin:  2360 19:56:15    -2393.375533        0.288522
MDMin:  2361 19:56:16    -2393.375366        0.296804
MDMin:  2362 19:56:17    -2393.375200        0.306270
MDMin:  2363 19:56:19    -2393.375038        0.316734
MDMin:  2364 19:56:20    -2393.374891        0.327268
MDMin:  2365 19:56:21    -2393.374783        0.360921
MDMin:  2366 19:56:22    -2393.374718        0.345338
MDMin:  2367 19:56:24    -2393.374657        0.356874
MDMin:  2368 19:56:26    -2393.374591        0.369365
MDMin:  2369 19:56:28    -2393.374520        0.382226
MDMin:  2370 19:56:30    -2393.374443        0.393892
MDMin:  2371 19:56:32    -2393.374362        0.401699
MDMin:  2372 19:56:34    -2393.374276        0.402128
MDMin:  2373 19:56:35    -2393.374185        0.392324
MDMin:  2374 19:56:36    -2393.374090        0.389862
MDMin:  2375 19:56:38    -2393.373990        0.394684
MDMin:  2376 19:56:40    -2393.373886        0.398562
MDMin:  2377 19:56:41    -2393.373778        0.401546
MDMin:  2378 19:56:42    -2393.373667        0.403527
MDMin:  2379 19:56:43    -2393.373554        0.404177
MDMin:  2380 19:56:45    -2393.373446        0.403150
MDMin:  2381 19:56:46    -2393.373360        0.401019
MDMin:  2382 19:56:48    -2393.373311        0.399305
MDMin:  2383 19:56:50    -2393.373268        0.397374
MDMin:  2384 19:56:52    -2393.373220        0.394800
MDMin:  2385 19:56:54    -2393.373167        0.391382
MDMin:  2386 19:56:56    -2393.373109        0.386939
MDMin:  2387 19:56:57    -2393.373046        0.381281
MDMin:  2388 19:56:59    -2393.372979        0.374222
MDMin:  2389 19:57:01    -2393.372907        0.365591
MDMin:  2390 19:57:03    -2393.372831        0.355271
MDMin:  2391 19:57:05    -2393.372751        0.358884
MDMin:  2392 19:57:07    -2393.372667        0.367077
MDMin:  2393 19:57:10    -2393.372580        0.374156
MDMin:  2394 19:57:11    -2393.372489        0.379738
MDMin:  2395 19:57:12    -2393.372398        0.383442
MDMin:  2396 19:57:14    -2393.372308        0.384934
MDMin:  2397 19:57:15    -2393.372234        0.397897
MDMin:  2398 19:57:16    -2393.372191        0.383323
MDMin:  2399 19:57:18    -2393.372156        0.382058
MDMin:  2400 19:57:19    -2393.372119        0.380331
MDMin:  2401 19:57:20    -2393.372077        0.377993
MDMin:  2402 19:57:22    -2393.372033        0.374919
MDMin:  2403 19:57:24    -2393.371984        0.370978
MDMin:  2404 19:57:25    -2393.371933        0.366045
MDMin:  2405 19:57:27    -2393.371879        0.360004
MDMin:  2406 19:57:29    -2393.371822        0.352758
MDMin:  2407 19:57:30    -2393.371764        0.344241
MDMin:  2408 19:57:32    -2393.371704        0.334438
MDMin:  2409 19:57:35    -2393.371643        0.323397
MDMin:  2410 19:57:37    -2393.371582        0.315956
MDMin:  2411 19:57:39    -2393.371523        0.317278
MDMin:  2412 19:57:41    -2393.371470        0.319911
MDMin:  2413 19:57:43    -2393.371434        0.383141
MDMin:  2414 19:57:44    -2393.371415        0.323243
MDMin:  2415 19:57:46    -2393.371395        0.324622
MDMin:  2416 19:57:48    -2393.371374        0.326281
MDMin:  2417 19:57:50    -2393.371352        0.328275
MDMin:  2418 19:57:51    -2393.371328        0.330661
MDMin:  2419 19:57:52    -2393.371303        0.333509
MDMin:  2420 19:57:54    -2393.371278        0.336899
MDMin:  2421 19:57:56    -2393.371253        0.340925
MDMin:  2422 19:57:58    -2393.371228        0.345696
MDMin:  2423 19:58:00    -2393.371204        0.351333
MDMin:  2424 19:58:02    -2393.371181        0.357967
MDMin:  2425 19:58:04    -2393.371160        0.365729
MDMin:  2426 19:58:06    -2393.371142        0.374733
MDMin:  2427 19:58:08    -2393.371126        0.385094
MDMin:  2428 19:58:10    -2393.371114        0.396641
MDMin:  2429 19:58:12    -2393.371106        0.408167
MDMin:  2430 19:58:14    -2393.371103        0.416371
MDMin:  2431 19:58:15    -2393.371101        0.421794
MDMin:  2432 19:58:17    -2393.371100        0.427667
MDMin:  2433 19:58:19    -2393.371099        0.434363
MDMin:  2434 19:58:21    -2393.371100        0.441899
MDMin:  2435 19:58:23    -2393.371101        0.450260
MDMin:  2436 19:58:25    -2393.371103        0.459383
MDMin:  2437 19:58:27    -2393.371107        0.469152
MDMin:  2438 19:58:29    -2393.371113        0.479373
MDMin:  2439 19:58:31    -2393.371121        0.489754
MDMin:  2440 19:58:33    -2393.371131        0.499878
MDMin:  2441 19:58:35    -2393.371144        0.509179
MDMin:  2442 19:58:37    -2393.371160        0.516917
MDMin:  2443 19:58:39    -2393.371178        0.522209
MDMin:  2444 19:58:41    -2393.371200        0.524032
MDMin:  2445 19:58:43    -2393.371226        0.521345
MDMin:  2446 19:58:44    -2393.371253        0.513621
MDMin:  2447 19:58:46    -2393.371279        0.502829
MDMin:  2448 19:58:48    -2393.371295        0.494819
MDMin:  2449 19:58:50    -2393.371308        0.487841
MDMin:  2450 19:58:51    -2393.371323        0.479449
MDMin:  2451 19:58:53    -2393.371340        0.469208
MDMin:  2452 19:58:54    -2393.371360        0.456922
MDMin:  2453 19:58:55    -2393.371383        0.442436
MDMin:  2454 19:58:57    -2393.371408        0.425670
MDMin:  2455 19:58:59    -2393.371438        0.406613
MDMin:  2456 19:59:01    -2393.371471        0.403368
MDMin:  2457 19:59:03    -2393.371509        0.406863
MDMin:  2458 19:59:04    -2393.371551        0.408262
MDMin:  2459 19:59:06    -2393.371599        0.407174
MDMin:  2460 19:59:08    -2393.371651        0.403317
MDMin:  2461 19:59:09    -2393.371705        0.397029
MDMin:  2462 19:59:11    -2393.371742        0.391447
MDMin:  2463 19:59:13    -2393.371758        0.388734
MDMin:  2464 19:59:15    -2393.371778        0.385292
MDMin:  2465 19:59:17    -2393.371801        0.381143
MDMin:  2466 19:59:19    -2393.371827        0.376210
MDMin:  2467 19:59:20    -2393.371857        0.370420
MDMin:  2468 19:59:21    -2393.371890        0.363707
MDMin:  2469 19:59:23    -2393.371928        0.356015
MDMin:  2470 19:59:24    -2393.371969        0.347306
MDMin:  2471 19:59:26    -2393.372016        0.337560
MDMin:  2472 19:59:27    -2393.372066        0.326784
MDMin:  2473 19:59:29    -2393.372122        0.315015
MDMin:  2474 19:59:30    -2393.372183        0.302328
MDMin:  2475 19:59:32    -2393.372248        0.288849
MDMin:  2476 19:59:34    -2393.372320        0.274731
MDMin:  2477 19:59:36    -2393.372397        0.260195
MDMin:  2478 19:59:38    -2393.372478        0.261797
MDMin:  2479 19:59:40    -2393.372557        0.267651
MDMin:  2480 19:59:41    -2393.372605        0.354927
MDMin:  2481 19:59:43    -2393.372624        0.272509
MDMin:  2482 19:59:45    -2393.372648        0.274199
MDMin:  2483 19:59:47    -2393.372675        0.276130
MDMin:  2484 19:59:48    -2393.372707        0.278277
MDMin:  2485 19:59:50    -2393.372743        0.280608
MDMin:  2486 19:59:51    -2393.372783        0.283073
MDMin:  2487 19:59:53    -2393.372827        0.285609
MDMin:  2488 19:59:55    -2393.372875        0.288136
MDMin:  2489 19:59:57    -2393.372928        0.290555
MDMin:  2490 19:59:58    -2393.372986        0.292748
MDMin:  2491 20:00:00    -2393.373048        0.294585
MDMin:  2492 20:00:01    -2393.373115        0.295924
MDMin:  2493 20:00:02    -2393.373187        0.296619
MDMin:  2494 20:00:04    -2393.373265        0.296531
MDMin:  2495 20:00:05    -2393.373347        0.295537
MDMin:  2496 20:00:06    -2393.373436        0.293542
MDMin:  2497 20:00:08    -2393.373531        0.290485
MDMin:  2498 20:00:10    -2393.373631        0.286372
MDMin:  2499 20:00:11    -2393.373738        0.281248
MDMin:  2500 20:00:13    -2393.373848        0.275357
MDMin:  2501 20:00:14    -2393.373939        0.445730
MDMin:  2502 20:00:16    -2393.373964        0.268693
MDMin:  2503 20:00:18    -2393.373996        0.266793
MDMin:  2504 20:00:19    -2393.374032        0.264590
MDMin:  2505 20:00:21    -2393.374073        0.262071
MDMin:  2506 20:00:22    -2393.374120        0.259225
MDMin:  2507 20:00:23    -2393.374171        0.256040
MDMin:  2508 20:00:25    -2393.374226        0.252502
MDMin:  2509 20:00:27    -2393.374287        0.248601
MDMin:  2510 20:00:28    -2393.374353        0.244322
MDMin:  2511 20:00:30    -2393.374425        0.239653
MDMin:  2512 20:00:32    -2393.374501        0.234575
MDMin:  2513 20:00:33    -2393.374583        0.229072
MDMin:  2514 20:00:35    -2393.374671        0.223124
MDMin:  2515 20:00:37    -2393.374764        0.216713
MDMin:  2516 20:00:38    -2393.374863        0.209819
MDMin:  2517 20:00:40    -2393.374967        0.202479
MDMin:  2518 20:00:41    -2393.375071        0.206236
MDMin:  2519 20:00:42    -2393.375149        0.268027
MDMin:  2520 20:00:44    -2393.375178        0.187240
MDMin:  2521 20:00:45    -2393.375212        0.184815
MDMin:  2522 20:00:46    -2393.375250        0.182043
MDMin:  2523 20:00:48    -2393.375293        0.178920
MDMin:  2524 20:00:50    -2393.375341        0.175444
MDMin:  2525 20:00:51    -2393.375394        0.173636
MDMin:  2526 20:00:53    -2393.375451        0.172470
MDMin:  2527 20:00:54    -2393.375514        0.171186
MDMin:  2528 20:00:56    -2393.375581        0.169778
MDMin:  2529 20:00:58    -2393.375653        0.168243
MDMin:  2530 20:00:59    -2393.375729        0.166578
MDMin:  2531 20:01:01    -2393.375811        0.164781
MDMin:  2532 20:01:03    -2393.375898        0.162850
MDMin:  2533 20:01:05    -2393.375989        0.160787
MDMin:  2534 20:01:07    -2393.376085        0.158594
MDMin:  2535 20:01:08    -2393.376186        0.156271
MDMin:  2536 20:01:10    -2393.376290        0.153843
MDMin:  2537 20:01:12    -2393.376398        0.151319
MDMin:  2538 20:01:14    -2393.376496        0.211914
MDMin:  2539 20:01:15    -2393.376547        0.223615
MDMin:  2540 20:01:17    -2393.376570        0.147461
