       Step     Time          Energy          fmax
MDMin:    0 22:21:55    -2393.979944        6.826805
MDMin:    1 22:21:58    -2393.980772        6.714674
MDMin:    2 22:22:00    -2393.983176        6.235580
MDMin:    3 22:22:02    -2393.986954        5.191054
MDMin:    4 22:22:04    -2393.991875        3.863580
MDMin:    5 22:22:06    -2393.997671        2.891628
MDMin:    6 22:22:08    -2394.004085        2.784475
MDMin:    7 22:22:10    -2394.011123        2.174139
MDMin:    8 22:22:12    -2394.019169        1.686900
MDMin:    9 22:22:13    -2394.028813        1.647338
MDMin:   10 22:22:15    -2394.040577        1.503912
MDMin:   11 22:22:17    -2394.055230        1.594496
MDMin:   12 22:22:19    -2394.074115        1.492425
MDMin:   13 22:22:20    -2394.098803        1.386000
MDMin:   14 22:22:22    -2394.131195        1.564680
MDMin:   15 22:22:24    -2394.174037        1.728149
MDMin:   16 22:22:26    -2394.229908        1.730308
MDMin:   17 22:22:28    -2394.301310        1.656000
MDMin:   18 22:22:30    -2394.391349        1.268994
MDMin:   19 22:22:31    -2394.499910        1.059749
MDMin:   20 22:22:32    -2394.617949        0.972771
MDMin:   21 22:22:34    -2394.734066        1.085117
MDMin:   22 22:22:36    -2394.845248        1.072987
MDMin:   23 22:22:37    -2394.964544        1.333107
MDMin:   24 22:22:39    -2395.086293        2.109186
MDMin:   25 22:22:40    -2395.161270        1.095865
MDMin:   26 22:22:42    -2395.256587        1.160036
MDMin:   27 22:22:43    -2395.370662        1.200760
MDMin:   28 22:22:45    -2395.494787        1.226879
MDMin:   29 22:22:47    -2395.617421        1.256242
MDMin:   30 22:22:49    -2395.732080        1.335850
MDMin:   31 22:22:51    -2395.838693        1.419967
MDMin:   32 22:22:53    -2395.940789        1.468693
MDMin:   33 22:22:55    -2396.050319        1.632408
MDMin:   34 22:22:56    -2396.183018        1.789229
MDMin:   35 22:22:58    -2396.347137        1.848533
MDMin:   36 22:22:59    -2396.533203        1.960998
MDMin:   37 22:23:00    -2396.684172        2.041915
MDMin:   38 22:23:02    -2396.749849        1.954204
MDMin:   39 22:23:04    -2396.798427        1.222501
MDMin:   40 22:23:05    -2396.832104        1.437435
MDMin:   41 22:23:07    -2396.846726        2.906149
MDMin:   42 22:23:08    -2396.847145        2.419932
MDMin:   43 22:23:10    -2396.848264        1.525815
MDMin:   44 22:23:11    -2396.850262        1.020331
MDMin:   45 22:23:13    -2396.853074        1.004690
MDMin:   46 22:23:14    -2396.856404        0.981911
MDMin:   47 22:23:16    -2396.860122        0.950464
MDMin:   48 22:23:17    -2396.864150        0.940049
MDMin:   49 22:23:18    -2396.868416        0.937792
MDMin:   50 22:23:20    -2396.872859        0.914919
MDMin:   51 22:23:21    -2396.877428        0.962714
MDMin:   52 22:23:23    -2396.882082        1.019127
MDMin:   53 22:23:25    -2396.886797        1.049854
MDMin:   54 22:23:27    -2396.891581        1.027446
MDMin:   55 22:23:29    -2396.896482        0.936350
MDMin:   56 22:23:31    -2396.901561        0.801065
MDMin:   57 22:23:33    -2396.906837        0.677150
MDMin:   58 22:23:35    -2396.912277        0.597001
MDMin:   59 22:23:36    -2396.917844        0.553565
MDMin:   60 22:23:38    -2396.923508        0.539231
MDMin:   61 22:23:40    -2396.929228        0.606635
MDMin:   62 22:23:42    -2396.934943        0.695795
MDMin:   63 22:23:43    -2396.940588        0.782723
MDMin:   64 22:23:45    -2396.946140        0.813597
MDMin:   65 22:23:47    -2396.951625        0.764130
MDMin:   66 22:23:50    -2396.956763        0.982840
MDMin:   67 22:23:52    -2396.959542        1.157232
MDMin:   68 22:23:54    -2396.960270        0.831554
MDMin:   69 22:23:56    -2396.961289        0.854839
MDMin:   70 22:23:58    -2396.962526        0.879936
MDMin:   71 22:24:00    -2396.963939        0.902995
MDMin:   72 22:24:02    -2396.965529        0.920011
MDMin:   73 22:24:04    -2396.967298        0.926183
MDMin:   74 22:24:06    -2396.969251        0.916775
MDMin:   75 22:24:08    -2396.971395        0.888530
MDMin:   76 22:24:10    -2396.973742        0.841174
MDMin:   77 22:24:11    -2396.976303        0.778132
MDMin:   78 22:24:13    -2396.979093        0.705686
MDMin:   79 22:24:15    -2396.982126        0.653346
MDMin:   80 22:24:17    -2396.985419        0.653074
MDMin:   81 22:24:19    -2396.988993        0.650264
MDMin:   82 22:24:21    -2396.992877        0.643586
MDMin:   83 22:24:22    -2396.997105        0.631607
MDMin:   84 22:24:24    -2397.001721        0.612997
MDMin:   85 22:24:26    -2397.006777        0.586970
MDMin:   86 22:24:28    -2397.012340        0.553822
MDMin:   87 22:24:30    -2397.018484        0.515196
MDMin:   88 22:24:31    -2397.025286        0.496800
MDMin:   89 22:24:33    -2397.032786        0.517278
MDMin:   90 22:24:35    -2397.040578        0.707020
MDMin:   91 22:24:37    -2397.045831        1.307490
MDMin:   92 22:24:39    -2397.046718        0.583466
MDMin:   93 22:24:41    -2397.048153        0.593127
MDMin:   94 22:24:43    -2397.049977        0.606306
MDMin:   95 22:24:45    -2397.052138        0.623133
MDMin:   96 22:24:47    -2397.054644        0.644094
MDMin:   97 22:24:49    -2397.057506        0.669469
MDMin:   98 22:24:51    -2397.060735        0.698974
MDMin:   99 22:24:53    -2397.064343        0.731267
MDMin:  100 22:24:54    -2397.068341        0.763380
MDMin:  101 22:24:56    -2397.072749        0.790478
MDMin:  102 22:24:58    -2397.077591        0.806585
MDMin:  103 22:25:00    -2397.078778        0.806788
MDMin:  104 22:25:02    -2397.081171        0.790469
MDMin:  105 22:25:04    -2397.083510        0.846176
MDMin:  106 22:25:06    -2397.085812        0.887606
MDMin:  107 22:25:08    -2397.088092        0.898680
MDMin:  108 22:25:09    -2397.090372        0.868979
MDMin:  109 22:25:11    -2397.092672        0.798773
MDMin:  110 22:25:13    -2397.095009        0.701687
MDMin:  111 22:25:15    -2397.097388        0.642997
MDMin:  112 22:25:17    -2397.099807        0.642721
MDMin:  113 22:25:19    -2397.102263        0.643289
MDMin:  114 22:25:21    -2397.104755        0.646151
MDMin:  115 22:25:23    -2397.107287        0.653954
MDMin:  116 22:25:25    -2397.109868        0.669239
MDMin:  117 22:25:26    -2397.112444        0.692803
MDMin:  118 22:25:28    -2397.114549        0.928173
MDMin:  119 22:25:30    -2397.115408        0.727288
MDMin:  120 22:25:32    -2397.116268        0.737794
MDMin:  121 22:25:34    -2397.117232        0.749260
MDMin:  122 22:25:36    -2397.118311        0.761173
MDMin:  123 22:25:38    -2397.119509        0.772629
MDMin:  124 22:25:40    -2397.120834        0.782369
MDMin:  125 22:25:42    -2397.122296        0.788824
MDMin:  126 22:25:44    -2397.123903        0.790231
MDMin:  127 22:25:46    -2397.125668        0.784611
MDMin:  128 22:25:48    -2397.127606        0.769864
MDMin:  129 22:25:50    -2397.129733        0.744714
MDMin:  130 22:25:52    -2397.132068        0.708812
MDMin:  131 22:25:54    -2397.134630        0.663281
MDMin:  132 22:25:56    -2397.137433        0.658947
MDMin:  133 22:25:58    -2397.140470        0.678682
MDMin:  134 22:26:00    -2397.143642        0.738960
MDMin:  135 22:26:02    -2397.146474        0.781264
MDMin:  136 22:26:03    -2397.148294        0.796803
MDMin:  137 22:26:05    -2397.149778        0.801729
MDMin:  138 22:26:07    -2397.151404        0.799797
MDMin:  139 22:26:09    -2397.153250        0.790019
MDMin:  140 22:26:11    -2397.155349        0.772452
MDMin:  141 22:26:13    -2397.157731        0.749102
MDMin:  142 22:26:15    -2397.160429        0.723568
MDMin:  143 22:26:17    -2397.163484        0.699834
MDMin:  144 22:26:19    -2397.166942        0.680853
MDMin:  145 22:26:21    -2397.170858        0.667865
MDMin:  146 22:26:22    -2397.175303        0.660622
MDMin:  147 22:26:25    -2397.180346        0.658070
MDMin:  148 22:26:27    -2397.186020        0.658867
MDMin:  149 22:26:29    -2397.192087        0.661497
MDMin:  150 22:26:31    -2397.197558        0.664170
MDMin:  151 22:26:33    -2397.201201        0.665756
MDMin:  152 22:26:35    -2397.204454        0.667036
MDMin:  153 22:26:37    -2397.208164        0.668330
MDMin:  154 22:26:39    -2397.212475        0.669548
MDMin:  155 22:26:41    -2397.217469        0.670511
MDMin:  156 22:26:43    -2397.223241        0.670977
MDMin:  157 22:26:45    -2397.229899        0.670648
MDMin:  158 22:26:46    -2397.237569        0.669208
MDMin:  159 22:26:48    -2397.246394        0.666349
MDMin:  160 22:26:50    -2397.256533        0.661822
MDMin:  161 22:26:52    -2397.268155        0.655437
MDMin:  162 22:26:54    -2397.281433        0.647002
MDMin:  163 22:26:56    -2397.296510        0.636159
MDMin:  164 22:26:58    -2397.313461        0.622160
MDMin:  165 22:27:00    -2397.332067        0.603864
MDMin:  166 22:27:02    -2397.351277        0.580849
MDMin:  167 22:27:04    -2397.367562        0.671874
MDMin:  168 22:27:06    -2397.378401        0.545364
MDMin:  169 22:27:09    -2397.388326        0.550025
MDMin:  170 22:27:11    -2397.399104        0.554103
MDMin:  171 22:27:12    -2397.410969        0.558460
MDMin:  172 22:27:14    -2397.423929        0.572388
MDMin:  173 22:27:16    -2397.430897        0.591584
MDMin:  174 22:27:18    -2397.441249        0.615924
MDMin:  175 22:27:20    -2397.450614        0.647504
MDMin:  176 22:27:23    -2397.458528        0.685665
MDMin:  177 22:27:24    -2397.464731        0.726325
MDMin:  178 22:27:25    -2397.469397        0.760488
MDMin:  179 22:27:26    -2397.472986        0.775790
MDMin:  180 22:27:28    -2397.475900        0.763818
MDMin:  181 22:27:29    -2397.478323        0.729504
MDMin:  182 22:27:31    -2397.480250        0.691250
MDMin:  183 22:27:33    -2397.481495        0.666750
MDMin:  184 22:27:35    -2397.482236        0.653652
MDMin:  185 22:27:37    -2397.482949        0.642379
MDMin:  186 22:27:39    -2397.483691        0.632293
MDMin:  187 22:27:41    -2397.484460        0.623880
MDMin:  188 22:27:43    -2397.485248        0.617555
MDMin:  189 22:27:45    -2397.486048        0.613555
MDMin:  190 22:27:47    -2397.486853        0.611931
MDMin:  191 22:27:49    -2397.487657        0.612584
MDMin:  192 22:27:51    -2397.488456        0.615293
MDMin:  193 22:27:53    -2397.489244        0.619738
MDMin:  194 22:27:55    -2397.490017        0.625491
MDMin:  195 22:27:56    -2397.490767        0.631960
MDMin:  196 22:27:57    -2397.491473        0.638291
MDMin:  197 22:27:58    -2397.492067        0.643195
MDMin:  198 22:27:59    -2397.492456        0.645818
MDMin:  199 22:28:01    -2397.492724        0.647220
MDMin:  200 22:28:02    -2397.492992        0.648241
MDMin:  201 22:28:04    -2397.493278        0.648828
MDMin:  202 22:28:06    -2397.493584        0.648759
MDMin:  203 22:28:08    -2397.493907        0.647762
MDMin:  204 22:28:09    -2397.494244        0.645554
MDMin:  205 22:28:11    -2397.494595        0.641855
MDMin:  206 22:28:12    -2397.494955        0.636403
MDMin:  207 22:28:14    -2397.495323        0.628930
MDMin:  208 22:28:16    -2397.495695        0.619071
MDMin:  209 22:28:18    -2397.496067        0.606219
MDMin:  210 22:28:20    -2397.496435        0.589435
MDMin:  211 22:28:22    -2397.496783        0.568114
MDMin:  212 22:28:24    -2397.497071        0.610677
MDMin:  213 22:28:25    -2397.497250        0.532523
MDMin:  214 22:28:26    -2397.497382        0.531635
MDMin:  215 22:28:27    -2397.497520        0.530866
MDMin:  216 22:28:29    -2397.497671        0.530355
MDMin:  217 22:28:30    -2397.497833        0.530377
MDMin:  218 22:28:32    -2397.498006        0.531377
MDMin:  219 22:28:33    -2397.498189        0.534068
MDMin:  220 22:28:35    -2397.498382        0.539550
MDMin:  221 22:28:37    -2397.498583        0.549437
MDMin:  222 22:28:39    -2397.498791        0.565889
MDMin:  223 22:28:40    -2397.499007        0.591320
MDMin:  224 22:28:42    -2397.499229        0.627361
MDMin:  225 22:28:44    -2397.499455        0.672579
MDMin:  226 22:28:46    -2397.499684        0.719317
MDMin:  227 22:28:48    -2397.499911        0.752731
MDMin:  228 22:28:50    -2397.500123        0.759534
MDMin:  229 22:28:52    -2397.500288        0.746265
MDMin:  230 22:28:53    -2397.500400        0.730465
MDMin:  231 22:28:56    -2397.500507        0.712516
MDMin:  232 22:28:58    -2397.500623        0.691751
MDMin:  233 22:28:59    -2397.500750        0.669585
MDMin:  234 22:29:01    -2397.500889        0.648168
MDMin:  235 22:29:02    -2397.501040        0.629664
MDMin:  236 22:29:03    -2397.501202        0.615678
MDMin:  237 22:29:05    -2397.501375        0.614287
MDMin:  238 22:29:07    -2397.501559        0.623261
MDMin:  239 22:29:09    -2397.501752        0.632104
MDMin:  240 22:29:10    -2397.501952        0.640478
MDMin:  241 22:29:12    -2397.502153        0.647576
MDMin:  242 22:29:14    -2397.502335        0.651960
MDMin:  243 22:29:16    -2397.502470        0.653055
MDMin:  244 22:29:18    -2397.502569        0.652347
MDMin:  245 22:29:20    -2397.502667        0.650282
MDMin:  246 22:29:22    -2397.502773        0.646332
MDMin:  247 22:29:23    -2397.502889        0.642221
MDMin:  248 22:29:25    -2397.503015        0.644911
MDMin:  249 22:29:27    -2397.503150        0.646733
MDMin:  250 22:29:29    -2397.503295        0.647215
MDMin:  251 22:29:31    -2397.503449        0.645819
MDMin:  252 22:29:33    -2397.503612        0.641997
MDMin:  253 22:29:34    -2397.503783        0.635300
MDMin:  254 22:29:36    -2397.503961        0.625540
MDMin:  255 22:29:37    -2397.504140        0.613100
MDMin:  256 22:29:39    -2397.504304        0.599688
MDMin:  257 22:29:40    -2397.504426        0.588685
MDMin:  258 22:29:41    -2397.504511        0.580496
MDMin:  259 22:29:43    -2397.504595        0.572096
MDMin:  260 22:29:46    -2397.504687        0.562542
MDMin:  261 22:29:47    -2397.504787        0.551563
MDMin:  262 22:29:49    -2397.504895        0.538910
MDMin:  263 22:29:51    -2397.505013        0.524260
MDMin:  264 22:29:53    -2397.505138        0.507188
MDMin:  265 22:29:55    -2397.505272        0.487206
MDMin:  266 22:29:57    -2397.505413        0.484651
MDMin:  267 22:29:59    -2397.505561        0.482150
MDMin:  268 22:30:01    -2397.505715        0.496935
MDMin:  269 22:30:03    -2397.505873        0.515354
MDMin:  270 22:30:05    -2397.506024        0.535681
MDMin:  271 22:30:06    -2397.506149        0.553686
MDMin:  272 22:30:08    -2397.506234        0.566038
MDMin:  273 22:30:10    -2397.506307        0.576349
MDMin:  274 22:30:12    -2397.506384        0.586833
MDMin:  275 22:30:14    -2397.506468        0.597324
MDMin:  276 22:30:16    -2397.506560        0.607098
MDMin:  277 22:30:17    -2397.506659        0.615149
MDMin:  278 22:30:18    -2397.506765        0.620275
MDMin:  279 22:30:19    -2397.506878        0.621234
MDMin:  280 22:30:20    -2397.506998        0.616953
MDMin:  281 22:30:22    -2397.507126        0.606748
MDMin:  282 22:30:24    -2397.507260        0.590464
MDMin:  283 22:30:26    -2397.507400        0.590465
MDMin:  284 22:30:28    -2397.507544        0.607233
MDMin:  285 22:30:29    -2397.507680        0.621690
MDMin:  286 22:30:31    -2397.507782        0.631175
MDMin:  287 22:30:33    -2397.507846        0.636569
MDMin:  288 22:30:35    -2397.507912        0.641751
MDMin:  289 22:30:37    -2397.507985        0.647200
MDMin:  290 22:30:39    -2397.508065        0.652840
MDMin:  291 22:30:41    -2397.508153        0.658474
MDMin:  292 22:30:43    -2397.508248        0.663756
MDMin:  293 22:30:45    -2397.508352        0.668074
MDMin:  294 22:30:46    -2397.508463        0.670383
MDMin:  295 22:30:48    -2397.508582        0.669067
MDMin:  296 22:30:50    -2397.508709        0.662062
MDMin:  297 22:30:52    -2397.508844        0.647470
MDMin:  298 22:30:53    -2397.508983        0.624967
MDMin:  299 22:30:55    -2397.509115        0.598386
MDMin:  300 22:30:57    -2397.509209        0.578072
MDMin:  301 22:30:59    -2397.509264        0.565874
MDMin:  302 22:31:01    -2397.509324        0.552842
MDMin:  303 22:31:03    -2397.509390        0.538494
MDMin:  304 22:31:05    -2397.509465        0.523073
MDMin:  305 22:31:06    -2397.509546        0.506929
MDMin:  306 22:31:08    -2397.509635        0.490478
MDMin:  307 22:31:10    -2397.509730        0.474177
MDMin:  308 22:31:12    -2397.509832        0.504007
MDMin:  309 22:31:14    -2397.509939        0.551795
MDMin:  310 22:31:15    -2397.510051        0.603270
MDMin:  311 22:31:17    -2397.510167        0.651720
MDMin:  312 22:31:19    -2397.510287        0.686614
MDMin:  313 22:31:21    -2397.510411        0.696462
MDMin:  314 22:31:22    -2397.510542        0.675291
MDMin:  315 22:31:24    -2397.510679        0.629559
MDMin:  316 22:31:26    -2397.510813        0.579336
MDMin:  317 22:31:27    -2397.510912        0.547229
MDMin:  318 22:31:28    -2397.510964        0.532954
MDMin:  319 22:31:30    -2397.511017        0.519829
MDMin:  320 22:31:32    -2397.511077        0.506681
MDMin:  321 22:31:34    -2397.511145        0.494034
MDMin:  322 22:31:36    -2397.511219        0.482413
MDMin:  323 22:31:38    -2397.511301        0.472230
MDMin:  324 22:31:39    -2397.511390        0.478335
MDMin:  325 22:31:41    -2397.511485        0.496511
MDMin:  326 22:31:42    -2397.511587        0.517166
MDMin:  327 22:31:43    -2397.511695        0.539699
MDMin:  328 22:31:45    -2397.511809        0.562944
MDMin:  329 22:31:47    -2397.511928        0.585081
MDMin:  330 22:31:48    -2397.512053        0.603752
MDMin:  331 22:31:50    -2397.512183        0.616477
MDMin:  332 22:31:52    -2397.512316        0.621374
MDMin:  333 22:31:54    -2397.512449        0.618053
MDMin:  334 22:31:56    -2397.512560        0.609348
MDMin:  335 22:31:58    -2397.512625        0.601695
MDMin:  336 22:32:00    -2397.512679        0.594367
MDMin:  337 22:32:02    -2397.512738        0.585676
MDMin:  338 22:32:04    -2397.512803        0.575232
MDMin:  339 22:32:06    -2397.512874        0.562836
MDMin:  340 22:32:08    -2397.512953        0.548291
MDMin:  341 22:32:10    -2397.513038        0.531374
MDMin:  342 22:32:12    -2397.513129        0.511841
MDMin:  343 22:32:14    -2397.513228        0.489460
MDMin:  344 22:32:15    -2397.513333        0.464072
MDMin:  345 22:32:17    -2397.513446        0.456912
MDMin:  346 22:32:19    -2397.513564        0.452859
MDMin:  347 22:32:21    -2397.513687        0.447787
MDMin:  348 22:32:23    -2397.513806        0.442200
MDMin:  349 22:32:25    -2397.513899        0.437509
MDMin:  350 22:32:27    -2397.513953        0.434667
MDMin:  351 22:32:28    -2397.514003        0.431972
MDMin:  352 22:32:30    -2397.514059        0.435787
MDMin:  353 22:32:32    -2397.514121        0.440901
MDMin:  354 22:32:34    -2397.514189        0.446753
MDMin:  355 22:32:36    -2397.514264        0.453366
MDMin:  356 22:32:38    -2397.514345        0.460727
MDMin:  357 22:32:40    -2397.514431        0.468770
MDMin:  358 22:32:42    -2397.514524        0.477330
MDMin:  359 22:32:44    -2397.514622        0.486081
MDMin:  360 22:32:46    -2397.514725        0.494454
MDMin:  361 22:32:48    -2397.514834        0.501558
MDMin:  362 22:32:49    -2397.514947        0.506171
MDMin:  363 22:32:51    -2397.515064        0.506918
MDMin:  364 22:32:53    -2397.515181        0.502918
MDMin:  365 22:32:55    -2397.515285        0.495407
MDMin:  366 22:32:57    -2397.515350        0.488955
MDMin:  367 22:32:59    -2397.515396        0.483759
MDMin:  368 22:33:01    -2397.515446        0.477629
MDMin:  369 22:33:03    -2397.515503        0.470365
MDMin:  370 22:33:05    -2397.515565        0.461992
MDMin:  371 22:33:07    -2397.515634        0.452632
MDMin:  372 22:33:09    -2397.515710        0.442503
MDMin:  373 22:33:11    -2397.515791        0.431915
MDMin:  374 22:33:13    -2397.515880        0.421248
MDMin:  375 22:33:15    -2397.515975        0.410934
MDMin:  376 22:33:16    -2397.516076        0.401439
MDMin:  377 22:33:17    -2397.516184        0.393255
MDMin:  378 22:33:18    -2397.516299        0.386907
MDMin:  379 22:33:20    -2397.516419        0.382967
MDMin:  380 22:33:21    -2397.516535        0.381896
MDMin:  381 22:33:22    -2397.516621        0.450734
MDMin:  382 22:33:23    -2397.516662        0.383979
MDMin:  383 22:33:25    -2397.516704        0.385493
MDMin:  384 22:33:27    -2397.516752        0.387752
MDMin:  385 22:33:29    -2397.516806        0.390998
MDMin:  386 22:33:31    -2397.516865        0.395520
MDMin:  387 22:33:33    -2397.516931        0.401668
MDMin:  388 22:33:35    -2397.517001        0.409862
MDMin:  389 22:33:37    -2397.517077        0.420605
MDMin:  390 22:33:39    -2397.517158        0.434495
MDMin:  391 22:33:41    -2397.517244        0.452219
MDMin:  392 22:33:43    -2397.517334        0.474546
MDMin:  393 22:33:45    -2397.517428        0.502274
MDMin:  394 22:33:47    -2397.517526        0.536117
MDMin:  395 22:33:49    -2397.517627        0.576505
MDMin:  396 22:33:51    -2397.517730        0.623224
MDMin:  397 22:33:53    -2397.517834        0.674909
MDMin:  398 22:33:55    -2397.517938        0.728376
MDMin:  399 22:33:57    -2397.518039        0.778020
MDMin:  400 22:33:59    -2397.518124        0.815707
MDMin:  401 22:34:00    -2397.518184        0.837931
MDMin:  402 22:34:02    -2397.518232        0.853020
MDMin:  403 22:34:04    -2397.518281        0.866091
MDMin:  404 22:34:06    -2397.518334        0.877679
MDMin:  405 22:34:08    -2397.518392        0.887351
MDMin:  406 22:34:10    -2397.518454        0.894503
MDMin:  407 22:34:12    -2397.518521        0.898367
MDMin:  408 22:34:13    -2397.518592        0.897909
MDMin:  409 22:34:16    -2397.518668        0.891701
MDMin:  410 22:34:17    -2397.518749        0.878008
MDMin:  411 22:34:19    -2397.518835        0.855141
MDMin:  412 22:34:21    -2397.518926        0.822109
MDMin:  413 22:34:23    -2397.519021        0.779554
MDMin:  414 22:34:25    -2397.519116        0.731640
MDMin:  415 22:34:26    -2397.519195        0.689151
MDMin:  416 22:34:28    -2397.519244        0.662915
MDMin:  417 22:34:30    -2397.519286        0.641151
MDMin:  418 22:34:32    -2397.519332        0.617498
MDMin:  419 22:34:34    -2397.519383        0.591624
MDMin:  420 22:34:35    -2397.519440        0.563776
MDMin:  421 22:34:37    -2397.519504        0.534325
MDMin:  422 22:34:39    -2397.519573        0.503730
MDMin:  423 22:34:41    -2397.519648        0.480340
MDMin:  424 22:34:42    -2397.519730        0.474379
MDMin:  425 22:34:44    -2397.519819        0.467278
MDMin:  426 22:34:45    -2397.519913        0.459248
MDMin:  427 22:34:47    -2397.520013        0.450555
MDMin:  428 22:34:49    -2397.520115        0.444335
MDMin:  429 22:34:51    -2397.520206        0.443751
MDMin:  430 22:34:53    -2397.520259        0.440917
MDMin:  431 22:34:56    -2397.520296        0.437785
MDMin:  432 22:34:58    -2397.520338        0.433128
MDMin:  433 22:35:00    -2397.520385        0.426380
MDMin:  434 22:35:02    -2397.520438        0.416966
MDMin:  435 22:35:04    -2397.520497        0.406422
MDMin:  436 22:35:06    -2397.520561        0.399697
MDMin:  437 22:35:08    -2397.520632        0.391992
MDMin:  438 22:35:09    -2397.520708        0.383202
MDMin:  439 22:35:10    -2397.520792        0.373263
MDMin:  440 22:35:12    -2397.520881        0.362188
MDMin:  441 22:35:13    -2397.520978        0.350102
MDMin:  442 22:35:14    -2397.521083        0.337269
MDMin:  443 22:35:15    -2397.521194        0.324106
MDMin:  444 22:35:17    -2397.521312        0.311272
MDMin:  445 22:35:19    -2397.521426        0.348677
MDMin:  446 22:35:21    -2397.521493        0.353149
MDMin:  447 22:35:22    -2397.521520        0.301492
MDMin:  448 22:35:24    -2397.521555        0.301855
MDMin:  449 22:35:25    -2397.521595        0.302302
MDMin:  450 22:35:27    -2397.521640        0.302844
MDMin:  451 22:35:29    -2397.521692        0.303494
MDMin:  452 22:35:31    -2397.521749        0.304267
MDMin:  453 22:35:32    -2397.521811        0.305180
MDMin:  454 22:35:33    -2397.521880        0.306252
MDMin:  455 22:35:34    -2397.521954        0.307502
MDMin:  456 22:35:36    -2397.522035        0.308955
MDMin:  457 22:35:37    -2397.522121        0.310634
MDMin:  458 22:35:38    -2397.522213        0.312566
MDMin:  459 22:35:40    -2397.522310        0.314777
MDMin:  460 22:35:42    -2397.522414        0.317288
MDMin:  461 22:35:43    -2397.522523        0.320117
MDMin:  462 22:35:45    -2397.522637        0.323263
MDMin:  463 22:35:47    -2397.522756        0.326707
MDMin:  464 22:35:49    -2397.522880        0.330394
MDMin:  465 22:35:51    -2397.523007        0.334208
MDMin:  466 22:35:52    -2397.523130        0.337820
MDMin:  467 22:35:54    -2397.523215        0.377355
MDMin:  468 22:35:56    -2397.523246        0.341016
MDMin:  469 22:35:58    -2397.523285        0.342033
MDMin:  470 22:36:00    -2397.523329        0.343151
MDMin:  471 22:36:02    -2397.523378        0.344349
MDMin:  472 22:36:04    -2397.523433        0.345597
MDMin:  473 22:36:06    -2397.523492        0.346859
MDMin:  474 22:36:08    -2397.523557        0.350150
MDMin:  475 22:36:10    -2397.523626        0.356733
MDMin:  476 22:36:12    -2397.523701        0.363144
MDMin:  477 22:36:14    -2397.523780        0.368865
MDMin:  478 22:36:16    -2397.523864        0.373195
MDMin:  479 22:36:18    -2397.523952        0.375254
MDMin:  480 22:36:20    -2397.524046        0.374044
MDMin:  481 22:36:22    -2397.524143        0.368564
MDMin:  482 22:36:24    -2397.524246        0.357998
MDMin:  483 22:36:25    -2397.524353        0.355654
MDMin:  484 22:36:27    -2397.524465        0.355753
MDMin:  485 22:36:28    -2397.524581        0.355232
MDMin:  486 22:36:29    -2397.524700        0.353910
MDMin:  487 22:36:30    -2397.524813        0.351963
MDMin:  488 22:36:31    -2397.524888        0.361679
MDMin:  489 22:36:32    -2397.524925        0.349596
MDMin:  490 22:36:34    -2397.524967        0.348617
MDMin:  491 22:36:35    -2397.525015        0.347458
MDMin:  492 22:36:37    -2397.525069        0.347896
MDMin:  493 22:36:38    -2397.525128        0.350059
MDMin:  494 22:36:40    -2397.525192        0.352445
MDMin:  495 22:36:42    -2397.525263        0.355065
MDMin:  496 22:36:44    -2397.525339        0.357937
MDMin:  497 22:36:46    -2397.525420        0.361086
MDMin:  498 22:36:48    -2397.525507        0.364550
MDMin:  499 22:36:50    -2397.525599        0.368385
MDMin:  500 22:36:51    -2397.525697        0.372665
MDMin:  501 22:36:53    -2397.525800        0.377493
MDMin:  502 22:36:55    -2397.525909        0.383001
MDMin:  503 22:36:57    -2397.526022        0.389357
MDMin:  504 22:36:58    -2397.526141        0.396769
MDMin:  505 22:37:00    -2397.526264        0.405479
MDMin:  506 22:37:02    -2397.526391        0.415735
MDMin:  507 22:37:03    -2397.526520        0.427614
MDMin:  508 22:37:05    -2397.526638        0.440051
MDMin:  509 22:37:08    -2397.526711        0.448618
MDMin:  510 22:37:09    -2397.526750        0.453554
MDMin:  511 22:37:11    -2397.526795        0.459427
MDMin:  512 22:37:13    -2397.526846        0.466339
MDMin:  513 22:37:15    -2397.526902        0.474390
MDMin:  514 22:37:17    -2397.526964        0.483687
MDMin:  515 22:37:19    -2397.527031        0.494338
MDMin:  516 22:37:21    -2397.527103        0.506449
MDMin:  517 22:37:23    -2397.527180        0.520112
MDMin:  518 22:37:25    -2397.527261        0.535467
MDMin:  519 22:37:27    -2397.527348        0.552665
MDMin:  520 22:37:29    -2397.527439        0.571743
MDMin:  521 22:37:31    -2397.527535        0.592692
MDMin:  522 22:37:33    -2397.527635        0.615240
MDMin:  523 22:37:35    -2397.527740        0.639049
MDMin:  524 22:37:37    -2397.527850        0.663906
MDMin:  525 22:37:38    -2397.527966        0.689733
MDMin:  526 22:37:40    -2397.528087        0.716569
MDMin:  527 22:37:41    -2397.528214        0.744901
MDMin:  528 22:37:42    -2397.528346        0.776038
MDMin:  529 22:37:43    -2397.528485        0.812589
MDMin:  530 22:37:44    -2397.528629        0.858835
MDMin:  531 22:37:46    -2397.528778        0.920123
MDMin:  532 22:37:47    -2397.528927        0.998676
MDMin:  533 22:37:49    -2397.529059        1.079569
MDMin:  534 22:37:51    -2397.529146        1.130058
MDMin:  535 22:37:53    -2397.529200        1.155868
MDMin:  536 22:37:55    -2397.529256        1.173298
MDMin:  537 22:37:57    -2397.529318        1.178584
MDMin:  538 22:37:59    -2397.529387        1.164856
MDMin:  539 22:38:01    -2397.529463        1.126519
MDMin:  540 22:38:03    -2397.529546        1.061147
MDMin:  541 22:38:05    -2397.529638        0.969747
MDMin:  542 22:38:06    -2397.529739        0.856303
MDMin:  543 22:38:08    -2397.529851        0.846598
MDMin:  544 22:38:10    -2397.529974        0.844311
MDMin:  545 22:38:12    -2397.530109        0.833700
MDMin:  546 22:38:14    -2397.530257        0.830984
MDMin:  547 22:38:15    -2397.530419        0.826375
MDMin:  548 22:38:17    -2397.530594        0.822772
MDMin:  549 22:38:18    -2397.530766        0.822951
MDMin:  550 22:38:20    -2397.530883        0.825713
MDMin:  551 22:38:22    -2397.530928        0.827389
MDMin:  552 22:38:23    -2397.530982        0.830182
MDMin:  553 22:38:25    -2397.531046        0.834502
MDMin:  554 22:38:27    -2397.531117        0.840955
MDMin:  555 22:38:29    -2397.531198        0.850356
MDMin:  556 22:38:31    -2397.531287        0.863801
MDMin:  557 22:38:33    -2397.531385        0.882753
MDMin:  558 22:38:35    -2397.531492        0.909118
MDMin:  559 22:38:37    -2397.531606        0.945233
MDMin:  560 22:38:39    -2397.531728        0.993580
MDMin:  561 22:38:41    -2397.531856        1.055815
MDMin:  562 22:38:43    -2397.531990        1.130425
MDMin:  563 22:38:45    -2397.532128        1.208705
MDMin:  564 22:38:47    -2397.532270        1.271939
MDMin:  565 22:38:49    -2397.532418        1.297079
MDMin:  566 22:38:50    -2397.532573        1.269236
MDMin:  567 22:38:52    -2397.532739        1.182998
MDMin:  568 22:38:54    -2397.532919        1.038278
MDMin:  569 22:38:55    -2397.533110        0.865138
MDMin:  570 22:38:57    -2397.533269        0.854419
MDMin:  571 22:38:59    -2397.533389        0.829343
MDMin:  572 22:39:01    -2397.533581        0.796139
MDMin:  573 22:39:02    -2397.533786        0.762195
MDMin:  574 22:39:03    -2397.533976        0.792584
MDMin:  575 22:39:04    -2397.534040        0.728136
MDMin:  576 22:39:05    -2397.534086        0.723032
MDMin:  577 22:39:06    -2397.534141        0.717611
MDMin:  578 22:39:08    -2397.534204        0.712242
MDMin:  579 22:39:09    -2397.534276        0.707332
MDMin:  580 22:39:10    -2397.534357        0.703404
MDMin:  581 22:39:11    -2397.534447        0.701129
MDMin:  582 22:39:13    -2397.534547        0.701389
MDMin:  583 22:39:15    -2397.534656        0.705356
MDMin:  584 22:39:17    -2397.534776        0.714592
MDMin:  585 22:39:19    -2397.534905        0.731150
MDMin:  586 22:39:20    -2397.535045        0.757581
MDMin:  587 22:39:22    -2397.535193        0.796625
MDMin:  588 22:39:23    -2397.535350        0.850083
MDMin:  589 22:39:24    -2397.535514        0.916187
MDMin:  590 22:39:25    -2397.535684        0.986048
MDMin:  591 22:39:26    -2397.535861        1.043610
MDMin:  592 22:39:28    -2397.536047        1.073193
MDMin:  593 22:39:29    -2397.536245        1.065095
MDMin:  594 22:39:31    -2397.536458        1.011609
MDMin:  595 22:39:33    -2397.536686        0.912569
MDMin:  596 22:39:35    -2397.536912        0.796098
MDMin:  597 22:39:36    -2397.537071        0.750586
MDMin:  598 22:39:38    -2397.537144        0.688600
MDMin:  599 22:39:39    -2397.537228        0.676066
MDMin:  600 22:39:40    -2397.537326        0.672290
MDMin:  601 22:39:41    -2397.537438        0.667295
MDMin:  602 22:39:43    -2397.537566        0.660982
MDMin:  603 22:39:44    -2397.537710        0.653325
MDMin:  604 22:39:45    -2397.537873        0.644384
MDMin:  605 22:39:47    -2397.538055        0.634298
MDMin:  606 22:39:48    -2397.538259        0.623283
MDMin:  607 22:39:49    -2397.538487        0.611616
MDMin:  608 22:39:51    -2397.538742        0.603194
MDMin:  609 22:39:53    -2397.539028        0.592889
MDMin:  610 22:39:55    -2397.539349        0.579826
MDMin:  611 22:39:57    -2397.539710        0.567346
MDMin:  612 22:39:59    -2397.540116        0.560483
MDMin:  613 22:40:01    -2397.540573        0.558053
MDMin:  614 22:40:03    -2397.541081        0.562622
MDMin:  615 22:40:05    -2397.541573        0.782309
MDMin:  616 22:40:07    -2397.541771        0.581883
MDMin:  617 22:40:08    -2397.541889        0.586722
MDMin:  618 22:40:09    -2397.542036        0.593593
MDMin:  619 22:40:11    -2397.542210        0.602881
MDMin:  620 22:40:12    -2397.542410        0.615217
MDMin:  621 22:40:13    -2397.542639        0.631298
MDMin:  622 22:40:14    -2397.542898        0.651781
MDMin:  623 22:40:16    -2397.543187        0.677081
MDMin:  624 22:40:17    -2397.543508        0.707019
MDMin:  625 22:40:19    -2397.543862        0.740355
MDMin:  626 22:40:20    -2397.544252        0.774410
MDMin:  627 22:40:22    -2397.544681        0.805189
MDMin:  628 22:40:23    -2397.545154        0.828270
MDMin:  629 22:40:25    -2397.545679        0.839940
MDMin:  630 22:40:27    -2397.546264        0.837470
MDMin:  631 22:40:29    -2397.546918        0.818588
MDMin:  632 22:40:31    -2397.547651        0.782011
MDMin:  633 22:40:33    -2397.548471        0.729699
MDMin:  634 22:40:35    -2397.549388        0.674599
MDMin:  635 22:40:36    -2397.550411        0.715826
MDMin:  636 22:40:38    -2397.551556        0.740287
MDMin:  637 22:40:40    -2397.552852        0.740979
MDMin:  638 22:40:42    -2397.553903        0.721493
MDMin:  639 22:40:44    -2397.555081        0.695899
MDMin:  640 22:40:46    -2397.556374        0.679225
MDMin:  641 22:40:48    -2397.557775        0.679347
MDMin:  642 22:40:49    -2397.559121        0.790158
MDMin:  643 22:40:51    -2397.559700        0.703453
MDMin:  644 22:40:53    -2397.559871        0.771614
MDMin:  645 22:40:55    -2397.559718        0.760459
MDMin:  646 22:40:57    -2397.558924        0.743278
MDMin:  647 22:40:59    -2397.557343        0.722489
MDMin:  648 22:41:01    -2397.554960        0.729861
MDMin:  649 22:41:03    -2397.551864        0.738518
MDMin:  650 22:41:05    -2397.548213        0.748403
MDMin:  651 22:41:07    -2397.544192        0.759376
MDMin:  652 22:41:09    -2397.539981        0.771193
MDMin:  653 22:41:11    -2397.535729        0.783484
MDMin:  654 22:41:13    -2397.531547        0.795710
MDMin:  655 22:41:15    -2397.527507        0.807110
MDMin:  656 22:41:17    -2397.523650        0.816668
MDMin:  657 22:41:19    -2397.519988        0.823193
MDMin:  658 22:41:21    -2397.516520        0.825569
MDMin:  659 22:41:23    -2397.513234        0.823249
MDMin:  660 22:41:24    -2397.510112        0.816225
MDMin:  661 22:41:26    -2397.507143        0.804622
MDMin:  662 22:41:27    -2397.504314        0.787727
MDMin:  663 22:41:29    -2397.501618        0.763055
MDMin:  664 22:41:31    -2397.499042        0.726810
MDMin:  665 22:41:33    -2397.496572        0.702187
MDMin:  666 22:41:34    -2397.494188        0.724235
MDMin:  667 22:41:35    -2397.491878        0.723072
MDMin:  668 22:41:36    -2397.489654        0.697197
MDMin:  669 22:41:37    -2397.487627        0.689041
MDMin:  670 22:41:39    -2397.486437        1.094505
MDMin:  671 22:41:41    -2397.486197        0.606412
MDMin:  672 22:41:43    -2397.485847        0.594410
MDMin:  673 22:41:45    -2397.485432        0.579866
MDMin:  674 22:41:47    -2397.484970        0.563314
MDMin:  675 22:41:49    -2397.484467        0.544989
MDMin:  676 22:41:51    -2397.483932        0.548999
MDMin:  677 22:41:53    -2397.483373        0.573126
MDMin:  678 22:41:54    -2397.482802        0.596567
MDMin:  679 22:41:56    -2397.482229        0.616638
MDMin:  680 22:41:58    -2397.481666        0.629464
MDMin:  681 22:41:59    -2397.481122        0.630636
MDMin:  682 22:42:01    -2397.480610        0.616224
MDMin:  683 22:42:03    -2397.480141        0.584399
MDMin:  684 22:42:06    -2397.479726        0.537017
MDMin:  685 22:42:07    -2397.479381        0.548499
MDMin:  686 22:42:09    -2397.479123        0.557870
MDMin:  687 22:42:11    -2397.478969        0.555388
MDMin:  688 22:42:13    -2397.478938        0.535112
MDMin:  689 22:42:15    -2397.479054        0.491853
MDMin:  690 22:42:17    -2397.479342        0.426669
MDMin:  691 22:42:19    -2397.479818        0.616444
MDMin:  692 22:42:20    -2397.480292        1.061272
MDMin:  693 22:42:22    -2397.480391        0.628489
MDMin:  694 22:42:23    -2397.480546        0.307427
MDMin:  695 22:42:24    -2397.480752        0.305731
MDMin:  696 22:42:25    -2397.481002        0.303853
MDMin:  697 22:42:27    -2397.481299        0.301836
MDMin:  698 22:42:28    -2397.481649        0.299723
MDMin:  699 22:42:30    -2397.482058        0.297555
MDMin:  700 22:42:32    -2397.482533        0.298663
MDMin:  701 22:42:34    -2397.483078        0.304786
MDMin:  702 22:42:35    -2397.483701        0.312727
MDMin:  703 22:42:37    -2397.484407        0.322914
MDMin:  704 22:42:38    -2397.485199        0.335864
MDMin:  705 22:42:39    -2397.486082        0.352195
MDMin:  706 22:42:41    -2397.487054        0.372628
MDMin:  707 22:42:42    -2397.488114        0.397965
MDMin:  708 22:42:43    -2397.489256        0.428982
MDMin:  709 22:42:45    -2397.490472        0.466186
MDMin:  710 22:42:47    -2397.491748        0.509311
MDMin:  711 22:42:50    -2397.493071        0.556567
MDMin:  712 22:42:51    -2397.494426        0.604058
MDMin:  713 22:42:53    -2397.495801        0.646314
MDMin:  714 22:42:55    -2397.497183        0.678238
MDMin:  715 22:42:57    -2397.498512        0.695629
MDMin:  716 22:42:59    -2397.499473        0.916743
MDMin:  717 22:43:00    -2397.499751        0.696053
MDMin:  718 22:43:02    -2397.500107        0.692974
MDMin:  719 22:43:03    -2397.500512        0.687837
MDMin:  720 22:43:04    -2397.500965        0.679926
MDMin:  721 22:43:06    -2397.501465        0.668487
MDMin:  722 22:43:07    -2397.502009        0.652827
MDMin:  723 22:43:08    -2397.502596        0.632436
MDMin:  724 22:43:09    -2397.503222        0.607158
MDMin:  725 22:43:11    -2397.503886        0.577296
MDMin:  726 22:43:13    -2397.504582        0.543631
MDMin:  727 22:43:15    -2397.505307        0.507294
MDMin:  728 22:43:16    -2397.506055        0.469598
MDMin:  729 22:43:17    -2397.506820        0.431762
MDMin:  730 22:43:19    -2397.507592        0.394695
MDMin:  731 22:43:20    -2397.508364        0.359038
MDMin:  732 22:43:21    -2397.509123        0.325241
MDMin:  733 22:43:22    -2397.509857        0.293682
MDMin:  734 22:43:24    -2397.510543        0.280135
MDMin:  735 22:43:25    -2397.511109        0.659869
MDMin:  736 22:43:26    -2397.511309        0.437969
MDMin:  737 22:43:27    -2397.511385        0.282413
MDMin:  738 22:43:28    -2397.511483        0.282833
MDMin:  739 22:43:29    -2397.511596        0.283299
MDMin:  740 22:43:31    -2397.511720        0.283787
MDMin:  741 22:43:33    -2397.511853        0.284269
MDMin:  742 22:43:35    -2397.511993        0.284718
MDMin:  743 22:43:37    -2397.512134        0.285097
MDMin:  744 22:43:39    -2397.512275        0.285371
MDMin:  745 22:43:41    -2397.512410        0.285500
MDMin:  746 22:43:42    -2397.512536        0.285448
MDMin:  747 22:43:43    -2397.512647        0.285180
MDMin:  748 22:43:45    -2397.512738        0.284670
MDMin:  749 22:43:46    -2397.512802        0.283897
MDMin:  750 22:43:48    -2397.512835        0.282848
MDMin:  751 22:43:50    -2397.512827        0.281515
MDMin:  752 22:43:52    -2397.512774        0.279886
MDMin:  753 22:43:54    -2397.512665        0.277941
MDMin:  754 22:43:56    -2397.512495        0.275643
MDMin:  755 22:43:57    -2397.512253        0.272933
MDMin:  756 22:43:59    -2397.511932        0.269724
MDMin:  757 22:44:02    -2397.511524        0.265907
MDMin:  758 22:44:03    -2397.511021        0.261366
MDMin:  759 22:44:05    -2397.510415        0.255987
MDMin:  760 22:44:07    -2397.509706        0.249717
MDMin:  761 22:44:08    -2397.508959        0.539132
MDMin:  762 22:44:10    -2397.508603        0.467371
MDMin:  763 22:44:11    -2397.508508        0.293595
MDMin:  764 22:44:12    -2397.508369        0.240959
MDMin:  765 22:44:13    -2397.508191        0.240836
MDMin:  766 22:44:15    -2397.507977        0.240699
MDMin:  767 22:44:16    -2397.507725        0.240551
MDMin:  768 22:44:17    -2397.507435        0.240398
MDMin:  769 22:44:18    -2397.507103        0.240250
MDMin:  770 22:44:19    -2397.506728        0.240114
MDMin:  771 22:44:21    -2397.506306        0.240000
MDMin:  772 22:44:22    -2397.505835        0.239919
MDMin:  773 22:44:24    -2397.505312        0.239881
MDMin:  774 22:44:25    -2397.504735        0.239898
MDMin:  775 22:44:26    -2397.504099        0.239978
MDMin:  776 22:44:28    -2397.503402        0.240135
MDMin:  777 22:44:30    -2397.502641        0.240380
MDMin:  778 22:44:32    -2397.501812        0.240727
MDMin:  779 22:44:33    -2397.500913        0.241191
MDMin:  780 22:44:36    -2397.499941        0.241790
MDMin:  781 22:44:37    -2397.498893        0.242544
MDMin:  782 22:44:39    -2397.497768        0.243475
MDMin:  783 22:44:41    -2397.496563        0.244605
MDMin:  784 22:44:44    -2397.495277        0.245952
MDMin:  785 22:44:46    -2397.493910        0.247524
MDMin:  786 22:44:48    -2397.492464        0.249304
MDMin:  787 22:44:50    -2397.490947        0.251235
MDMin:  788 22:44:52    -2397.489449        0.423296
MDMin:  789 22:44:53    -2397.488542        0.568081
MDMin:  790 22:44:55    -2397.488336        0.320543
MDMin:  791 22:44:57    -2397.488034        0.257031
MDMin:  792 22:44:59    -2397.487661        0.258123
MDMin:  793 22:45:01    -2397.487229        0.259363
MDMin:  794 22:45:03    -2397.486738        0.260741
MDMin:  795 22:45:04    -2397.486187        0.262244
MDMin:  796 22:45:05    -2397.485576        0.263854
MDMin:  797 22:45:06    -2397.484905        0.265554
MDMin:  798 22:45:08    -2397.484173        0.267315
MDMin:  799 22:45:09    -2397.483380        0.269106
MDMin:  800 22:45:10    -2397.482525        0.270879
MDMin:  801 22:45:11    -2397.481608        0.272581
MDMin:  802 22:45:13    -2397.480628        0.274137
MDMin:  803 22:45:14    -2397.479584        0.275461
MDMin:  804 22:45:15    -2397.478475        0.276447
MDMin:  805 22:45:16    -2397.477300        0.276975
MDMin:  806 22:45:18    -2397.476057        0.276919
MDMin:  807 22:45:20    -2397.474746        0.276164
MDMin:  808 22:45:22    -2397.473364        0.274622
MDMin:  809 22:45:24    -2397.471912        0.272257
MDMin:  810 22:45:26    -2397.470388        0.269101
MDMin:  811 22:45:28    -2397.468791        0.267470
MDMin:  812 22:45:29    -2397.467123        0.266915
MDMin:  813 22:45:31    -2397.465419        0.275003
MDMin:  814 22:45:33    -2397.463966        0.569566
MDMin:  815 22:45:34    -2397.463441        0.263015
MDMin:  816 22:45:35    -2397.462951        0.262201
MDMin:  817 22:45:37    -2397.462398        0.261209
MDMin:  818 22:45:38    -2397.461779        0.260008
MDMin:  819 22:45:40    -2397.461091        0.258565
MDMin:  820 22:45:41    -2397.460336        0.256845
MDMin:  821 22:45:42    -2397.459513        0.254813
MDMin:  822 22:45:44    -2397.458620        0.252430
MDMin:  823 22:45:45    -2397.457657        0.249659
MDMin:  824 22:45:47    -2397.456623        0.246466
MDMin:  825 22:45:49    -2397.455517        0.242819
MDMin:  826 22:45:51    -2397.454339        0.238694
MDMin:  827 22:45:53    -2397.453088        0.234075
MDMin:  828 22:45:55    -2397.451762        0.228947
MDMin:  829 22:45:57    -2397.450361        0.228383
MDMin:  830 22:45:59    -2397.448887        0.229965
MDMin:  831 22:46:01    -2397.447346        0.231682
MDMin:  832 22:46:03    -2397.445788        0.298775
MDMin:  833 22:46:05    -2397.444422        0.438777
MDMin:  834 22:46:07    -2397.443632        0.323074
MDMin:  835 22:46:09    -2397.443065        0.238316
MDMin:  836 22:46:11    -2397.442430        0.239426
MDMin:  837 22:46:13    -2397.441718        0.240636
MDMin:  838 22:46:15    -2397.440924        0.241935
MDMin:  839 22:46:16    -2397.440049        0.243307
MDMin:  840 22:46:17    -2397.439091        0.244735
MDMin:  841 22:46:19    -2397.438047        0.246202
MDMin:  842 22:46:20    -2397.436917        0.247689
MDMin:  843 22:46:21    -2397.435697        0.249175
MDMin:  844 22:46:23    -2397.434387        0.250643
MDMin:  845 22:46:25    -2397.432982        0.252073
MDMin:  846 22:46:27    -2397.431482        0.253479
MDMin:  847 22:46:28    -2397.429884        0.255749
MDMin:  848 22:46:30    -2397.428184        0.258068
MDMin:  849 22:46:32    -2397.426384        0.260426
MDMin:  850 22:46:34    -2397.424491        0.262775
MDMin:  851 22:46:36    -2397.422559        0.278620
MDMin:  852 22:46:38    -2397.420864        0.490063
MDMin:  853 22:46:41    -2397.419909        0.286981
MDMin:  854 22:46:42    -2397.419207        0.268331
MDMin:  855 22:46:44    -2397.418435        0.269001
MDMin:  856 22:46:45    -2397.417568        0.269729
MDMin:  857 22:46:46    -2397.416605        0.270508
MDMin:  858 22:46:48    -2397.415545        0.271329
MDMin:  859 22:46:50    -2397.414386        0.272177
MDMin:  860 22:46:52    -2397.413128        0.273037
MDMin:  861 22:46:54    -2397.411770        0.273886
MDMin:  862 22:46:56    -2397.410310        0.274697
MDMin:  863 22:46:58    -2397.408749        0.275435
MDMin:  864 22:46:59    -2397.407085        0.276055
MDMin:  865 22:47:01    -2397.405318        0.276501
MDMin:  866 22:47:02    -2397.403450        0.276706
MDMin:  867 22:47:04    -2397.401487        0.276583
MDMin:  868 22:47:06    -2397.399458        0.278271
MDMin:  869 22:47:08    -2397.397507        0.368253
MDMin:  870 22:47:10    -2397.396110        0.481151
MDMin:  871 22:47:11    -2397.395409        0.273441
MDMin:  872 22:47:12    -2397.394644        0.272699
MDMin:  873 22:47:13    -2397.393784        0.271777
MDMin:  874 22:47:15    -2397.392829        0.270641
MDMin:  875 22:47:16    -2397.391779        0.269252
MDMin:  876 22:47:18    -2397.390636        0.267568
MDMin:  877 22:47:20    -2397.389402        0.265543
MDMin:  878 22:47:22    -2397.388079        0.263131
MDMin:  879 22:47:23    -2397.386669        0.260284
MDMin:  880 22:47:25    -2397.385176        0.256957
MDMin:  881 22:47:26    -2397.383604        0.253108
MDMin:  882 22:47:27    -2397.381958        0.248700
MDMin:  883 22:47:29    -2397.380243        0.243717
MDMin:  884 22:47:31    -2397.378467        0.243797
MDMin:  885 22:47:33    -2397.376644        0.244516
MDMin:  886 22:47:35    -2397.374816        0.296569
MDMin:  887 22:47:37    -2397.373163        0.412256
MDMin:  888 22:47:39    -2397.372153        0.425764
MDMin:  889 22:47:41    -2397.371611        0.246318
MDMin:  890 22:47:43    -2397.370994        0.246500
MDMin:  891 22:47:44    -2397.370301        0.246708
MDMin:  892 22:47:46    -2397.369537        0.246943
MDMin:  893 22:47:48    -2397.368703        0.247207
MDMin:  894 22:47:49    -2397.367804        0.247499
MDMin:  895 22:47:51    -2397.366843        0.247821
MDMin:  896 22:47:53    -2397.365826        0.248176
MDMin:  897 22:47:54    -2397.364758        0.248566
MDMin:  898 22:47:56    -2397.363644        0.248993
MDMin:  899 22:47:58    -2397.362490        0.249467
MDMin:  900 22:48:00    -2397.361303        0.250012
MDMin:  901 22:48:02    -2397.360088        0.264531
MDMin:  902 22:48:03    -2397.358853        0.286409
MDMin:  903 22:48:05    -2397.357603        0.311568
MDMin:  904 22:48:07    -2397.356344        0.340075
MDMin:  905 22:48:09    -2397.355082        0.371716
MDMin:  906 22:48:10    -2397.353821        0.405893
MDMin:  907 22:48:11    -2397.352565        0.441622
MDMin:  908 22:48:12    -2397.351319        0.477701
MDMin:  909 22:48:14    -2397.350100        0.512970
MDMin:  910 22:48:15    -2397.348980        0.545547
MDMin:  911 22:48:16    -2397.348191        0.569563
MDMin:  912 22:48:18    -2397.347801        0.582014
MDMin:  913 22:48:20    -2397.347411        0.595033
MDMin:  914 22:48:22    -2397.346977        0.610223
MDMin:  915 22:48:24    -2397.346503        0.628039
MDMin:  916 22:48:26    -2397.345991        0.649011
MDMin:  917 22:48:28    -2397.345448        0.673930
MDMin:  918 22:48:29    -2397.344879        0.703608
MDMin:  919 22:48:31    -2397.344293        0.738612
MDMin:  920 22:48:33    -2397.343698        0.778972
MDMin:  921 22:48:35    -2397.343109        0.823578
MDMin:  922 22:48:37    -2397.342538        0.869349
MDMin:  923 22:48:39    -2397.342005        0.910431
MDMin:  924 22:48:41    -2397.341532        0.938057
MDMin:  925 22:48:43    -2397.341154        0.942022
MDMin:  926 22:48:45    -2397.340922        0.914275
MDMin:  927 22:48:46    -2397.340923        0.853408
MDMin:  928 22:48:48    -2397.341311        0.766866
MDMin:  929 22:48:50    -2397.342343        0.668347
MDMin:  930 22:48:52    -2397.344434        0.572029
MDMin:  931 22:48:54    -2397.348167        0.513367
MDMin:  932 22:48:55    -2397.353547        0.659605
MDMin:  933 22:48:57    -2397.357909        0.530762
MDMin:  934 22:48:58    -2397.361132        0.532889
MDMin:  935 22:48:59    -2397.365170        0.535330
MDMin:  936 22:49:00    -2397.370326        0.538391
MDMin:  937 22:49:01    -2397.376831        0.542442
MDMin:  938 22:49:03    -2397.384891        0.548035
MDMin:  939 22:49:04    -2397.394636        0.555938
MDMin:  940 22:49:05    -2397.406043        0.567162
MDMin:  941 22:49:07    -2397.418871        0.582972
MDMin:  942 22:49:08    -2397.432639        0.604854
MDMin:  943 22:49:09    -2397.446699        0.634429
MDMin:  944 22:49:10    -2397.447603        0.856753
MDMin:  945 22:49:11    -2397.449497        0.747322
MDMin:  946 22:49:13    -2397.451173        0.730088
MDMin:  947 22:49:15    -2397.448632        0.769545
MDMin:  948 22:49:17    -2397.452127        0.801719
MDMin:  949 22:49:19    -2397.453065        0.825830
MDMin:  950 22:49:21    -2397.451455        0.855839
MDMin:  951 22:49:23    -2397.453536        0.881520
MDMin:  952 22:49:24    -2397.454216        0.903796
MDMin:  953 22:49:26    -2397.452576        0.932238
MDMin:  954 22:49:27    -2397.454515        0.957960
MDMin:  955 22:49:29    -2397.455017        0.982139
MDMin:  956 22:49:31    -2397.454708        1.005567
MDMin:  957 22:49:33    -2397.455262        1.028997
MDMin:  958 22:49:34    -2397.455200        1.059716
MDMin:  959 22:49:36    -2397.455435        1.089275
MDMin:  960 22:49:38    -2397.456029        1.119236
MDMin:  961 22:49:39    -2397.455569        1.157748
MDMin:  962 22:49:41    -2397.456167        1.194995
MDMin:  963 22:49:43    -2397.456802        1.233400
MDMin:  964 22:49:44    -2397.456079        1.281701
MDMin:  965 22:49:45    -2397.456890        1.328675
MDMin:  966 22:49:47    -2397.457574        1.377543
MDMin:  967 22:49:48    -2397.456737        1.436870
MDMin:  968 22:49:50    -2397.457596        1.493897
MDMin:  969 22:49:53    -2397.458340        1.551893
MDMin:  970 22:49:55    -2397.457566        1.616953
MDMin:  971 22:49:57    -2397.458273        1.674955
MDMin:  972 22:49:59    -2397.459092        1.727623
MDMin:  973 22:50:00    -2397.458593        1.775864
MDMin:  974 22:50:02    -2397.458908        1.808185
MDMin:  975 22:50:04    -2397.459827        1.825269
MDMin:  976 22:50:06    -2397.459854        1.824048
MDMin:  977 22:50:08    -2397.459490        1.801548
MDMin:  978 22:50:09    -2397.460534        1.757366
MDMin:  979 22:50:11    -2397.461417        1.687133
MDMin:  980 22:50:13    -2397.460005        1.601235
MDMin:  981 22:50:15    -2397.461188        1.752381
MDMin:  982 22:50:16    -2397.462239        1.918515
MDMin:  983 22:50:17    -2397.461377        2.088670
MDMin:  984 22:50:18    -2397.461376        2.243921
MDMin:  985 22:50:20    -2397.462674        2.400038
MDMin:  986 22:50:21    -2397.463760        2.570835
MDMin:  987 22:50:22    -2397.462363        2.764283
MDMin:  988 22:50:24    -2397.462521        2.969797
MDMin:  989 22:50:26    -2397.463911        3.223716
MDMin:  990 22:50:28    -2397.464988        3.585413
MDMin:  991 22:50:30    -2397.464479        3.150820
MDMin:  992 22:50:31    -2397.464593        3.154839
MDMin:  993 22:50:33    -2397.465357        2.943522
MDMin:  994 22:50:34    -2397.466140        2.637336
MDMin:  995 22:50:35    -2397.464972        2.279628
MDMin:  996 22:50:37    -2397.464006        1.925375
MDMin:  997 22:50:39    -2397.465852        1.603177
MDMin:  998 22:50:41    -2397.467395        1.329245
MDMin:  999 22:50:43    -2397.466361        1.076579
MDMin:  1000 22:50:45    -2397.462574        0.818326
MDMin:  1001 22:50:46    -2397.466156        0.668271
MDMin:  1002 22:50:48    -2397.468412        0.673367
MDMin:  1003 22:50:50    -2397.469941        0.716494
MDMin:  1004 22:50:52    -2397.470544        0.593791
MDMin:  1005 22:50:54    -2397.470967        0.565616
MDMin:  1006 22:50:55    -2397.471292        0.547241
MDMin:  1007 22:50:57    -2397.470018        0.509590
MDMin:  1008 22:50:59    -2397.470509        0.484370
MDMin:  1009 22:51:01    -2397.471018        0.478074
MDMin:  1010 22:51:02    -2397.471545        0.472715
MDMin:  1011 22:51:04    -2397.472087        0.492280
MDMin:  1012 22:51:06    -2397.472060        0.566906
MDMin:  1013 22:51:08    -2397.470810        0.554031
MDMin:  1014 22:51:09    -2397.471423        0.574793
MDMin:  1015 22:51:11    -2397.472017        0.595302
MDMin:  1016 22:51:12    -2397.472607        0.614593
MDMin:  1017 22:51:13    -2397.473194        0.631741
MDMin:  1018 22:51:14    -2397.473687        0.645934
MDMin:  1019 22:51:15    -2397.471637        0.652828
MDMin:  1020 22:51:17    -2397.472339        0.657849
MDMin:  1021 22:51:18    -2397.472999        0.661428
MDMin:  1022 22:51:20    -2397.473642        0.663220
MDMin:  1023 22:51:21    -2397.474275        0.663180
MDMin:  1024 22:51:22    -2397.474897        0.661813
MDMin:  1025 22:51:23    -2397.475449        0.660617
MDMin:  1026 22:51:24    -2397.472854        0.660481
MDMin:  1027 22:51:26    -2397.473712        0.663621
MDMin:  1028 22:51:27    -2397.474473        0.673834
MDMin:  1029 22:51:28    -2397.475193        0.697379
MDMin:  1030 22:51:29    -2397.475884        0.744332
MDMin:  1031 22:51:31    -2397.476548        0.829703
MDMin:  1032 22:51:33    -2397.477183        0.973868
MDMin:  1033 22:51:35    -2397.477787        1.202552
MDMin:  1034 22:51:37    -2397.477792        1.550295
MDMin:  1035 22:51:39    -2397.475241        1.919378
MDMin:  1036 22:51:40    -2397.476152        0.448883
MDMin:  1037 22:51:43    -2397.476885        1.055812
MDMin:  1038 22:51:45    -2397.476919        1.134696
MDMin:  1039 22:51:47    -2397.477019        1.491794
MDMin:  1040 22:51:48    -2397.477171        2.136628
MDMin:  1041 22:51:49    -2397.477328        2.122614
MDMin:  1042 22:51:50    -2397.477541        2.016343
MDMin:  1043 22:51:51    -2397.477811        1.855588
MDMin:  1044 22:51:53    -2397.478140        1.651513
MDMin:  1045 22:51:54    -2397.478529        1.412780
MDMin:  1046 22:51:55    -2397.478980        1.148531
MDMin:  1047 22:51:57    -2397.479499        0.870048
MDMin:  1048 22:51:58    -2397.480096        0.594321
MDMin:  1049 22:51:59    -2397.480779        0.507282
MDMin:  1050 22:52:00    -2397.481554        0.449876
MDMin:  1051 22:52:02    -2397.481699        0.675196
MDMin:  1052 22:52:03    -2397.478841        0.400710
MDMin:  1053 22:52:05    -2397.479800        0.436467
MDMin:  1054 22:52:07    -2397.480600        0.460658
MDMin:  1055 22:52:10    -2397.481336        0.472461
MDMin:  1056 22:52:12    -2397.482027        0.476770
MDMin:  1057 22:52:14    -2397.482682        0.486159
MDMin:  1058 22:52:15    -2397.483309        0.521627
MDMin:  1059 22:52:17    -2397.483912        0.607043
MDMin:  1060 22:52:19    -2397.484494        0.758226
MDMin:  1061 22:52:21    -2397.485055        0.980191
MDMin:  1062 22:52:23    -2397.485592        1.277380
MDMin:  1063 22:52:25    -2397.486099        1.688959
MDMin:  1064 22:52:27    -2397.486550        1.359230
MDMin:  1065 22:52:29    -2397.487088        1.038395
MDMin:  1066 22:52:31    -2397.487724        0.688940
MDMin:  1067 22:52:33    -2397.488477        0.529066
MDMin:  1068 22:52:35    -2397.488954        0.732025
MDMin:  1069 22:52:37    -2397.485375        0.438165
MDMin:  1070 22:52:39    -2397.486195        0.624538
MDMin:  1071 22:52:41    -2397.486783        0.895882
MDMin:  1072 22:52:43    -2397.487230        1.724297
MDMin:  1073 22:52:45    -2397.487527        1.003730
MDMin:  1074 22:52:47    -2397.487903        0.691105
MDMin:  1075 22:52:49    -2397.488390        0.470195
MDMin:  1076 22:52:51    -2397.488995        0.395773
MDMin:  1077 22:52:53    -2397.488981        0.728285
MDMin:  1078 22:52:55    -2397.489139        0.666372
MDMin:  1079 22:52:57    -2397.489069        0.383354
MDMin:  1080 22:52:58    -2397.489349        0.631134
MDMin:  1081 22:53:00    -2397.489368        0.378654
MDMin:  1082 22:53:02    -2397.489473        0.614436
MDMin:  1083 22:53:04    -2397.489436        0.462687
MDMin:  1084 22:53:06    -2397.489573        0.505683
MDMin:  1085 22:53:09    -2397.489606        0.610606
MDMin:  1086 22:53:10    -2397.489582        0.608405
MDMin:  1087 22:53:12    -2397.489692        0.659812
MDMin:  1088 22:53:14    -2397.489757        0.726524
MDMin:  1089 22:53:15    -2397.489685        0.783332
MDMin:  1090 22:53:17    -2397.489787        0.847523
MDMin:  1091 22:53:19    -2397.489877        0.931814
MDMin:  1092 22:53:21    -2397.489967        1.042451
MDMin:  1093 22:53:23    -2397.490013        1.196438
MDMin:  1094 22:53:25    -2397.489999        1.366916
MDMin:  1095 22:53:27    -2397.490117        0.420978
MDMin:  1096 22:53:29    -2397.490226        1.697895
MDMin:  1097 22:53:31    -2397.490253        0.937124
MDMin:  1098 22:53:32    -2397.490250        0.628682
MDMin:  1099 22:53:34    -2397.490311        0.402797
MDMin:  1100 22:53:36    -2397.490380        0.589424
MDMin:  1101 22:53:38    -2397.490372        0.380547
MDMin:  1102 22:53:40    -2397.490436        0.381028
MDMin:  1103 22:53:42    -2397.490501        0.381462
MDMin:  1104 22:53:44    -2397.490565        0.583717
MDMin:  1105 22:53:46    -2397.490571        0.613779
MDMin:  1106 22:53:48    -2397.490629        0.729317
MDMin:  1107 22:53:50    -2397.490688        0.873817
MDMin:  1108 22:53:51    -2397.490741        1.057179
MDMin:  1109 22:53:53    -2397.490762        1.234178
MDMin:  1110 22:53:55    -2397.490831        1.386478
MDMin:  1111 22:53:57    -2397.490867        1.092403
MDMin:  1112 22:53:59    -2397.490915        0.882870
MDMin:  1113 22:54:01    -2397.490958        0.711491
MDMin:  1114 22:54:03    -2397.491007        0.588134
MDMin:  1115 22:54:05    -2397.491102        0.479493
MDMin:  1116 22:54:07    -2397.491172        0.393734
MDMin:  1117 22:54:08    -2397.491252        0.575184
MDMin:  1118 22:54:10    -2397.491353        0.393949
MDMin:  1119 22:54:12    -2397.491435        0.543255
MDMin:  1120 22:54:14    -2397.491454        0.393008
MDMin:  1121 22:54:16    -2397.491499        0.392539
MDMin:  1122 22:54:18    -2397.491533        0.391898
MDMin:  1123 22:54:20    -2397.491561        0.391077
MDMin:  1124 22:54:22    -2397.491597        0.390094
MDMin:  1125 22:54:23    -2397.491651        0.389008
MDMin:  1126 22:54:25    -2397.491733        0.387923
MDMin:  1127 22:54:27    -2397.491818        0.577886
MDMin:  1128 22:54:29    -2397.491931        0.539313
MDMin:  1129 22:54:31    -2397.492064        0.504561
MDMin:  1130 22:54:33    -2397.492162        0.419413
MDMin:  1131 22:54:35    -2397.492288        0.460498
MDMin:  1132 22:54:37    -2397.492273        0.507964
MDMin:  1133 22:54:38    -2397.492220        0.561794
MDMin:  1134 22:54:39    -2397.492179        0.622281
MDMin:  1135 22:54:41    -2397.492169        0.690089
MDMin:  1136 22:54:42    -2397.492198        0.766429
MDMin:  1137 22:54:43    -2397.492264        0.853240
MDMin:  1138 22:54:45    -2397.492365        0.953936
MDMin:  1139 22:54:47    -2397.492495        1.076424
MDMin:  1140 22:54:49    -2397.492649        1.254720
MDMin:  1141 22:54:51    -2397.492814        1.201668
MDMin:  1142 22:54:53    -2397.492981        1.186744
MDMin:  1143 22:54:55    -2397.493188        1.190407
MDMin:  1144 22:54:57    -2397.493415        1.191909
MDMin:  1145 22:54:59    -2397.493681        1.190569
MDMin:  1146 22:55:01    -2397.493988        1.186779
MDMin:  1147 22:55:02    -2397.494332        1.181116
MDMin:  1148 22:55:04    -2397.494714        1.173858
MDMin:  1149 22:55:06    -2397.494907        1.164655
MDMin:  1150 22:55:08    -2397.494228        1.155705
MDMin:  1151 22:55:10    -2397.493205        1.141057
MDMin:  1152 22:55:12    -2397.492347        1.119097
MDMin:  1153 22:55:14    -2397.491739        1.089703
MDMin:  1154 22:55:16    -2397.491356        1.055835
MDMin:  1155 22:55:18    -2397.491147        1.025212
MDMin:  1156 22:55:20    -2397.491061        1.010473
MDMin:  1157 22:55:21    -2397.491050        1.029240
MDMin:  1158 22:55:23    -2397.491076        1.102213
MDMin:  1159 22:55:25    -2397.491113        1.235112
MDMin:  1160 22:55:27    -2397.491140        1.367724
MDMin:  1161 22:55:28    -2397.491147        1.399211
MDMin:  1162 22:55:29    -2397.491137        1.358974
MDMin:  1163 22:55:31    -2397.491123        1.308314
MDMin:  1164 22:55:33    -2397.491099        1.238041
MDMin:  1165 22:55:35    -2397.491060        1.149759
MDMin:  1166 22:55:37    -2397.490999        1.049795
MDMin:  1167 22:55:39    -2397.490906        0.946785
MDMin:  1168 22:55:41    -2397.490767        0.848373
MDMin:  1169 22:55:44    -2397.490563        0.757174
MDMin:  1170 22:55:46    -2397.490269        0.669889
MDMin:  1171 22:55:48    -2397.489868        0.583468
MDMin:  1172 22:55:49    -2397.489470        0.751433
MDMin:  1173 22:55:51    -2397.489352        0.502244
MDMin:  1174 22:55:53    -2397.489176        0.479968
MDMin:  1175 22:55:56    -2397.488962        0.455450
MDMin:  1176 22:55:58    -2397.488703        0.428785
MDMin:  1177 22:56:00    -2397.488391        0.400496
MDMin:  1178 22:56:02    -2397.488016        0.371256
MDMin:  1179 22:56:04    -2397.487570        0.341874
MDMin:  1180 22:56:06    -2397.487041        0.313248
MDMin:  1181 22:56:08    -2397.486417        0.295196
MDMin:  1182 22:56:10    -2397.485684        0.284999
MDMin:  1183 22:56:12    -2397.484829        0.275543
MDMin:  1184 22:56:14    -2397.483841        0.266853
MDMin:  1185 22:56:16    -2397.482716        0.258971
MDMin:  1186 22:56:18    -2397.481512        0.293495
MDMin:  1187 22:56:20    -2397.480567        0.404178
MDMin:  1188 22:56:22    -2397.480160        0.246068
MDMin:  1189 22:56:24    -2397.479678        0.244178
MDMin:  1190 22:56:26    -2397.479120        0.242122
MDMin:  1191 22:56:28    -2397.478481        0.239922
MDMin:  1192 22:56:30    -2397.477757        0.237597
MDMin:  1193 22:56:32    -2397.476942        0.235164
MDMin:  1194 22:56:34    -2397.476031        0.232632
MDMin:  1195 22:56:36    -2397.475019        0.230007
MDMin:  1196 22:56:38    -2397.473899        0.227287
MDMin:  1197 22:56:40    -2397.472668        0.224461
MDMin:  1198 22:56:42    -2397.471319        0.221510
MDMin:  1199 22:56:44    -2397.469848        0.218404
MDMin:  1200 22:56:46    -2397.468251        0.215104
MDMin:  1201 22:56:48    -2397.466524        0.211564
MDMin:  1202 22:56:50    -2397.464666        0.207735
MDMin:  1203 22:56:52    -2397.462677        0.203566
MDMin:  1204 22:56:54    -2397.460568        0.199031
MDMin:  1205 22:56:56    -2397.458422        0.266329
MDMin:  1206 22:56:58    -2397.456756        0.455376
MDMin:  1207 22:57:00    -2397.456191        0.189279
MDMin:  1208 22:57:02    -2397.455498        0.187716
MDMin:  1209 22:57:04    -2397.454713        0.185915
MDMin:  1210 22:57:06    -2397.453834        0.183865
MDMin:  1211 22:57:07    -2397.452862        0.181554
MDMin:  1212 22:57:09    -2397.451800        0.178976
MDMin:  1213 22:57:10    -2397.450651        0.176120
MDMin:  1214 22:57:11    -2397.449419        0.172981
MDMin:  1215 22:57:13    -2397.448111        0.171503
MDMin:  1216 22:57:15    -2397.446738        0.171819
MDMin:  1217 22:57:18    -2397.445315        0.172137
MDMin:  1218 22:57:20    -2397.443861        0.172457
MDMin:  1219 22:57:21    -2397.442404        0.172781
MDMin:  1220 22:57:24    -2397.440983        0.173114
MDMin:  1221 22:57:25    -2397.439650        0.173464
MDMin:  1222 22:57:27    -2397.438490        0.198314
MDMin:  1223 22:57:29    -2397.437652        0.347334
MDMin:  1224 22:57:31    -2397.437277        0.281624
MDMin:  1225 22:57:33    -2397.437098        0.174872
MDMin:  1226 22:57:35    -2397.436937        0.175050
MDMin:  1227 22:57:37    -2397.436808        0.175220
MDMin:  1228 22:57:39    -2397.436735        0.175404
MDMin:  1229 22:57:41    -2397.436747        0.175618
MDMin:  1230 22:57:43    -2397.436878        0.175879
MDMin:  1231 22:57:45    -2397.437170        0.176199
MDMin:  1232 22:57:47    -2397.437667        0.176593
MDMin:  1233 22:57:48    -2397.438419        0.177074
MDMin:  1234 22:57:49    -2397.439476        0.177658
MDMin:  1235 22:57:51    -2397.440891        0.178362
MDMin:  1236 22:57:53    -2397.442708        0.179202
MDMin:  1237 22:57:55    -2397.444962        0.180194
MDMin:  1238 22:57:56    -2397.447673        0.181349
MDMin:  1239 22:57:58    -2397.450839        0.182668
MDMin:  1240 22:57:59    -2397.454427        0.184961
MDMin:  1241 22:58:00    -2397.458304        0.208630
MDMin:  1242 22:58:02    -2397.461911        0.373030
MDMin:  1243 22:58:03    -2397.463875        0.274083
MDMin:  1244 22:58:04    -2397.465085        0.201968
MDMin:  1245 22:58:05    -2397.466508        0.203929
MDMin:  1246 22:58:06    -2397.468139        0.206150
MDMin:  1247 22:58:08    -2397.469979        0.208592
MDMin:  1248 22:58:09    -2397.472028        0.211203
MDMin:  1249 22:58:11    -2397.474285        0.213914
MDMin:  1250 22:58:12    -2397.476747        0.216643
MDMin:  1251 22:58:13    -2397.479411        0.219285
MDMin:  1252 22:58:15    -2397.482272        0.221716
MDMin:  1253 22:58:17    -2397.485326        0.223789
MDMin:  1254 22:58:19    -2397.488054        0.284885
MDMin:  1255 22:58:21    -2397.487002        0.248533
MDMin:  1256 22:58:23    -2397.488110        0.244104
MDMin:  1257 22:58:25    -2397.488635        0.258413
MDMin:  1258 22:58:26    -2397.488725        0.250373
MDMin:  1259 22:58:27    -2397.489153        0.250210
MDMin:  1260 22:58:28    -2397.488933        0.253980
MDMin:  1261 22:58:30    -2397.489388        0.244464
MDMin:  1262 22:58:31    -2397.489048        0.257052
MDMin:  1263 22:58:32    -2397.489473        0.255735
MDMin:  1264 22:58:33    -2397.489078        0.239030
MDMin:  1265 22:58:35    -2397.489653        0.237440
MDMin:  1266 22:58:36    -2397.489132        0.266703
MDMin:  1267 22:58:37    -2397.489703        0.264619
MDMin:  1268 22:58:38    -2397.489399        0.235509
MDMin:  1269 22:58:39    -2397.490028        0.233750
MDMin:  1270 22:58:40    -2397.489449        0.275649
MDMin:  1271 22:58:42    -2397.490045        0.273359
MDMin:  1272 22:58:43    -2397.489723        0.231569
MDMin:  1273 22:58:44    -2397.490347        0.229825
MDMin:  1274 22:58:45    -2397.489848        0.283892
MDMin:  1275 22:58:47    -2397.490444        0.281554
MDMin:  1276 22:58:49    -2397.489978        0.227654
MDMin:  1277 22:58:51    -2397.490589        0.225977
MDMin:  1278 22:58:52    -2397.490295        0.291566
MDMin:  1279 22:58:53    -2397.490885        0.289206
MDMin:  1280 22:58:55    -2397.490161        0.223888
MDMin:  1281 22:58:56    -2397.490759        0.222295
MDMin:  1282 22:58:58    -2397.490779        0.298721
MDMin:  1283 22:58:59    -2397.491029        0.219988
MDMin:  1284 22:59:00    -2397.491055        0.300428
MDMin:  1285 22:59:01    -2397.491090        0.218689
MDMin:  1286 22:59:02    -2397.491232        0.302207
MDMin:  1287 22:59:04    -2397.491109        0.217605
MDMin:  1288 22:59:06    -2397.491393        0.303985
MDMin:  1289 22:59:07    -2397.491117        0.216587
MDMin:  1290 22:59:09    -2397.491506        0.215498
MDMin:  1291 22:59:11    -2397.491166        0.310868
MDMin:  1292 22:59:13    -2397.491620        0.213740
MDMin:  1293 22:59:14    -2397.491402        0.312313
MDMin:  1294 22:59:15    -2397.491626        0.212583
MDMin:  1295 22:59:17    -2397.491583        0.313836
MDMin:  1296 22:59:19    -2397.491610        0.211574
MDMin:  1297 22:59:21    -2397.491757        0.315366
MDMin:  1298 22:59:22    -2397.491587        0.210626
MDMin:  1299 22:59:24    -2397.491931        0.316884
MDMin:  1300 22:59:26    -2397.491561        0.209718
MDMin:  1301 22:59:28    -2397.491935        0.208738
MDMin:  1302 22:59:30    -2397.491749        0.323264
MDMin:  1303 22:59:31    -2397.492010        0.207133
MDMin:  1304 22:59:32    -2397.492000        0.324454
MDMin:  1305 22:59:33    -2397.491983        0.206091
MDMin:  1306 22:59:35    -2397.492197        0.325736
MDMin:  1307 22:59:37    -2397.491938        0.205185
MDMin:  1308 22:59:38    -2397.492303        0.204259
MDMin:  1309 22:59:39    -2397.492044        0.331736
MDMin:  1310 22:59:40    -2397.492351        0.202705
MDMin:  1311 22:59:41    -2397.492305        0.332732
MDMin:  1312 22:59:43    -2397.492303        0.201711
MDMin:  1313 22:59:45    -2397.492512        0.333840
MDMin:  1314 22:59:47    -2397.492237        0.200856
MDMin:  1315 22:59:49    -2397.492593        0.199999
MDMin:  1316 22:59:51    -2397.492384        0.339515
MDMin:  1317 22:59:53    -2397.492618        0.198530
MDMin:  1318 22:59:55    -2397.492655        0.340343
MDMin:  1319 22:59:57    -2397.492551        0.197599
MDMin:  1320 22:59:59    -2397.492870        0.341293
MDMin:  1321 23:00:01    -2397.492467        0.196804
MDMin:  1322 23:00:03    -2397.492816        0.196021
MDMin:  1323 23:00:04    -2397.492767        0.346672
MDMin:  1324 23:00:06    -2397.492820        0.194644
MDMin:  1325 23:00:07    -2397.493047        0.347341
MDMin:  1326 23:00:09    -2397.492735        0.193777
MDMin:  1327 23:00:10    -2397.493081        0.193021
MDMin:  1328 23:00:11    -2397.492968        0.352480
MDMin:  1329 23:00:13    -2397.493069        0.191650
MDMin:  1330 23:00:15    -2397.493254        0.353015
MDMin:  1331 23:00:17    -2397.492971        0.190801
MDMin:  1332 23:00:19    -2397.493311        0.190090
MDMin:  1333 23:00:21    -2397.493192        0.357930
MDMin:  1334 23:00:22    -2397.493283        0.188764
MDMin:  1335 23:00:24    -2397.493485        0.358348
MDMin:  1336 23:00:26    -2397.493171        0.187950
MDMin:  1337 23:00:28    -2397.493506        0.187289
MDMin:  1338 23:00:30    -2397.493438        0.363057
MDMin:  1339 23:00:31    -2397.493462        0.186019
MDMin:  1340 23:00:32    -2397.493736        0.363364
MDMin:  1341 23:00:33    -2397.493339        0.185244
MDMin:  1342 23:00:35    -2397.493668        0.184636
MDMin:  1343 23:00:37    -2397.493705        0.367877
MDMin:  1344 23:00:39    -2397.493611        0.183426
MDMin:  1345 23:00:41    -2397.493959        0.182771
MDMin:  1346 23:00:43    -2397.493729        0.372236
MDMin:  1347 23:00:44    -2397.493900        0.181447
MDMin:  1348 23:00:46    -2397.494045        0.372324
MDMin:  1349 23:00:48    -2397.493756        0.180682
MDMin:  1350 23:00:49    -2397.494076        0.180140
MDMin:  1351 23:00:50    -2397.494038        0.376506
MDMin:  1352 23:00:52    -2397.493994        0.178986
MDMin:  1353 23:00:53    -2397.494332        0.178723
MDMin:  1354 23:00:54    -2397.494087        0.380531
MDMin:  1355 23:00:55    -2397.494248        0.178453
MDMin:  1356 23:00:56    -2397.494411        0.380447
MDMin:  1357 23:00:57    -2397.494085        0.178257
MDMin:  1358 23:00:58    -2397.494397        0.178156
MDMin:  1359 23:00:59    -2397.494427        0.384326
MDMin:  1360 23:01:01    -2397.494293        0.177886
MDMin:  1361 23:01:02    -2397.494622        0.177776
MDMin:  1362 23:01:03    -2397.494499        0.388041
MDMin:  1363 23:01:04    -2397.494517        0.177490
MDMin:  1364 23:01:06    -2397.494830        0.387794
MDMin:  1365 23:01:08    -2397.494336        0.177284
MDMin:  1366 23:01:10    -2397.494642        0.177178
MDMin:  1367 23:01:12    -2397.494869        0.391389
MDMin:  1368 23:01:13    -2397.494518        0.176895
MDMin:  1369 23:01:14    -2397.494841        0.176779
MDMin:  1370 23:01:15    -2397.494962        0.394813
MDMin:  1371 23:01:17    -2397.494716        0.176482
MDMin:  1372 23:01:18    -2397.495037        0.176364
MDMin:  1373 23:01:19    -2397.495070        0.398115
MDMin:  1374 23:01:20    -2397.494903        0.176062
MDMin:  1375 23:01:22    -2397.495221        0.175943
MDMin:  1376 23:01:23    -2397.495187        0.401305
MDMin:  1377 23:01:25    -2397.495078        0.175637
MDMin:  1378 23:01:26    -2397.495392        0.175516
MDMin:  1379 23:01:28    -2397.495312        0.404388
MDMin:  1380 23:01:29    -2397.495240        0.175208
MDMin:  1381 23:01:32    -2397.495550        0.175086
MDMin:  1382 23:01:34    -2397.495445        0.407364
MDMin:  1383 23:01:36    -2397.495390        0.174776
MDMin:  1384 23:01:38    -2397.495697        0.174652
MDMin:  1385 23:01:40    -2397.495586        0.410234
MDMin:  1386 23:01:42    -2397.495528        0.174340
MDMin:  1387 23:01:44    -2397.495832        0.174215
MDMin:  1388 23:01:46    -2397.495735        0.413000
MDMin:  1389 23:01:48    -2397.495656        0.173901
MDMin:  1390 23:01:50    -2397.495957        0.173776
MDMin:  1391 23:01:52    -2397.495891        0.415663
MDMin:  1392 23:01:54    -2397.495773        0.173461
MDMin:  1393 23:01:56    -2397.496072        0.173336
MDMin:  1394 23:01:58    -2397.496055        0.418225
MDMin:  1395 23:01:59    -2397.495881        0.173173
MDMin:  1396 23:02:00    -2397.496178        0.173164
MDMin:  1397 23:02:02    -2397.496226        0.420687
MDMin:  1398 23:02:03    -2397.495980        0.173137
MDMin:  1399 23:02:04    -2397.496274        0.173126
MDMin:  1400 23:02:05    -2397.496404        0.423053
MDMin:  1401 23:02:06    -2397.496070        0.173093
MDMin:  1402 23:02:07    -2397.496362        0.173080
MDMin:  1403 23:02:09    -2397.496589        0.425323
MDMin:  1404 23:02:10    -2397.496151        0.173041
MDMin:  1405 23:02:11    -2397.496442        0.173025
MDMin:  1406 23:02:12    -2397.496782        0.427500
MDMin:  1407 23:02:14    -2397.496225        0.172980
MDMin:  1408 23:02:15    -2397.496514        0.172962
MDMin:  1409 23:02:16    -2397.496948        0.172931
MDMin:  1410 23:02:17    -2397.496749        0.433894
MDMin:  1411 23:02:18    -2397.496764        0.172860
MDMin:  1412 23:02:20    -2397.497063        0.172838
MDMin:  1413 23:02:21    -2397.497015        0.435719
MDMin:  1414 23:02:22    -2397.496829        0.172779
MDMin:  1415 23:02:23    -2397.497111        0.172756
MDMin:  1416 23:02:25    -2397.497239        0.437586
MDMin:  1417 23:02:26    -2397.496866        0.172694
MDMin:  1418 23:02:28    -2397.497145        0.172669
MDMin:  1419 23:02:30    -2397.497463        0.439370
MDMin:  1420 23:02:32    -2397.496894        0.172602
MDMin:  1421 23:02:33    -2397.497172        0.172575
MDMin:  1422 23:02:35    -2397.497590        0.172529
MDMin:  1423 23:02:37    -2397.497487        0.445160
MDMin:  1424 23:02:39    -2397.497368        0.172432
MDMin:  1425 23:02:40    -2397.497657        0.172401
MDMin:  1426 23:02:41    -2397.497784        0.446572
MDMin:  1427 23:02:42    -2397.497392        0.172321
MDMin:  1428 23:02:43    -2397.497665        0.172290
MDMin:  1429 23:02:44    -2397.498037        0.448049
MDMin:  1430 23:02:45    -2397.497391        0.172208
MDMin:  1431 23:02:47    -2397.497661        0.172175
MDMin:  1432 23:02:48    -2397.498068        0.172121
MDMin:  1433 23:02:50    -2397.498104        0.453403
MDMin:  1434 23:02:52    -2397.497820        0.172006
MDMin:  1435 23:02:54    -2397.498101        0.171969
MDMin:  1436 23:02:56    -2397.498424        0.454510
MDMin:  1437 23:02:58    -2397.497814        0.171877
MDMin:  1438 23:02:59    -2397.498080        0.171840
MDMin:  1439 23:03:01    -2397.498479        0.171780
MDMin:  1440 23:03:04    -2397.498525        0.459579
MDMin:  1441 23:03:06    -2397.498212        0.171655
MDMin:  1442 23:03:08    -2397.498487        0.171615
MDMin:  1443 23:03:09    -2397.498861        0.460481
MDMin:  1444 23:03:11    -2397.498184        0.171514
MDMin:  1445 23:03:13    -2397.498445        0.171475
MDMin:  1446 23:03:15    -2397.498837        0.171410
MDMin:  1447 23:03:17    -2397.498991        0.465260
MDMin:  1448 23:03:19    -2397.498551        0.171276
MDMin:  1449 23:03:21    -2397.498822        0.171232
MDMin:  1450 23:03:23    -2397.499221        0.171162
MDMin:  1451 23:03:24    -2397.499184        0.469813
MDMin:  1452 23:03:26    -2397.498924        0.171021
MDMin:  1453 23:03:28    -2397.499192        0.170976
MDMin:  1454 23:03:30    -2397.499550        0.470379
MDMin:  1455 23:03:32    -2397.498862        0.170865
MDMin:  1456 23:03:34    -2397.499115        0.170821
MDMin:  1457 23:03:36    -2397.499496        0.170750
MDMin:  1458 23:03:38    -2397.499725        0.474711
MDMin:  1459 23:03:39    -2397.499180        0.170604
MDMin:  1460 23:03:41    -2397.499443        0.170557
MDMin:  1461 23:03:43    -2397.499831        0.170482
MDMin:  1462 23:03:45    -2397.499962        0.478792
MDMin:  1463 23:03:47    -2397.499506        0.170330
MDMin:  1464 23:03:49    -2397.499767        0.170281
MDMin:  1465 23:03:50    -2397.500151        0.170204
MDMin:  1466 23:03:52    -2397.500221        0.482712
MDMin:  1467 23:03:53    -2397.499814        0.170049
MDMin:  1468 23:03:55    -2397.500071        0.170000
MDMin:  1469 23:03:57    -2397.500450        0.169921
MDMin:  1470 23:03:59    -2397.500496        0.486469
MDMin:  1471 23:04:01    -2397.500102        0.169763
MDMin:  1472 23:04:03    -2397.500356        0.169713
MDMin:  1473 23:04:05    -2397.500731        0.169633
MDMin:  1474 23:04:07    -2397.500787        0.490058
MDMin:  1475 23:04:09    -2397.500372        0.169474
MDMin:  1476 23:04:11    -2397.500623        0.169423
MDMin:  1477 23:04:13    -2397.500994        0.169342
MDMin:  1478 23:04:14    -2397.501094        0.493475
MDMin:  1479 23:04:16    -2397.500625        0.169181
MDMin:  1480 23:04:18    -2397.500874        0.169130
MDMin:  1481 23:04:20    -2397.501242        0.169049
MDMin:  1482 23:04:23    -2397.501415        0.496721
MDMin:  1483 23:04:25    -2397.500862        0.168886
MDMin:  1484 23:04:26    -2397.501110        0.168835
MDMin:  1485 23:04:28    -2397.501474        0.168753
MDMin:  1486 23:04:30    -2397.501753        0.499800
MDMin:  1487 23:04:32    -2397.501085        0.168589
MDMin:  1488 23:04:35    -2397.501331        0.168538
MDMin:  1489 23:04:37    -2397.501693        0.168455
MDMin:  1490 23:04:39    -2397.502105        0.502717
MDMin:  1491 23:04:41    -2397.501295        0.168292
MDMin:  1492 23:04:43    -2397.501539        0.168240
MDMin:  1493 23:04:45    -2397.501899        0.168157
MDMin:  1494 23:04:47    -2397.502369        0.168042
MDMin:  1495 23:04:48    -2397.502370        0.509743
MDMin:  1496 23:04:50    -2397.501962        0.167840
MDMin:  1497 23:04:52    -2397.502214        0.167787
MDMin:  1498 23:04:53    -2397.502577        0.167703
MDMin:  1499 23:04:55    -2397.502811        0.512142
MDMin:  1500 23:04:57    -2397.502152        0.167538
MDMin:  1501 23:04:59    -2397.502390        0.167486
MDMin:  1502 23:05:01    -2397.502741        0.167405
MDMin:  1503 23:05:04    -2397.503198        0.167290
MDMin:  1504 23:05:06    -2397.503134        0.518709
MDMin:  1505 23:05:08    -2397.502761        0.167091
MDMin:  1506 23:05:09    -2397.503006        0.167038
MDMin:  1507 23:05:11    -2397.503361        0.166955
MDMin:  1508 23:05:13    -2397.503610        0.520711
MDMin:  1509 23:05:15    -2397.502910        0.166792
MDMin:  1510 23:05:17    -2397.503143        0.166742
MDMin:  1511 23:05:19    -2397.503486        0.166661
MDMin:  1512 23:05:21    -2397.503933        0.166548
MDMin:  1513 23:05:23    -2397.503985        0.526772
MDMin:  1514 23:05:25    -2397.503469        0.166352
MDMin:  1515 23:05:27    -2397.503710        0.166301
MDMin:  1516 23:05:30    -2397.504058        0.166219
MDMin:  1517 23:05:31    -2397.504494        0.528370
MDMin:  1518 23:05:33    -2397.503583        0.166075
MDMin:  1519 23:05:35    -2397.503813        0.166079
MDMin:  1520 23:05:37    -2397.504150        0.166085
MDMin:  1521 23:05:39    -2397.504591        0.166092
MDMin:  1522 23:05:41    -2397.504919        0.533938
MDMin:  1523 23:05:43    -2397.504101        0.166100
MDMin:  1524 23:05:45    -2397.504338        0.166103
MDMin:  1525 23:05:46    -2397.504682        0.166105
MDMin:  1526 23:05:48    -2397.505126        0.166107
MDMin:  1527 23:05:49    -2397.505422        0.539119
MDMin:  1528 23:05:50    -2397.504617        0.166107
MDMin:  1529 23:05:51    -2397.504852        0.166107
MDMin:  1530 23:05:53    -2397.505192        0.166106
MDMin:  1531 23:05:55    -2397.505631        0.166103
MDMin:  1532 23:05:57    -2397.505959        0.544024
MDMin:  1533 23:05:59    -2397.505105        0.166096
MDMin:  1534 23:06:01    -2397.505338        0.166094
MDMin:  1535 23:06:02    -2397.505674        0.166090
MDMin:  1536 23:06:04    -2397.506108        0.166083
MDMin:  1537 23:06:06    -2397.506523        0.548645
MDMin:  1538 23:06:08    -2397.505564        0.166069
MDMin:  1539 23:06:10    -2397.505795        0.166065
MDMin:  1540 23:06:12    -2397.506128        0.166059
MDMin:  1541 23:06:13    -2397.506558        0.166048
MDMin:  1542 23:06:15    -2397.507079        0.166032
MDMin:  1543 23:06:16    -2397.507104        0.557600
MDMin:  1544 23:06:18    -2397.506494        0.166005
MDMin:  1545 23:06:19    -2397.506730        0.165999
MDMin:  1546 23:06:21    -2397.507066        0.165988
MDMin:  1547 23:06:23    -2397.507496        0.165972
MDMin:  1548 23:06:26    -2397.507788        0.561330
MDMin:  1549 23:06:28    -2397.506904        0.165943
MDMin:  1550 23:06:29    -2397.507130        0.165936
MDMin:  1551 23:06:30    -2397.507454        0.165923
MDMin:  1552 23:06:32    -2397.507873        0.165904
MDMin:  1553 23:06:33    -2397.508379        0.165878
MDMin:  1554 23:06:34    -2397.508461        0.569407
MDMin:  1555 23:06:36    -2397.507743        0.165835
MDMin:  1556 23:06:38    -2397.507975        0.165825
MDMin:  1557 23:06:40    -2397.508303        0.165809
MDMin:  1558 23:06:42    -2397.508723        0.165785
MDMin:  1559 23:06:44    -2397.509208        0.572379
MDMin:  1560 23:06:46    -2397.508086        0.165744
MDMin:  1561 23:06:47    -2397.508309        0.165732
MDMin:  1562 23:06:49    -2397.508628        0.165714
MDMin:  1563 23:06:50    -2397.509039        0.165688
MDMin:  1564 23:06:51    -2397.509528        0.635708
MDMin:  1565 23:06:52    -2397.509539        0.625091
MDMin:  1566 23:06:54    -2397.509555        0.609324
MDMin:  1567 23:06:55    -2397.509576        0.588233
MDMin:  1568 23:06:57    -2397.509603        0.561795
MDMin:  1569 23:06:58    -2397.509444        0.587411
MDMin:  1570 23:07:00    -2397.509637        0.530513
MDMin:  1571 23:07:01    -2397.509631        0.585171
MDMin:  1572 23:07:03    -2397.509645        0.526260
MDMin:  1573 23:07:04    -2397.509650        0.521872
MDMin:  1574 23:07:06    -2397.509659        0.513091
MDMin:  1575 23:07:08    -2397.509493        0.585331
MDMin:  1576 23:07:10    -2397.509677        0.500518
MDMin:  1577 23:07:12    -2397.509675        0.583029
MDMin:  1578 23:07:15    -2397.509684        0.496929
MDMin:  1579 23:07:17    -2397.509689        0.492908
MDMin:  1580 23:07:18    -2397.509698        0.484835
MDMin:  1581 23:07:20    -2397.509449        0.583468
MDMin:  1582 23:07:21    -2397.509701        0.580719
MDMin:  1583 23:07:22    -2397.509720        0.475031
MDMin:  1584 23:07:24    -2397.509725        0.471498
MDMin:  1585 23:07:25    -2397.509734        0.464239
MDMin:  1586 23:07:26    -2397.509688        0.578537
MDMin:  1587 23:07:27    -2397.509750        0.454231
MDMin:  1588 23:07:29    -2397.509755        0.450752
MDMin:  1589 23:07:30    -2397.509642        0.577672
MDMin:  1590 23:07:31    -2397.509767        0.444756
MDMin:  1591 23:07:33    -2397.509771        0.441394
MDMin:  1592 23:07:35    -2397.509588        0.576790
MDMin:  1593 23:07:37    -2397.509783        0.435714
MDMin:  1594 23:07:39    -2397.509735        0.574688
MDMin:  1595 23:07:40    -2397.509790        0.433568
MDMin:  1596 23:07:42    -2397.509794        0.430388
MDMin:  1597 23:07:43    -2397.509673        0.573824
MDMin:  1598 23:07:45    -2397.509806        0.425130
MDMin:  1599 23:07:47    -2397.509810        0.422044
MDMin:  1600 23:07:49    -2397.509595        0.573068
MDMin:  1601 23:07:50    -2397.509822        0.417055
MDMin:  1602 23:07:52    -2397.509733        0.571023
MDMin:  1603 23:07:54    -2397.509829        0.415311
MDMin:  1604 23:07:56    -2397.509833        0.412379
MDMin:  1605 23:07:57    -2397.509648        0.570278
MDMin:  1606 23:07:59    -2397.509845        0.407750
MDMin:  1607 23:08:01    -2397.509782        0.568265
MDMin:  1608 23:08:04    -2397.509852        0.406207
MDMin:  1609 23:08:06    -2397.509856        0.403411
MDMin:  1610 23:08:08    -2397.509687        0.567593
MDMin:  1611 23:08:09    -2397.509867        0.399108
MDMin:  1612 23:08:11    -2397.509817        0.565613
MDMin:  1613 23:08:13    -2397.509874        0.397748
MDMin:  1614 23:08:15    -2397.509878        0.395076
MDMin:  1615 23:08:17    -2397.509713        0.565014
MDMin:  1616 23:08:19    -2397.509889        0.391072
MDMin:  1617 23:08:21    -2397.509840        0.563066
MDMin:  1618 23:08:23    -2397.509896        0.389878
MDMin:  1619 23:08:25    -2397.509900        0.387318
MDMin:  1620 23:08:27    -2397.509727        0.562542
MDMin:  1621 23:08:29    -2397.509911        0.383590
MDMin:  1622 23:08:31    -2397.509852        0.560625
MDMin:  1623 23:08:33    -2397.509918        0.382549
MDMin:  1624 23:08:35    -2397.509922        0.380091
MDMin:  1625 23:08:37    -2397.509731        0.560174
MDMin:  1626 23:08:38    -2397.509933        0.376617
MDMin:  1627 23:08:40    -2397.509854        0.558287
MDMin:  1628 23:08:42    -2397.509939        0.375717
MDMin:  1629 23:08:43    -2397.509943        0.373354
MDMin:  1630 23:08:45    -2397.509725        0.557908
MDMin:  1631 23:08:47    -2397.509954        0.370115
MDMin:  1632 23:08:49    -2397.509846        0.556049
MDMin:  1633 23:08:51    -2397.509961        0.369344
MDMin:  1634 23:08:53    -2397.509965        0.367068
MDMin:  1635 23:08:55    -2397.509710        0.555739
MDMin:  1636 23:08:57    -2397.509959        0.553115
MDMin:  1637 23:08:59    -2397.509980        0.367100
MDMin:  1638 23:09:01    -2397.509984        0.365005
MDMin:  1639 23:09:03    -2397.509992        0.360683
MDMin:  1640 23:09:05    -2397.509694        0.552610
MDMin:  1641 23:09:07    -2397.509940        0.550051
MDMin:  1642 23:09:09    -2397.510011        0.358906
MDMin:  1643 23:09:12    -2397.510014        0.356904
MDMin:  1644 23:09:14    -2397.510022        0.352792
MDMin:  1645 23:09:16    -2397.509651        0.549818
MDMin:  1646 23:09:18    -2397.509899        0.547265
MDMin:  1647 23:09:19    -2397.509922        0.238753
MDMin:  1648 23:09:21    -2397.509869        0.233087
MDMin:  1649 23:09:23    -2397.509542        0.535783
MDMin:  1650 23:09:25    -2397.508827        0.218741
MDMin:  1651 23:09:27    -2397.508817        0.213191
MDMin:  1652 23:09:29    -2397.508822        0.206424
MDMin:  1653 23:09:31    -2397.508856        0.198777
MDMin:  1654 23:09:33    -2397.508376        0.517027
MDMin:  1655 23:09:35    -2397.507497        0.193493
MDMin:  1656 23:09:37    -2397.507621        0.189882
MDMin:  1657 23:09:39    -2397.507788        0.185999
MDMin:  1658 23:09:41    -2397.508006        0.182063
MDMin:  1659 23:09:44    -2397.508285        0.178222
MDMin:  1660 23:09:45    -2397.508005        0.506741
MDMin:  1661 23:09:47    -2397.506949        0.182486
MDMin:  1662 23:09:49    -2397.507196        0.179543
MDMin:  1663 23:09:51    -2397.507503        0.176443
MDMin:  1664 23:09:53    -2397.507871        0.173366
MDMin:  1665 23:09:55    -2397.508303        0.170420
MDMin:  1666 23:09:57    -2397.508800        0.167658
MDMin:  1667 23:09:59    -2397.508798        0.512899
MDMin:  1668 23:10:01    -2397.507555        0.172671
MDMin:  1669 23:10:03    -2397.507853        0.170616
MDMin:  1670 23:10:05    -2397.508220        0.168422
MDMin:  1671 23:10:07    -2397.508654        0.166224
MDMin:  1672 23:10:09    -2397.509154        0.164107
MDMin:  1673 23:10:11    -2397.509716        0.162111
MDMin:  1674 23:10:14    -2397.510084        0.545162
MDMin:  1675 23:10:16    -2397.510094        0.531947
MDMin:  1676 23:10:18    -2397.510107        0.514413
MDMin:  1677 23:10:20    -2397.510124        0.492518
MDMin:  1678 23:10:22    -2397.510005        0.552257
MDMin:  1679 23:10:24    -2397.510145        0.466950
MDMin:  1680 23:10:26    -2397.510147        0.463315
MDMin:  1681 23:10:28    -2397.510084        0.553720
MDMin:  1682 23:10:30    -2397.510155        0.456653
MDMin:  1683 23:10:32    -2397.510157        0.453164
MDMin:  1684 23:10:34    -2397.510163        0.446128
MDMin:  1685 23:10:36    -2397.509978        0.558093
MDMin:  1686 23:10:38    -2397.510173        0.436427
MDMin:  1687 23:10:40    -2397.510175        0.433122
MDMin:  1688 23:10:42    -2397.510026        0.559038
MDMin:  1689 23:10:43    -2397.510182        0.427367
MDMin:  1690 23:10:45    -2397.510185        0.424184
MDMin:  1691 23:10:47    -2397.510062        0.559852
MDMin:  1692 23:10:49    -2397.510192        0.418738
MDMin:  1693 23:10:51    -2397.510194        0.415668
MDMin:  1694 23:10:52    -2397.510081        0.560598
MDMin:  1695 23:10:53    -2397.510201        0.410512
MDMin:  1696 23:10:55    -2397.510203        0.407548
MDMin:  1697 23:10:56    -2397.510084        0.561282
MDMin:  1698 23:10:58    -2397.510210        0.402667
MDMin:  1699 23:11:00    -2397.510213        0.399802
MDMin:  1700 23:11:01    -2397.510072        0.561907
MDMin:  1701 23:11:02    -2397.510219        0.395182
MDMin:  1702 23:11:04    -2397.510222        0.392410
MDMin:  1703 23:11:06    -2397.510046        0.562479
MDMin:  1704 23:11:08    -2397.510228        0.388037
MDMin:  1705 23:11:10    -2397.510212        0.561035
MDMin:  1706 23:11:12    -2397.510232        0.386600
MDMin:  1707 23:11:13    -2397.510235        0.383979
MDMin:  1708 23:11:15    -2397.510177        0.561484
MDMin:  1709 23:11:16    -2397.510241        0.379941
MDMin:  1710 23:11:18    -2397.510243        0.377395
MDMin:  1711 23:11:19    -2397.510125        0.561955
MDMin:  1712 23:11:20    -2397.510249        0.373568
MDMin:  1713 23:11:22    -2397.510252        0.371094
MDMin:  1714 23:11:24    -2397.510063        0.562390
MDMin:  1715 23:11:26    -2397.510258        0.367471
MDMin:  1716 23:11:28    -2397.510213        0.560877
MDMin:  1717 23:11:30    -2397.510262        0.366467
MDMin:  1718 23:11:32    -2397.510264        0.364115
MDMin:  1719 23:11:33    -2397.510146        0.561213
MDMin:  1720 23:11:35    -2397.510270        0.360762
MDMin:  1721 23:11:36    -2397.510272        0.358470
MDMin:  1722 23:11:37    -2397.510063        0.561582
MDMin:  1723 23:11:38    -2397.510278        0.355293
MDMin:  1724 23:11:40    -2397.510206        0.560036
MDMin:  1725 23:11:42    -2397.510282        0.354543
MDMin:  1726 23:11:45    -2397.510284        0.352355
MDMin:  1727 23:11:47    -2397.510120        0.560322
MDMin:  1728 23:11:48    -2397.510290        0.349411
MDMin:  1729 23:11:49    -2397.510259        0.558763
MDMin:  1730 23:11:50    -2397.510294        0.348787
MDMin:  1731 23:11:52    -2397.510296        0.346692
MDMin:  1732 23:11:53    -2397.510165        0.559036
MDMin:  1733 23:11:54    -2397.510302        0.343961
MDMin:  1734 23:11:56    -2397.510301        0.557469
MDMin:  1735 23:11:58    -2397.510305        0.343450
MDMin:  1736 23:12:00    -2397.510307        0.341441
MDMin:  1737 23:12:02    -2397.510200        0.557738
MDMin:  1738 23:12:04    -2397.510313        0.338904
MDMin:  1739 23:12:06    -2397.510315        0.336935
MDMin:  1740 23:12:08    -2397.510086        0.558059
MDMin:  1741 23:12:10    -2397.510321        0.334532
MDMin:  1742 23:12:12    -2397.510218        0.556484
MDMin:  1743 23:12:14    -2397.510324        0.334209
MDMin:  1744 23:12:16    -2397.510326        0.332317
MDMin:  1745 23:12:18    -2397.510104        0.556748
MDMin:  1746 23:12:20    -2397.510332        0.330085
MDMin:  1747 23:12:22    -2397.510233        0.555171
MDMin:  1748 23:12:25    -2397.510335        0.329852
MDMin:  1749 23:12:27    -2397.510337        0.328028
MDMin:  1750 23:12:29    -2397.510114        0.555443
MDMin:  1751 23:12:31    -2397.510343        0.325953
MDMin:  1752 23:12:33    -2397.510240        0.553868
MDMin:  1753 23:12:36    -2397.510346        0.325804
MDMin:  1754 23:12:38    -2397.510348        0.324044
MDMin:  1755 23:12:40    -2397.510117        0.554152
MDMin:  1756 23:12:42    -2397.510353        0.322114
MDMin:  1757 23:12:44    -2397.510242        0.552580
MDMin:  1758 23:12:46    -2397.510357        0.322042
MDMin:  1759 23:12:48    -2397.510359        0.320339
MDMin:  1760 23:12:50    -2397.510114        0.552880
MDMin:  1761 23:12:52    -2397.510364        0.318543
MDMin:  1762 23:12:54    -2397.510237        0.551315
MDMin:  1763 23:12:56    -2397.510368        0.318542
MDMin:  1764 23:12:58    -2397.510366        0.549704
MDMin:  1765 23:13:00    -2397.510371        0.318545
MDMin:  1766 23:13:02    -2397.510373        0.316923
MDMin:  1767 23:13:04    -2397.510235        0.550042
MDMin:  1768 23:13:05    -2397.510378        0.315276
MDMin:  1769 23:13:07    -2397.510357        0.548494
MDMin:  1770 23:13:09    -2397.510381        0.315344
MDMin:  1771 23:13:11    -2397.510383        0.313769
MDMin:  1772 23:13:13    -2397.510223        0.548860
MDMin:  1773 23:13:16    -2397.510388        0.312236
MDMin:  1774 23:13:18    -2397.510344        0.547323
MDMin:  1775 23:13:20    -2397.510391        0.312364
MDMin:  1776 23:13:22    -2397.510393        0.310832
MDMin:  1777 23:13:24    -2397.510206        0.547716
MDMin:  1778 23:13:26    -2397.510398        0.309404
MDMin:  1779 23:13:28    -2397.510326        0.546190
MDMin:  1780 23:13:30    -2397.510401        0.309587
MDMin:  1781 23:13:32    -2397.510403        0.308096
MDMin:  1782 23:13:33    -2397.510186        0.546610
MDMin:  1783 23:13:35    -2397.510408        0.306764
MDMin:  1784 23:13:37    -2397.510305        0.545096
MDMin:  1785 23:13:39    -2397.510411        0.306998
MDMin:  1786 23:13:41    -2397.510413        0.305545
MDMin:  1787 23:13:42    -2397.510162        0.545543
MDMin:  1788 23:13:44    -2397.510412        0.543048
MDMin:  1789 23:13:47    -2397.510421        0.307649
MDMin:  1790 23:13:48    -2397.510422        0.306318
MDMin:  1791 23:13:51    -2397.510426        0.303536
MDMin:  1792 23:13:52    -2397.510140        0.543944
MDMin:  1793 23:13:55    -2397.510386        0.541508
MDMin:  1794 23:13:57    -2397.510435        0.304337
MDMin:  1795 23:13:58    -2397.510437        0.303046
MDMin:  1796 23:14:01    -2397.510440        0.300353
MDMin:  1797 23:14:03    -2397.510102        0.542556
MDMin:  1798 23:14:04    -2397.510348        0.540125
MDMin:  1799 23:14:06    -2397.510449        0.301341
MDMin:  1800 23:14:08    -2397.510450        0.300088
MDMin:  1801 23:14:10    -2397.510454        0.297476
MDMin:  1802 23:14:12    -2397.510059        0.541260
MDMin:  1803 23:14:14    -2397.510305        0.538834
MDMin:  1804 23:14:16    -2397.510463        0.298627
MDMin:  1805 23:14:18    -2397.510464        0.297407
MDMin:  1806 23:14:19    -2397.510416        0.536931
MDMin:  1807 23:14:21    -2397.510469        0.296556
MDMin:  1808 23:14:23    -2397.510470        0.295295
MDMin:  1809 23:14:25    -2397.510262        0.537625
MDMin:  1810 23:14:27    -2397.510475        0.294448
MDMin:  1811 23:14:30    -2397.510377        0.536215
MDMin:  1812 23:14:32    -2397.510477        0.294915
MDMin:  1813 23:14:34    -2397.510479        0.293676
MDMin:  1814 23:14:36    -2397.510225        0.536896
MDMin:  1815 23:14:38    -2397.510475        0.534445
MDMin:  1816 23:14:40    -2397.510486        0.296248
MDMin:  1817 23:14:43    -2397.510487        0.295102
MDMin:  1818 23:14:44    -2397.510491        0.292712
MDMin:  1819 23:14:47    -2397.510186        0.535815
MDMin:  1820 23:14:49    -2397.510431        0.533414
MDMin:  1821 23:14:51    -2397.510499        0.294121
MDMin:  1822 23:14:53    -2397.510500        0.292997
MDMin:  1823 23:14:55    -2397.510503        0.290657
MDMin:  1824 23:14:57    -2397.510134        0.534912
MDMin:  1825 23:14:59    -2397.510379        0.532518
MDMin:  1826 23:15:02    -2397.510502        0.277645
MDMin:  1827 23:15:04    -2397.510407        0.270780
MDMin:  1828 23:15:06    -2397.510014        0.519281
MDMin:  1829 23:15:08    -2397.509317        0.254073
MDMin:  1830 23:15:10    -2397.509253        0.246829
MDMin:  1831 23:15:12    -2397.509192        0.238104
MDMin:  1832 23:15:13    -2397.509151        0.228311
MDMin:  1833 23:15:15    -2397.508864        0.495124
MDMin:  1834 23:15:17    -2397.507677        0.209135
MDMin:  1835 23:15:19    -2397.507760        0.204395
MDMin:  1836 23:15:20    -2397.507879        0.198961
MDMin:  1837 23:15:22    -2397.508045        0.193093
MDMin:  1838 23:15:24    -2397.508268        0.187090
MDMin:  1839 23:15:26    -2397.508558        0.181242
MDMin:  1840 23:15:28    -2397.508580        0.482052
MDMin:  1841 23:15:30    -2397.507013        0.183533
MDMin:  1842 23:15:32    -2397.507278        0.180215
MDMin:  1843 23:15:35    -2397.507600        0.176931
MDMin:  1844 23:15:37    -2397.507978        0.173823
MDMin:  1845 23:15:39    -2397.508414        0.170950
MDMin:  1846 23:15:41    -2397.508910        0.168313
MDMin:  1847 23:15:43    -2397.509466        0.165886
MDMin:  1848 23:15:45    -2397.510081        0.163634
MDMin:  1849 23:15:47    -2397.510565        0.502845
MDMin:  1850 23:15:48    -2397.508561        0.169029
MDMin:  1851 23:15:50    -2397.508879        0.167096
MDMin:  1852 23:15:53    -2397.509260        0.165133
MDMin:  1853 23:15:55    -2397.509701        0.163238
MDMin:  1854 23:15:56    -2397.510201        0.161458
MDMin:  1855 23:15:58    -2397.510755        0.159798
MDMin:  1856 23:16:01    -2397.510807        0.555260
MDMin:  1857 23:16:03    -2397.510823        0.542388
MDMin:  1858 23:16:05    -2397.510843        0.525188
MDMin:  1859 23:16:07    -2397.510866        0.503579
MDMin:  1860 23:16:09    -2397.510891        0.477710
MDMin:  1861 23:16:11    -2397.510917        0.448061
MDMin:  1862 23:16:13    -2397.510941        0.415464
MDMin:  1863 23:16:16    -2397.510962        0.381021
MDMin:  1864 23:16:18    -2397.509985        0.598762
MDMin:  1865 23:16:20    -2397.510180        0.596738
MDMin:  1866 23:16:22    -2397.510623        0.592030
MDMin:  1867 23:16:25    -2397.510987        0.353149
MDMin:  1868 23:16:27    -2397.510987        0.351105
MDMin:  1869 23:16:29    -2397.510989        0.346677
MDMin:  1870 23:16:31    -2397.510698        0.589652
MDMin:  1871 23:16:33    -2397.510932        0.587042
MDMin:  1872 23:16:35    -2397.510996        0.343886
MDMin:  1873 23:16:37    -2397.510997        0.341923
MDMin:  1874 23:16:39    -2397.510998        0.337751
MDMin:  1875 23:16:41    -2397.510769        0.586849
MDMin:  1876 23:16:43    -2397.511001        0.584235
MDMin:  1877 23:16:45    -2397.511005        0.335483
MDMin:  1878 23:16:47    -2397.511005        0.333675
MDMin:  1879 23:16:49    -2397.511006        0.329811
MDMin:  1880 23:16:51    -2397.510824        0.583968
MDMin:  1881 23:16:52    -2397.511009        0.325295
MDMin:  1882 23:16:54    -2397.510940        0.582226
MDMin:  1883 23:16:56    -2397.511011        0.324849
MDMin:  1884 23:16:58    -2397.511012        0.323002
MDMin:  1885 23:17:00    -2397.510837        0.582109
MDMin:  1886 23:17:02    -2397.511014        0.320659
MDMin:  1887 23:17:05    -2397.510959        0.580277
MDMin:  1888 23:17:07    -2397.511016        0.320322
MDMin:  1889 23:17:09    -2397.511016        0.318558
MDMin:  1890 23:17:11    -2397.510852        0.580160
MDMin:  1891 23:17:13    -2397.511018        0.316399
MDMin:  1892 23:17:15    -2397.510973        0.578329
MDMin:  1893 23:17:16    -2397.511020        0.316158
MDMin:  1894 23:17:18    -2397.511020        0.314469
MDMin:  1895 23:17:20    -2397.510863        0.578222
MDMin:  1896 23:17:22    -2397.511023        0.312479
MDMin:  1897 23:17:24    -2397.510983        0.576397
MDMin:  1898 23:17:26    -2397.511024        0.312325
MDMin:  1899 23:17:28    -2397.511025        0.310704
MDMin:  1900 23:17:30    -2397.510870        0.576308
MDMin:  1901 23:17:32    -2397.511027        0.308868
MDMin:  1902 23:17:34    -2397.510989        0.574491
MDMin:  1903 23:17:36    -2397.511028        0.308794
MDMin:  1904 23:17:38    -2397.511029        0.307235
MDMin:  1905 23:17:40    -2397.510874        0.574428
MDMin:  1906 23:17:42    -2397.511031        0.305541
MDMin:  1907 23:17:44    -2397.510992        0.572621
MDMin:  1908 23:17:46    -2397.511032        0.305540
MDMin:  1909 23:17:48    -2397.511033        0.304038
MDMin:  1910 23:17:50    -2397.510875        0.572587
MDMin:  1911 23:17:52    -2397.511035        0.302475
MDMin:  1912 23:17:54    -2397.510992        0.570794
MDMin:  1913 23:17:56    -2397.511036        0.302541
MDMin:  1914 23:17:58    -2397.511037        0.301091
MDMin:  1915 23:18:00    -2397.510873        0.570792
MDMin:  1916 23:18:02    -2397.511038        0.299647
MDMin:  1917 23:18:04    -2397.510990        0.569013
MDMin:  1918 23:18:06    -2397.511040        0.299775
MDMin:  1919 23:18:08    -2397.511040        0.298373
MDMin:  1920 23:18:11    -2397.510869        0.569046
MDMin:  1921 23:18:13    -2397.511042        0.297041
MDMin:  1922 23:18:15    -2397.510985        0.567281
MDMin:  1923 23:18:17    -2397.511044        0.297225
MDMin:  1924 23:18:19    -2397.511044        0.295867
MDMin:  1925 23:18:21    -2397.510862        0.567351
MDMin:  1926 23:18:23    -2397.511046        0.294637
MDMin:  1927 23:18:25    -2397.510978        0.565602
MDMin:  1928 23:18:27    -2397.511047        0.294872
MDMin:  1929 23:18:29    -2397.511048        0.293555
MDMin:  1930 23:18:31    -2397.510853        0.565709
MDMin:  1931 23:18:33    -2397.511050        0.292420
MDMin:  1932 23:18:35    -2397.510969        0.563976
MDMin:  1933 23:18:37    -2397.511051        0.292703
MDMin:  1934 23:18:39    -2397.511051        0.291423
MDMin:  1935 23:18:41    -2397.510843        0.564122
MDMin:  1936 23:18:43    -2397.511053        0.290375
MDMin:  1937 23:18:45    -2397.510959        0.562404
MDMin:  1938 23:18:47    -2397.511055        0.290701
MDMin:  1939 23:18:49    -2397.511055        0.289455
MDMin:  1940 23:18:51    -2397.510831        0.562588
MDMin:  1941 23:18:53    -2397.511057        0.288488
MDMin:  1942 23:18:55    -2397.510947        0.560887
MDMin:  1943 23:18:57    -2397.511059        0.288854
MDMin:  1944 23:18:59    -2397.511059        0.287640
MDMin:  1945 23:19:01    -2397.510818        0.561109
MDMin:  1946 23:19:03    -2397.511056        0.558449
MDMin:  1947 23:19:05    -2397.511063        0.289888
MDMin:  1948 23:19:07    -2397.511064        0.288801
MDMin:  1949 23:19:09    -2397.511064        0.286495
MDMin:  1950 23:19:11    -2397.510818        0.558888
MDMin:  1951 23:19:13    -2397.511052        0.556301
MDMin:  1952 23:19:15    -2397.511069        0.287635
MDMin:  1953 23:19:17    -2397.511070        0.286577
MDMin:  1954 23:19:19    -2397.511070        0.284342
MDMin:  1955 23:19:21    -2397.510804        0.556941
MDMin:  1956 23:19:24    -2397.511038        0.554362
MDMin:  1957 23:19:26    -2397.511075        0.285624
MDMin:  1958 23:19:28    -2397.511075        0.284594
MDMin:  1959 23:19:30    -2397.511076        0.282422
MDMin:  1960 23:19:32    -2397.510787        0.555124
MDMin:  1961 23:19:34    -2397.511022        0.552550
MDMin:  1962 23:19:36    -2397.511081        0.283830
MDMin:  1963 23:19:38    -2397.511081        0.282825
MDMin:  1964 23:19:41    -2397.511082        0.280711
MDMin:  1965 23:19:43    -2397.510768        0.553426
MDMin:  1966 23:19:44    -2397.511003        0.550858
MDMin:  1967 23:19:46    -2397.511087        0.282228
MDMin:  1968 23:19:48    -2397.511087        0.281246
MDMin:  1969 23:19:51    -2397.511088        0.279182
MDMin:  1970 23:19:53    -2397.510747        0.551840
MDMin:  1971 23:19:55    -2397.510983        0.549276
MDMin:  1972 23:19:57    -2397.511093        0.280796
MDMin:  1973 23:19:59    -2397.511093        0.279833
MDMin:  1974 23:20:01    -2397.511094        0.277815
MDMin:  1975 23:20:03    -2397.510724        0.550358
MDMin:  1976 23:20:05    -2397.510961        0.547798
MDMin:  1977 23:20:07    -2397.511099        0.279514
MDMin:  1978 23:20:09    -2397.511100        0.278568
MDMin:  1979 23:20:11    -2397.511078        0.545745
MDMin:  1980 23:20:13    -2397.511102        0.278172
MDMin:  1981 23:20:15    -2397.511102        0.277188
MDMin:  1982 23:20:17    -2397.510942        0.546421
MDMin:  1983 23:20:19    -2397.511104        0.276779
MDMin:  1984 23:20:21    -2397.511056        0.544919
MDMin:  1985 23:20:24    -2397.511106        0.277394
MDMin:  1986 23:20:26    -2397.511107        0.276421
MDMin:  1987 23:20:28    -2397.510923        0.545590
MDMin:  1988 23:20:30    -2397.511109        0.276040
MDMin:  1989 23:20:33    -2397.511038        0.544101
MDMin:  1990 23:20:35    -2397.511110        0.276668
MDMin:  1991 23:20:37    -2397.511111        0.275706
MDMin:  1992 23:20:39    -2397.510904        0.544800
MDMin:  1993 23:20:41    -2397.511113        0.275351
MDMin:  1994 23:20:43    -2397.511018        0.543322
MDMin:  1995 23:20:45    -2397.511115        0.275990
MDMin:  1996 23:20:47    -2397.511115        0.275038
MDMin:  1997 23:20:49    -2397.510884        0.544048
MDMin:  1998 23:20:51    -2397.511117        0.274707
MDMin:  1999 23:20:54    -2397.510999        0.542580
MDMin:  2000 23:20:56    -2397.511119        0.275357
MDMin:  2001 23:20:58    -2397.511116        0.541096
MDMin:  2002 23:21:00    -2397.511121        0.275999
MDMin:  2003 23:21:02    -2397.511121        0.275072
MDMin:  2004 23:21:04    -2397.510983        0.541868
MDMin:  2005 23:21:06    -2397.511124        0.274769
MDMin:  2006 23:21:09    -2397.511098        0.540421
MDMin:  2007 23:21:11    -2397.511126        0.275421
MDMin:  2008 23:21:13    -2397.511126        0.274501
MDMin:  2009 23:21:15    -2397.510965        0.541221
MDMin:  2010 23:21:18    -2397.511128        0.274218
MDMin:  2011 23:21:20    -2397.511080        0.539786
MDMin:  2012 23:21:22    -2397.511130        0.274879
MDMin:  2013 23:21:24    -2397.511131        0.273965
MDMin:  2014 23:21:26    -2397.510946        0.540611
MDMin:  2015 23:21:28    -2397.511133        0.273700
MDMin:  2016 23:21:30    -2397.511061        0.539186
MDMin:  2017 23:21:32    -2397.511135        0.274369
MDMin:  2018 23:21:34    -2397.511135        0.273461
MDMin:  2019 23:21:36    -2397.510927        0.540035
MDMin:  2020 23:21:38    -2397.511137        0.273213
MDMin:  2021 23:21:40    -2397.511042        0.538619
MDMin:  2022 23:21:42    -2397.511139        0.273889
MDMin:  2023 23:21:44    -2397.511140        0.272987
MDMin:  2024 23:21:45    -2397.510907        0.539491
MDMin:  2025 23:21:47    -2397.511142        0.272754
MDMin:  2026 23:21:49    -2397.511022        0.538082
MDMin:  2027 23:21:51    -2397.511144        0.273436
MDMin:  2028 23:21:53    -2397.511139        0.536666
MDMin:  2029 23:21:55    -2397.511146        0.274110
MDMin:  2030 23:21:57    -2397.511146        0.273229
MDMin:  2031 23:21:58    -2397.511006        0.537579
MDMin:  2032 23:22:00    -2397.511149        0.273015
MDMin:  2033 23:22:02    -2397.511121        0.536188
MDMin:  2034 23:22:03    -2397.511151        0.273695
MDMin:  2035 23:22:05    -2397.511151        0.272818
MDMin:  2036 23:22:07    -2397.510988        0.537124
MDMin:  2037 23:22:09    -2397.511154        0.272615
MDMin:  2038 23:22:11    -2397.511103        0.535742
MDMin:  2039 23:22:13    -2397.511155        0.273301
MDMin:  2040 23:22:15    -2397.511156        0.272427
MDMin:  2041 23:22:17    -2397.510969        0.536698
MDMin:  2042 23:22:19    -2397.511158        0.272236
MDMin:  2043 23:22:21    -2397.511084        0.535324
MDMin:  2044 23:22:23    -2397.511160        0.272926
MDMin:  2045 23:22:25    -2397.511161        0.272056
MDMin:  2046 23:22:27    -2397.510950        0.536300
MDMin:  2047 23:22:29    -2397.511163        0.271875
MDMin:  2048 23:22:31    -2397.511065        0.534932
MDMin:  2049 23:22:33    -2397.511165        0.272570
MDMin:  2050 23:22:34    -2397.511166        0.271703
MDMin:  2051 23:22:36    -2397.510930        0.535925
MDMin:  2052 23:22:38    -2397.511168        0.271532
MDMin:  2053 23:22:40    -2397.511045        0.534563
MDMin:  2054 23:22:42    -2397.511170        0.272230
MDMin:  2055 23:22:44    -2397.511161        0.533203
MDMin:  2056 23:22:46    -2397.511172        0.272919
MDMin:  2057 23:22:48    -2397.511173        0.272070
MDMin:  2058 23:22:50    -2397.511028        0.534232
MDMin:  2059 23:22:52    -2397.511175        0.271912
MDMin:  2060 23:22:54    -2397.511143        0.532883
MDMin:  2061 23:22:56    -2397.511177        0.272605
MDMin:  2062 23:22:58    -2397.511178        0.271757
MDMin:  2063 23:23:00    -2397.511010        0.533931
MDMin:  2064 23:23:03    -2397.511180        0.271607
MDMin:  2065 23:23:05    -2397.511125        0.532589
MDMin:  2066 23:23:07    -2397.511182        0.272303
MDMin:  2067 23:23:09    -2397.511183        0.271457
MDMin:  2068 23:23:11    -2397.510991        0.533653
MDMin:  2069 23:23:13    -2397.511185        0.271314
MDMin:  2070 23:23:15    -2397.511106        0.532317
MDMin:  2071 23:23:17    -2397.511187        0.272013
MDMin:  2072 23:23:20    -2397.511188        0.271168
MDMin:  2073 23:23:22    -2397.510973        0.533396
MDMin:  2074 23:23:24    -2397.511190        0.271032
MDMin:  2075 23:23:26    -2397.511087        0.532064
MDMin:  2076 23:23:28    -2397.511192        0.271733
MDMin:  2077 23:23:30    -2397.511193        0.270889
MDMin:  2078 23:23:32    -2397.510953        0.533157
MDMin:  2079 23:23:34    -2397.511193        0.530613
MDMin:  2080 23:23:36    -2397.511198        0.273799
MDMin:  2081 23:23:38    -2397.511199        0.273004
MDMin:  2082 23:23:40    -2397.511200        0.271373
MDMin:  2083 23:23:42    -2397.510933        0.532841
MDMin:  2084 23:23:44    -2397.511172        0.530298
MDMin:  2085 23:23:46    -2397.511206        0.273470
MDMin:  2086 23:23:48    -2397.511207        0.272672
MDMin:  2087 23:23:50    -2397.511208        0.271039
MDMin:  2088 23:23:52    -2397.510910        0.532583
MDMin:  2089 23:23:54    -2397.511150        0.530037
MDMin:  2090 23:23:56    -2397.511214        0.273151
MDMin:  2091 23:23:58    -2397.511215        0.272350
MDMin:  2092 23:24:00    -2397.511216        0.270716
MDMin:  2093 23:24:02    -2397.510887        0.532366
MDMin:  2094 23:24:04    -2397.511127        0.529815
MDMin:  2095 23:24:06    -2397.511222        0.272840
MDMin:  2096 23:24:07    -2397.511223        0.272037
MDMin:  2097 23:24:09    -2397.511224        0.270402
MDMin:  2098 23:24:11    -2397.510862        0.532182
MDMin:  2099 23:24:13    -2397.511103        0.529625
MDMin:  2100 23:24:15    -2397.511230        0.272538
MDMin:  2101 23:24:17    -2397.511231        0.271733
MDMin:  2102 23:24:19    -2397.511209        0.528308
MDMin:  2103 23:24:20    -2397.511233        0.271633
MDMin:  2104 23:24:22    -2397.511234        0.270815
MDMin:  2105 23:24:24    -2397.511078        0.529515
MDMin:  2106 23:24:26    -2397.511236        0.270718
MDMin:  2107 23:24:28    -2397.511192        0.528226
MDMin:  2108 23:24:30    -2397.511239        0.271411
MDMin:  2109 23:24:32    -2397.511239        0.270593
MDMin:  2110 23:24:34    -2397.511059        0.529458
MDMin:  2111 23:24:35    -2397.511242        0.270499
MDMin:  2112 23:24:36    -2397.511173        0.528170
MDMin:  2113 23:24:38    -2397.511244        0.271192
MDMin:  2114 23:24:39    -2397.511245        0.270374
MDMin:  2115 23:24:41    -2397.511039        0.529410
MDMin:  2116 23:24:43    -2397.511247        0.270283
MDMin:  2117 23:24:44    -2397.511154        0.528122
MDMin:  2118 23:24:45    -2397.511249        0.270977
MDMin:  2119 23:24:47    -2397.511250        0.270159
MDMin:  2120 23:24:48    -2397.511019        0.529369
MDMin:  2121 23:24:50    -2397.511253        0.270071
MDMin:  2122 23:24:51    -2397.511134        0.528081
MDMin:  2123 23:24:54    -2397.511255        0.270766
MDMin:  2124 23:24:55    -2397.511246        0.526823
MDMin:  2125 23:24:57    -2397.511257        0.271453
MDMin:  2126 23:24:59    -2397.511258        0.270649
MDMin:  2127 23:25:01    -2397.511113        0.528092
MDMin:  2128 23:25:03    -2397.511260        0.270569
MDMin:  2129 23:25:05    -2397.511228        0.526809
MDMin:  2130 23:25:07    -2397.511262        0.271256
MDMin:  2131 23:25:09    -2397.511263        0.270450
MDMin:  2132 23:25:11    -2397.511095        0.528087
MDMin:  2133 23:25:14    -2397.511266        0.270372
MDMin:  2134 23:25:15    -2397.511210        0.526805
MDMin:  2135 23:25:17    -2397.511268        0.271060
MDMin:  2136 23:25:19    -2397.511269        0.270253
MDMin:  2137 23:25:20    -2397.511076        0.528091
MDMin:  2138 23:25:21    -2397.511271        0.270177
MDMin:  2139 23:25:22    -2397.511191        0.526809
MDMin:  2140 23:25:24    -2397.511273        0.270866
MDMin:  2141 23:25:26    -2397.511274        0.270057
MDMin:  2142 23:25:27    -2397.511057        0.528103
MDMin:  2143 23:25:28    -2397.511277        0.269984
MDMin:  2144 23:25:29    -2397.511171        0.526820
MDMin:  2145 23:25:31    -2397.511279        0.270673
MDMin:  2146 23:25:32    -2397.511280        0.269863
MDMin:  2147 23:25:33    -2397.511037        0.528120
MDMin:  2148 23:25:35    -2397.511276        0.525539
MDMin:  2149 23:25:37    -2397.511286        0.272738
MDMin:  2150 23:25:39    -2397.511286        0.271958
MDMin:  2151 23:25:41    -2397.511288        0.270393
MDMin:  2152 23:25:42    -2397.511009        0.528232
MDMin:  2153 23:25:44    -2397.511252        0.525612
MDMin:  2154 23:25:45    -2397.511294        0.272524
MDMin:  2155 23:25:46    -2397.511295        0.271737
MDMin:  2156 23:25:48    -2397.511296        0.270163
MDMin:  2157 23:25:50    -2397.510986        0.528309
MDMin:  2158 23:25:53    -2397.511230        0.525678
MDMin:  2159 23:25:55    -2397.511303        0.272303
MDMin:  2160 23:25:57    -2397.511304        0.271510
MDMin:  2161 23:25:59    -2397.511305        0.269928
MDMin:  2162 23:26:00    -2397.510961        0.528405
MDMin:  2163 23:26:02    -2397.511206        0.525762
MDMin:  2164 23:26:05    -2397.511312        0.272077
MDMin:  2165 23:26:06    -2397.511312        0.271278
MDMin:  2166 23:26:08    -2397.511306        0.524622
MDMin:  2167 23:26:11    -2397.511315        0.271202
MDMin:  2168 23:26:12    -2397.511316        0.270407
MDMin:  2169 23:26:14    -2397.511178        0.525948
MDMin:  2170 23:26:16    -2397.511319        0.270349
MDMin:  2171 23:26:18    -2397.511293        0.524673
MDMin:  2172 23:26:20    -2397.511321        0.271020
MDMin:  2173 23:26:22    -2397.511322        0.270223
MDMin:  2174 23:26:24    -2397.511159        0.526055
MDMin:  2175 23:26:26    -2397.511325        0.270167
MDMin:  2176 23:26:28    -2397.511274        0.524778
MDMin:  2177 23:26:30    -2397.511327        0.270837
MDMin:  2178 23:26:32    -2397.511328        0.270038
MDMin:  2179 23:26:34    -2397.511140        0.526165
MDMin:  2180 23:26:36    -2397.511330        0.269984
MDMin:  2181 23:26:38    -2397.511255        0.524885
MDMin:  2182 23:26:40    -2397.511333        0.270654
MDMin:  2183 23:26:41    -2397.511333        0.269853
MDMin:  2184 23:26:43    -2397.511120        0.526276
MDMin:  2185 23:26:45    -2397.511336        0.269801
MDMin:  2186 23:26:47    -2397.511235        0.524993
MDMin:  2187 23:26:49    -2397.511339        0.270471
MDMin:  2188 23:26:51    -2397.511339        0.269668
MDMin:  2189 23:26:53    -2397.511100        0.526387
MDMin:  2190 23:26:55    -2397.511341        0.523751
MDMin:  2191 23:26:57    -2397.511346        0.272513
MDMin:  2192 23:26:59    -2397.511346        0.271726
MDMin:  2193 23:27:01    -2397.511348        0.270174
MDMin:  2194 23:27:03    -2397.511066        0.526690
MDMin:  2195 23:27:06    -2397.511314        0.523978
MDMin:  2196 23:27:08    -2397.511355        0.272319
MDMin:  2197 23:27:10    -2397.511356        0.271522
MDMin:  2198 23:27:12    -2397.511357        0.269958
MDMin:  2199 23:27:14    -2397.511042        0.526889
MDMin:  2200 23:27:15    -2397.511291        0.524160
MDMin:  2201 23:27:17    -2397.511364        0.272112
MDMin:  2202 23:27:19    -2397.511365        0.271307
MDMin:  2203 23:27:21    -2397.511366        0.269733
MDMin:  2204 23:27:23    -2397.511017        0.527097
MDMin:  2205 23:27:25    -2397.511268        0.524349
MDMin:  2206 23:27:27    -2397.511373        0.271899
MDMin:  2207 23:27:29    -2397.511374        0.271085
MDMin:  2208 23:27:31    -2397.511363        0.523297
MDMin:  2209 23:27:33    -2397.511377        0.271016
MDMin:  2210 23:27:34    -2397.511378        0.270222
MDMin:  2211 23:27:36    -2397.511236        0.524671
MDMin:  2212 23:27:37    -2397.511381        0.270186
MDMin:  2213 23:27:38    -2397.511353        0.523376
MDMin:  2214 23:27:40    -2397.511383        0.270838
MDMin:  2215 23:27:42    -2397.511384        0.270042
MDMin:  2216 23:27:43    -2397.511218        0.524841
MDMin:  2217 23:27:45    -2397.511387        0.270009
MDMin:  2218 23:27:46    -2397.511334        0.523541
MDMin:  2219 23:27:48    -2397.511389        0.270661
MDMin:  2220 23:27:50    -2397.511390        0.269862
MDMin:  2221 23:27:52    -2397.511198        0.525009
MDMin:  2222 23:27:53    -2397.511393        0.269831
MDMin:  2223 23:27:55    -2397.511315        0.523704
MDMin:  2224 23:27:57    -2397.511396        0.270482
MDMin:  2225 23:27:59    -2397.511396        0.269681
MDMin:  2226 23:28:01    -2397.511179        0.525175
MDMin:  2227 23:28:03    -2397.511399        0.269653
MDMin:  2228 23:28:05    -2397.511295        0.523865
MDMin:  2229 23:28:07    -2397.511402        0.270304
MDMin:  2230 23:28:09    -2397.511402        0.269500
MDMin:  2231 23:28:11    -2397.511159        0.525338
MDMin:  2232 23:28:12    -2397.511404        0.522613
MDMin:  2233 23:28:14    -2397.511409        0.272330
MDMin:  2234 23:28:15    -2397.511410        0.271524
MDMin:  2235 23:28:17    -2397.511411        0.269972
MDMin:  2236 23:28:19    -2397.511118        0.525798
MDMin:  2237 23:28:21    -2397.511375        0.522944
MDMin:  2238 23:28:22    -2397.511419        0.272155
MDMin:  2239 23:28:24    -2397.511420        0.271335
MDMin:  2240 23:28:25    -2397.511421        0.269766
MDMin:  2241 23:28:27    -2397.511095        0.526068
MDMin:  2242 23:28:30    -2397.511353        0.523187
MDMin:  2243 23:28:32    -2397.511429        0.271962
MDMin:  2244 23:28:33    -2397.511430        0.271131
MDMin:  2245 23:28:35    -2397.511431        0.269549
MDMin:  2246 23:28:37    -2397.511070        0.526341
MDMin:  2247 23:28:39    -2397.511331        0.523432
MDMin:  2248 23:28:41    -2397.511439        0.271760
MDMin:  2249 23:28:43    -2397.511440        0.270919
MDMin:  2250 23:28:45    -2397.511421        0.522461
MDMin:  2251 23:28:47    -2397.511443        0.270857
MDMin:  2252 23:28:49    -2397.511444        0.270056
MDMin:  2253 23:28:51    -2397.511296        0.523865
MDMin:  2254 23:28:53    -2397.511447        0.270048
MDMin:  2255 23:28:55    -2397.511415        0.522526
MDMin:  2256 23:28:57    -2397.511450        0.270680
MDMin:  2257 23:28:59    -2397.511451        0.269879
MDMin:  2258 23:29:01    -2397.511278        0.524068
MDMin:  2259 23:29:03    -2397.511454        0.269876
MDMin:  2260 23:29:06    -2397.511398        0.522722
MDMin:  2261 23:29:08    -2397.511456        0.270508
MDMin:  2262 23:29:10    -2397.511457        0.269703
MDMin:  2263 23:29:12    -2397.511260        0.524269
MDMin:  2264 23:29:14    -2397.511460        0.269704
MDMin:  2265 23:29:16    -2397.511380        0.522915
MDMin:  2266 23:29:18    -2397.511463        0.270335
MDMin:  2267 23:29:20    -2397.511464        0.269527
MDMin:  2268 23:29:22    -2397.511241        0.524465
MDMin:  2269 23:29:24    -2397.511467        0.269531
MDMin:  2270 23:29:26    -2397.511362        0.523102
MDMin:  2271 23:29:28    -2397.511470        0.270162
MDMin:  2272 23:29:30    -2397.511470        0.521888
MDMin:  2273 23:29:32    -2397.511472        0.270793
MDMin:  2274 23:29:33    -2397.511473        0.269997
MDMin:  2275 23:29:34    -2397.511332        0.523455
MDMin:  2276 23:29:35    -2397.511477        0.270013
MDMin:  2277 23:29:37    -2397.511454        0.522085
MDMin:  2278 23:29:38    -2397.511479        0.270639
MDMin:  2279 23:29:39    -2397.511480        0.269838
MDMin:  2280 23:29:41    -2397.511316        0.523658
MDMin:  2281 23:29:43    -2397.511483        0.269856
MDMin:  2282 23:29:45    -2397.511438        0.522281
MDMin:  2283 23:29:47    -2397.511486        0.270481
MDMin:  2284 23:29:49    -2397.511487        0.269675
MDMin:  2285 23:29:51    -2397.511299        0.523859
MDMin:  2286 23:29:54    -2397.511490        0.269696
MDMin:  2287 23:29:56    -2397.511422        0.522475
MDMin:  2288 23:29:58    -2397.511493        0.270320
MDMin:  2289 23:30:00    -2397.511494        0.269510
MDMin:  2290 23:30:02    -2397.511282        0.524058
MDMin:  2291 23:30:04    -2397.511497        0.269535
MDMin:  2292 23:30:06    -2397.511405        0.522665
MDMin:  2293 23:30:08    -2397.511500        0.270159
MDMin:  2294 23:30:10    -2397.511501        0.269344
MDMin:  2295 23:30:12    -2397.511265        0.524252
MDMin:  2296 23:30:14    -2397.511504        0.269373
MDMin:  2297 23:30:16    -2397.511388        0.522850
MDMin:  2298 23:30:18    -2397.511507        0.269997
MDMin:  2299 23:30:20    -2397.511496        0.521627
MDMin:  2300 23:30:23    -2397.511510        0.270622
MDMin:  2301 23:30:25    -2397.511511        0.269821
MDMin:  2302 23:30:27    -2397.511358        0.523232
MDMin:  2303 23:30:29    -2397.511514        0.269862
MDMin:  2304 23:30:31    -2397.511482        0.521822
MDMin:  2305 23:30:33    -2397.511517        0.270481
MDMin:  2306 23:30:35    -2397.511518        0.269673
MDMin:  2307 23:30:37    -2397.511343        0.523433
MDMin:  2308 23:30:39    -2397.511521        0.269717
MDMin:  2309 23:30:41    -2397.511468        0.522015
MDMin:  2310 23:30:42    -2397.511524        0.270335
MDMin:  2311 23:30:43    -2397.511525        0.269522
MDMin:  2312 23:30:45    -2397.511328        0.523633
MDMin:  2313 23:30:47    -2397.511529        0.269569
MDMin:  2314 23:30:49    -2397.511453        0.522207
MDMin:  2315 23:30:51    -2397.511531        0.270186
MDMin:  2316 23:30:53    -2397.511532        0.269369
MDMin:  2317 23:30:55    -2397.511312        0.523830
MDMin:  2318 23:30:57    -2397.511536        0.269419
MDMin:  2319 23:30:59    -2397.511438        0.522394
MDMin:  2320 23:31:01    -2397.511539        0.270036
MDMin:  2321 23:31:02    -2397.511539        0.269214
MDMin:  2322 23:31:05    -2397.511297        0.524022
MDMin:  2323 23:31:06    -2397.511543        0.269268
MDMin:  2324 23:31:07    -2397.511423        0.522577
MDMin:  2325 23:31:08    -2397.511546        0.269885
MDMin:  2326 23:31:09    -2397.511532        0.521341
MDMin:  2327 23:31:10    -2397.511549        0.270505
MDMin:  2328 23:31:12    -2397.511550        0.269697
MDMin:  2329 23:31:14    -2397.511392        0.522989
MDMin:  2330 23:31:16    -2397.511553        0.269765
MDMin:  2331 23:31:18    -2397.511520        0.521534
MDMin:  2332 23:31:20    -2397.511556        0.270376
MDMin:  2333 23:31:21    -2397.511557        0.269562
MDMin:  2334 23:31:23    -2397.511380        0.523187
MDMin:  2335 23:31:24    -2397.511561        0.269632
MDMin:  2336 23:31:25    -2397.511508        0.521724
MDMin:  2337 23:31:27    -2397.511564        0.270242
MDMin:  2338 23:31:29    -2397.511565        0.269422
MDMin:  2339 23:31:31    -2397.511367        0.523384
MDMin:  2340 23:31:33    -2397.511569        0.269495
MDMin:  2341 23:31:35    -2397.511495        0.521913
MDMin:  2342 23:31:37    -2397.511572        0.270104
MDMin:  2343 23:31:39    -2397.511572        0.269280
MDMin:  2344 23:31:41    -2397.511354        0.523578
MDMin:  2345 23:31:43    -2397.511576        0.269356
MDMin:  2346 23:31:45    -2397.511483        0.522097
MDMin:  2347 23:31:47    -2397.511579        0.269964
MDMin:  2348 23:31:49    -2397.511580        0.269135
MDMin:  2349 23:31:51    -2397.511341        0.523767
MDMin:  2350 23:31:53    -2397.511584        0.269215
MDMin:  2351 23:31:55    -2397.511470        0.522277
MDMin:  2352 23:31:57    -2397.511587        0.269823
MDMin:  2353 23:31:59    -2397.511580        0.521028
MDMin:  2354 23:32:01    -2397.511590        0.270438
MDMin:  2355 23:32:03    -2397.511591        0.269625
MDMin:  2356 23:32:05    -2397.511439        0.522717
MDMin:  2357 23:32:07    -2397.511595        0.269717
MDMin:  2358 23:32:09    -2397.511570        0.521219
MDMin:  2359 23:32:11    -2397.511598        0.270320
MDMin:  2360 23:32:13    -2397.511599        0.269501
MDMin:  2361 23:32:15    -2397.511429        0.522911
MDMin:  2362 23:32:17    -2397.511603        0.269595
MDMin:  2363 23:32:19    -2397.511561        0.521407
MDMin:  2364 23:32:21    -2397.511606        0.270196
MDMin:  2365 23:32:23    -2397.511607        0.269372
MDMin:  2366 23:32:25    -2397.511419        0.523105
MDMin:  2367 23:32:27    -2397.511611        0.269467
MDMin:  2368 23:32:29    -2397.511551        0.521593
MDMin:  2369 23:32:31    -2397.511614        0.270067
MDMin:  2370 23:32:33    -2397.511615        0.269239
MDMin:  2371 23:32:35    -2397.511409        0.523296
MDMin:  2372 23:32:37    -2397.511619        0.269336
MDMin:  2373 23:32:39    -2397.511541        0.521777
MDMin:  2374 23:32:41    -2397.511622        0.269935
MDMin:  2375 23:32:43    -2397.511623        0.269104
MDMin:  2376 23:32:45    -2397.511398        0.523483
MDMin:  2377 23:32:47    -2397.511627        0.269203
MDMin:  2378 23:32:49    -2397.511530        0.521956
MDMin:  2379 23:32:51    -2397.511630        0.269801
MDMin:  2380 23:32:53    -2397.511631        0.268967
MDMin:  2381 23:32:55    -2397.511387        0.523664
MDMin:  2382 23:32:57    -2397.511635        0.269068
MDMin:  2383 23:32:59    -2397.511520        0.522128
MDMin:  2384 23:33:01    -2397.511638        0.269665
MDMin:  2385 23:33:03    -2397.511631        0.520863
MDMin:  2386 23:33:05    -2397.511642        0.270273
MDMin:  2387 23:33:07    -2397.511643        0.269458
MDMin:  2388 23:33:09    -2397.511489        0.522590
MDMin:  2389 23:33:11    -2397.511647        0.269571
MDMin:  2390 23:33:13    -2397.511624        0.521049
MDMin:  2391 23:33:15    -2397.511650        0.270163
MDMin:  2392 23:33:17    -2397.511651        0.269344
MDMin:  2393 23:33:19    -2397.511482        0.522775
MDMin:  2394 23:33:21    -2397.511655        0.269455
MDMin:  2395 23:33:23    -2397.511616        0.521230
MDMin:  2396 23:33:25    -2397.511659        0.270046
MDMin:  2397 23:33:27    -2397.511660        0.269223
MDMin:  2398 23:33:29    -2397.511475        0.522961
MDMin:  2399 23:33:31    -2397.511664        0.269334
MDMin:  2400 23:33:33    -2397.511609        0.521412
MDMin:  2401 23:33:35    -2397.511667        0.269923
MDMin:  2402 23:33:38    -2397.511668        0.269098
MDMin:  2403 23:33:40    -2397.511467        0.523145
MDMin:  2404 23:33:42    -2397.511672        0.269209
MDMin:  2405 23:33:44    -2397.511601        0.521592
MDMin:  2406 23:33:46    -2397.511676        0.269796
MDMin:  2407 23:33:48    -2397.511677        0.268970
MDMin:  2408 23:33:50    -2397.511459        0.523326
MDMin:  2409 23:33:52    -2397.511681        0.269080
MDMin:  2410 23:33:54    -2397.511593        0.521768
MDMin:  2411 23:33:56    -2397.511684        0.269666
MDMin:  2412 23:33:58    -2397.511685        0.268839
MDMin:  2413 23:34:00    -2397.511450        0.523503
MDMin:  2414 23:34:02    -2397.511689        0.268949
MDMin:  2415 23:34:05    -2397.511585        0.521940
MDMin:  2416 23:34:07    -2397.511693        0.269534
MDMin:  2417 23:34:09    -2397.511694        0.268706
MDMin:  2418 23:34:11    -2397.511442        0.523674
MDMin:  2419 23:34:13    -2397.511698        0.268817
MDMin:  2420 23:34:15    -2397.511576        0.522107
MDMin:  2421 23:34:17    -2397.511701        0.269400
MDMin:  2422 23:34:20    -2397.511688        0.520828
MDMin:  2423 23:34:22    -2397.511705        0.269996
MDMin:  2424 23:34:24    -2397.511706        0.269191
MDMin:  2425 23:34:26    -2397.511547        0.522577
MDMin:  2426 23:34:28    -2397.511710        0.269312
MDMin:  2427 23:34:30    -2397.511682        0.521010
MDMin:  2428 23:34:32    -2397.511714        0.269890
MDMin:  2429 23:34:33    -2397.511715        0.269083
MDMin:  2430 23:34:34    -2397.511542        0.522755
MDMin:  2431 23:34:36    -2397.511719        0.269200
MDMin:  2432 23:34:38    -2397.511677        0.521187
MDMin:  2433 23:34:40    -2397.511723        0.269776
MDMin:  2434 23:34:42    -2397.511724        0.268967
MDMin:  2435 23:34:43    -2397.511536        0.522935
MDMin:  2436 23:34:45    -2397.511728        0.269082
MDMin:  2437 23:34:47    -2397.511671        0.521367
MDMin:  2438 23:34:49    -2397.511732        0.269656
MDMin:  2439 23:34:51    -2397.511732        0.268847
MDMin:  2440 23:34:52    -2397.511530        0.523115
MDMin:  2441 23:34:54    -2397.511737        0.268959
MDMin:  2442 23:34:56    -2397.511665        0.521546
MDMin:  2443 23:34:58    -2397.511740        0.269531
MDMin:  2444 23:34:59    -2397.511741        0.268722
MDMin:  2445 23:35:01    -2397.511524        0.523294
MDMin:  2446 23:35:02    -2397.511746        0.268832
MDMin:  2447 23:35:03    -2397.511659        0.521724
MDMin:  2448 23:35:05    -2397.511749        0.269402
MDMin:  2449 23:35:07    -2397.511750        0.268593
MDMin:  2450 23:35:09    -2397.511517        0.523470
MDMin:  2451 23:35:11    -2397.511755        0.268702
MDMin:  2452 23:35:13    -2397.511652        0.521899
MDMin:  2453 23:35:15    -2397.511758        0.269271
MDMin:  2454 23:35:17    -2397.511759        0.268463
MDMin:  2455 23:35:19    -2397.511510        0.523642
MDMin:  2456 23:35:21    -2397.511764        0.268570
MDMin:  2457 23:35:23    -2397.511644        0.522070
MDMin:  2458 23:35:24    -2397.511767        0.269137
MDMin:  2459 23:35:25    -2397.511755        0.520788
MDMin:  2460 23:35:27    -2397.511771        0.269717
MDMin:  2461 23:35:28    -2397.511772        0.268934
MDMin:  2462 23:35:29    -2397.511616        0.522544
MDMin:  2463 23:35:31    -2397.511776        0.269050
MDMin:  2464 23:35:33    -2397.511751        0.520974
MDMin:  2465 23:35:35    -2397.511780        0.269613
MDMin:  2466 23:35:36    -2397.511781        0.268828
MDMin:  2467 23:35:38    -2397.511612        0.522725
MDMin:  2468 23:35:39    -2397.511786        0.268939
MDMin:  2469 23:35:42    -2397.511747        0.521158
MDMin:  2470 23:35:44    -2397.511789        0.269499
MDMin:  2471 23:35:46    -2397.511790        0.268714
MDMin:  2472 23:35:48    -2397.511608        0.522910
MDMin:  2473 23:35:50    -2397.511795        0.268821
MDMin:  2474 23:35:52    -2397.511742        0.521345
MDMin:  2475 23:35:53    -2397.511799        0.269379
MDMin:  2476 23:35:54    -2397.511800        0.268594
MDMin:  2477 23:35:56    -2397.511603        0.523097
MDMin:  2478 23:35:57    -2397.511804        0.268698
MDMin:  2479 23:35:58    -2397.511737        0.521533
MDMin:  2480 23:35:59    -2397.511808        0.269253
MDMin:  2481 23:36:02    -2397.511809        0.268469
MDMin:  2482 23:36:03    -2397.511598        0.523283
MDMin:  2483 23:36:05    -2397.511813        0.268570
MDMin:  2484 23:36:07    -2397.511731        0.521720
MDMin:  2485 23:36:09    -2397.511817        0.269123
MDMin:  2486 23:36:11    -2397.511818        0.268340
MDMin:  2487 23:36:13    -2397.511592        0.523467
MDMin:  2488 23:36:14    -2397.511823        0.268438
MDMin:  2489 23:36:16    -2397.511725        0.521905
MDMin:  2490 23:36:17    -2397.511826        0.268989
MDMin:  2491 23:36:19    -2397.511827        0.268209
MDMin:  2492 23:36:22    -2397.511586        0.523648
MDMin:  2493 23:36:23    -2397.511832        0.268304
MDMin:  2494 23:36:25    -2397.511718        0.522087
MDMin:  2495 23:36:27    -2397.511836        0.268854
MDMin:  2496 23:36:29    -2397.511828        0.520810
MDMin:  2497 23:36:31    -2397.511839        0.269415
MDMin:  2498 23:36:32    -2397.511840        0.268661
MDMin:  2499 23:36:34    -2397.511691        0.522562
MDMin:  2500 23:36:36    -2397.511845        0.268764
MDMin:  2501 23:36:38    -2397.511824        0.521006
MDMin:  2502 23:36:40    -2397.511849        0.269310
MDMin:  2503 23:36:42    -2397.511850        0.268554
MDMin:  2504 23:36:45    -2397.511688        0.522753
MDMin:  2505 23:36:47    -2397.511855        0.268652
MDMin:  2506 23:36:48    -2397.511821        0.521201
MDMin:  2507 23:36:51    -2397.511859        0.269195
MDMin:  2508 23:36:53    -2397.511859        0.268439
MDMin:  2509 23:36:55    -2397.511684        0.522948
MDMin:  2510 23:36:57    -2397.511864        0.268532
MDMin:  2511 23:36:59    -2397.511816        0.521400
MDMin:  2512 23:37:01    -2397.511868        0.269072
MDMin:  2513 23:37:02    -2397.511869        0.268317
MDMin:  2514 23:37:04    -2397.511680        0.523145
MDMin:  2515 23:37:06    -2397.511874        0.268406
MDMin:  2516 23:37:07    -2397.511811        0.521600
MDMin:  2517 23:37:09    -2397.511878        0.268944
MDMin:  2518 23:37:11    -2397.511878        0.268190
MDMin:  2519 23:37:13    -2397.511675        0.523342
MDMin:  2520 23:37:15    -2397.511883        0.268275
MDMin:  2521 23:37:17    -2397.511806        0.521800
MDMin:  2522 23:37:20    -2397.511887        0.268811
MDMin:  2523 23:37:22    -2397.511888        0.268059
MDMin:  2524 23:37:23    -2397.511669        0.523538
MDMin:  2525 23:37:25    -2397.511893        0.268140
MDMin:  2526 23:37:27    -2397.511799        0.521998
MDMin:  2527 23:37:30    -2397.511896        0.268674
MDMin:  2528 23:37:31    -2397.511897        0.267925
MDMin:  2529 23:37:34    -2397.511663        0.523731
MDMin:  2530 23:37:35    -2397.511902        0.268003
MDMin:  2531 23:37:38    -2397.511793        0.522193
MDMin:  2532 23:37:40    -2397.511906        0.268536
MDMin:  2533 23:37:41    -2397.511902        0.520923
MDMin:  2534 23:37:43    -2397.511910        0.269079
MDMin:  2535 23:37:45    -2397.511911        0.268356
MDMin:  2536 23:37:47    -2397.511768        0.522662
MDMin:  2537 23:37:49    -2397.511916        0.268442
MDMin:  2538 23:37:51    -2397.511898        0.521130
MDMin:  2539 23:37:52    -2397.511920        0.268971
MDMin:  2540 23:37:54    -2397.511921        0.268247
MDMin:  2541 23:37:56    -2397.511764        0.522864
MDMin:  2542 23:37:58    -2397.511925        0.268328
MDMin:  2543 23:38:00    -2397.511894        0.521337
MDMin:  2544 23:38:02    -2397.511929        0.268854
MDMin:  2545 23:38:04    -2397.511930        0.268130
MDMin:  2546 23:38:06    -2397.511760        0.523070
MDMin:  2547 23:38:07    -2397.511935        0.268205
MDMin:  2548 23:38:08    -2397.511890        0.521548
MDMin:  2549 23:38:10    -2397.511939        0.268729
MDMin:  2550 23:38:11    -2397.511940        0.268006
MDMin:  2551 23:38:13    -2397.511756        0.523278
MDMin:  2552 23:38:14    -2397.511945        0.268076
MDMin:  2553 23:38:16    -2397.511884        0.521760
MDMin:  2554 23:38:18    -2397.511949        0.268598
MDMin:  2555 23:38:19    -2397.511950        0.267877
MDMin:  2556 23:38:20    -2397.511751        0.523487
MDMin:  2557 23:38:22    -2397.511954        0.267942
MDMin:  2558 23:38:24    -2397.511879        0.521972
MDMin:  2559 23:38:27    -2397.511958        0.268462
MDMin:  2560 23:38:29    -2397.511959        0.267743
MDMin:  2561 23:38:31    -2397.511745        0.523693
MDMin:  2562 23:38:33    -2397.511964        0.267805
MDMin:  2563 23:38:35    -2397.511872        0.522182
MDMin:  2564 23:38:37    -2397.511968        0.268323
MDMin:  2565 23:38:39    -2397.511969        0.267606
MDMin:  2566 23:38:41    -2397.511739        0.523897
MDMin:  2567 23:38:43    -2397.511974        0.267665
MDMin:  2568 23:38:45    -2397.511866        0.522388
MDMin:  2569 23:38:47    -2397.511978        0.268182
MDMin:  2570 23:38:49    -2397.511973        0.521127
MDMin:  2571 23:38:51    -2397.511982        0.268708
MDMin:  2572 23:38:52    -2397.511983        0.268017
MDMin:  2573 23:38:54    -2397.511842        0.522846
MDMin:  2574 23:38:56    -2397.511988        0.268085
MDMin:  2575 23:38:57    -2397.511969        0.521344
MDMin:  2576 23:38:59    -2397.511992        0.268598
MDMin:  2577 23:39:00    -2397.511993        0.267907
MDMin:  2578 23:39:02    -2397.511838        0.523057
MDMin:  2579 23:39:04    -2397.511997        0.267968
MDMin:  2580 23:39:06    -2397.511965        0.521561
MDMin:  2581 23:39:08    -2397.512002        0.268479
MDMin:  2582 23:39:10    -2397.512002        0.267788
MDMin:  2583 23:39:12    -2397.511834        0.523273
MDMin:  2584 23:39:15    -2397.512007        0.267844
MDMin:  2585 23:39:17    -2397.511960        0.521782
MDMin:  2586 23:39:19    -2397.512011        0.268353
MDMin:  2587 23:39:21    -2397.512012        0.267663
MDMin:  2588 23:39:23    -2397.511829        0.523490
MDMin:  2589 23:39:25    -2397.512017        0.267714
MDMin:  2590 23:39:27    -2397.511955        0.522004
MDMin:  2591 23:39:29    -2397.512021        0.268220
MDMin:  2592 23:39:31    -2397.512022        0.267532
MDMin:  2593 23:39:33    -2397.511824        0.523707
MDMin:  2594 23:39:35    -2397.512027        0.267579
MDMin:  2595 23:39:37    -2397.511949        0.522224
MDMin:  2596 23:39:39    -2397.512031        0.268084
MDMin:  2597 23:39:41    -2397.512032        0.267397
MDMin:  2598 23:39:43    -2397.511818        0.523922
MDMin:  2599 23:39:45    -2397.512037        0.267440
MDMin:  2600 23:39:47    -2397.511942        0.522443
MDMin:  2601 23:39:49    -2397.512041        0.267944
MDMin:  2602 23:39:50    -2397.512042        0.267259
MDMin:  2603 23:39:52    -2397.511811        0.524135
MDMin:  2604 23:39:54    -2397.512047        0.267299
MDMin:  2605 23:39:56    -2397.511935        0.522658
MDMin:  2606 23:39:58    -2397.512051        0.267801
MDMin:  2607 23:39:59    -2397.512041        0.521406
MDMin:  2608 23:40:01    -2397.512055        0.268311
MDMin:  2609 23:40:03    -2397.512056        0.267652
MDMin:  2610 23:40:04    -2397.511913        0.523098
MDMin:  2611 23:40:06    -2397.512061        0.267702
MDMin:  2612 23:40:08    -2397.512037        0.521628
MDMin:  2613 23:40:10    -2397.512065        0.268202
MDMin:  2614 23:40:12    -2397.512066        0.267542
MDMin:  2615 23:40:14    -2397.511909        0.523316
MDMin:  2616 23:40:16    -2397.512071        0.267586
MDMin:  2617 23:40:17    -2397.512032        0.521853
MDMin:  2618 23:40:19    -2397.512075        0.268083
MDMin:  2619 23:40:21    -2397.512076        0.267424
MDMin:  2620 23:40:23    -2397.511905        0.523538
MDMin:  2621 23:40:25    -2397.512081        0.267461
MDMin:  2622 23:40:27    -2397.512027        0.522080
MDMin:  2623 23:40:29    -2397.512085        0.267956
MDMin:  2624 23:40:31    -2397.512086        0.267298
MDMin:  2625 23:40:33    -2397.511900        0.523762
MDMin:  2626 23:40:35    -2397.512090        0.267331
MDMin:  2627 23:40:37    -2397.512022        0.522308
MDMin:  2628 23:40:39    -2397.512095        0.267825
MDMin:  2629 23:40:41    -2397.512095        0.267168
MDMin:  2630 23:40:43    -2397.511894        0.523984
MDMin:  2631 23:40:46    -2397.512100        0.267197
MDMin:  2632 23:40:48    -2397.512015        0.522534
MDMin:  2633 23:40:50    -2397.512105        0.267689
MDMin:  2634 23:40:52    -2397.512105        0.267033
MDMin:  2635 23:40:54    -2397.511888        0.524205
MDMin:  2636 23:40:56    -2397.512110        0.267059
MDMin:  2637 23:40:59    -2397.512008        0.522759
MDMin:  2638 23:41:01    -2397.512114        0.267549
MDMin:  2639 23:41:03    -2397.512114        0.521513
MDMin:  2640 23:41:05    -2397.512119        0.268047
MDMin:  2641 23:41:07    -2397.512119        0.267416
MDMin:  2642 23:41:10    -2397.511989        0.523183
MDMin:  2643 23:41:11    -2397.512125        0.267452
MDMin:  2644 23:41:13    -2397.512110        0.521743
MDMin:  2645 23:41:14    -2397.512129        0.267940
MDMin:  2646 23:41:16    -2397.512130        0.267308
MDMin:  2647 23:41:18    -2397.511985        0.523410
MDMin:  2648 23:41:20    -2397.512135        0.267337
MDMin:  2649 23:41:22    -2397.512106        0.521977
MDMin:  2650 23:41:24    -2397.512139        0.267823
MDMin:  2651 23:41:26    -2397.512140        0.267192
MDMin:  2652 23:41:28    -2397.511981        0.523641
MDMin:  2653 23:41:30    -2397.512145        0.267215
MDMin:  2654 23:41:32    -2397.512101        0.522213
MDMin:  2655 23:41:34    -2397.512149        0.267699
MDMin:  2656 23:41:37    -2397.512150        0.267069
MDMin:  2657 23:41:39    -2397.511976        0.523873
MDMin:  2658 23:41:41    -2397.512155        0.267087
MDMin:  2659 23:41:43    -2397.512095        0.522449
MDMin:  2660 23:41:45    -2397.512159        0.267570
MDMin:  2661 23:41:46    -2397.512160        0.266940
MDMin:  2662 23:41:48    -2397.511970        0.524104
MDMin:  2663 23:41:50    -2397.512165        0.266954
MDMin:  2664 23:41:52    -2397.512089        0.522684
MDMin:  2665 23:41:54    -2397.512169        0.267435
MDMin:  2666 23:41:56    -2397.512170        0.266807
MDMin:  2667 23:41:58    -2397.511964        0.524333
MDMin:  2668 23:42:00    -2397.512175        0.266818
MDMin:  2669 23:42:02    -2397.512082        0.522916
MDMin:  2670 23:42:04    -2397.512179        0.267298
MDMin:  2671 23:42:06    -2397.512180        0.266671
MDMin:  2672 23:42:08    -2397.511957        0.524559
MDMin:  2673 23:42:10    -2397.512185        0.266679
MDMin:  2674 23:42:13    -2397.512075        0.523144
MDMin:  2675 23:42:15    -2397.512189        0.267158
MDMin:  2676 23:42:17    -2397.512179        0.521904
MDMin:  2677 23:42:19    -2397.512193        0.267642
MDMin:  2678 23:42:21    -2397.512194        0.267039
MDMin:  2679 23:42:23    -2397.512057        0.523544
MDMin:  2680 23:42:25    -2397.512199        0.267059
MDMin:  2681 23:42:27    -2397.512175        0.522135
MDMin:  2682 23:42:29    -2397.512203        0.267536
MDMin:  2683 23:42:31    -2397.512204        0.266932
MDMin:  2684 23:42:33    -2397.512053        0.523772
MDMin:  2685 23:42:34    -2397.512209        0.266946
MDMin:  2686 23:42:36    -2397.512171        0.522369
MDMin:  2687 23:42:37    -2397.512214        0.267421
MDMin:  2688 23:42:38    -2397.512214        0.266817
MDMin:  2689 23:42:40    -2397.512049        0.524004
MDMin:  2690 23:42:42    -2397.512219        0.266826
MDMin:  2691 23:42:44    -2397.512166        0.522605
MDMin:  2692 23:42:46    -2397.512224        0.267299
MDMin:  2693 23:42:48    -2397.512225        0.266696
MDMin:  2694 23:42:49    -2397.512044        0.524236
MDMin:  2695 23:42:51    -2397.512230        0.266700
MDMin:  2696 23:42:53    -2397.512160        0.522841
MDMin:  2697 23:42:55    -2397.512234        0.267172
MDMin:  2698 23:42:57    -2397.512235        0.266569
MDMin:  2699 23:42:59    -2397.512038        0.524466
MDMin:  2700 23:43:01    -2397.512240        0.266570
MDMin:  2701 23:43:03    -2397.512154        0.523075
MDMin:  2702 23:43:05    -2397.512244        0.267040
MDMin:  2703 23:43:06    -2397.512245        0.266439
MDMin:  2704 23:43:08    -2397.512032        0.524694
MDMin:  2705 23:43:10    -2397.512250        0.266436
MDMin:  2706 23:43:13    -2397.512147        0.523306
MDMin:  2707 23:43:15    -2397.512254        0.266906
MDMin:  2708 23:43:16    -2397.512251        0.522069
MDMin:  2709 23:43:18    -2397.512258        0.267380
MDMin:  2710 23:43:20    -2397.512259        0.266802
MDMin:  2711 23:43:23    -2397.512132        0.523685
MDMin:  2712 23:43:25    -2397.512264        0.266811
MDMin:  2713 23:43:27    -2397.512247        0.522302
MDMin:  2714 23:43:29    -2397.512269        0.267279
MDMin:  2715 23:43:31    -2397.512269        0.266700
MDMin:  2716 23:43:33    -2397.512128        0.523917
MDMin:  2717 23:43:35    -2397.512275        0.266703
MDMin:  2718 23:43:37    -2397.512243        0.522539
MDMin:  2719 23:43:39    -2397.512279        0.267169
MDMin:  2720 23:43:41    -2397.512280        0.266589
MDMin:  2721 23:43:42    -2397.512124        0.524151
MDMin:  2722 23:43:44    -2397.512285        0.266588
MDMin:  2723 23:43:46    -2397.512238        0.522778
MDMin:  2724 23:43:48    -2397.512289        0.267052
MDMin:  2725 23:43:49    -2397.512290        0.266472
MDMin:  2726 23:43:50    -2397.512119        0.524386
MDMin:  2727 23:43:52    -2397.512295        0.266466
MDMin:  2728 23:43:54    -2397.512233        0.523017
MDMin:  2729 23:43:56    -2397.512299        0.266929
MDMin:  2730 23:43:57    -2397.512300        0.266350
MDMin:  2731 23:43:59    -2397.512114        0.524620
MDMin:  2732 23:44:00    -2397.512305        0.266340
MDMin:  2733 23:44:02    -2397.512227        0.523254
MDMin:  2734 23:44:03    -2397.512310        0.266802
MDMin:  2735 23:44:04    -2397.512310        0.266223
MDMin:  2736 23:44:06    -2397.512108        0.524851
MDMin:  2737 23:44:08    -2397.512315        0.266211
MDMin:  2738 23:44:10    -2397.512221        0.523487
MDMin:  2739 23:44:11    -2397.512320        0.266672
MDMin:  2740 23:44:13    -2397.512321        0.266094
MDMin:  2741 23:44:15    -2397.512102        0.525078
MDMin:  2742 23:44:17    -2397.512326        0.266079
MDMin:  2743 23:44:19    -2397.512215        0.523716
MDMin:  2744 23:44:21    -2397.512330        0.266539
MDMin:  2745 23:44:22    -2397.512318        0.522481
MDMin:  2746 23:44:24    -2397.512334        0.267003
MDMin:  2747 23:44:26    -2397.512335        0.266448
MDMin:  2748 23:44:28    -2397.512202        0.524068
MDMin:  2749 23:44:30    -2397.512340        0.266446
MDMin:  2750 23:44:32    -2397.512315        0.522711
MDMin:  2751 23:44:34    -2397.512345        0.266905
MDMin:  2752 23:44:36    -2397.512346        0.266349
MDMin:  2753 23:44:38    -2397.512198        0.524296
MDMin:  2754 23:44:40    -2397.512351        0.266342
MDMin:  2755 23:44:41    -2397.512311        0.522944
MDMin:  2756 23:44:43    -2397.512355        0.266799
MDMin:  2757 23:44:45    -2397.512356        0.266242
MDMin:  2758 23:44:48    -2397.512194        0.524527
MDMin:  2759 23:44:50    -2397.512361        0.266230
MDMin:  2760 23:44:51    -2397.512306        0.523178
MDMin:  2761 23:44:54    -2397.512365        0.266685
MDMin:  2762 23:44:56    -2397.512366        0.266129
MDMin:  2763 23:44:57    -2397.512190        0.524758
MDMin:  2764 23:44:59    -2397.512371        0.266113
MDMin:  2765 23:45:01    -2397.512301        0.523412
MDMin:  2766 23:45:03    -2397.512376        0.266567
MDMin:  2767 23:45:05    -2397.512377        0.266011
MDMin:  2768 23:45:07    -2397.512185        0.524987
MDMin:  2769 23:45:09    -2397.512382        0.265992
MDMin:  2770 23:45:11    -2397.512296        0.523644
MDMin:  2771 23:45:12    -2397.512386        0.266445
MDMin:  2772 23:45:14    -2397.512387        0.265890
MDMin:  2773 23:45:16    -2397.512180        0.525213
MDMin:  2774 23:45:18    -2397.512392        0.265868
MDMin:  2775 23:45:20    -2397.512291        0.523872
MDMin:  2776 23:45:22    -2397.512396        0.266320
MDMin:  2777 23:45:23    -2397.512394        0.522637
MDMin:  2778 23:45:25    -2397.512401        0.266775
MDMin:  2779 23:45:27    -2397.512402        0.266242
MDMin:  2780 23:45:29    -2397.512280        0.524203
MDMin:  2781 23:45:31    -2397.512407        0.266233
MDMin:  2782 23:45:33    -2397.512391        0.522866
MDMin:  2783 23:45:35    -2397.512411        0.266684
MDMin:  2784 23:45:37    -2397.512412        0.266149
MDMin:  2785 23:45:39    -2397.512277        0.524431
MDMin:  2786 23:45:40    -2397.512417        0.266135
MDMin:  2787 23:45:42    -2397.512388        0.523099
MDMin:  2788 23:45:43    -2397.512422        0.266584
MDMin:  2789 23:45:45    -2397.512423        0.266048
MDMin:  2790 23:45:47    -2397.512274        0.524662
MDMin:  2791 23:45:49    -2397.512428        0.266030
MDMin:  2792 23:45:51    -2397.512384        0.523334
MDMin:  2793 23:45:53    -2397.512432        0.266477
MDMin:  2794 23:45:55    -2397.512433        0.265941
MDMin:  2795 23:45:57    -2397.512270        0.524894
MDMin:  2796 23:45:58    -2397.512438        0.265918
MDMin:  2797 23:45:59    -2397.512380        0.523568
MDMin:  2798 23:46:00    -2397.512443        0.266365
MDMin:  2799 23:46:01    -2397.512443        0.265829
MDMin:  2800 23:46:03    -2397.512266        0.525124
MDMin:  2801 23:46:04    -2397.512449        0.265803
MDMin:  2802 23:46:05    -2397.512375        0.523801
MDMin:  2803 23:46:06    -2397.512453        0.266248
MDMin:  2804 23:46:08    -2397.512454        0.265712
MDMin:  2805 23:46:10    -2397.512261        0.525351
MDMin:  2806 23:46:11    -2397.512459        0.265683
MDMin:  2807 23:46:13    -2397.512370        0.524030
MDMin:  2808 23:46:15    -2397.512464        0.266128
MDMin:  2809 23:46:17    -2397.512464        0.265593
MDMin:  2810 23:46:19    -2397.512257        0.525574
MDMin:  2811 23:46:21    -2397.512469        0.265562
MDMin:  2812 23:46:23    -2397.512365        0.524254
MDMin:  2813 23:46:25    -2397.512474        0.266006
MDMin:  2814 23:46:27    -2397.512468        0.523019
MDMin:  2815 23:46:29    -2397.512478        0.266452
MDMin:  2816 23:46:31    -2397.512479        0.265939
MDMin:  2817 23:46:33    -2397.512357        0.524558
MDMin:  2818 23:46:35    -2397.512485        0.265922
MDMin:  2819 23:46:37    -2397.512466        0.523243
MDMin:  2820 23:46:39    -2397.512489        0.266365
MDMin:  2821 23:46:40    -2397.512490        0.265850
MDMin:  2822 23:46:42    -2397.512354        0.524782
MDMin:  2823 23:46:44    -2397.512495        0.265829
MDMin:  2824 23:46:45    -2397.512463        0.523470
MDMin:  2825 23:46:46    -2397.512500        0.266270
MDMin:  2826 23:46:48    -2397.512500        0.265754
MDMin:  2827 23:46:49    -2397.512352        0.525008
MDMin:  2828 23:46:51    -2397.512506        0.265728
MDMin:  2829 23:46:53    -2397.512460        0.523699
MDMin:  2830 23:46:55    -2397.512510        0.266167
MDMin:  2831 23:46:57    -2397.512511        0.265651
MDMin:  2832 23:46:59    -2397.512349        0.525233
MDMin:  2833 23:47:01    -2397.512516        0.265621
MDMin:  2834 23:47:03    -2397.512457        0.523928
MDMin:  2835 23:47:05    -2397.512521        0.266060
MDMin:  2836 23:47:08    -2397.512522        0.265543
MDMin:  2837 23:47:10    -2397.512345        0.525458
MDMin:  2838 23:47:11    -2397.512527        0.265511
MDMin:  2839 23:47:13    -2397.512453        0.524154
MDMin:  2840 23:47:15    -2397.512531        0.265948
MDMin:  2841 23:47:17    -2397.512532        0.265432
MDMin:  2842 23:47:18    -2397.512341        0.525679
MDMin:  2843 23:47:19    -2397.512537        0.265397
MDMin:  2844 23:47:20    -2397.512449        0.524377
MDMin:  2845 23:47:22    -2397.512542        0.265834
MDMin:  2846 23:47:24    -2397.512543        0.265318
MDMin:  2847 23:47:26    -2397.512337        0.525896
MDMin:  2848 23:47:28    -2397.512548        0.265280
MDMin:  2849 23:47:29    -2397.512444        0.524595
MDMin:  2850 23:47:31    -2397.512552        0.265717
MDMin:  2851 23:47:32    -2397.512547        0.523358
MDMin:  2852 23:47:34    -2397.512557        0.266155
MDMin:  2853 23:47:36    -2397.512558        0.265661
MDMin:  2854 23:47:38    -2397.512438        0.524872
MDMin:  2855 23:47:40    -2397.512563        0.265639
MDMin:  2856 23:47:42    -2397.512545        0.523575
MDMin:  2857 23:47:44    -2397.512568        0.266074
MDMin:  2858 23:47:46    -2397.512569        0.265579
MDMin:  2859 23:47:48    -2397.512436        0.525090
MDMin:  2860 23:47:50    -2397.512574        0.265551
MDMin:  2861 23:47:52    -2397.512543        0.523797
MDMin:  2862 23:47:53    -2397.512579        0.265985
MDMin:  2863 23:47:54    -2397.512579        0.265488
MDMin:  2864 23:47:56    -2397.512435        0.525309
MDMin:  2865 23:47:57    -2397.512585        0.265456
MDMin:  2866 23:48:00    -2397.512541        0.524020
MDMin:  2867 23:48:02    -2397.512589        0.265889
MDMin:  2868 23:48:04    -2397.512590        0.265391
MDMin:  2869 23:48:05    -2397.512432        0.525529
MDMin:  2870 23:48:06    -2397.512595        0.265356
MDMin:  2871 23:48:08    -2397.512538        0.524242
MDMin:  2872 23:48:10    -2397.512600        0.265787
MDMin:  2873 23:48:12    -2397.512601        0.265290
MDMin:  2874 23:48:13    -2397.512430        0.525747
MDMin:  2875 23:48:15    -2397.512606        0.265251
MDMin:  2876 23:48:17    -2397.512535        0.524462
MDMin:  2877 23:48:19    -2397.512611        0.265682
MDMin:  2878 23:48:20    -2397.512611        0.265184
MDMin:  2879 23:48:21    -2397.512427        0.525963
MDMin:  2880 23:48:22    -2397.512617        0.265143
MDMin:  2881 23:48:24    -2397.512532        0.524679
MDMin:  2882 23:48:26    -2397.512621        0.265573
MDMin:  2883 23:48:28    -2397.512622        0.265076
MDMin:  2884 23:48:30    -2397.512423        0.526174
MDMin:  2885 23:48:32    -2397.512627        0.265033
MDMin:  2886 23:48:34    -2397.512529        0.524892
MDMin:  2887 23:48:36    -2397.512632        0.265462
MDMin:  2888 23:48:38    -2397.512631        0.523652
MDMin:  2889 23:48:41    -2397.512637        0.265893
MDMin:  2890 23:48:42    -2397.512637        0.265418
MDMin:  2891 23:48:44    -2397.512525        0.525143
MDMin:  2892 23:48:46    -2397.512643        0.265390
MDMin:  2893 23:48:48    -2397.512631        0.523864
MDMin:  2894 23:48:49    -2397.512648        0.265819
MDMin:  2895 23:48:52    -2397.512648        0.265341
MDMin:  2896 23:48:54    -2397.512524        0.525354
MDMin:  2897 23:48:56    -2397.512654        0.265308
MDMin:  2898 23:48:58    -2397.512630        0.524080
MDMin:  2899 23:49:00    -2397.512659        0.265735
MDMin:  2900 23:49:01    -2397.512659        0.265257
MDMin:  2901 23:49:02    -2397.512523        0.525569
MDMin:  2902 23:49:04    -2397.512665        0.265219
MDMin:  2903 23:49:06    -2397.512628        0.524298
MDMin:  2904 23:49:08    -2397.512669        0.265645
MDMin:  2905 23:49:09    -2397.512670        0.265166
MDMin:  2906 23:49:11    -2397.512522        0.525783
MDMin:  2907 23:49:13    -2397.512675        0.265125
MDMin:  2908 23:49:15    -2397.512627        0.524515
MDMin:  2909 23:49:17    -2397.512680        0.265550
MDMin:  2910 23:49:20    -2397.512681        0.265070
MDMin:  2911 23:49:22    -2397.512520        0.525996
MDMin:  2912 23:49:24    -2397.512686        0.265026
MDMin:  2913 23:49:25    -2397.512625        0.524730
MDMin:  2914 23:49:27    -2397.512691        0.265450
MDMin:  2915 23:49:30    -2397.512692        0.264971
MDMin:  2916 23:49:32    -2397.512518        0.526207
MDMin:  2917 23:49:34    -2397.512697        0.264924
MDMin:  2918 23:49:36    -2397.512622        0.524942
MDMin:  2919 23:49:38    -2397.512702        0.265347
MDMin:  2920 23:49:40    -2397.512702        0.264869
MDMin:  2921 23:49:43    -2397.512516        0.526413
MDMin:  2922 23:49:45    -2397.512708        0.264820
MDMin:  2923 23:49:47    -2397.512620        0.525150
MDMin:  2924 23:49:49    -2397.512713        0.265243
MDMin:  2925 23:49:51    -2397.512713        0.264765
MDMin:  2926 23:49:53    -2397.512514        0.526616
MDMin:  2927 23:49:54    -2397.512719        0.264714
MDMin:  2928 23:49:56    -2397.512617        0.525353
MDMin:  2929 23:49:58    -2397.512723        0.265136
MDMin:  2930 23:50:00    -2397.512720        0.524109
MDMin:  2931 23:50:02    -2397.512728        0.265560
MDMin:  2932 23:50:04    -2397.512729        0.265103
MDMin:  2933 23:50:06    -2397.512616        0.525570
MDMin:  2934 23:50:09    -2397.512734        0.265069
MDMin:  2935 23:50:10    -2397.512720        0.524311
MDMin:  2936 23:50:13    -2397.512739        0.265490
MDMin:  2937 23:50:15    -2397.512740        0.265032
MDMin:  2938 23:50:17    -2397.512616        0.525771
MDMin:  2939 23:50:19    -2397.512745        0.264993
MDMin:  2940 23:50:20    -2397.512720        0.524516
MDMin:  2941 23:50:22    -2397.512750        0.265413
MDMin:  2942 23:50:23    -2397.512751        0.264953
MDMin:  2943 23:50:25    -2397.512616        0.525975
MDMin:  2944 23:50:27    -2397.512756        0.264910
MDMin:  2945 23:50:28    -2397.512719        0.524723
MDMin:  2946 23:50:29    -2397.512761        0.265328
MDMin:  2947 23:50:31    -2397.512762        0.264868
MDMin:  2948 23:50:33    -2397.512616        0.526179
MDMin:  2949 23:50:36    -2397.512767        0.264822
MDMin:  2950 23:50:37    -2397.512719        0.524930
MDMin:  2951 23:50:39    -2397.512772        0.265239
MDMin:  2952 23:50:40    -2397.512773        0.264779
MDMin:  2953 23:50:42    -2397.512615        0.526381
MDMin:  2954 23:50:43    -2397.512778        0.264729
MDMin:  2955 23:50:45    -2397.512718        0.525134
MDMin:  2956 23:50:47    -2397.512783        0.265146
MDMin:  2957 23:50:48    -2397.512784        0.264686
MDMin:  2958 23:50:49    -2397.512614        0.526581
MDMin:  2959 23:50:50    -2397.512789        0.264634
MDMin:  2960 23:50:52    -2397.512716        0.525336
MDMin:  2961 23:50:54    -2397.512794        0.265050
MDMin:  2962 23:50:55    -2397.512795        0.264591
MDMin:  2963 23:50:57    -2397.512613        0.526778
MDMin:  2964 23:50:59    -2397.512800        0.264537
MDMin:  2965 23:51:00    -2397.512715        0.525534
MDMin:  2966 23:51:02    -2397.512805        0.264952
MDMin:  2967 23:51:04    -2397.512806        0.264493
MDMin:  2968 23:51:05    -2397.512612        0.526970
MDMin:  2969 23:51:07    -2397.512811        0.264438
MDMin:  2970 23:51:09    -2397.512713        0.525727
MDMin:  2971 23:51:11    -2397.512816        0.264853
MDMin:  2972 23:51:13    -2397.512816        0.524478
MDMin:  2973 23:51:15    -2397.512821        0.265270
MDMin:  2974 23:51:16    -2397.512822        0.264832
MDMin:  2975 23:51:18    -2397.512716        0.525910
MDMin:  2976 23:51:19    -2397.512827        0.264793
MDMin:  2977 23:51:21    -2397.512818        0.524670
MDMin:  2978 23:51:23    -2397.512832        0.265207
MDMin:  2979 23:51:24    -2397.512833        0.264768
MDMin:  2980 23:51:26    -2397.512717        0.526102
MDMin:  2981 23:51:28    -2397.512838        0.264724
MDMin:  2982 23:51:30    -2397.512819        0.524866
MDMin:  2983 23:51:32    -2397.512843        0.265137
MDMin:  2984 23:51:34    -2397.512844        0.264696
MDMin:  2985 23:51:36    -2397.512718        0.526296
MDMin:  2986 23:51:38    -2397.512850        0.264648
MDMin:  2987 23:51:39    -2397.512819        0.525063
MDMin:  2988 23:51:41    -2397.512855        0.265060
MDMin:  2989 23:51:43    -2397.512855        0.264619
MDMin:  2990 23:51:44    -2397.512719        0.526490
MDMin:  2991 23:51:45    -2397.512861        0.264567
MDMin:  2992 23:51:46    -2397.512820        0.525261
MDMin:  2993 23:51:48    -2397.512866        0.264978
MDMin:  2994 23:51:49    -2397.512866        0.264537
MDMin:  2995 23:51:51    -2397.512719        0.526684
MDMin:  2996 23:51:53    -2397.512872        0.264483
MDMin:  2997 23:51:55    -2397.512820        0.525456
MDMin:  2998 23:51:57    -2397.512877        0.264893
MDMin:  2999 23:51:58    -2397.512878        0.264451
MDMin:  3000 23:52:00    -2397.512720        0.526876
MDMin:  3001 23:52:02    -2397.512883        0.264395
MDMin:  3002 23:52:04    -2397.512820        0.525649
MDMin:  3003 23:52:06    -2397.512888        0.264804
MDMin:  3004 23:52:08    -2397.512889        0.264363
MDMin:  3005 23:52:10    -2397.512720        0.527064
MDMin:  3006 23:52:12    -2397.512894        0.264304
MDMin:  3007 23:52:14    -2397.512820        0.525839
MDMin:  3008 23:52:16    -2397.512899        0.264713
MDMin:  3009 23:52:17    -2397.512900        0.264272
MDMin:  3010 23:52:19    -2397.512720        0.527248
MDMin:  3011 23:52:20    -2397.512905        0.264212
MDMin:  3012 23:52:22    -2397.512820        0.526024
MDMin:  3013 23:52:24    -2397.512910        0.264621
MDMin:  3014 23:52:26    -2397.512911        0.264181
MDMin:  3015 23:52:28    -2397.512720        0.527428
MDMin:  3016 23:52:30    -2397.512916        0.264119
MDMin:  3017 23:52:31    -2397.512820        0.526205
MDMin:  3018 23:52:33    -2397.512921        0.264528
MDMin:  3019 23:52:35    -2397.512922        0.264088
MDMin:  3020 23:52:37    -2397.512720        0.527603
MDMin:  3021 23:52:39    -2397.512919        0.525070
MDMin:  3022 23:52:41    -2397.512936        0.265692
MDMin:  3023 23:52:42    -2397.512937        0.265326
MDMin:  3024 23:52:44    -2397.512939        0.264520
MDMin:  3025 23:52:46    -2397.512734        0.527755
MDMin:  3026 23:52:48    -2397.512930        0.525273
MDMin:  3027 23:52:50    -2397.512954        0.265667
MDMin:  3028 23:52:51    -2397.512954        0.265299
MDMin:  3029 23:52:54    -2397.512956        0.264486
MDMin:  3030 23:52:56    -2397.512742        0.528003
MDMin:  3031 23:52:58    -2397.512937        0.525534
MDMin:  3032 23:52:59    -2397.512971        0.265617
MDMin:  3033 23:53:01    -2397.512972        0.265247
MDMin:  3034 23:53:03    -2397.512973        0.264429
MDMin:  3035 23:53:05    -2397.512749        0.528261
MDMin:  3036 23:53:07    -2397.512943        0.525802
MDMin:  3037 23:53:09    -2397.512988        0.265547
MDMin:  3038 23:53:11    -2397.512989        0.265177
MDMin:  3039 23:53:13    -2397.512990        0.264356
MDMin:  3040 23:53:15    -2397.512756        0.528521
MDMin:  3041 23:53:16    -2397.512949        0.526072
MDMin:  3042 23:53:18    -2397.513005        0.265464
MDMin:  3043 23:53:20    -2397.513006        0.265094
MDMin:  3044 23:53:21    -2397.513007        0.264271
MDMin:  3045 23:53:22    -2397.512762        0.528779
MDMin:  3046 23:53:24    -2397.512955        0.526338
MDMin:  3047 23:53:25    -2397.513022        0.265371
MDMin:  3048 23:53:27    -2397.513023        0.265001
MDMin:  3049 23:53:29    -2397.513024        0.264178
MDMin:  3050 23:53:30    -2397.512768        0.529032
MDMin:  3051 23:53:32    -2397.512960        0.526598
MDMin:  3052 23:53:34    -2397.513039        0.265270
MDMin:  3053 23:53:36    -2397.513040        0.264901
MDMin:  3054 23:53:38    -2397.513041        0.264079
MDMin:  3055 23:53:40    -2397.512774        0.529276
MDMin:  3056 23:53:42    -2397.512965        0.526850
MDMin:  3057 23:53:43    -2397.513057        0.265165
MDMin:  3058 23:53:45    -2397.513057        0.264797
MDMin:  3059 23:53:47    -2397.513058        0.263977
MDMin:  3060 23:53:49    -2397.512779        0.529512
MDMin:  3061 23:53:51    -2397.512970        0.527091
MDMin:  3062 23:53:53    -2397.513074        0.265057
MDMin:  3063 23:53:55    -2397.513074        0.264691
MDMin:  3064 23:53:57    -2397.513075        0.263871
MDMin:  3065 23:53:59    -2397.512785        0.529737
MDMin:  3066 23:54:00    -2397.512975        0.527323
MDMin:  3067 23:54:02    -2397.513091        0.264947
MDMin:  3068 23:54:04    -2397.513091        0.264582
MDMin:  3069 23:54:05    -2397.513087        0.526051
MDMin:  3070 23:54:07    -2397.513097        0.264564
MDMin:  3071 23:54:09    -2397.513098        0.264157
MDMin:  3072 23:54:11    -2397.512988        0.527481
MDMin:  3073 23:54:12    -2397.513104        0.264090
MDMin:  3074 23:54:14    -2397.513086        0.526289
MDMin:  3075 23:54:16    -2397.513109        0.264482
MDMin:  3076 23:54:18    -2397.513109        0.264075
MDMin:  3077 23:54:19    -2397.512991        0.527652
MDMin:  3078 23:54:21    -2397.513115        0.264007
MDMin:  3079 23:54:23    -2397.513089        0.526460
MDMin:  3080 23:54:25    -2397.513121        0.264398
MDMin:  3081 23:54:27    -2397.513121        0.263991
MDMin:  3082 23:54:28    -2397.512994        0.527821
MDMin:  3083 23:54:30    -2397.513127        0.263922
MDMin:  3084 23:54:32    -2397.513092        0.526629
MDMin:  3085 23:54:33    -2397.513132        0.264313
MDMin:  3086 23:54:35    -2397.513133        0.263906
MDMin:  3087 23:54:37    -2397.512997        0.527986
MDMin:  3088 23:54:39    -2397.513139        0.263836
MDMin:  3089 23:54:41    -2397.513095        0.526794
MDMin:  3090 23:54:43    -2397.513144        0.264226
MDMin:  3091 23:54:45    -2397.513144        0.263820
MDMin:  3092 23:54:46    -2397.513000        0.528148
MDMin:  3093 23:54:48    -2397.513150        0.263750
MDMin:  3094 23:54:49    -2397.513098        0.526955
MDMin:  3095 23:54:51    -2397.513156        0.264140
MDMin:  3096 23:54:53    -2397.513156        0.263734
MDMin:  3097 23:54:55    -2397.513003        0.528306
MDMin:  3098 23:54:56    -2397.513162        0.263663
MDMin:  3099 23:54:57    -2397.513100        0.527113
MDMin:  3100 23:54:58    -2397.513167        0.264053
MDMin:  3101 23:54:59    -2397.513168        0.263648
MDMin:  3102 23:55:01    -2397.513006        0.528460
MDMin:  3103 23:55:03    -2397.513174        0.263577
MDMin:  3104 23:55:04    -2397.513103        0.527266
MDMin:  3105 23:55:05    -2397.513179        0.263967
MDMin:  3106 23:55:07    -2397.513180        0.263562
MDMin:  3107 23:55:09    -2397.513009        0.528609
MDMin:  3108 23:55:11    -2397.513185        0.263492
MDMin:  3109 23:55:13    -2397.513106        0.527415
MDMin:  3110 23:55:15    -2397.513191        0.263882
MDMin:  3111 23:55:17    -2397.513191        0.263477
MDMin:  3112 23:55:19    -2397.513012        0.528754
MDMin:  3113 23:55:21    -2397.513197        0.263407
MDMin:  3114 23:55:22    -2397.513109        0.527559
MDMin:  3115 23:55:24    -2397.513202        0.263797
MDMin:  3116 23:55:26    -2397.513203        0.263393
MDMin:  3117 23:55:28    -2397.513015        0.528896
MDMin:  3118 23:55:30    -2397.513208        0.526428
MDMin:  3119 23:55:31    -2397.513219        0.264883
MDMin:  3120 23:55:32    -2397.513219        0.264562
MDMin:  3121 23:55:33    -2397.513221        0.263827
MDMin:  3122 23:55:34    -2397.513040        0.528914
MDMin:  3123 23:55:36    -2397.513227        0.526527
MDMin:  3124 23:55:37    -2397.513237        0.264881
MDMin:  3125 23:55:39    -2397.513238        0.264555
MDMin:  3126 23:55:41    -2397.513239        0.263811
MDMin:  3127 23:55:44    -2397.513052        0.529114
MDMin:  3128 23:55:46    -2397.513239        0.526730
MDMin:  3129 23:55:48    -2397.513255        0.264854
MDMin:  3130 23:55:49    -2397.513256        0.264525
MDMin:  3131 23:55:51    -2397.513257        0.263775
MDMin:  3132 23:55:54    -2397.513064        0.529328
MDMin:  3133 23:55:56    -2397.513251        0.526943
MDMin:  3134 23:55:58    -2397.513273        0.264809
MDMin:  3135 23:56:00    -2397.513274        0.264478
MDMin:  3136 23:56:02    -2397.513275        0.263724
MDMin:  3137 23:56:04    -2397.513075        0.529548
MDMin:  3138 23:56:06    -2397.513262        0.527162
MDMin:  3139 23:56:08    -2397.513292        0.264752
MDMin:  3140 23:56:10    -2397.513292        0.264419
MDMin:  3141 23:56:12    -2397.513293        0.263662
MDMin:  3142 23:56:14    -2397.513086        0.529770
MDMin:  3143 23:56:17    -2397.513273        0.527381
MDMin:  3144 23:56:19    -2397.513310        0.264685
MDMin:  3145 23:56:21    -2397.513311        0.264351
MDMin:  3146 23:56:23    -2397.513312        0.263591
MDMin:  3147 23:56:25    -2397.513096        0.529992
MDMin:  3148 23:56:27    -2397.513284        0.527599
MDMin:  3149 23:56:29    -2397.513328        0.264612
MDMin:  3150 23:56:30    -2397.513329        0.264276
MDMin:  3151 23:56:32    -2397.513330        0.263514
MDMin:  3152 23:56:34    -2397.513106        0.530211
MDMin:  3153 23:56:36    -2397.513294        0.527812
MDMin:  3154 23:56:38    -2397.513347        0.264533
MDMin:  3155 23:56:40    -2397.513347        0.264196
MDMin:  3156 23:56:42    -2397.513349        0.263432
MDMin:  3157 23:56:44    -2397.513117        0.530426
MDMin:  3158 23:56:46    -2397.513305        0.528020
MDMin:  3159 23:56:48    -2397.513365        0.264450
MDMin:  3160 23:56:50    -2397.513366        0.264112
MDMin:  3161 23:56:52    -2397.513367        0.263347
MDMin:  3162 23:56:54    -2397.513127        0.530636
MDMin:  3163 23:56:56    -2397.513315        0.528222
MDMin:  3164 23:56:58    -2397.513384        0.264365
MDMin:  3165 23:57:00    -2397.513384        0.264026
MDMin:  3166 23:57:02    -2397.513386        0.263260
MDMin:  3167 23:57:04    -2397.513136        0.530842
MDMin:  3168 23:57:06    -2397.513326        0.528418
MDMin:  3169 23:57:09    -2397.513403        0.264279
MDMin:  3170 23:57:11    -2397.513403        0.263938
MDMin:  3171 23:57:13    -2397.513404        0.263171
MDMin:  3172 23:57:15    -2397.513146        0.531042
MDMin:  3173 23:57:16    -2397.513336        0.528608
MDMin:  3174 23:57:19    -2397.513421        0.264192
MDMin:  3175 23:57:21    -2397.513422        0.263850
MDMin:  3176 23:57:23    -2397.513423        0.263081
MDMin:  3177 23:57:25    -2397.513156        0.531237
MDMin:  3178 23:57:26    -2397.513347        0.528791
MDMin:  3179 23:57:27    -2397.513440        0.264105
MDMin:  3180 23:57:28    -2397.513441        0.263761
MDMin:  3181 23:57:30    -2397.513442        0.262992
MDMin:  3182 23:57:31    -2397.513166        0.531427
MDMin:  3183 23:57:32    -2397.513358        0.528967
MDMin:  3184 23:57:33    -2397.513459        0.264018
MDMin:  3185 23:57:34    -2397.513460        0.263672
MDMin:  3186 23:57:36    -2397.513461        0.262902
MDMin:  3187 23:57:38    -2397.513176        0.531612
MDMin:  3188 23:57:40    -2397.513369        0.529138
MDMin:  3189 23:57:42    -2397.513478        0.263932
MDMin:  3190 23:57:44    -2397.513479        0.263585
MDMin:  3191 23:57:45    -2397.513480        0.262813
MDMin:  3192 23:57:46    -2397.513186        0.531793
MDMin:  3193 23:57:48    -2397.513380        0.529303
MDMin:  3194 23:57:49    -2397.513498        0.263847
MDMin:  3195 23:57:51    -2397.513498        0.263498
MDMin:  3196 23:57:53    -2397.513493        0.528025
MDMin:  3197 23:57:55    -2397.513505        0.263488
MDMin:  3198 23:57:57    -2397.513506        0.263103
MDMin:  3199 23:57:59    -2397.513396        0.529439
MDMin:  3200 23:58:01    -2397.513512        0.263053
MDMin:  3201 23:58:03    -2397.513497        0.528201
MDMin:  3202 23:58:06    -2397.513518        0.263421
MDMin:  3203 23:58:08    -2397.513519        0.263034
MDMin:  3204 23:58:10    -2397.513403        0.529581
MDMin:  3205 23:58:12    -2397.513526        0.262985
MDMin:  3206 23:58:14    -2397.513504        0.528339
MDMin:  3207 23:58:16    -2397.513532        0.263352
MDMin:  3208 23:58:18    -2397.513532        0.262964
MDMin:  3209 23:58:19    -2397.513410        0.529723
MDMin:  3210 23:58:21    -2397.513539        0.262915
MDMin:  3211 23:58:23    -2397.513511        0.528477
MDMin:  3212 23:58:25    -2397.513545        0.263282
MDMin:  3213 23:58:27    -2397.513546        0.262892
MDMin:  3214 23:58:28    -2397.513417        0.529864
MDMin:  3215 23:58:29    -2397.513552        0.262844
MDMin:  3216 23:58:30    -2397.513518        0.528613
MDMin:  3217 23:58:31    -2397.513559        0.263211
MDMin:  3218 23:58:32    -2397.513559        0.262820
MDMin:  3219 23:58:34    -2397.513423        0.530004
MDMin:  3220 23:58:35    -2397.513566        0.262773
MDMin:  3221 23:58:36    -2397.513525        0.528748
MDMin:  3222 23:58:38    -2397.513572        0.263139
MDMin:  3223 23:58:40    -2397.513573        0.262747
MDMin:  3224 23:58:42    -2397.513430        0.530142
MDMin:  3225 23:58:44    -2397.513579        0.262701
MDMin:  3226 23:58:45    -2397.513532        0.528882
MDMin:  3227 23:58:46    -2397.513586        0.263067
MDMin:  3228 23:58:48    -2397.513586        0.262675
MDMin:  3229 23:58:49    -2397.513437        0.530278
MDMin:  3230 23:58:51    -2397.513593        0.262629
MDMin:  3231 23:58:53    -2397.513539        0.529013
MDMin:  3232 23:58:54    -2397.513599        0.262995
MDMin:  3233 23:58:56    -2397.513600        0.262602
MDMin:  3234 23:58:58    -2397.513443        0.530411
MDMin:  3235 23:59:00    -2397.513607        0.262558
MDMin:  3236 23:59:02    -2397.513546        0.529141
MDMin:  3237 23:59:04    -2397.513613        0.262923
MDMin:  3238 23:59:06    -2397.513613        0.262529
MDMin:  3239 23:59:07    -2397.513450        0.530542
MDMin:  3240 23:59:09    -2397.513620        0.262487
MDMin:  3241 23:59:11    -2397.513553        0.529267
MDMin:  3242 23:59:13    -2397.513627        0.262852
MDMin:  3243 23:59:15    -2397.513627        0.262457
MDMin:  3244 23:59:17    -2397.513457        0.530669
MDMin:  3245 23:59:19    -2397.513634        0.262416
MDMin:  3246 23:59:21    -2397.513560        0.529390
MDMin:  3247 23:59:22    -2397.513640        0.262781
MDMin:  3248 23:59:24    -2397.513641        0.262386
MDMin:  3249 23:59:25    -2397.513464        0.530794
MDMin:  3250 23:59:27    -2397.513648        0.262346
MDMin:  3251 23:59:29    -2397.513568        0.529510
MDMin:  3252 23:59:30    -2397.513654        0.262711
MDMin:  3253 23:59:32    -2397.513655        0.262315
MDMin:  3254 23:59:33    -2397.513471        0.530916
MDMin:  3255 23:59:34    -2397.513662        0.262277
MDMin:  3256 23:59:35    -2397.513575        0.529627
MDMin:  3257 23:59:37    -2397.513668        0.262641
MDMin:  3258 23:59:38    -2397.513669        0.262246
MDMin:  3259 23:59:39    -2397.513478        0.531034
MDMin:  3260 23:59:40    -2397.513675        0.262208
MDMin:  3261 23:59:41    -2397.513582        0.529742
MDMin:  3262 23:59:43    -2397.513682        0.262573
MDMin:  3263 23:59:44    -2397.513682        0.262177
MDMin:  3264 23:59:46    -2397.513485        0.531150
MDMin:  3265 23:59:48    -2397.513689        0.262141
MDMin:  3266 23:59:50    -2397.513590        0.529853
MDMin:  3267 23:59:52    -2397.513696        0.262505
MDMin:  3268 23:59:54    -2397.513694        0.528564
MDMin:  3269 23:59:55    -2397.513703        0.262873
MDMin:  3270 23:59:57    -2397.513703        0.262499
MDMin:  3271 23:59:59    -2397.513600        0.529972
MDMin:  3272 00:00:01    -2397.513710        0.262485
MDMin:  3273 00:00:03    -2397.513705        0.528672
MDMin:  3274 00:00:04    -2397.513717        0.262850
MDMin:  3275 00:00:06    -2397.513718        0.262474
MDMin:  3276 00:00:07    -2397.513610        0.530088
MDMin:  3277 00:00:08    -2397.513725        0.262457
MDMin:  3278 00:00:10    -2397.513716        0.528788
MDMin:  3279 00:00:12    -2397.513732        0.262820
MDMin:  3280 00:00:14    -2397.513732        0.262442
MDMin:  3281 00:00:16    -2397.513621        0.530208
MDMin:  3282 00:00:18    -2397.513739        0.262423
MDMin:  3283 00:00:20    -2397.513727        0.528909
MDMin:  3284 00:00:21    -2397.513746        0.262784
MDMin:  3285 00:00:22    -2397.513747        0.262405
MDMin:  3286 00:00:23    -2397.513631        0.530333
MDMin:  3287 00:00:25    -2397.513754        0.262383
MDMin:  3288 00:00:26    -2397.513737        0.529034
MDMin:  3289 00:00:27    -2397.513761        0.262743
MDMin:  3290 00:00:29    -2397.513761        0.262363
MDMin:  3291 00:00:31    -2397.513641        0.530459
MDMin:  3292 00:00:33    -2397.513769        0.262339
MDMin:  3293 00:00:35    -2397.513747        0.529160
MDMin:  3294 00:00:37    -2397.513775        0.262698
MDMin:  3295 00:00:39    -2397.513776        0.262317
MDMin:  3296 00:00:42    -2397.513652        0.530587
MDMin:  3297 00:00:44    -2397.513783        0.262292
MDMin:  3298 00:00:45    -2397.513758        0.529287
MDMin:  3299 00:00:47    -2397.513790        0.262650
MDMin:  3300 00:00:50    -2397.513790        0.262268
MDMin:  3301 00:00:51    -2397.513662        0.530714
MDMin:  3302 00:00:52    -2397.513798        0.262242
MDMin:  3303 00:00:53    -2397.513768        0.529414
MDMin:  3304 00:00:54    -2397.513805        0.262599
MDMin:  3305 00:00:56    -2397.513805        0.262218
MDMin:  3306 00:00:58    -2397.513672        0.530840
MDMin:  3307 00:01:00    -2397.513812        0.262190
MDMin:  3308 00:01:01    -2397.513778        0.529540
MDMin:  3309 00:01:03    -2397.513819        0.262547
MDMin:  3310 00:01:05    -2397.513820        0.262165
MDMin:  3311 00:01:07    -2397.513682        0.530964
MDMin:  3312 00:01:09    -2397.513827        0.262137
MDMin:  3313 00:01:11    -2397.513788        0.529665
MDMin:  3314 00:01:13    -2397.513834        0.262493
MDMin:  3315 00:01:15    -2397.513835        0.262112
MDMin:  3316 00:01:17    -2397.513692        0.531087
MDMin:  3317 00:01:19    -2397.513842        0.262082
MDMin:  3318 00:01:21    -2397.513798        0.529788
MDMin:  3319 00:01:22    -2397.513849        0.262438
MDMin:  3320 00:01:24    -2397.513849        0.262057
MDMin:  3321 00:01:26    -2397.513703        0.531207
MDMin:  3322 00:01:28    -2397.513857        0.262027
MDMin:  3323 00:01:30    -2397.513808        0.529908
MDMin:  3324 00:01:32    -2397.513863        0.262382
MDMin:  3325 00:01:35    -2397.513864        0.262002
MDMin:  3326 00:01:37    -2397.513713        0.531324
MDMin:  3327 00:01:39    -2397.513871        0.261971
MDMin:  3328 00:01:41    -2397.513818        0.530026
MDMin:  3329 00:01:43    -2397.513878        0.262325
MDMin:  3330 00:01:44    -2397.513879        0.261947
MDMin:  3331 00:01:46    -2397.513723        0.531439
MDMin:  3332 00:01:47    -2397.513886        0.261915
MDMin:  3333 00:01:48    -2397.513828        0.530142
MDMin:  3334 00:01:50    -2397.513893        0.262269
MDMin:  3335 00:01:52    -2397.513894        0.261891
MDMin:  3336 00:01:54    -2397.513734        0.531551
MDMin:  3337 00:01:55    -2397.513901        0.261859
MDMin:  3338 00:01:56    -2397.513839        0.530255
MDMin:  3339 00:01:57    -2397.513908        0.262213
MDMin:  3340 00:01:59    -2397.513908        0.261836
MDMin:  3341 00:02:01    -2397.513744        0.531660
MDMin:  3342 00:02:03    -2397.513916        0.261804
MDMin:  3343 00:02:05    -2397.513849        0.530365
MDMin:  3344 00:02:07    -2397.513923        0.262157
MDMin:  3345 00:02:08    -2397.513923        0.261781
MDMin:  3346 00:02:09    -2397.513754        0.531766
MDMin:  3347 00:02:11    -2397.513930        0.261748
MDMin:  3348 00:02:12    -2397.513859        0.530472
MDMin:  3349 00:02:14    -2397.513937        0.262101
MDMin:  3350 00:02:16    -2397.513938        0.261727
MDMin:  3351 00:02:18    -2397.513765        0.531870
MDMin:  3352 00:02:20    -2397.513945        0.261693
MDMin:  3353 00:02:22    -2397.513869        0.530577
MDMin:  3354 00:02:24    -2397.513952        0.262046
MDMin:  3355 00:02:26    -2397.513953        0.261673
MDMin:  3356 00:02:28    -2397.513776        0.531970
MDMin:  3357 00:02:29    -2397.513960        0.261639
MDMin:  3358 00:02:31    -2397.513880        0.530679
MDMin:  3359 00:02:33    -2397.513967        0.261992
MDMin:  3360 00:02:35    -2397.513968        0.261620
MDMin:  3361 00:02:37    -2397.513786        0.532068
MDMin:  3362 00:02:38    -2397.513975        0.261586
MDMin:  3363 00:02:40    -2397.513891        0.530777
MDMin:  3364 00:02:42    -2397.513982        0.261938
MDMin:  3365 00:02:44    -2397.513983        0.261567
MDMin:  3366 00:02:46    -2397.513797        0.532163
MDMin:  3367 00:02:48    -2397.513990        0.261533
MDMin:  3368 00:02:50    -2397.513901        0.530874
MDMin:  3369 00:02:52    -2397.513997        0.261885
MDMin:  3370 00:02:54    -2397.513997        0.261516
MDMin:  3371 00:02:56    -2397.513808        0.532256
MDMin:  3372 00:02:58    -2397.514005        0.261482
MDMin:  3373 00:03:00    -2397.513912        0.530967
MDMin:  3374 00:03:01    -2397.514004        0.261833
MDMin:  3375 00:03:02    -2397.514002        0.261747
MDMin:  3376 00:03:04    -2397.513822        0.532303
MDMin:  3377 00:03:06    -2397.513995        0.262246
MDMin:  3378 00:03:08    -2397.513925        0.531035
MDMin:  3379 00:03:09    -2397.513991        0.262849
MDMin:  3380 00:03:10    -2397.513989        0.262738
MDMin:  3381 00:03:11    -2397.513834        0.532397
MDMin:  3382 00:03:13    -2397.513984        0.263183
MDMin:  3383 00:03:14    -2397.513936        0.531139
MDMin:  3384 00:03:15    -2397.513980        0.263761
MDMin:  3385 00:03:17    -2397.513978        0.263627
MDMin:  3386 00:03:18    -2397.513845        0.532507
MDMin:  3387 00:03:20    -2397.513972        0.264023
MDMin:  3388 00:03:22    -2397.513947        0.531256
MDMin:  3389 00:03:24    -2397.513968        0.264578
MDMin:  3390 00:03:26    -2397.513967        0.264423
MDMin:  3391 00:03:28    -2397.513856        0.532630
MDMin:  3392 00:03:30    -2397.513961        0.264775
MDMin:  3393 00:03:32    -2397.513957        0.531387
MDMin:  3394 00:03:34    -2397.513958        0.265309
MDMin:  3395 00:03:35    -2397.513956        0.265135
MDMin:  3396 00:03:37    -2397.513867        0.532764
MDMin:  3397 00:03:39    -2397.513951        0.265447
MDMin:  3398 00:03:41    -2397.513950        0.265236
MDMin:  3399 00:03:42    -2397.513771        0.534193
MDMin:  3400 00:03:44    -2397.513945        0.265493
MDMin:  3401 00:03:45    -2397.513871        0.532959
MDMin:  3402 00:03:46    -2397.513941        0.265991
MDMin:  3403 00:03:48    -2397.513940        0.265767
MDMin:  3404 00:03:50    -2397.513778        0.534339
MDMin:  3405 00:03:52    -2397.513935        0.265995
MDMin:  3406 00:03:54    -2397.513878        0.533106
MDMin:  3407 00:03:55    -2397.513932        0.266478
MDMin:  3408 00:03:57    -2397.513930        0.266243
MDMin:  3409 00:03:59    -2397.513785        0.534480
MDMin:  3410 00:04:01    -2397.513926        0.266444
MDMin:  3411 00:04:03    -2397.513885        0.533248
MDMin:  3412 00:04:05    -2397.513923        0.266915
MDMin:  3413 00:04:07    -2397.513921        0.266668
MDMin:  3414 00:04:09    -2397.513792        0.534618
MDMin:  3415 00:04:11    -2397.513917        0.266845
MDMin:  3416 00:04:13    -2397.513891        0.533386
MDMin:  3417 00:04:15    -2397.513914        0.267304
MDMin:  3418 00:04:17    -2397.513913        0.267047
MDMin:  3419 00:04:19    -2397.513799        0.534753
MDMin:  3420 00:04:21    -2397.513908        0.267201
MDMin:  3421 00:04:23    -2397.513898        0.533521
MDMin:  3422 00:04:25    -2397.513905        0.267651
MDMin:  3423 00:04:27    -2397.513904        0.267383
MDMin:  3424 00:04:29    -2397.513805        0.534885
MDMin:  3425 00:04:31    -2397.513900        0.267517
MDMin:  3426 00:04:32    -2397.513899        0.267219
MDMin:  3427 00:04:34    -2397.513706        0.536308
MDMin:  3428 00:04:36    -2397.513894        0.267311
MDMin:  3429 00:04:38    -2397.513804        0.535078
MDMin:  3430 00:04:40    -2397.513892        0.267741
MDMin:  3431 00:04:42    -2397.513890        0.267438
MDMin:  3432 00:04:44    -2397.513709        0.536433
MDMin:  3433 00:04:46    -2397.513886        0.267517
MDMin:  3434 00:04:48    -2397.513807        0.535199
MDMin:  3435 00:04:49    -2397.513884        0.267942
MDMin:  3436 00:04:51    -2397.513882        0.267633
MDMin:  3437 00:04:53    -2397.513712        0.536546
MDMin:  3438 00:04:55    -2397.513879        0.267701
MDMin:  3439 00:04:56    -2397.513810        0.535310
MDMin:  3440 00:04:58    -2397.513876        0.268121
MDMin:  3441 00:04:59    -2397.513875        0.267807
MDMin:  3442 00:05:01    -2397.513715        0.536649
MDMin:  3443 00:05:03    -2397.513871        0.267864
MDMin:  3444 00:05:05    -2397.513813        0.535411
MDMin:  3445 00:05:07    -2397.513868        0.268279
MDMin:  3446 00:05:09    -2397.513867        0.267960
MDMin:  3447 00:05:11    -2397.513718        0.536744
MDMin:  3448 00:05:13    -2397.513863        0.268006
MDMin:  3449 00:05:15    -2397.513815        0.535504
MDMin:  3450 00:05:17    -2397.513861        0.268417
MDMin:  3451 00:05:19    -2397.513859        0.268093
MDMin:  3452 00:05:21    -2397.513721        0.536833
MDMin:  3453 00:05:23    -2397.513856        0.268131
MDMin:  3454 00:05:25    -2397.513818        0.535591
MDMin:  3455 00:05:27    -2397.513853        0.268537
MDMin:  3456 00:05:29    -2397.513852        0.268209
MDMin:  3457 00:05:31    -2397.513723        0.536916
MDMin:  3458 00:05:33    -2397.513848        0.268238
MDMin:  3459 00:05:35    -2397.513821        0.535673
MDMin:  3460 00:05:37    -2397.513846        0.268641
MDMin:  3461 00:05:39    -2397.513845        0.268309
MDMin:  3462 00:05:41    -2397.513726        0.536994
MDMin:  3463 00:05:43    -2397.513841        0.268330
MDMin:  3464 00:05:45    -2397.513823        0.535751
MDMin:  3465 00:05:47    -2397.513838        0.268730
MDMin:  3466 00:05:49    -2397.513837        0.268393
MDMin:  3467 00:05:50    -2397.513729        0.537069
MDMin:  3468 00:05:51    -2397.513834        0.268407
MDMin:  3469 00:05:52    -2397.513826        0.535825
MDMin:  3470 00:05:53    -2397.513831        0.268804
MDMin:  3471 00:05:55    -2397.513830        0.268464
MDMin:  3472 00:05:56    -2397.513731        0.537140
MDMin:  3473 00:05:58    -2397.513826        0.268471
MDMin:  3474 00:06:00    -2397.513825        0.268105
MDMin:  3475 00:06:02    -2397.513629        0.538525
MDMin:  3476 00:06:04    -2397.513822        0.268080
MDMin:  3477 00:06:06    -2397.513725        0.537278
MDMin:  3478 00:06:07    -2397.513819        0.268470
MDMin:  3479 00:06:09    -2397.513818        0.268103
MDMin:  3480 00:06:10    -2397.513628        0.538587
MDMin:  3481 00:06:12    -2397.513815        0.268078
MDMin:  3482 00:06:14    -2397.513724        0.537337
MDMin:  3483 00:06:16    -2397.513812        0.268468
MDMin:  3484 00:06:18    -2397.513811        0.268101
MDMin:  3485 00:06:20    -2397.513627        0.538638
MDMin:  3486 00:06:22    -2397.513808        0.268074
MDMin:  3487 00:06:24    -2397.513723        0.537384
MDMin:  3488 00:06:26    -2397.513805        0.268464
MDMin:  3489 00:06:27    -2397.513804        0.268096
MDMin:  3490 00:06:29    -2397.513626        0.538680
MDMin:  3491 00:06:31    -2397.513801        0.268069
MDMin:  3492 00:06:33    -2397.513723        0.537422
MDMin:  3493 00:06:35    -2397.513798        0.268459
MDMin:  3494 00:06:37    -2397.513797        0.268089
MDMin:  3495 00:06:39    -2397.513626        0.538714
MDMin:  3496 00:06:41    -2397.513794        0.268061
MDMin:  3497 00:06:42    -2397.513722        0.537454
MDMin:  3498 00:06:43    -2397.513791        0.268450
MDMin:  3499 00:06:45    -2397.513790        0.268080
MDMin:  3500 00:06:47    -2397.513625        0.538742
MDMin:  3501 00:06:49    -2397.513787        0.268050
MDMin:  3502 00:06:51    -2397.513722        0.537481
MDMin:  3503 00:06:53    -2397.513785        0.268440
MDMin:  3504 00:06:55    -2397.513784        0.268068
MDMin:  3505 00:06:56    -2397.513625        0.538766
MDMin:  3506 00:06:57    -2397.513780        0.268037
MDMin:  3507 00:06:59    -2397.513722        0.537503
MDMin:  3508 00:07:01    -2397.513778        0.268427
MDMin:  3509 00:07:03    -2397.513777        0.268054
MDMin:  3510 00:07:04    -2397.513625        0.538787
MDMin:  3511 00:07:05    -2397.513773        0.268022
MDMin:  3512 00:07:07    -2397.513722        0.537522
MDMin:  3513 00:07:08    -2397.513771        0.268411
MDMin:  3514 00:07:10    -2397.513770        0.268037
MDMin:  3515 00:07:11    -2397.513625        0.538805
MDMin:  3516 00:07:12    -2397.513766        0.268004
MDMin:  3517 00:07:14    -2397.513721        0.537538
MDMin:  3518 00:07:16    -2397.513764        0.268394
MDMin:  3519 00:07:17    -2397.513763        0.268018
MDMin:  3520 00:07:19    -2397.513625        0.538821
MDMin:  3521 00:07:21    -2397.513759        0.267985
MDMin:  3522 00:07:23    -2397.513721        0.537553
MDMin:  3523 00:07:25    -2397.513757        0.268374
MDMin:  3524 00:07:27    -2397.513756        0.267997
MDMin:  3525 00:07:29    -2397.513624        0.538835
MDMin:  3526 00:07:31    -2397.513753        0.267963
MDMin:  3527 00:07:32    -2397.513721        0.537567
MDMin:  3528 00:07:34    -2397.513750        0.268352
MDMin:  3529 00:07:35    -2397.513749        0.267974
MDMin:  3530 00:07:36    -2397.513624        0.538849
MDMin:  3531 00:07:38    -2397.513746        0.267939
MDMin:  3532 00:07:40    -2397.513721        0.537579
MDMin:  3533 00:07:42    -2397.513743        0.268329
MDMin:  3534 00:07:44    -2397.513742        0.267950
MDMin:  3535 00:07:46    -2397.513624        0.538862
MDMin:  3536 00:07:47    -2397.513739        0.267913
MDMin:  3537 00:07:48    -2397.513721        0.537591
MDMin:  3538 00:07:49    -2397.513736        0.268303
MDMin:  3539 00:07:50    -2397.513735        0.267923
MDMin:  3540 00:07:52    -2397.513624        0.538875
MDMin:  3541 00:07:53    -2397.513732        0.267886
MDMin:  3542 00:07:55    -2397.513722        0.537603
MDMin:  3543 00:07:57    -2397.513729        0.268276
MDMin:  3544 00:07:58    -2397.513728        0.267895
MDMin:  3545 00:08:00    -2397.513624        0.538887
MDMin:  3546 00:08:01    -2397.513725        0.267858
MDMin:  3547 00:08:02    -2397.513722        0.537614
MDMin:  3548 00:08:04    -2397.513722        0.268248
MDMin:  3549 00:08:06    -2397.513721        0.267865
MDMin:  3550 00:08:08    -2397.513624        0.538900
MDMin:  3551 00:08:10    -2397.513718        0.267828
MDMin:  3552 00:08:12    -2397.513717        0.267421
MDMin:  3553 00:08:13    -2397.513520        0.540245
MDMin:  3554 00:08:14    -2397.513713        0.267356
MDMin:  3555 00:08:15    -2397.513617        0.538970
MDMin:  3556 00:08:16    -2397.513711        0.267744
MDMin:  3557 00:08:18    -2397.513710        0.267339
MDMin:  3558 00:08:20    -2397.513518        0.540253
MDMin:  3559 00:08:22    -2397.513707        0.267279
MDMin:  3560 00:08:24    -2397.513615        0.538973
MDMin:  3561 00:08:26    -2397.513704        0.267669
MDMin:  3562 00:08:28    -2397.513703        0.267265
MDMin:  3563 00:08:30    -2397.513515        0.540252
MDMin:  3564 00:08:32    -2397.513700        0.267210
MDMin:  3565 00:08:34    -2397.513612        0.538967
MDMin:  3566 00:08:35    -2397.513697        0.267601
MDMin:  3567 00:08:36    -2397.513696        0.267198
MDMin:  3568 00:08:38    -2397.513513        0.540244
MDMin:  3569 00:08:39    -2397.513693        0.267146
MDMin:  3570 00:08:40    -2397.513610        0.538956
MDMin:  3571 00:08:41    -2397.513690        0.267539
MDMin:  3572 00:08:43    -2397.513689        0.267137
MDMin:  3573 00:08:45    -2397.513511        0.540231
MDMin:  3574 00:08:46    -2397.513686        0.267087
MDMin:  3575 00:08:48    -2397.513608        0.538940
MDMin:  3576 00:08:50    -2397.513684        0.267482
MDMin:  3577 00:08:52    -2397.513682        0.267080
MDMin:  3578 00:08:54    -2397.513509        0.540214
MDMin:  3579 00:08:55    -2397.513679        0.267033
MDMin:  3580 00:08:57    -2397.513607        0.538921
MDMin:  3581 00:08:59    -2397.513677        0.267429
MDMin:  3582 00:09:01    -2397.513676        0.267028
MDMin:  3583 00:09:04    -2397.513508        0.540195
MDMin:  3584 00:09:06    -2397.513672        0.266983
MDMin:  3585 00:09:08    -2397.513606        0.538900
MDMin:  3586 00:09:10    -2397.513670        0.267380
MDMin:  3587 00:09:12    -2397.513669        0.266979
MDMin:  3588 00:09:13    -2397.513506        0.540175
MDMin:  3589 00:09:15    -2397.513665        0.266936
MDMin:  3590 00:09:17    -2397.513604        0.538877
MDMin:  3591 00:09:19    -2397.513663        0.267334
MDMin:  3592 00:09:20    -2397.513662        0.266933
MDMin:  3593 00:09:21    -2397.513505        0.540154
MDMin:  3594 00:09:23    -2397.513658        0.266892
MDMin:  3595 00:09:25    -2397.513604        0.538854
MDMin:  3596 00:09:27    -2397.513656        0.267291
MDMin:  3597 00:09:29    -2397.513655        0.266889
MDMin:  3598 00:09:31    -2397.513505        0.540133
MDMin:  3599 00:09:33    -2397.513651        0.266851
MDMin:  3600 00:09:34    -2397.513603        0.538831
MDMin:  3601 00:09:36    -2397.513649        0.267251
MDMin:  3602 00:09:39    -2397.513648        0.266848
MDMin:  3603 00:09:41    -2397.513504        0.540112
MDMin:  3604 00:09:43    -2397.513644        0.266811
MDMin:  3605 00:09:45    -2397.513603        0.538809
MDMin:  3606 00:09:47    -2397.513642        0.267212
MDMin:  3607 00:09:49    -2397.513641        0.266810
MDMin:  3608 00:09:50    -2397.513503        0.540091
MDMin:  3609 00:09:53    -2397.513637        0.266774
MDMin:  3610 00:09:55    -2397.513602        0.538787
MDMin:  3611 00:09:57    -2397.513635        0.267175
MDMin:  3612 00:09:59    -2397.513633        0.266772
MDMin:  3613 00:10:01    -2397.513503        0.540072
MDMin:  3614 00:10:03    -2397.513630        0.266738
MDMin:  3615 00:10:05    -2397.513602        0.538766
MDMin:  3616 00:10:07    -2397.513627        0.267140
MDMin:  3617 00:10:09    -2397.513626        0.266737
MDMin:  3618 00:10:11    -2397.513503        0.540054
MDMin:  3619 00:10:13    -2397.513623        0.266704
MDMin:  3620 00:10:15    -2397.513602        0.538746
MDMin:  3621 00:10:17    -2397.513620        0.267107
MDMin:  3622 00:10:19    -2397.513619        0.266703
MDMin:  3623 00:10:21    -2397.513503        0.540037
MDMin:  3624 00:10:23    -2397.513616        0.266671
MDMin:  3625 00:10:25    -2397.513603        0.538728
MDMin:  3626 00:10:27    -2397.513613        0.267074
MDMin:  3627 00:10:29    -2397.513612        0.266670
MDMin:  3628 00:10:31    -2397.513503        0.540021
MDMin:  3629 00:10:33    -2397.513609        0.266639
MDMin:  3630 00:10:35    -2397.513603        0.538711
MDMin:  3631 00:10:37    -2397.513606        0.267043
MDMin:  3632 00:10:39    -2397.513605        0.266638
MDMin:  3633 00:10:40    -2397.513504        0.540007
MDMin:  3634 00:10:43    -2397.513601        0.266609
MDMin:  3635 00:10:44    -2397.513600        0.266180
MDMin:  3636 00:10:46    -2397.513400        0.541333
MDMin:  3637 00:10:48    -2397.513597        0.266125
MDMin:  3638 00:10:50    -2397.513499        0.540020
MDMin:  3639 00:10:52    -2397.513594        0.266527
MDMin:  3640 00:10:54    -2397.513593        0.266100
MDMin:  3641 00:10:56    -2397.513398        0.541316
MDMin:  3642 00:10:58    -2397.513590        0.266051
MDMin:  3643 00:11:00    -2397.513497        0.539997
MDMin:  3644 00:11:02    -2397.513587        0.266455
MDMin:  3645 00:11:04    -2397.513586        0.266031
MDMin:  3646 00:11:06    -2397.513396        0.541290
MDMin:  3647 00:11:08    -2397.513583        0.265987
MDMin:  3648 00:11:10    -2397.513496        0.539968
MDMin:  3649 00:11:12    -2397.513580        0.266393
MDMin:  3650 00:11:13    -2397.513579        0.265970
MDMin:  3651 00:11:15    -2397.513395        0.541259
MDMin:  3652 00:11:17    -2397.513575        0.265930
MDMin:  3653 00:11:19    -2397.513495        0.539933
MDMin:  3654 00:11:21    -2397.513573        0.266337
MDMin:  3655 00:11:23    -2397.513572        0.265916
MDMin:  3656 00:11:25    -2397.513393        0.541224
MDMin:  3657 00:11:26    -2397.513568        0.265880
MDMin:  3658 00:11:28    -2397.513494        0.539895
MDMin:  3659 00:11:30    -2397.513566        0.266289
MDMin:  3660 00:11:33    -2397.513565        0.265868
MDMin:  3661 00:11:35    -2397.513393        0.541186
MDMin:  3662 00:11:37    -2397.513561        0.265835
MDMin:  3663 00:11:39    -2397.513493        0.539854
MDMin:  3664 00:11:41    -2397.513559        0.266245
MDMin:  3665 00:11:43    -2397.513557        0.265825
MDMin:  3666 00:11:45    -2397.513392        0.541146
MDMin:  3667 00:11:47    -2397.513554        0.265796
MDMin:  3668 00:11:49    -2397.513493        0.539813
MDMin:  3669 00:11:51    -2397.513551        0.266207
MDMin:  3670 00:11:53    -2397.513550        0.265788
MDMin:  3671 00:11:55    -2397.513392        0.541106
MDMin:  3672 00:11:57    -2397.513547        0.265760
MDMin:  3673 00:11:59    -2397.513493        0.539771
MDMin:  3674 00:12:01    -2397.513544        0.266173
MDMin:  3675 00:12:02    -2397.513543        0.265754
MDMin:  3676 00:12:05    -2397.513393        0.541065
MDMin:  3677 00:12:06    -2397.513539        0.265729
MDMin:  3678 00:12:08    -2397.513494        0.539729
MDMin:  3679 00:12:10    -2397.513537        0.266142
MDMin:  3680 00:12:13    -2397.513536        0.265724
MDMin:  3681 00:12:15    -2397.513393        0.541026
MDMin:  3682 00:12:17    -2397.513532        0.265701
MDMin:  3683 00:12:19    -2397.513495        0.539689
MDMin:  3684 00:12:21    -2397.513530        0.266115
MDMin:  3685 00:12:23    -2397.513528        0.265697
MDMin:  3686 00:12:25    -2397.513394        0.540987
MDMin:  3687 00:12:26    -2397.513525        0.265675
MDMin:  3688 00:12:28    -2397.513496        0.539649
MDMin:  3689 00:12:30    -2397.513522        0.266090
MDMin:  3690 00:12:32    -2397.513521        0.265672
MDMin:  3691 00:12:34    -2397.513396        0.540949
MDMin:  3692 00:12:36    -2397.513518        0.265652
MDMin:  3693 00:12:38    -2397.513497        0.539611
MDMin:  3694 00:12:40    -2397.513515        0.266068
MDMin:  3695 00:12:41    -2397.513514        0.265650
MDMin:  3696 00:12:43    -2397.513397        0.540913
MDMin:  3697 00:12:45    -2397.513510        0.265632
MDMin:  3698 00:12:47    -2397.513499        0.539575
MDMin:  3699 00:12:48    -2397.513508        0.266047
MDMin:  3700 00:12:51    -2397.513507        0.265631
MDMin:  3701 00:12:53    -2397.513399        0.540878
MDMin:  3702 00:12:54    -2397.513503        0.265613
MDMin:  3703 00:12:56    -2397.513501        0.539540
MDMin:  3704 00:12:58    -2397.513500        0.266029
MDMin:  3705 00:13:00    -2397.513499        0.265612
MDMin:  3706 00:13:02    -2397.513401        0.540845
MDMin:  3707 00:13:04    -2397.513496        0.265596
MDMin:  3708 00:13:06    -2397.513494        0.265156
MDMin:  3709 00:13:08    -2397.513299        0.542160
MDMin:  3710 00:13:10    -2397.513491        0.265114
MDMin:  3711 00:13:12    -2397.513400        0.540821
MDMin:  3712 00:13:14    -2397.513488        0.265527
MDMin:  3713 00:13:15    -2397.513487        0.265091
MDMin:  3714 00:13:17    -2397.513298        0.542124
MDMin:  3715 00:13:19    -2397.513483        0.265054
MDMin:  3716 00:13:21    -2397.513400        0.540782
MDMin:  3717 00:13:22    -2397.513481        0.265470
MDMin:  3718 00:13:24    -2397.513480        0.265036
MDMin:  3719 00:13:26    -2397.513298        0.542081
MDMin:  3720 00:13:28    -2397.513476        0.265005
MDMin:  3721 00:13:30    -2397.513400        0.540737
MDMin:  3722 00:13:32    -2397.513474        0.265422
MDMin:  3723 00:13:34    -2397.513473        0.264991
MDMin:  3724 00:13:36    -2397.513299        0.542032
MDMin:  3725 00:13:38    -2397.513469        0.264963
MDMin:  3726 00:13:40    -2397.513400        0.540686
MDMin:  3727 00:13:42    -2397.513466        0.265382
MDMin:  3728 00:13:43    -2397.513465        0.264953
MDMin:  3729 00:13:44    -2397.513300        0.541979
MDMin:  3730 00:13:46    -2397.513462        0.264928
MDMin:  3731 00:13:48    -2397.513402        0.540633
MDMin:  3732 00:13:49    -2397.513459        0.265349
MDMin:  3733 00:13:51    -2397.513458        0.264922
MDMin:  3734 00:13:52    -2397.513301        0.541924
MDMin:  3735 00:13:54    -2397.513454        0.264900
MDMin:  3736 00:13:55    -2397.513403        0.540577
MDMin:  3737 00:13:56    -2397.513452        0.265321
MDMin:  3738 00:13:58    -2397.513451        0.264896
MDMin:  3739 00:14:00    -2397.513303        0.541867
MDMin:  3740 00:14:02    -2397.513447        0.264876
MDMin:  3741 00:14:04    -2397.513405        0.540522
MDMin:  3742 00:14:06    -2397.513444        0.265298
MDMin:  3743 00:14:08    -2397.513443        0.264875
MDMin:  3744 00:14:10    -2397.513306        0.541811
MDMin:  3745 00:14:12    -2397.513440        0.264856
MDMin:  3746 00:14:14    -2397.513408        0.540466
MDMin:  3747 00:14:16    -2397.513437        0.265280
MDMin:  3748 00:14:18    -2397.513436        0.264858
MDMin:  3749 00:14:20    -2397.513308        0.541754
MDMin:  3750 00:14:22    -2397.513432        0.264841
MDMin:  3751 00:14:24    -2397.513410        0.540411
MDMin:  3752 00:14:25    -2397.513430        0.265265
MDMin:  3753 00:14:27    -2397.513429        0.264844
MDMin:  3754 00:14:29    -2397.513312        0.541699
MDMin:  3755 00:14:31    -2397.513425        0.264829
MDMin:  3756 00:14:33    -2397.513413        0.540358
MDMin:  3757 00:14:35    -2397.513422        0.265253
MDMin:  3758 00:14:37    -2397.513421        0.264834
MDMin:  3759 00:14:38    -2397.513315        0.541645
MDMin:  3760 00:14:39    -2397.513418        0.264819
MDMin:  3761 00:14:41    -2397.513416        0.264377
MDMin:  3762 00:14:43    -2397.513214        0.542947
MDMin:  3763 00:14:45    -2397.513413        0.264337
MDMin:  3764 00:14:47    -2397.513315        0.541608
MDMin:  3765 00:14:49    -2397.513410        0.264760
MDMin:  3766 00:14:51    -2397.513409        0.264323
MDMin:  3767 00:14:53    -2397.513215        0.542890
MDMin:  3768 00:14:55    -2397.513406        0.264288
MDMin:  3769 00:14:57    -2397.513316        0.541549
MDMin:  3770 00:14:58    -2397.513403        0.264713
MDMin:  3771 00:15:00    -2397.513402        0.264279
MDMin:  3772 00:15:02    -2397.513217        0.542824
MDMin:  3773 00:15:03    -2397.513398        0.264249
MDMin:  3774 00:15:05    -2397.513317        0.541484
MDMin:  3775 00:15:07    -2397.513396        0.264675
MDMin:  3776 00:15:09    -2397.513395        0.264245
MDMin:  3777 00:15:11    -2397.513219        0.542754
MDMin:  3778 00:15:13    -2397.513391        0.264219
MDMin:  3779 00:15:14    -2397.513320        0.541414
MDMin:  3780 00:15:15    -2397.513389        0.264647
MDMin:  3781 00:15:16    -2397.513387        0.264220
MDMin:  3782 00:15:18    -2397.513222        0.542680
MDMin:  3783 00:15:19    -2397.513384        0.264196
MDMin:  3784 00:15:21    -2397.513322        0.541342
MDMin:  3785 00:15:23    -2397.513381        0.264625
MDMin:  3786 00:15:24    -2397.513380        0.264201
MDMin:  3787 00:15:26    -2397.513225        0.542604
MDMin:  3788 00:15:28    -2397.513377        0.264179
MDMin:  3789 00:15:29    -2397.513326        0.541268
MDMin:  3790 00:15:31    -2397.513374        0.264609
MDMin:  3791 00:15:33    -2397.513373        0.264188
MDMin:  3792 00:15:35    -2397.513229        0.542527
MDMin:  3793 00:15:37    -2397.513369        0.264167
MDMin:  3794 00:15:39    -2397.513330        0.541194
MDMin:  3795 00:15:41    -2397.513367        0.264598
MDMin:  3796 00:15:43    -2397.513366        0.264180
MDMin:  3797 00:15:44    -2397.513233        0.542451
MDMin:  3798 00:15:46    -2397.513362        0.264161
MDMin:  3799 00:15:48    -2397.513334        0.541120
MDMin:  3800 00:15:50    -2397.513360        0.264592
MDMin:  3801 00:15:52    -2397.513358        0.264176
MDMin:  3802 00:15:54    -2397.513238        0.542375
MDMin:  3803 00:15:55    -2397.513355        0.264158
MDMin:  3804 00:15:56    -2397.513338        0.541047
MDMin:  3805 00:15:58    -2397.513352        0.264590
MDMin:  3806 00:15:59    -2397.513351        0.264176
MDMin:  3807 00:16:01    -2397.513243        0.542301
MDMin:  3808 00:16:03    -2397.513348        0.264159
MDMin:  3809 00:16:05    -2397.513344        0.540976
MDMin:  3810 00:16:07    -2397.513345        0.264591
MDMin:  3811 00:16:09    -2397.513344        0.264179
MDMin:  3812 00:16:11    -2397.513249        0.542228
MDMin:  3813 00:16:13    -2397.513340        0.264162
MDMin:  3814 00:16:16    -2397.513339        0.263729
MDMin:  3815 00:16:18    -2397.513149        0.543519
MDMin:  3816 00:16:19    -2397.513336        0.263687
MDMin:  3817 00:16:20    -2397.513248        0.542200
MDMin:  3818 00:16:22    -2397.513333        0.264117
MDMin:  3819 00:16:23    -2397.513332        0.263689
MDMin:  3820 00:16:24    -2397.513152        0.543443
MDMin:  3821 00:16:26    -2397.513329        0.263652
MDMin:  3822 00:16:28    -2397.513252        0.542125
MDMin:  3823 00:16:30    -2397.513326        0.264084
MDMin:  3824 00:16:32    -2397.513325        0.263660
MDMin:  3825 00:16:34    -2397.513156        0.543360
MDMin:  3826 00:16:36    -2397.513321        0.263627
MDMin:  3827 00:16:38    -2397.513256        0.542042
MDMin:  3828 00:16:40    -2397.513319        0.264061
MDMin:  3829 00:16:42    -2397.513318        0.263641
MDMin:  3830 00:16:44    -2397.513161        0.543271
MDMin:  3831 00:16:46    -2397.513314        0.263611
MDMin:  3832 00:16:48    -2397.513260        0.541956
MDMin:  3833 00:16:50    -2397.513312        0.264046
MDMin:  3834 00:16:52    -2397.513311        0.263630
MDMin:  3835 00:16:53    -2397.513166        0.543180
MDMin:  3836 00:16:55    -2397.513307        0.263602
MDMin:  3837 00:16:57    -2397.513265        0.541868
MDMin:  3838 00:16:58    -2397.513305        0.264038
MDMin:  3839 00:17:00    -2397.513304        0.263625
MDMin:  3840 00:17:02    -2397.513172        0.543087
MDMin:  3841 00:17:03    -2397.513300        0.263600
MDMin:  3842 00:17:05    -2397.513271        0.541778
MDMin:  3843 00:17:06    -2397.513298        0.264037
MDMin:  3844 00:17:07    -2397.513297        0.263627
MDMin:  3845 00:17:09    -2397.513178        0.542993
MDMin:  3846 00:17:11    -2397.513293        0.263602
MDMin:  3847 00:17:13    -2397.513277        0.541688
MDMin:  3848 00:17:15    -2397.513291        0.264040
MDMin:  3849 00:17:17    -2397.513289        0.263633
MDMin:  3850 00:17:19    -2397.513185        0.542900
MDMin:  3851 00:17:21    -2397.513286        0.263610
MDMin:  3852 00:17:23    -2397.513284        0.541599
MDMin:  3853 00:17:25    -2397.513283        0.264048
MDMin:  3854 00:17:27    -2397.513282        0.263644
MDMin:  3855 00:17:29    -2397.513192        0.542807
MDMin:  3856 00:17:31    -2397.513279        0.263621
MDMin:  3857 00:17:33    -2397.513278        0.263196
MDMin:  3858 00:17:35    -2397.513094        0.544089
MDMin:  3859 00:17:37    -2397.513274        0.263148
MDMin:  3860 00:17:39    -2397.513191        0.542794
MDMin:  3861 00:17:41    -2397.513272        0.263585
MDMin:  3862 00:17:42    -2397.513271        0.263166
MDMin:  3863 00:17:44    -2397.513099        0.543992
MDMin:  3864 00:17:46    -2397.513267        0.263124
MDMin:  3865 00:17:47    -2397.513196        0.542698
MDMin:  3866 00:17:49    -2397.513265        0.263562
MDMin:  3867 00:17:51    -2397.513264        0.263148
MDMin:  3868 00:17:53    -2397.513105        0.543888
MDMin:  3869 00:17:54    -2397.513260        0.263110
MDMin:  3870 00:17:56    -2397.513202        0.542595
MDMin:  3871 00:17:58    -2397.513258        0.263550
MDMin:  3872 00:17:59    -2397.513257        0.263140
MDMin:  3873 00:18:00    -2397.513112        0.543778
MDMin:  3874 00:18:02    -2397.513253        0.263105
MDMin:  3875 00:18:04    -2397.513209        0.542489
MDMin:  3876 00:18:06    -2397.513251        0.263546
MDMin:  3877 00:18:08    -2397.513250        0.263141
MDMin:  3878 00:18:10    -2397.513119        0.543666
MDMin:  3879 00:18:11    -2397.513246        0.263108
MDMin:  3880 00:18:12    -2397.513216        0.542380
MDMin:  3881 00:18:13    -2397.513244        0.263550
MDMin:  3882 00:18:14    -2397.513243        0.263148
MDMin:  3883 00:18:16    -2397.513127        0.543552
MDMin:  3884 00:18:17    -2397.513239        0.263117
MDMin:  3885 00:18:19    -2397.513224        0.542269
MDMin:  3886 00:18:21    -2397.513237        0.263560
MDMin:  3887 00:18:23    -2397.513236        0.263162
MDMin:  3888 00:18:25    -2397.513135        0.543437
MDMin:  3889 00:18:27    -2397.513233        0.263132
MDMin:  3890 00:18:29    -2397.513232        0.262713
MDMin:  3891 00:18:31    -2397.513037        0.544708
MDMin:  3892 00:18:33    -2397.513227        0.542206
MDMin:  3893 00:18:35    -2397.513225        0.264351
MDMin:  3894 00:18:37    -2397.513224        0.264034
MDMin:  3895 00:18:38    -2397.513222        0.263289
MDMin:  3896 00:18:40    -2397.513073        0.544275
MDMin:  3897 00:18:42    -2397.513218        0.262819
MDMin:  3898 00:18:44    -2397.513161        0.543116
MDMin:  3899 00:18:46    -2397.513216        0.263257
MDMin:  3900 00:18:48    -2397.513214        0.262850
MDMin:  3901 00:18:49    -2397.513073        0.544274
MDMin:  3902 00:18:51    -2397.513211        0.262801
MDMin:  3903 00:18:53    -2397.513168        0.543008
MDMin:  3904 00:18:55    -2397.513209        0.263243
MDMin:  3905 00:18:57    -2397.513208        0.262841
MDMin:  3906 00:18:59    -2397.513081        0.544156
MDMin:  3907 00:19:01    -2397.513204        0.262796
MDMin:  3908 00:19:03    -2397.513177        0.542893
MDMin:  3909 00:19:04    -2397.513202        0.263239
MDMin:  3910 00:19:06    -2397.513201        0.262842
MDMin:  3911 00:19:09    -2397.513090        0.544034
MDMin:  3912 00:19:10    -2397.513197        0.262800
MDMin:  3913 00:19:12    -2397.513185        0.542773
MDMin:  3914 00:19:14    -2397.513195        0.263245
MDMin:  3915 00:19:16    -2397.513194        0.262851
MDMin:  3916 00:19:18    -2397.513100        0.543908
MDMin:  3917 00:19:20    -2397.513191        0.262813
MDMin:  3918 00:19:22    -2397.513190        0.262399
MDMin:  3919 00:19:24    -2397.513002        0.545175
MDMin:  3920 00:19:26    -2397.513186        0.262335
MDMin:  3921 00:19:28    -2397.513097        0.543919
MDMin:  3922 00:19:29    -2397.513184        0.262780
MDMin:  3923 00:19:31    -2397.513183        0.262374
MDMin:  3924 00:19:34    -2397.513011        0.545038
MDMin:  3925 00:19:36    -2397.513180        0.262319
MDMin:  3926 00:19:38    -2397.513105        0.543782
MDMin:  3927 00:19:40    -2397.513177        0.262766
MDMin:  3928 00:19:42    -2397.513176        0.262366
MDMin:  3929 00:19:43    -2397.513020        0.544892
MDMin:  3930 00:19:44    -2397.513173        0.262316
MDMin:  3931 00:19:46    -2397.513114        0.543638
MDMin:  3932 00:19:48    -2397.513171        0.262764
MDMin:  3933 00:19:50    -2397.513170        0.262370
MDMin:  3934 00:19:52    -2397.513030        0.544740
MDMin:  3935 00:19:54    -2397.513166        0.262324
MDMin:  3936 00:19:57    -2397.513124        0.543489
MDMin:  3937 00:20:00    -2397.513164        0.262774
MDMin:  3938 00:20:02    -2397.513163        0.262384
MDMin:  3939 00:20:03    -2397.513040        0.544584
MDMin:  3940 00:20:05    -2397.513160        0.262342
MDMin:  3941 00:20:07    -2397.513134        0.543336
MDMin:  3942 00:20:09    -2397.513157        0.262793
MDMin:  3943 00:20:10    -2397.513156        0.262407
MDMin:  3944 00:20:12    -2397.513052        0.544426
MDMin:  3945 00:20:14    -2397.513153        0.262367
MDMin:  3946 00:20:15    -2397.513145        0.543182
MDMin:  3947 00:20:17    -2397.513151        0.262819
MDMin:  3948 00:20:19    -2397.513150        0.262438
MDMin:  3949 00:20:21    -2397.513064        0.544267
MDMin:  3950 00:20:23    -2397.513146        0.262400
MDMin:  3951 00:20:24    -2397.513145        0.261999
MDMin:  3952 00:20:26    -2397.512967        0.545520
MDMin:  3953 00:20:28    -2397.513142        0.261934
MDMin:  3954 00:20:31    -2397.513060        0.544282
MDMin:  3955 00:20:33    -2397.513140        0.262386
MDMin:  3956 00:20:35    -2397.513139        0.261993
MDMin:  3957 00:20:36    -2397.512978        0.545354
MDMin:  3958 00:20:38    -2397.513136        0.261938
MDMin:  3959 00:20:40    -2397.513071        0.544117
MDMin:  3960 00:20:42    -2397.513133        0.262391
MDMin:  3961 00:20:43    -2397.513132        0.262004
MDMin:  3962 00:20:45    -2397.512990        0.545180
MDMin:  3963 00:20:47    -2397.513129        0.261954
MDMin:  3964 00:20:49    -2397.513082        0.543945
MDMin:  3965 00:20:50    -2397.513127        0.262409
MDMin:  3966 00:20:52    -2397.513126        0.262027
MDMin:  3967 00:20:54    -2397.513002        0.545002
MDMin:  3968 00:20:56    -2397.513123        0.261981
MDMin:  3969 00:20:58    -2397.513095        0.543770
MDMin:  3970 00:21:00    -2397.513120        0.262436
MDMin:  3971 00:21:02    -2397.513119        0.262059
MDMin:  3972 00:21:04    -2397.513015        0.544820
MDMin:  3973 00:21:06    -2397.513116        0.262016
MDMin:  3974 00:21:08    -2397.513108        0.543592
MDMin:  3975 00:21:09    -2397.513114        0.262472
MDMin:  3976 00:21:11    -2397.513113        0.262100
MDMin:  3977 00:21:13    -2397.513029        0.544638
MDMin:  3978 00:21:14    -2397.513110        0.262060
MDMin:  3979 00:21:16    -2397.513109        0.261665
MDMin:  3980 00:21:18    -2397.512934        0.545883
MDMin:  3981 00:21:20    -2397.513105        0.261598
MDMin:  3982 00:21:22    -2397.513026        0.544661
MDMin:  3983 00:21:24    -2397.513103        0.262054
MDMin:  3984 00:21:26    -2397.513102        0.261670
MDMin:  3985 00:21:28    -2397.512947        0.545694
MDMin:  3986 00:21:30    -2397.513099        0.261613
MDMin:  3987 00:21:32    -2397.513038        0.544472
MDMin:  3988 00:21:34    -2397.513097        0.262071
MDMin:  3989 00:21:36    -2397.513096        0.261693
MDMin:  3990 00:21:38    -2397.512960        0.545497
MDMin:  3991 00:21:40    -2397.513093        0.261642
MDMin:  3992 00:21:42    -2397.513052        0.544277
MDMin:  3993 00:21:43    -2397.513090        0.262101
MDMin:  3994 00:21:45    -2397.513089        0.261728
MDMin:  3995 00:21:48    -2397.512975        0.545295
MDMin:  3996 00:21:49    -2397.513086        0.261680
MDMin:  3997 00:21:51    -2397.513066        0.544079
MDMin:  3998 00:21:53    -2397.513084        0.262140
MDMin:  3999 00:21:55    -2397.513083        0.261772
MDMin:  4000 00:21:56    -2397.512990        0.545091
MDMin:  4001 00:21:57    -2397.513080        0.261728
MDMin:  4002 00:21:58    -2397.513079        0.261339
MDMin:  4003 00:22:00    -2397.512895        0.546328
MDMin:  4004 00:22:02    -2397.513071        0.543990
MDMin:  4005 00:22:04    -2397.513073        0.262931
MDMin:  4006 00:22:06    -2397.513072        0.262670
MDMin:  4007 00:22:08    -2397.513070        0.261987
MDMin:  4008 00:22:10    -2397.512956        0.545563
MDMin:  4009 00:22:12    -2397.513066        0.261519
MDMin:  4010 00:22:14    -2397.513032        0.544554
MDMin:  4011 00:22:16    -2397.513064        0.261972
MDMin:  4012 00:22:18    -2397.513063        0.261601
MDMin:  4013 00:22:20    -2397.512957        0.545557
MDMin:  4014 00:22:22    -2397.513060        0.261545
MDMin:  4015 00:22:24    -2397.513048        0.544356
MDMin:  4016 00:22:26    -2397.513058        0.262005
MDMin:  4017 00:22:27    -2397.513057        0.261640
MDMin:  4018 00:22:29    -2397.512974        0.545348
MDMin:  4019 00:22:31    -2397.513054        0.261588
MDMin:  4020 00:22:33    -2397.513053        0.261201
MDMin:  4021 00:22:35    -2397.512879        0.546585
MDMin:  4022 00:22:37    -2397.513050        0.261121
MDMin:  4023 00:22:40    -2397.512969        0.545389
MDMin:  4024 00:22:42    -2397.513048        0.261582
MDMin:  4025 00:22:44    -2397.513047        0.261208
MDMin:  4026 00:22:45    -2397.512895        0.546364
MDMin:  4027 00:22:47    -2397.513044        0.261143
MDMin:  4028 00:22:49    -2397.512985        0.545166
MDMin:  4029 00:22:51    -2397.513042        0.261606
MDMin:  4030 00:22:53    -2397.513041        0.261239
MDMin:  4031 00:22:55    -2397.512911        0.546132
MDMin:  4032 00:22:57    -2397.513037        0.261180
MDMin:  4033 00:22:59    -2397.513001        0.544936
MDMin:  4034 00:23:01    -2397.513035        0.261644
MDMin:  4035 00:23:03    -2397.513034        0.261283
MDMin:  4036 00:23:05    -2397.512929        0.545894
MDMin:  4037 00:23:07    -2397.513031        0.261229
MDMin:  4038 00:23:09    -2397.513018        0.544700
MDMin:  4039 00:23:11    -2397.513029        0.261695
MDMin:  4040 00:23:13    -2397.513028        0.261339
MDMin:  4041 00:23:15    -2397.512947        0.545653
MDMin:  4042 00:23:17    -2397.513025        0.261290
MDMin:  4043 00:23:18    -2397.513024        0.260910
MDMin:  4044 00:23:20    -2397.512854        0.546877
MDMin:  4045 00:23:22    -2397.513021        0.260831
MDMin:  4046 00:23:24    -2397.512943        0.545690
MDMin:  4047 00:23:26    -2397.513019        0.261297
MDMin:  4048 00:23:28    -2397.513018        0.260932
MDMin:  4049 00:23:30    -2397.512871        0.546628
MDMin:  4050 00:23:32    -2397.513015        0.260869
MDMin:  4051 00:23:34    -2397.512960        0.545438
MDMin:  4052 00:23:35    -2397.513013        0.261337
MDMin:  4053 00:23:36    -2397.513012        0.260978
MDMin:  4054 00:23:37    -2397.512890        0.546368
MDMin:  4055 00:23:38    -2397.513009        0.260921
MDMin:  4056 00:23:39    -2397.512979        0.545180
MDMin:  4057 00:23:41    -2397.513007        0.261390
MDMin:  4058 00:23:43    -2397.513006        0.261037
MDMin:  4059 00:23:45    -2397.512909        0.546103
MDMin:  4060 00:23:47    -2397.513003        0.260986
MDMin:  4061 00:23:49    -2397.512998        0.544919
MDMin:  4062 00:23:50    -2397.513001        0.261455
MDMin:  4063 00:23:52    -2397.513000        0.261108
MDMin:  4064 00:23:54    -2397.512930        0.545837
MDMin:  4065 00:23:56    -2397.512997        0.261060
MDMin:  4066 00:23:58    -2397.512996        0.260689
MDMin:  4067 00:24:00    -2397.512838        0.547053
MDMin:  4068 00:24:02    -2397.512993        0.260610
MDMin:  4069 00:24:04    -2397.512926        0.545877
MDMin:  4070 00:24:06    -2397.512991        0.261080
MDMin:  4071 00:24:08    -2397.512990        0.260723
MDMin:  4072 00:24:10    -2397.512857        0.546782
MDMin:  4073 00:24:12    -2397.512987        0.260662
MDMin:  4074 00:24:14    -2397.512945        0.545602
MDMin:  4075 00:24:15    -2397.512985        0.261134
MDMin:  4076 00:24:16    -2397.512984        0.260784
MDMin:  4077 00:24:17    -2397.512878        0.546500
MDMin:  4078 00:24:19    -2397.512981        0.260729
MDMin:  4079 00:24:20    -2397.512966        0.545322
MDMin:  4080 00:24:21    -2397.512979        0.261201
MDMin:  4081 00:24:22    -2397.512978        0.260857
MDMin:  4082 00:24:23    -2397.512899        0.546214
MDMin:  4083 00:24:25    -2397.512975        0.260807
MDMin:  4084 00:24:27    -2397.512974        0.260438
MDMin:  4085 00:24:29    -2397.512808        0.547422
MDMin:  4086 00:24:31    -2397.512971        0.260355
MDMin:  4087 00:24:33    -2397.512895        0.546253
MDMin:  4088 00:24:35    -2397.512969        0.260829
MDMin:  4089 00:24:37    -2397.512968        0.260477
MDMin:  4090 00:24:39    -2397.512828        0.547131
MDMin:  4091 00:24:41    -2397.512965        0.260414
MDMin:  4092 00:24:43    -2397.512916        0.545957
MDMin:  4093 00:24:45    -2397.512963        0.260889
MDMin:  4094 00:24:47    -2397.512962        0.260543
MDMin:  4095 00:24:49    -2397.512850        0.546827
MDMin:  4096 00:24:50    -2397.512959        0.260487
MDMin:  4097 00:24:52    -2397.512938        0.545656
MDMin:  4098 00:24:53    -2397.512957        0.260962
MDMin:  4099 00:24:55    -2397.512957        0.260623
MDMin:  4100 00:24:57    -2397.512874        0.546520
MDMin:  4101 00:24:58    -2397.512954        0.260572
MDMin:  4102 00:25:00    -2397.512953        0.260207
MDMin:  4103 00:25:02    -2397.512783        0.547720
MDMin:  4104 00:25:03    -2397.512948        0.545507
MDMin:  4105 00:25:05    -2397.512947        0.261763
MDMin:  4106 00:25:06    -2397.512947        0.261552
MDMin:  4107 00:25:07    -2397.512945        0.260925
MDMin:  4108 00:25:09    -2397.512867        0.546647
MDMin:  4109 00:25:10    -2397.512941        0.260471
MDMin:  4110 00:25:11    -2397.512935        0.545743
MDMin:  4111 00:25:12    -2397.512939        0.260934
MDMin:  4112 00:25:13    -2397.512939        0.260597
MDMin:  4113 00:25:15    -2397.512871        0.546603
MDMin:  4114 00:25:16    -2397.512936        0.260540
MDMin:  4115 00:25:18    -2397.512935        0.260177
MDMin:  4116 00:25:20    -2397.512781        0.547806
MDMin:  4117 00:25:22    -2397.512932        0.260087
MDMin:  4118 00:25:24    -2397.512867        0.546654
MDMin:  4119 00:25:26    -2397.512930        0.260564
MDMin:  4120 00:25:28    -2397.512929        0.260220
MDMin:  4121 00:25:30    -2397.512804        0.547490
MDMin:  4122 00:25:32    -2397.512926        0.260153
MDMin:  4123 00:25:34    -2397.512891        0.546330
MDMin:  4124 00:25:36    -2397.512924        0.260632
MDMin:  4125 00:25:38    -2397.512923        0.260295
MDMin:  4126 00:25:40    -2397.512829        0.547158
MDMin:  4127 00:25:42    -2397.512920        0.260236
MDMin:  4128 00:25:43    -2397.512916        0.546000
MDMin:  4129 00:25:45    -2397.512918        0.260715
MDMin:  4130 00:25:47    -2397.512918        0.260384
MDMin:  4131 00:25:50    -2397.512855        0.546822
MDMin:  4132 00:25:51    -2397.512915        0.260331
MDMin:  4133 00:25:53    -2397.512914        0.259974
MDMin:  4134 00:25:55    -2397.512765        0.548014
MDMin:  4135 00:25:57    -2397.512911        0.259885
MDMin:  4136 00:25:59    -2397.512851        0.546867
MDMin:  4137 00:26:01    -2397.512909        0.260365
MDMin:  4138 00:26:03    -2397.512908        0.260028
MDMin:  4139 00:26:05    -2397.512790        0.547675
MDMin:  4140 00:26:06    -2397.512905        0.259965
MDMin:  4141 00:26:08    -2397.512876        0.546519
MDMin:  4142 00:26:11    -2397.512903        0.260446
MDMin:  4143 00:26:13    -2397.512903        0.260116
MDMin:  4144 00:26:15    -2397.512817        0.547319
MDMin:  4145 00:26:17    -2397.512900        0.260059
MDMin:  4146 00:26:19    -2397.512899        0.259702
MDMin:  4147 00:26:20    -2397.512727        0.548502
MDMin:  4148 00:26:22    -2397.512889        0.546336
MDMin:  4149 00:26:24    -2397.512894        0.261243
MDMin:  4150 00:26:27    -2397.512893        0.261046
MDMin:  4151 00:26:29    -2397.512892        0.260432
MDMin:  4152 00:26:30    -2397.512817        0.547350
MDMin:  4153 00:26:31    -2397.512888        0.259970
MDMin:  4154 00:26:33    -2397.512882        0.546489
MDMin:  4155 00:26:34    -2397.512886        0.260437
MDMin:  4156 00:26:36    -2397.512885        0.260111
MDMin:  4157 00:26:38    -2397.512823        0.547285
MDMin:  4158 00:26:40    -2397.512882        0.260053
MDMin:  4159 00:26:42    -2397.512882        0.259699
MDMin:  4160 00:26:44    -2397.512734        0.548469
MDMin:  4161 00:26:46    -2397.512879        0.259604
MDMin:  4162 00:26:48    -2397.512819        0.547333
MDMin:  4163 00:26:50    -2397.512877        0.260087
MDMin:  4164 00:26:52    -2397.512876        0.259756
MDMin:  4165 00:26:53    -2397.512761        0.548103
MDMin:  4166 00:26:55    -2397.512873        0.259690
MDMin:  4167 00:26:57    -2397.512847        0.546955
MDMin:  4168 00:26:59    -2397.512871        0.260175
MDMin:  4169 00:27:01    -2397.512870        0.259851
MDMin:  4170 00:27:04    -2397.512790        0.547716
MDMin:  4171 00:27:06    -2397.512868        0.259793
MDMin:  4172 00:27:08    -2397.512867        0.259441
MDMin:  4173 00:27:09    -2397.512702        0.548889
MDMin:  4174 00:27:11    -2397.512861        0.546751
MDMin:  4175 00:27:13    -2397.512862        0.260972
MDMin:  4176 00:27:15    -2397.512861        0.260775
MDMin:  4177 00:27:18    -2397.512860        0.260158
MDMin:  4178 00:27:20    -2397.512788        0.547788
MDMin:  4179 00:27:22    -2397.512856        0.259678
MDMin:  4180 00:27:24    -2397.512850        0.546960
MDMin:  4181 00:27:25    -2397.512854        0.260146
MDMin:  4182 00:27:27    -2397.512854        0.259826
MDMin:  4183 00:27:29    -2397.512794        0.547719
MDMin:  4184 00:27:32    -2397.512851        0.259767
MDMin:  4185 00:27:34    -2397.512850        0.259418
MDMin:  4186 00:27:36    -2397.512706        0.548892
MDMin:  4187 00:27:37    -2397.512847        0.259319
MDMin:  4188 00:27:39    -2397.512790        0.547764
MDMin:  4189 00:27:40    -2397.512845        0.259807
MDMin:  4190 00:27:41    -2397.512845        0.259483
MDMin:  4191 00:27:43    -2397.512735        0.548494
MDMin:  4192 00:27:45    -2397.512842        0.259416
MDMin:  4193 00:27:47    -2397.512821        0.547352
MDMin:  4194 00:27:49    -2397.512840        0.259906
MDMin:  4195 00:27:50    -2397.512839        0.259589
MDMin:  4196 00:27:52    -2397.512767        0.548074
MDMin:  4197 00:27:54    -2397.512836        0.259531
MDMin:  4198 00:27:56    -2397.512836        0.259185
MDMin:  4199 00:27:58    -2397.512680        0.549235
MDMin:  4200 00:28:00    -2397.512833        0.259086
MDMin:  4201 00:28:02    -2397.512763        0.548108
MDMin:  4202 00:28:04    -2397.512831        0.259577
MDMin:  4203 00:28:06    -2397.512830        0.259256
MDMin:  4204 00:28:08    -2397.512710        0.548814
MDMin:  4205 00:28:10    -2397.512828        0.259191
MDMin:  4206 00:28:12    -2397.512795        0.547672
MDMin:  4207 00:28:14    -2397.512826        0.259684
MDMin:  4208 00:28:15    -2397.512825        0.259371
MDMin:  4209 00:28:17    -2397.512743        0.548370
MDMin:  4210 00:28:19    -2397.512822        0.259314
MDMin:  4211 00:28:21    -2397.512821        0.258970
MDMin:  4212 00:28:23    -2397.512656        0.549521
MDMin:  4213 00:28:25    -2397.512813        0.547418
MDMin:  4214 00:28:26    -2397.512817        0.260494
MDMin:  4215 00:28:27    -2397.512816        0.260297
MDMin:  4216 00:28:29    -2397.512814        0.259679
MDMin:  4217 00:28:31    -2397.512737        0.548476
MDMin:  4218 00:28:34    -2397.512811        0.259178
MDMin:  4219 00:28:36    -2397.512796        0.547692
MDMin:  4220 00:28:38    -2397.512809        0.259650
MDMin:  4221 00:28:41    -2397.512808        0.259340
MDMin:  4222 00:28:43    -2397.512744        0.548394
MDMin:  4223 00:28:45    -2397.512806        0.259281
MDMin:  4224 00:28:47    -2397.512805        0.258941
MDMin:  4225 00:28:49    -2397.512658        0.549545
MDMin:  4226 00:28:51    -2397.512802        0.258840
MDMin:  4227 00:28:53    -2397.512741        0.548426
MDMin:  4228 00:28:55    -2397.512800        0.259335
MDMin:  4229 00:28:57    -2397.512800        0.259022
MDMin:  4230 00:28:59    -2397.512691        0.549095
MDMin:  4231 00:29:01    -2397.512797        0.258958
MDMin:  4232 00:29:03    -2397.512775        0.547958
MDMin:  4233 00:29:05    -2397.512795        0.259455
MDMin:  4234 00:29:07    -2397.512794        0.259149
MDMin:  4235 00:29:09    -2397.512727        0.548619
MDMin:  4236 00:29:11    -2397.512792        0.259095
MDMin:  4237 00:29:13    -2397.512791        0.258757
MDMin:  4238 00:29:15    -2397.512641        0.549759
MDMin:  4239 00:29:17    -2397.512788        0.258658
MDMin:  4240 00:29:19    -2397.512724        0.548642
MDMin:  4241 00:29:21    -2397.512787        0.259156
MDMin:  4242 00:29:23    -2397.512786        0.258848
MDMin:  4243 00:29:25    -2397.512675        0.549289
MDMin:  4244 00:29:27    -2397.512783        0.258786
MDMin:  4245 00:29:29    -2397.512760        0.548153
MDMin:  4246 00:29:30    -2397.512781        0.259286
MDMin:  4247 00:29:32    -2397.512781        0.258985
MDMin:  4248 00:29:34    -2397.512712        0.548792
MDMin:  4249 00:29:36    -2397.512778        0.258933
MDMin:  4250 00:29:37    -2397.512777        0.258599
MDMin:  4251 00:29:39    -2397.512627        0.549924
MDMin:  4252 00:29:41    -2397.512775        0.258502
MDMin:  4253 00:29:43    -2397.512710        0.548808
MDMin:  4254 00:29:45    -2397.512773        0.259002
MDMin:  4255 00:29:47    -2397.512772        0.258698
MDMin:  4256 00:29:49    -2397.512663        0.549436
MDMin:  4257 00:29:51    -2397.512770        0.258639
MDMin:  4258 00:29:53    -2397.512747        0.548300
MDMin:  4259 00:29:55    -2397.512768        0.259142
MDMin:  4260 00:29:57    -2397.512767        0.258845
MDMin:  4261 00:29:59    -2397.512701        0.548920
MDMin:  4262 00:30:01    -2397.512765        0.258796
MDMin:  4263 00:30:03    -2397.512764        0.258466
MDMin:  4264 00:30:05    -2397.512617        0.550044
MDMin:  4265 00:30:06    -2397.512761        0.258369
MDMin:  4266 00:30:08    -2397.512699        0.548931
MDMin:  4267 00:30:10    -2397.512759        0.258872
MDMin:  4268 00:30:12    -2397.512759        0.258572
MDMin:  4269 00:30:14    -2397.512653        0.549540
MDMin:  4270 00:30:16    -2397.512756        0.258516
MDMin:  4271 00:30:18    -2397.512738        0.548405
MDMin:  4272 00:30:20    -2397.512754        0.259021
MDMin:  4273 00:30:22    -2397.512754        0.258728
MDMin:  4274 00:30:24    -2397.512693        0.549007
MDMin:  4275 00:30:26    -2397.512751        0.258682
MDMin:  4276 00:30:28    -2397.512750        0.258355
MDMin:  4277 00:30:30    -2397.512610        0.550126
MDMin:  4278 00:30:31    -2397.512748        0.258261
MDMin:  4279 00:30:33    -2397.512692        0.549016
MDMin:  4280 00:30:35    -2397.512746        0.258766
MDMin:  4281 00:30:37    -2397.512745        0.258470
MDMin:  4282 00:30:39    -2397.512648        0.549607
MDMin:  4283 00:30:41    -2397.512743        0.258416
MDMin:  4284 00:30:43    -2397.512732        0.548474
MDMin:  4285 00:30:45    -2397.512741        0.258923
MDMin:  4286 00:30:47    -2397.512740        0.258635
MDMin:  4287 00:30:49    -2397.512689        0.549059
MDMin:  4288 00:30:51    -2397.512738        0.258591
MDMin:  4289 00:30:53    -2397.512737        0.258268
MDMin:  4290 00:30:55    -2397.512606        0.550172
MDMin:  4291 00:30:57    -2397.512734        0.258175
MDMin:  4292 00:30:58    -2397.512688        0.549065
MDMin:  4293 00:31:00    -2397.512733        0.258681
MDMin:  4294 00:31:02    -2397.512732        0.258390
MDMin:  4295 00:31:04    -2397.512645        0.549640
MDMin:  4296 00:31:06    -2397.512730        0.258339
MDMin:  4297 00:31:08    -2397.512729        0.258012
MDMin:  4298 00:31:10    -2397.512562        0.550746
MDMin:  4299 00:31:12    -2397.512713        0.548708
MDMin:  4300 00:31:14    -2397.512724        0.259523
MDMin:  4301 00:31:15    -2397.512724        0.259325
MDMin:  4302 00:31:17    -2397.512722        0.258706
MDMin:  4303 00:31:19    -2397.512635        0.549809
MDMin:  4304 00:31:21    -2397.512719        0.258166
MDMin:  4305 00:31:23    -2397.512687        0.549116
MDMin:  4306 00:31:25    -2397.512717        0.258643
MDMin:  4307 00:31:26    -2397.512717        0.258354
MDMin:  4308 00:31:27    -2397.512644        0.549705
MDMin:  4309 00:31:29    -2397.512714        0.258300
MDMin:  4310 00:31:30    -2397.512713        0.257975
MDMin:  4311 00:31:31    -2397.512561        0.550811
MDMin:  4312 00:31:33    -2397.512711        0.257873
MDMin:  4313 00:31:35    -2397.512643        0.549708
MDMin:  4314 00:31:37    -2397.512709        0.258383
MDMin:  4315 00:31:39    -2397.512708        0.258093
MDMin:  4316 00:31:41    -2397.512602        0.550253
MDMin:  4317 00:31:43    -2397.512706        0.258037
MDMin:  4318 00:31:44    -2397.512686        0.549122
MDMin:  4319 00:31:46    -2397.512704        0.258549
MDMin:  4320 00:31:48    -2397.512704        0.258267
MDMin:  4321 00:31:50    -2397.512647        0.549660
MDMin:  4322 00:31:52    -2397.512701        0.258222
MDMin:  4323 00:31:54    -2397.512700        0.257903
MDMin:  4324 00:31:56    -2397.512565        0.550756
MDMin:  4325 00:31:57    -2397.512698        0.257806
MDMin:  4326 00:31:58    -2397.512647        0.549655
MDMin:  4327 00:32:00    -2397.512696        0.258318
MDMin:  4328 00:32:01    -2397.512696        0.258034
MDMin:  4329 00:32:02    -2397.512608        0.550182
MDMin:  4330 00:32:04    -2397.512693        0.257984
MDMin:  4331 00:32:06    -2397.512692        0.549052
MDMin:  4332 00:32:08    -2397.512691        0.258498
MDMin:  4333 00:32:10    -2397.512691        0.258222
MDMin:  4334 00:32:11    -2397.512654        0.549572
MDMin:  4335 00:32:13    -2397.512688        0.258182
MDMin:  4336 00:32:14    -2397.512688        0.257869
MDMin:  4337 00:32:16    -2397.512573        0.550664
MDMin:  4338 00:32:18    -2397.512685        0.257775
MDMin:  4339 00:32:20    -2397.512654        0.549566
MDMin:  4340 00:32:22    -2397.512683        0.258288
MDMin:  4341 00:32:24    -2397.512683        0.258010
MDMin:  4342 00:32:26    -2397.512617        0.550077
MDMin:  4343 00:32:28    -2397.512680        0.257964
MDMin:  4344 00:32:30    -2397.512680        0.257648
MDMin:  4345 00:32:32    -2397.512536        0.551161
MDMin:  4346 00:32:34    -2397.512677        0.257549
MDMin:  4347 00:32:36    -2397.512617        0.550062
MDMin:  4348 00:32:38    -2397.512676        0.258064
MDMin:  4349 00:32:40    -2397.512675        0.257784
MDMin:  4350 00:32:42    -2397.512581        0.550560
MDMin:  4351 00:32:44    -2397.512673        0.257735
MDMin:  4352 00:32:46    -2397.512664        0.549429
MDMin:  4353 00:32:48    -2397.512671        0.258253
MDMin:  4354 00:32:50    -2397.512670        0.257981
MDMin:  4355 00:32:52    -2397.512629        0.549920
MDMin:  4356 00:32:54    -2397.512668        0.257943
MDMin:  4357 00:32:56    -2397.512667        0.257633
MDMin:  4358 00:32:58    -2397.512549        0.550999
MDMin:  4359 00:33:00    -2397.512665        0.257539
MDMin:  4360 00:33:03    -2397.512630        0.549903
MDMin:  4361 00:33:05    -2397.512663        0.258056
MDMin:  4362 00:33:06    -2397.512662        0.257782
MDMin:  4363 00:33:08    -2397.512595        0.550385
MDMin:  4364 00:33:10    -2397.512660        0.257739
MDMin:  4365 00:33:13    -2397.512659        0.257426
MDMin:  4366 00:33:15    -2397.512515        0.551457
MDMin:  4367 00:33:17    -2397.512657        0.257327
MDMin:  4368 00:33:19    -2397.512596        0.550360
MDMin:  4369 00:33:21    -2397.512655        0.257846
MDMin:  4370 00:33:23    -2397.512655        0.257571
MDMin:  4371 00:33:25    -2397.512561        0.550828
MDMin:  4372 00:33:26    -2397.512652        0.257525
MDMin:  4373 00:33:28    -2397.512645        0.549697
MDMin:  4374 00:33:29    -2397.512651        0.258047
MDMin:  4375 00:33:31    -2397.512650        0.257780
MDMin:  4376 00:33:33    -2397.512612        0.550159
MDMin:  4377 00:33:35    -2397.512648        0.257745
MDMin:  4378 00:33:37    -2397.512647        0.257439
MDMin:  4379 00:33:38    -2397.512533        0.551226
MDMin:  4380 00:33:40    -2397.512645        0.257346
MDMin:  4381 00:33:42    -2397.512614        0.550133
MDMin:  4382 00:33:44    -2397.512643        0.257866
MDMin:  4383 00:33:46    -2397.512642        0.257598
MDMin:  4384 00:33:48    -2397.512581        0.550587
MDMin:  4385 00:33:50    -2397.512640        0.257558
MDMin:  4386 00:33:52    -2397.512639        0.257250
MDMin:  4387 00:33:54    -2397.512502        0.551647
MDMin:  4388 00:33:56    -2397.512637        0.257152
MDMin:  4389 00:33:58    -2397.512583        0.550553
MDMin:  4390 00:34:00    -2397.512635        0.257675
MDMin:  4391 00:34:02    -2397.512635        0.257405
MDMin:  4392 00:34:04    -2397.512550        0.550994
MDMin:  4393 00:34:06    -2397.512632        0.257363
MDMin:  4394 00:34:08    -2397.512632        0.257053
MDMin:  4395 00:34:10    -2397.512472        0.552046
MDMin:  4396 00:34:13    -2397.512618        0.550068
MDMin:  4397 00:34:15    -2397.512628        0.258552
MDMin:  4398 00:34:17    -2397.512627        0.258353
MDMin:  4399 00:34:18    -2397.512626        0.257734
MDMin:  4400 00:34:20    -2397.512537        0.551208
MDMin:  4401 00:34:22    -2397.512623        0.257154
MDMin:  4402 00:34:24    -2397.512582        0.550607
MDMin:  4403 00:34:26    -2397.512621        0.257635
MDMin:  4404 00:34:27    -2397.512620        0.257367
MDMin:  4405 00:34:28    -2397.512548        0.551079
MDMin:  4406 00:34:30    -2397.512618        0.257320
MDMin:  4407 00:34:31    -2397.512617        0.257012
MDMin:  4408 00:34:32    -2397.512469        0.552132
MDMin:  4409 00:34:33    -2397.512615        0.256909
MDMin:  4410 00:34:36    -2397.512550        0.551039
MDMin:  4411 00:34:38    -2397.512613        0.257435
MDMin:  4412 00:34:40    -2397.512613        0.257169
MDMin:  4413 00:34:42    -2397.512520        0.551451
MDMin:  4414 00:34:44    -2397.512611        0.257125
MDMin:  4415 00:34:46    -2397.512604        0.550318
MDMin:  4416 00:34:48    -2397.512609        0.257653
MDMin:  4417 00:34:50    -2397.512608        0.257396
MDMin:  4418 00:34:52    -2397.512575        0.550722
MDMin:  4419 00:34:54    -2397.512606        0.257364
MDMin:  4420 00:34:56    -2397.512605        0.257064
MDMin:  4421 00:34:57    -2397.512498        0.551767
MDMin:  4422 00:34:59    -2397.512603        0.256971
MDMin:  4423 00:35:01    -2397.512579        0.550678
MDMin:  4424 00:35:02    -2397.512602        0.257497
MDMin:  4425 00:35:04    -2397.512601        0.257239
MDMin:  4426 00:35:06    -2397.512550        0.551075
MDMin:  4427 00:35:08    -2397.512599        0.257203
MDMin:  4428 00:35:10    -2397.512598        0.256903
MDMin:  4429 00:35:12    -2397.512473        0.552113
MDMin:  4430 00:35:13    -2397.512596        0.256806
MDMin:  4431 00:35:15    -2397.512554        0.551023
MDMin:  4432 00:35:17    -2397.512594        0.257334
MDMin:  4433 00:35:19    -2397.512594        0.257076
MDMin:  4434 00:35:21    -2397.512526        0.551408
MDMin:  4435 00:35:23    -2397.512591        0.257039
MDMin:  4436 00:35:24    -2397.512591        0.256738
MDMin:  4437 00:35:26    -2397.512449        0.552438
MDMin:  4438 00:35:28    -2397.512588        0.256639
MDMin:  4439 00:35:29    -2397.512530        0.551346
MDMin:  4440 00:35:31    -2397.512587        0.257169
MDMin:  4441 00:35:33    -2397.512586        0.256911
MDMin:  4442 00:35:34    -2397.512503        0.551718
MDMin:  4443 00:35:36    -2397.512584        0.256874
MDMin:  4444 00:35:38    -2397.512584        0.256573
MDMin:  4445 00:35:40    -2397.512426        0.552739
MDMin:  4446 00:35:42    -2397.512570        0.550788
MDMin:  4447 00:35:44    -2397.512579        0.258067
MDMin:  4448 00:35:45    -2397.512579        0.257868
MDMin:  4449 00:35:47    -2397.512578        0.257248
MDMin:  4450 00:35:49    -2397.512489        0.551942
MDMin:  4451 00:35:51    -2397.512575        0.256648
MDMin:  4452 00:35:53    -2397.512530        0.551386
MDMin:  4453 00:35:55    -2397.512573        0.257131
MDMin:  4454 00:35:57    -2397.512572        0.256873
MDMin:  4455 00:35:59    -2397.512500        0.551799
MDMin:  4456 00:36:01    -2397.512570        0.256831
MDMin:  4457 00:36:03    -2397.512570        0.256531
MDMin:  4458 00:36:05    -2397.512425        0.552822
MDMin:  4459 00:36:07    -2397.512567        0.256429
MDMin:  4460 00:36:09    -2397.512505        0.551732
MDMin:  4461 00:36:11    -2397.512566        0.256963
MDMin:  4462 00:36:13    -2397.512565        0.256709
MDMin:  4463 00:36:15    -2397.512480        0.552075
MDMin:  4464 00:36:17    -2397.512563        0.256672
MDMin:  4465 00:36:19    -2397.512562        0.256373
MDMin:  4466 00:36:21    -2397.512405        0.553084
MDMin:  4467 00:36:23    -2397.512548        0.551143
MDMin:  4468 00:36:25    -2397.512558        0.257865
MDMin:  4469 00:36:26    -2397.512558        0.257665
MDMin:  4470 00:36:28    -2397.512557        0.257042
MDMin:  4471 00:36:30    -2397.512466        0.552306
MDMin:  4472 00:36:32    -2397.512554        0.256432
MDMin:  4473 00:36:33    -2397.512506        0.551770
MDMin:  4474 00:36:35    -2397.512552        0.256915
MDMin:  4475 00:36:37    -2397.512552        0.256661
MDMin:  4476 00:36:39    -2397.512478        0.552157
MDMin:  4477 00:36:41    -2397.512549        0.256619
MDMin:  4478 00:36:43    -2397.512549        0.256323
MDMin:  4479 00:36:45    -2397.512403        0.553167
MDMin:  4480 00:36:47    -2397.512546        0.551235
MDMin:  4481 00:36:49    -2397.512545        0.257810
MDMin:  4482 00:36:52    -2397.512544        0.257610
MDMin:  4483 00:36:53    -2397.512543        0.256987
MDMin:  4484 00:36:55    -2397.512464        0.552410
MDMin:  4485 00:36:56    -2397.512540        0.256370
MDMin:  4486 00:36:58    -2397.512502        0.551888
MDMin:  4487 00:37:01    -2397.512538        0.256852
MDMin:  4488 00:37:03    -2397.512538        0.256601
MDMin:  4489 00:37:05    -2397.512476        0.552262
MDMin:  4490 00:37:07    -2397.512536        0.256561
MDMin:  4491 00:37:09    -2397.512535        0.256267
MDMin:  4492 00:37:10    -2397.512402        0.553266
MDMin:  4493 00:37:12    -2397.512533        0.256163
MDMin:  4494 00:37:14    -2397.512482        0.552179
MDMin:  4495 00:37:16    -2397.512532        0.256701
MDMin:  4496 00:37:18    -2397.512531        0.256455
MDMin:  4497 00:37:19    -2397.512461        0.552474
MDMin:  4498 00:37:20    -2397.512529        0.256422
MDMin:  4499 00:37:21    -2397.512528        0.256129
MDMin:  4500 00:37:23    -2397.512387        0.553462
MDMin:  4501 00:37:24    -2397.512526        0.256028
MDMin:  4502 00:37:25    -2397.512468        0.552373
MDMin:  4503 00:37:26    -2397.512525        0.256568
MDMin:  4504 00:37:28    -2397.512524        0.256325
MDMin:  4505 00:37:30    -2397.512447        0.552653
MDMin:  4506 00:37:31    -2397.512522        0.256293
MDMin:  4507 00:37:33    -2397.512521        0.256002
MDMin:  4508 00:37:35    -2397.512374        0.553634
MDMin:  4509 00:37:37    -2397.512516        0.551714
MDMin:  4510 00:37:39    -2397.512518        0.257490
MDMin:  4511 00:37:41    -2397.512517        0.257291
MDMin:  4512 00:37:43    -2397.512516        0.256669
MDMin:  4513 00:37:45    -2397.512433        0.552888
MDMin:  4514 00:37:47    -2397.512513        0.256043
MDMin:  4515 00:37:49    -2397.512470        0.552390
MDMin:  4516 00:37:51    -2397.512511        0.256526
MDMin:  4517 00:37:53    -2397.512511        0.256282
MDMin:  4518 00:37:55    -2397.512446        0.552727
MDMin:  4519 00:37:57    -2397.512509        0.256245
MDMin:  4520 00:37:59    -2397.512508        0.255956
MDMin:  4521 00:38:01    -2397.512374        0.553710
MDMin:  4522 00:38:03    -2397.512506        0.255854
MDMin:  4523 00:38:05    -2397.512454        0.552621
MDMin:  4524 00:38:07    -2397.512505        0.256398
MDMin:  4525 00:38:09    -2397.512504        0.256160
MDMin:  4526 00:38:11    -2397.512436        0.552872
MDMin:  4527 00:38:12    -2397.512502        0.256132
MDMin:  4528 00:38:13    -2397.512501        0.255845
MDMin:  4529 00:38:14    -2397.512364        0.553840
MDMin:  4530 00:38:17    -2397.512499        0.255746
MDMin:  4531 00:38:19    -2397.512444        0.552749
MDMin:  4532 00:38:21    -2397.512498        0.256292
MDMin:  4533 00:38:23    -2397.512497        0.256056
MDMin:  4534 00:38:25    -2397.512427        0.552987
MDMin:  4535 00:38:27    -2397.512495        0.256031
MDMin:  4536 00:38:29    -2397.512495        0.255746
MDMin:  4537 00:38:31    -2397.512356        0.553947
MDMin:  4538 00:38:33    -2397.512493        0.255649
MDMin:  4539 00:38:35    -2397.512436        0.552855
MDMin:  4540 00:38:37    -2397.512491        0.256196
MDMin:  4541 00:38:39    -2397.512491        0.255962
MDMin:  4542 00:38:41    -2397.512420        0.553081
MDMin:  4543 00:38:43    -2397.512489        0.255940
MDMin:  4544 00:38:45    -2397.512488        0.255657
MDMin:  4545 00:38:47    -2397.512349        0.554034
MDMin:  4546 00:38:49    -2397.512486        0.255561
MDMin:  4547 00:38:51    -2397.512429        0.552942
MDMin:  4548 00:38:53    -2397.512485        0.256111
MDMin:  4549 00:38:56    -2397.512484        0.255879
MDMin:  4550 00:38:58    -2397.512413        0.553156
MDMin:  4551 00:39:00    -2397.512482        0.255859
MDMin:  4552 00:39:01    -2397.512482        0.255578
MDMin:  4553 00:39:04    -2397.512343        0.554104
MDMin:  4554 00:39:06    -2397.512479        0.255484
MDMin:  4555 00:39:07    -2397.512423        0.553011
MDMin:  4556 00:39:09    -2397.512478        0.256035
MDMin:  4557 00:39:11    -2397.512478        0.255806
MDMin:  4558 00:39:13    -2397.512409        0.553214
MDMin:  4559 00:39:15    -2397.512476        0.255788
MDMin:  4560 00:39:17    -2397.512475        0.255509
MDMin:  4561 00:39:19    -2397.512339        0.554156
MDMin:  4562 00:39:21    -2397.512473        0.255417
MDMin:  4563 00:39:22    -2397.512419        0.553063
MDMin:  4564 00:39:24    -2397.512472        0.255969
MDMin:  4565 00:39:25    -2397.512471        0.255742
MDMin:  4566 00:39:27    -2397.512405        0.553256
MDMin:  4567 00:39:29    -2397.512469        0.255727
MDMin:  4568 00:39:31    -2397.512469        0.255450
MDMin:  4569 00:39:33    -2397.512336        0.554193
MDMin:  4570 00:39:34    -2397.512466        0.255360
MDMin:  4571 00:39:37    -2397.512416        0.553100
MDMin:  4572 00:39:39    -2397.512465        0.255913
MDMin:  4573 00:39:40    -2397.512465        0.255688
MDMin:  4574 00:39:42    -2397.512403        0.553283
MDMin:  4575 00:39:44    -2397.512463        0.255675
MDMin:  4576 00:39:46    -2397.512462        0.255400
MDMin:  4577 00:39:48    -2397.512334        0.554215
MDMin:  4578 00:39:50    -2397.512460        0.255311
MDMin:  4579 00:39:52    -2397.512414        0.553123
MDMin:  4580 00:39:54    -2397.512459        0.255866
MDMin:  4581 00:39:56    -2397.512458        0.255643
MDMin:  4582 00:39:58    -2397.512402        0.553296
MDMin:  4583 00:40:00    -2397.512456        0.255633
MDMin:  4584 00:40:02    -2397.512456        0.255359
MDMin:  4585 00:40:04    -2397.512334        0.554224
MDMin:  4586 00:40:06    -2397.512454        0.255272
MDMin:  4587 00:40:08    -2397.512414        0.553132
MDMin:  4588 00:40:10    -2397.512452        0.255827
MDMin:  4589 00:40:11    -2397.512452        0.255607
MDMin:  4590 00:40:14    -2397.512402        0.553296
MDMin:  4591 00:40:16    -2397.512450        0.255599
MDMin:  4592 00:40:18    -2397.512449        0.255327
MDMin:  4593 00:40:20    -2397.512335        0.554220
MDMin:  4594 00:40:22    -2397.512447        0.255242
MDMin:  4595 00:40:24    -2397.512415        0.553129
MDMin:  4596 00:40:26    -2397.512446        0.255797
MDMin:  4597 00:40:28    -2397.512445        0.255578
MDMin:  4598 00:40:30    -2397.512403        0.553293
MDMin:  4599 00:40:32    -2397.512443        0.255570
MDMin:  4600 00:40:34    -2397.512443        0.255300
MDMin:  4601 00:40:36    -2397.512336        0.554217
MDMin:  4602 00:40:38    -2397.512441        0.255215
MDMin:  4603 00:40:40    -2397.512416        0.553127
MDMin:  4604 00:40:42    -2397.512439        0.255772
MDMin:  4605 00:40:44    -2397.512439        0.255553
MDMin:  4606 00:40:46    -2397.512405        0.553291
MDMin:  4607 00:40:48    -2397.512437        0.255544
MDMin:  4608 00:40:50    -2397.512437        0.255276
MDMin:  4609 00:40:52    -2397.512338        0.554215
MDMin:  4610 00:40:54    -2397.512435        0.255192
MDMin:  4611 00:40:55    -2397.512418        0.553126
MDMin:  4612 00:40:57    -2397.512433        0.255749
MDMin:  4613 00:40:59    -2397.512433        0.255531
MDMin:  4614 00:41:00    -2397.512407        0.553291
MDMin:  4615 00:41:02    -2397.512431        0.255522
MDMin:  4616 00:41:04    -2397.512430        0.255255
MDMin:  4617 00:41:06    -2397.512340        0.554215
MDMin:  4618 00:41:08    -2397.512428        0.255172
MDMin:  4619 00:41:10    -2397.512420        0.553127
MDMin:  4620 00:41:12    -2397.512427        0.255729
MDMin:  4621 00:41:14    -2397.512426        0.255512
MDMin:  4622 00:41:16    -2397.512409        0.553294
MDMin:  4623 00:41:17    -2397.512424        0.255501
MDMin:  4624 00:41:19    -2397.512424        0.255236
MDMin:  4625 00:41:21    -2397.512342        0.554218
MDMin:  4626 00:41:23    -2397.512422        0.255153
MDMin:  4627 00:41:25    -2397.512421        0.254875
MDMin:  4628 00:41:27    -2397.512268        0.555216
MDMin:  4629 00:41:29    -2397.512405        0.553348
MDMin:  4630 00:41:31    -2397.512418        0.256352
MDMin:  4631 00:41:33    -2397.512417        0.256152
MDMin:  4632 00:41:35    -2397.512416        0.255529
MDMin:  4633 00:41:37    -2397.512322        0.554550
MDMin:  4634 00:41:39    -2397.512414        0.254885
MDMin:  4635 00:41:41    -2397.512356        0.554078
MDMin:  4636 00:41:42    -2397.512412        0.255378
MDMin:  4637 00:41:44    -2397.512412        0.255153
MDMin:  4638 00:41:47    -2397.512341        0.554307
MDMin:  4639 00:41:49    -2397.512410        0.255126
MDMin:  4640 00:41:51    -2397.512409        0.254855
MDMin:  4641 00:41:53    -2397.512274        0.555221
MDMin:  4642 00:41:56    -2397.512407        0.254760
MDMin:  4643 00:41:58    -2397.512354        0.554128
MDMin:  4644 00:42:00    -2397.512406        0.255324
MDMin:  4645 00:42:02    -2397.512406        0.255100
MDMin:  4646 00:42:04    -2397.512342        0.554292
MDMin:  4647 00:42:06    -2397.512404        0.255076
MDMin:  4648 00:42:08    -2397.512403        0.254808
MDMin:  4649 00:42:10    -2397.512276        0.555203
MDMin:  4650 00:42:12    -2397.512401        0.254716
MDMin:  4651 00:42:14    -2397.512356        0.554110
MDMin:  4652 00:42:16    -2397.512400        0.255281
MDMin:  4653 00:42:18    -2397.512399        0.255059
MDMin:  4654 00:42:20    -2397.512345        0.554272
MDMin:  4655 00:42:22    -2397.512398        0.255036
MDMin:  4656 00:42:24    -2397.512397        0.254771
MDMin:  4657 00:42:26    -2397.512278        0.555181
MDMin:  4658 00:42:28    -2397.512395        0.254681
MDMin:  4659 00:42:30    -2397.512358        0.554088
MDMin:  4660 00:42:31    -2397.512394        0.255247
MDMin:  4661 00:42:33    -2397.512393        0.255026
MDMin:  4662 00:42:35    -2397.512347        0.554249
MDMin:  4663 00:42:37    -2397.512391        0.255005
MDMin:  4664 00:42:39    -2397.512391        0.254741
MDMin:  4665 00:42:41    -2397.512281        0.555157
MDMin:  4666 00:42:43    -2397.512389        0.254654
MDMin:  4667 00:42:45    -2397.512361        0.554065
MDMin:  4668 00:42:47    -2397.512388        0.255221
MDMin:  4669 00:42:49    -2397.512387        0.255001
MDMin:  4670 00:42:51    -2397.512350        0.554225
MDMin:  4671 00:42:53    -2397.512385        0.254980
MDMin:  4672 00:42:55    -2397.512385        0.254718
MDMin:  4673 00:42:57    -2397.512284        0.555132
MDMin:  4674 00:42:58    -2397.512383        0.254633
MDMin:  4675 00:43:01    -2397.512364        0.554041
MDMin:  4676 00:43:03    -2397.512382        0.255200
MDMin:  4677 00:43:05    -2397.512381        0.254981
MDMin:  4678 00:43:07    -2397.512354        0.554201
MDMin:  4679 00:43:09    -2397.512379        0.254961
MDMin:  4680 00:43:11    -2397.512379        0.254701
MDMin:  4681 00:43:13    -2397.512288        0.555108
MDMin:  4682 00:43:14    -2397.512377        0.254617
MDMin:  4683 00:43:17    -2397.512368        0.554018
MDMin:  4684 00:43:19    -2397.512376        0.255184
MDMin:  4685 00:43:21    -2397.512375        0.254966
MDMin:  4686 00:43:23    -2397.512358        0.554178
MDMin:  4687 00:43:25    -2397.512373        0.254945
MDMin:  4688 00:43:27    -2397.512373        0.254687
MDMin:  4689 00:43:28    -2397.512292        0.555085
MDMin:  4690 00:43:30    -2397.512371        0.254604
MDMin:  4691 00:43:33    -2397.512371        0.254334
MDMin:  4692 00:43:35    -2397.512221        0.556055
MDMin:  4693 00:43:36    -2397.512356        0.554209
MDMin:  4694 00:43:38    -2397.512367        0.255809
MDMin:  4695 00:43:40    -2397.512367        0.255609
MDMin:  4696 00:43:42    -2397.512365        0.254986
MDMin:  4697 00:43:43    -2397.512272        0.555419
MDMin:  4698 00:43:45    -2397.512363        0.254343
MDMin:  4699 00:43:47    -2397.512309        0.554919
MDMin:  4700 00:43:49    -2397.512362        0.254845
MDMin:  4701 00:43:51    -2397.512361        0.254620
MDMin:  4702 00:43:53    -2397.512293        0.555144
MDMin:  4703 00:43:55    -2397.512359        0.254584
MDMin:  4704 00:43:57    -2397.512359        0.254321
MDMin:  4705 00:43:58    -2397.512228        0.556041
MDMin:  4706 00:44:00    -2397.512357        0.254227
MDMin:  4707 00:44:02    -2397.512308        0.554945
MDMin:  4708 00:44:04    -2397.512356        0.254801
MDMin:  4709 00:44:06    -2397.512355        0.254577
MDMin:  4710 00:44:08    -2397.512297        0.555103
MDMin:  4711 00:44:09    -2397.512353        0.254544
MDMin:  4712 00:44:11    -2397.512353        0.254284
MDMin:  4713 00:44:13    -2397.512232        0.555997
MDMin:  4714 00:44:15    -2397.512351        0.254193
MDMin:  4715 00:44:17    -2397.512312        0.554902
MDMin:  4716 00:44:18    -2397.512350        0.254768
MDMin:  4717 00:44:19    -2397.512349        0.254547
MDMin:  4718 00:44:21    -2397.512301        0.555057
MDMin:  4719 00:44:23    -2397.512348        0.254515
MDMin:  4720 00:44:25    -2397.512347        0.254257
MDMin:  4721 00:44:27    -2397.512236        0.555950
MDMin:  4722 00:44:29    -2397.512345        0.254170
MDMin:  4723 00:44:31    -2397.512316        0.554855
MDMin:  4724 00:44:33    -2397.512344        0.254745
MDMin:  4725 00:44:35    -2397.512344        0.254525
MDMin:  4726 00:44:37    -2397.512306        0.555010
MDMin:  4727 00:44:39    -2397.512342        0.254495
MDMin:  4728 00:44:41    -2397.512341        0.254239
MDMin:  4729 00:44:43    -2397.512241        0.555901
MDMin:  4730 00:44:45    -2397.512339        0.254154
MDMin:  4731 00:44:47    -2397.512321        0.554807
MDMin:  4732 00:44:49    -2397.512338        0.254730
MDMin:  4733 00:44:51    -2397.512338        0.254511
MDMin:  4734 00:44:53    -2397.512311        0.554962
MDMin:  4735 00:44:55    -2397.512336        0.254482
MDMin:  4736 00:44:57    -2397.512336        0.254228
MDMin:  4737 00:44:59    -2397.512247        0.555853
MDMin:  4738 00:45:01    -2397.512334        0.254145
MDMin:  4739 00:45:03    -2397.512327        0.554760
MDMin:  4740 00:45:06    -2397.512332        0.254721
MDMin:  4741 00:45:08    -2397.512332        0.254504
MDMin:  4742 00:45:10    -2397.512317        0.554915
MDMin:  4743 00:45:11    -2397.512330        0.254474
MDMin:  4744 00:45:13    -2397.512330        0.254223
MDMin:  4745 00:45:15    -2397.512253        0.555807
MDMin:  4746 00:45:17    -2397.512328        0.254140
MDMin:  4747 00:45:19    -2397.512328        0.253878
MDMin:  4748 00:45:21    -2397.512183        0.556751
MDMin:  4749 00:45:23    -2397.512317        0.554923
MDMin:  4750 00:45:25    -2397.512324        0.255352
MDMin:  4751 00:45:27    -2397.512324        0.255152
MDMin:  4752 00:45:29    -2397.512323        0.254529
MDMin:  4753 00:45:30    -2397.512233        0.556139
MDMin:  4754 00:45:32    -2397.512320        0.253889
MDMin:  4755 00:45:33    -2397.512271        0.555615
MDMin:  4756 00:45:35    -2397.512319        0.254399
MDMin:  4757 00:45:37    -2397.512318        0.254174
MDMin:  4758 00:45:39    -2397.512256        0.555835
MDMin:  4759 00:45:41    -2397.512317        0.254130
MDMin:  4760 00:45:43    -2397.512316        0.253874
MDMin:  4761 00:45:45    -2397.512192        0.556718
MDMin:  4762 00:45:47    -2397.512314        0.253782
MDMin:  4763 00:45:49    -2397.512272        0.555619
MDMin:  4764 00:45:51    -2397.512313        0.254365
MDMin:  4765 00:45:53    -2397.512313        0.254142
MDMin:  4766 00:45:54    -2397.512262        0.555771
MDMin:  4767 00:45:55    -2397.512311        0.254101
MDMin:  4768 00:45:56    -2397.512311        0.253848
MDMin:  4769 00:45:57    -2397.512198        0.556651
MDMin:  4770 00:45:58    -2397.512309        0.253759
MDMin:  4771 00:45:59    -2397.512278        0.555552
MDMin:  4772 00:46:01    -2397.512308        0.254343
MDMin:  4773 00:46:03    -2397.512307        0.254122
MDMin:  4774 00:46:05    -2397.512268        0.555702
MDMin:  4775 00:46:07    -2397.512305        0.254083
MDMin:  4776 00:46:08    -2397.512305        0.253833
MDMin:  4777 00:46:10    -2397.512204        0.556581
MDMin:  4778 00:46:11    -2397.512303        0.253747
MDMin:  4779 00:46:13    -2397.512284        0.555484
MDMin:  4780 00:46:15    -2397.512302        0.254331
MDMin:  4781 00:46:17    -2397.512302        0.254112
MDMin:  4782 00:46:19    -2397.512275        0.555633
MDMin:  4783 00:46:21    -2397.512300        0.254074
MDMin:  4784 00:46:23    -2397.512299        0.253826
MDMin:  4785 00:46:25    -2397.512211        0.556512
MDMin:  4786 00:46:27    -2397.512298        0.253742
MDMin:  4787 00:46:28    -2397.512291        0.555415
MDMin:  4788 00:46:29    -2397.512296        0.254327
MDMin:  4789 00:46:31    -2397.512296        0.254109
MDMin:  4790 00:46:32    -2397.512282        0.555564
MDMin:  4791 00:46:34    -2397.512294        0.254073
MDMin:  4792 00:46:35    -2397.512294        0.253826
MDMin:  4793 00:46:37    -2397.512219        0.556444
MDMin:  4794 00:46:39    -2397.512292        0.253744
MDMin:  4795 00:46:41    -2397.512292        0.253488
MDMin:  4796 00:46:43    -2397.512151        0.557365
MDMin:  4797 00:46:45    -2397.512283        0.555550
MDMin:  4798 00:46:47    -2397.512288        0.254961
MDMin:  4799 00:46:49    -2397.512288        0.254762
MDMin:  4800 00:46:51    -2397.512287        0.254139
MDMin:  4801 00:46:52    -2397.512199        0.556771
MDMin:  4802 00:46:55    -2397.512284        0.253500
MDMin:  4803 00:46:57    -2397.512239        0.556225
MDMin:  4804 00:46:59    -2397.512283        0.254018
MDMin:  4805 00:47:01    -2397.512283        0.253793
MDMin:  4806 00:47:03    -2397.512224        0.556441
MDMin:  4807 00:47:04    -2397.512281        0.253743
MDMin:  4808 00:47:05    -2397.512281        0.253492
MDMin:  4809 00:47:06    -2397.512161        0.557311
MDMin:  4810 00:47:08    -2397.512279        0.253401
MDMin:  4811 00:47:09    -2397.512241        0.556209
MDMin:  4812 00:47:11    -2397.512278        0.253992
MDMin:  4813 00:47:13    -2397.512277        0.253770
MDMin:  4814 00:47:15    -2397.512232        0.556355
MDMin:  4815 00:47:17    -2397.512276        0.253723
MDMin:  4816 00:47:19    -2397.512275        0.253475
MDMin:  4817 00:47:21    -2397.512169        0.557223
MDMin:  4818 00:47:22    -2397.512274        0.253388
MDMin:  4819 00:47:24    -2397.512249        0.556121
MDMin:  4820 00:47:26    -2397.512272        0.253979
MDMin:  4821 00:47:28    -2397.512272        0.253759
MDMin:  4822 00:47:30    -2397.512240        0.556265
MDMin:  4823 00:47:32    -2397.512270        0.253714
MDMin:  4824 00:47:34    -2397.512270        0.253469
MDMin:  4825 00:47:36    -2397.512177        0.557133
MDMin:  4826 00:47:38    -2397.512268        0.253385
MDMin:  4827 00:47:39    -2397.512257        0.556032
MDMin:  4828 00:47:40    -2397.512267        0.253977
MDMin:  4829 00:47:41    -2397.512267        0.253758
MDMin:  4830 00:47:43    -2397.512248        0.556175
MDMin:  4831 00:47:45    -2397.512265        0.253715
MDMin:  4832 00:47:46    -2397.512264        0.253472
MDMin:  4833 00:47:49    -2397.512186        0.557043
MDMin:  4834 00:47:51    -2397.512263        0.253391
MDMin:  4835 00:47:53    -2397.512262        0.253139
MDMin:  4836 00:47:55    -2397.512120        0.557944
MDMin:  4837 00:47:57    -2397.512251        0.556139
MDMin:  4838 00:47:58    -2397.512259        0.254613
MDMin:  4839 00:48:00    -2397.512259        0.254413
MDMin:  4840 00:48:02    -2397.512258        0.253790
MDMin:  4841 00:48:04    -2397.512167        0.557360
MDMin:  4842 00:48:07    -2397.512255        0.253150
MDMin:  4843 00:48:09    -2397.512208        0.556797
MDMin:  4844 00:48:11    -2397.512254        0.253674
MDMin:  4845 00:48:13    -2397.512254        0.253450
MDMin:  4846 00:48:15    -2397.512193        0.557008
MDMin:  4847 00:48:17    -2397.512252        0.253394
MDMin:  4848 00:48:19    -2397.512252        0.253148
MDMin:  4849 00:48:21    -2397.512131        0.557867
MDMin:  4850 00:48:23    -2397.512250        0.253058
MDMin:  4851 00:48:25    -2397.512212        0.556759
MDMin:  4852 00:48:27    -2397.512249        0.253656
MDMin:  4853 00:48:29    -2397.512248        0.253433
MDMin:  4854 00:48:31    -2397.512202        0.556899
MDMin:  4855 00:48:33    -2397.512247        0.253381
MDMin:  4856 00:48:35    -2397.512246        0.253138
MDMin:  4857 00:48:37    -2397.512140        0.557756
MDMin:  4858 00:48:39    -2397.512245        0.253052
MDMin:  4859 00:48:41    -2397.512221        0.556650
MDMin:  4860 00:48:42    -2397.512244        0.253650
MDMin:  4861 00:48:45    -2397.512243        0.253430
MDMin:  4862 00:48:46    -2397.512212        0.556787
MDMin:  4863 00:48:48    -2397.512241        0.253380
MDMin:  4864 00:48:50    -2397.512241        0.253140
MDMin:  4865 00:48:52    -2397.512150        0.557645
MDMin:  4866 00:48:54    -2397.512239        0.253057
MDMin:  4867 00:48:56    -2397.512230        0.556539
MDMin:  4868 00:48:58    -2397.512238        0.253656
MDMin:  4869 00:49:00    -2397.512238        0.253437
MDMin:  4870 00:49:02    -2397.512222        0.556677
MDMin:  4871 00:49:04    -2397.512236        0.253389
MDMin:  4872 00:49:06    -2397.512236        0.253151
MDMin:  4873 00:49:08    -2397.512160        0.557535
MDMin:  4874 00:49:09    -2397.512234        0.253071
MDMin:  4875 00:49:10    -2397.512234        0.252825
MDMin:  4876 00:49:12    -2397.512096        0.558416
MDMin:  4877 00:49:14    -2397.512226        0.556621
MDMin:  4878 00:49:15    -2397.512231        0.254300
MDMin:  4879 00:49:17    -2397.512230        0.254100
MDMin:  4880 00:49:19    -2397.512229        0.253478
MDMin:  4881 00:49:20    -2397.512142        0.557844
MDMin:  4882 00:49:22    -2397.512227        0.252841
MDMin:  4883 00:49:24    -2397.512184        0.557263
MDMin:  4884 00:49:26    -2397.512226        0.253372
MDMin:  4885 00:49:28    -2397.512225        0.253148
MDMin:  4886 00:49:30    -2397.512170        0.557469
MDMin:  4887 00:49:32    -2397.512224        0.253087
MDMin:  4888 00:49:34    -2397.512223        0.252846
MDMin:  4889 00:49:36    -2397.512109        0.558318
MDMin:  4890 00:49:38    -2397.512222        0.252758
MDMin:  4891 00:49:40    -2397.512190        0.557207
MDMin:  4892 00:49:41    -2397.512221        0.253362
MDMin:  4893 00:49:43    -2397.512220        0.253141
MDMin:  4894 00:49:45    -2397.512181        0.557341
MDMin:  4895 00:49:47    -2397.512219        0.253084
MDMin:  4896 00:49:49    -2397.512218        0.252846
MDMin:  4897 00:49:51    -2397.512120        0.558190
MDMin:  4898 00:49:53    -2397.512217        0.252762
MDMin:  4899 00:49:55    -2397.512200        0.557079
MDMin:  4900 00:49:57    -2397.512215        0.253366
MDMin:  4901 00:49:59    -2397.512215        0.253147
MDMin:  4902 00:50:01    -2397.512192        0.557212
MDMin:  4903 00:50:03    -2397.512213        0.253093
MDMin:  4904 00:50:05    -2397.512213        0.252857
MDMin:  4905 00:50:07    -2397.512131        0.558061
MDMin:  4906 00:50:09    -2397.512211        0.252777
MDMin:  4907 00:50:11    -2397.512211        0.252534
MDMin:  4908 00:50:12    -2397.512068        0.558924
MDMin:  4909 00:50:14    -2397.512198        0.557135
MDMin:  4910 00:50:16    -2397.512208        0.254011
MDMin:  4911 00:50:18    -2397.512208        0.253810
MDMin:  4912 00:50:20    -2397.512207        0.253186
MDMin:  4913 00:50:22    -2397.512113        0.558358
MDMin:  4914 00:50:24    -2397.512204        0.252548
MDMin:  4915 00:50:26    -2397.512157        0.557762
MDMin:  4916 00:50:27    -2397.512203        0.253084
MDMin:  4917 00:50:28    -2397.512203        0.252860
MDMin:  4918 00:50:29    -2397.512143        0.557964
MDMin:  4919 00:50:31    -2397.512201        0.252794
MDMin:  4920 00:50:32    -2397.512201        0.252556
MDMin:  4921 00:50:33    -2397.512082        0.558803
MDMin:  4922 00:50:35    -2397.512199        0.252469
MDMin:  4923 00:50:37    -2397.512163        0.557687
MDMin:  4924 00:50:39    -2397.512198        0.253079
MDMin:  4925 00:50:41    -2397.512198        0.252858
MDMin:  4926 00:50:42    -2397.512155        0.557815
MDMin:  4927 00:50:44    -2397.512196        0.252796
MDMin:  4928 00:50:46    -2397.512196        0.252562
MDMin:  4929 00:50:47    -2397.512094        0.558654
MDMin:  4930 00:50:48    -2397.512194        0.252479
MDMin:  4931 00:50:50    -2397.512175        0.557539
MDMin:  4932 00:50:52    -2397.512193        0.253089
MDMin:  4933 00:50:53    -2397.512193        0.252870
MDMin:  4934 00:50:55    -2397.512167        0.557665
MDMin:  4935 00:50:57    -2397.512191        0.252812
MDMin:  4936 00:50:59    -2397.512191        0.252579
MDMin:  4937 00:51:00    -2397.512107        0.558505
MDMin:  4938 00:51:02    -2397.512189        0.252500
MDMin:  4939 00:51:04    -2397.512188        0.557391
MDMin:  4940 00:51:06    -2397.512188        0.253110
MDMin:  4941 00:51:08    -2397.512188        0.252892
MDMin:  4942 00:51:10    -2397.512180        0.557517
MDMin:  4943 00:51:11    -2397.512186        0.252837
MDMin:  4944 00:51:12    -2397.512186        0.252607
MDMin:  4945 00:51:13    -2397.512120        0.558359
MDMin:  4946 00:51:15    -2397.512184        0.252530
MDMin:  4947 00:51:16    -2397.512184        0.252293
MDMin:  4948 00:51:18    -2397.512058        0.559206
MDMin:  4949 00:51:20    -2397.512182        0.252206
MDMin:  4950 00:51:21    -2397.512139        0.558087
MDMin:  4951 00:51:22    -2397.512181        0.252821
MDMin:  4952 00:51:23    -2397.512181        0.252599
MDMin:  4953 00:51:25    -2397.512131        0.558208
MDMin:  4954 00:51:27    -2397.512179        0.252536
MDMin:  4955 00:51:29    -2397.512179        0.252304
MDMin:  4956 00:51:31    -2397.512071        0.559039
MDMin:  4957 00:51:33    -2397.512177        0.252222
MDMin:  4958 00:51:34    -2397.512152        0.557919
MDMin:  4959 00:51:36    -2397.512176        0.252838
MDMin:  4960 00:51:38    -2397.512176        0.252619
MDMin:  4961 00:51:41    -2397.512145        0.558039
MDMin:  4962 00:51:42    -2397.512174        0.252559
MDMin:  4963 00:51:43    -2397.512174        0.252329
MDMin:  4964 00:51:45    -2397.512085        0.558871
MDMin:  4965 00:51:46    -2397.512172        0.252251
MDMin:  4966 00:51:48    -2397.512166        0.557753
MDMin:  4967 00:51:50    -2397.512171        0.252866
MDMin:  4968 00:51:52    -2397.512171        0.252649
MDMin:  4969 00:51:54    -2397.512159        0.557873
MDMin:  4970 00:51:56    -2397.512170        0.252592
MDMin:  4971 00:51:58    -2397.512169        0.252364
MDMin:  4972 00:52:00    -2397.512099        0.558707
MDMin:  4973 00:52:01    -2397.512168        0.252289
MDMin:  4974 00:52:03    -2397.512167        0.252056
MDMin:  4975 00:52:05    -2397.512039        0.559539
MDMin:  4976 00:52:07    -2397.512166        0.251971
MDMin:  4977 00:52:09    -2397.512120        0.558415
MDMin:  4978 00:52:11    -2397.512165        0.252591
MDMin:  4979 00:52:13    -2397.512164        0.252370
MDMin:  4980 00:52:14    -2397.512112        0.558531
MDMin:  4981 00:52:16    -2397.512163        0.252305
MDMin:  4982 00:52:18    -2397.512162        0.252076
MDMin:  4983 00:52:20    -2397.512053        0.559354
MDMin:  4984 00:52:22    -2397.512161        0.251997
MDMin:  4985 00:52:24    -2397.512134        0.558230
MDMin:  4986 00:52:26    -2397.512160        0.252617
MDMin:  4987 00:52:27    -2397.512159        0.252398
MDMin:  4988 00:52:28    -2397.512127        0.558345
MDMin:  4989 00:52:31    -2397.512158        0.252336
MDMin:  4990 00:52:32    -2397.512158        0.252110
MDMin:  4991 00:52:34    -2397.512067        0.559170
MDMin:  4992 00:52:35    -2397.512156        0.252034
MDMin:  4993 00:52:37    -2397.512149        0.558049
MDMin:  4994 00:52:38    -2397.512155        0.252653
MDMin:  4995 00:52:39    -2397.512155        0.252437
MDMin:  4996 00:52:41    -2397.512142        0.558164
MDMin:  4997 00:52:43    -2397.512153        0.252378
MDMin:  4998 00:52:45    -2397.512153        0.252153
MDMin:  4999 00:52:47    -2397.512083        0.558991
MDMin:  5000 00:52:48    -2397.512151        0.252080
