       Step     Time          Energy          fmax
MDMin:    0 02:07:10    -2394.663638        4.961910
MDMin:    1 02:07:12    -2394.668137        4.864033
MDMin:    2 02:07:13    -2394.681193        4.569381
MDMin:    3 02:07:14    -2394.699987        4.110589
MDMin:    4 02:07:16    -2394.723783        4.019364
MDMin:    5 02:07:18    -2394.752199        4.018010
MDMin:    6 02:07:20    -2394.784737        3.585034
MDMin:    7 02:07:22    -2394.822037        2.679853
MDMin:    8 02:07:24    -2394.866317        1.738879
MDMin:    9 02:07:26    -2394.920063        1.680758
MDMin:   10 02:07:27    -2394.987136        1.626954
MDMin:   11 02:07:29    -2395.076039        1.531604
MDMin:   12 02:07:31    -2395.203061        1.538895
MDMin:   13 02:07:32    -2395.382304        1.599926
MDMin:   14 02:07:34    -2395.555928        1.361986
MDMin:   15 02:07:36    -2395.593112        1.412765
MDMin:   16 02:07:38    -2395.619673        1.330767
MDMin:   17 02:07:40    -2395.641407        1.545769
MDMin:   18 02:07:41    -2395.655810        2.347680
MDMin:   19 02:07:43    -2395.661048        1.150203
MDMin:   20 02:07:45    -2395.667530        1.154171
MDMin:   21 02:07:46    -2395.674434        1.207393
MDMin:   22 02:07:48    -2395.681699        1.287949
MDMin:   23 02:07:50    -2395.689282        1.365431
MDMin:   24 02:07:51    -2395.697134        1.362906
MDMin:   25 02:07:53    -2395.705424        1.222622
MDMin:   26 02:07:55    -2395.714484        1.158134
MDMin:   27 02:07:56    -2395.724639        1.005434
MDMin:   28 02:07:58    -2395.736050        0.853246
MDMin:   29 02:07:59    -2395.748740        0.868645
MDMin:   30 02:08:01    -2395.762479        0.919746
MDMin:   31 02:08:03    -2395.777136        0.907824
MDMin:   32 02:08:05    -2395.791595        1.048494
MDMin:   33 02:08:07    -2395.801925        1.326269
MDMin:   34 02:08:09    -2395.807244        0.911252
MDMin:   35 02:08:11    -2395.813658        0.918434
MDMin:   36 02:08:13    -2395.820914        0.910080
MDMin:   37 02:08:14    -2395.829083        0.880780
MDMin:   38 02:08:15    -2395.838318        0.830014
MDMin:   39 02:08:17    -2395.848790        0.764449
MDMin:   40 02:08:18    -2395.860717        0.761031
MDMin:   41 02:08:20    -2395.874321        0.800881
MDMin:   42 02:08:22    -2395.889876        0.829960
MDMin:   43 02:08:24    -2395.907772        0.830665
MDMin:   44 02:08:25    -2395.928689        0.790462
MDMin:   45 02:08:27    -2395.953703        0.791759
MDMin:   46 02:08:28    -2395.984396        0.870301
MDMin:   47 02:08:29    -2396.022725        0.958713
MDMin:   48 02:08:30    -2396.071515        1.049313
MDMin:   49 02:08:32    -2396.134464        1.128604
MDMin:   50 02:08:33    -2396.217122        1.234711
MDMin:   51 02:08:34    -2396.320673        1.338303
MDMin:   52 02:08:35    -2396.434155        1.314931
MDMin:   53 02:08:36    -2396.526737        1.157745
MDMin:   54 02:08:38    -2396.586788        0.977061
MDMin:   55 02:08:40    -2396.624221        0.838769
MDMin:   56 02:08:41    -2396.656998        0.779569
MDMin:   57 02:08:43    -2396.687191        0.810276
MDMin:   58 02:08:45    -2396.716958        0.866606
MDMin:   59 02:08:46    -2396.747523        0.926200
MDMin:   60 02:08:47    -2396.780516        0.986329
MDMin:   61 02:08:49    -2396.817251        1.045196
MDMin:   62 02:08:51    -2396.859254        1.101202
MDMin:   63 02:08:53    -2396.907737        1.183680
MDMin:   64 02:08:55    -2396.963753        1.278786
MDMin:   65 02:08:56    -2397.015506        1.581376
MDMin:   66 02:08:58    -2397.055009        1.587456
MDMin:   67 02:09:00    -2397.093468        1.348110
MDMin:   68 02:09:02    -2397.153461        1.576840
MDMin:   69 02:09:04    -2397.186192        1.399352
MDMin:   70 02:09:06    -2397.249450        1.446219
MDMin:   71 02:09:08    -2397.309348        1.551423
MDMin:   72 02:09:09    -2397.327718        1.455043
MDMin:   73 02:09:11    -2397.346676        1.450521
MDMin:   74 02:09:12    -2397.365317        1.416493
MDMin:   75 02:09:13    -2397.383958        1.427547
MDMin:   76 02:09:14    -2397.404709        1.479273
MDMin:   77 02:09:16    -2397.427601        1.525298
MDMin:   78 02:09:17    -2397.452672        1.542915
MDMin:   79 02:09:19    -2397.479761        1.455387
MDMin:   80 02:09:21    -2397.509092        1.192291
MDMin:   81 02:09:23    -2397.529966        0.928970
MDMin:   82 02:09:24    -2397.543866        0.795519
MDMin:   83 02:09:26    -2397.553264        0.728028
MDMin:   84 02:09:28    -2397.562178        0.669029
MDMin:   85 02:09:30    -2397.571608        0.613463
MDMin:   86 02:09:32    -2397.581943        0.560632
MDMin:   87 02:09:34    -2397.591396        1.016295
MDMin:   88 02:09:35    -2397.597700        0.497058
MDMin:   89 02:09:37    -2397.604129        0.478708
MDMin:   90 02:09:38    -2397.611663        0.678356
MDMin:   91 02:09:39    -2397.617215        1.217617
MDMin:   92 02:09:40    -2397.621594        0.445908
MDMin:   93 02:09:42    -2397.626468        0.456234
MDMin:   94 02:09:43    -2397.632288        0.940913
MDMin:   95 02:09:44    -2397.637030        0.712609
MDMin:   96 02:09:46    -2397.641069        0.494916
MDMin:   97 02:09:47    -2397.644586        0.634222
MDMin:   98 02:09:48    -2397.647934        0.620853
MDMin:   99 02:09:49    -2397.651122        0.582703
MDMin:  100 02:09:51    -2397.654342        0.616156
MDMin:  101 02:09:52    -2397.657461        0.655399
MDMin:  102 02:09:54    -2397.660248        0.642958
MDMin:  103 02:09:56    -2397.662901        0.653116
MDMin:  104 02:09:57    -2397.665546        0.579093
MDMin:  105 02:09:59    -2397.668326        0.638350
MDMin:  106 02:10:01    -2397.671104        0.652765
MDMin:  107 02:10:03    -2397.673738        0.652590
MDMin:  108 02:10:05    -2397.676291        0.634574
MDMin:  109 02:10:06    -2397.678892        0.642708
MDMin:  110 02:10:08    -2397.681541        0.620279
MDMin:  111 02:10:10    -2397.684220        0.652423
MDMin:  112 02:10:12    -2397.686811        0.645886
MDMin:  113 02:10:14    -2397.689363        0.652806
MDMin:  114 02:10:16    -2397.691923        0.618748
MDMin:  115 02:10:18    -2397.694554        0.647405
MDMin:  116 02:10:20    -2397.697180        0.641139
MDMin:  117 02:10:22    -2397.699769        0.653747
MDMin:  118 02:10:23    -2397.702317        0.636039
MDMin:  119 02:10:25    -2397.704895        0.648789
MDMin:  120 02:10:26    -2397.707493        0.630571
MDMin:  121 02:10:27    -2397.710114        0.652029
MDMin:  122 02:10:29    -2397.712699        0.641782
MDMin:  123 02:10:30    -2397.715276        0.652077
MDMin:  124 02:10:32    -2397.717852        0.632292
MDMin:  125 02:10:34    -2397.720468        0.649432
MDMin:  126 02:10:35    -2397.723083        0.639302
MDMin:  127 02:10:36    -2397.725696        0.652316
MDMin:  128 02:10:38    -2397.728289        0.638895
MDMin:  129 02:10:40    -2397.730901        0.649808
MDMin:  130 02:10:41    -2397.733523        0.636254
MDMin:  131 02:10:43    -2397.736168        0.650615
MDMin:  132 02:10:44    -2397.738800        0.641045
MDMin:  133 02:10:45    -2397.741438        0.650757
MDMin:  134 02:10:46    -2397.744075        0.638008
MDMin:  135 02:10:48    -2397.746738        0.649085
MDMin:  136 02:10:49    -2397.749406        0.639836
MDMin:  137 02:10:51    -2397.752086        0.650142
MDMin:  138 02:10:52    -2397.754760        0.640636
MDMin:  139 02:10:53    -2397.757450        0.648905
MDMin:  140 02:10:55    -2397.760148        0.639198
MDMin:  141 02:10:57    -2397.762868        0.648551
MDMin:  142 02:10:59    -2397.765589        0.641052
MDMin:  143 02:11:00    -2397.768324        0.648554
MDMin:  144 02:11:02    -2397.771061        0.640245
MDMin:  145 02:11:03    -2397.773820        0.647299
MDMin:  146 02:11:05    -2397.776588        0.640275
MDMin:  147 02:11:06    -2397.779375        0.647217
MDMin:  148 02:11:08    -2397.782165        0.640871
MDMin:  149 02:11:10    -2397.784974        0.646412
MDMin:  150 02:11:12    -2397.787791        0.639997
MDMin:  151 02:11:14    -2397.790631        0.645464
MDMin:  152 02:11:16    -2397.792546        2.334376
MDMin:  153 02:11:18    -2397.794978        2.294020
MDMin:  154 02:11:19    -2397.798580        2.227075
MDMin:  155 02:11:20    -2397.803257        2.142255
MDMin:  156 02:11:22    -2397.805082        2.039581
MDMin:  157 02:11:24    -2397.797572        1.905457
MDMin:  158 02:11:25    -2397.784834        1.765409
MDMin:  159 02:11:27    -2397.767477        1.685966
MDMin:  160 02:11:28    -2397.746700        1.645515
MDMin:  161 02:11:29    -2397.724134        1.596559
MDMin:  162 02:11:31    -2397.701961        1.542570
MDMin:  163 02:11:33    -2397.683020        1.489637
MDMin:  164 02:11:35    -2397.671112        1.445144
MDMin:  165 02:11:37    -2397.671381        1.413224
MDMin:  166 02:11:38    -2397.691350        1.371323
MDMin:  167 02:11:40    -2397.732835        1.236169
MDMin:  168 02:11:41    -2397.780280        0.947347
MDMin:  169 02:11:43    -2397.813288        0.887569
MDMin:  170 02:11:45    -2397.833658        0.849285
MDMin:  171 02:11:47    -2397.848808        0.810850
MDMin:  172 02:11:48    -2397.860332        0.788534
MDMin:  173 02:11:50    -2397.868386        0.801425
MDMin:  174 02:11:52    -2397.873339        0.757803
MDMin:  175 02:11:54    -2397.873886        1.958295
MDMin:  176 02:11:56    -2397.851720        0.678646
MDMin:  177 02:11:58    -2397.850738        0.662534
MDMin:  178 02:11:59    -2397.849490        0.647235
MDMin:  179 02:12:01    -2397.848188        0.632542
MDMin:  180 02:12:03    -2397.846791        0.618227
MDMin:  181 02:12:04    -2397.845435        0.611927
MDMin:  182 02:12:05    -2397.844107        0.619721
MDMin:  183 02:12:07    -2397.842952        0.616076
MDMin:  184 02:12:09    -2397.841910        0.625772
MDMin:  185 02:12:10    -2397.841149        0.646315
MDMin:  186 02:12:11    -2397.840477        0.673094
MDMin:  187 02:12:13    -2397.840100        0.703974
MDMin:  188 02:12:15    -2397.839724        0.738389
MDMin:  189 02:12:16    -2397.839483        0.780363
MDMin:  190 02:12:18    -2397.839246        0.834560
MDMin:  191 02:12:20    -2397.839102        0.903641
MDMin:  192 02:12:21    -2397.839013        0.985242
MDMin:  193 02:12:23    -2397.839038        1.063114
MDMin:  194 02:12:25    -2397.839161        1.097749
MDMin:  195 02:12:26    -2397.839429        1.034214
MDMin:  196 02:12:27    -2397.839834        0.851250
MDMin:  197 02:12:29    -2397.840423        0.707529
MDMin:  198 02:12:30    -2397.839905        2.219600
MDMin:  199 02:12:32    -2397.837175        0.779488
MDMin:  200 02:12:33    -2397.837208        0.805368
MDMin:  201 02:12:35    -2397.837203        0.840373
MDMin:  202 02:12:36    -2397.837163        0.887870
MDMin:  203 02:12:37    -2397.837094        0.952179
MDMin:  204 02:12:38    -2397.837004        1.038070
MDMin:  205 02:12:40    -2397.836901        1.148778
MDMin:  206 02:12:41    -2397.836794        1.280702
MDMin:  207 02:12:42    -2397.836692        1.413064
MDMin:  208 02:12:44    -2397.836601        1.497136
MDMin:  209 02:12:46    -2397.836527        1.465229
MDMin:  210 02:12:47    -2397.836470        1.279544
MDMin:  211 02:12:49    -2397.836433        1.027381
MDMin:  212 02:12:50    -2397.836418        1.137888
MDMin:  213 02:12:52    -2397.836421        1.305074
MDMin:  214 02:12:54    -2397.836437        1.470398
MDMin:  215 02:12:56    -2397.836455        1.549912
MDMin:  216 02:12:57    -2397.836465        1.474444
MDMin:  217 02:12:58    -2397.836453        1.285276
MDMin:  218 02:12:59    -2397.835563        2.266458
MDMin:  219 02:13:00    -2397.833044        0.992085
MDMin:  220 02:13:02    -2397.832708        0.906304
MDMin:  221 02:13:03    -2397.832173        0.813154
MDMin:  222 02:13:04    -2397.831512        0.715208
MDMin:  223 02:13:05    -2397.830748        0.694984
MDMin:  224 02:13:07    -2397.829914        0.690022
MDMin:  225 02:13:09    -2397.829035        0.758372
MDMin:  226 02:13:11    -2397.828148        0.855079
MDMin:  227 02:13:12    -2397.827278        0.951896
MDMin:  228 02:13:13    -2397.826453        1.011583
MDMin:  229 02:13:15    -2397.825670        0.997429
MDMin:  230 02:13:17    -2397.824963        0.910628
MDMin:  231 02:13:19    -2397.824336        0.800333
MDMin:  232 02:13:21    -2397.823880        0.751717
MDMin:  233 02:13:22    -2397.823514        0.794960
MDMin:  234 02:13:23    -2397.823183        0.840941
MDMin:  235 02:13:25    -2397.822849        0.892647
MDMin:  236 02:13:27    -2397.822522        0.949296
MDMin:  237 02:13:29    -2397.822194        1.006615
MDMin:  238 02:13:31    -2397.821871        1.055835
MDMin:  239 02:13:32    -2397.821548        1.083891
MDMin:  240 02:13:33    -2397.821225        1.076909
MDMin:  241 02:13:35    -2397.820892        1.027468
MDMin:  242 02:13:37    -2397.820549        0.941129
MDMin:  243 02:13:38    -2397.820181        0.835040
MDMin:  244 02:13:39    -2397.819794        0.728538
MDMin:  245 02:13:41    -2397.819374        0.671967
MDMin:  246 02:13:42    -2397.818967        0.693113
MDMin:  247 02:13:43    -2397.818592        0.696966
MDMin:  248 02:13:44    -2397.818301        0.691606
MDMin:  249 02:13:45    -2397.818003        0.680697
MDMin:  250 02:13:47    -2397.817681        0.663251
MDMin:  251 02:13:48    -2397.817321        0.638520
MDMin:  252 02:13:49    -2397.816919        0.627709
MDMin:  253 02:13:51    -2397.816466        0.623410
MDMin:  254 02:13:52    -2397.815958        0.618849
MDMin:  255 02:13:53    -2397.815382        0.614214
MDMin:  256 02:13:54    -2397.814734        0.609685
MDMin:  257 02:13:56    -2397.814001        0.605339
MDMin:  258 02:13:58    -2397.813186        0.600904
MDMin:  259 02:14:00    -2397.812290        0.597636
MDMin:  260 02:14:02    -2397.811390        0.642827
MDMin:  261 02:14:03    -2397.810581        0.686440
MDMin:  262 02:14:05    -2397.809960        0.721522
MDMin:  263 02:14:07    -2397.809377        0.752976
MDMin:  264 02:14:09    -2397.808758        0.784536
MDMin:  265 02:14:11    -2397.808081        0.814262
MDMin:  266 02:14:13    -2397.807345        0.838275
MDMin:  267 02:14:15    -2397.806544        0.852210
MDMin:  268 02:14:16    -2397.805676        0.852703
MDMin:  269 02:14:17    -2397.804737        0.838434
MDMin:  270 02:14:19    -2397.803725        0.809907
MDMin:  271 02:14:22    -2397.802637        0.862392
MDMin:  272 02:14:23    -2397.801477        0.911456
MDMin:  273 02:14:25    -2397.800241        0.935789
MDMin:  274 02:14:27    -2397.798935        0.922616
MDMin:  275 02:14:28    -2397.797558        0.872577
MDMin:  276 02:14:30    -2397.796183        0.803319
MDMin:  277 02:14:31    -2397.794971        0.756552
MDMin:  278 02:14:33    -2397.794218        0.705415
MDMin:  279 02:14:34    -2397.793615        0.679209
MDMin:  280 02:14:35    -2397.792956        0.651712
MDMin:  281 02:14:36    -2397.792231        0.622928
MDMin:  282 02:14:37    -2397.791443        0.593289
MDMin:  283 02:14:39    -2397.790594        0.563139
MDMin:  284 02:14:41    -2397.789687        0.532684
MDMin:  285 02:14:42    -2397.788726        0.502025
MDMin:  286 02:14:44    -2397.787715        0.471233
MDMin:  287 02:14:47    -2397.786662        0.458916
MDMin:  288 02:14:49    -2397.785575        0.447000
MDMin:  289 02:14:50    -2397.784466        0.437581
MDMin:  290 02:14:51    -2397.783355        0.445335
MDMin:  291 02:14:53    -2397.782272        0.453977
MDMin:  292 02:14:55    -2397.781335        0.597016
MDMin:  293 02:14:57    -2397.780771        0.585919
MDMin:  294 02:14:58    -2397.780486        0.466529
MDMin:  295 02:14:59    -2397.780183        0.467752
MDMin:  296 02:15:00    -2397.779857        0.468660
MDMin:  297 02:15:01    -2397.779515        0.468989
MDMin:  298 02:15:03    -2397.779163        0.468404
MDMin:  299 02:15:05    -2397.778809        0.466514
MDMin:  300 02:15:07    -2397.778462        0.462899
MDMin:  301 02:15:09    -2397.778135        0.457158
MDMin:  302 02:15:11    -2397.777839        0.448987
MDMin:  303 02:15:12    -2397.777591        0.438261
MDMin:  304 02:15:14    -2397.777410        0.425110
MDMin:  305 02:15:15    -2397.777319        0.409958
MDMin:  306 02:15:17    -2397.777344        0.393497
MDMin:  307 02:15:19    -2397.777516        0.390130
MDMin:  308 02:15:22    -2397.777870        0.415533
MDMin:  309 02:15:23    -2397.778445        0.449432
MDMin:  310 02:15:25    -2397.779276        0.492394
MDMin:  311 02:15:27    -2397.780358        0.541850
MDMin:  312 02:15:29    -2397.781488        0.651473
MDMin:  313 02:15:30    -2397.782249        0.610838
MDMin:  314 02:15:32    -2397.782911        0.629237
MDMin:  315 02:15:34    -2397.783670        0.646723
MDMin:  316 02:15:36    -2397.784567        0.662459
MDMin:  317 02:15:37    -2397.785622        0.674337
MDMin:  318 02:15:39    -2397.786859        0.679744
MDMin:  319 02:15:41    -2397.788301        0.675932
MDMin:  320 02:15:43    -2397.789976        0.660551
MDMin:  321 02:15:44    -2397.791915        0.632310
MDMin:  322 02:15:46    -2397.794150        0.591568
MDMin:  323 02:15:48    -2397.796711        0.540570
MDMin:  324 02:15:50    -2397.799626        0.491114
MDMin:  325 02:15:52    -2397.802916        0.502557
MDMin:  326 02:15:54    -2397.806584        0.514325
MDMin:  327 02:15:56    -2397.810588        0.525486
MDMin:  328 02:15:58    -2397.814709        0.533938
MDMin:  329 02:16:00    -2397.818283        0.737201
MDMin:  330 02:16:01    -2397.820450        0.537188
MDMin:  331 02:16:03    -2397.822229        0.535693
MDMin:  332 02:16:04    -2397.824208        0.532618
MDMin:  333 02:16:05    -2397.826424        0.527349
MDMin:  334 02:16:07    -2397.828657        0.519259
MDMin:  335 02:16:08    -2397.829384        0.508298
MDMin:  336 02:16:10    -2397.828491        0.494608
MDMin:  337 02:16:11    -2397.830615        0.492876
MDMin:  338 02:16:12    -2397.832172        0.510478
MDMin:  339 02:16:13    -2397.833200        0.519057
MDMin:  340 02:16:15    -2397.829104        0.515024
MDMin:  341 02:16:17    -2397.830294        0.497865
MDMin:  342 02:16:19    -2397.830930        0.467349
MDMin:  343 02:16:21    -2397.831162        0.428413
MDMin:  344 02:16:22    -2397.831052        0.438596
MDMin:  345 02:16:24    -2397.830648        0.450330
MDMin:  346 02:16:25    -2397.829999        0.460611
MDMin:  347 02:16:26    -2397.829149        0.467809
MDMin:  348 02:16:27    -2397.828198        0.470386
MDMin:  349 02:16:29    -2397.827401        0.637970
MDMin:  350 02:16:31    -2397.826983        0.467275
MDMin:  351 02:16:33    -2397.826570        0.467126
MDMin:  352 02:16:35    -2397.826097        0.466622
MDMin:  353 02:16:37    -2397.825561        0.465470
MDMin:  354 02:16:38    -2397.824959        0.463481
MDMin:  355 02:16:40    -2397.824290        0.460473
MDMin:  356 02:16:42    -2397.823554        0.468942
MDMin:  357 02:16:43    -2397.822750        0.497333
MDMin:  358 02:16:44    -2397.821880        0.530376
MDMin:  359 02:16:45    -2397.820947        0.567237
MDMin:  360 02:16:46    -2397.819954        0.605658
MDMin:  361 02:16:48    -2397.818905        0.641410
MDMin:  362 02:16:49    -2397.817802        0.668200
MDMin:  363 02:16:51    -2397.816646        0.678604
MDMin:  364 02:16:53    -2397.815438        0.666272
MDMin:  365 02:16:54    -2397.814181        0.628977
MDMin:  366 02:16:56    -2397.812906        0.571910
MDMin:  367 02:16:58    -2397.811748        0.651914
MDMin:  368 02:17:00    -2397.811035        0.523015
MDMin:  369 02:17:02    -2397.810592        0.468547
MDMin:  370 02:17:03    -2397.810091        0.467496
MDMin:  371 02:17:04    -2397.809527        0.465460
MDMin:  372 02:17:05    -2397.808901        0.462230
MDMin:  373 02:17:06    -2397.808212        0.457651
MDMin:  374 02:17:08    -2397.807463        0.451607
MDMin:  375 02:17:09    -2397.806654        0.444054
MDMin:  376 02:17:10    -2397.805786        0.435022
MDMin:  377 02:17:11    -2397.804863        0.425081
MDMin:  378 02:17:13    -2397.803887        0.432151
MDMin:  379 02:17:14    -2397.802862        0.440095
MDMin:  380 02:17:16    -2397.801791        0.448901
MDMin:  381 02:17:17    -2397.800681        0.458560
MDMin:  382 02:17:19    -2397.799539        0.468982
MDMin:  383 02:17:20    -2397.798377        0.479938
MDMin:  384 02:17:21    -2397.797236        0.490793
MDMin:  385 02:17:22    -2397.796284        0.729946
MDMin:  386 02:17:24    -2397.795857        0.503273
MDMin:  387 02:17:25    -2397.795547        0.505859
MDMin:  388 02:17:27    -2397.795192        0.508736
MDMin:  389 02:17:29    -2397.794795        0.511830
MDMin:  390 02:17:31    -2397.794359        0.515056
MDMin:  391 02:17:32    -2397.793886        0.518953
MDMin:  392 02:17:34    -2397.793379        0.525383
MDMin:  393 02:17:35    -2397.792841        0.532547
MDMin:  394 02:17:37    -2397.792276        0.540382
MDMin:  395 02:17:39    -2397.791689        0.548625
MDMin:  396 02:17:41    -2397.791084        0.556654
MDMin:  397 02:17:43    -2397.790466        0.563311
MDMin:  398 02:17:44    -2397.789842        0.566811
MDMin:  399 02:17:45    -2397.789215        0.564920
MDMin:  400 02:17:47    -2397.788593        0.555522
MDMin:  401 02:17:48    -2397.787982        0.537540
MDMin:  402 02:17:50    -2397.787390        0.527749
MDMin:  403 02:17:52    -2397.786825        0.543921
MDMin:  404 02:17:54    -2397.786297        0.595245
MDMin:  405 02:17:56    -2397.785818        0.641764
MDMin:  406 02:17:58    -2397.785399        0.670905
MDMin:  407 02:18:00    -2397.785055        0.670050
MDMin:  408 02:18:02    -2397.784816        0.763285
MDMin:  409 02:18:04    -2397.784719        0.613281
MDMin:  410 02:18:05    -2397.784676        0.597156
MDMin:  411 02:18:07    -2397.784633        0.576252
MDMin:  412 02:18:09    -2397.784597        0.550956
MDMin:  413 02:18:11    -2397.784573        0.521326
MDMin:  414 02:18:12    -2397.784568        0.487774
MDMin:  415 02:18:14    -2397.784589        0.454255
MDMin:  416 02:18:16    -2397.784647        0.455331
MDMin:  417 02:18:18    -2397.784752        0.454910
MDMin:  418 02:18:19    -2397.784918        0.459057
MDMin:  419 02:18:21    -2397.785162        0.463108
MDMin:  420 02:18:22    -2397.785501        0.466744
MDMin:  421 02:18:24    -2397.785958        0.469478
MDMin:  422 02:18:26    -2397.786561        0.470651
MDMin:  423 02:18:28    -2397.787338        0.469512
MDMin:  424 02:18:30    -2397.788326        0.465411
MDMin:  425 02:18:32    -2397.789563        0.458080
MDMin:  426 02:18:33    -2397.791075        0.447936
MDMin:  427 02:18:34    -2397.792774        0.592324
MDMin:  428 02:18:36    -2397.793900        0.691986
MDMin:  429 02:18:37    -2397.794274        0.428003
MDMin:  430 02:18:39    -2397.794799        0.425192
MDMin:  431 02:18:40    -2397.795434        0.421926
MDMin:  432 02:18:41    -2397.796184        0.422111
MDMin:  433 02:18:43    -2397.797057        0.426790
MDMin:  434 02:18:45    -2397.798066        0.431986
MDMin:  435 02:18:47    -2397.799222        0.437692
MDMin:  436 02:18:49    -2397.800536        0.443895
MDMin:  437 02:18:51    -2397.802022        0.450578
MDMin:  438 02:18:53    -2397.803688        0.457656
MDMin:  439 02:18:55    -2397.805545        0.465085
MDMin:  440 02:18:57    -2397.807600        0.472863
MDMin:  441 02:18:59    -2397.809857        0.481006
MDMin:  442 02:19:00    -2397.812316        0.489587
MDMin:  443 02:19:01    -2397.814972        0.498726
MDMin:  444 02:19:03    -2397.817813        0.508578
MDMin:  445 02:19:05    -2397.820825        0.519290
MDMin:  446 02:19:06    -2397.818803        0.530944
MDMin:  447 02:19:08    -2397.822136        0.542887
MDMin:  448 02:19:10    -2397.824094        0.555750
MDMin:  449 02:19:12    -2397.824240        0.588293
MDMin:  450 02:19:14    -2397.820815        0.630040
MDMin:  451 02:19:15    -2397.821929        0.657338
MDMin:  452 02:19:17    -2397.822431        0.668814
MDMin:  453 02:19:19    -2397.822614        0.670174
MDMin:  454 02:19:21    -2397.822707        0.665190
MDMin:  455 02:19:23    -2397.822739        0.653278
MDMin:  456 02:19:25    -2397.822709        0.634656
MDMin:  457 02:19:27    -2397.822616        0.640819
MDMin:  458 02:19:29    -2397.822457        0.644598
MDMin:  459 02:19:30    -2397.822232        0.644233
MDMin:  460 02:19:32    -2397.821940        0.637827
MDMin:  461 02:19:34    -2397.821581        0.623955
MDMin:  462 02:19:35    -2397.821158        0.602473
MDMin:  463 02:19:36    -2397.820677        0.575204
MDMin:  464 02:19:38    -2397.820164        0.546203
MDMin:  465 02:19:40    -2397.819685        0.521165
MDMin:  466 02:19:42    -2397.819325        0.521969
MDMin:  467 02:19:44    -2397.819031        0.529555
MDMin:  468 02:19:46    -2397.818719        0.537434
MDMin:  469 02:19:47    -2397.818370        0.546020
MDMin:  470 02:19:48    -2397.817982        0.555395
MDMin:  471 02:19:50    -2397.817553        0.565601
MDMin:  472 02:19:51    -2397.817081        0.576697
MDMin:  473 02:19:53    -2397.816567        0.588769
MDMin:  474 02:19:54    -2397.816009        0.601947
MDMin:  475 02:19:56    -2397.815411        0.616389
MDMin:  476 02:19:57    -2397.814776        0.632252
MDMin:  477 02:19:58    -2397.814116        0.649532
MDMin:  478 02:20:00    -2397.813469        0.667402
MDMin:  479 02:20:01    -2397.812922        0.683297
MDMin:  480 02:20:02    -2397.812542        0.694706
MDMin:  481 02:20:04    -2397.812224        0.704524
MDMin:  482 02:20:06    -2397.811886        0.715170
MDMin:  483 02:20:07    -2397.811518        0.726938
MDMin:  484 02:20:09    -2397.811118        0.739675
MDMin:  485 02:20:11    -2397.810687        0.752967
MDMin:  486 02:20:13    -2397.810227        0.766087
MDMin:  487 02:20:15    -2397.809739        0.777941
MDMin:  488 02:20:17    -2397.809224        0.787103
MDMin:  489 02:20:18    -2397.808685        0.792006
MDMin:  490 02:20:20    -2397.808123        0.791249
MDMin:  491 02:20:22    -2397.807540        0.783927
MDMin:  492 02:20:23    -2397.806941        0.769838
MDMin:  493 02:20:25    -2397.806335        0.749643
MDMin:  494 02:20:26    -2397.805752        0.725444
MDMin:  495 02:20:28    -2397.805258        0.701886
MDMin:  496 02:20:29    -2397.804909        0.683903
MDMin:  497 02:20:30    -2397.804623        0.668610
MDMin:  498 02:20:31    -2397.804324        0.652324
MDMin:  499 02:20:33    -2397.804002        0.648410
MDMin:  500 02:20:34    -2397.803655        0.653987
MDMin:  501 02:20:35    -2397.803284        0.659500
MDMin:  502 02:20:37    -2397.802891        0.664942
MDMin:  503 02:20:38    -2397.802477        0.670332
MDMin:  504 02:20:39    -2397.802044        0.675693
MDMin:  505 02:20:41    -2397.801593        0.681015
MDMin:  506 02:20:43    -2397.801125        0.686226
MDMin:  507 02:20:44    -2397.800641        0.691205
MDMin:  508 02:20:45    -2397.800144        0.695866
MDMin:  509 02:20:46    -2397.799649        0.700241
MDMin:  510 02:20:48    -2397.799197        0.704114
MDMin:  511 02:20:50    -2397.798864        0.706744
MDMin:  512 02:20:52    -2397.798629        0.708396
MDMin:  513 02:20:54    -2397.798396        0.709889
MDMin:  514 02:20:56    -2397.798142        0.711119
MDMin:  515 02:20:57    -2397.797864        0.711494
MDMin:  516 02:20:58    -2397.797563        0.709909
MDMin:  517 02:20:59    -2397.797237        0.704654
MDMin:  518 02:21:01    -2397.796888        0.693497
MDMin:  519 02:21:03    -2397.796515        0.674174
MDMin:  520 02:21:05    -2397.796118        0.645359
MDMin:  521 02:21:07    -2397.795698        0.607850
MDMin:  522 02:21:09    -2397.795266        0.565470
MDMin:  523 02:21:11    -2397.794858        0.525847
MDMin:  524 02:21:12    -2397.794573        0.499618
MDMin:  525 02:21:14    -2397.794409        0.485257
MDMin:  526 02:21:16    -2397.794239        0.471015
MDMin:  527 02:21:18    -2397.794048        0.455787
MDMin:  528 02:21:19    -2397.793836        0.439792
MDMin:  529 02:21:21    -2397.793603        0.423335
MDMin:  530 02:21:23    -2397.793349        0.406737
MDMin:  531 02:21:24    -2397.793075        0.390364
MDMin:  532 02:21:26    -2397.792782        0.389481
MDMin:  533 02:21:27    -2397.792470        0.388621
MDMin:  534 02:21:28    -2397.792142        0.387968
MDMin:  535 02:21:30    -2397.791800        0.387770
MDMin:  536 02:21:31    -2397.791447        0.388322
MDMin:  537 02:21:33    -2397.791094        0.389905
MDMin:  538 02:21:34    -2397.790784        0.442628
MDMin:  539 02:21:36    -2397.790612        0.394370
MDMin:  540 02:21:37    -2397.790513        0.395709
MDMin:  541 02:21:39    -2397.790399        0.397425
MDMin:  542 02:21:40    -2397.790272        0.399587
MDMin:  543 02:21:41    -2397.790133        0.402286
MDMin:  544 02:21:42    -2397.789983        0.405621
MDMin:  545 02:21:44    -2397.789825        0.409703
MDMin:  546 02:21:45    -2397.789658        0.414650
MDMin:  547 02:21:46    -2397.789487        0.420581
MDMin:  548 02:21:48    -2397.789312        0.427612
MDMin:  549 02:21:50    -2397.789137        0.435848
MDMin:  550 02:21:52    -2397.788965        0.445376
MDMin:  551 02:21:54    -2397.788798        0.456585
MDMin:  552 02:21:57    -2397.788639        0.490238
MDMin:  553 02:21:58    -2397.788492        0.527971
MDMin:  554 02:21:59    -2397.788358        0.567547
MDMin:  555 02:22:01    -2397.788240        0.605061
MDMin:  556 02:22:02    -2397.788138        0.635070
MDMin:  557 02:22:03    -2397.788056        0.651492
MDMin:  558 02:22:05    -2397.787994        0.649251
MDMin:  559 02:22:07    -2397.787954        0.628839
MDMin:  560 02:22:09    -2397.787940        0.655968
MDMin:  561 02:22:11    -2397.787955        0.675446
MDMin:  562 02:22:13    -2397.788000        0.686467
MDMin:  563 02:22:15    -2397.788065        0.690731
MDMin:  564 02:22:17    -2397.788123        0.704985
MDMin:  565 02:22:19    -2397.788173        0.715289
MDMin:  566 02:22:21    -2397.788234        0.726126
MDMin:  567 02:22:22    -2397.788311        0.737908
MDMin:  568 02:22:24    -2397.788407        0.750664
MDMin:  569 02:22:26    -2397.788525        0.764447
MDMin:  570 02:22:28    -2397.788670        0.779387
MDMin:  571 02:22:30    -2397.788848        0.795720
MDMin:  572 02:22:32    -2397.789063        0.813749
MDMin:  573 02:22:34    -2397.789323        0.833766
MDMin:  574 02:22:35    -2397.789636        0.855879
MDMin:  575 02:22:37    -2397.790009        0.879907
MDMin:  576 02:22:38    -2397.790450        0.905341
MDMin:  577 02:22:40    -2397.790964        0.931381
MDMin:  578 02:22:42    -2397.791526        0.956486
MDMin:  579 02:22:44    -2397.792026        0.976760
MDMin:  580 02:22:46    -2397.792333        0.988552
MDMin:  581 02:22:48    -2397.792609        0.999059
MDMin:  582 02:22:50    -2397.792928        1.011317
MDMin:  583 02:22:52    -2397.793297        1.025860
MDMin:  584 02:22:55    -2397.793722        1.043187
MDMin:  585 02:22:57    -2397.794208        1.063919
MDMin:  586 02:22:59    -2397.794757        1.088727
MDMin:  587 02:23:00    -2397.795375        1.118320
MDMin:  588 02:23:03    -2397.796064        1.153422
MDMin:  589 02:23:05    -2397.796827        1.194743
MDMin:  590 02:23:07    -2397.797664        1.242911
MDMin:  591 02:23:08    -2397.798576        1.298310
MDMin:  592 02:23:09    -2397.799562        1.360865
MDMin:  593 02:23:10    -2397.800619        1.429835
MDMin:  594 02:23:12    -2397.801743        1.503718
MDMin:  595 02:23:13    -2397.802930        1.580235
MDMin:  596 02:23:15    -2397.804173        1.656249
MDMin:  597 02:23:16    -2397.805455        1.727720
MDMin:  598 02:23:18    -2397.806734        1.789202
MDMin:  599 02:23:20    -2397.807934        1.835508
MDMin:  600 02:23:21    -2397.808967        1.864754
MDMin:  601 02:23:23    -2397.809865        1.880918
MDMin:  602 02:23:24    -2397.810755        1.887249
MDMin:  603 02:23:26    -2397.810982        1.881475
MDMin:  604 02:23:28    -2397.812051        1.859069
MDMin:  605 02:23:29    -2397.811161        1.815410
MDMin:  606 02:23:30    -2397.812380        1.746557
MDMin:  607 02:23:32    -2397.813356        1.648492
MDMin:  608 02:23:33    -2397.813766        1.518289
MDMin:  609 02:23:35    -2397.812064        1.357768
MDMin:  610 02:23:37    -2397.812963        1.175987
MDMin:  611 02:23:39    -2397.813516        1.001575
MDMin:  612 02:23:40    -2397.813764        0.969300
MDMin:  613 02:23:42    -2397.813893        0.956574
MDMin:  614 02:23:43    -2397.814006        0.942293
MDMin:  615 02:23:45    -2397.814100        0.926245
MDMin:  616 02:23:47    -2397.814168        0.908943
MDMin:  617 02:23:48    -2397.814202        0.891432
MDMin:  618 02:23:50    -2397.814195        0.875412
MDMin:  619 02:23:51    -2397.814143        0.863224
MDMin:  620 02:23:52    -2397.814041        0.857433
MDMin:  621 02:23:54    -2397.813892        0.859811
MDMin:  622 02:23:56    -2397.813700        0.869742
MDMin:  623 02:23:57    -2397.813486        0.882717
MDMin:  624 02:23:58    -2397.813309        0.891384
MDMin:  625 02:24:00    -2397.813199        0.894918
MDMin:  626 02:24:01    -2397.813083        0.896683
MDMin:  627 02:24:03    -2397.812950        0.895924
MDMin:  628 02:24:05    -2397.812799        0.891260
MDMin:  629 02:24:06    -2397.812628        0.881255
MDMin:  630 02:24:08    -2397.812436        0.864827
MDMin:  631 02:24:10    -2397.812220        0.841694
MDMin:  632 02:24:11    -2397.811980        0.812632
MDMin:  633 02:24:13    -2397.811714        0.779295
MDMin:  634 02:24:15    -2397.811421        0.743631
MDMin:  635 02:24:17    -2397.811099        0.707199
MDMin:  636 02:24:19    -2397.810749        0.670609
MDMin:  637 02:24:21    -2397.810378        0.634233
MDMin:  638 02:24:24    -2397.810027        0.601051
MDMin:  639 02:24:25    -2397.809799        0.579716
MDMin:  640 02:24:27    -2397.809658        0.566804
MDMin:  641 02:24:29    -2397.809504        0.553064
MDMin:  642 02:24:31    -2397.809328        0.537818
MDMin:  643 02:24:33    -2397.809129        0.521100
MDMin:  644 02:24:35    -2397.808906        0.502982
MDMin:  645 02:24:37    -2397.808657        0.483567
MDMin:  646 02:24:39    -2397.808381        0.462993
MDMin:  647 02:24:40    -2397.808076        0.441461
MDMin:  648 02:24:42    -2397.807740        0.419252
MDMin:  649 02:24:43    -2397.807374        0.396762
MDMin:  650 02:24:45    -2397.806975        0.392595
MDMin:  651 02:24:46    -2397.806545        0.404363
MDMin:  652 02:24:48    -2397.806092        0.422311
MDMin:  653 02:24:50    -2397.805651        0.446063
MDMin:  654 02:24:52    -2397.805350        0.466099
MDMin:  655 02:24:54    -2397.805214        0.476226
MDMin:  656 02:24:56    -2397.805056        0.488702
MDMin:  657 02:24:58    -2397.804879        0.503524
MDMin:  658 02:25:00    -2397.804683        0.520676
MDMin:  659 02:25:02    -2397.804469        0.539880
MDMin:  660 02:25:03    -2397.804239        0.560462
MDMin:  661 02:25:04    -2397.803993        0.581203
MDMin:  662 02:25:06    -2397.803731        0.600225
MDMin:  663 02:25:08    -2397.803453        0.614978
MDMin:  664 02:25:10    -2397.803160        0.622396
MDMin:  665 02:25:12    -2397.802850        0.619294
MDMin:  666 02:25:14    -2397.802520        0.603015
MDMin:  667 02:25:16    -2397.802170        0.572264
MDMin:  668 02:25:18    -2397.801795        0.527857
MDMin:  669 02:25:20    -2397.801396        0.473016
MDMin:  670 02:25:21    -2397.800969        0.412776
MDMin:  671 02:25:22    -2397.800514        0.352489
MDMin:  672 02:25:24    -2397.800032        0.354546
MDMin:  673 02:25:26    -2397.799524        0.352314
MDMin:  674 02:25:27    -2397.799008        0.344576
MDMin:  675 02:25:29    -2397.798623        0.541816
MDMin:  676 02:25:30    -2397.798545        0.334599
MDMin:  677 02:25:32    -2397.798428        0.331799
MDMin:  678 02:25:34    -2397.798290        0.328544
MDMin:  679 02:25:36    -2397.798135        0.324858
MDMin:  680 02:25:38    -2397.797961        0.320736
MDMin:  681 02:25:40    -2397.797769        0.316169
MDMin:  682 02:25:42    -2397.797558        0.311135
MDMin:  683 02:25:44    -2397.797330        0.305600
MDMin:  684 02:25:45    -2397.797084        0.299514
MDMin:  685 02:25:47    -2397.796821        0.292810
MDMin:  686 02:25:49    -2397.796540        0.285411
MDMin:  687 02:25:51    -2397.796242        0.277240
MDMin:  688 02:25:53    -2397.795926        0.268244
MDMin:  689 02:25:55    -2397.795593        0.258423
MDMin:  690 02:25:57    -2397.795244        0.247859
MDMin:  691 02:25:59    -2397.794877        0.236744
MDMin:  692 02:26:01    -2397.794496        0.225402
MDMin:  693 02:26:02    -2397.794106        0.214345
MDMin:  694 02:26:04    -2397.793752        0.328750
MDMin:  695 02:26:06    -2397.793617        0.201421
MDMin:  696 02:26:08    -2397.793554        0.199780
MDMin:  697 02:26:10    -2397.793473        0.197781
MDMin:  698 02:26:11    -2397.793378        0.195558
MDMin:  699 02:26:12    -2397.793271        0.193167
MDMin:  700 02:26:14    -2397.793151        0.190664
MDMin:  701 02:26:15    -2397.793019        0.188112
MDMin:  702 02:26:16    -2397.792875        0.185575
MDMin:  703 02:26:18    -2397.792720        0.183123
MDMin:  704 02:26:20    -2397.792554        0.180830
MDMin:  705 02:26:22    -2397.792379        0.178771
MDMin:  706 02:26:24    -2397.792196        0.178157
MDMin:  707 02:26:25    -2397.792004        0.180822
MDMin:  708 02:26:26    -2397.791807        0.184317
MDMin:  709 02:26:28    -2397.791605        0.188840
MDMin:  710 02:26:29    -2397.791399        0.194633
MDMin:  711 02:26:30    -2397.791193        0.201994
MDMin:  712 02:26:32    -2397.790988        0.211290
MDMin:  713 02:26:34    -2397.790786        0.222979
MDMin:  714 02:26:36    -2397.790591        0.237619
MDMin:  715 02:26:38    -2397.790404        0.255878
MDMin:  716 02:26:40    -2397.790229        0.278419
MDMin:  717 02:26:41    -2397.790074        0.305100
MDMin:  718 02:26:43    -2397.789958        0.330940
MDMin:  719 02:26:44    -2397.789904        0.345506
MDMin:  720 02:26:46    -2397.789863        0.358037
MDMin:  721 02:26:47    -2397.789818        0.372788
MDMin:  722 02:26:48    -2397.789772        0.390131
MDMin:  723 02:26:50    -2397.789724        0.410297
MDMin:  724 02:26:51    -2397.789676        0.433453
MDMin:  725 02:26:52    -2397.789628        0.459647
MDMin:  726 02:26:53    -2397.789581        0.488711
MDMin:  727 02:26:54    -2397.789537        0.520147
MDMin:  728 02:26:56    -2397.789495        0.552988
MDMin:  729 02:26:58    -2397.789458        0.585665
MDMin:  730 02:26:59    -2397.789424        0.615935
MDMin:  731 02:27:01    -2397.789396        0.640920
MDMin:  732 02:27:02    -2397.789373        0.657346
MDMin:  733 02:27:04    -2397.789356        0.661985
MDMin:  734 02:27:06    -2397.789347        0.652307
MDMin:  735 02:27:07    -2397.789347        0.627219
MDMin:  736 02:27:08    -2397.789358        0.587640
MDMin:  737 02:27:10    -2397.789382        0.536619
MDMin:  738 02:27:12    -2397.789422        0.508105
MDMin:  739 02:27:13    -2397.789482        0.542966
MDMin:  740 02:27:15    -2397.789564        0.566343
MDMin:  741 02:27:17    -2397.789674        0.578064
MDMin:  742 02:27:18    -2397.789819        0.578734
MDMin:  743 02:27:20    -2397.790002        0.569690
MDMin:  744 02:27:22    -2397.790199        0.554316
MDMin:  745 02:27:24    -2397.790282        0.545765
MDMin:  746 02:27:25    -2397.790339        0.540016
MDMin:  747 02:27:27    -2397.790410        0.533273
MDMin:  748 02:27:28    -2397.790496        0.525718
MDMin:  749 02:27:29    -2397.790598        0.517458
MDMin:  750 02:27:31    -2397.790720        0.508644
MDMin:  751 02:27:33    -2397.790864        0.499483
MDMin:  752 02:27:35    -2397.791033        0.490253
MDMin:  753 02:27:37    -2397.791231        0.481318
MDMin:  754 02:27:38    -2397.791462        0.473147
MDMin:  755 02:27:39    -2397.791730        0.466351
MDMin:  756 02:27:41    -2397.792041        0.461686
MDMin:  757 02:27:42    -2397.792398        0.460033
MDMin:  758 02:27:44    -2397.792806        0.462399
MDMin:  759 02:27:46    -2397.793267        0.469889
MDMin:  760 02:27:48    -2397.793782        0.483649
MDMin:  761 02:27:49    -2397.794348        0.504736
MDMin:  762 02:27:51    -2397.794959        0.533902
MDMin:  763 02:27:53    -2397.795604        0.571129
MDMin:  764 02:27:55    -2397.796255        0.614409
MDMin:  765 02:27:57    -2397.796839        0.656288
MDMin:  766 02:27:59    -2397.797248        0.684287
MDMin:  767 02:28:01    -2397.797546        0.703971
MDMin:  768 02:28:03    -2397.797857        0.726078
MDMin:  769 02:28:04    -2397.798199        0.752350
MDMin:  770 02:28:05    -2397.798573        0.781917
MDMin:  771 02:28:07    -2397.798982        0.809282
MDMin:  772 02:28:09    -2397.799427        0.817351
MDMin:  773 02:28:11    -2397.799921        0.765773
MDMin:  774 02:28:13    -2397.800490        0.586631
MDMin:  775 02:28:15    -2397.801224        0.507762
MDMin:  776 02:28:17    -2397.802016        0.967037
MDMin:  777 02:28:19    -2397.802038        1.078335
MDMin:  778 02:28:21    -2397.802104        0.916113
MDMin:  779 02:28:22    -2397.802211        0.409849
MDMin:  780 02:28:24    -2397.802353        0.367759
MDMin:  781 02:28:25    -2397.802505        0.438514
MDMin:  782 02:28:27    -2397.802694        0.427843
MDMin:  783 02:28:29    -2397.802934        0.400113
MDMin:  784 02:28:30    -2397.803229        0.383160
MDMin:  785 02:28:32    -2397.803581        0.325664
MDMin:  786 02:28:33    -2397.803997        0.354994
MDMin:  787 02:28:35    -2397.804221        0.877858
MDMin:  788 02:28:37    -2397.804245        0.579555
MDMin:  789 02:28:39    -2397.804321        0.249677
MDMin:  790 02:28:41    -2397.804437        0.342436
MDMin:  791 02:28:43    -2397.804574        0.320084
MDMin:  792 02:28:45    -2397.804764        0.318792
MDMin:  793 02:28:47    -2397.805006        0.292465
MDMin:  794 02:28:49    -2397.805304        0.318488
MDMin:  795 02:28:50    -2397.805643        0.244503
MDMin:  796 02:28:52    -2397.805918        0.534171
MDMin:  797 02:28:54    -2397.805908        0.363695
MDMin:  798 02:28:56    -2397.806000        0.254170
MDMin:  799 02:28:57    -2397.805946        0.275073
MDMin:  800 02:28:59    -2397.806200        0.249087
MDMin:  801 02:29:00    -2397.806316        0.273160
MDMin:  802 02:29:02    -2397.806277        0.233536
MDMin:  803 02:29:04    -2397.806632        0.310070
MDMin:  804 02:29:06    -2397.806726        0.272655
MDMin:  805 02:29:08    -2397.806762        0.228529
MDMin:  806 02:29:10    -2397.806706        0.245745
MDMin:  807 02:29:12    -2397.806848        0.227028
MDMin:  808 02:29:14    -2397.806945        0.232879
MDMin:  809 02:29:16    -2397.806798        0.224226
MDMin:  810 02:29:17    -2397.807055        0.229871
MDMin:  811 02:29:19    -2397.807274        0.220963
MDMin:  812 02:29:20    -2397.807006        0.270074
MDMin:  813 02:29:22    -2397.807132        0.216938
MDMin:  814 02:29:24    -2397.807247        0.215846
MDMin:  815 02:29:26    -2397.807389        0.214832
MDMin:  816 02:29:28    -2397.807560        0.213461
MDMin:  817 02:29:30    -2397.807687        0.211851
MDMin:  818 02:29:32    -2397.807391        0.210035
MDMin:  819 02:29:33    -2397.807565        0.208324
MDMin:  820 02:29:35    -2397.807710        0.206441
MDMin:  821 02:29:36    -2397.807828        0.205004
MDMin:  822 02:29:37    -2397.807944        0.203574
MDMin:  823 02:29:39    -2397.808065        0.202191
MDMin:  824 02:29:40    -2397.808108        0.200522
MDMin:  825 02:29:41    -2397.807816        0.199045
MDMin:  826 02:29:43    -2397.807948        0.197411
MDMin:  827 02:29:44    -2397.808077        0.195785
MDMin:  828 02:29:45    -2397.808201        0.193846
MDMin:  829 02:29:47    -2397.808312        0.192048
MDMin:  830 02:29:49    -2397.808406        0.189999
MDMin:  831 02:29:51    -2397.808482        0.188389
MDMin:  832 02:29:53    -2397.808541        0.186668
MDMin:  833 02:29:54    -2397.808154        0.185467
MDMin:  834 02:29:56    -2397.808230        0.184143
MDMin:  835 02:29:58    -2397.808306        0.182752
MDMin:  836 02:29:59    -2397.808378        0.181121
MDMin:  837 02:30:01    -2397.808444        0.179423
MDMin:  838 02:30:02    -2397.808499        0.177500
MDMin:  839 02:30:03    -2397.808541        0.175641
MDMin:  840 02:30:04    -2397.808566        0.173528
MDMin:  841 02:30:06    -2397.808574        0.171786
MDMin:  842 02:30:08    -2397.808573        0.170130
MDMin:  843 02:30:10    -2397.808567        0.169158
MDMin:  844 02:30:12    -2397.808556        0.168238
MDMin:  845 02:30:13    -2397.808538        0.167345
MDMin:  846 02:30:15    -2397.808511        0.166403
MDMin:  847 02:30:17    -2397.808475        0.165459
MDMin:  848 02:30:18    -2397.808428        0.164521
MDMin:  849 02:30:21    -2397.808370        0.163621
MDMin:  850 02:30:22    -2397.808301        0.162789
MDMin:  851 02:30:24    -2397.808226        0.161975
MDMin:  852 02:30:26    -2397.808155        0.161260
MDMin:  853 02:30:28    -2397.808093        0.160695
MDMin:  854 02:30:30    -2397.808032        0.162276
MDMin:  855 02:30:32    -2397.807966        0.166027
MDMin:  856 02:30:34    -2397.807890        0.168770
MDMin:  857 02:30:36    -2397.807804        0.172913
MDMin:  858 02:30:38    -2397.807707        0.176619
MDMin:  859 02:30:40    -2397.807599        0.182235
MDMin:  860 02:30:42    -2397.807481        0.186178
MDMin:  861 02:30:44    -2397.807356        0.191816
MDMin:  862 02:30:46    -2397.807233        0.189792
MDMin:  863 02:30:47    -2397.807129        0.198532
MDMin:  864 02:30:49    -2397.807047        0.210821
MDMin:  865 02:30:51    -2397.806970        0.222013
MDMin:  866 02:30:52    -2397.806886        0.228471
MDMin:  867 02:30:54    -2397.806792        0.238041
MDMin:  868 02:30:56    -2397.806688        0.246657
MDMin:  869 02:30:58    -2397.806575        0.258397
MDMin:  870 02:31:00    -2397.806457        0.258051
MDMin:  871 02:31:02    -2397.806346        0.233037
MDMin:  872 02:31:04    -2397.806282        0.241877
MDMin:  873 02:31:06    -2397.806248        0.300691
MDMin:  874 02:31:07    -2397.806204        0.304696
MDMin:  875 02:31:09    -2397.806148        0.315448
MDMin:  876 02:31:11    -2397.806081        0.327229
MDMin:  877 02:31:13    -2397.806002        0.349965
MDMin:  878 02:31:14    -2397.805913        0.349234
MDMin:  879 02:31:16    -2397.805840        0.490885
MDMin:  880 02:31:18    -2397.805793        0.721888
MDMin:  881 02:31:19    -2397.805751        0.825783
MDMin:  882 02:31:21    -2397.805709        0.460974
MDMin:  883 02:31:23    -2397.805655        0.270619
MDMin:  884 02:31:24    -2397.805576        0.283707
MDMin:  885 02:31:26    -2397.805514        0.312536
MDMin:  886 02:31:28    -2397.805442        0.335859
MDMin:  887 02:31:30    -2397.805359        0.356903
MDMin:  888 02:31:32    -2397.805266        0.379472
MDMin:  889 02:31:34    -2397.805164        0.407696
MDMin:  890 02:31:36    -2397.805053        0.447531
MDMin:  891 02:31:38    -2397.804936        0.481737
MDMin:  892 02:31:40    -2397.804812        0.491622
MDMin:  893 02:31:42    -2397.804676        0.464377
MDMin:  894 02:31:44    -2397.804522        0.381799
MDMin:  895 02:31:46    -2397.804336        0.229843
MDMin:  896 02:31:48    -2397.804118        0.383398
MDMin:  897 02:31:50    -2397.804047        0.868480
MDMin:  898 02:31:51    -2397.803995        1.531373
MDMin:  899 02:31:53    -2397.803955        0.918735
MDMin:  900 02:31:55    -2397.803948        0.813668
MDMin:  901 02:31:57    -2397.803926        1.643467
MDMin:  902 02:31:59    -2397.803918        1.168220
MDMin:  903 02:32:01    -2397.803894        0.493352
MDMin:  904 02:32:03    -2397.803840        0.154233
MDMin:  905 02:32:05    -2397.803794        0.341119
MDMin:  906 02:32:06    -2397.803748        0.450060
MDMin:  907 02:32:07    -2397.803698        0.526480
MDMin:  908 02:32:09    -2397.803640        0.586374
MDMin:  909 02:32:10    -2397.803574        0.662051
MDMin:  910 02:32:11    -2397.803503        0.712497
MDMin:  911 02:32:13    -2397.803423        0.740637
MDMin:  912 02:32:15    -2397.803334        0.750531
MDMin:  913 02:32:17    -2397.803231        0.743611
MDMin:  914 02:32:18    -2397.803114        0.718765
MDMin:  915 02:32:19    -2397.802978        0.672183
MDMin:  916 02:32:20    -2397.802822        0.596108
MDMin:  917 02:32:22    -2397.802638        0.475511
MDMin:  918 02:32:24    -2397.802422        0.281704
MDMin:  919 02:32:26    -2397.802174        0.333098
MDMin:  920 02:32:27    -2397.801956        0.448353
MDMin:  921 02:32:29    -2397.801813        0.780846
MDMin:  922 02:32:31    -2397.801702        1.065831
MDMin:  923 02:32:33    -2397.801609        1.168497
MDMin:  924 02:32:35    -2397.801529        1.617896
MDMin:  925 02:32:36    -2397.801472        1.089426
MDMin:  926 02:32:38    -2397.801447        0.591014
MDMin:  927 02:32:40    -2397.801403        0.400916
MDMin:  928 02:32:42    -2397.801362        0.527939
MDMin:  929 02:32:44    -2397.801325        0.733088
MDMin:  930 02:32:46    -2397.801284        0.850441
MDMin:  931 02:32:48    -2397.801239        1.222540
MDMin:  932 02:32:50    -2397.801199        1.439815
MDMin:  933 02:32:51    -2397.801150        1.512338
MDMin:  934 02:32:53    -2397.801089        1.503953
MDMin:  935 02:32:55    -2397.801015        1.432295
MDMin:  936 02:32:57    -2397.800928        1.301812
MDMin:  937 02:32:58    -2397.800826        1.111366
MDMin:  938 02:32:59    -2397.800708        0.906403
MDMin:  939 02:33:00    -2397.800577        1.065730
MDMin:  940 02:33:01    -2397.800431        1.140183
MDMin:  941 02:33:03    -2397.800272        1.104469
MDMin:  942 02:33:05    -2397.800102        0.949714
MDMin:  943 02:33:06    -2397.799920        0.756985
MDMin:  944 02:33:08    -2397.799729        0.878216
MDMin:  945 02:33:10    -2397.799528        0.855126
MDMin:  946 02:33:12    -2397.799312        0.705193
MDMin:  947 02:33:14    -2397.799082        0.497747
MDMin:  948 02:33:16    -2397.798837        0.595464
MDMin:  949 02:33:18    -2397.798582        0.638843
MDMin:  950 02:33:20    -2397.798319        0.679288
MDMin:  951 02:33:22    -2397.798061        0.748972
MDMin:  952 02:33:24    -2397.797824        0.856290
MDMin:  953 02:33:25    -2397.797622        0.980554
MDMin:  954 02:33:27    -2397.797471        0.848774
MDMin:  955 02:33:28    -2397.797276        0.490571
MDMin:  956 02:33:30    -2397.797029        0.578916
MDMin:  957 02:33:32    -2397.797024        0.614231
MDMin:  958 02:33:33    -2397.797007        0.725994
MDMin:  959 02:33:35    -2397.796981        0.922991
MDMin:  960 02:33:36    -2397.796947        1.209706
MDMin:  961 02:33:38    -2397.796909        1.560476
MDMin:  962 02:33:39    -2397.796869        1.672113
MDMin:  963 02:33:40    -2397.796831        0.908730
MDMin:  964 02:33:42    -2397.796826        0.929886
MDMin:  965 02:33:44    -2397.796810        1.245748
MDMin:  966 02:33:45    -2397.796787        1.320119
MDMin:  967 02:33:47    -2397.796754        1.349040
MDMin:  968 02:33:49    -2397.796711        1.350645
MDMin:  969 02:33:50    -2397.796657        1.332512
MDMin:  970 02:33:51    -2397.796591        1.300286
MDMin:  971 02:33:53    -2397.796513        1.259043
MDMin:  972 02:33:55    -2397.796423        1.213576
MDMin:  973 02:33:56    -2397.796320        1.168104
MDMin:  974 02:33:57    -2397.796205        1.125593
MDMin:  975 02:33:59    -2397.796078        1.087098
MDMin:  976 02:34:00    -2397.795940        1.051701
MDMin:  977 02:34:01    -2397.795793        1.017652
MDMin:  978 02:34:02    -2397.795638        0.984059
MDMin:  979 02:34:03    -2397.795474        0.951151
MDMin:  980 02:34:05    -2397.795302        0.918298
MDMin:  981 02:34:07    -2397.795133        0.871770
MDMin:  982 02:34:08    -2397.795003        0.794199
MDMin:  983 02:34:10    -2397.794902        0.685995
MDMin:  984 02:34:12    -2397.794809        0.665918
MDMin:  985 02:34:14    -2397.794719        0.668806
MDMin:  986 02:34:16    -2397.794626        0.689594
MDMin:  987 02:34:18    -2397.794528        0.674309
MDMin:  988 02:34:20    -2397.794421        0.651666
MDMin:  989 02:34:21    -2397.794354        0.985887
MDMin:  990 02:34:23    -2397.794325        0.897117
MDMin:  991 02:34:24    -2397.794290        0.594324
MDMin:  992 02:34:25    -2397.794250        0.864140
MDMin:  993 02:34:27    -2397.794214        0.999812
MDMin:  994 02:34:29    -2397.794184        0.671854
MDMin:  995 02:34:30    -2397.794149        0.549590
MDMin:  996 02:34:32    -2397.794110        0.560809
MDMin:  997 02:34:34    -2397.794069        0.546359
MDMin:  998 02:34:35    -2397.794025        0.700500
MDMin:  999 02:34:37    -2397.793975        0.498713
MDMin:  1000 02:34:39    -2397.793920        0.977201
MDMin:  1001 02:34:40    -2397.793903        0.942041
MDMin:  1002 02:34:42    -2397.793886        0.485815
MDMin:  1003 02:34:44    -2397.793867        0.931310
MDMin:  1004 02:34:46    -2397.793851        0.749481
MDMin:  1005 02:34:47    -2397.793837        0.480745
MDMin:  1006 02:34:49    -2397.793818        0.478639
MDMin:  1007 02:34:50    -2397.793797        0.681071
MDMin:  1008 02:34:52    -2397.793770        0.473024
MDMin:  1009 02:34:53    -2397.793738        1.069678
MDMin:  1010 02:34:54    -2397.793726        0.574067
MDMin:  1011 02:34:56    -2397.793713        0.653937
MDMin:  1012 02:34:57    -2397.793693        0.792071
MDMin:  1013 02:34:58    -2397.793665        0.879518
MDMin:  1014 02:34:59    -2397.793633        0.783354
MDMin:  1015 02:35:00    -2397.793596        0.835541
MDMin:  1016 02:35:01    -2397.793554        0.901683
MDMin:  1017 02:35:02    -2397.793504        0.743070
MDMin:  1018 02:35:04    -2397.793445        0.576155
MDMin:  1019 02:35:05    -2397.793378        0.567094
MDMin:  1020 02:35:07    -2397.793301        0.490415
MDMin:  1021 02:35:08    -2397.793219        0.495173
MDMin:  1022 02:35:09    -2397.793135        0.511467
MDMin:  1023 02:35:11    -2397.793051        0.503877
MDMin:  1024 02:35:13    -2397.792966        0.553589
MDMin:  1025 02:35:14    -2397.792878        0.553081
MDMin:  1026 02:35:15    -2397.792781        0.488046
MDMin:  1027 02:35:17    -2397.792666        1.053682
MDMin:  1028 02:35:19    -2397.792651        0.463491
MDMin:  1029 02:35:21    -2397.792640        0.460420
MDMin:  1030 02:35:22    -2397.792622        0.455364
MDMin:  1031 02:35:24    -2397.792597        0.447943
MDMin:  1032 02:35:25    -2397.792564        0.767487
MDMin:  1033 02:35:27    -2397.792553        0.441432
MDMin:  1034 02:35:28    -2397.792535        0.436935
MDMin:  1035 02:35:30    -2397.792515        0.429784
MDMin:  1036 02:35:32    -2397.792488        0.419956
MDMin:  1037 02:35:33    -2397.792454        0.406825
MDMin:  1038 02:35:35    -2397.792414        1.057181
MDMin:  1039 02:35:37    -2397.792400        0.679094
MDMin:  1040 02:35:39    -2397.792378        0.417463
MDMin:  1041 02:35:40    -2397.792345        0.408219
MDMin:  1042 02:35:42    -2397.792304        0.406503
MDMin:  1043 02:35:44    -2397.792257        0.436094
MDMin:  1044 02:35:46    -2397.792206        0.469128
MDMin:  1045 02:35:48    -2397.792151        0.503690
MDMin:  1046 02:35:50    -2397.792091        0.538452
MDMin:  1047 02:35:51    -2397.792026        0.571972
MDMin:  1048 02:35:52    -2397.791956        0.602619
MDMin:  1049 02:35:54    -2397.791883        0.628919
MDMin:  1050 02:35:56    -2397.791807        0.649794
MDMin:  1051 02:35:58    -2397.791728        0.664528
MDMin:  1052 02:36:00    -2397.791646        0.672901
MDMin:  1053 02:36:02    -2397.791563        0.675102
MDMin:  1054 02:36:04    -2397.791478        0.671787
MDMin:  1055 02:36:05    -2397.791392        0.664049
MDMin:  1056 02:36:07    -2397.791304        0.653311
MDMin:  1057 02:36:09    -2397.791217        0.641085
MDMin:  1058 02:36:11    -2397.791129        0.628505
MDMin:  1059 02:36:13    -2397.791043        0.615511
MDMin:  1060 02:36:15    -2397.790960        0.599506
MDMin:  1061 02:36:17    -2397.790880        0.573531
MDMin:  1062 02:36:19    -2397.790804        0.676256
MDMin:  1063 02:36:20    -2397.790734        0.813812
MDMin:  1064 02:36:22    -2397.790669        0.964544
MDMin:  1065 02:36:24    -2397.790610        1.103824
MDMin:  1066 02:36:26    -2397.790558        1.186843
MDMin:  1067 02:36:28    -2397.790514        1.139774
MDMin:  1068 02:36:30    -2397.790478        1.430345
MDMin:  1069 02:36:32    -2397.790450        1.341420
MDMin:  1070 02:36:33    -2397.790420        1.243505
MDMin:  1071 02:36:35    -2397.790390        1.134978
MDMin:  1072 02:36:37    -2397.790362        1.015886
MDMin:  1073 02:36:39    -2397.790336        0.882433
MDMin:  1074 02:36:40    -2397.790315        0.730901
MDMin:  1075 02:36:42    -2397.790303        0.556013
MDMin:  1076 02:36:44    -2397.790303        0.358658
MDMin:  1077 02:36:45    -2397.790327        0.339541
MDMin:  1078 02:36:47    -2397.790390        0.279419
MDMin:  1079 02:36:48    -2397.790508        0.228909
MDMin:  1080 02:36:50    -2397.790638        0.456204
MDMin:  1081 02:36:52    -2397.790652        0.280698
MDMin:  1082 02:36:54    -2397.790676        0.285040
MDMin:  1083 02:36:55    -2397.790708        0.290808
MDMin:  1084 02:36:57    -2397.790747        0.297202
MDMin:  1085 02:36:59    -2397.790792        0.304139
MDMin:  1086 02:37:01    -2397.790845        0.311538
MDMin:  1087 02:37:02    -2397.790905        0.319297
MDMin:  1088 02:37:04    -2397.790974        0.327286
MDMin:  1089 02:37:06    -2397.791053        0.335349
MDMin:  1090 02:37:08    -2397.791143        0.343290
MDMin:  1091 02:37:10    -2397.791244        0.350829
MDMin:  1092 02:37:12    -2397.791357        0.357582
MDMin:  1093 02:37:14    -2397.791483        0.363007
MDMin:  1094 02:37:16    -2397.791624        0.366331
MDMin:  1095 02:37:18    -2397.791780        0.366432
MDMin:  1096 02:37:20    -2397.791951        0.361677
MDMin:  1097 02:37:21    -2397.792137        0.349707
MDMin:  1098 02:37:23    -2397.792338        0.327237
MDMin:  1099 02:37:25    -2397.792552        0.392486
MDMin:  1100 02:37:27    -2397.792775        0.463844
MDMin:  1101 02:37:28    -2397.792999        0.531176
MDMin:  1102 02:37:30    -2397.793204        0.579844
MDMin:  1103 02:37:32    -2397.793371        0.602315
MDMin:  1104 02:37:34    -2397.793510        0.607107
MDMin:  1105 02:37:35    -2397.793649        0.599944
MDMin:  1106 02:37:37    -2397.793799        0.578685
MDMin:  1107 02:37:38    -2397.793966        0.537531
MDMin:  1108 02:37:39    -2397.794153        0.465643
MDMin:  1109 02:37:41    -2397.794371        0.327870
MDMin:  1110 02:37:43    -2397.794664        0.165287
MDMin:  1111 02:37:45    -2397.794709        0.160139
MDMin:  1112 02:37:46    -2397.794758        0.157545
MDMin:  1113 02:37:48    -2397.794818        0.167175
MDMin:  1114 02:37:50    -2397.794893        0.163306
MDMin:  1115 02:37:52    -2397.794987        0.151930
MDMin:  1116 02:37:53    -2397.795104        0.149098
       Step     Time          Energy          fmax
MDMin:    0 05:08:43    -2394.663638        4.961910
MDMin:    1 05:08:46    -2394.668137        4.864033
MDMin:    2 05:08:48    -2394.681193        4.569381
MDMin:    3 05:08:50    -2394.699987        4.110589
MDMin:    4 05:08:52    -2394.723783        4.019364
MDMin:    5 05:08:53    -2394.752199        4.018010
MDMin:    6 05:08:55    -2394.784737        3.585034
MDMin:    7 05:08:57    -2394.822037        2.679853
MDMin:    8 05:08:59    -2394.866317        1.738879
MDMin:    9 05:09:01    -2394.920063        1.680758
MDMin:   10 05:09:03    -2394.987136        1.626954
MDMin:   11 05:09:05    -2395.076039        1.531604
MDMin:   12 05:09:07    -2395.203061        1.538895
MDMin:   13 05:09:09    -2395.382304        1.599926
MDMin:   14 05:09:11    -2395.555928        1.361986
MDMin:   15 05:09:13    -2395.593112        1.412765
MDMin:   16 05:09:15    -2395.619673        1.330767
MDMin:   17 05:09:17    -2395.641407        1.545769
MDMin:   18 05:09:18    -2395.655810        2.347680
MDMin:   19 05:09:20    -2395.661048        1.150203
MDMin:   20 05:09:22    -2395.667530        1.154171
MDMin:   21 05:09:24    -2395.674434        1.207393
MDMin:   22 05:09:26    -2395.681699        1.287949
MDMin:   23 05:09:28    -2395.689282        1.365431
MDMin:   24 05:09:29    -2395.697134        1.362906
MDMin:   25 05:09:31    -2395.705424        1.222622
MDMin:   26 05:09:33    -2395.714484        1.158134
MDMin:   27 05:09:36    -2395.724639        1.005434
MDMin:   28 05:09:38    -2395.736050        0.853246
MDMin:   29 05:09:40    -2395.748740        0.868645
MDMin:   30 05:09:42    -2395.762479        0.919746
MDMin:   31 05:09:44    -2395.777136        0.907824
MDMin:   32 05:09:46    -2395.791595        1.048494
MDMin:   33 05:09:48    -2395.801925        1.326269
MDMin:   34 05:09:49    -2395.807244        0.911252
MDMin:   35 05:09:51    -2395.813658        0.918434
MDMin:   36 05:09:52    -2395.820914        0.910080
MDMin:   37 05:09:53    -2395.829083        0.880780
MDMin:   38 05:09:55    -2395.838318        0.830014
MDMin:   39 05:09:57    -2395.848790        0.764449
MDMin:   40 05:09:59    -2395.860717        0.761031
MDMin:   41 05:10:00    -2395.874321        0.800881
MDMin:   42 05:10:02    -2395.889876        0.829960
MDMin:   43 05:10:04    -2395.907772        0.830665
MDMin:   44 05:10:06    -2395.928689        0.790462
MDMin:   45 05:10:07    -2395.953703        0.791759
MDMin:   46 05:10:08    -2395.984396        0.870301
MDMin:   47 05:10:10    -2396.022725        0.958713
MDMin:   48 05:10:12    -2396.071515        1.049313
MDMin:   49 05:10:13    -2396.134464        1.128604
MDMin:   50 05:10:14    -2396.217122        1.234711
MDMin:   51 05:10:16    -2396.320673        1.338303
MDMin:   52 05:10:17    -2396.434155        1.314931
MDMin:   53 05:10:18    -2396.526737        1.157745
MDMin:   54 05:10:20    -2396.586788        0.977061
MDMin:   55 05:10:22    -2396.624221        0.838769
MDMin:   56 05:10:23    -2396.656998        0.779569
MDMin:   57 05:10:25    -2396.687191        0.810276
MDMin:   58 05:10:26    -2396.716958        0.866606
MDMin:   59 05:10:28    -2396.747523        0.926200
MDMin:   60 05:10:31    -2396.780516        0.986329
MDMin:   61 05:10:32    -2396.817251        1.045196
MDMin:   62 05:10:33    -2396.859254        1.101202
MDMin:   63 05:10:35    -2396.907737        1.183680
MDMin:   64 05:10:37    -2396.963753        1.278786
MDMin:   65 05:10:39    -2397.015506        1.581376
MDMin:   66 05:10:40    -2397.055009        1.587456
MDMin:   67 05:10:42    -2397.093468        1.348110
MDMin:   68 05:10:43    -2397.153461        1.576840
MDMin:   69 05:10:45    -2397.186192        1.399352
MDMin:   70 05:10:48    -2397.249450        1.446219
MDMin:   71 05:10:49    -2397.309348        1.551423
MDMin:   72 05:10:50    -2397.327718        1.455043
MDMin:   73 05:10:52    -2397.346676        1.450521
MDMin:   74 05:10:53    -2397.365317        1.416493
MDMin:   75 05:10:54    -2397.383958        1.427547
MDMin:   76 05:10:56    -2397.404709        1.479273
MDMin:   77 05:10:58    -2397.427601        1.525298
MDMin:   78 05:10:59    -2397.452672        1.542915
MDMin:   79 05:11:00    -2397.479761        1.455387
MDMin:   80 05:11:03    -2397.509092        1.192291
MDMin:   81 05:11:04    -2397.529966        0.928970
MDMin:   82 05:11:07    -2397.543866        0.795519
MDMin:   83 05:11:09    -2397.553264        0.728028
MDMin:   84 05:11:11    -2397.562178        0.669029
MDMin:   85 05:11:12    -2397.571608        0.613463
MDMin:   86 05:11:14    -2397.581943        0.560632
MDMin:   87 05:11:16    -2397.591396        1.016295
MDMin:   88 05:11:18    -2397.597700        0.497058
MDMin:   89 05:11:20    -2397.604129        0.478708
MDMin:   90 05:11:22    -2397.611663        0.678356
MDMin:   91 05:11:24    -2397.617215        1.217617
MDMin:   92 05:11:25    -2397.621594        0.445908
MDMin:   93 05:11:27    -2397.626468        0.456234
MDMin:   94 05:11:29    -2397.632288        0.940913
MDMin:   95 05:11:31    -2397.637030        0.712609
MDMin:   96 05:11:32    -2397.641069        0.494916
MDMin:   97 05:11:34    -2397.644586        0.634222
MDMin:   98 05:11:36    -2397.647934        0.620853
MDMin:   99 05:11:38    -2397.651122        0.582703
MDMin:  100 05:11:40    -2397.654342        0.616156
MDMin:  101 05:11:42    -2397.657461        0.655399
MDMin:  102 05:11:44    -2397.660248        0.642958
MDMin:  103 05:11:46    -2397.662901        0.653116
MDMin:  104 05:11:47    -2397.665546        0.579093
MDMin:  105 05:11:49    -2397.668326        0.638350
MDMin:  106 05:11:51    -2397.671104        0.652765
MDMin:  107 05:11:53    -2397.673738        0.652590
MDMin:  108 05:11:56    -2397.676291        0.634574
MDMin:  109 05:11:58    -2397.678892        0.642708
MDMin:  110 05:12:00    -2397.681541        0.620279
MDMin:  111 05:12:02    -2397.684220        0.652423
MDMin:  112 05:12:03    -2397.686811        0.645886
MDMin:  113 05:12:04    -2397.689363        0.652806
MDMin:  114 05:12:06    -2397.691923        0.618748
MDMin:  115 05:12:08    -2397.694554        0.647405
MDMin:  116 05:12:10    -2397.697180        0.641139
MDMin:  117 05:12:12    -2397.699769        0.653747
MDMin:  118 05:12:13    -2397.702317        0.636039
MDMin:  119 05:12:15    -2397.704895        0.648789
MDMin:  120 05:12:16    -2397.707493        0.630571
MDMin:  121 05:12:18    -2397.710114        0.652029
MDMin:  122 05:12:19    -2397.712699        0.641782
MDMin:  123 05:12:21    -2397.715276        0.652077
MDMin:  124 05:12:23    -2397.717852        0.632292
MDMin:  125 05:12:24    -2397.720468        0.649432
MDMin:  126 05:12:25    -2397.723083        0.639302
MDMin:  127 05:12:26    -2397.725696        0.652316
MDMin:  128 05:12:28    -2397.728289        0.638895
MDMin:  129 05:12:30    -2397.730901        0.649808
MDMin:  130 05:12:32    -2397.733523        0.636254
MDMin:  131 05:12:33    -2397.736168        0.650615
MDMin:  132 05:12:35    -2397.738800        0.641045
MDMin:  133 05:12:37    -2397.741438        0.650757
MDMin:  134 05:12:39    -2397.744075        0.638008
MDMin:  135 05:12:41    -2397.746738        0.649085
MDMin:  136 05:12:43    -2397.749406        0.639836
MDMin:  137 05:12:45    -2397.752086        0.650142
MDMin:  138 05:12:46    -2397.754760        0.640636
MDMin:  139 05:12:48    -2397.757450        0.648905
MDMin:  140 05:12:49    -2397.760148        0.639198
MDMin:  141 05:12:51    -2397.762868        0.648551
MDMin:  142 05:12:52    -2397.765589        0.641052
MDMin:  143 05:12:54    -2397.768324        0.648554
MDMin:  144 05:12:55    -2397.771061        0.640245
MDMin:  145 05:12:57    -2397.773820        0.647299
MDMin:  146 05:12:58    -2397.776588        0.640275
MDMin:  147 05:12:59    -2397.779375        0.647217
MDMin:  148 05:13:01    -2397.782165        0.640871
MDMin:  149 05:13:03    -2397.784974        0.646412
MDMin:  150 05:13:04    -2397.787791        0.639997
MDMin:  151 05:13:06    -2397.790631        0.645464
MDMin:  152 05:13:08    -2397.792546        2.334376
MDMin:  153 05:13:10    -2397.794978        2.294020
MDMin:  154 05:13:11    -2397.798580        2.227075
MDMin:  155 05:13:13    -2397.803257        2.142255
MDMin:  156 05:13:14    -2397.805082        2.039581
MDMin:  157 05:13:16    -2397.797572        1.905457
MDMin:  158 05:13:18    -2397.784834        1.765409
MDMin:  159 05:13:20    -2397.767477        1.685966
MDMin:  160 05:13:22    -2397.746700        1.645515
MDMin:  161 05:13:24    -2397.724134        1.596559
MDMin:  162 05:13:26    -2397.701961        1.542570
MDMin:  163 05:13:28    -2397.683020        1.489637
MDMin:  164 05:13:30    -2397.671112        1.445144
MDMin:  165 05:13:32    -2397.671381        1.413224
MDMin:  166 05:13:34    -2397.691350        1.371323
MDMin:  167 05:13:36    -2397.732835        1.236169
MDMin:  168 05:13:37    -2397.780280        0.947347
MDMin:  169 05:13:39    -2397.813288        0.887569
MDMin:  170 05:13:40    -2397.833658        0.849285
MDMin:  171 05:13:42    -2397.848808        0.810850
MDMin:  172 05:13:44    -2397.860332        0.788534
MDMin:  173 05:13:45    -2397.868386        0.801425
MDMin:  174 05:13:47    -2397.873339        0.757803
MDMin:  175 05:13:49    -2397.873886        1.958295
MDMin:  176 05:13:51    -2397.851720        0.678646
MDMin:  177 05:13:52    -2397.850738        0.662534
MDMin:  178 05:13:54    -2397.849490        0.647235
MDMin:  179 05:13:56    -2397.848188        0.632542
MDMin:  180 05:13:59    -2397.846791        0.618227
MDMin:  181 05:14:01    -2397.845435        0.611927
MDMin:  182 05:14:02    -2397.844107        0.619721
MDMin:  183 05:14:04    -2397.842952        0.616076
MDMin:  184 05:14:06    -2397.841910        0.625772
MDMin:  185 05:14:07    -2397.841149        0.646315
MDMin:  186 05:14:09    -2397.840477        0.673094
MDMin:  187 05:14:11    -2397.840100        0.703974
MDMin:  188 05:14:13    -2397.839724        0.738389
MDMin:  189 05:14:15    -2397.839483        0.780363
MDMin:  190 05:14:17    -2397.839246        0.834560
MDMin:  191 05:14:19    -2397.839102        0.903641
MDMin:  192 05:14:22    -2397.839013        0.985242
MDMin:  193 05:14:24    -2397.839038        1.063114
MDMin:  194 05:14:25    -2397.839161        1.097749
MDMin:  195 05:14:27    -2397.839429        1.034214
MDMin:  196 05:14:28    -2397.839834        0.851250
MDMin:  197 05:14:30    -2397.840423        0.707529
MDMin:  198 05:14:31    -2397.839905        2.219600
MDMin:  199 05:14:33    -2397.837175        0.779488
MDMin:  200 05:14:35    -2397.837208        0.805368
MDMin:  201 05:14:37    -2397.837203        0.840373
MDMin:  202 05:14:38    -2397.837163        0.887870
MDMin:  203 05:14:40    -2397.837094        0.952179
MDMin:  204 05:14:42    -2397.837004        1.038070
MDMin:  205 05:14:44    -2397.836901        1.148778
MDMin:  206 05:14:46    -2397.836794        1.280702
MDMin:  207 05:14:47    -2397.836692        1.413064
MDMin:  208 05:14:49    -2397.836601        1.497136
MDMin:  209 05:14:51    -2397.836527        1.465229
MDMin:  210 05:14:53    -2397.836470        1.279544
MDMin:  211 05:14:55    -2397.836433        1.027381
MDMin:  212 05:14:57    -2397.836418        1.137888
MDMin:  213 05:14:58    -2397.836421        1.305074
MDMin:  214 05:14:59    -2397.836437        1.470398
MDMin:  215 05:15:01    -2397.836455        1.549912
MDMin:  216 05:15:02    -2397.836465        1.474444
MDMin:  217 05:15:04    -2397.836453        1.285276
MDMin:  218 05:15:06    -2397.835563        2.266458
MDMin:  219 05:15:08    -2397.833044        0.992085
MDMin:  220 05:15:10    -2397.832708        0.906304
MDMin:  221 05:15:12    -2397.832173        0.813154
MDMin:  222 05:15:14    -2397.831512        0.715208
MDMin:  223 05:15:16    -2397.830748        0.694984
MDMin:  224 05:15:17    -2397.829914        0.690022
MDMin:  225 05:15:18    -2397.829035        0.758372
MDMin:  226 05:15:20    -2397.828148        0.855079
MDMin:  227 05:15:22    -2397.827278        0.951896
MDMin:  228 05:15:23    -2397.826453        1.011583
MDMin:  229 05:15:25    -2397.825670        0.997429
MDMin:  230 05:15:26    -2397.824963        0.910628
MDMin:  231 05:15:28    -2397.824336        0.800333
MDMin:  232 05:15:30    -2397.823880        0.751717
MDMin:  233 05:15:32    -2397.823514        0.794960
MDMin:  234 05:15:33    -2397.823183        0.840941
MDMin:  235 05:15:34    -2397.822849        0.892647
MDMin:  236 05:15:36    -2397.822522        0.949296
MDMin:  237 05:15:38    -2397.822194        1.006615
MDMin:  238 05:15:40    -2397.821871        1.055835
MDMin:  239 05:15:42    -2397.821548        1.083891
MDMin:  240 05:15:43    -2397.821225        1.076909
MDMin:  241 05:15:45    -2397.820892        1.027468
MDMin:  242 05:15:47    -2397.820549        0.941129
MDMin:  243 05:15:48    -2397.820181        0.835040
MDMin:  244 05:15:49    -2397.819794        0.728538
MDMin:  245 05:15:50    -2397.819374        0.671967
MDMin:  246 05:15:51    -2397.818967        0.693113
MDMin:  247 05:15:53    -2397.818592        0.696966
MDMin:  248 05:15:55    -2397.818301        0.691606
MDMin:  249 05:15:56    -2397.818003        0.680697
MDMin:  250 05:15:58    -2397.817681        0.663251
MDMin:  251 05:16:00    -2397.817321        0.638520
MDMin:  252 05:16:02    -2397.816919        0.627709
MDMin:  253 05:16:04    -2397.816466        0.623410
MDMin:  254 05:16:07    -2397.815958        0.618849
MDMin:  255 05:16:09    -2397.815382        0.614214
MDMin:  256 05:16:11    -2397.814734        0.609685
MDMin:  257 05:16:12    -2397.814001        0.605339
MDMin:  258 05:16:13    -2397.813186        0.600904
MDMin:  259 05:16:14    -2397.812290        0.597636
MDMin:  260 05:16:16    -2397.811390        0.642827
MDMin:  261 05:16:18    -2397.810581        0.686440
MDMin:  262 05:16:20    -2397.809960        0.721522
MDMin:  263 05:16:21    -2397.809377        0.752976
MDMin:  264 05:16:23    -2397.808758        0.784536
MDMin:  265 05:16:25    -2397.808081        0.814262
MDMin:  266 05:16:26    -2397.807345        0.838275
MDMin:  267 05:16:28    -2397.806544        0.852210
MDMin:  268 05:16:29    -2397.805676        0.852703
MDMin:  269 05:16:31    -2397.804737        0.838434
MDMin:  270 05:16:33    -2397.803725        0.809907
MDMin:  271 05:16:34    -2397.802637        0.862392
MDMin:  272 05:16:36    -2397.801477        0.911456
MDMin:  273 05:16:39    -2397.800241        0.935789
MDMin:  274 05:16:40    -2397.798935        0.922616
MDMin:  275 05:16:42    -2397.797558        0.872577
MDMin:  276 05:16:43    -2397.796183        0.803319
MDMin:  277 05:16:45    -2397.794971        0.756552
MDMin:  278 05:16:47    -2397.794218        0.705415
MDMin:  279 05:16:49    -2397.793615        0.679209
MDMin:  280 05:16:50    -2397.792956        0.651712
MDMin:  281 05:16:52    -2397.792231        0.622928
MDMin:  282 05:16:53    -2397.791443        0.593289
MDMin:  283 05:16:55    -2397.790594        0.563139
MDMin:  284 05:16:58    -2397.789687        0.532684
MDMin:  285 05:17:00    -2397.788726        0.502025
MDMin:  286 05:17:02    -2397.787715        0.471233
MDMin:  287 05:17:04    -2397.786662        0.458916
MDMin:  288 05:17:06    -2397.785575        0.447000
MDMin:  289 05:17:07    -2397.784466        0.437581
MDMin:  290 05:17:08    -2397.783355        0.445335
MDMin:  291 05:17:09    -2397.782272        0.453977
MDMin:  292 05:17:11    -2397.781335        0.597016
MDMin:  293 05:17:14    -2397.780771        0.585919
MDMin:  294 05:17:16    -2397.780486        0.466529
MDMin:  295 05:17:18    -2397.780183        0.467752
MDMin:  296 05:17:19    -2397.779857        0.468660
MDMin:  297 05:17:21    -2397.779515        0.468989
MDMin:  298 05:17:23    -2397.779163        0.468404
MDMin:  299 05:17:24    -2397.778809        0.466514
MDMin:  300 05:17:26    -2397.778462        0.462899
MDMin:  301 05:17:27    -2397.778135        0.457158
MDMin:  302 05:17:28    -2397.777839        0.448987
MDMin:  303 05:17:30    -2397.777591        0.438261
MDMin:  304 05:17:32    -2397.777410        0.425110
MDMin:  305 05:17:33    -2397.777319        0.409958
MDMin:  306 05:17:35    -2397.777344        0.393497
MDMin:  307 05:17:37    -2397.777516        0.390130
MDMin:  308 05:17:39    -2397.777870        0.415533
MDMin:  309 05:17:41    -2397.778445        0.449432
MDMin:  310 05:17:42    -2397.779276        0.492394
MDMin:  311 05:17:44    -2397.780358        0.541850
MDMin:  312 05:17:46    -2397.781488        0.651473
MDMin:  313 05:17:48    -2397.782249        0.610838
MDMin:  314 05:17:50    -2397.782911        0.629237
MDMin:  315 05:17:51    -2397.783670        0.646723
MDMin:  316 05:17:53    -2397.784567        0.662459
MDMin:  317 05:17:55    -2397.785622        0.674337
MDMin:  318 05:17:56    -2397.786859        0.679744
MDMin:  319 05:17:58    -2397.788301        0.675932
MDMin:  320 05:18:00    -2397.789976        0.660551
MDMin:  321 05:18:01    -2397.791915        0.632310
MDMin:  322 05:18:03    -2397.794150        0.591568
MDMin:  323 05:18:05    -2397.796711        0.540570
MDMin:  324 05:18:07    -2397.799626        0.491114
MDMin:  325 05:18:09    -2397.802916        0.502557
MDMin:  326 05:18:11    -2397.806584        0.514325
MDMin:  327 05:18:13    -2397.810588        0.525486
MDMin:  328 05:18:14    -2397.814709        0.533938
MDMin:  329 05:18:16    -2397.818283        0.737201
MDMin:  330 05:18:18    -2397.820450        0.537188
MDMin:  331 05:18:20    -2397.822229        0.535693
MDMin:  332 05:18:22    -2397.824208        0.532618
MDMin:  333 05:18:23    -2397.826424        0.527349
MDMin:  334 05:18:26    -2397.828657        0.519259
MDMin:  335 05:18:27    -2397.829384        0.508298
MDMin:  336 05:18:29    -2397.828491        0.494608
MDMin:  337 05:18:31    -2397.830615        0.492876
MDMin:  338 05:18:33    -2397.832172        0.510478
MDMin:  339 05:18:35    -2397.833200        0.519057
MDMin:  340 05:18:36    -2397.829104        0.515024
MDMin:  341 05:18:38    -2397.830294        0.497865
MDMin:  342 05:18:39    -2397.830930        0.467349
MDMin:  343 05:18:42    -2397.831162        0.428413
MDMin:  344 05:18:44    -2397.831052        0.438596
MDMin:  345 05:18:46    -2397.830648        0.450330
MDMin:  346 05:18:47    -2397.829999        0.460611
MDMin:  347 05:18:49    -2397.829149        0.467809
MDMin:  348 05:18:51    -2397.828198        0.470386
MDMin:  349 05:18:53    -2397.827401        0.637970
MDMin:  350 05:18:54    -2397.826983        0.467275
MDMin:  351 05:18:56    -2397.826570        0.467126
MDMin:  352 05:18:58    -2397.826097        0.466622
MDMin:  353 05:19:00    -2397.825561        0.465470
MDMin:  354 05:19:02    -2397.824959        0.463481
MDMin:  355 05:19:03    -2397.824290        0.460473
MDMin:  356 05:19:05    -2397.823554        0.468942
MDMin:  357 05:19:07    -2397.822750        0.497333
MDMin:  358 05:19:08    -2397.821880        0.530376
MDMin:  359 05:19:09    -2397.820947        0.567237
MDMin:  360 05:19:10    -2397.819954        0.605658
MDMin:  361 05:19:11    -2397.818905        0.641410
MDMin:  362 05:19:13    -2397.817802        0.668200
MDMin:  363 05:19:15    -2397.816646        0.678604
MDMin:  364 05:19:17    -2397.815438        0.666272
MDMin:  365 05:19:19    -2397.814181        0.628977
MDMin:  366 05:19:21    -2397.812906        0.571910
MDMin:  367 05:19:23    -2397.811748        0.651914
MDMin:  368 05:19:25    -2397.811035        0.523014
MDMin:  369 05:19:27    -2397.810592        0.468547
MDMin:  370 05:19:29    -2397.810091        0.467496
MDMin:  371 05:19:31    -2397.809527        0.465460
MDMin:  372 05:19:32    -2397.808901        0.462230
MDMin:  373 05:19:34    -2397.808212        0.457651
MDMin:  374 05:19:36    -2397.807463        0.451607
MDMin:  375 05:19:38    -2397.806654        0.444054
MDMin:  376 05:19:40    -2397.805786        0.435022
MDMin:  377 05:19:42    -2397.804863        0.425081
MDMin:  378 05:19:44    -2397.803887        0.432151
MDMin:  379 05:19:46    -2397.802862        0.440095
MDMin:  380 05:19:48    -2397.801791        0.448901
MDMin:  381 05:19:49    -2397.800681        0.458560
MDMin:  382 05:19:51    -2397.799539        0.468982
MDMin:  383 05:19:52    -2397.798377        0.479938
MDMin:  384 05:19:54    -2397.797236        0.490793
MDMin:  385 05:19:55    -2397.796284        0.729946
MDMin:  386 05:19:57    -2397.795857        0.503273
MDMin:  387 05:19:59    -2397.795547        0.505859
MDMin:  388 05:20:01    -2397.795192        0.508736
MDMin:  389 05:20:03    -2397.794795        0.511830
MDMin:  390 05:20:04    -2397.794359        0.515056
MDMin:  391 05:20:06    -2397.793886        0.518953
MDMin:  392 05:20:08    -2397.793379        0.525383
MDMin:  393 05:20:09    -2397.792841        0.532547
MDMin:  394 05:20:11    -2397.792276        0.540382
MDMin:  395 05:20:12    -2397.791689        0.548625
MDMin:  396 05:20:14    -2397.791084        0.556654
MDMin:  397 05:20:16    -2397.790466        0.563311
MDMin:  398 05:20:17    -2397.789842        0.566811
MDMin:  399 05:20:18    -2397.789215        0.564920
MDMin:  400 05:20:19    -2397.788593        0.555522
MDMin:  401 05:20:21    -2397.787982        0.537540
MDMin:  402 05:20:23    -2397.787390        0.527749
MDMin:  403 05:20:25    -2397.786825        0.543921
MDMin:  404 05:20:26    -2397.786297        0.595245
MDMin:  405 05:20:28    -2397.785818        0.641764
MDMin:  406 05:20:30    -2397.785399        0.670905
MDMin:  407 05:20:32    -2397.785055        0.670050
MDMin:  408 05:20:34    -2397.784816        0.763293
MDMin:  409 05:20:35    -2397.784719        0.613282
MDMin:  410 05:20:37    -2397.784676        0.597157
MDMin:  411 05:20:39    -2397.784633        0.576253
MDMin:  412 05:20:41    -2397.784597        0.550957
MDMin:  413 05:20:42    -2397.784573        0.521327
MDMin:  414 05:20:43    -2397.784568        0.487775
MDMin:  415 05:20:45    -2397.784589        0.454255
MDMin:  416 05:20:46    -2397.784647        0.455331
MDMin:  417 05:20:47    -2397.784752        0.454910
MDMin:  418 05:20:49    -2397.784918        0.459057
MDMin:  419 05:20:50    -2397.785162        0.463108
MDMin:  420 05:20:52    -2397.785501        0.466744
MDMin:  421 05:20:54    -2397.785958        0.469478
MDMin:  422 05:20:55    -2397.786561        0.470651
MDMin:  423 05:20:56    -2397.787338        0.469512
MDMin:  424 05:20:58    -2397.788326        0.465411
MDMin:  425 05:21:01    -2397.789563        0.458080
MDMin:  426 05:21:02    -2397.791075        0.447936
MDMin:  427 05:21:03    -2397.792774        0.592323
MDMin:  428 05:21:05    -2397.793900        0.691990
MDMin:  429 05:21:06    -2397.794274        0.428003
MDMin:  430 05:21:08    -2397.794799        0.425192
MDMin:  431 05:21:11    -2397.795434        0.421926
MDMin:  432 05:21:12    -2397.796184        0.422111
MDMin:  433 05:21:14    -2397.797057        0.426790
MDMin:  434 05:21:16    -2397.798066        0.431986
MDMin:  435 05:21:19    -2397.799222        0.437692
MDMin:  436 05:21:21    -2397.800536        0.443895
MDMin:  437 05:21:23    -2397.802022        0.450578
MDMin:  438 05:21:25    -2397.803688        0.457656
MDMin:  439 05:21:27    -2397.805545        0.465085
MDMin:  440 05:21:29    -2397.807600        0.472863
MDMin:  441 05:21:30    -2397.809857        0.481006
MDMin:  442 05:21:31    -2397.812316        0.489587
MDMin:  443 05:21:33    -2397.814972        0.498726
MDMin:  444 05:21:34    -2397.817813        0.508578
MDMin:  445 05:21:36    -2397.820825        0.519290
MDMin:  446 05:21:38    -2397.818803        0.530944
MDMin:  447 05:21:40    -2397.822136        0.542887
MDMin:  448 05:21:42    -2397.824094        0.555750
MDMin:  449 05:21:44    -2397.824240        0.588293
MDMin:  450 05:21:45    -2397.820815        0.630040
MDMin:  451 05:21:47    -2397.821929        0.657337
MDMin:  452 05:21:49    -2397.822431        0.668814
MDMin:  453 05:21:51    -2397.822614        0.670174
MDMin:  454 05:21:53    -2397.822707        0.665190
MDMin:  455 05:21:55    -2397.822739        0.653278
MDMin:  456 05:21:57    -2397.822709        0.634656
MDMin:  457 05:21:59    -2397.822616        0.640819
MDMin:  458 05:22:00    -2397.822457        0.644598
MDMin:  459 05:22:02    -2397.822232        0.644233
MDMin:  460 05:22:04    -2397.821940        0.637827
MDMin:  461 05:22:06    -2397.821581        0.623955
MDMin:  462 05:22:07    -2397.821158        0.602473
MDMin:  463 05:22:08    -2397.820677        0.575204
MDMin:  464 05:22:10    -2397.820164        0.546203
MDMin:  465 05:22:12    -2397.819685        0.521165
MDMin:  466 05:22:14    -2397.819325        0.521969
MDMin:  467 05:22:16    -2397.819031        0.529555
MDMin:  468 05:22:18    -2397.818719        0.537433
MDMin:  469 05:22:20    -2397.818370        0.546020
MDMin:  470 05:22:22    -2397.817982        0.555395
MDMin:  471 05:22:24    -2397.817553        0.565601
MDMin:  472 05:22:26    -2397.817081        0.576697
MDMin:  473 05:22:28    -2397.816567        0.588769
MDMin:  474 05:22:29    -2397.816009        0.601947
MDMin:  475 05:22:31    -2397.815411        0.616389
MDMin:  476 05:22:33    -2397.814776        0.632252
MDMin:  477 05:22:35    -2397.814116        0.649532
MDMin:  478 05:22:38    -2397.813469        0.667402
MDMin:  479 05:22:40    -2397.812922        0.683297
MDMin:  480 05:22:42    -2397.812542        0.694706
MDMin:  481 05:22:44    -2397.812224        0.704524
MDMin:  482 05:22:46    -2397.811886        0.715170
MDMin:  483 05:22:48    -2397.811518        0.726938
MDMin:  484 05:22:50    -2397.811118        0.739675
MDMin:  485 05:22:52    -2397.810687        0.752967
MDMin:  486 05:22:53    -2397.810227        0.766087
MDMin:  487 05:22:55    -2397.809739        0.777940
MDMin:  488 05:22:57    -2397.809224        0.787103
MDMin:  489 05:22:59    -2397.808685        0.792006
MDMin:  490 05:23:00    -2397.808123        0.791249
MDMin:  491 05:23:01    -2397.807540        0.783927
MDMin:  492 05:23:02    -2397.806941        0.769838
MDMin:  493 05:23:03    -2397.806335        0.749643
MDMin:  494 05:23:04    -2397.805752        0.725444
MDMin:  495 05:23:06    -2397.805258        0.701886
MDMin:  496 05:23:07    -2397.804909        0.683903
MDMin:  497 05:23:08    -2397.804623        0.668610
MDMin:  498 05:23:10    -2397.804324        0.652324
MDMin:  499 05:23:11    -2397.804002        0.648410
MDMin:  500 05:23:13    -2397.803655        0.653987
MDMin:  501 05:23:14    -2397.803284        0.659500
MDMin:  502 05:23:16    -2397.802891        0.664942
MDMin:  503 05:23:17    -2397.802477        0.670332
MDMin:  504 05:23:18    -2397.802044        0.675693
MDMin:  505 05:23:19    -2397.801593        0.681015
MDMin:  506 05:23:21    -2397.801125        0.686226
MDMin:  507 05:23:22    -2397.800641        0.691205
MDMin:  508 05:23:24    -2397.800144        0.695866
MDMin:  509 05:23:26    -2397.799649        0.700240
MDMin:  510 05:23:28    -2397.799197        0.704114
MDMin:  511 05:23:30    -2397.798864        0.706744
MDMin:  512 05:23:32    -2397.798629        0.708396
MDMin:  513 05:23:34    -2397.798396        0.709889
MDMin:  514 05:23:36    -2397.798142        0.711119
MDMin:  515 05:23:38    -2397.797864        0.711494
MDMin:  516 05:23:40    -2397.797563        0.709909
MDMin:  517 05:23:42    -2397.797237        0.704654
MDMin:  518 05:23:44    -2397.796888        0.693497
MDMin:  519 05:23:46    -2397.796515        0.674175
MDMin:  520 05:23:47    -2397.796118        0.645359
MDMin:  521 05:23:48    -2397.795698        0.607850
MDMin:  522 05:23:49    -2397.795266        0.565470
MDMin:  523 05:23:51    -2397.794858        0.525847
MDMin:  524 05:23:53    -2397.794573        0.499618
MDMin:  525 05:23:55    -2397.794409        0.485257
MDMin:  526 05:23:57    -2397.794239        0.471015
MDMin:  527 05:23:59    -2397.794048        0.455787
MDMin:  528 05:24:01    -2397.793836        0.439792
MDMin:  529 05:24:02    -2397.793603        0.423335
MDMin:  530 05:24:04    -2397.793349        0.406737
MDMin:  531 05:24:05    -2397.793075        0.390364
MDMin:  532 05:24:08    -2397.792782        0.389481
MDMin:  533 05:24:09    -2397.792470        0.388621
MDMin:  534 05:24:11    -2397.792142        0.387968
MDMin:  535 05:24:14    -2397.791800        0.387770
MDMin:  536 05:24:15    -2397.791447        0.388322
MDMin:  537 05:24:18    -2397.791094        0.389905
MDMin:  538 05:24:19    -2397.790784        0.442623
MDMin:  539 05:24:21    -2397.790612        0.394370
MDMin:  540 05:24:23    -2397.790513        0.395709
MDMin:  541 05:24:25    -2397.790399        0.397425
MDMin:  542 05:24:26    -2397.790272        0.399587
MDMin:  543 05:24:28    -2397.790133        0.402286
MDMin:  544 05:24:29    -2397.789983        0.405621
MDMin:  545 05:24:30    -2397.789825        0.409703
MDMin:  546 05:24:31    -2397.789658        0.414650
MDMin:  547 05:24:32    -2397.789487        0.420581
MDMin:  548 05:24:34    -2397.789312        0.427612
MDMin:  549 05:24:36    -2397.789137        0.435848
MDMin:  550 05:24:37    -2397.788965        0.445376
MDMin:  551 05:24:39    -2397.788798        0.456585
MDMin:  552 05:24:41    -2397.788639        0.490238
MDMin:  553 05:24:43    -2397.788492        0.527971
MDMin:  554 05:24:45    -2397.788358        0.567547
MDMin:  555 05:24:47    -2397.788240        0.605061
MDMin:  556 05:24:49    -2397.788138        0.635070
MDMin:  557 05:24:50    -2397.788056        0.651492
MDMin:  558 05:24:52    -2397.787994        0.649251
MDMin:  559 05:24:53    -2397.787954        0.628839
MDMin:  560 05:24:55    -2397.787940        0.655968
MDMin:  561 05:24:57    -2397.787955        0.675445
MDMin:  562 05:24:58    -2397.788000        0.686466
MDMin:  563 05:25:00    -2397.788065        0.690727
MDMin:  564 05:25:01    -2397.788123        0.704978
MDMin:  565 05:25:03    -2397.788173        0.715282
MDMin:  566 05:25:05    -2397.788234        0.726120
MDMin:  567 05:25:06    -2397.788311        0.737902
MDMin:  568 05:25:08    -2397.788407        0.750659
MDMin:  569 05:25:10    -2397.788525        0.764442
MDMin:  570 05:25:12    -2397.788670        0.779382
MDMin:  571 05:25:14    -2397.788848        0.795715
MDMin:  572 05:25:15    -2397.789063        0.813745
MDMin:  573 05:25:17    -2397.789323        0.833761
MDMin:  574 05:25:19    -2397.789636        0.855875
MDMin:  575 05:25:21    -2397.790009        0.879903
MDMin:  576 05:25:23    -2397.790450        0.905337
MDMin:  577 05:25:25    -2397.790964        0.931378
MDMin:  578 05:25:27    -2397.791526        0.956482
MDMin:  579 05:25:29    -2397.792025        0.976753
MDMin:  580 05:25:31    -2397.792333        0.988543
MDMin:  581 05:25:33    -2397.792609        0.999050
MDMin:  582 05:25:35    -2397.792927        1.011308
MDMin:  583 05:25:37    -2397.793297        1.025851
MDMin:  584 05:25:38    -2397.793722        1.043178
MDMin:  585 05:25:40    -2397.794207        1.063910
MDMin:  586 05:25:41    -2397.794757        1.088718
MDMin:  587 05:25:43    -2397.795375        1.118310
MDMin:  588 05:25:44    -2397.796064        1.153412
MDMin:  589 05:25:46    -2397.796827        1.194734
MDMin:  590 05:25:48    -2397.797664        1.242902
MDMin:  591 05:25:49    -2397.798576        1.298302
MDMin:  592 05:25:50    -2397.799562        1.360857
MDMin:  593 05:25:52    -2397.800619        1.429828
MDMin:  594 05:25:53    -2397.801743        1.503712
MDMin:  595 05:25:54    -2397.802930        1.580230
MDMin:  596 05:25:55    -2397.804173        1.656243
MDMin:  597 05:25:57    -2397.805455        1.727711
MDMin:  598 05:25:58    -2397.806733        1.789186
MDMin:  599 05:25:59    -2397.807933        1.835482
MDMin:  600 05:26:01    -2397.808966        1.864725
MDMin:  601 05:26:03    -2397.809864        1.880896
MDMin:  602 05:26:04    -2397.810754        1.887243
MDMin:  603 05:26:06    -2397.810983        1.881488
MDMin:  604 05:26:08    -2397.812050        1.859100
MDMin:  605 05:26:10    -2397.811161        1.815459
MDMin:  606 05:26:12    -2397.812381        1.746618
MDMin:  607 05:26:14    -2397.813357        1.648562
MDMin:  608 05:26:16    -2397.813765        1.518363
MDMin:  609 05:26:17    -2397.812065        1.357840
MDMin:  610 05:26:18    -2397.812964        1.176055
MDMin:  611 05:26:20    -2397.813517        1.001646
MDMin:  612 05:26:22    -2397.813764        0.969313
MDMin:  613 05:26:24    -2397.813894        0.956588
MDMin:  614 05:26:26    -2397.814007        0.942308
MDMin:  615 05:26:28    -2397.814101        0.926259
MDMin:  616 05:26:31    -2397.814169        0.908956
MDMin:  617 05:26:33    -2397.814203        0.891443
MDMin:  618 05:26:34    -2397.814196        0.875421
MDMin:  619 05:26:36    -2397.814143        0.863229
MDMin:  620 05:26:38    -2397.814042        0.857434
MDMin:  621 05:26:40    -2397.813892        0.859808
MDMin:  622 05:26:42    -2397.813700        0.869738
MDMin:  623 05:26:44    -2397.813486        0.882714
MDMin:  624 05:26:46    -2397.813310        0.891384
MDMin:  625 05:26:47    -2397.813199        0.894919
MDMin:  626 05:26:49    -2397.813083        0.896683
MDMin:  627 05:26:50    -2397.812950        0.895924
MDMin:  628 05:26:51    -2397.812799        0.891260
MDMin:  629 05:26:53    -2397.812628        0.881255
MDMin:  630 05:26:55    -2397.812436        0.864828
MDMin:  631 05:26:57    -2397.812221        0.841696
MDMin:  632 05:26:59    -2397.811981        0.812634
MDMin:  633 05:27:01    -2397.811715        0.779297
MDMin:  634 05:27:03    -2397.811421        0.743634
MDMin:  635 05:27:05    -2397.811099        0.707203
MDMin:  636 05:27:07    -2397.810749        0.670614
MDMin:  637 05:27:09    -2397.810378        0.634239
MDMin:  638 05:27:11    -2397.810027        0.601061
MDMin:  639 05:27:12    -2397.809799        0.579732
MDMin:  640 05:27:14    -2397.809658        0.566818
MDMin:  641 05:27:16    -2397.809504        0.553075
MDMin:  642 05:27:17    -2397.809329        0.537827
MDMin:  643 05:27:19    -2397.809130        0.521107
MDMin:  644 05:27:20    -2397.808906        0.502987
MDMin:  645 05:27:22    -2397.808657        0.483570
MDMin:  646 05:27:24    -2397.808381        0.462994
MDMin:  647 05:27:26    -2397.808076        0.441460
MDMin:  648 05:27:28    -2397.807741        0.419249
MDMin:  649 05:27:29    -2397.807374        0.396757
MDMin:  650 05:27:31    -2397.806975        0.392597
MDMin:  651 05:27:33    -2397.806545        0.404367
MDMin:  652 05:27:35    -2397.806092        0.422317
MDMin:  653 05:27:37    -2397.805651        0.446055
MDMin:  654 05:27:39    -2397.805352        0.466033
MDMin:  655 05:27:41    -2397.805215        0.476142
MDMin:  656 05:27:43    -2397.805057        0.488603
MDMin:  657 05:27:44    -2397.804880        0.503411
MDMin:  658 05:27:46    -2397.804685        0.520548
MDMin:  659 05:27:48    -2397.804471        0.539741
MDMin:  660 05:27:50    -2397.804241        0.560319
MDMin:  661 05:27:52    -2397.803995        0.581066
MDMin:  662 05:27:54    -2397.803733        0.600109
MDMin:  663 05:27:56    -2397.803455        0.614900
MDMin:  664 05:27:58    -2397.803162        0.622378
MDMin:  665 05:28:00    -2397.802852        0.619354
MDMin:  666 05:28:02    -2397.802523        0.603168
MDMin:  667 05:28:04    -2397.802172        0.572511
MDMin:  668 05:28:06    -2397.801798        0.528184
MDMin:  669 05:28:07    -2397.801399        0.473395
MDMin:  670 05:28:09    -2397.800972        0.413171
MDMin:  671 05:28:11    -2397.800518        0.352868
MDMin:  672 05:28:13    -2397.800035        0.354536
MDMin:  673 05:28:14    -2397.799528        0.352348
MDMin:  674 05:28:16    -2397.799013        0.344654
MDMin:  675 05:28:17    -2397.798636        0.541020
MDMin:  676 05:28:19    -2397.798561        0.334922
MDMin:  677 05:28:21    -2397.798448        0.332238
MDMin:  678 05:28:22    -2397.798315        0.329073
MDMin:  679 05:28:24    -2397.798162        0.325477
MDMin:  680 05:28:26    -2397.797992        0.321448
MDMin:  681 05:28:29    -2397.797803        0.316974
MDMin:  682 05:28:30    -2397.797597        0.312038
MDMin:  683 05:28:32    -2397.797372        0.306608
MDMin:  684 05:28:35    -2397.797129        0.300636
MDMin:  685 05:28:37    -2397.796869        0.294058
MDMin:  686 05:28:39    -2397.796592        0.286799
MDMin:  687 05:28:40    -2397.796297        0.278781
MDMin:  688 05:28:42    -2397.795984        0.269945
MDMin:  689 05:28:44    -2397.795655        0.260278
MDMin:  690 05:28:46    -2397.795309        0.249845
MDMin:  691 05:28:48    -2397.794946        0.238819
MDMin:  692 05:28:50    -2397.794568        0.227500
MDMin:  693 05:28:51    -2397.794180        0.216396
MDMin:  694 05:28:53    -2397.793830        0.327810
MDMin:  695 05:28:54    -2397.793697        0.203317
MDMin:  696 05:28:56    -2397.793629        0.201541
MDMin:  697 05:28:57    -2397.793545        0.199406
MDMin:  698 05:28:59    -2397.793447        0.197044
MDMin:  699 05:29:02    -2397.793337        0.194510
MDMin:  700 05:29:04    -2397.793213        0.191862
MDMin:  701 05:29:06    -2397.793077        0.189162
MDMin:  702 05:29:08    -2397.792930        0.186478
MDMin:  703 05:29:10    -2397.792771        0.183881
MDMin:  704 05:29:12    -2397.792602        0.181446
MDMin:  705 05:29:15    -2397.792422        0.179251
MDMin:  706 05:29:17    -2397.792235        0.177639
MDMin:  707 05:29:19    -2397.792039        0.180239
MDMin:  708 05:29:21    -2397.791838        0.183668
MDMin:  709 05:29:23    -2397.791632        0.188127
MDMin:  710 05:29:25    -2397.791423        0.193861
MDMin:  711 05:29:27    -2397.791213        0.201169
MDMin:  712 05:29:28    -2397.791004        0.210424
MDMin:  713 05:29:30    -2397.790799        0.222088
MDMin:  714 05:29:31    -2397.790600        0.236726
MDMin:  715 05:29:33    -2397.790411        0.255002
MDMin:  716 05:29:35    -2397.790235        0.277477
MDMin:  717 05:29:37    -2397.790083        0.303143
MDMin:  718 05:29:39    -2397.789985        0.324185
MDMin:  719 05:29:40    -2397.789943        0.334813
MDMin:  720 05:29:41    -2397.789899        0.346873
MDMin:  721 05:29:43    -2397.789853        0.361216
MDMin:  722 05:29:44    -2397.789803        0.378105
MDMin:  723 05:29:45    -2397.789753        0.397790
MDMin:  724 05:29:46    -2397.789702        0.420478
MDMin:  725 05:29:48    -2397.789651        0.446277
MDMin:  726 05:29:49    -2397.789602        0.475107
MDMin:  727 05:29:51    -2397.789555        0.506588
MDMin:  728 05:29:52    -2397.789511        0.539899
MDMin:  729 05:29:54    -2397.789471        0.573634
MDMin:  730 05:29:55    -2397.789435        0.605700
MDMin:  731 05:29:57    -2397.789404        0.633322
MDMin:  732 05:29:58    -2397.789379        0.653218
MDMin:  733 05:29:59    -2397.789360        0.662001
MDMin:  734 05:30:01    -2397.789349        0.656805
MDMin:  735 05:30:03    -2397.789346        0.636037
MDMin:  736 05:30:05    -2397.789354        0.600047
MDMin:  737 05:30:07    -2397.789374        0.551404
MDMin:  738 05:30:09    -2397.789410        0.497249
MDMin:  739 05:30:10    -2397.789464        0.535194
MDMin:  740 05:30:12    -2397.789541        0.561726
MDMin:  741 05:30:13    -2397.789644        0.576431
MDMin:  742 05:30:15    -2397.789780        0.579773
MDMin:  743 05:30:17    -2397.789956        0.572882
MDMin:  744 05:30:19    -2397.790174        0.557805
MDMin:  745 05:30:20    -2397.790369        0.572464
MDMin:  746 05:30:22    -2397.790417        0.535951
MDMin:  747 05:30:24    -2397.790491        0.528997
MDMin:  748 05:30:26    -2397.790580        0.521296
MDMin:  749 05:30:27    -2397.790686        0.512957
MDMin:  750 05:30:29    -2397.790812        0.504157
MDMin:  751 05:30:31    -2397.790960        0.495133
MDMin:  752 05:30:33    -2397.791134        0.486188
MDMin:  753 05:30:35    -2397.791338        0.477711
MDMin:  754 05:30:37    -2397.791575        0.470191
MDMin:  755 05:30:39    -2397.791849        0.464263
MDMin:  756 05:30:40    -2397.792166        0.460673
MDMin:  757 05:30:42    -2397.792530        0.460290
MDMin:  758 05:30:43    -2397.792943        0.464095
MDMin:  759 05:30:44    -2397.793407        0.473150
MDMin:  760 05:30:46    -2397.793924        0.488527
MDMin:  761 05:30:48    -2397.794488        0.511142
MDMin:  762 05:30:50    -2397.795090        0.541313
MDMin:  763 05:30:51    -2397.795697        0.577160
MDMin:  764 05:30:53    -2397.796216        0.610230
MDMin:  765 05:30:55    -2397.796554        0.631298
MDMin:  766 05:30:57    -2397.796837        0.649367
MDMin:  767 05:30:59    -2397.797138        0.669894
MDMin:  768 05:31:01    -2397.797469        0.694078
MDMin:  769 05:31:03    -2397.797829        0.722497
MDMin:  770 05:31:05    -2397.798219        0.755351
MDMin:  771 05:31:07    -2397.798639        0.790746
MDMin:  772 05:31:09    -2397.799090        0.819447
MDMin:  773 05:31:11    -2397.799579        0.813700
MDMin:  774 05:31:12    -2397.800123        0.710899
MDMin:  775 05:31:14    -2397.800774        0.450770
MDMin:  776 05:31:15    -2397.801668        1.365524
MDMin:  777 05:31:17    -2397.801836        1.499917
MDMin:  778 05:31:19    -2397.801918        1.081991
MDMin:  779 05:31:21    -2397.802061        0.567680
MDMin:  780 05:31:23    -2397.802303        0.297608
MDMin:  781 05:31:24    -2397.802536        0.380060
MDMin:  782 05:31:26    -2397.802768        0.445775
MDMin:  783 05:31:28    -2397.803025        0.472729
MDMin:  784 05:31:29    -2397.803320        0.463794
MDMin:  785 05:31:31    -2397.803667        0.427889
MDMin:  786 05:31:32    -2397.804081        0.386215
MDMin:  787 05:31:34    -2397.804568        0.353216
MDMin:  788 05:31:35    -2397.805131        0.308315
MDMin:  789 05:31:36    -2397.805783        0.341188
MDMin:  790 05:31:38    -2397.805527        0.575288
MDMin:  791 05:31:40    -2397.805567        0.305960
MDMin:  792 05:31:42    -2397.805697        0.243613
MDMin:  793 05:31:43    -2397.805845        0.261791
MDMin:  794 05:31:44    -2397.806058        0.253203
MDMin:  795 05:31:46    -2397.806334        0.251657
MDMin:  796 05:31:48    -2397.806656        0.236677
MDMin:  797 05:31:50    -2397.806937        0.250598
MDMin:  798 05:31:52    -2397.806636        0.229892
MDMin:  799 05:31:54    -2397.807029        0.399913
MDMin:  800 05:31:57    -2397.807310        0.553211
MDMin:  801 05:31:59    -2397.807332        0.338158
MDMin:  802 05:32:01    -2397.807403        0.221391
MDMin:  803 05:32:03    -2397.807456        0.219921
MDMin:  804 05:32:04    -2397.807310        0.219099
MDMin:  805 05:32:06    -2397.807461        0.217930
MDMin:  806 05:32:08    -2397.807642        0.216467
MDMin:  807 05:32:10    -2397.807711        0.214584
MDMin:  808 05:32:12    -2397.807421        0.212688
MDMin:  809 05:32:13    -2397.807654        0.210469
MDMin:  810 05:32:15    -2397.807887        0.208182
MDMin:  811 05:32:16    -2397.808120        0.205298
MDMin:  812 05:32:18    -2397.808188        0.202867
MDMin:  813 05:32:20    -2397.807661        0.272100
MDMin:  814 05:32:21    -2397.807816        0.197878
MDMin:  815 05:32:23    -2397.807918        0.202853
MDMin:  816 05:32:25    -2397.807999        0.193271
MDMin:  817 05:32:27    -2397.808090        0.191780
MDMin:  818 05:32:29    -2397.808186        0.190310
MDMin:  819 05:32:31    -2397.808284        0.188445
MDMin:  820 05:32:33    -2397.808378        0.186568
MDMin:  821 05:32:34    -2397.808463        0.184260
MDMin:  822 05:32:35    -2397.808534        0.182217
MDMin:  823 05:32:37    -2397.808586        0.179457
MDMin:  824 05:32:39    -2397.808616        0.177731
MDMin:  825 05:32:41    -2397.808631        0.175537
MDMin:  826 05:32:42    -2397.808639        0.174581
MDMin:  827 05:32:44    -2397.808643        0.173328
MDMin:  828 05:32:46    -2397.808641        0.172217
MDMin:  829 05:32:48    -2397.808631        0.170876
MDMin:  830 05:32:50    -2397.808612        0.169625
MDMin:  831 05:32:52    -2397.808581        0.168180
MDMin:  832 05:32:54    -2397.808538        0.166953
MDMin:  833 05:32:56    -2397.808481        0.165461
MDMin:  834 05:32:57    -2397.808414        0.164484
MDMin:  835 05:32:59    -2397.808340        0.167422
MDMin:  836 05:33:01    -2397.808273        0.162283
MDMin:  837 05:33:02    -2397.808211        0.166207
MDMin:  838 05:33:04    -2397.808148        0.161156
MDMin:  839 05:33:06    -2397.808077        0.165345
MDMin:  840 05:33:07    -2397.807996        0.162676
MDMin:  841 05:33:09    -2397.807904        0.170864
MDMin:  842 05:33:10    -2397.807800        0.170118
MDMin:  843 05:33:12    -2397.807684        0.180773
MDMin:  844 05:33:14    -2397.807557        0.178485
MDMin:  845 05:33:16    -2397.807422        0.194242
MDMin:  846 05:33:17    -2397.807289        0.180548
MDMin:  847 05:33:19    -2397.807175        0.201908
MDMin:  848 05:33:21    -2397.807089        0.203397
MDMin:  849 05:33:22    -2397.807010        0.217983
MDMin:  850 05:33:24    -2397.806924        0.223050
MDMin:  851 05:33:26    -2397.806828        0.232416
MDMin:  852 05:33:28    -2397.806722        0.241151
MDMin:  853 05:33:29    -2397.806606        0.252478
MDMin:  854 05:33:30    -2397.806482        0.259820
MDMin:  855 05:33:32    -2397.806359        0.243597
MDMin:  856 05:33:34    -2397.806268        0.269278
MDMin:  857 05:33:36    -2397.806233        0.298740
MDMin:  858 05:33:38    -2397.806190        0.301626
MDMin:  859 05:33:39    -2397.806134        0.311510
MDMin:  860 05:33:41    -2397.806066        0.323609
MDMin:  861 05:33:43    -2397.805986        0.339883
MDMin:  862 05:33:45    -2397.805897        0.559825
MDMin:  863 05:33:47    -2397.805890        0.338136
MDMin:  864 05:33:49    -2397.805878        0.313260
MDMin:  865 05:33:51    -2397.805856        0.486295
MDMin:  866 05:33:54    -2397.805849        0.361606
MDMin:  867 05:33:56    -2397.805838        0.349208
MDMin:  868 05:33:58    -2397.805814        0.419007
MDMin:  869 05:34:00    -2397.805793        0.702741
MDMin:  870 05:34:02    -2397.805779        0.352395
MDMin:  871 05:34:04    -2397.805758        0.334938
MDMin:  872 05:34:06    -2397.805738        0.356963
MDMin:  873 05:34:07    -2397.805706        0.368893
MDMin:  874 05:34:08    -2397.805661        0.374106
MDMin:  875 05:34:09    -2397.805604        0.288986
MDMin:  876 05:34:11    -2397.805534        0.383520
MDMin:  877 05:34:13    -2397.805513        0.643987
MDMin:  878 05:34:14    -2397.805495        0.448284
MDMin:  879 05:34:15    -2397.805479        0.350322
MDMin:  880 05:34:16    -2397.805451        0.411139
MDMin:  881 05:34:17    -2397.805421        0.679302
MDMin:  882 05:34:19    -2397.805413        0.383587
MDMin:  883 05:34:20    -2397.805395        0.373989
MDMin:  884 05:34:22    -2397.805383        0.393893
MDMin:  885 05:34:23    -2397.805358        0.415915
MDMin:  886 05:34:25    -2397.805321        0.302524
MDMin:  887 05:34:27    -2397.805290        0.475532
MDMin:  888 05:34:29    -2397.805283        0.512641
MDMin:  889 05:34:30    -2397.805264        0.328364
MDMin:  890 05:34:32    -2397.805258        0.306820
MDMin:  891 05:34:34    -2397.805238        0.402130
MDMin:  892 05:34:36    -2397.805217        0.350764
MDMin:  893 05:34:38    -2397.805210        0.381389
MDMin:  894 05:34:40    -2397.805195        0.347852
MDMin:  895 05:34:41    -2397.805174        0.644771
MDMin:  896 05:34:43    -2397.805164        0.382491
MDMin:  897 05:34:45    -2397.805146        0.431986
MDMin:  898 05:34:46    -2397.805132        0.431193
MDMin:  899 05:34:48    -2397.805104        0.456596
MDMin:  900 05:34:50    -2397.805064        0.492805
MDMin:  901 05:34:52    -2397.805016        0.458757
MDMin:  902 05:34:53    -2397.804962        0.456113
MDMin:  903 05:34:55    -2397.804901        0.518813
MDMin:  904 05:34:58    -2397.804831        0.537620
MDMin:  905 05:34:59    -2397.804754        0.530394
MDMin:  906 05:35:01    -2397.804681        1.058121
MDMin:  907 05:35:02    -2397.804617        1.626547
MDMin:  908 05:35:03    -2397.804558        1.979388
MDMin:  909 05:35:04    -2397.804497        1.920013
MDMin:  910 05:35:06    -2397.804425        1.510640
MDMin:  911 05:35:07    -2397.804326        1.007361
MDMin:  912 05:35:09    -2397.804171        0.543877
MDMin:  913 05:35:11    -2397.803941        0.324034
MDMin:  914 05:35:12    -2397.803599        0.198593
MDMin:  915 05:35:14    -2397.803328        0.240403
MDMin:  916 05:35:16    -2397.803054        0.264522
MDMin:  917 05:35:17    -2397.802777        0.281614
MDMin:  918 05:35:19    -2397.802497        0.298350
MDMin:  919 05:35:21    -2397.802217        0.316646
MDMin:  920 05:35:23    -2397.801939        0.338203
MDMin:  921 05:35:24    -2397.801666        0.364683
MDMin:  922 05:35:26    -2397.801403        0.396037
MDMin:  923 05:35:28    -2397.801155        0.434591
MDMin:  924 05:35:29    -2397.800929        0.474984
MDMin:  925 05:35:31    -2397.800732        0.518577
MDMin:  926 05:35:32    -2397.800574        0.544498
MDMin:  927 05:35:34    -2397.800457        0.563318
MDMin:  928 05:35:36    -2397.800379        0.572799
MDMin:  929 05:35:38    -2397.800325        0.571543
MDMin:  930 05:35:40    -2397.800285        0.465566
MDMin:  931 05:35:42    -2397.800269        0.652163
MDMin:  932 05:35:44    -2397.800252        0.486033
MDMin:  933 05:35:45    -2397.800236        0.391516
MDMin:  934 05:35:47    -2397.800230        0.475043
MDMin:  935 05:35:49    -2397.800214        0.507166
MDMin:  936 05:35:51    -2397.800207        0.684513
MDMin:  937 05:35:53    -2397.800192        0.455172
MDMin:  938 05:35:54    -2397.800176        0.385467
MDMin:  939 05:35:55    -2397.800167        0.508826
MDMin:  940 05:35:57    -2397.800150        0.422671
MDMin:  941 05:35:59    -2397.800141        0.711201
MDMin:  942 05:36:00    -2397.800123        0.595173
MDMin:  943 05:36:02    -2397.800093        0.414206
MDMin:  944 05:36:04    -2397.800051        0.349595
MDMin:  945 05:36:06    -2397.800018        0.511774
MDMin:  946 05:36:07    -2397.799994        0.685730
MDMin:  947 05:36:08    -2397.799968        0.727702
MDMin:  948 05:36:10    -2397.799942        0.681848
MDMin:  949 05:36:12    -2397.799904        0.400117
MDMin:  950 05:36:13    -2397.799898        0.576330
MDMin:  951 05:36:15    -2397.799884        0.435673
MDMin:  952 05:36:16    -2397.799878        0.684710
MDMin:  953 05:36:19    -2397.799860        0.502518
MDMin:  954 05:36:21    -2397.799854        0.553870
MDMin:  955 05:36:23    -2397.799842        0.575018
MDMin:  956 05:36:25    -2397.799830        0.406354
MDMin:  957 05:36:26    -2397.799818        0.615497
MDMin:  958 05:36:27    -2397.799801        0.682231
MDMin:  959 05:36:28    -2397.799780        0.637487
MDMin:  960 05:36:30    -2397.799753        0.556817
MDMin:  961 05:36:32    -2397.799722        0.461389
MDMin:  962 05:36:33    -2397.799694        0.482551
MDMin:  963 05:36:35    -2397.799664        0.583926
MDMin:  964 05:36:37    -2397.799632        0.727892
MDMin:  965 05:36:39    -2397.799594        0.808331
MDMin:  966 05:36:41    -2397.799548        0.841492
MDMin:  967 05:36:42    -2397.799492        0.854366
MDMin:  968 05:36:43    -2397.799426        0.854048
MDMin:  969 05:36:45    -2397.799348        0.842923
MDMin:  970 05:36:47    -2397.799256        0.820470
MDMin:  971 05:36:49    -2397.799149        0.784018
MDMin:  972 05:36:51    -2397.799024        0.728467
MDMin:  973 05:36:53    -2397.798879        0.643500
MDMin:  974 05:36:55    -2397.798708        0.506366
MDMin:  975 05:36:57    -2397.798506        0.285493
MDMin:  976 05:36:59    -2397.798288        0.456362
MDMin:  977 05:37:01    -2397.798136        0.616578
MDMin:  978 05:37:03    -2397.798031        0.995065
MDMin:  979 05:37:05    -2397.797946        1.346689
MDMin:  980 05:37:07    -2397.797871        1.532669
MDMin:  981 05:37:10    -2397.797806        1.931145
MDMin:  982 05:37:12    -2397.797766        1.517453
MDMin:  983 05:37:14    -2397.797731        1.530796
MDMin:  984 05:37:15    -2397.797681        1.163688
MDMin:  985 05:37:17    -2397.797610        0.590356
MDMin:  986 05:37:19    -2397.797511        0.497142
MDMin:  987 05:37:21    -2397.797407        0.484910
MDMin:  988 05:37:23    -2397.797327        0.666578
MDMin:  989 05:37:25    -2397.797252        0.786084
MDMin:  990 05:37:27    -2397.797179        0.874347
MDMin:  991 05:37:28    -2397.797105        0.939553
MDMin:  992 05:37:30    -2397.797032        1.111613
MDMin:  993 05:37:32    -2397.796967        1.019473
MDMin:  994 05:37:34    -2397.796887        0.868751
MDMin:  995 05:37:36    -2397.796789        0.808233
MDMin:  996 05:37:38    -2397.796669        0.708952
MDMin:  997 05:37:40    -2397.796519        0.528002
MDMin:  998 05:37:42    -2397.796338        0.418138
MDMin:  999 05:37:44    -2397.796199        0.661750
MDMin:  1000 05:37:46    -2397.796117        0.844142
MDMin:  1001 05:37:48    -2397.796050        1.271874
MDMin:  1002 05:37:49    -2397.795989        1.688753
MDMin:  1003 05:37:51    -2397.795935        1.783254
MDMin:  1004 05:37:52    -2397.795887        0.877912
MDMin:  1005 05:37:54    -2397.795882        0.903231
MDMin:  1006 05:37:56    -2397.795866        1.105946
MDMin:  1007 05:37:57    -2397.795845        0.892087
MDMin:  1008 05:37:59    -2397.795809        0.674073
MDMin:  1009 05:38:01    -2397.795756        0.552962
MDMin:  1010 05:38:03    -2397.795731        0.701815
MDMin:  1011 05:38:05    -2397.795709        1.335198
MDMin:  1012 05:38:06    -2397.795686        1.596999
MDMin:  1013 05:38:07    -2397.795665        0.484507
MDMin:  1014 05:38:08    -2397.795660        0.535756
MDMin:  1015 05:38:10    -2397.795647        1.005218
MDMin:  1016 05:38:11    -2397.795634        1.670246
MDMin:  1017 05:38:13    -2397.795628        0.708179
MDMin:  1018 05:38:15    -2397.795612        0.659129
MDMin:  1019 05:38:17    -2397.795607        0.795508
MDMin:  1020 05:38:19    -2397.795593        1.271447
MDMin:  1021 05:38:21    -2397.795577        1.169545
MDMin:  1022 05:38:22    -2397.795551        1.050114
MDMin:  1023 05:38:24    -2397.795512        0.896007
MDMin:  1024 05:38:26    -2397.795461        0.845972
MDMin:  1025 05:38:28    -2397.795395        0.780732
MDMin:  1026 05:38:30    -2397.795309        0.638473
MDMin:  1027 05:38:32    -2397.795201        0.347451
MDMin:  1028 05:38:34    -2397.795098        0.677631
MDMin:  1029 05:38:36    -2397.795038        0.767602
MDMin:  1030 05:38:38    -2397.794988        1.205619
MDMin:  1031 05:38:39    -2397.794942        1.687940
MDMin:  1032 05:38:40    -2397.794899        1.961861
MDMin:  1033 05:38:43    -2397.794859        1.864573
MDMin:  1034 05:38:44    -2397.794836        2.031588
MDMin:  1035 05:38:45    -2397.794821        1.698474
MDMin:  1036 05:38:47    -2397.794796        0.960095
MDMin:  1037 05:38:49    -2397.794755        0.635469
MDMin:  1038 05:38:51    -2397.794698        0.612734
MDMin:  1039 05:38:53    -2397.794670        0.768202
MDMin:  1040 05:38:55    -2397.794638        0.879211
MDMin:  1041 05:38:56    -2397.794604        0.927165
MDMin:  1042 05:38:58    -2397.794568        1.222523
MDMin:  1043 05:39:00    -2397.794531        0.815082
MDMin:  1044 05:39:02    -2397.794474        0.575228
MDMin:  1045 05:39:04    -2397.794470        0.651911
MDMin:  1046 05:39:06    -2397.794457        0.769810
MDMin:  1047 05:39:07    -2397.794440        1.671340
MDMin:  1048 05:39:09    -2397.794423        1.881126
MDMin:  1049 05:39:10    -2397.794410        1.962786
MDMin:  1050 05:39:12    -2397.794392        1.393607
MDMin:  1051 05:39:13    -2397.794362        0.754606
MDMin:  1052 05:39:15    -2397.794316        0.398643
MDMin:  1053 05:39:16    -2397.794281        0.709365
MDMin:  1054 05:39:17    -2397.794250        0.861045
MDMin:  1055 05:39:19    -2397.794218        0.922349
MDMin:  1056 05:39:20    -2397.794185        1.169052
MDMin:  1057 05:39:22    -2397.794151        1.891143
MDMin:  1058 05:39:23    -2397.794147        0.608673
MDMin:  1059 05:39:25    -2397.794138        0.930347
MDMin:  1060 05:39:27    -2397.794132        1.561831
MDMin:  1061 05:39:29    -2397.794119        1.660140
MDMin:  1062 05:39:31    -2397.794099        1.719874
MDMin:  1063 05:39:33    -2397.794070        1.751553
MDMin:  1064 05:39:35    -2397.794033        1.757702
MDMin:  1065 05:39:37    -2397.793989        1.738669
MDMin:  1066 05:39:39    -2397.793936        1.693706
MDMin:  1067 05:39:41    -2397.793875        1.621983
MDMin:  1068 05:39:43    -2397.793807        1.523974
MDMin:  1069 05:39:45    -2397.793730        1.402535
MDMin:  1070 05:39:47    -2397.793644        1.262439
MDMin:  1071 05:39:49    -2397.793550        1.108086
MDMin:  1072 05:39:51    -2397.793445        0.956673
MDMin:  1073 05:39:53    -2397.793331        0.978007
MDMin:  1074 05:39:54    -2397.793205        0.983896
MDMin:  1075 05:39:55    -2397.793067        0.967928
MDMin:  1076 05:39:57    -2397.792916        0.919212
MDMin:  1077 05:39:59    -2397.792754        0.835157
MDMin:  1078 05:40:01    -2397.792625        0.956235
MDMin:  1079 05:40:03    -2397.792515        0.852887
MDMin:  1080 05:40:05    -2397.792402        0.865509
MDMin:  1081 05:40:07    -2397.792283        0.807917
MDMin:  1082 05:40:08    -2397.792158        0.690396
MDMin:  1083 05:40:10    -2397.792025        0.820462
MDMin:  1084 05:40:13    -2397.791888        0.910694
MDMin:  1085 05:40:15    -2397.791754        0.963925
MDMin:  1086 05:40:17    -2397.791628        0.986490
MDMin:  1087 05:40:19    -2397.791513        0.968187
MDMin:  1088 05:40:21    -2397.791406        0.885672
MDMin:  1089 05:40:23    -2397.791302        0.814780
MDMin:  1090 05:40:25    -2397.791198        0.901552
MDMin:  1091 05:40:27    -2397.791093        0.930369
MDMin:  1092 05:40:29    -2397.790987        0.938370
MDMin:  1093 05:40:31    -2397.790881        0.972692
MDMin:  1094 05:40:33    -2397.790785        1.044409
MDMin:  1095 05:40:35    -2397.790722        1.091524
MDMin:  1096 05:40:37    -2397.790699        1.097717
MDMin:  1097 05:40:39    -2397.790674        1.102022
MDMin:  1098 05:40:41    -2397.790648        1.092869
MDMin:  1099 05:40:43    -2397.790621        1.122707
MDMin:  1100 05:40:44    -2397.790595        1.532174
MDMin:  1101 05:40:46    -2397.790571        1.497526
MDMin:  1102 05:40:48    -2397.790545        1.433548
MDMin:  1103 05:40:50    -2397.790516        1.360285
MDMin:  1104 05:40:52    -2397.790486        1.282897
MDMin:  1105 05:40:54    -2397.790454        1.201763
MDMin:  1106 05:40:56    -2397.790422        1.116042
MDMin:  1107 05:40:58    -2397.790391        1.024819
MDMin:  1108 05:41:00    -2397.790362        0.925155
MDMin:  1109 05:41:02    -2397.790337        0.810783
MDMin:  1110 05:41:04    -2397.790316        0.674098
MDMin:  1111 05:41:05    -2397.790304        0.509514
MDMin:  1112 05:41:06    -2397.790304        0.397770
MDMin:  1113 05:41:07    -2397.790324        0.374509
MDMin:  1114 05:41:08    -2397.790381        0.310752
MDMin:  1115 05:41:10    -2397.790480        0.491403
MDMin:  1116 05:41:11    -2397.790507        0.271554
MDMin:  1117 05:41:13    -2397.790510        0.272760
MDMin:  1118 05:41:15    -2397.790516        0.275222
MDMin:  1119 05:41:17    -2397.790525        0.279087
MDMin:  1120 05:41:19    -2397.790539        0.284404
MDMin:  1121 05:41:21    -2397.790556        0.291077
MDMin:  1122 05:41:23    -2397.790578        0.299021
MDMin:  1123 05:41:25    -2397.790604        0.308160
MDMin:  1124 05:41:27    -2397.790636        0.318375
MDMin:  1125 05:41:29    -2397.790673        0.329501
MDMin:  1126 05:41:31    -2397.790716        0.341327
MDMin:  1127 05:41:33    -2397.790767        0.353613
MDMin:  1128 05:41:35    -2397.790825        0.366101
MDMin:  1129 05:41:37    -2397.790892        0.378512
MDMin:  1130 05:41:39    -2397.790968        0.390552
MDMin:  1131 05:41:41    -2397.791054        0.401910
MDMin:  1132 05:41:43    -2397.791151        0.412244
MDMin:  1133 05:41:44    -2397.791259        0.421143
MDMin:  1134 05:41:46    -2397.791380        0.428065
MDMin:  1135 05:41:48    -2397.791514        0.432221
MDMin:  1136 05:41:51    -2397.791660        0.432372
MDMin:  1137 05:41:53    -2397.791821        0.426502
MDMin:  1138 05:41:55    -2397.791993        0.411318
MDMin:  1139 05:41:57    -2397.792178        0.425827
MDMin:  1140 05:41:59    -2397.792373        0.517646
MDMin:  1141 05:42:00    -2397.792575        0.619220
MDMin:  1142 05:42:02    -2397.792782        0.719188
MDMin:  1143 05:42:03    -2397.792991        0.796679
MDMin:  1144 05:42:05    -2397.793199        0.823222
MDMin:  1145 05:42:07    -2397.793404        0.770178
MDMin:  1146 05:42:08    -2397.793608        0.777115
MDMin:  1147 05:42:09    -2397.793822        0.950644
MDMin:  1148 05:42:11    -2397.794035        1.074300
MDMin:  1149 05:42:12    -2397.794253        1.135643
MDMin:  1150 05:42:13    -2397.794481        1.145999
MDMin:  1151 05:42:15    -2397.794727        1.118764
MDMin:  1152 05:42:17    -2397.794997        1.063708
MDMin:  1153 05:42:19    -2397.795295        0.987009
MDMin:  1154 05:42:22    -2397.795630        0.892264
MDMin:  1155 05:42:24    -2397.796007        0.782227
MDMin:  1156 05:42:26    -2397.796437        0.660382
MDMin:  1157 05:42:28    -2397.796932        0.533318
MDMin:  1158 05:42:30    -2397.797492        0.502737
MDMin:  1159 05:42:32    -2397.798003        0.727048
MDMin:  1160 05:42:34    -2397.798104        0.483165
MDMin:  1161 05:42:36    -2397.798263        0.476167
MDMin:  1162 05:42:39    -2397.798451        0.466827
MDMin:  1163 05:42:41    -2397.798671        0.454636
MDMin:  1164 05:42:43    -2397.798926        0.439162
MDMin:  1165 05:42:45    -2397.799221        0.420080
MDMin:  1166 05:42:47    -2397.799561        0.397192
MDMin:  1167 05:42:48    -2397.799949        0.370542
MDMin:  1168 05:42:50    -2397.800393        0.340538
MDMin:  1169 05:42:52    -2397.800896        0.308064
MDMin:  1170 05:42:55    -2397.801463        0.274534
MDMin:  1171 05:42:57    -2397.801637        0.276134
MDMin:  1172 05:42:59    -2397.802544        0.299071
MDMin:  1173 05:43:01    -2397.801810        0.320627
MDMin:  1174 05:43:03    -2397.802490        0.339384
MDMin:  1175 05:43:05    -2397.802908        0.355023
MDMin:  1176 05:43:07    -2397.803112        0.365373
MDMin:  1177 05:43:09    -2397.803223        0.373093
MDMin:  1178 05:43:11    -2397.803318        0.381043
MDMin:  1179 05:43:13    -2397.803402        0.389695
MDMin:  1180 05:43:15    -2397.803474        0.399016
MDMin:  1181 05:43:17    -2397.803533        0.408876
MDMin:  1182 05:43:20    -2397.803577        0.419144
MDMin:  1183 05:43:21    -2397.803606        0.429567
MDMin:  1184 05:43:22    -2397.803620        0.439786
MDMin:  1185 05:43:24    -2397.803618        0.449345
MDMin:  1186 05:43:25    -2397.803602        0.457710
MDMin:  1187 05:43:27    -2397.803572        0.464245
MDMin:  1188 05:43:28    -2397.803529        0.468434
MDMin:  1189 05:43:29    -2397.803472        0.469727
MDMin:  1190 05:43:31    -2397.803405        0.467678
MDMin:  1191 05:43:33    -2397.803331        0.462298
MDMin:  1192 05:43:36    -2397.803262        0.454971
MDMin:  1193 05:43:38    -2397.803209        0.448063
MDMin:  1194 05:43:40    -2397.803162        0.441130
MDMin:  1195 05:43:41    -2397.803111        0.432960
MDMin:  1196 05:43:42    -2397.803054        0.422963
MDMin:  1197 05:43:44    -2397.802991        0.410667
MDMin:  1198 05:43:46    -2397.802920        0.395525
MDMin:  1199 05:43:48    -2397.802843        0.376835
MDMin:  1200 05:43:50    -2397.802758        0.397980
MDMin:  1201 05:43:53    -2397.802667        0.439645
MDMin:  1202 05:43:54    -2397.802570        0.484239
MDMin:  1203 05:43:56    -2397.802466        0.530599
MDMin:  1204 05:43:58    -2397.802358        0.576468
MDMin:  1205 05:44:00    -2397.802246        0.618059
MDMin:  1206 05:44:02    -2397.802133        0.649992
MDMin:  1207 05:44:04    -2397.802024        0.666651
MDMin:  1208 05:44:06    -2397.801925        0.665649
MDMin:  1209 05:44:07    -2397.801838        0.650304
MDMin:  1210 05:44:08    -2397.801757        0.624547
MDMin:  1211 05:44:10    -2397.801674        0.588475
MDMin:  1212 05:44:12    -2397.801587        0.539774
MDMin:  1213 05:44:14    -2397.801490        0.474916
MDMin:  1214 05:44:16    -2397.801382        0.389303
MDMin:  1215 05:44:18    -2397.801258        0.281219
MDMin:  1216 05:44:20    -2397.801124        0.196574
MDMin:  1217 05:44:21    -2397.801033        0.186967
MDMin:  1218 05:44:22    -2397.800986        0.181339
MDMin:  1219 05:44:24    -2397.800928        0.174158
MDMin:  1220 05:44:26    -2397.800858        0.165513
MDMin:  1221 05:44:28    -2397.800776        0.155458
MDMin:  1222 05:44:30    -2397.800681        0.144168
