       Step     Time          Energy          fmax
MDMin:    0 03:51:05    -2393.913845        7.610197
MDMin:    1 03:51:08    -2393.914894        7.452896
MDMin:    2 03:51:10    -2393.917916        6.806799
MDMin:    3 03:51:12    -2393.922586        5.509852
MDMin:    4 03:51:13    -2393.928468        4.047334
MDMin:    5 03:51:15    -2393.934952        4.317582
MDMin:    6 03:51:17    -2393.941464        4.439150
MDMin:    7 03:51:19    -2393.947965        3.190585
MDMin:    8 03:51:21    -2393.955002        1.574822
MDMin:    9 03:51:23    -2393.962836        1.533233
MDMin:   10 03:51:25    -2393.971542        1.517845
MDMin:   11 03:51:26    -2393.981541        1.319554
MDMin:   12 03:51:28    -2393.993870        1.278501
MDMin:   13 03:51:29    -2394.009141        1.384806
MDMin:   14 03:51:31    -2394.028289        1.509253
MDMin:   15 03:51:32    -2394.053715        1.540963
MDMin:   16 03:51:34    -2394.087400        1.616935
MDMin:   17 03:51:36    -2394.129399        1.524353
MDMin:   18 03:51:38    -2394.170439        2.186802
MDMin:   19 03:51:40    -2394.195289        1.310575
MDMin:   20 03:51:41    -2394.224331        1.263132
MDMin:   21 03:51:43    -2394.259554        1.173702
MDMin:   22 03:51:45    -2394.301938        1.095554
MDMin:   23 03:51:47    -2394.351719        1.110880
MDMin:   24 03:51:48    -2394.408224        1.106287
MDMin:   25 03:51:50    -2394.469621        1.082064
MDMin:   26 03:51:52    -2394.533518        1.039848
MDMin:   27 03:51:53    -2394.597014        0.982742
MDMin:   28 03:51:55    -2394.657517        0.946174
MDMin:   29 03:51:57    -2394.713417        1.069636
MDMin:   30 03:51:59    -2394.766052        1.190242
MDMin:   31 03:52:01    -2394.817475        1.145135
MDMin:   32 03:52:03    -2394.867328        1.450802
MDMin:   33 03:52:05    -2394.906184        1.277639
MDMin:   34 03:52:06    -2394.948995        1.277478
MDMin:   35 03:52:07    -2395.002336        1.306165
MDMin:   36 03:52:09    -2395.068089        1.333901
MDMin:   37 03:52:10    -2395.141187        1.272148
MDMin:   38 03:52:12    -2395.211682        1.247910
MDMin:   39 03:52:14    -2395.271136        1.322084
MDMin:   40 03:52:15    -2395.300684        1.354106
MDMin:   41 03:52:16    -2395.319920        1.310409
MDMin:   42 03:52:17    -2395.337252        1.232381
MDMin:   43 03:52:19    -2395.353998        1.094057
MDMin:   44 03:52:21    -2395.371198        0.902040
MDMin:   45 03:52:24    -2395.389593        0.791595
MDMin:   46 03:52:26    -2395.409109        1.159799
MDMin:   47 03:52:27    -2395.424773        1.745763
MDMin:   48 03:52:29    -2395.430585        0.796100
MDMin:   49 03:52:31    -2395.437753        0.829074
MDMin:   50 03:52:33    -2395.446514        0.868128
MDMin:   51 03:52:34    -2395.457174        0.912219
MDMin:   52 03:52:36    -2395.470159        0.958185
MDMin:   53 03:52:38    -2395.486064        0.999394
MDMin:   54 03:52:40    -2395.505738        1.025161
MDMin:   55 03:52:42    -2395.530418        1.090453
MDMin:   56 03:52:44    -2395.561931        1.139787
MDMin:   57 03:52:46    -2395.602952        1.143189
MDMin:   58 03:52:47    -2395.657206        1.084915
MDMin:   59 03:52:48    -2395.729125        1.035953
MDMin:   60 03:52:50    -2395.822151        1.130062
MDMin:   61 03:52:52    -2395.935627        1.175847
MDMin:   62 03:52:53    -2395.999108        1.332245
MDMin:   63 03:52:54    -2396.008353        1.250630
MDMin:   64 03:52:55    -2396.017682        1.311405
MDMin:   65 03:52:56    -2396.027401        1.305071
MDMin:   66 03:52:58    -2396.037775        1.167550
MDMin:   67 03:52:59    -2396.049018        1.032621
MDMin:   68 03:53:01    -2396.061175        1.064256
MDMin:   69 03:53:03    -2396.074196        0.962302
MDMin:   70 03:53:05    -2396.088040        0.822559
MDMin:   71 03:53:07    -2396.102330        0.948770
MDMin:   72 03:53:08    -2396.116448        1.121306
MDMin:   73 03:53:09    -2396.130001        1.178902
MDMin:   74 03:53:11    -2396.143027        1.019124
MDMin:   75 03:53:12    -2396.155313        0.901065
MDMin:   76 03:53:14    -2396.165324        1.696412
MDMin:   77 03:53:16    -2396.168958        1.000781
MDMin:   78 03:53:18    -2396.170995        0.929710
MDMin:   79 03:53:20    -2396.173296        0.909600
MDMin:   80 03:53:22    -2396.175877        0.881396
MDMin:   81 03:53:23    -2396.178723        0.845906
MDMin:   82 03:53:25    -2396.181815        0.805570
MDMin:   83 03:53:27    -2396.185131        0.763967
MDMin:   84 03:53:29    -2396.188648        0.724720
MDMin:   85 03:53:30    -2396.192340        0.690349
MDMin:   86 03:53:31    -2396.196183        0.673372
MDMin:   87 03:53:33    -2396.200154        0.667158
MDMin:   88 03:53:35    -2396.204234        0.690385
MDMin:   89 03:53:37    -2396.208414        0.723425
MDMin:   90 03:53:39    -2396.212705        0.710518
MDMin:   91 03:53:41    -2396.217126        0.652304
MDMin:   92 03:53:42    -2396.221685        0.633293
MDMin:   93 03:53:44    -2396.226372        0.687095
MDMin:   94 03:53:45    -2396.230970        0.762745
MDMin:   95 03:53:46    -2396.234145        0.847905
MDMin:   96 03:53:48    -2396.237661        0.931207
MDMin:   97 03:53:50    -2396.240327        0.982353
MDMin:   98 03:53:52    -2396.242334        0.993331
MDMin:   99 03:53:54    -2396.243850        0.983330
MDMin:  100 03:53:55    -2396.245233        0.962947
MDMin:  101 03:53:56    -2396.246277        0.936661
MDMin:  102 03:53:57    -2396.247649        0.908307
MDMin:  103 03:53:59    -2396.248995        0.878187
MDMin:  104 03:54:01    -2396.250059        0.850972
MDMin:  105 03:54:02    -2396.251501        0.828287
MDMin:  106 03:54:04    -2396.252838        0.807878
MDMin:  107 03:54:06    -2396.253886        0.790868
MDMin:  108 03:54:08    -2396.255386        0.789893
MDMin:  109 03:54:09    -2396.256611        0.844497
MDMin:  110 03:54:10    -2396.257717        0.898953
MDMin:  111 03:54:12    -2396.259269        0.947485
MDMin:  112 03:54:13    -2396.259953        0.985512
MDMin:  113 03:54:14    -2396.261554        1.068726
MDMin:  114 03:54:16    -2396.262759        1.135616
MDMin:  115 03:54:17    -2396.263971        1.161582
MDMin:  116 03:54:18    -2396.265481        1.134826
MDMin:  117 03:54:19    -2396.266661        1.058087
MDMin:  118 03:54:21    -2396.268488        0.989621
MDMin:  119 03:54:23    -2396.269897        1.006274
MDMin:  120 03:54:25    -2396.272006        1.013014
MDMin:  121 03:54:26    -2396.273993        1.010043
MDMin:  122 03:54:28    -2396.276311        0.998281
MDMin:  123 03:54:30    -2396.279410        0.979073
MDMin:  124 03:54:32    -2396.281877        0.954429
MDMin:  125 03:54:34    -2396.285967        0.925721
MDMin:  126 03:54:36    -2396.290789        0.894083
MDMin:  127 03:54:38    -2396.295493        0.863444
MDMin:  128 03:54:39    -2396.302171        0.835699
MDMin:  129 03:54:41    -2396.310141        0.861101
MDMin:  130 03:54:43    -2396.319680        0.946099
MDMin:  131 03:54:44    -2396.330877        1.012320
MDMin:  132 03:54:46    -2396.344278        1.022031
MDMin:  133 03:54:48    -2396.359754        0.979389
MDMin:  134 03:54:49    -2396.377695        0.928865
MDMin:  135 03:54:51    -2396.396311        0.896747
MDMin:  136 03:54:53    -2396.416678        0.875494
MDMin:  137 03:54:55    -2396.438450        0.859833
MDMin:  138 03:54:57    -2396.462830        0.844841
MDMin:  139 03:54:58    -2396.487245        0.828524
MDMin:  140 03:55:00    -2396.508916        0.809075
MDMin:  141 03:55:01    -2396.529351        0.785615
MDMin:  142 03:55:03    -2396.550441        0.791446
MDMin:  143 03:55:04    -2396.570701        0.800491
MDMin:  144 03:55:06    -2396.588582        0.805066
MDMin:  145 03:55:08    -2396.604070        0.806807
MDMin:  146 03:55:09    -2396.617356        0.807112
MDMin:  147 03:55:10    -2396.630419        0.806200
MDMin:  148 03:55:11    -2396.644237        0.803838
MDMin:  149 03:55:13    -2396.659075        0.799707
MDMin:  150 03:55:15    -2396.674949        0.793551
MDMin:  151 03:55:16    -2396.691732        0.785309
MDMin:  152 03:55:18    -2396.709060        0.775320
MDMin:  153 03:55:20    -2396.726222        0.764552
MDMin:  154 03:55:21    -2396.742568        0.754186
MDMin:  155 03:55:22    -2396.757605        0.744478
MDMin:  156 03:55:24    -2396.771627        0.734872
MDMin:  157 03:55:26    -2396.785639        0.724870
MDMin:  158 03:55:27    -2396.800197        0.714301
MDMin:  159 03:55:29    -2396.815542        0.745447
MDMin:  160 03:55:31    -2396.831646        0.796333
MDMin:  161 03:55:33    -2396.848342        0.852192
MDMin:  162 03:55:34    -2396.865350        0.909699
MDMin:  163 03:55:36    -2396.882286        0.964471
MDMin:  164 03:55:37    -2396.898841        1.013294
MDMin:  165 03:55:39    -2396.914849        1.054744
MDMin:  166 03:55:40    -2396.930652        1.087639
MDMin:  167 03:55:41    -2396.946766        1.110344
MDMin:  168 03:55:43    -2396.963461        1.121404
MDMin:  169 03:55:44    -2396.980915        1.120505
MDMin:  170 03:55:45    -2396.999123        1.108842
MDMin:  171 03:55:47    -2397.017929        1.088741
MDMin:  172 03:55:49    -2397.037084        1.062815
MDMin:  173 03:55:51    -2397.056073        1.033064
MDMin:  174 03:55:53    -2397.074703        1.000491
MDMin:  175 03:55:55    -2397.093062        0.965447
MDMin:  176 03:55:56    -2397.111448        0.939240
MDMin:  177 03:55:58    -2397.130120        0.955023
MDMin:  178 03:56:00    -2397.149070        0.965679
MDMin:  179 03:56:02    -2397.168106        0.970600
MDMin:  180 03:56:04    -2397.186885        0.970085
MDMin:  181 03:56:06    -2397.204902        0.965079
MDMin:  182 03:56:08    -2397.222041        0.956615
MDMin:  183 03:56:10    -2397.238450        0.945553
MDMin:  184 03:56:12    -2397.254360        0.932672
MDMin:  185 03:56:13    -2397.269972        0.918798
MDMin:  186 03:56:15    -2397.285212        0.904765
MDMin:  187 03:56:16    -2397.299967        0.891226
MDMin:  188 03:56:18    -2397.310302        2.596179
MDMin:  189 03:56:20    -2397.318483        0.873744
MDMin:  190 03:56:21    -2397.320219        2.561923
MDMin:  191 03:56:24    -2397.325823        0.865117
MDMin:  192 03:56:26    -2397.325920        2.536097
MDMin:  193 03:56:28    -2397.331137        0.858152
MDMin:  194 03:56:30    -2397.330372        2.511318
MDMin:  195 03:56:31    -2397.335167        2.486118
MDMin:  196 03:56:32    -2397.338456        1.100226
MDMin:  197 03:56:34    -2397.340790        2.439252
MDMin:  198 03:56:36    -2397.344633        2.412076
MDMin:  199 03:56:38    -2397.348181        1.323899
MDMin:  200 03:56:39    -2397.349028        2.359881
MDMin:  201 03:56:40    -2397.352142        2.332254
MDMin:  202 03:56:41    -2397.356467        2.288793
MDMin:  203 03:56:43    -2397.361691        2.231357
MDMin:  204 03:56:45    -2397.368359        2.163723
MDMin:  205 03:56:46    -2397.377755        2.091510
MDMin:  206 03:56:48    -2397.390978        2.019830
MDMin:  207 03:56:49    -2397.408424        1.951583
MDMin:  208 03:56:51    -2397.432475        1.880852
MDMin:  209 03:56:53    -2397.459921        1.940032
MDMin:  210 03:56:55    -2397.486944        1.916329
MDMin:  211 03:56:57    -2397.515129        1.714661
MDMin:  212 03:56:59    -2397.544948        1.665176
MDMin:  213 03:57:01    -2397.575384        1.617297
MDMin:  214 03:57:03    -2397.601296        1.807629
MDMin:  215 03:57:05    -2397.624129        1.628880
MDMin:  216 03:57:06    -2397.646091        1.633332
MDMin:  217 03:57:07    -2397.666753        1.655505
MDMin:  218 03:57:09    -2397.686650        1.622107
MDMin:  219 03:57:10    -2397.706753        1.492063
MDMin:  220 03:57:12    -2397.652926        1.511852
MDMin:  221 03:57:13    -2397.622205        1.448127
MDMin:  222 03:57:15    -2397.593159        1.393316
MDMin:  223 03:57:17    -2397.572427        1.347681
MDMin:  224 03:57:19    -2397.557880        1.306053
MDMin:  225 03:57:21    -2397.546942        1.264416
MDMin:  226 03:57:23    -2397.536861        1.219522
MDMin:  227 03:57:24    -2397.526308        1.170433
MDMin:  228 03:57:26    -2397.513690        1.117982
MDMin:  229 03:57:28    -2397.499324        1.065528
MDMin:  230 03:57:29    -2397.485500        1.066039
MDMin:  231 03:57:31    -2397.474580        1.026461
MDMin:  232 03:57:32    -2397.463590        0.965960
MDMin:  233 03:57:34    -2397.452530        0.937936
MDMin:  234 03:57:36    -2397.441539        0.911065
MDMin:  235 03:57:38    -2397.429393        0.881138
MDMin:  236 03:57:39    -2397.415862        0.847606
MDMin:  237 03:57:41    -2397.401845        0.811994
MDMin:  238 03:57:43    -2397.387861        0.775700
MDMin:  239 03:57:45    -2397.375363        0.744114
MDMin:  240 03:57:47    -2397.366435        0.734240
MDMin:  241 03:57:49    -2397.360717        0.727228
MDMin:  242 03:57:51    -2397.357583        0.721936
MDMin:  243 03:57:53    -2397.357477        0.718242
MDMin:  244 03:57:55    -2397.360860        0.726461
MDMin:  245 03:57:57    -2397.368092        0.756349
MDMin:  246 03:57:58    -2397.378894        0.791621
MDMin:  247 03:58:00    -2397.392540        0.830054
MDMin:  248 03:58:02    -2397.407917        0.866176
MDMin:  249 03:58:04    -2397.424161        0.891267
MDMin:  250 03:58:06    -2397.440833        0.896345
MDMin:  251 03:58:08    -2397.457414        0.878687
MDMin:  252 03:58:10    -2397.472510        0.844546
MDMin:  253 03:58:11    -2397.483571        0.805031
MDMin:  254 03:58:13    -2397.489481        0.769131
MDMin:  255 03:58:15    -2397.491797        0.740952
MDMin:  256 03:58:16    -2397.492305        0.720441
MDMin:  257 03:58:18    -2397.491742        0.705808
MDMin:  258 03:58:19    -2397.490351        0.695128
MDMin:  259 03:58:21    -2397.488313        0.686869
MDMin:  260 03:58:22    -2397.485900        0.680031
MDMin:  261 03:58:23    -2397.483526        0.674280
MDMin:  262 03:58:25    -2397.481462        0.669440
MDMin:  263 03:58:27    -2397.479415        0.664634
MDMin:  264 03:58:29    -2397.477183        0.659231
MDMin:  265 03:58:31    -2397.474658        0.652832
MDMin:  266 03:58:33    -2397.471812        0.645136
MDMin:  267 03:58:35    -2397.468627        0.635847
MDMin:  268 03:58:37    -2397.465114        0.624711
MDMin:  269 03:58:38    -2397.461290        0.611575
MDMin:  270 03:58:40    -2397.457237        0.596551
MDMin:  271 03:58:41    -2397.453100        0.580297
MDMin:  272 03:58:43    -2397.449257        0.564422
MDMin:  273 03:58:44    -2397.446096        0.551083
MDMin:  274 03:58:45    -2397.443553        0.540092
MDMin:  275 03:58:47    -2397.441014        0.529129
MDMin:  276 03:58:48    -2397.438307        0.517341
MDMin:  277 03:58:49    -2397.435360        0.507527
MDMin:  278 03:58:50    -2397.432176        0.509906
MDMin:  279 03:58:52    -2397.428744        0.512393
MDMin:  280 03:58:53    -2397.425094        0.514817
MDMin:  281 03:58:55    -2397.421236        0.516961
MDMin:  282 03:58:56    -2397.417274        0.518579
MDMin:  283 03:58:58    -2397.413352        0.519429
MDMin:  284 03:58:59    -2397.409903        0.519441
MDMin:  285 03:59:01    -2397.407201        0.518903
MDMin:  286 03:59:02    -2397.405046        0.518154
MDMin:  287 03:59:03    -2397.402860        0.517147
MDMin:  288 03:59:05    -2397.400563        0.515763
MDMin:  289 03:59:07    -2397.398130        0.513939
MDMin:  290 03:59:09    -2397.395619        0.511650
MDMin:  291 03:59:11    -2397.393084        0.508934
MDMin:  292 03:59:13    -2397.390647        0.519396
MDMin:  293 03:59:15    -2397.388442        0.537143
MDMin:  294 03:59:16    -2397.386710        0.555439
MDMin:  295 03:59:18    -2397.385688        0.570851
MDMin:  296 03:59:20    -2397.385693        0.581489
MDMin:  297 03:59:21    -2397.386655        0.587802
MDMin:  298 03:59:23    -2397.388295        0.592382
MDMin:  299 03:59:25    -2397.390518        0.596121
MDMin:  300 03:59:26    -2397.393653        0.599364
MDMin:  301 03:59:27    -2397.398018        0.599761
MDMin:  302 03:59:28    -2397.403961        0.591924
MDMin:  303 03:59:30    -2397.411781        0.566346
MDMin:  304 03:59:32    -2397.421716        0.514516
MDMin:  305 03:59:34    -2397.433789        0.477402
MDMin:  306 03:59:36    -2397.447656        0.465509
MDMin:  307 03:59:38    -2397.462366        0.449163
MDMin:  308 03:59:40    -2397.476460        0.489322
MDMin:  309 03:59:41    -2397.487679        0.524749
MDMin:  310 03:59:43    -2397.495372        0.413026
MDMin:  311 03:59:45    -2397.501805        0.415450
MDMin:  312 03:59:46    -2397.508257        0.417960
MDMin:  313 03:59:48    -2397.510906        0.420631
MDMin:  314 03:59:50    -2397.512906        0.422780
MDMin:  315 03:59:51    -2397.514770        0.424505
MDMin:  316 03:59:53    -2397.516477        0.425704
MDMin:  317 03:59:54    -2397.518011        0.426284
MDMin:  318 03:59:55    -2397.519352        0.426171
MDMin:  319 03:59:57    -2397.517826        0.425493
MDMin:  320 03:59:59    -2397.518772        0.425160
MDMin:  321 04:00:01    -2397.519636        0.424333
MDMin:  322 04:00:02    -2397.520411        0.422969
MDMin:  323 04:00:04    -2397.521089        0.421016
MDMin:  324 04:00:06    -2397.521656        0.418418
MDMin:  325 04:00:08    -2397.522099        0.415117
MDMin:  326 04:00:10    -2397.522403        0.411023
MDMin:  327 04:00:12    -2397.522549        0.405965
MDMin:  328 04:00:13    -2397.522519        0.399909
MDMin:  329 04:00:14    -2397.522310        0.393165
MDMin:  330 04:00:16    -2397.521997        0.541773
MDMin:  331 04:00:18    -2397.521770        0.383596
MDMin:  332 04:00:20    -2397.521550        0.380584
MDMin:  333 04:00:22    -2397.521276        0.377184
MDMin:  334 04:00:24    -2397.520936        0.373336
MDMin:  335 04:00:26    -2397.520517        0.369044
MDMin:  336 04:00:27    -2397.520006        0.364326
MDMin:  337 04:00:29    -2397.519390        0.359219
MDMin:  338 04:00:31    -2397.518652        0.353778
MDMin:  339 04:00:33    -2397.517779        0.348084
MDMin:  340 04:00:35    -2397.516753        0.342234
MDMin:  341 04:00:37    -2397.515557        0.336372
MDMin:  342 04:00:39    -2397.514176        0.330658
MDMin:  343 04:00:41    -2397.512593        0.325183
MDMin:  344 04:00:43    -2397.510792        0.322608
MDMin:  345 04:00:45    -2397.508776        0.331513
MDMin:  346 04:00:47    -2397.506599        0.340655
MDMin:  347 04:00:48    -2397.504591        0.464968
MDMin:  348 04:00:50    -2397.503315        0.355473
MDMin:  349 04:00:52    -2397.502359        0.360290
MDMin:  350 04:00:53    -2397.501311        0.365890
MDMin:  351 04:00:55    -2397.500124        0.372583
MDMin:  352 04:00:57    -2397.498789        0.380366
MDMin:  353 04:00:58    -2397.497304        0.388869
MDMin:  354 04:01:00    -2397.495664        0.397012
MDMin:  355 04:01:02    -2397.493866        0.402495
MDMin:  356 04:01:03    -2397.491903        0.401517
MDMin:  357 04:01:04    -2397.489765        0.389652
MDMin:  358 04:01:06    -2397.487432        0.364947
MDMin:  359 04:01:08    -2397.484884        0.337634
MDMin:  360 04:01:09    -2397.482110        0.342052
MDMin:  361 04:01:11    -2397.479120        0.346030
MDMin:  362 04:01:13    -2397.475973        0.349187
MDMin:  363 04:01:14    -2397.472886        0.351181
MDMin:  364 04:01:15    -2397.470454        0.466571
MDMin:  365 04:01:16    -2397.469140        0.351904
MDMin:  366 04:01:17    -2397.467994        0.351741
MDMin:  367 04:01:19    -2397.466738        0.351386
MDMin:  368 04:01:21    -2397.465368        0.350775
MDMin:  369 04:01:22    -2397.463895        0.349837
MDMin:  370 04:01:23    -2397.462336        0.348495
MDMin:  371 04:01:25    -2397.460711        0.366295
MDMin:  372 04:01:26    -2397.459041        0.400418
MDMin:  373 04:01:28    -2397.457350        0.439843
MDMin:  374 04:01:30    -2397.455660        0.483594
MDMin:  375 04:01:32    -2397.453995        0.528911
MDMin:  376 04:01:33    -2397.452372        0.570466
MDMin:  377 04:01:35    -2397.450802        0.600269
MDMin:  378 04:01:37    -2397.449288        0.609297
MDMin:  379 04:01:39    -2397.447832        0.591472
MDMin:  380 04:01:41    -2397.446440        0.548644
MDMin:  381 04:01:43    -2397.445160        0.493163
MDMin:  382 04:01:45    -2397.444148        0.517455
MDMin:  383 04:01:46    -2397.443661        0.422834
MDMin:  384 04:01:48    -2397.443390        0.410335
MDMin:  385 04:01:50    -2397.443097        0.396959
MDMin:  386 04:01:52    -2397.442790        0.383147
MDMin:  387 04:01:53    -2397.442481        0.369380
MDMin:  388 04:01:55    -2397.442182        0.356101
MDMin:  389 04:01:57    -2397.441905        0.346476
MDMin:  390 04:01:58    -2397.441667        0.349013
MDMin:  391 04:02:00    -2397.441483        0.351594
MDMin:  392 04:02:02    -2397.441369        0.354178
MDMin:  393 04:02:04    -2397.441341        0.356880
MDMin:  394 04:02:06    -2397.441412        0.360075
MDMin:  395 04:02:08    -2397.441595        0.364462
MDMin:  396 04:02:10    -2397.441898        0.370979
MDMin:  397 04:02:12    -2397.442323        0.380440
MDMin:  398 04:02:14    -2397.442869        0.392599
MDMin:  399 04:02:16    -2397.443528        0.404101
MDMin:  400 04:02:17    -2397.444287        0.405760
MDMin:  401 04:02:18    -2397.445130        0.384528
MDMin:  402 04:02:20    -2397.446026        0.339736
MDMin:  403 04:02:23    -2397.446872        0.550424
MDMin:  404 04:02:25    -2397.447379        0.670444
MDMin:  405 04:02:27    -2397.447553        0.316460
MDMin:  406 04:02:29    -2397.447770        0.317050
MDMin:  407 04:02:31    -2397.448012        0.317683
MDMin:  408 04:02:33    -2397.448272        0.318332
MDMin:  409 04:02:35    -2397.448547        0.318968
MDMin:  410 04:02:37    -2397.448831        0.319559
MDMin:  411 04:02:38    -2397.449119        0.320069
MDMin:  412 04:02:40    -2397.449405        0.320461
MDMin:  413 04:02:42    -2397.449688        0.320689
MDMin:  414 04:02:44    -2397.449965        0.320704
MDMin:  415 04:02:46    -2397.450235        0.320453
MDMin:  416 04:02:47    -2397.450503        0.319887
MDMin:  417 04:02:48    -2397.450773        0.318965
MDMin:  418 04:02:50    -2397.451053        0.319574
MDMin:  419 04:02:52    -2397.451355        0.320636
MDMin:  420 04:02:54    -2397.451691        0.321195
MDMin:  421 04:02:55    -2397.452078        0.321119
MDMin:  422 04:02:58    -2397.452530        0.320276
MDMin:  423 04:02:59    -2397.453062        0.318555
MDMin:  424 04:03:01    -2397.453686        0.315916
MDMin:  425 04:03:03    -2397.454369        0.646452
MDMin:  426 04:03:05    -2397.454811        0.705858
MDMin:  427 04:03:07    -2397.454935        0.400156
MDMin:  428 04:03:09    -2397.455115        0.310315
MDMin:  429 04:03:11    -2397.455337        0.310489
MDMin:  430 04:03:12    -2397.455599        0.310695
MDMin:  431 04:03:14    -2397.455902        0.310918
MDMin:  432 04:03:16    -2397.456249        0.311139
MDMin:  433 04:03:18    -2397.456642        0.311340
MDMin:  434 04:03:19    -2397.457084        0.311525
MDMin:  435 04:03:20    -2397.457577        0.311749
MDMin:  436 04:03:22    -2397.458123        0.312156
MDMin:  437 04:03:23    -2397.458725        0.313026
MDMin:  438 04:03:25    -2397.459383        0.314797
MDMin:  439 04:03:27    -2397.460097        0.318053
MDMin:  440 04:03:29    -2397.460865        0.323415
MDMin:  441 04:03:31    -2397.461683        0.331225
MDMin:  442 04:03:33    -2397.462545        0.340792
MDMin:  443 04:03:35    -2397.463443        0.348948
MDMin:  444 04:03:36    -2397.464370        0.348521
MDMin:  445 04:03:38    -2397.465319        0.330414
MDMin:  446 04:03:40    -2397.466284        0.293747
MDMin:  447 04:03:42    -2397.467252        0.291669
MDMin:  448 04:03:43    -2397.468204        0.294836
MDMin:  449 04:03:44    -2397.469114        0.296334
MDMin:  450 04:03:46    -2397.469946        0.295662
MDMin:  451 04:03:48    -2397.470616        0.660953
MDMin:  452 04:03:49    -2397.470878        0.655649
MDMin:  453 04:03:50    -2397.470920        0.471706
MDMin:  454 04:03:52    -2397.470983        0.289567
MDMin:  455 04:03:53    -2397.471065        0.288555
MDMin:  456 04:03:54    -2397.471156        0.287272
MDMin:  457 04:03:56    -2397.471253        0.285698
MDMin:  458 04:03:58    -2397.471349        0.284671
MDMin:  459 04:03:59    -2397.471441        0.283521
MDMin:  460 04:04:00    -2397.471521        0.282188
MDMin:  461 04:04:02    -2397.471584        0.280662
MDMin:  462 04:04:03    -2397.471620        0.278940
MDMin:  463 04:04:05    -2397.471623        0.277031
MDMin:  464 04:04:07    -2397.471583        0.274960
MDMin:  465 04:04:09    -2397.471491        0.272774
MDMin:  466 04:04:10    -2397.471335        0.270547
MDMin:  467 04:04:11    -2397.471104        0.268377
MDMin:  468 04:04:13    -2397.470787        0.266376
MDMin:  469 04:04:15    -2397.470372        0.264648
MDMin:  470 04:04:17    -2397.469845        0.263243
MDMin:  471 04:04:18    -2397.469193        0.262095
MDMin:  472 04:04:19    -2397.468401        0.260991
MDMin:  473 04:04:21    -2397.467457        0.259625
MDMin:  474 04:04:23    -2397.466344        0.257787
MDMin:  475 04:04:25    -2397.465050        0.255666
MDMin:  476 04:04:27    -2397.463593        0.327073
MDMin:  477 04:04:28    -2397.462246        0.689118
MDMin:  478 04:04:29    -2397.461826        0.254357
MDMin:  479 04:04:31    -2397.461378        0.254882
MDMin:  480 04:04:32    -2397.460855        0.255765
MDMin:  481 04:04:34    -2397.460252        0.257143
MDMin:  482 04:04:36    -2397.459565        0.259170
MDMin:  483 04:04:37    -2397.458789        0.262000
MDMin:  484 04:04:39    -2397.457919        0.265741
MDMin:  485 04:04:41    -2397.456950        0.270366
MDMin:  486 04:04:42    -2397.455875        0.275557
MDMin:  487 04:04:44    -2397.454690        0.280452
MDMin:  488 04:04:46    -2397.453386        0.283365
MDMin:  489 04:04:48    -2397.451956        0.281753
MDMin:  490 04:04:50    -2397.450386        0.272939
MDMin:  491 04:04:52    -2397.448662        0.269150
MDMin:  492 04:04:54    -2397.446767        0.271305
MDMin:  493 04:04:55    -2397.444685        0.273044
MDMin:  494 04:04:56    -2397.442401        0.274070
MDMin:  495 04:04:57    -2397.439897        0.274034
MDMin:  496 04:04:59    -2397.437158        0.272717
MDMin:  497 04:05:00    -2397.434188        0.270023
MDMin:  498 04:05:02    -2397.431160        0.423960
MDMin:  499 04:05:03    -2397.429046        0.570221
MDMin:  500 04:05:05    -2397.428380        0.261900
MDMin:  501 04:05:07    -2397.427485        0.260412
MDMin:  502 04:05:08    -2397.426441        0.258636
MDMin:  503 04:05:10    -2397.425241        0.256551
MDMin:  504 04:05:12    -2397.423880        0.254136
MDMin:  505 04:05:13    -2397.422349        0.251373
MDMin:  506 04:05:14    -2397.420640        0.248249
MDMin:  507 04:05:16    -2397.418744        0.244757
MDMin:  508 04:05:18    -2397.416650        0.240902
MDMin:  509 04:05:20    -2397.414347        0.236700
MDMin:  510 04:05:22    -2397.411823        0.234865
MDMin:  511 04:05:24    -2397.409064        0.233211
MDMin:  512 04:05:25    -2397.406057        0.231610
MDMin:  513 04:05:26    -2397.402786        0.230124
MDMin:  514 04:05:27    -2397.399236        0.228795
MDMin:  515 04:05:29    -2397.395390        0.227624
MDMin:  516 04:05:32    -2397.391230        0.226534
MDMin:  517 04:05:34    -2397.386738        0.225363
MDMin:  518 04:05:35    -2397.381894        0.223875
MDMin:  519 04:05:37    -2397.376680        0.221857
MDMin:  520 04:05:38    -2397.371085        0.223457
MDMin:  521 04:05:40    -2397.365177        0.290490
MDMin:  522 04:05:41    -2397.359698        0.533419
MDMin:  523 04:05:44    -2397.357353        0.361626
MDMin:  524 04:05:46    -2397.356097        0.231436
MDMin:  525 04:05:48    -2397.354547        0.232097
MDMin:  526 04:05:49    -2397.352749        0.232853
MDMin:  527 04:05:50    -2397.350700        0.233700
MDMin:  528 04:05:51    -2397.348397        0.234631
MDMin:  529 04:05:53    -2397.345836        0.235637
MDMin:  530 04:05:54    -2397.343014        0.236704
MDMin:  531 04:05:56    -2397.339931        0.237820
MDMin:  532 04:05:57    -2397.336587        0.238971
MDMin:  533 04:05:59    -2397.332986        0.240141
MDMin:  534 04:06:00    -2397.329138        0.241319
MDMin:  535 04:06:02    -2397.325056        0.242491
MDMin:  536 04:06:03    -2397.320765        0.243647
MDMin:  537 04:06:05    -2397.316297        0.244775
MDMin:  538 04:06:07    -2397.311700        0.245854
MDMin:  539 04:06:08    -2397.307043        0.246842
MDMin:  540 04:06:10    -2397.302435        0.247661
MDMin:  541 04:06:12    -2397.298055        0.248120
MDMin:  542 04:06:13    -2397.294195        0.247958
MDMin:  543 04:06:15    -2397.291316        0.246933
MDMin:  544 04:06:16    -2397.290114        0.275584
MDMin:  545 04:06:18    -2397.291579        0.329813
MDMin:  546 04:06:20    -2397.296927        0.390456
MDMin:  547 04:06:21    -2397.307025        0.449671
MDMin:  548 04:06:24    -2397.319519        0.520109
MDMin:  549 04:06:25    -2397.326818        0.507620
MDMin:  550 04:06:27    -2397.333337        0.517942
MDMin:  551 04:06:29    -2397.341219        0.526175
MDMin:  552 04:06:31    -2397.350631        0.530808
MDMin:  553 04:06:33    -2397.361639        0.530105
MDMin:  554 04:06:35    -2397.374235        0.522430
MDMin:  555 04:06:36    -2397.388316        0.506597
MDMin:  556 04:06:37    -2397.403686        0.482247
MDMin:  557 04:06:39    -2397.420075        0.450129
MDMin:  558 04:06:40    -2397.437180        0.412075
MDMin:  559 04:06:43    -2397.454713        0.370621
MDMin:  560 04:06:45    -2397.472439        0.328365
MDMin:  561 04:06:47    -2397.476738        0.343291
MDMin:  562 04:06:49    -2397.484011        0.316428
MDMin:  563 04:06:51    -2397.490400        0.279621
MDMin:  564 04:06:53    -2397.495641        0.246223
MDMin:  565 04:06:55    -2397.499674        0.225416
MDMin:  566 04:06:57    -2397.502388        0.532533
MDMin:  567 04:06:59    -2397.498465        0.228814
MDMin:  568 04:07:01    -2397.499492        0.229213
MDMin:  569 04:07:03    -2397.500558        0.229546
MDMin:  570 04:07:05    -2397.501616        0.229736
MDMin:  571 04:07:07    -2397.502629        0.229691
MDMin:  572 04:07:09    -2397.503570        0.229303
MDMin:  573 04:07:11    -2397.504422        0.228456
MDMin:  574 04:07:13    -2397.505176        0.227024
MDMin:  575 04:07:15    -2397.505210        0.595798
MDMin:  576 04:07:17    -2397.503012        0.223805
MDMin:  577 04:07:18    -2397.503374        0.222690
MDMin:  578 04:07:20    -2397.503758        0.221259
MDMin:  579 04:07:22    -2397.504148        0.219461
MDMin:  580 04:07:24    -2397.504527        0.217245
MDMin:  581 04:07:26    -2397.504883        0.214559
MDMin:  582 04:07:27    -2397.505206        0.211351
MDMin:  583 04:07:28    -2397.505487        0.210374
MDMin:  584 04:07:30    -2397.505717        0.211631
MDMin:  585 04:07:32    -2397.505890        0.610871
MDMin:  586 04:07:34    -2397.503105        0.213391
MDMin:  587 04:07:36    -2397.503271        0.213823
MDMin:  588 04:07:38    -2397.503440        0.214335
MDMin:  589 04:07:40    -2397.503602        0.214921
MDMin:  590 04:07:42    -2397.503748        0.215571
MDMin:  591 04:07:44    -2397.503870        0.216278
MDMin:  592 04:07:46    -2397.503960        0.217027
MDMin:  593 04:07:47    -2397.504011        0.217806
MDMin:  594 04:07:49    -2397.504018        0.218596
MDMin:  595 04:07:51    -2397.503974        0.219380
MDMin:  596 04:07:53    -2397.503876        0.220138
MDMin:  597 04:07:55    -2397.503717        0.220851
MDMin:  598 04:07:57    -2397.503493        0.221498
MDMin:  599 04:07:59    -2397.503201        0.222063
MDMin:  600 04:08:01    -2397.502837        0.222529
MDMin:  601 04:08:03    -2397.502397        0.222885
MDMin:  602 04:08:05    -2397.501880        0.223117
MDMin:  603 04:08:07    -2397.501283        0.223217
MDMin:  604 04:08:09    -2397.500603        0.223093
MDMin:  605 04:08:11    -2397.499838        0.222644
MDMin:  606 04:08:12    -2397.498983        0.221727
MDMin:  607 04:08:14    -2397.498035        0.220133
MDMin:  608 04:08:16    -2397.496990        0.217627
MDMin:  609 04:08:18    -2397.495847        0.214020
MDMin:  610 04:08:19    -2397.494603        0.209243
MDMin:  611 04:08:21    -2397.493262        0.203381
MDMin:  612 04:08:23    -2397.491856        0.245574
MDMin:  613 04:08:24    -2397.490813        0.584207
MDMin:  614 04:08:26    -2397.490704        0.397417
MDMin:  615 04:08:28    -2397.490524        0.190397
MDMin:  616 04:08:30    -2397.490261        0.189157
MDMin:  617 04:08:31    -2397.489945        0.188566
MDMin:  618 04:08:33    -2397.489581        0.189052
MDMin:  619 04:08:36    -2397.489166        0.189597
MDMin:  620 04:08:38    -2397.488701        0.190193
MDMin:  621 04:08:39    -2397.488184        0.190830
MDMin:  622 04:08:41    -2397.487615        0.191494
MDMin:  623 04:08:43    -2397.486992        0.192163
MDMin:  624 04:08:44    -2397.486316        0.192813
MDMin:  625 04:08:45    -2397.485585        0.193420
MDMin:  626 04:08:46    -2397.484799        0.193959
MDMin:  627 04:08:48    -2397.483957        0.194394
MDMin:  628 04:08:50    -2397.483059        0.194684
MDMin:  629 04:08:52    -2397.482104        0.194781
MDMin:  630 04:08:54    -2397.481091        0.194638
MDMin:  631 04:08:56    -2397.480021        0.194203
MDMin:  632 04:08:58    -2397.478892        0.193426
MDMin:  633 04:08:59    -2397.477706        0.192260
MDMin:  634 04:09:01    -2397.476464        0.190672
MDMin:  635 04:09:03    -2397.475190        0.189118
MDMin:  636 04:09:05    -2397.474068        0.314427
MDMin:  637 04:09:07    -2397.473597        0.191835
MDMin:  638 04:09:09    -2397.473266        0.192336
MDMin:  639 04:09:11    -2397.472883        0.192912
MDMin:  640 04:09:13    -2397.472448        0.193558
MDMin:  641 04:09:15    -2397.471959        0.194268
MDMin:  642 04:09:16    -2397.471418        0.195034
MDMin:  643 04:09:18    -2397.470824        0.195844
MDMin:  644 04:09:20    -2397.470177        0.196681
MDMin:  645 04:09:22    -2397.469477        0.197529
MDMin:  646 04:09:23    -2397.468724        0.198366
MDMin:  647 04:09:25    -2397.467919        0.199167
MDMin:  648 04:09:27    -2397.467061        0.199907
MDMin:  649 04:09:28    -2397.466152        0.200559
MDMin:  650 04:09:30    -2397.465192        0.201093
MDMin:  651 04:09:32    -2397.464183        0.201481
MDMin:  652 04:09:34    -2397.463127        0.201696
MDMin:  653 04:09:36    -2397.462024        0.201712
MDMin:  654 04:09:38    -2397.460878        0.201509
MDMin:  655 04:09:40    -2397.459693        0.201077
MDMin:  656 04:09:42    -2397.458478        0.200404
MDMin:  657 04:09:44    -2397.457291        0.199467
MDMin:  658 04:09:45    -2397.456438        0.310594
MDMin:  659 04:09:47    -2397.456170        0.198309
MDMin:  660 04:09:49    -2397.455825        0.197904
MDMin:  661 04:09:51    -2397.455434        0.197421
MDMin:  662 04:09:53    -2397.454996        0.196849
MDMin:  663 04:09:55    -2397.454513        0.196177
MDMin:  664 04:09:56    -2397.453985        0.195389
MDMin:  665 04:09:57    -2397.453412        0.194467
MDMin:  666 04:09:59    -2397.452796        0.193386
MDMin:  667 04:10:01    -2397.452138        0.192119
MDMin:  668 04:10:03    -2397.451438        0.190629
MDMin:  669 04:10:05    -2397.450698        0.188877
MDMin:  670 04:10:06    -2397.449921        0.186820
MDMin:  671 04:10:07    -2397.449107        0.184414
MDMin:  672 04:10:09    -2397.448260        0.181622
MDMin:  673 04:10:11    -2397.447383        0.178427
MDMin:  674 04:10:13    -2397.446480        0.174832
MDMin:  675 04:10:15    -2397.445560        0.170885
MDMin:  676 04:10:16    -2397.444662        0.166785
MDMin:  677 04:10:18    -2397.443957        0.249014
MDMin:  678 04:10:20    -2397.443669        0.162028
MDMin:  679 04:10:22    -2397.443390        0.161421
MDMin:  680 04:10:24    -2397.443079        0.160781
MDMin:  681 04:10:25    -2397.442735        0.160072
MDMin:  682 04:10:27    -2397.442360        0.159296
MDMin:  683 04:10:29    -2397.441957        0.158461
MDMin:  684 04:10:30    -2397.441528        0.157574
MDMin:  685 04:10:32    -2397.441076        0.156648
MDMin:  686 04:10:34    -2397.440604        0.155699
MDMin:  687 04:10:35    -2397.440116        0.154749
MDMin:  688 04:10:37    -2397.439616        0.153822
MDMin:  689 04:10:39    -2397.439108        0.152947
MDMin:  690 04:10:41    -2397.438599        0.153118
MDMin:  691 04:10:43    -2397.438095        0.153827
MDMin:  692 04:10:45    -2397.437602        0.154680
MDMin:  693 04:10:46    -2397.437132        0.155665
MDMin:  694 04:10:48    -2397.436711        0.160101
MDMin:  695 04:10:50    -2397.436414        0.253998
MDMin:  696 04:10:52    -2397.436278        0.157953
MDMin:  697 04:10:53    -2397.436155        0.158351
MDMin:  698 04:10:55    -2397.436023        0.159361
MDMin:  699 04:10:57    -2397.435886        0.160500
MDMin:  700 04:10:59    -2397.435745        0.161772
MDMin:  701 04:11:01    -2397.435605        0.163177
MDMin:  702 04:11:03    -2397.435469        0.164713
MDMin:  703 04:11:05    -2397.435342        0.166375
MDMin:  704 04:11:07    -2397.435229        0.168159
MDMin:  705 04:11:09    -2397.435134        0.170053
MDMin:  706 04:11:11    -2397.435063        0.172044
MDMin:  707 04:11:13    -2397.435022        0.174115
MDMin:  708 04:11:15    -2397.435017        0.176236
MDMin:  709 04:11:16    -2397.435054        0.178368
MDMin:  710 04:11:18    -2397.435139        0.180464
MDMin:  711 04:11:20    -2397.435273        0.182458
MDMin:  712 04:11:21    -2397.435444        0.218067
MDMin:  713 04:11:23    -2397.435591        0.245838
MDMin:  714 04:11:25    -2397.435686        0.185743
MDMin:  715 04:11:27    -2397.435792        0.186284
MDMin:  716 04:11:29    -2397.435918        0.186857
MDMin:  717 04:11:31    -2397.436068        0.187447
MDMin:  718 04:11:33    -2397.436245        0.188036
MDMin:  719 04:11:35    -2397.436450        0.188601
MDMin:  720 04:11:36    -2397.436687        0.189115
MDMin:  721 04:11:37    -2397.436960        0.189549
MDMin:  722 04:11:39    -2397.437270        0.189869
MDMin:  723 04:11:41    -2397.437621        0.190041
MDMin:  724 04:11:43    -2397.438015        0.190027
MDMin:  725 04:11:45    -2397.438453        0.189789
MDMin:  726 04:11:46    -2397.438937        0.189291
MDMin:  727 04:11:48    -2397.439468        0.188498
MDMin:  728 04:11:50    -2397.440041        0.187389
MDMin:  729 04:11:52    -2397.440640        0.185980
MDMin:  730 04:11:54    -2397.441199        0.269326
MDMin:  731 04:11:56    -2397.441572        0.244373
MDMin:  732 04:11:58    -2397.441820        0.182470
MDMin:  733 04:11:59    -2397.442084        0.181579
MDMin:  734 04:12:00    -2397.442380        0.180556
MDMin:  735 04:12:02    -2397.442708        0.179391
MDMin:  736 04:12:04    -2397.443070        0.178075
MDMin:  737 04:12:06    -2397.443465        0.176599
MDMin:  738 04:12:08    -2397.443894        0.174958
MDMin:  739 04:12:10    -2397.444354        0.175608
MDMin:  740 04:12:12    -2397.444847        0.180815
MDMin:  741 04:12:13    -2397.445371        0.186812
MDMin:  742 04:12:14    -2397.445925        0.193751
MDMin:  743 04:12:16    -2397.446509        0.201814
MDMin:  744 04:12:18    -2397.447119        0.211225
MDMin:  745 04:12:20    -2397.447751        0.222216
MDMin:  746 04:12:22    -2397.448395        0.234909
MDMin:  747 04:12:23    -2397.449005        0.270474
MDMin:  748 04:12:25    -2397.449461        0.308623
MDMin:  749 04:12:27    -2397.449726        0.267219
MDMin:  750 04:12:29    -2397.449989        0.274790
MDMin:  751 04:12:31    -2397.450278        0.283628
MDMin:  752 04:12:33    -2397.450595        0.293975
MDMin:  753 04:12:35    -2397.450938        0.306026
MDMin:  754 04:12:37    -2397.451308        0.319995
MDMin:  755 04:12:39    -2397.451703        0.336099
MDMin:  756 04:12:41    -2397.452122        0.354551
MDMin:  757 04:12:43    -2397.452564        0.375521
MDMin:  758 04:12:45    -2397.453027        0.399094
MDMin:  759 04:12:46    -2397.453509        0.425183
MDMin:  760 04:12:48    -2397.454010        0.453446
MDMin:  761 04:12:50    -2397.454528        0.483135
MDMin:  762 04:12:52    -2397.455062        0.513016
MDMin:  763 04:12:53    -2397.455607        0.541243
MDMin:  764 04:12:55    -2397.456153        0.565496
MDMin:  765 04:12:57    -2397.456667        0.583223
MDMin:  766 04:12:59    -2397.457087        0.593248
MDMin:  767 04:13:00    -2397.457398        0.597936
MDMin:  768 04:13:03    -2397.457689        0.600462
MDMin:  769 04:13:04    -2397.457999        0.601390
MDMin:  770 04:13:07    -2397.458337        0.600518
MDMin:  771 04:13:09    -2397.458706        0.597552
MDMin:  772 04:13:10    -2397.459108        0.592237
MDMin:  773 04:13:12    -2397.459544        0.584366
MDMin:  774 04:13:14    -2397.460017        0.573774
MDMin:  775 04:13:15    -2397.460527        0.560336
MDMin:  776 04:13:17    -2397.461077        0.543979
MDMin:  777 04:13:18    -2397.461666        0.524791
MDMin:  778 04:13:20    -2397.462284        0.503263
MDMin:  779 04:13:22    -2397.462886        0.481267
MDMin:  780 04:13:24    -2397.463375        0.462950
MDMin:  781 04:13:26    -2397.463721        0.449995
MDMin:  782 04:13:27    -2397.464054        0.437605
MDMin:  783 04:13:28    -2397.464420        0.424222
MDMin:  784 04:13:30    -2397.464826        0.409591
MDMin:  785 04:13:31    -2397.465277        0.393735
MDMin:  786 04:13:33    -2397.465773        0.376725
MDMin:  787 04:13:35    -2397.466317        0.358704
MDMin:  788 04:13:36    -2397.466911        0.339850
MDMin:  789 04:13:38    -2397.467552        0.320426
MDMin:  790 04:13:40    -2397.468241        0.308955
MDMin:  791 04:13:42    -2397.468961        0.305895
MDMin:  792 04:13:44    -2397.469673        0.302697
MDMin:  793 04:13:46    -2397.470263        0.338477
MDMin:  794 04:13:48    -2397.470658        0.297961
MDMin:  795 04:13:50    -2397.471000        0.296257
MDMin:  796 04:13:52    -2397.471370        0.294425
MDMin:  797 04:13:54    -2397.471775        0.292421
MDMin:  798 04:13:56    -2397.472218        0.290236
MDMin:  799 04:13:57    -2397.472696        0.287869
MDMin:  800 04:13:59    -2397.473208        0.285311
MDMin:  801 04:14:01    -2397.473751        0.282550
MDMin:  802 04:14:02    -2397.474322        0.279565
MDMin:  803 04:14:04    -2397.474915        0.276320
MDMin:  804 04:14:05    -2397.475525        0.272767
MDMin:  805 04:14:07    -2397.476141        0.268883
MDMin:  806 04:14:09    -2397.476741        0.264714
MDMin:  807 04:14:10    -2397.477271        0.309811
MDMin:  808 04:14:12    -2397.477642        0.295998
MDMin:  809 04:14:14    -2397.477883        0.255299
MDMin:  810 04:14:16    -2397.478122        0.253004
MDMin:  811 04:14:17    -2397.478374        0.250432
MDMin:  812 04:14:18    -2397.478641        0.247540
MDMin:  813 04:14:20    -2397.478919        0.244308
MDMin:  814 04:14:22    -2397.479203        0.240710
MDMin:  815 04:14:24    -2397.479488        0.236728
MDMin:  816 04:14:26    -2397.479771        0.232339
MDMin:  817 04:14:28    -2397.480044        0.227530
MDMin:  818 04:14:29    -2397.480302        0.222292
MDMin:  819 04:14:30    -2397.480538        0.216641
MDMin:  820 04:14:32    -2397.480746        0.210612
MDMin:  821 04:14:34    -2397.480916        0.208102
MDMin:  822 04:14:35    -2397.481038        0.281516
MDMin:  823 04:14:37    -2397.481105        0.309175
MDMin:  824 04:14:38    -2397.481138        0.190819
MDMin:  825 04:14:40    -2397.481160        0.187964
MDMin:  826 04:14:42    -2397.481175        0.186864
MDMin:  827 04:14:43    -2397.481179        0.186996
MDMin:  828 04:14:45    -2397.481170        0.187116
MDMin:  829 04:14:48    -2397.481143        0.187224
MDMin:  830 04:14:50    -2397.481096        0.187314
MDMin:  831 04:14:52    -2397.481026        0.187380
MDMin:  832 04:14:53    -2397.480927        0.187414
MDMin:  833 04:14:55    -2397.480797        0.187410
MDMin:  834 04:14:57    -2397.480633        0.187358
MDMin:  835 04:14:58    -2397.480433        0.187258
MDMin:  836 04:15:00    -2397.480198        0.189099
MDMin:  837 04:15:02    -2397.479949        0.261079
MDMin:  838 04:15:03    -2397.479741        0.282278
MDMin:  839 04:15:05    -2397.479607        0.189141
MDMin:  840 04:15:07    -2397.479471        0.186752
MDMin:  841 04:15:08    -2397.479317        0.186580
MDMin:  842 04:15:09    -2397.479140        0.186357
MDMin:  843 04:15:11    -2397.478939        0.186094
MDMin:  844 04:15:13    -2397.478713        0.185792
MDMin:  845 04:15:15    -2397.478459        0.185449
MDMin:  846 04:15:17    -2397.478177        0.185061
MDMin:  847 04:15:19    -2397.477866        0.184622
MDMin:  848 04:15:20    -2397.477526        0.184126
MDMin:  849 04:15:22    -2397.477157        0.183573
MDMin:  850 04:15:24    -2397.476761        0.190822
MDMin:  851 04:15:25    -2397.476351        0.211377
MDMin:  852 04:15:27    -2397.475956        0.285356
MDMin:  853 04:15:29    -2397.475668        0.282520
MDMin:  854 04:15:31    -2397.475480        0.198573
MDMin:  855 04:15:32    -2397.475295        0.183021
MDMin:  856 04:15:34    -2397.475087        0.183903
MDMin:  857 04:15:35    -2397.474857        0.183178
MDMin:  858 04:15:37    -2397.474604        0.184235
MDMin:  859 04:15:38    -2397.474328        0.184044
MDMin:  860 04:15:39    -2397.474030        0.185195
MDMin:  861 04:15:40    -2397.473712        0.184826
MDMin:  862 04:15:41    -2397.473374        0.186696
MDMin:  863 04:15:43    -2397.473018        0.185512
MDMin:  864 04:15:45    -2397.472646        0.191233
MDMin:  865 04:15:46    -2397.472263        0.190369
MDMin:  866 04:15:48    -2397.471876        0.227592
MDMin:  867 04:15:49    -2397.471519        0.262900
MDMin:  868 04:15:50    -2397.471252        0.325355
MDMin:  869 04:15:53    -2397.471095        0.198533
MDMin:  870 04:15:55    -2397.470942        0.192219
MDMin:  871 04:15:57    -2397.470777        0.186310
MDMin:  872 04:15:58    -2397.470595        0.188185
MDMin:  873 04:16:01    -2397.470399        0.186486
MDMin:  874 04:16:02    -2397.470190        0.187578
MDMin:  875 04:16:04    -2397.469970        0.186002
MDMin:  876 04:16:05    -2397.469740        0.187328
MDMin:  877 04:16:07    -2397.469502        0.184802
MDMin:  878 04:16:09    -2397.469259        0.188109
MDMin:  879 04:16:11    -2397.469013        0.182783
MDMin:  880 04:16:13    -2397.468768        0.197809
MDMin:  881 04:16:15    -2397.468530        0.194296
MDMin:  882 04:16:17    -2397.468315        0.285111
MDMin:  883 04:16:19    -2397.468159        0.304698
MDMin:  884 04:16:20    -2397.468070        0.215146
MDMin:  885 04:16:22    -2397.467990        0.182539
MDMin:  886 04:16:23    -2397.467905        0.184174
MDMin:  887 04:16:25    -2397.467815        0.182967
MDMin:  888 04:16:26    -2397.467719        0.183687
MDMin:  889 04:16:28    -2397.467620        0.183114
MDMin:  890 04:16:30    -2397.467519        0.183546
MDMin:  891 04:16:32    -2397.467418        0.182858
MDMin:  892 04:16:34    -2397.467319        0.183291
MDMin:  893 04:16:36    -2397.467222        0.182276
MDMin:  894 04:16:37    -2397.467131        0.183616
MDMin:  895 04:16:39    -2397.467046        0.184219
MDMin:  896 04:16:40    -2397.466971        0.204555
MDMin:  897 04:16:42    -2397.466911        0.243040
MDMin:  898 04:16:44    -2397.466872        0.300330
MDMin:  899 04:16:46    -2397.466853        0.192944
MDMin:  900 04:16:48    -2397.466837        0.178377
MDMin:  901 04:16:50    -2397.466822        0.176955
MDMin:  902 04:16:51    -2397.466806        0.175671
MDMin:  903 04:16:53    -2397.466792        0.174957
MDMin:  904 04:16:55    -2397.466778        0.173651
MDMin:  905 04:16:57    -2397.466767        0.172761
MDMin:  906 04:16:59    -2397.466759        0.171048
MDMin:  907 04:17:00    -2397.466755        0.170239
MDMin:  908 04:17:02    -2397.466754        0.169035
MDMin:  909 04:17:03    -2397.466757        0.168672
MDMin:  910 04:17:05    -2397.466765        0.166667
MDMin:  911 04:17:06    -2397.466777        0.183344
MDMin:  912 04:17:08    -2397.466793        0.219311
MDMin:  913 04:17:10    -2397.466810        0.274888
MDMin:  914 04:17:12    -2397.466822        0.199847
MDMin:  915 04:17:14    -2397.466833        0.167246
MDMin:  916 04:17:16    -2397.466845        0.167488
MDMin:  917 04:17:18    -2397.466857        0.167754
MDMin:  918 04:17:19    -2397.466871        0.168044
MDMin:  919 04:17:20    -2397.466886        0.168358
MDMin:  920 04:17:21    -2397.466903        0.168694
MDMin:  921 04:17:23    -2397.466920        0.169049
MDMin:  922 04:17:25    -2397.466938        0.169420
MDMin:  923 04:17:27    -2397.466957        0.169804
MDMin:  924 04:17:29    -2397.466976        0.170196
MDMin:  925 04:17:31    -2397.466996        0.170587
MDMin:  926 04:17:32    -2397.467014        0.171965
MDMin:  927 04:17:34    -2397.467031        0.227786
MDMin:  928 04:17:36    -2397.467045        0.293712
MDMin:  929 04:17:38    -2397.467053        0.190007
MDMin:  930 04:17:40    -2397.467059        0.171871
MDMin:  931 04:17:41    -2397.467065        0.171985
MDMin:  932 04:17:43    -2397.467071        0.172094
MDMin:  933 04:17:46    -2397.467076        0.172196
MDMin:  934 04:17:48    -2397.467081        0.172287
MDMin:  935 04:17:50    -2397.467085        0.172362
MDMin:  936 04:17:51    -2397.467088        0.172412
MDMin:  937 04:17:52    -2397.467090        0.172428
MDMin:  938 04:17:54    -2397.467091        0.172399
MDMin:  939 04:17:56    -2397.467090        0.172315
MDMin:  940 04:17:58    -2397.467088        0.172162
MDMin:  941 04:18:00    -2397.467084        0.171934
MDMin:  942 04:18:02    -2397.467078        0.243366
MDMin:  943 04:18:03    -2397.467074        0.298877
MDMin:  944 04:18:05    -2397.467071        0.198785
MDMin:  945 04:18:07    -2397.467069        0.171028
MDMin:  946 04:18:08    -2397.467065        0.170796
MDMin:  947 04:18:10    -2397.467062        0.170505
MDMin:  948 04:18:12    -2397.467057        0.170155
MDMin:  949 04:18:14    -2397.467052        0.169741
MDMin:  950 04:18:16    -2397.467047        0.169257
MDMin:  951 04:18:17    -2397.467042        0.168695
MDMin:  952 04:18:19    -2397.467036        0.168048
MDMin:  953 04:18:20    -2397.467030        0.167306
MDMin:  954 04:18:22    -2397.467026        0.166462
MDMin:  955 04:18:24    -2397.467022        0.165511
MDMin:  956 04:18:26    -2397.467020        0.164456
MDMin:  957 04:18:27    -2397.467020        0.202794
MDMin:  958 04:18:28    -2397.467022        0.309586
MDMin:  959 04:18:30    -2397.467026        0.228525
MDMin:  960 04:18:32    -2397.467029        0.161494
MDMin:  961 04:18:34    -2397.467033        0.161449
MDMin:  962 04:18:36    -2397.467037        0.161399
MDMin:  963 04:18:37    -2397.467043        0.161338
MDMin:  964 04:18:39    -2397.467051        0.161264
MDMin:  965 04:18:41    -2397.467061        0.161174
MDMin:  966 04:18:42    -2397.467073        0.161067
MDMin:  967 04:18:43    -2397.467089        0.160942
MDMin:  968 04:18:45    -2397.467108        0.160800
MDMin:  969 04:18:47    -2397.467131        0.160640
MDMin:  970 04:18:49    -2397.467160        0.160464
MDMin:  971 04:18:51    -2397.467194        0.160275
MDMin:  972 04:18:52    -2397.467235        0.193642
MDMin:  973 04:18:54    -2397.467278        0.264793
MDMin:  974 04:18:55    -2397.467313        0.295124
MDMin:  975 04:18:57    -2397.467337        0.159659
MDMin:  976 04:18:58    -2397.467362        0.159572
MDMin:  977 04:18:59    -2397.467391        0.159481
MDMin:  978 04:19:01    -2397.467424        0.159383
MDMin:  979 04:19:02    -2397.467463        0.159280
MDMin:  980 04:19:05    -2397.467508        0.159172
MDMin:  981 04:19:06    -2397.467559        0.159061
MDMin:  982 04:19:08    -2397.467617        0.158946
MDMin:  983 04:19:09    -2397.467684        0.158829
MDMin:  984 04:19:10    -2397.467759        0.158710
MDMin:  985 04:19:12    -2397.467845        0.158590
MDMin:  986 04:19:14    -2397.467941        0.161053
MDMin:  987 04:19:15    -2397.468049        0.164424
MDMin:  988 04:19:17    -2397.468165        0.221215
MDMin:  989 04:19:19    -2397.468275        0.288704
MDMin:  990 04:19:21    -2397.468350        0.251892
MDMin:  991 04:19:23    -2397.468407        0.177544
MDMin:  992 04:19:25    -2397.468469        0.179847
MDMin:  993 04:19:26    -2397.468540        0.182375
MDMin:  994 04:19:28    -2397.468621        0.185037
MDMin:  995 04:19:30    -2397.468711        0.187660
MDMin:  996 04:19:31    -2397.468813        0.189967
MDMin:  997 04:19:33    -2397.468928        0.191567
MDMin:  998 04:19:34    -2397.469055        0.191961
MDMin:  999 04:19:36    -2397.469196        0.190618
MDMin:  1000 04:19:38    -2397.469354        0.187126
MDMin:  1001 04:19:39    -2397.469528        0.181383
MDMin:  1002 04:19:41    -2397.469722        0.173755
MDMin:  1003 04:19:43    -2397.469934        0.165039
MDMin:  1004 04:19:45    -2397.470163        0.209365
MDMin:  1005 04:19:46    -2397.470387        0.280033
MDMin:  1006 04:19:48    -2397.470549        0.303210
MDMin:  1007 04:19:50    -2397.470653        0.155131
MDMin:  1008 04:19:51    -2397.470765        0.154951
MDMin:  1009 04:19:53    -2397.470893        0.154732
MDMin:  1010 04:19:55    -2397.471037        0.154473
MDMin:  1011 04:19:57    -2397.471199        0.154174
MDMin:  1012 04:19:59    -2397.471381        0.153831
MDMin:  1013 04:20:01    -2397.471584        0.153443
MDMin:  1014 04:20:03    -2397.471808        0.153003
MDMin:  1015 04:20:05    -2397.472057        0.152987
MDMin:  1016 04:20:07    -2397.472332        0.153196
MDMin:  1017 04:20:09    -2397.472634        0.153463
MDMin:  1018 04:20:10    -2397.472966        0.154151
MDMin:  1019 04:20:11    -2397.473330        0.154881
MDMin:  1020 04:20:13    -2397.473722        0.189828
MDMin:  1021 04:20:14    -2397.474123        0.240708
MDMin:  1022 04:20:16    -2397.474456        0.344481
MDMin:  1023 04:20:18    -2397.474653        0.171038
MDMin:  1024 04:20:20    -2397.474839        0.157484
MDMin:  1025 04:20:22    -2397.475047        0.157787
MDMin:  1026 04:20:24    -2397.475281        0.158129
MDMin:  1027 04:20:25    -2397.475544        0.158510
MDMin:  1028 04:20:27    -2397.475837        0.158930
MDMin:  1029 04:20:29    -2397.476162        0.159390
MDMin:  1030 04:20:30    -2397.476520        0.159889
MDMin:  1031 04:20:32    -2397.476915        0.160427
MDMin:  1032 04:20:33    -2397.477347        0.161007
MDMin:  1033 04:20:35    -2397.477820        0.161632
MDMin:  1034 04:20:37    -2397.478336        0.162307
MDMin:  1035 04:20:39    -2397.478894        0.163038
MDMin:  1036 04:20:41    -2397.479488        0.203007
MDMin:  1037 04:20:43    -2397.480079        0.254196
MDMin:  1038 04:20:45    -2397.480555        0.325914
MDMin:  1039 04:20:46    -2397.480854        0.175375
MDMin:  1040 04:20:49    -2397.481145        0.166005
MDMin:  1041 04:20:50    -2397.481468        0.166462
MDMin:  1042 04:20:52    -2397.481829        0.167008
MDMin:  1043 04:20:53    -2397.482230        0.167659
MDMin:  1044 04:20:55    -2397.482674        0.168432
MDMin:  1045 04:20:57    -2397.483162        0.169347
MDMin:  1046 04:20:59    -2397.483696        0.170431
MDMin:  1047 04:21:01    -2397.484277        0.171713
MDMin:  1048 04:21:03    -2397.484908        0.173227
MDMin:  1049 04:21:05    -2397.485589        0.175008
MDMin:  1050 04:21:07    -2397.486320        0.177093
MDMin:  1051 04:21:09    -2397.487095        0.179489
MDMin:  1052 04:21:10    -2397.487891        0.229013
MDMin:  1053 04:21:11    -2397.488624        0.286846
MDMin:  1054 04:21:12    -2397.489150        0.277826
MDMin:  1055 04:21:14    -2397.489527        0.187816
MDMin:  1056 04:21:15    -2397.489920        0.189227
MDMin:  1057 04:21:17    -2397.490355        0.190827
MDMin:  1058 04:21:19    -2397.490837        0.192630
MDMin:  1059 04:21:21    -2397.491365        0.194633
MDMin:  1060 04:21:23    -2397.491942        0.196828
MDMin:  1061 04:21:25    -2397.492566        0.199201
MDMin:  1062 04:21:27    -2397.493238        0.201737
MDMin:  1063 04:21:29    -2397.493958        0.204426
MDMin:  1064 04:21:30    -2397.494724        0.207276
MDMin:  1065 04:21:32    -2397.495536        0.210325
MDMin:  1066 04:21:34    -2397.496387        0.213654
MDMin:  1067 04:21:36    -2397.497265        0.217372
MDMin:  1068 04:21:37    -2397.498124        0.243457
MDMin:  1069 04:21:39    -2397.498845        0.293270
MDMin:  1070 04:21:41    -2397.499321        0.228392
MDMin:  1071 04:21:42    -2397.499714        0.231089
MDMin:  1072 04:21:43    -2397.500132        0.234283
MDMin:  1073 04:21:45    -2397.500590        0.238205
MDMin:  1074 04:21:47    -2397.501087        0.243040
MDMin:  1075 04:21:49    -2397.501622        0.248998
MDMin:  1076 04:21:51    -2397.502091        0.691332
MDMin:  1077 04:21:53    -2397.502219        0.683274
MDMin:  1078 04:21:55    -2397.502352        0.673150
MDMin:  1079 04:21:57    -2397.502501        0.651777
MDMin:  1080 04:21:59    -2397.502679        0.615401
MDMin:  1081 04:22:01    -2397.502894        0.567983
MDMin:  1082 04:22:03    -2397.503152        0.516162
MDMin:  1083 04:22:05    -2397.503456        0.464958
MDMin:  1084 04:22:07    -2397.503807        0.417061
MDMin:  1085 04:22:08    -2397.504203        0.373784
MDMin:  1086 04:22:10    -2397.502652        0.528694
MDMin:  1087 04:22:12    -2397.504731        0.326170
MDMin:  1088 04:22:14    -2397.504799        0.326673
MDMin:  1089 04:22:16    -2397.504895        0.327146
MDMin:  1090 04:22:18    -2397.504026        0.527158
MDMin:  1091 04:22:20    -2397.505056        0.327278
MDMin:  1092 04:22:21    -2397.505101        0.327159
MDMin:  1093 04:22:23    -2397.504629        0.526358
MDMin:  1094 04:22:25    -2397.505039        0.332225
MDMin:  1095 04:22:26    -2397.504957        0.326065
MDMin:  1096 04:22:27    -2397.504549        0.518527
MDMin:  1097 04:22:29    -2397.503923        0.324111
MDMin:  1098 04:22:30    -2397.503693        0.322582
MDMin:  1099 04:22:32    -2397.503396        0.320237
MDMin:  1100 04:22:34    -2397.503058        0.316851
MDMin:  1101 04:22:35    -2397.502716        0.312239
MDMin:  1102 04:22:37    -2397.502410        0.306322
MDMin:  1103 04:22:39    -2397.502181        0.299186
MDMin:  1104 04:22:40    -2397.502059        0.291110
MDMin:  1105 04:22:42    -2397.502066        0.282509
MDMin:  1106 04:22:44    -2397.502211        0.273839
MDMin:  1107 04:22:46    -2397.502491        0.265469
MDMin:  1108 04:22:48    -2397.502894        0.257604
MDMin:  1109 04:22:50    -2397.503401        0.250285
MDMin:  1110 04:22:52    -2397.503994        0.243437
MDMin:  1111 04:22:54    -2397.504652        0.236933
MDMin:  1112 04:22:56    -2397.505358        0.230649
MDMin:  1113 04:22:58    -2397.506096        0.224481
MDMin:  1114 04:22:59    -2397.506853        0.218352
MDMin:  1115 04:23:01    -2397.507574        0.637480
MDMin:  1116 04:23:03    -2397.507724        0.624887
MDMin:  1117 04:23:05    -2397.507867        0.603998
MDMin:  1118 04:23:07    -2397.508027        0.565508
MDMin:  1119 04:23:08    -2397.508212        0.516360
MDMin:  1120 04:23:10    -2397.508425        0.464898
MDMin:  1121 04:23:12    -2397.508668        0.415499
MDMin:  1122 04:23:13    -2397.508939        0.370106
MDMin:  1123 04:23:14    -2397.509238        0.329764
MDMin:  1124 04:23:16    -2397.509566        0.294895
MDMin:  1125 04:23:17    -2397.509921        0.265383
MDMin:  1126 04:23:19    -2397.507057        0.561010
MDMin:  1127 04:23:21    -2397.510387        0.231479
MDMin:  1128 04:23:22    -2397.510438        0.231216
MDMin:  1129 04:23:24    -2397.510412        0.561229
MDMin:  1130 04:23:25    -2397.510532        0.229390
MDMin:  1131 04:23:27    -2397.510560        0.229087
MDMin:  1132 04:23:29    -2397.510606        0.228490
MDMin:  1133 04:23:32    -2397.510667        0.560718
MDMin:  1134 04:23:33    -2397.510694        0.226544
MDMin:  1135 04:23:34    -2397.510721        0.226175
MDMin:  1136 04:23:36    -2397.510766        0.225492
MDMin:  1137 04:23:38    -2397.510828        0.224387
MDMin:  1138 04:23:40    -2397.510284        0.560548
MDMin:  1139 04:23:42    -2397.510935        0.221636
MDMin:  1140 04:23:43    -2397.510964        0.221200
MDMin:  1141 04:23:45    -2397.511010        0.220434
MDMin:  1142 04:23:47    -2397.510610        0.560599
MDMin:  1143 04:23:48    -2397.511097        0.218535
MDMin:  1144 04:23:50    -2397.511124        0.218144
MDMin:  1145 04:23:53    -2397.511168        0.217449
MDMin:  1146 04:23:55    -2397.510843        0.560675
MDMin:  1147 04:23:57    -2397.511253        0.215867
MDMin:  1148 04:23:59    -2397.511279        0.215500
MDMin:  1149 04:24:00    -2397.511323        0.214848
MDMin:  1150 04:24:01    -2397.511068        0.560793
MDMin:  1151 04:24:03    -2397.511407        0.213507
MDMin:  1152 04:24:05    -2397.511433        0.213157
MDMin:  1153 04:24:07    -2397.511477        0.212536
MDMin:  1154 04:24:09    -2397.511292        0.560962
MDMin:  1155 04:24:10    -2397.511560        0.211392
MDMin:  1156 04:24:11    -2397.511585        0.211054
MDMin:  1157 04:24:13    -2397.511628        0.210455
MDMin:  1158 04:24:14    -2397.511514        0.561187
MDMin:  1159 04:24:15    -2397.511710        0.209474
MDMin:  1160 04:24:16    -2397.511735        0.209144
MDMin:  1161 04:24:18    -2397.511778        0.208561
MDMin:  1162 04:24:19    -2397.511737        0.561468
MDMin:  1163 04:24:20    -2397.511859        0.207716
MDMin:  1164 04:24:22    -2397.511884        0.207392
MDMin:  1165 04:24:24    -2397.511926        0.206820
MDMin:  1166 04:24:25    -2397.511959        0.561804
MDMin:  1167 04:24:26    -2397.512007        0.206092
MDMin:  1168 04:24:28    -2397.512031        0.205771
MDMin:  1169 04:24:30    -2397.512073        0.205208
MDMin:  1170 04:24:32    -2397.512132        0.204355
MDMin:  1171 04:24:33    -2397.511647        0.562781
MDMin:  1172 04:24:35    -2397.512231        0.203108
MDMin:  1173 04:24:37    -2397.512257        0.202761
MDMin:  1174 04:24:39    -2397.512299        0.202163
MDMin:  1175 04:24:41    -2397.511968        0.563520
MDMin:  1176 04:24:42    -2397.512380        0.201398
MDMin:  1177 04:24:44    -2397.512404        0.201073
MDMin:  1178 04:24:45    -2397.512446        0.200510
MDMin:  1179 04:24:47    -2397.512213        0.564183
MDMin:  1180 04:24:48    -2397.512525        0.199902
MDMin:  1181 04:24:50    -2397.512549        0.199586
MDMin:  1182 04:24:51    -2397.512590        0.199038
MDMin:  1183 04:24:52    -2397.512456        0.564813
MDMin:  1184 04:24:53    -2397.512668        0.198546
MDMin:  1185 04:24:55    -2397.512692        0.198236
MDMin:  1186 04:24:57    -2397.512733        0.197698
MDMin:  1187 04:24:59    -2397.512700        0.565430
MDMin:  1188 04:25:01    -2397.512810        0.197299
MDMin:  1189 04:25:02    -2397.512834        0.196991
MDMin:  1190 04:25:04    -2397.512874        0.196459
MDMin:  1191 04:25:06    -2397.512931        0.195672
MDMin:  1192 04:25:08    -2397.512451        0.566756
MDMin:  1193 04:25:10    -2397.513026        0.194802
MDMin:  1194 04:25:11    -2397.513051        0.194475
MDMin:  1195 04:25:13    -2397.513092        0.193917
MDMin:  1196 04:25:14    -2397.512785        0.567671
MDMin:  1197 04:25:16    -2397.513170        0.193443
MDMin:  1198 04:25:18    -2397.513193        0.193134
MDMin:  1199 04:25:20    -2397.513234        0.192602
MDMin:  1200 04:25:22    -2397.513048        0.568472
MDMin:  1201 04:25:24    -2397.513309        0.192257
MDMin:  1202 04:25:26    -2397.513333        0.191954
MDMin:  1203 04:25:28    -2397.513373        0.191434
MDMin:  1204 04:25:30    -2397.513308        0.569213
MDMin:  1205 04:25:31    -2397.513448        0.191182
MDMin:  1206 04:25:33    -2397.513471        0.190883
MDMin:  1207 04:25:36    -2397.513510        0.190371
MDMin:  1208 04:25:38    -2397.513566        0.189624
MDMin:  1209 04:25:39    -2397.513104        0.570678
MDMin:  1210 04:25:41    -2397.513658        0.188936
MDMin:  1211 04:25:42    -2397.513682        0.188622
MDMin:  1212 04:25:44    -2397.513722        0.188092
MDMin:  1213 04:25:47    -2397.513447        0.571645
MDMin:  1214 04:25:49    -2397.513684        0.446994
MDMin:  1215 04:25:50    -2397.513414        0.441628
MDMin:  1216 04:25:52    -2397.512959        0.434198
MDMin:  1217 04:25:54    -2397.512284        0.424671
MDMin:  1218 04:25:56    -2397.511382        0.413015
MDMin:  1219 04:25:58    -2397.510282        0.399350
MDMin:  1220 04:26:00    -2397.509044        0.384027
MDMin:  1221 04:26:02    -2397.507747        0.367585
MDMin:  1222 04:26:04    -2397.506476        0.350645
MDMin:  1223 04:26:05    -2397.505308        0.333809
MDMin:  1224 04:26:07    -2397.504297        0.317589
MDMin:  1225 04:26:08    -2397.503475        0.302381
MDMin:  1226 04:26:10    -2397.502850        0.288454
MDMin:  1227 04:26:11    -2397.502412        0.275956
MDMin:  1228 04:26:13    -2397.502140        0.264937
MDMin:  1229 04:26:14    -2397.502010        0.255366
MDMin:  1230 04:26:15    -2397.501993        0.247161
MDMin:  1231 04:26:17    -2397.502066        0.240204
MDMin:  1232 04:26:18    -2397.502204        0.234356
MDMin:  1233 04:26:19    -2397.502387        0.229475
MDMin:  1234 04:26:20    -2397.502593        0.225419
MDMin:  1235 04:26:22    -2397.502803        0.222054
MDMin:  1236 04:26:24    -2397.502996        0.219259
MDMin:  1237 04:26:26    -2397.503151        0.216920
MDMin:  1238 04:26:28    -2397.503247        0.214938
MDMin:  1239 04:26:29    -2397.503261        0.213233
MDMin:  1240 04:26:30    -2397.503172        0.211721
MDMin:  1241 04:26:31    -2397.502958        0.210332
MDMin:  1242 04:26:33    -2397.502602        0.209008
MDMin:  1243 04:26:35    -2397.502150        0.489803
MDMin:  1244 04:26:37    -2397.501951        0.288929
MDMin:  1245 04:26:39    -2397.501860        0.207193
MDMin:  1246 04:26:41    -2397.501738        0.206974
MDMin:  1247 04:26:42    -2397.501587        0.206716
MDMin:  1248 04:26:44    -2397.501403        0.206413
MDMin:  1249 04:26:46    -2397.501183        0.206061
MDMin:  1250 04:26:48    -2397.500924        0.205654
MDMin:  1251 04:26:50    -2397.500620        0.205188
MDMin:  1252 04:26:52    -2397.500268        0.204658
MDMin:  1253 04:26:54    -2397.499862        0.204060
MDMin:  1254 04:26:55    -2397.499399        0.203388
MDMin:  1255 04:26:57    -2397.498872        0.202636
MDMin:  1256 04:26:59    -2397.498278        0.201800
MDMin:  1257 04:27:01    -2397.497612        0.200875
MDMin:  1258 04:27:03    -2397.496870        0.199856
MDMin:  1259 04:27:05    -2397.496048        0.198743
MDMin:  1260 04:27:07    -2397.495143        0.197532
MDMin:  1261 04:27:09    -2397.494154        0.196225
MDMin:  1262 04:27:11    -2397.493079        0.194822
MDMin:  1263 04:27:13    -2397.491918        0.193319
MDMin:  1264 04:27:14    -2397.490672        0.192712
MDMin:  1265 04:27:15    -2397.489342        0.193158
MDMin:  1266 04:27:17    -2397.487932        0.193508
MDMin:  1267 04:27:18    -2397.486453        0.193760
MDMin:  1268 04:27:20    -2397.484975        0.303163
MDMin:  1269 04:27:22    -2397.483928        0.499694
MDMin:  1270 04:27:23    -2397.483641        0.196732
MDMin:  1271 04:27:25    -2397.483243        0.194465
MDMin:  1272 04:27:27    -2397.482787        0.194445
MDMin:  1273 04:27:29    -2397.482270        0.194374
MDMin:  1274 04:27:30    -2397.481691        0.194269
MDMin:  1275 04:27:32    -2397.481052        0.194140
MDMin:  1276 04:27:34    -2397.480351        0.193987
MDMin:  1277 04:27:36    -2397.479590        0.193808
MDMin:  1278 04:27:38    -2397.478768        0.193598
MDMin:  1279 04:27:39    -2397.477886        0.193350
MDMin:  1280 04:27:41    -2397.476944        0.193059
MDMin:  1281 04:27:43    -2397.475943        0.192716
MDMin:  1282 04:27:46    -2397.474883        0.192316
MDMin:  1283 04:27:48    -2397.473764        0.191851
MDMin:  1284 04:27:50    -2397.472587        0.191313
MDMin:  1285 04:27:52    -2397.471351        0.190694
MDMin:  1286 04:27:53    -2397.470056        0.191012
MDMin:  1287 04:27:55    -2397.468700        0.191385
MDMin:  1288 04:27:57    -2397.467288        0.191658
MDMin:  1289 04:27:59    -2397.465852        0.243048
MDMin:  1290 04:28:01    -2397.464603        0.424711
MDMin:  1291 04:28:02    -2397.463998        0.239686
MDMin:  1292 04:28:04    -2397.463563        0.191594
MDMin:  1293 04:28:06    -2397.463069        0.191576
MDMin:  1294 04:28:08    -2397.462511        0.191568
MDMin:  1295 04:28:10    -2397.461887        0.191553
MDMin:  1296 04:28:12    -2397.461197        0.191523
MDMin:  1297 04:28:13    -2397.460440        0.191473
MDMin:  1298 04:28:15    -2397.459615        0.191400
MDMin:  1299 04:28:17    -2397.458723        0.191303
MDMin:  1300 04:28:19    -2397.457763        0.191183
MDMin:  1301 04:28:21    -2397.456735        0.191038
MDMin:  1302 04:28:23    -2397.455639        0.190869
MDMin:  1303 04:28:25    -2397.454475        0.190677
MDMin:  1304 04:28:27    -2397.453244        0.190466
MDMin:  1305 04:28:30    -2397.451947        0.190240
MDMin:  1306 04:28:32    -2397.450586        0.190005
MDMin:  1307 04:28:33    -2397.449166        0.189771
MDMin:  1308 04:28:34    -2397.447710        0.219882
MDMin:  1309 04:28:36    -2397.446327        0.356142
MDMin:  1310 04:28:38    -2397.445409        0.417045
MDMin:  1311 04:28:39    -2397.444985        0.189015
MDMin:  1312 04:28:41    -2397.444493        0.188955
MDMin:  1313 04:28:43    -2397.443938        0.188916
MDMin:  1314 04:28:45    -2397.441425        1.614868
MDMin:  1315 04:28:46    -2397.444275        0.189483
MDMin:  1316 04:28:48    -2397.444237        0.189497
MDMin:  1317 04:28:50    -2397.443847        1.611924
MDMin:  1318 04:28:52    -2397.445758        0.190881
MDMin:  1319 04:28:54    -2397.445716        0.190901
MDMin:  1320 04:28:55    -2397.445591        0.190965
MDMin:  1321 04:28:57    -2397.445384        0.191066
MDMin:  1322 04:28:59    -2397.445096        0.191179
MDMin:  1323 04:29:01    -2397.444291        1.607970
MDMin:  1324 04:29:03    -2397.445811        0.192104
MDMin:  1325 04:29:04    -2397.445767        0.192112
MDMin:  1326 04:29:06    -2397.445636        0.192137
MDMin:  1327 04:29:07    -2397.445418        0.192172
MDMin:  1328 04:29:08    -2397.444652        1.605467
MDMin:  1329 04:29:10    -2397.446356        0.193196
MDMin:  1330 04:29:12    -2397.446309        0.193199
MDMin:  1331 04:29:14    -2397.446168        0.193210
MDMin:  1332 04:29:16    -2397.445936        0.193223
MDMin:  1333 04:29:17    -2397.445477        1.602445
MDMin:  1334 04:29:19    -2397.446829        0.194217
MDMin:  1335 04:29:21    -2397.446779        0.194213
MDMin:  1336 04:29:22    -2397.446631        0.194206
MDMin:  1337 04:29:24    -2397.446386        0.194190
MDMin:  1338 04:29:26    -2397.446047        0.194147
MDMin:  1339 04:29:28    -2397.444245        1.600419
MDMin:  1340 04:29:30    -2397.446644        0.194794
MDMin:  1341 04:29:31    -2397.446595        0.194783
MDMin:  1342 04:29:32    -2397.446445        0.194752
MDMin:  1343 04:29:34    -2397.445795        1.597697
MDMin:  1344 04:29:36    -2397.447573        0.195838
MDMin:  1345 04:29:37    -2397.447520        0.195825
MDMin:  1346 04:29:40    -2397.447359        0.195789
MDMin:  1347 04:29:41    -2397.447094        0.195731
MDMin:  1348 04:29:43    -2397.446729        0.195634
MDMin:  1349 04:29:45    -2397.444964        1.595254
MDMin:  1350 04:29:47    -2397.447256        0.196176
MDMin:  1351 04:29:50    -2397.447203        0.196157
MDMin:  1352 04:29:52    -2397.447044        0.196101
MDMin:  1353 04:29:53    -2397.446357        1.592713
MDMin:  1354 04:29:54    -2397.448132        0.197096
MDMin:  1355 04:29:56    -2397.448076        0.197074
MDMin:  1356 04:29:57    -2397.447907        0.197015
MDMin:  1357 04:29:59    -2397.447628        0.196918
MDMin:  1358 04:30:01    -2397.447245        0.196770
MDMin:  1359 04:30:02    -2397.445352        1.590518
MDMin:  1360 04:30:04    -2397.447723        0.197203
MDMin:  1361 04:30:06    -2397.447667        0.197177
MDMin:  1362 04:30:08    -2397.447502        0.197102
MDMin:  1363 04:30:10    -2397.446634        1.588118
MDMin:  1364 04:30:12    -2397.448560        0.198008
MDMin:  1365 04:30:13    -2397.448501        0.197981
MDMin:  1366 04:30:14    -2397.448327        0.197905
MDMin:  1367 04:30:16    -2397.448039        0.197781
MDMin:  1368 04:30:18    -2397.447549        1.585086
MDMin:  1369 04:30:20    -2397.448757        0.198437
MDMin:  1370 04:30:22    -2397.448698        0.198407
MDMin:  1371 04:30:23    -2397.448521        0.198321
MDMin:  1372 04:30:25    -2397.448230        0.198180
MDMin:  1373 04:30:26    -2397.447704        1.582889
MDMin:  1374 04:30:28    -2397.448935        0.198773
MDMin:  1375 04:30:29    -2397.448876        0.198741
MDMin:  1376 04:30:31    -2397.448697        0.198648
MDMin:  1377 04:30:33    -2397.448404        0.198495
MDMin:  1378 04:30:35    -2397.447829        1.580762
MDMin:  1379 04:30:36    -2397.449098        0.199041
MDMin:  1380 04:30:38    -2397.449038        0.199007
MDMin:  1381 04:30:40    -2397.448858        0.198910
MDMin:  1382 04:30:42    -2397.448562        0.198749
MDMin:  1383 04:30:44    -2397.447921        1.578689
MDMin:  1384 04:30:45    -2397.449245        0.199258
MDMin:  1385 04:30:47    -2397.449185        0.199224
MDMin:  1386 04:30:49    -2397.449004        0.199123
MDMin:  1387 04:30:51    -2397.448706        0.198957
MDMin:  1388 04:30:52    -2397.447984        1.576660
MDMin:  1389 04:30:54    -2397.449380        0.199435
MDMin:  1390 04:30:56    -2397.449319        0.199399
MDMin:  1391 04:30:58    -2397.449138        0.199297
MDMin:  1392 04:31:00    -2397.448839        0.199127
MDMin:  1393 04:31:02    -2397.448019        1.574667
MDMin:  1394 04:31:04    -2397.449502        0.199578
MDMin:  1395 04:31:06    -2397.449441        0.199542
MDMin:  1396 04:31:08    -2397.449259        0.199438
MDMin:  1397 04:31:10    -2397.448959        0.199266
MDMin:  1398 04:31:12    -2397.448026        1.572703
MDMin:  1399 04:31:14    -2397.449615        0.199693
MDMin:  1400 04:31:15    -2397.449553        0.199657
MDMin:  1401 04:31:17    -2397.449371        0.199552
MDMin:  1402 04:31:19    -2397.449070        0.199379
MDMin:  1403 04:31:21    -2397.448010        1.570763
MDMin:  1404 04:31:23    -2397.449717        0.199784
MDMin:  1405 04:31:25    -2397.449656        0.199747
MDMin:  1406 04:31:27    -2397.449474        0.199643
MDMin:  1407 04:31:29    -2397.449173        0.199470
MDMin:  1408 04:31:31    -2397.447969        1.568842
MDMin:  1409 04:31:32    -2397.449812        0.199854
MDMin:  1410 04:31:34    -2397.449751        0.199818
MDMin:  1411 04:31:36    -2397.449568        0.199714
MDMin:  1412 04:31:38    -2397.449267        0.199542
MDMin:  1413 04:31:40    -2397.447907        1.566935
MDMin:  1414 04:31:41    -2397.449899        0.199907
MDMin:  1415 04:31:42    -2397.449838        0.199871
MDMin:  1416 04:31:44    -2397.449655        0.199768
MDMin:  1417 04:31:46    -2397.449354        0.199598
MDMin:  1418 04:31:47    -2397.447825        1.565041
MDMin:  1419 04:31:49    -2397.449980        0.199945
MDMin:  1420 04:31:51    -2397.449919        0.199910
MDMin:  1421 04:31:53    -2397.449736        0.199808
MDMin:  1422 04:31:54    -2397.449394        1.562323
MDMin:  1423 04:31:56    -2397.450657        0.200431
MDMin:  1424 04:31:57    -2397.450593        0.200393
MDMin:  1425 04:31:59    -2397.450404        0.200287
MDMin:  1426 04:32:00    -2397.450092        0.200119
MDMin:  1427 04:32:03    -2397.449664        0.199882
MDMin:  1428 04:32:04    -2397.447730        1.560787
MDMin:  1429 04:32:06    -2397.449997        0.199980
MDMin:  1430 04:32:08    -2397.449937        0.199944
MDMin:  1431 04:32:10    -2397.449757        0.199838
MDMin:  1432 04:32:12    -2397.448712        1.558711
MDMin:  1433 04:32:13    -2397.450676        0.200359
MDMin:  1434 04:32:14    -2397.450613        0.200323
MDMin:  1435 04:32:16    -2397.450426        0.200222
MDMin:  1436 04:32:18    -2397.450118        0.200058
MDMin:  1437 04:32:21    -2397.449222        1.556103
MDMin:  1438 04:32:23    -2397.450693        0.200369
MDMin:  1439 04:32:24    -2397.450631        0.200334
MDMin:  1440 04:32:26    -2397.450445        0.200232
MDMin:  1441 04:32:29    -2397.450139        0.200065
MDMin:  1442 04:32:30    -2397.448954        1.554311
MDMin:  1443 04:32:32    -2397.450714        0.200337
MDMin:  1444 04:32:34    -2397.450652        0.200302
MDMin:  1445 04:32:35    -2397.450467        0.200201
MDMin:  1446 04:32:36    -2397.450163        0.200036
MDMin:  1447 04:32:37    -2397.448693        1.552522
MDMin:  1448 04:32:39    -2397.450737        0.200285
MDMin:  1449 04:32:40    -2397.450676        0.200251
MDMin:  1450 04:32:41    -2397.450492        0.200153
MDMin:  1451 04:32:43    -2397.450130        1.549914
MDMin:  1452 04:32:44    -2397.451367        0.200659
MDMin:  1453 04:32:46    -2397.451303        0.200623
MDMin:  1454 04:32:48    -2397.451113        0.200522
MDMin:  1455 04:32:50    -2397.450801        0.200364
MDMin:  1456 04:32:52    -2397.450373        0.200142
MDMin:  1457 04:32:54    -2397.448302        1.548417
MDMin:  1458 04:32:56    -2397.450686        0.200181
MDMin:  1459 04:32:57    -2397.450626        0.200147
MDMin:  1460 04:32:59    -2397.450446        0.200049
MDMin:  1461 04:33:01    -2397.449243        1.546347
MDMin:  1462 04:33:03    -2397.451322        0.200464
MDMin:  1463 04:33:04    -2397.451260        0.200431
MDMin:  1464 04:33:05    -2397.451074        0.200339
MDMin:  1465 04:33:07    -2397.450768        0.200191
MDMin:  1466 04:33:09    -2397.449634        1.543781
MDMin:  1467 04:33:10    -2397.451302        0.200423
MDMin:  1468 04:33:12    -2397.451241        0.200391
MDMin:  1469 04:33:14    -2397.451056        0.200299
MDMin:  1470 04:33:16    -2397.450753        0.200151
MDMin:  1471 04:33:18    -2397.449239        1.542025
MDMin:  1472 04:33:20    -2397.451290        0.200347
MDMin:  1473 04:33:22    -2397.451229        0.200317
MDMin:  1474 04:33:23    -2397.451047        0.200228
MDMin:  1475 04:33:25    -2397.450576        1.539482
MDMin:  1476 04:33:27    -2397.451886        0.200659
MDMin:  1477 04:33:28    -2397.451823        0.200627
MDMin:  1478 04:33:29    -2397.451635        0.200536
MDMin:  1479 04:33:31    -2397.451325        0.200394
MDMin:  1480 04:33:32    -2397.450842        1.536939
MDMin:  1481 04:33:33    -2397.451825        0.200612
MDMin:  1482 04:33:34    -2397.451763        0.200580
MDMin:  1483 04:33:36    -2397.451577        0.200491
MDMin:  1484 04:33:37    -2397.451272        0.200347
MDMin:  1485 04:33:39    -2397.450327        1.535240
MDMin:  1486 04:33:41    -2397.451779        0.200515
MDMin:  1487 04:33:43    -2397.451717        0.200485
MDMin:  1488 04:33:44    -2397.451534        0.200399
MDMin:  1489 04:33:46    -2397.451232        0.200258
MDMin:  1490 04:33:48    -2397.449842        1.533529
MDMin:  1491 04:33:50    -2397.451744        0.200402
MDMin:  1492 04:33:52    -2397.451683        0.200373
MDMin:  1493 04:33:54    -2397.451502        0.200291
MDMin:  1494 04:33:55    -2397.451108        1.531037
MDMin:  1495 04:33:57    -2397.452316        0.200660
MDMin:  1496 04:33:59    -2397.452253        0.200630
MDMin:  1497 04:34:01    -2397.452066        0.200547
MDMin:  1498 04:34:03    -2397.451759        0.200418
MDMin:  1499 04:34:05    -2397.451303        1.528514
MDMin:  1500 04:34:07    -2397.452235        0.200596
MDMin:  1501 04:34:08    -2397.452174        0.200568
MDMin:  1502 04:34:09    -2397.451990        0.200487
MDMin:  1503 04:34:11    -2397.451688        0.200358
MDMin:  1504 04:34:12    -2397.450707        1.526827
MDMin:  1505 04:34:14    -2397.452173        0.200489
MDMin:  1506 04:34:16    -2397.452112        0.200462
MDMin:  1507 04:34:18    -2397.451931        0.200385
MDMin:  1508 04:34:19    -2397.451633        0.200260
MDMin:  1509 04:34:22    -2397.450147        1.525118
MDMin:  1510 04:34:23    -2397.452123        0.200370
MDMin:  1511 04:34:25    -2397.452063        0.200344
MDMin:  1512 04:34:27    -2397.451885        0.200272
MDMin:  1513 04:34:29    -2397.451352        1.522659
MDMin:  1514 04:34:30    -2397.452676        0.200594
MDMin:  1515 04:34:32    -2397.452614        0.200568
MDMin:  1516 04:34:33    -2397.452430        0.200495
MDMin:  1517 04:34:35    -2397.452128        0.200384
MDMin:  1518 04:34:36    -2397.451485        1.520125
MDMin:  1519 04:34:38    -2397.452585        0.200534
MDMin:  1520 04:34:39    -2397.452524        0.200509
MDMin:  1521 04:34:41    -2397.452343        0.200439
MDMin:  1522 04:34:43    -2397.452046        0.200328
MDMin:  1523 04:34:45    -2397.450821        1.518421
MDMin:  1524 04:34:46    -2397.452512        0.200434
MDMin:  1525 04:34:48    -2397.452452        0.200411
MDMin:  1526 04:34:49    -2397.452274        0.200345
MDMin:  1527 04:34:51    -2397.451954        1.515997
MDMin:  1528 04:34:52    -2397.453043        0.200644
MDMin:  1529 04:34:53    -2397.452982        0.200619
MDMin:  1530 04:34:55    -2397.452799        0.200552
MDMin:  1531 04:34:57    -2397.452498        0.200451
MDMin:  1532 04:34:59    -2397.452019        1.513468
MDMin:  1533 04:35:00    -2397.452935        0.200584
MDMin:  1534 04:35:01    -2397.452875        0.200561
MDMin:  1535 04:35:03    -2397.452695        0.200498
MDMin:  1536 04:35:05    -2397.452400        0.200398
MDMin:  1537 04:35:07    -2397.451284        1.511772
MDMin:  1538 04:35:09    -2397.452848        0.200485
MDMin:  1539 04:35:11    -2397.452789        0.200464
MDMin:  1540 04:35:13    -2397.452612        0.200405
MDMin:  1541 04:35:15    -2397.452322        0.200309
MDMin:  1542 04:35:16    -2397.450593        1.510044
MDMin:  1543 04:35:18    -2397.452777        0.200376
MDMin:  1544 04:35:19    -2397.452719        0.200357
MDMin:  1545 04:35:21    -2397.452545        0.200303
MDMin:  1546 04:35:24    -2397.451692        1.507631
MDMin:  1547 04:35:26    -2397.453299        0.200556
MDMin:  1548 04:35:27    -2397.453239        0.200536
MDMin:  1549 04:35:29    -2397.453060        0.200482
MDMin:  1550 04:35:32    -2397.452766        0.200403
MDMin:  1551 04:35:33    -2397.451721        1.505059
MDMin:  1552 04:35:35    -2397.453192        0.200518
MDMin:  1553 04:35:37    -2397.453133        0.200500
MDMin:  1554 04:35:38    -2397.452958        0.200450
MDMin:  1555 04:35:40    -2397.452669        0.200372
MDMin:  1556 04:35:41    -2397.450942        1.503306
MDMin:  1557 04:35:42    -2397.453105        0.200444
MDMin:  1558 04:35:44    -2397.453047        0.200428
MDMin:  1559 04:35:45    -2397.452875        0.200382
MDMin:  1560 04:35:46    -2397.451979        1.500914
MDMin:  1561 04:35:47    -2397.453610        0.200621
MDMin:  1562 04:35:49    -2397.453551        0.200603
MDMin:  1563 04:35:51    -2397.453374        0.200557
MDMin:  1564 04:35:53    -2397.453082        0.200491
MDMin:  1565 04:35:56    -2397.451950        1.498324
MDMin:  1566 04:35:58    -2397.453492        0.200597
MDMin:  1567 04:36:00    -2397.453434        0.200581
MDMin:  1568 04:36:02    -2397.453260        0.200539
MDMin:  1569 04:36:04    -2397.452903        1.495967
MDMin:  1570 04:36:05    -2397.453975        0.200787
MDMin:  1571 04:36:07    -2397.453915        0.200769
MDMin:  1572 04:36:09    -2397.453737        0.200723
MDMin:  1573 04:36:10    -2397.453445        0.200661
MDMin:  1574 04:36:12    -2397.452798        1.493395
MDMin:  1575 04:36:14    -2397.453835        0.200765
MDMin:  1576 04:36:16    -2397.453777        0.200750
MDMin:  1577 04:36:18    -2397.453603        0.200710
MDMin:  1578 04:36:20    -2397.453317        0.200649
MDMin:  1579 04:36:22    -2397.451884        1.491656
MDMin:  1580 04:36:24    -2397.453721        0.200702
MDMin:  1581 04:36:25    -2397.453664        0.200689
MDMin:  1582 04:36:27    -2397.453494        0.200653
MDMin:  1583 04:36:29    -2397.452821        1.489316
MDMin:  1584 04:36:31    -2397.454198        0.200853
MDMin:  1585 04:36:33    -2397.454140        0.200839
MDMin:  1586 04:36:35    -2397.453965        0.200803
MDMin:  1587 04:36:36    -2397.453678        0.200755
MDMin:  1588 04:36:38    -2397.452695        1.486726
MDMin:  1589 04:36:40    -2397.454061        0.200840
MDMin:  1590 04:36:42    -2397.454003        0.200828
MDMin:  1591 04:36:43    -2397.453833        0.200797
MDMin:  1592 04:36:45    -2397.453552        0.200752
MDMin:  1593 04:36:47    -2397.451753        1.484950
MDMin:  1594 04:36:49    -2397.453948        0.200792
MDMin:  1595 04:36:51    -2397.453892        0.200782
MDMin:  1596 04:36:52    -2397.453725        0.200756
MDMin:  1597 04:36:54    -2397.452659        1.482612
MDMin:  1598 04:36:56    -2397.454418        0.200935
MDMin:  1599 04:36:57    -2397.454361        0.200924
MDMin:  1600 04:36:59    -2397.454189        0.200898
MDMin:  1601 04:37:01    -2397.453907        0.200866
MDMin:  1602 04:37:03    -2397.452505        1.479980
MDMin:  1603 04:37:05    -2397.454282        0.200946
MDMin:  1604 04:37:06    -2397.454226        0.200937
MDMin:  1605 04:37:08    -2397.454058        0.200916
MDMin:  1606 04:37:09    -2397.453339        1.477665
MDMin:  1607 04:37:11    -2397.454734        0.201109
MDMin:  1608 04:37:12    -2397.454676        0.201098
MDMin:  1609 04:37:14    -2397.454505        0.201075
MDMin:  1610 04:37:15    -2397.454223        0.201049
MDMin:  1611 04:37:17    -2397.453119        1.475033
MDMin:  1612 04:37:19    -2397.454582        0.201132
MDMin:  1613 04:37:21    -2397.454526        0.201124
MDMin:  1614 04:37:22    -2397.454359        0.201107
MDMin:  1615 04:37:24    -2397.453901        1.472744
MDMin:  1616 04:37:26    -2397.455020        0.201292
MDMin:  1617 04:37:28    -2397.454963        0.201283
MDMin:  1618 04:37:30    -2397.454792        0.201262
MDMin:  1619 04:37:32    -2397.454510        0.201242
MDMin:  1620 04:37:34    -2397.453631        1.470118
MDMin:  1621 04:37:36    -2397.454857        0.201320
MDMin:  1622 04:37:38    -2397.454802        0.201313
MDMin:  1623 04:37:40    -2397.454635        0.201299
MDMin:  1624 04:37:42    -2397.454361        0.201283
MDMin:  1625 04:37:44    -2397.452543        1.468306
MDMin:  1626 04:37:45    -2397.454725        0.201309
MDMin:  1627 04:37:47    -2397.454670        0.201305
MDMin:  1628 04:37:49    -2397.454507        0.201295
MDMin:  1629 04:37:51    -2397.453334        1.466010
MDMin:  1630 04:37:53    -2397.455165        0.201435
MDMin:  1631 04:37:54    -2397.455109        0.201429
MDMin:  1632 04:37:56    -2397.454943        0.201420
MDMin:  1633 04:37:58    -2397.454669        0.201417
MDMin:  1634 04:38:00    -2397.453071        1.463332
MDMin:  1635 04:38:02    -2397.455016        0.201482
MDMin:  1636 04:38:04    -2397.454961        0.201479
MDMin:  1637 04:38:06    -2397.454799        0.201476
MDMin:  1638 04:38:08    -2397.453801        1.461048
MDMin:  1639 04:38:10    -2397.455442        0.201630
MDMin:  1640 04:38:12    -2397.455387        0.201626
MDMin:  1641 04:38:14    -2397.455221        0.201620
MDMin:  1642 04:38:16    -2397.454948        0.201625
MDMin:  1643 04:38:18    -2397.453484        1.458354
MDMin:  1644 04:38:19    -2397.455282        0.201696
MDMin:  1645 04:38:21    -2397.455228        0.201695
MDMin:  1646 04:38:22    -2397.455067        0.201696
MDMin:  1647 04:38:24    -2397.454169        1.456086
MDMin:  1648 04:38:25    -2397.455698        0.201846
MDMin:  1649 04:38:27    -2397.455643        0.201843
MDMin:  1650 04:38:28    -2397.455478        0.201841
MDMin:  1651 04:38:29    -2397.455207        0.201852
MDMin:  1652 04:38:31    -2397.453811        1.453384
MDMin:  1653 04:38:33    -2397.455532        0.201922
MDMin:  1654 04:38:34    -2397.455479        0.201922
MDMin:  1655 04:38:36    -2397.455318        0.201927
MDMin:  1656 04:38:38    -2397.454464        1.451127
MDMin:  1657 04:38:40    -2397.455940        0.202069
MDMin:  1658 04:38:42    -2397.455885        0.202067
MDMin:  1659 04:38:44    -2397.455721        0.202069
MDMin:  1660 04:38:46    -2397.455452        0.202088
MDMin:  1661 04:38:48    -2397.454072        1.448414
MDMin:  1662 04:38:49    -2397.455774        0.202156
MDMin:  1663 04:38:51    -2397.455721        0.202158
MDMin:  1664 04:38:53    -2397.455562        0.202167
MDMin:  1665 04:38:55    -2397.454712        1.446149
MDMin:  1666 04:38:56    -2397.456174        0.202301
MDMin:  1667 04:38:58    -2397.456119        0.202300
MDMin:  1668 04:39:00    -2397.455957        0.202307
MDMin:  1669 04:39:02    -2397.455691        0.202333
MDMin:  1670 04:39:03    -2397.454289        1.443421
MDMin:  1671 04:39:05    -2397.456009        0.202399
MDMin:  1672 04:39:07    -2397.455956        0.202402
MDMin:  1673 04:39:09    -2397.455799        0.202416
MDMin:  1674 04:39:10    -2397.454920        1.441146
MDMin:  1675 04:39:12    -2397.456402        0.202542
MDMin:  1676 04:39:14    -2397.456348        0.202543
MDMin:  1677 04:39:16    -2397.456188        0.202554
MDMin:  1678 04:39:18    -2397.455924        0.202589
MDMin:  1679 04:39:20    -2397.454469        1.438400
MDMin:  1680 04:39:21    -2397.456240        0.202654
MDMin:  1681 04:39:22    -2397.456187        0.202658
MDMin:  1682 04:39:24    -2397.456032        0.202677
MDMin:  1683 04:39:25    -2397.455089        1.436114
MDMin:  1684 04:39:27    -2397.456627        0.202796
MDMin:  1685 04:39:29    -2397.456573        0.202798
MDMin:  1686 04:39:31    -2397.456415        0.202814
MDMin:  1687 04:39:33    -2397.456153        0.202857
MDMin:  1688 04:39:35    -2397.454612        1.433344
MDMin:  1689 04:39:37    -2397.456467        0.202921
MDMin:  1690 04:39:39    -2397.456415        0.202927
MDMin:  1691 04:39:40    -2397.456261        0.202951
MDMin:  1692 04:39:42    -2397.455224        1.431046
MDMin:  1693 04:39:43    -2397.456849        0.203063
MDMin:  1694 04:39:44    -2397.456796        0.203067
MDMin:  1695 04:39:46    -2397.456639        0.203088
MDMin:  1696 04:39:47    -2397.456381        0.203139
MDMin:  1697 04:39:48    -2397.454723        1.428250
MDMin:  1698 04:39:49    -2397.456692        0.203203
MDMin:  1699 04:39:51    -2397.456641        0.203211
MDMin:  1700 04:39:52    -2397.456489        0.203239
MDMin:  1701 04:39:54    -2397.455327        1.425938
MDMin:  1702 04:39:55    -2397.457069        0.203346
MDMin:  1703 04:39:57    -2397.457017        0.203351
MDMin:  1704 04:39:59    -2397.456862        0.203377
MDMin:  1705 04:40:01    -2397.456607        0.203435
MDMin:  1706 04:40:02    -2397.454804        1.423112
MDMin:  1707 04:40:04    -2397.456917        0.203500
MDMin:  1708 04:40:06    -2397.456866        0.203509
MDMin:  1709 04:40:08    -2397.456716        0.203543
MDMin:  1710 04:40:09    -2397.455401        1.420784
MDMin:  1711 04:40:11    -2397.457289        0.203644
MDMin:  1712 04:40:13    -2397.457238        0.203651
MDMin:  1713 04:40:14    -2397.457084        0.203681
MDMin:  1714 04:40:16    -2397.456730        1.417775
MDMin:  1715 04:40:17    -2397.457637        0.203847
MDMin:  1716 04:40:18    -2397.457585        0.203851
MDMin:  1717 04:40:20    -2397.457429        0.203875
MDMin:  1718 04:40:22    -2397.457173        0.203938
MDMin:  1719 04:40:23    -2397.456089        1.414935
MDMin:  1720 04:40:25    -2397.457471        0.204030
MDMin:  1721 04:40:27    -2397.457421        0.204039
MDMin:  1722 04:40:29    -2397.457270        0.204076
MDMin:  1723 04:40:31    -2397.456649        1.412598
MDMin:  1724 04:40:32    -2397.457822        0.204186
MDMin:  1725 04:40:34    -2397.457770        0.204194
MDMin:  1726 04:40:35    -2397.457617        0.204226
MDMin:  1727 04:40:37    -2397.457366        0.204298
MDMin:  1728 04:40:38    -2397.456017        1.409749
MDMin:  1729 04:40:40    -2397.457665        0.204365
MDMin:  1730 04:40:41    -2397.457615        0.204377
MDMin:  1731 04:40:42    -2397.457467        0.204419
MDMin:  1732 04:40:43    -2397.456578        1.407406
MDMin:  1733 04:40:45    -2397.458015        0.204508
MDMin:  1734 04:40:47    -2397.457965        0.204518
MDMin:  1735 04:40:48    -2397.457814        0.204556
MDMin:  1736 04:40:50    -2397.457567        0.204636
MDMin:  1737 04:40:52    -2397.455943        1.404522
MDMin:  1738 04:40:53    -2397.457867        0.204698
MDMin:  1739 04:40:55    -2397.457818        0.204711
MDMin:  1740 04:40:56    -2397.457672        0.204758
MDMin:  1741 04:40:57    -2397.456502        1.402161
MDMin:  1742 04:40:59    -2397.458217        0.204838
MDMin:  1743 04:41:01    -2397.458167        0.204850
MDMin:  1744 04:41:03    -2397.458019        0.204893
MDMin:  1745 04:41:05    -2397.457739        1.399183
MDMin:  1746 04:41:07    -2397.458545        0.205039
MDMin:  1747 04:41:09    -2397.458494        0.205047
MDMin:  1748 04:41:11    -2397.458344        0.205084
MDMin:  1749 04:41:12    -2397.458098        0.205170
MDMin:  1750 04:41:14    -2397.457007        1.396267
MDMin:  1751 04:41:16    -2397.458388        0.205258
MDMin:  1752 04:41:17    -2397.458339        0.205272
MDMin:  1753 04:41:19    -2397.458194        0.205322
MDMin:  1754 04:41:20    -2397.457536        1.393889
MDMin:  1755 04:41:22    -2397.458721        0.205414
MDMin:  1756 04:41:24    -2397.458671        0.205425
MDMin:  1757 04:41:25    -2397.458524        0.205471
MDMin:  1758 04:41:27    -2397.458282        0.205566
MDMin:  1759 04:41:29    -2397.456821        1.390949
MDMin:  1760 04:41:31    -2397.458575        0.205631
MDMin:  1761 04:41:32    -2397.458528        0.205647
MDMin:  1762 04:41:33    -2397.458385        0.205703
MDMin:  1763 04:41:35    -2397.457353        1.388559
MDMin:  1764 04:41:36    -2397.458910        0.205775
MDMin:  1765 04:41:38    -2397.458862        0.205788
MDMin:  1766 04:41:40    -2397.458717        0.205840
MDMin:  1767 04:41:41    -2397.458480        0.205944
MDMin:  1768 04:41:43    -2397.456643        1.385568
MDMin:  1769 04:41:45    -2397.458775        0.206003
MDMin:  1770 04:41:47    -2397.458728        0.206021
MDMin:  1771 04:41:49    -2397.458521        1.383194
MDMin:  1772 04:41:50    -2397.459521        0.206179
MDMin:  1773 04:41:52    -2397.459471        0.206185
MDMin:  1774 04:41:54    -2397.459324        0.206218
MDMin:  1775 04:41:56    -2397.459082        0.206310
MDMin:  1776 04:41:58    -2397.458613        1.379414
MDMin:  1777 04:42:00    -2397.459360        0.206435
MDMin:  1778 04:42:02    -2397.459312        0.206451
MDMin:  1779 04:42:04    -2397.459170        0.206508
MDMin:  1780 04:42:06    -2397.458937        0.206619
MDMin:  1781 04:42:07    -2397.457212        1.376928
MDMin:  1782 04:42:09    -2397.459228        0.206657
MDMin:  1783 04:42:11    -2397.459182        0.206677
MDMin:  1784 04:42:13    -2397.459045        0.206741
MDMin:  1785 04:42:14    -2397.457732        1.374506
MDMin:  1786 04:42:16    -2397.459557        0.206785
MDMin:  1787 04:42:18    -2397.459510        0.206803
MDMin:  1788 04:42:19    -2397.459371        0.206864
MDMin:  1789 04:42:21    -2397.458865        1.371546
MDMin:  1790 04:42:23    -2397.459866        0.206980
MDMin:  1791 04:42:25    -2397.459819        0.206995
MDMin:  1792 04:42:27    -2397.459678        0.207050
MDMin:  1793 04:42:29    -2397.459446        0.207167
MDMin:  1794 04:42:31    -2397.458036        1.368467
MDMin:  1795 04:42:33    -2397.459731        0.207249
MDMin:  1796 04:42:35    -2397.459686        0.207269
MDMin:  1797 04:42:36    -2397.459550        0.207337
MDMin:  1798 04:42:38    -2397.458533        1.366011
MDMin:  1799 04:42:40    -2397.460047        0.207405
MDMin:  1800 04:42:42    -2397.460000        0.207423
MDMin:  1801 04:42:43    -2397.459863        0.207486
MDMin:  1802 04:42:45    -2397.459611        1.363057
MDMin:  1803 04:42:47    -2397.460344        0.207612
MDMin:  1804 04:42:49    -2397.460298        0.207626
MDMin:  1805 04:42:50    -2397.460158        0.207683
MDMin:  1806 04:42:52    -2397.459930        0.207805
MDMin:  1807 04:42:53    -2397.458731        1.359936
MDMin:  1808 04:42:54    -2397.460210        0.207892
MDMin:  1809 04:42:56    -2397.460165        0.207913
MDMin:  1810 04:42:58    -2397.460031        0.207985
MDMin:  1811 04:43:00    -2397.459210        1.357461
MDMin:  1812 04:43:02    -2397.460517        0.208051
MDMin:  1813 04:43:04    -2397.460471        0.208070
MDMin:  1814 04:43:06    -2397.460335        0.208137
MDMin:  1815 04:43:08    -2397.460113        0.208268
MDMin:  1816 04:43:09    -2397.458365        1.354295
MDMin:  1817 04:43:11    -2397.460398        0.208329
MDMin:  1818 04:43:13    -2397.460354        0.208352
MDMin:  1819 04:43:15    -2397.460198        1.351976
MDMin:  1820 04:43:16    -2397.461101        0.208476
MDMin:  1821 04:43:18    -2397.461055        0.208485
MDMin:  1822 04:43:20    -2397.460917        0.208531
MDMin:  1823 04:43:22    -2397.460691        0.208649
MDMin:  1824 04:43:23    -2397.460185        1.348045
MDMin:  1825 04:43:25    -2397.460961        0.208774
MDMin:  1826 04:43:27    -2397.460916        0.208795
MDMin:  1827 04:43:28    -2397.460783        0.208868
MDMin:  1828 04:43:29    -2397.460566        0.209007
MDMin:  1829 04:43:31    -2397.458754        1.345273
MDMin:  1830 04:43:33    -2397.460850        0.209041
MDMin:  1831 04:43:35    -2397.460807        0.209066
MDMin:  1832 04:43:37    -2397.460576        1.342975
MDMin:  1833 04:43:38    -2397.461544        0.209158
MDMin:  1834 04:43:40    -2397.461499        0.209170
MDMin:  1835 04:43:41    -2397.461364        0.209222
MDMin:  1836 04:43:43    -2397.461143        0.209349
MDMin:  1837 04:43:45    -2397.460550        1.339004
MDMin:  1838 04:43:47    -2397.461413        0.209465
MDMin:  1839 04:43:48    -2397.461369        0.209488
MDMin:  1840 04:43:50    -2397.461240        0.209565
MDMin:  1841 04:43:52    -2397.460989        1.336476
MDMin:  1842 04:43:54    -2397.461697        0.209642
MDMin:  1843 04:43:56    -2397.461653        0.209661
MDMin:  1844 04:43:57    -2397.461523        0.209733
MDMin:  1845 04:43:59    -2397.461308        0.209876
MDMin:  1846 04:44:00    -2397.460042        1.333207
MDMin:  1847 04:44:02    -2397.461585        0.209940
MDMin:  1848 04:44:04    -2397.461543        0.209966
MDMin:  1849 04:44:06    -2397.461417        0.210050
MDMin:  1850 04:44:08    -2397.460499        1.330666
MDMin:  1851 04:44:10    -2397.461879        0.210087
MDMin:  1852 04:44:12    -2397.461836        0.210110
MDMin:  1853 04:44:14    -2397.461709        0.210188
MDMin:  1854 04:44:16    -2397.461457        1.327716
MDMin:  1855 04:44:18    -2397.462158        0.210286
MDMin:  1856 04:44:20    -2397.462115        0.210305
MDMin:  1857 04:44:21    -2397.461987        0.210377
MDMin:  1858 04:44:23    -2397.461777        0.210524
MDMin:  1859 04:44:25    -2397.460480        1.324369
MDMin:  1860 04:44:27    -2397.462052        0.210600
MDMin:  1861 04:44:28    -2397.462011        0.210626
MDMin:  1862 04:44:30    -2397.461888        0.210713
MDMin:  1863 04:44:32    -2397.460929        1.321794
MDMin:  1864 04:44:34    -2397.462342        0.210754
MDMin:  1865 04:44:35    -2397.462301        0.210777
MDMin:  1866 04:44:37    -2397.462177        0.210858
MDMin:  1867 04:44:38    -2397.461860        1.318834
MDMin:  1868 04:44:39    -2397.462618        0.210956
MDMin:  1869 04:44:41    -2397.462576        0.210976
MDMin:  1870 04:44:42    -2397.462451        0.211049
MDMin:  1871 04:44:43    -2397.462245        0.211202
MDMin:  1872 04:44:45    -2397.460864        1.315414
MDMin:  1873 04:44:47    -2397.462520        0.211277
MDMin:  1874 04:44:48    -2397.462480        0.211304
MDMin:  1875 04:44:50    -2397.462360        0.211393
MDMin:  1876 04:44:52    -2397.461308        1.312807
MDMin:  1877 04:44:54    -2397.462807        0.211432
MDMin:  1878 04:44:56    -2397.462767        0.211456
MDMin:  1879 04:44:58    -2397.462645        0.211539
MDMin:  1880 04:44:59    -2397.462216        1.309836
MDMin:  1881 04:45:00    -2397.463080        0.211633
MDMin:  1882 04:45:02    -2397.463039        0.211654
MDMin:  1883 04:45:04    -2397.462917        0.211730
MDMin:  1884 04:45:06    -2397.462717        0.211886
MDMin:  1885 04:45:07    -2397.461208        1.306336
MDMin:  1886 04:45:09    -2397.462992        0.211959
MDMin:  1887 04:45:10    -2397.462952        0.211987
MDMin:  1888 04:45:12    -2397.462835        0.212079
MDMin:  1889 04:45:14    -2397.461648        1.303695
MDMin:  1890 04:45:16    -2397.463277        0.212113
MDMin:  1891 04:45:18    -2397.463237        0.212138
MDMin:  1892 04:45:20    -2397.463119        0.212223
MDMin:  1893 04:45:22    -2397.462536        1.300709
MDMin:  1894 04:45:23    -2397.463548        0.212313
MDMin:  1895 04:45:25    -2397.463508        0.212334
MDMin:  1896 04:45:28    -2397.463389        0.212412
MDMin:  1897 04:45:30    -2397.463194        0.212572
MDMin:  1898 04:45:32    -2397.461519        1.297124
MDMin:  1899 04:45:34    -2397.463469        0.212643
MDMin:  1900 04:45:36    -2397.463431        0.212671
MDMin:  1901 04:45:38    -2397.463279        1.294896
MDMin:  1902 04:45:40    -2397.464110        0.212769
MDMin:  1903 04:45:42    -2397.464069        0.212780
MDMin:  1904 04:45:44    -2397.463949        0.212833
MDMin:  1905 04:45:45    -2397.463751        0.212973
MDMin:  1906 04:45:47    -2397.463143        1.290611
MDMin:  1907 04:45:48    -2397.464015        0.213093
MDMin:  1908 04:45:50    -2397.463976        0.213119
MDMin:  1909 04:45:51    -2397.463861        0.213208
MDMin:  1910 04:45:53    -2397.463546        1.287921
MDMin:  1911 04:45:54    -2397.464279        0.213272
MDMin:  1912 04:45:56    -2397.464240        0.213295
MDMin:  1913 04:45:57    -2397.464124        0.213376
MDMin:  1914 04:45:59    -2397.463934        0.213539
MDMin:  1915 04:46:01    -2397.462501        1.284265
MDMin:  1916 04:46:03    -2397.464207        0.213593
MDMin:  1917 04:46:04    -2397.464170        0.213622
MDMin:  1918 04:46:06    -2397.464059        0.213718
MDMin:  1919 04:46:08    -2397.462930        1.281556
MDMin:  1920 04:46:10    -2397.464485        0.213733
MDMin:  1921 04:46:12    -2397.464447        0.213759
MDMin:  1922 04:46:13    -2397.464336        0.213847
MDMin:  1923 04:46:14    -2397.463765        1.278544
MDMin:  1924 04:46:16    -2397.464750        0.213921
MDMin:  1925 04:46:17    -2397.464712        0.213943
MDMin:  1926 04:46:19    -2397.464600        0.214023
MDMin:  1927 04:46:21    -2397.464416        0.214188
MDMin:  1928 04:46:23    -2397.462723        1.274775
MDMin:  1929 04:46:24    -2397.464690        0.214246
MDMin:  1930 04:46:26    -2397.464654        0.214275
MDMin:  1931 04:46:28    -2397.464458        1.272580
MDMin:  1932 04:46:30    -2397.465312        0.214357
MDMin:  1933 04:46:32    -2397.465274        0.214367
MDMin:  1934 04:46:34    -2397.465161        0.214421
MDMin:  1935 04:46:35    -2397.464975        0.214564
MDMin:  1936 04:46:36    -2397.464304        1.268131
MDMin:  1937 04:46:38    -2397.465238        0.214675
MDMin:  1938 04:46:39    -2397.465202        0.214701
MDMin:  1939 04:46:41    -2397.465093        0.214791
MDMin:  1940 04:46:43    -2397.464703        1.265357
MDMin:  1941 04:46:45    -2397.465499        0.214845
MDMin:  1942 04:46:47    -2397.465462        0.214868
MDMin:  1943 04:46:49    -2397.465353        0.214950
MDMin:  1944 04:46:51    -2397.465175        0.215117
MDMin:  1945 04:46:53    -2397.463643        1.261488
MDMin:  1946 04:46:55    -2397.465448        0.215160
MDMin:  1947 04:46:57    -2397.465413        0.215190
MDMin:  1948 04:46:59    -2397.465309        0.215287
MDMin:  1949 04:47:01    -2397.464071        1.258688
MDMin:  1950 04:47:03    -2397.465723        0.215291
MDMin:  1951 04:47:05    -2397.465688        0.215317
MDMin:  1952 04:47:07    -2397.465583        0.215406
MDMin:  1953 04:47:09    -2397.464868        1.255623
MDMin:  1954 04:47:10    -2397.465986        0.215468
MDMin:  1955 04:47:12    -2397.465950        0.215490
MDMin:  1956 04:47:13    -2397.465845        0.215571
MDMin:  1957 04:47:14    -2397.465621        1.252555
MDMin:  1958 04:47:15    -2397.466239        0.215664
MDMin:  1959 04:47:17    -2397.466204        0.215683
MDMin:  1960 04:47:19    -2397.466098        0.215757
MDMin:  1961 04:47:22    -2397.465925        0.215918
MDMin:  1962 04:47:23    -2397.464532        1.248544
MDMin:  1963 04:47:24    -2397.466197        0.215979
MDMin:  1964 04:47:26    -2397.466163        0.216007
MDMin:  1965 04:47:28    -2397.466062        0.216102
MDMin:  1966 04:47:30    -2397.464954        1.245684
MDMin:  1967 04:47:32    -2397.466466        0.216117
MDMin:  1968 04:47:34    -2397.466432        0.216142
MDMin:  1969 04:47:35    -2397.466331        0.216228
MDMin:  1970 04:47:36    -2397.465720        1.242585
MDMin:  1971 04:47:38    -2397.466725        0.216293
MDMin:  1972 04:47:40    -2397.466691        0.216314
MDMin:  1973 04:47:42    -2397.466590        0.216392
MDMin:  1974 04:47:44    -2397.466424        0.216556
MDMin:  1975 04:47:46    -2397.464664        1.238454
MDMin:  1976 04:47:48    -2397.466699        0.216599
MDMin:  1977 04:47:50    -2397.466666        0.216628
MDMin:  1978 04:47:52    -2397.466365        1.236300
MDMin:  1979 04:47:54    -2397.467293        0.216699
MDMin:  1980 04:47:56    -2397.467259        0.216707
MDMin:  1981 04:47:57    -2397.467157        0.216754
MDMin:  1982 04:47:59    -2397.466989        0.216891
MDMin:  1983 04:48:00    -2397.466207        1.231533
MDMin:  1984 04:48:03    -2397.467254        0.216987
MDMin:  1985 04:48:05    -2397.467222        0.217012
MDMin:  1986 04:48:07    -2397.467124        0.217100
MDMin:  1987 04:48:09    -2397.466613        1.228597
MDMin:  1988 04:48:11    -2397.467512        0.217140
MDMin:  1989 04:48:13    -2397.467479        0.217161
MDMin:  1990 04:48:15    -2397.467382        0.217240
MDMin:  1991 04:48:16    -2397.467222        0.217404
MDMin:  1992 04:48:18    -2397.465562        1.224330
MDMin:  1993 04:48:20    -2397.467497        0.217429
MDMin:  1994 04:48:21    -2397.467466        0.217457
MDMin:  1995 04:48:22    -2397.467251        1.222192
MDMin:  1996 04:48:24    -2397.468082        0.217514
MDMin:  1997 04:48:26    -2397.468049        0.217521
MDMin:  1998 04:48:28    -2397.467951        0.217566
MDMin:  1999 04:48:30    -2397.467790        0.217700
MDMin:  2000 04:48:31    -2397.467098        1.217301
MDMin:  2001 04:48:33    -2397.468056        0.217785
MDMin:  2002 04:48:35    -2397.468025        0.217809
MDMin:  2003 04:48:37    -2397.467932        0.217895
MDMin:  2004 04:48:38    -2397.467509        1.214301
MDMin:  2005 04:48:40    -2397.468313        0.217927
MDMin:  2006 04:48:42    -2397.468281        0.217947
MDMin:  2007 04:48:43    -2397.468188        0.218023
MDMin:  2008 04:48:45    -2397.468035        0.218183
MDMin:  2009 04:48:47    -2397.466467        1.209875
MDMin:  2010 04:48:49    -2397.468311        0.218198
MDMin:  2011 04:48:51    -2397.468282        0.218226
MDMin:  2012 04:48:52    -2397.468145        1.207749
MDMin:  2013 04:48:54    -2397.468887        0.218278
MDMin:  2014 04:48:55    -2397.468855        0.218283
MDMin:  2015 04:48:57    -2397.468761        0.218324
MDMin:  2016 04:48:59    -2397.468608        0.218453
MDMin:  2017 04:49:00    -2397.468003        1.202715
MDMin:  2018 04:49:02    -2397.468874        0.218528
MDMin:  2019 04:49:04    -2397.468845        0.218551
MDMin:  2020 04:49:06    -2397.468756        0.218634
MDMin:  2021 04:49:08    -2397.468421        1.199642
MDMin:  2022 04:49:10    -2397.469131        0.218660
MDMin:  2023 04:49:11    -2397.469101        0.218678
MDMin:  2024 04:49:12    -2397.469012        0.218751
MDMin:  2025 04:49:13    -2397.468866        0.218906
MDMin:  2026 04:49:15    -2397.467396        1.195038
MDMin:  2027 04:49:17    -2397.469144        0.218911
MDMin:  2028 04:49:19    -2397.469115        0.218937
MDMin:  2029 04:49:21    -2397.469031        0.219027
MDMin:  2030 04:49:22    -2397.467850        1.191920
MDMin:  2031 04:49:24    -2397.469416        0.219002
MDMin:  2032 04:49:26    -2397.469387        0.219024
MDMin:  2033 04:49:28    -2397.469303        0.219102
MDMin:  2034 04:49:29    -2397.468581        1.188621
MDMin:  2035 04:49:31    -2397.469678        0.219134
MDMin:  2036 04:49:33    -2397.469650        0.219151
MDMin:  2037 04:49:35    -2397.469565        0.219219
MDMin:  2038 04:49:37    -2397.469278        1.185310
MDMin:  2039 04:49:39    -2397.469933        0.219281
MDMin:  2040 04:49:40    -2397.469904        0.219295
MDMin:  2041 04:49:42    -2397.469819        0.219354
MDMin:  2042 04:49:44    -2397.469681        0.219497
MDMin:  2043 04:49:46    -2397.468263        1.180492
MDMin:  2044 04:49:48    -2397.469958        0.219516
MDMin:  2045 04:49:50    -2397.469932        0.219540
MDMin:  2046 04:49:52    -2397.469851        0.219623
MDMin:  2047 04:49:54    -2397.468727        1.177279
MDMin:  2048 04:49:56    -2397.470230        0.219609
MDMin:  2049 04:49:58    -2397.470203        0.219628
MDMin:  2050 04:49:59    -2397.470122        0.219700
MDMin:  2051 04:50:01    -2397.469450        1.173905
MDMin:  2052 04:50:03    -2397.470492        0.219735
MDMin:  2053 04:50:05    -2397.470465        0.219749
MDMin:  2054 04:50:07    -2397.470384        0.219811
MDMin:  2055 04:50:09    -2397.470140        1.170518
MDMin:  2056 04:50:11    -2397.470747        0.219872
MDMin:  2057 04:50:13    -2397.470720        0.219884
MDMin:  2058 04:50:14    -2397.470639        0.219937
MDMin:  2059 04:50:16    -2397.470508        0.220071
MDMin:  2060 04:50:18    -2397.469154        1.165489
MDMin:  2061 04:50:20    -2397.470787        0.220083
MDMin:  2062 04:50:22    -2397.470761        0.220105
MDMin:  2063 04:50:24    -2397.470685        0.220184
MDMin:  2064 04:50:26    -2397.469633        1.162181
MDMin:  2065 04:50:28    -2397.471059        0.220166
MDMin:  2066 04:50:29    -2397.471033        0.220183
MDMin:  2067 04:50:30    -2397.470957        0.220250
MDMin:  2068 04:50:32    -2397.470355        1.158726
MDMin:  2069 04:50:33    -2397.471322        0.220279
MDMin:  2070 04:50:35    -2397.471296        0.220292
MDMin:  2071 04:50:36    -2397.471220        0.220348
MDMin:  2072 04:50:37    -2397.471047        1.155256
MDMin:  2073 04:50:39    -2397.471579        0.220403
MDMin:  2074 04:50:41    -2397.471553        0.220413
MDMin:  2075 04:50:43    -2397.471477        0.220460
MDMin:  2076 04:50:45    -2397.471352        0.220585
MDMin:  2077 04:50:47    -2397.470098        1.150001
MDMin:  2078 04:50:49    -2397.471632        0.220587
MDMin:  2079 04:50:51    -2397.471608        0.220608
MDMin:  2080 04:50:53    -2397.471536        0.220681
MDMin:  2081 04:50:55    -2397.470596        1.146591
MDMin:  2082 04:50:57    -2397.471906        0.220658
MDMin:  2083 04:50:58    -2397.471882        0.220673
MDMin:  2084 04:51:00    -2397.471809        0.220733
MDMin:  2085 04:51:02    -2397.471323        1.143046
MDMin:  2086 04:51:04    -2397.472171        0.220757
MDMin:  2087 04:51:06    -2397.472147        0.220768
MDMin:  2088 04:51:07    -2397.472075        0.220817
MDMin:  2089 04:51:09    -2397.471957        0.220942
MDMin:  2090 04:51:11    -2397.470444        1.137587
MDMin:  2091 04:51:13    -2397.472243        0.220921
MDMin:  2092 04:51:15    -2397.472220        0.220941
MDMin:  2093 04:51:17    -2397.472087        1.135468
MDMin:  2094 04:51:19    -2397.472782        0.221007
MDMin:  2095 04:51:21    -2397.472758        0.220999
MDMin:  2096 04:51:23    -2397.472685        0.221005
MDMin:  2097 04:51:25    -2397.472567        0.221086
MDMin:  2098 04:51:27    -2397.472103        1.129496
MDMin:  2099 04:51:29    -2397.472843        0.221122
MDMin:  2100 04:51:31    -2397.472821        0.221136
MDMin:  2101 04:51:33    -2397.472752        0.221193
MDMin:  2102 04:51:35    -2397.472609        1.125941
MDMin:  2103 04:51:36    -2397.473109        0.221198
MDMin:  2104 04:51:38    -2397.473086        0.221207
MDMin:  2105 04:51:40    -2397.473018        0.221252
MDMin:  2106 04:51:41    -2397.472907        0.221368
MDMin:  2107 04:51:43    -2397.471778        1.120225
MDMin:  2108 04:51:45    -2397.473194        0.221329
MDMin:  2109 04:51:47    -2397.473173        0.221347
MDMin:  2110 04:51:49    -2397.473109        0.221412
MDMin:  2111 04:51:51    -2397.472325        1.116601
MDMin:  2112 04:51:52    -2397.473475        0.221364
MDMin:  2113 04:51:54    -2397.473453        0.221375
MDMin:  2114 04:51:56    -2397.473390        0.221426
MDMin:  2115 04:51:58    -2397.473084        1.112854
MDMin:  2116 04:52:00    -2397.473747        0.221432
MDMin:  2117 04:52:02    -2397.473726        0.221438
MDMin:  2118 04:52:04    -2397.473662        0.221476
MDMin:  2119 04:52:06    -2397.473558        0.221583
MDMin:  2120 04:52:07    -2397.472320        1.106886
MDMin:  2121 04:52:08    -2397.473849        0.221539
MDMin:  2122 04:52:10    -2397.473829        0.221555
MDMin:  2123 04:52:12    -2397.473770        0.221615
MDMin:  2124 04:52:13    -2397.472898        1.103144
MDMin:  2125 04:52:14    -2397.474135        0.221565
MDMin:  2126 04:52:16    -2397.474115        0.221575
MDMin:  2127 04:52:18    -2397.474056        0.221620
MDMin:  2128 04:52:19    -2397.473681        1.099284
MDMin:  2129 04:52:20    -2397.474413        0.221623
MDMin:  2130 04:52:21    -2397.474393        0.221628
MDMin:  2131 04:52:22    -2397.474333        0.221659
MDMin:  2132 04:52:24    -2397.474236        0.221757
MDMin:  2133 04:52:26    -2397.472986        1.093050
MDMin:  2134 04:52:28    -2397.474531        0.221706
MDMin:  2135 04:52:29    -2397.474512        0.221720
MDMin:  2136 04:52:31    -2397.474456        0.221774
MDMin:  2137 04:52:33    -2397.473596        1.089181
MDMin:  2138 04:52:34    -2397.474821        0.221723
MDMin:  2139 04:52:36    -2397.474802        0.221730
MDMin:  2140 04:52:38    -2397.474747        0.221769
MDMin:  2141 04:52:40    -2397.474404        1.085200
MDMin:  2142 04:52:41    -2397.475103        0.221770
MDMin:  2143 04:52:43    -2397.475085        0.221772
MDMin:  2144 04:52:45    -2397.475029        0.221797
MDMin:  2145 04:52:47    -2397.474938        0.221885
MDMin:  2146 04:52:49    -2397.473780        1.078684
MDMin:  2147 04:52:51    -2397.475235        0.221827
MDMin:  2148 04:52:53    -2397.475218        0.221839
MDMin:  2149 04:52:55    -2397.475166        0.221888
MDMin:  2150 04:52:57    -2397.474422        1.074680
MDMin:  2151 04:52:59    -2397.475530        0.221833
MDMin:  2152 04:53:01    -2397.475512        0.221839
MDMin:  2153 04:53:02    -2397.475460        0.221871
MDMin:  2154 04:53:04    -2397.475257        1.070568
MDMin:  2155 04:53:06    -2397.475816        0.221869
MDMin:  2156 04:53:08    -2397.475798        0.221869
MDMin:  2157 04:53:10    -2397.475746        0.221887
MDMin:  2158 04:53:11    -2397.475661        0.221965
MDMin:  2159 04:53:13    -2397.474707        1.063754
MDMin:  2160 04:53:15    -2397.475961        0.221899
MDMin:  2161 04:53:17    -2397.475944        0.221909
MDMin:  2162 04:53:19    -2397.475896        0.221952
MDMin:  2163 04:53:21    -2397.475384        1.059604
MDMin:  2164 04:53:22    -2397.476259        0.221895
MDMin:  2165 04:53:23    -2397.476242        0.221897
MDMin:  2166 04:53:25    -2397.476194        0.221923
MDMin:  2167 04:53:26    -2397.476115        0.222006
MDMin:  2168 04:53:28    -2397.474936        1.052551
MDMin:  2169 04:53:30    -2397.476421        0.221907
MDMin:  2170 04:53:32    -2397.476406        0.221917
MDMin:  2171 04:53:34    -2397.476362        0.221960
MDMin:  2172 04:53:36    -2397.475653        1.048281
MDMin:  2173 04:53:37    -2397.476728        0.221883
MDMin:  2174 04:53:39    -2397.476713        0.221885
MDMin:  2175 04:53:41    -2397.476668        0.221910
MDMin:  2176 04:53:43    -2397.476562        1.043906
MDMin:  2177 04:53:45    -2397.477026        0.221894
MDMin:  2178 04:53:47    -2397.477011        0.221890
MDMin:  2179 04:53:48    -2397.476965        0.221899
MDMin:  2180 04:53:49    -2397.476892        0.221962
MDMin:  2181 04:53:51    -2397.476181        1.036498
MDMin:  2182 04:53:53    -2397.477199        0.221878
MDMin:  2183 04:53:55    -2397.477185        0.221884
MDMin:  2184 04:53:57    -2397.477143        0.221917
MDMin:  2185 04:53:59    -2397.476935        1.032054
MDMin:  2186 04:54:00    -2397.477506        0.221853
MDMin:  2187 04:54:02    -2397.477492        0.221852
MDMin:  2188 04:54:03    -2397.477450        0.221866
MDMin:  2189 04:54:06    -2397.477383        0.221932
MDMin:  2190 04:54:08    -2397.476657        1.024375
MDMin:  2191 04:54:09    -2397.477694        0.221819
MDMin:  2192 04:54:11    -2397.477682        0.221826
MDMin:  2193 04:54:13    -2397.477644        0.221858
MDMin:  2194 04:54:15    -2397.477454        1.019792
MDMin:  2195 04:54:17    -2397.478010        0.221776
MDMin:  2196 04:54:19    -2397.477997        0.221775
MDMin:  2197 04:54:21    -2397.477958        0.221787
MDMin:  2198 04:54:23    -2397.477896        0.221849
MDMin:  2199 04:54:25    -2397.477272        1.011814
MDMin:  2200 04:54:27    -2397.478212        0.221723
MDMin:  2201 04:54:29    -2397.478200        0.221729
MDMin:  2202 04:54:31    -2397.478165        0.221757
MDMin:  2203 04:54:33    -2397.478110        0.221830
MDMin:  2204 04:54:35    -2397.476995        1.003676
MDMin:  2205 04:54:36    -2397.478435        0.221644
MDMin:  2206 04:54:38    -2397.478424        0.221652
MDMin:  2207 04:54:40    -2397.478393        0.221685
MDMin:  2208 04:54:41    -2397.477882        0.998833
MDMin:  2209 04:54:43    -2397.478769        0.221561
MDMin:  2210 04:54:45    -2397.478759        0.221560
MDMin:  2211 04:54:47    -2397.478727        0.221573
MDMin:  2212 04:54:49    -2397.478675        0.221631
MDMin:  2213 04:54:50    -2397.477901        0.990295
MDMin:  2214 04:54:51    -2397.479002        0.221482
MDMin:  2215 04:54:53    -2397.478992        0.221487
MDMin:  2216 04:54:55    -2397.478963        0.221512
MDMin:  2217 04:54:56    -2397.478830        0.985271
MDMin:  2218 04:54:57    -2397.479338        0.221414
MDMin:  2219 04:54:59    -2397.479328        0.221409
MDMin:  2220 04:55:01    -2397.479299        0.221413
MDMin:  2221 04:55:03    -2397.479252        0.221462
MDMin:  2222 04:55:04    -2397.478938        0.976369
MDMin:  2223 04:55:05    -2397.479579        0.221322
MDMin:  2224 04:55:07    -2397.479570        0.221325
MDMin:  2225 04:55:08    -2397.479544        0.221345
MDMin:  2226 04:55:11    -2397.479502        0.221405
MDMin:  2227 04:55:12    -2397.478946        0.967261
MDMin:  2228 04:55:14    -2397.479838        0.221208
MDMin:  2229 04:55:15    -2397.479830        0.221213
MDMin:  2230 04:55:17    -2397.479807        0.221237
MDMin:  2231 04:55:19    -2397.479771        0.221299
MDMin:  2232 04:55:21    -2397.479051        0.957891
MDMin:  2233 04:55:23    -2397.480113        0.221070
MDMin:  2234 04:55:24    -2397.480106        0.221075
MDMin:  2235 04:55:26    -2397.480086        0.221101
MDMin:  2236 04:55:28    -2397.480054        0.221161
MDMin:  2237 04:55:29    -2397.479254        0.951755
MDMin:  2238 04:55:31    -2397.480402        0.220916
MDMin:  2239 04:55:32    -2397.480397        0.220921
MDMin:  2240 04:55:33    -2397.480379        0.220945
MDMin:  2241 04:55:35    -2397.480352        0.221004
MDMin:  2242 04:55:36    -2397.479554        0.950869
MDMin:  2243 04:55:38    -2397.480705        0.220750
MDMin:  2244 04:55:40    -2397.480700        0.220754
MDMin:  2245 04:55:42    -2397.480685        0.220778
MDMin:  2246 04:55:44    -2397.480663        0.220834
MDMin:  2247 04:55:45    -2397.479952        0.949972
MDMin:  2248 04:55:47    -2397.481020        0.220575
MDMin:  2249 04:55:48    -2397.481016        0.220579
MDMin:  2250 04:55:50    -2397.481004        0.220601
MDMin:  2251 04:55:51    -2397.480985        0.220655
MDMin:  2252 04:55:53    -2397.480447        0.949068
MDMin:  2253 04:55:55    -2397.481347        0.220392
MDMin:  2254 04:55:56    -2397.481343        0.220396
MDMin:  2255 04:55:58    -2397.481333        0.220416
MDMin:  2256 04:55:59    -2397.481318        0.220468
MDMin:  2257 04:56:00    -2397.481044        0.948157
MDMin:  2258 04:56:02    -2397.481683        0.220202
MDMin:  2259 04:56:04    -2397.481680        0.220206
MDMin:  2260 04:56:06    -2397.481672        0.220225
MDMin:  2261 04:56:07    -2397.481661        0.220274
MDMin:  2262 04:56:08    -2397.481651        0.220351
MDMin:  2263 04:56:10    -2397.481022        0.946895
MDMin:  2264 04:56:11    -2397.482032        0.219944
MDMin:  2265 04:56:13    -2397.482031        0.219950
MDMin:  2266 04:56:16    -2397.482029        0.219975
MDMin:  2267 04:56:17    -2397.482028        0.220022
MDMin:  2268 04:56:19    -2397.481945        0.945870
MDMin:  2269 04:56:20    -2397.482411        0.219671
MDMin:  2270 04:56:22    -2397.482411        0.219675
MDMin:  2271 04:56:23    -2397.482411        0.219696
MDMin:  2272 04:56:25    -2397.482413        0.219742
MDMin:  2273 04:56:27    -2397.482421        0.219807
MDMin:  2274 04:56:28    -2397.482441        0.219861
MDMin:  2275 04:56:30    -2397.481967        0.944022
MDMin:  2276 04:56:32    -2397.482865        0.219915
MDMin:  2277 04:56:34    -2397.482868        0.220437
MDMin:  2278 04:56:36    -2397.482878        0.221894
MDMin:  2279 04:56:38    -2397.482897        0.224325
MDMin:  2280 04:56:40    -2397.482927        0.227792
MDMin:  2281 04:56:42    -2397.482976        0.232375
MDMin:  2282 04:56:43    -2397.482933        0.941904
MDMin:  2283 04:56:45    -2397.483433        0.237414
MDMin:  2284 04:56:47    -2397.483440        0.238016
MDMin:  2285 04:56:49    -2397.483459        0.239653
MDMin:  2286 04:56:50    -2397.483491        0.242366
MDMin:  2287 04:56:52    -2397.483540        0.246216
MDMin:  2288 04:56:54    -2397.483611        0.251285
MDMin:  2289 04:56:56    -2397.483709        0.257666
MDMin:  2290 04:56:58    -2397.483842        0.265461
MDMin:  2291 04:57:00    -2397.484014        0.274779
MDMin:  2292 04:57:02    -2397.484232        0.285740
MDMin:  2293 04:57:04    -2397.484502        0.298472
MDMin:  2294 04:57:05    -2397.484826        0.313115
MDMin:  2295 04:57:07    -2397.485209        0.329806
MDMin:  2296 04:57:09    -2397.485652        0.348652
MDMin:  2297 04:57:11    -2397.486156        0.369689
MDMin:  2298 04:57:13    -2397.486720        0.392795
MDMin:  2299 04:57:14    -2397.487343        0.417569
MDMin:  2300 04:57:16    -2397.488023        0.443166
MDMin:  2301 04:57:17    -2397.488755        0.468117
MDMin:  2302 04:57:19    -2397.489536        0.490231
MDMin:  2303 04:57:21    -2397.490365        0.506732
MDMin:  2304 04:57:23    -2397.491237        0.514789
MDMin:  2305 04:57:24    -2397.492155        0.512340
MDMin:  2306 04:57:26    -2397.493117        0.498772
MDMin:  2307 04:57:27    -2397.494126        0.474971
MDMin:  2308 04:57:29    -2397.495180        0.454776
MDMin:  2309 04:57:31    -2397.496280        0.467846
MDMin:  2310 04:57:33    -2397.497423        0.475848
MDMin:  2311 04:57:35    -2397.498603        0.478633
MDMin:  2312 04:57:36    -2397.499816        0.476445
MDMin:  2313 04:57:38    -2397.501055        0.470018
MDMin:  2314 04:57:40    -2397.502311        0.460489
MDMin:  2315 04:57:41    -2397.503579        0.449009
MDMin:  2316 04:57:43    -2397.504844        0.436502
MDMin:  2317 04:57:45    -2397.506107        0.423607
MDMin:  2318 04:57:47    -2397.507279        0.411054
MDMin:  2319 04:57:49    -2397.508081        0.754673
MDMin:  2320 04:57:51    -2397.508159        0.490508
MDMin:  2321 04:57:53    -2397.508289        0.400875
MDMin:  2322 04:57:55    -2397.508476        0.398848
MDMin:  2323 04:57:57    -2397.508705        0.396415
MDMin:  2324 04:57:59    -2397.508969        0.393626
MDMin:  2325 04:58:01    -2397.509267        0.390489
MDMin:  2326 04:58:03    -2397.509597        0.387010
MDMin:  2327 04:58:04    -2397.509958        0.383197
MDMin:  2328 04:58:06    -2397.510347        0.379054
MDMin:  2329 04:58:08    -2397.510765        0.374578
MDMin:  2330 04:58:11    -2397.511210        0.369766
MDMin:  2331 04:58:12    -2397.511679        0.364611
MDMin:  2332 04:58:14    -2397.512172        0.359105
MDMin:  2333 04:58:16    -2397.512687        0.353248
MDMin:  2334 04:58:18    -2397.513222        0.347067
MDMin:  2335 04:58:20    -2397.513775        0.340608
MDMin:  2336 04:58:21    -2397.514345        0.333927
MDMin:  2337 04:58:23    -2397.514931        0.327105
MDMin:  2338 04:58:25    -2397.515529        0.320254
MDMin:  2339 04:58:26    -2397.516136        0.313520
MDMin:  2340 04:58:28    -2397.516751        0.307086
MDMin:  2341 04:58:29    -2397.517095        0.823719
MDMin:  2342 04:58:31    -2397.517366        0.775784
MDMin:  2343 04:58:33    -2397.517476        0.721550
MDMin:  2344 04:58:35    -2397.517590        0.655642
MDMin:  2345 04:58:37    -2397.517717        0.590716
MDMin:  2346 04:58:39    -2397.517859        0.529897
MDMin:  2347 04:58:40    -2397.518017        0.475796
MDMin:  2348 04:58:41    -2397.518190        0.428701
MDMin:  2349 04:58:43    -2397.518379        0.389648
MDMin:  2350 04:58:45    -2397.518583        0.356223
MDMin:  2351 04:58:47    -2397.518787        0.390254
MDMin:  2352 04:58:49    -2397.518934        0.488857
MDMin:  2353 04:58:51    -2397.518419        0.510510
MDMin:  2354 04:58:53    -2397.519003        0.303698
MDMin:  2355 04:58:55    -2397.519028        0.303257
MDMin:  2356 04:58:57    -2397.519063        0.303204
MDMin:  2357 04:58:59    -2397.518975        0.489872
MDMin:  2358 04:59:01    -2397.519115        0.305407
MDMin:  2359 04:59:02    -2397.519136        0.306117
MDMin:  2360 04:59:04    -2397.519167        0.307185
MDMin:  2361 04:59:06    -2397.518969        0.481033
MDMin:  2362 04:59:08    -2397.519215        0.309420
MDMin:  2363 04:59:10    -2397.519235        0.310158
MDMin:  2364 04:59:12    -2397.519264        0.311279
MDMin:  2365 04:59:13    -2397.518829        0.480777
MDMin:  2366 04:59:14    -2397.519311        0.313619
MDMin:  2367 04:59:16    -2397.519331        0.314386
MDMin:  2368 04:59:18    -2397.519360        0.315552
MDMin:  2369 04:59:20    -2397.518634        0.480599
MDMin:  2370 04:59:22    -2397.519407        0.317963
MDMin:  2371 04:59:24    -2397.519426        0.318745
MDMin:  2372 04:59:25    -2397.519455        0.319930
MDMin:  2373 04:59:27    -2397.518403        0.480551
MDMin:  2374 04:59:29    -2397.519501        0.322346
MDMin:  2375 04:59:31    -2397.519520        0.323119
MDMin:  2376 04:59:32    -2397.519230        0.480650
MDMin:  2377 04:59:34    -2397.519556        0.324983
MDMin:  2378 04:59:35    -2397.519573        0.325678
MDMin:  2379 04:59:36    -2397.519600        0.326750
MDMin:  2380 04:59:38    -2397.518741        0.480662
MDMin:  2381 04:59:40    -2397.519645        0.328912
MDMin:  2382 04:59:42    -2397.519663        0.329591
MDMin:  2383 04:59:44    -2397.519454        0.480825
MDMin:  2384 04:59:46    -2397.519698        0.331202
MDMin:  2385 04:59:47    -2397.519715        0.331788
MDMin:  2386 04:59:49    -2397.519742        0.332673
MDMin:  2387 04:59:50    -2397.518909        0.480960
MDMin:  2388 04:59:52    -2397.519786        0.334375
MDMin:  2389 04:59:53    -2397.519804        0.334884
MDMin:  2390 04:59:55    -2397.519553        0.481224
MDMin:  2391 04:59:56    -2397.519839        0.336035
MDMin:  2392 04:59:57    -2397.519856        0.336429
MDMin:  2393 04:59:59    -2397.519882        0.336996
MDMin:  2394 05:00:00    -2397.518965        0.481518
MDMin:  2395 05:00:01    -2397.519926        0.337958
MDMin:  2396 05:00:03    -2397.519944        0.338204
MDMin:  2397 05:00:05    -2397.519553        0.481895
MDMin:  2398 05:00:06    -2397.519978        0.338655
MDMin:  2399 05:00:08    -2397.519995        0.338767
MDMin:  2400 05:00:10    -2397.519947        0.482182
MDMin:  2401 05:00:12    -2397.520028        0.338891
MDMin:  2402 05:00:13    -2397.520044        0.338877
MDMin:  2403 05:00:15    -2397.520070        0.338776
MDMin:  2404 05:00:16    -2397.519286        0.482590
MDMin:  2405 05:00:18    -2397.520113        0.338254
MDMin:  2406 05:00:19    -2397.520130        0.337999
MDMin:  2407 05:00:21    -2397.519794        0.483056
MDMin:  2408 05:00:23    -2397.520164        0.337160
MDMin:  2409 05:00:26    -2397.520180        0.336771
MDMin:  2410 05:00:28    -2397.520127        0.483430
MDMin:  2411 05:00:29    -2397.520213        0.335577
MDMin:  2412 05:00:31    -2397.520229        0.335048
MDMin:  2413 05:00:33    -2397.520254        0.334109
MDMin:  2414 05:00:34    -2397.519419        0.483989
MDMin:  2415 05:00:37    -2397.520297        0.331810
MDMin:  2416 05:00:38    -2397.520314        0.330987
MDMin:  2417 05:00:39    -2397.519863        0.484559
MDMin:  2418 05:00:41    -2397.520347        0.328722
MDMin:  2419 05:00:43    -2397.520363        0.327801
MDMin:  2420 05:00:44    -2397.520143        0.485025
MDMin:  2421 05:00:46    -2397.520395        0.325245
MDMin:  2422 05:00:48    -2397.520410        0.324204
MDMin:  2423 05:00:50    -2397.520391        0.485446
MDMin:  2424 05:00:51    -2397.520442        0.321338
MDMin:  2425 05:00:53    -2397.520457        0.320185
MDMin:  2426 05:00:54    -2397.520481        0.318245
MDMin:  2427 05:00:56    -2397.519633        0.486116
MDMin:  2428 05:00:57    -2397.520523        0.313938
MDMin:  2429 05:00:59    -2397.520539        0.312520
MDMin:  2430 05:01:00    -2397.520001        0.486763
MDMin:  2431 05:01:01    -2397.520572        0.308807
MDMin:  2432 05:01:03    -2397.520587        0.307375
MDMin:  2433 05:01:05    -2397.520220        0.487304
MDMin:  2434 05:01:07    -2397.520618        0.303551
MDMin:  2435 05:01:09    -2397.520633        0.302064
MDMin:  2436 05:01:11    -2397.520412        0.487799
MDMin:  2437 05:01:12    -2397.520663        0.298092
MDMin:  2438 05:01:14    -2397.520678        0.296558
MDMin:  2439 05:01:16    -2397.520590        0.488264
MDMin:  2440 05:01:18    -2397.520708        0.292469
MDMin:  2441 05:01:19    -2397.520723        0.290901
MDMin:  2442 05:01:20    -2397.520746        0.288293
MDMin:  2443 05:01:21    -2397.519787        0.489032
MDMin:  2444 05:01:23    -2397.520787        0.282782
MDMin:  2445 05:01:24    -2397.520790        0.489501
MDMin:  2446 05:01:26    -2397.520808        0.279673
MDMin:  2447 05:01:28    -2397.520821        0.278134
MDMin:  2448 05:01:30    -2397.520815        0.489908
MDMin:  2449 05:01:31    -2397.520850        0.273956
MDMin:  2450 05:01:33    -2397.520864        0.272357
MDMin:  2451 05:01:35    -2397.520887        0.269688
MDMin:  2452 05:01:36    -2397.519986        0.490667
MDMin:  2453 05:01:37    -2397.520926        0.266401
MDMin:  2454 05:01:39    -2397.520931        0.491130
MDMin:  2455 05:01:40    -2397.520946        0.266344
MDMin:  2456 05:01:42    -2397.520960        0.266392
MDMin:  2457 05:01:43    -2397.520933        0.491545
MDMin:  2458 05:01:44    -2397.520988        0.266352
MDMin:  2459 05:01:45    -2397.521001        0.266391
MDMin:  2460 05:01:46    -2397.521024        0.266364
MDMin:  2461 05:01:48    -2397.520089        0.492331
MDMin:  2462 05:01:49    -2397.521062        0.265842
MDMin:  2463 05:01:50    -2397.520985        0.492799
MDMin:  2464 05:01:52    -2397.521082        0.265813
MDMin:  2465 05:01:54    -2397.521094        0.265824
MDMin:  2466 05:01:55    -2397.520968        0.493235
MDMin:  2467 05:01:57    -2397.521122        0.265795
MDMin:  2468 05:01:59    -2397.521135        0.265798
MDMin:  2469 05:02:00    -2397.521040        0.493699
MDMin:  2470 05:02:01    -2397.521163        0.265775
MDMin:  2471 05:02:02    -2397.521176        0.265766
MDMin:  2472 05:02:04    -2397.521108        0.494165
MDMin:  2473 05:02:05    -2397.521204        0.265748
MDMin:  2474 05:02:06    -2397.521217        0.265728
MDMin:  2475 05:02:08    -2397.521169        0.494632
MDMin:  2476 05:02:10    -2397.521244        0.265715
MDMin:  2477 05:02:12    -2397.521257        0.265683
MDMin:  2478 05:02:14    -2397.521223        0.495103
MDMin:  2479 05:02:15    -2397.521284        0.265673
MDMin:  2480 05:02:17    -2397.521297        0.265630
MDMin:  2481 05:02:19    -2397.521269        0.495579
MDMin:  2482 05:02:21    -2397.521324        0.265621
MDMin:  2483 05:02:23    -2397.521336        0.265569
MDMin:  2484 05:02:25    -2397.521309        0.496060
MDMin:  2485 05:02:27    -2397.521363        0.265560
MDMin:  2486 05:02:29    -2397.521375        0.265497
MDMin:  2487 05:02:30    -2397.521342        0.496546
MDMin:  2488 05:02:32    -2397.521402        0.265488
MDMin:  2489 05:02:34    -2397.521414        0.265415
MDMin:  2490 05:02:36    -2397.521370        0.497039
MDMin:  2491 05:02:38    -2397.521441        0.265404
MDMin:  2492 05:02:39    -2397.521453        0.265321
MDMin:  2493 05:02:40    -2397.521392        0.497538
MDMin:  2494 05:02:41    -2397.521479        0.265309
MDMin:  2495 05:02:43    -2397.521491        0.265217
MDMin:  2496 05:02:45    -2397.521409        0.498043
MDMin:  2497 05:02:47    -2397.521517        0.265202
MDMin:  2498 05:02:49    -2397.521529        0.265101
MDMin:  2499 05:02:51    -2397.521422        0.498553
MDMin:  2500 05:02:53    -2397.521555        0.265083
MDMin:  2501 05:02:55    -2397.521567        0.264973
MDMin:  2502 05:02:57    -2397.521429        0.499070
MDMin:  2503 05:02:59    -2397.521593        0.264952
MDMin:  2504 05:03:01    -2397.521604        0.264834
MDMin:  2505 05:03:03    -2397.521433        0.499592
MDMin:  2506 05:03:04    -2397.521630        0.264811
MDMin:  2507 05:03:06    -2397.521642        0.264684
MDMin:  2508 05:03:07    -2397.521432        0.500120
MDMin:  2509 05:03:09    -2397.521667        0.264657
MDMin:  2510 05:03:11    -2397.521679        0.264523
MDMin:  2511 05:03:13    -2397.521428        0.500652
MDMin:  2512 05:03:14    -2397.521704        0.264493
MDMin:  2513 05:03:15    -2397.521715        0.264352
MDMin:  2514 05:03:17    -2397.521421        0.501189
MDMin:  2515 05:03:18    -2397.521741        0.264319
MDMin:  2516 05:03:20    -2397.521752        0.264170
MDMin:  2517 05:03:21    -2397.521410        0.501731
MDMin:  2518 05:03:22    -2397.521777        0.264134
MDMin:  2519 05:03:23    -2397.521788        0.263979
MDMin:  2520 05:03:25    -2397.521397        0.502277
MDMin:  2521 05:03:27    -2397.521813        0.263940
MDMin:  2522 05:03:29    -2397.521824        0.263778
MDMin:  2523 05:03:31    -2397.521381        0.502826
MDMin:  2524 05:03:33    -2397.521849        0.263736
MDMin:  2525 05:03:35    -2397.521860        0.263568
MDMin:  2526 05:03:36    -2397.521362        0.503380
MDMin:  2527 05:03:38    -2397.521885        0.263524
MDMin:  2528 05:03:41    -2397.521895        0.263349
MDMin:  2529 05:03:42    -2397.521341        0.503936
MDMin:  2530 05:03:44    -2397.521920        0.263303
MDMin:  2531 05:03:46    -2397.521914        0.504262
MDMin:  2532 05:03:48    -2397.521935        0.263536
MDMin:  2533 05:03:50    -2397.521946        0.263404
MDMin:  2534 05:03:52    -2397.521823        0.504635
MDMin:  2535 05:03:54    -2397.521970        0.263533
MDMin:  2536 05:03:56    -2397.521980        0.263382
MDMin:  2537 05:03:57    -2397.521791        0.505059
MDMin:  2538 05:03:58    -2397.522004        0.263473
MDMin:  2539 05:03:59    -2397.522015        0.263307
MDMin:  2540 05:04:01    -2397.521758        0.505512
MDMin:  2541 05:04:02    -2397.522039        0.263369
MDMin:  2542 05:04:03    -2397.522049        0.263191
MDMin:  2543 05:04:05    -2397.521723        0.505988
MDMin:  2544 05:04:06    -2397.522073        0.263229
MDMin:  2545 05:04:08    -2397.522083        0.263041
MDMin:  2546 05:04:10    -2397.521686        0.506485
MDMin:  2547 05:04:12    -2397.522107        0.263059
MDMin:  2548 05:04:14    -2397.522117        0.262862
MDMin:  2549 05:04:16    -2397.521647        0.506999
MDMin:  2550 05:04:18    -2397.522141        0.262864
MDMin:  2551 05:04:20    -2397.522151        0.262658
MDMin:  2552 05:04:21    -2397.521606        0.507528
MDMin:  2553 05:04:22    -2397.522174        0.262647
MDMin:  2554 05:04:23    -2397.522140        0.507838
MDMin:  2555 05:04:25    -2397.522189        0.262921
MDMin:  2556 05:04:26    -2397.522199        0.262752
MDMin:  2557 05:04:28    -2397.522043        0.508201
MDMin:  2558 05:04:29    -2397.522222        0.262889
MDMin:  2559 05:04:31    -2397.522232        0.262703
MDMin:  2560 05:04:33    -2397.521995        0.508619
MDMin:  2561 05:04:35    -2397.522255        0.262799
MDMin:  2562 05:04:37    -2397.522265        0.262598
MDMin:  2563 05:04:38    -2397.521945        0.509069
MDMin:  2564 05:04:40    -2397.522288        0.262662
MDMin:  2565 05:04:42    -2397.522297        0.262450
MDMin:  2566 05:04:44    -2397.521895        0.509546
MDMin:  2567 05:04:46    -2397.522320        0.262488
MDMin:  2568 05:04:48    -2397.522330        0.262266
MDMin:  2569 05:04:49    -2397.521843        0.510047
MDMin:  2570 05:04:51    -2397.522353        0.262282
MDMin:  2571 05:04:53    -2397.522352        0.510342
MDMin:  2572 05:04:54    -2397.522367        0.262588
MDMin:  2573 05:04:56    -2397.522376        0.262399
MDMin:  2574 05:04:58    -2397.522253        0.510692
MDMin:  2575 05:05:00    -2397.522399        0.262544
MDMin:  2576 05:05:02    -2397.522408        0.262337
MDMin:  2577 05:05:04    -2397.522195        0.511097
MDMin:  2578 05:05:06    -2397.522430        0.262439
MDMin:  2579 05:05:07    -2397.522440        0.262218
MDMin:  2580 05:05:08    -2397.522136        0.511540
MDMin:  2581 05:05:10    -2397.522462        0.262286
MDMin:  2582 05:05:11    -2397.522472        0.262054
MDMin:  2583 05:05:13    -2397.522076        0.512014
MDMin:  2584 05:05:15    -2397.522494        0.262094
MDMin:  2585 05:05:17    -2397.522503        0.261851
MDMin:  2586 05:05:19    -2397.522015        0.512513
MDMin:  2587 05:05:21    -2397.522525        0.261868
MDMin:  2588 05:05:22    -2397.522505        0.512806
MDMin:  2589 05:05:24    -2397.522539        0.262188
MDMin:  2590 05:05:25    -2397.522548        0.261977
MDMin:  2591 05:05:27    -2397.522405        0.513159
MDMin:  2592 05:05:29    -2397.522570        0.262113
MDMin:  2593 05:05:31    -2397.522579        0.261885
MDMin:  2594 05:05:33    -2397.522339        0.513568
MDMin:  2595 05:05:34    -2397.522600        0.261979
MDMin:  2596 05:05:35    -2397.522610        0.261738
MDMin:  2597 05:05:37    -2397.522274        0.514015
MDMin:  2598 05:05:38    -2397.522631        0.261798
MDMin:  2599 05:05:39    -2397.522640        0.261546
MDMin:  2600 05:05:41    -2397.522207        0.514493
MDMin:  2601 05:05:43    -2397.522662        0.261579
MDMin:  2602 05:05:44    -2397.522671        0.261317
MDMin:  2603 05:05:46    -2397.522140        0.514998
MDMin:  2604 05:05:48    -2397.522692        0.261327
MDMin:  2605 05:05:50    -2397.522612        0.515291
MDMin:  2606 05:05:51    -2397.522706        0.261657
MDMin:  2607 05:05:53    -2397.522714        0.261426
MDMin:  2608 05:05:55    -2397.522514        0.515652
MDMin:  2609 05:05:56    -2397.522736        0.261549
MDMin:  2610 05:05:57    -2397.522744        0.261302
MDMin:  2611 05:05:59    -2397.522444        0.516066
MDMin:  2612 05:06:00    -2397.522766        0.261385
MDMin:  2613 05:06:02    -2397.522774        0.261126
MDMin:  2614 05:06:04    -2397.522373        0.516518
MDMin:  2615 05:06:06    -2397.522795        0.261176
MDMin:  2616 05:06:07    -2397.522804        0.260907
MDMin:  2617 05:06:09    -2397.522302        0.517002
MDMin:  2618 05:06:10    -2397.522825        0.260931
MDMin:  2619 05:06:11    -2397.522761        0.517282
MDMin:  2620 05:06:13    -2397.522838        0.261283
MDMin:  2621 05:06:14    -2397.522847        0.261042
MDMin:  2622 05:06:15    -2397.522665        0.517629
MDMin:  2623 05:06:17    -2397.522867        0.261169
MDMin:  2624 05:06:18    -2397.522876        0.260913
MDMin:  2625 05:06:20    -2397.522591        0.518032
MDMin:  2626 05:06:21    -2397.522897        0.260999
MDMin:  2627 05:06:23    -2397.522905        0.260731
MDMin:  2628 05:06:24    -2397.522518        0.518474
MDMin:  2629 05:06:26    -2397.522926        0.260784
MDMin:  2630 05:06:27    -2397.522934        0.260506
MDMin:  2631 05:06:28    -2397.522444        0.518951
MDMin:  2632 05:06:30    -2397.522955        0.260532
MDMin:  2633 05:06:31    -2397.522891        0.519225
MDMin:  2634 05:06:33    -2397.522967        0.260897
MDMin:  2635 05:06:35    -2397.522976        0.260645
MDMin:  2636 05:06:36    -2397.522797        0.519569
MDMin:  2637 05:06:38    -2397.522996        0.260769
MDMin:  2638 05:06:39    -2397.523004        0.260502
MDMin:  2639 05:06:40    -2397.522721        0.519968
MDMin:  2640 05:06:41    -2397.523025        0.260586
MDMin:  2641 05:06:43    -2397.523033        0.260308
MDMin:  2642 05:06:45    -2397.522645        0.520408
MDMin:  2643 05:06:46    -2397.523053        0.260359
MDMin:  2644 05:06:47    -2397.523061        0.260071
MDMin:  2645 05:06:49    -2397.522569        0.520882
MDMin:  2646 05:06:51    -2397.523082        0.260095
MDMin:  2647 05:06:53    -2397.523005        0.521153
MDMin:  2648 05:06:54    -2397.523094        0.260471
MDMin:  2649 05:06:56    -2397.523102        0.260209
MDMin:  2650 05:06:57    -2397.522915        0.521497
MDMin:  2651 05:06:59    -2397.523122        0.260326
MDMin:  2652 05:07:00    -2397.523130        0.260050
MDMin:  2653 05:07:02    -2397.522837        0.521895
MDMin:  2654 05:07:03    -2397.523150        0.260129
MDMin:  2655 05:07:05    -2397.523158        0.259841
MDMin:  2656 05:07:07    -2397.522759        0.522334
MDMin:  2657 05:07:09    -2397.523178        0.259889
MDMin:  2658 05:07:11    -2397.523186        0.259591
MDMin:  2659 05:07:13    -2397.522682        0.522808
MDMin:  2660 05:07:14    -2397.523206        0.259612
MDMin:  2661 05:07:15    -2397.523109        0.523076
MDMin:  2662 05:07:17    -2397.523218        0.259998
MDMin:  2663 05:07:19    -2397.523226        0.259726
MDMin:  2664 05:07:21    -2397.523022        0.523421
MDMin:  2665 05:07:22    -2397.523245        0.259838
MDMin:  2666 05:07:24    -2397.523253        0.259553
MDMin:  2667 05:07:25    -2397.522943        0.523819
MDMin:  2668 05:07:27    -2397.523273        0.259627
MDMin:  2669 05:07:28    -2397.523280        0.259331
MDMin:  2670 05:07:29    -2397.522864        0.524257
MDMin:  2671 05:07:31    -2397.523300        0.259375
MDMin:  2672 05:07:32    -2397.523284        0.524506
MDMin:  2673 05:07:34    -2397.523312        0.259785
MDMin:  2674 05:07:36    -2397.523320        0.259512
MDMin:  2675 05:07:38    -2397.523200        0.524826
MDMin:  2676 05:07:40    -2397.523339        0.259637
MDMin:  2677 05:07:42    -2397.523346        0.259351
MDMin:  2678 05:07:43    -2397.523120        0.525201
MDMin:  2679 05:07:45    -2397.523366        0.259437
MDMin:  2680 05:07:47    -2397.523373        0.259139
MDMin:  2681 05:07:49    -2397.523040        0.525621
MDMin:  2682 05:07:51    -2397.523393        0.259193
MDMin:  2683 05:07:53    -2397.523400        0.258885
MDMin:  2684 05:07:54    -2397.522960        0.526079
MDMin:  2685 05:07:55    -2397.523420        0.258912
MDMin:  2686 05:07:56    -2397.523372        0.526334
MDMin:  2687 05:07:57    -2397.523431        0.259324
MDMin:  2688 05:07:59    -2397.523439        0.259040
MDMin:  2689 05:08:00    -2397.523292        0.526669
MDMin:  2690 05:08:01    -2397.523458        0.259149
MDMin:  2691 05:08:02    -2397.523465        0.258853
MDMin:  2692 05:08:04    -2397.523212        0.527055
MDMin:  2693 05:08:05    -2397.523484        0.258927
MDMin:  2694 05:08:06    -2397.523492        0.258619
MDMin:  2695 05:08:07    -2397.523131        0.527485
MDMin:  2696 05:08:09    -2397.523510        0.258663
MDMin:  2697 05:08:11    -2397.523518        0.258347
MDMin:  2698 05:08:13    -2397.523052        0.527950
MDMin:  2699 05:08:14    -2397.523537        0.258366
MDMin:  2700 05:08:16    -2397.523457        0.528206
MDMin:  2701 05:08:17    -2397.523548        0.258783
MDMin:  2702 05:08:19    -2397.523555        0.258491
MDMin:  2703 05:08:21    -2397.523381        0.528547
MDMin:  2704 05:08:23    -2397.523574        0.258592
MDMin:  2705 05:08:25    -2397.523581        0.258288
MDMin:  2706 05:08:27    -2397.523301        0.528937
MDMin:  2707 05:08:28    -2397.523600        0.258355
MDMin:  2708 05:08:30    -2397.523607        0.258041
MDMin:  2709 05:08:32    -2397.523221        0.529369
MDMin:  2710 05:08:34    -2397.523626        0.258079
MDMin:  2711 05:08:36    -2397.523620        0.529606
MDMin:  2712 05:08:38    -2397.523637        0.258519
MDMin:  2713 05:08:40    -2397.523644        0.258227
MDMin:  2714 05:08:42    -2397.523548        0.529921
MDMin:  2715 05:08:43    -2397.523663        0.258341
MDMin:  2716 05:08:45    -2397.523670        0.258037
MDMin:  2717 05:08:47    -2397.523468        0.530289
MDMin:  2718 05:08:48    -2397.523688        0.258116
MDMin:  2719 05:08:50    -2397.523696        0.257801
MDMin:  2720 05:08:51    -2397.523388        0.530703
MDMin:  2721 05:08:52    -2397.523714        0.257850
MDMin:  2722 05:08:53    -2397.523721        0.257526
MDMin:  2723 05:08:55    -2397.523309        0.531154
MDMin:  2724 05:08:57    -2397.523739        0.257550
MDMin:  2725 05:09:00    -2397.523701        0.531397
MDMin:  2726 05:09:02    -2397.523750        0.257991
MDMin:  2727 05:09:03    -2397.523757        0.257691
MDMin:  2728 05:09:05    -2397.523634        0.531726
MDMin:  2729 05:09:07    -2397.523775        0.257793
MDMin:  2730 05:09:09    -2397.523783        0.257481
MDMin:  2731 05:09:11    -2397.523554        0.532104
MDMin:  2732 05:09:12    -2397.523801        0.257549
MDMin:  2733 05:09:14    -2397.523808        0.257228
MDMin:  2734 05:09:16    -2397.523475        0.532526
MDMin:  2735 05:09:18    -2397.523826        0.257268
MDMin:  2736 05:09:20    -2397.523833        0.256938
MDMin:  2737 05:09:22    -2397.523397        0.532983
MDMin:  2738 05:09:24    -2397.523851        0.256956
MDMin:  2739 05:09:26    -2397.523785        0.533226
MDMin:  2740 05:09:28    -2397.523862        0.257404
MDMin:  2741 05:09:30    -2397.523868        0.257098
MDMin:  2742 05:09:32    -2397.523722        0.533559
MDMin:  2743 05:09:34    -2397.523886        0.257193
MDMin:  2744 05:09:35    -2397.523893        0.256876
MDMin:  2745 05:09:36    -2397.523644        0.533939
MDMin:  2746 05:09:38    -2397.523911        0.256940
MDMin:  2747 05:09:39    -2397.523918        0.256614
MDMin:  2748 05:09:40    -2397.523566        0.534361
MDMin:  2749 05:09:41    -2397.523936        0.256652
MDMin:  2750 05:09:43    -2397.523943        0.256317
MDMin:  2751 05:09:44    -2397.523490        0.534818
MDMin:  2752 05:09:46    -2397.523960        0.256333
MDMin:  2753 05:09:48    -2397.523872        0.535057
MDMin:  2754 05:09:50    -2397.523971        0.256791
MDMin:  2755 05:09:51    -2397.523978        0.256481
MDMin:  2756 05:09:53    -2397.523814        0.535389
MDMin:  2757 05:09:55    -2397.523995        0.256574
MDMin:  2758 05:09:57    -2397.524002        0.256253
MDMin:  2759 05:09:59    -2397.523737        0.535767
MDMin:  2760 05:10:01    -2397.524020        0.256316
MDMin:  2761 05:10:03    -2397.524026        0.255985
MDMin:  2762 05:10:05    -2397.523662        0.536186
MDMin:  2763 05:10:07    -2397.524044        0.256024
MDMin:  2764 05:10:09    -2397.524039        0.536403
MDMin:  2765 05:10:11    -2397.524054        0.256505
MDMin:  2766 05:10:12    -2397.524061        0.256197
MDMin:  2767 05:10:14    -2397.523985        0.536705
MDMin:  2768 05:10:16    -2397.524078        0.256306
MDMin:  2769 05:10:18    -2397.524085        0.255987
MDMin:  2770 05:10:20    -2397.523909        0.537057
MDMin:  2771 05:10:22    -2397.524102        0.256064
MDMin:  2772 05:10:24    -2397.524109        0.255736
MDMin:  2773 05:10:26    -2397.523834        0.537453
MDMin:  2774 05:10:28    -2397.524126        0.255787
MDMin:  2775 05:10:30    -2397.524133        0.255450
MDMin:  2776 05:10:32    -2397.523759        0.537888
MDMin:  2777 05:10:33    -2397.524150        0.255479
MDMin:  2778 05:10:35    -2397.524132        0.538108
MDMin:  2779 05:10:36    -2397.524160        0.255965
MDMin:  2780 05:10:37    -2397.524167        0.255652
MDMin:  2781 05:10:39    -2397.524083        0.538421
MDMin:  2782 05:10:41    -2397.524184        0.255753
MDMin:  2783 05:10:43    -2397.524191        0.255429
MDMin:  2784 05:10:45    -2397.524009        0.538780
MDMin:  2785 05:10:47    -2397.524208        0.255500
MDMin:  2786 05:10:48    -2397.524214        0.255167
MDMin:  2787 05:10:49    -2397.523935        0.539181
MDMin:  2788 05:10:51    -2397.524231        0.255214
MDMin:  2789 05:10:52    -2397.524238        0.254874
MDMin:  2790 05:10:54    -2397.523862        0.539619
MDMin:  2791 05:10:56    -2397.524255        0.254900
MDMin:  2792 05:10:58    -2397.524231        0.539837
MDMin:  2793 05:11:00    -2397.524265        0.255395
MDMin:  2794 05:11:02    -2397.524271        0.255078
MDMin:  2795 05:11:04    -2397.524187        0.540151
MDMin:  2796 05:11:05    -2397.524288        0.255177
MDMin:  2797 05:11:06    -2397.524295        0.254849
MDMin:  2798 05:11:07    -2397.524114        0.540510
MDMin:  2799 05:11:09    -2397.524311        0.254919
MDMin:  2800 05:11:11    -2397.524318        0.254583
MDMin:  2801 05:11:12    -2397.524042        0.540910
MDMin:  2802 05:11:13    -2397.524335        0.254630
MDMin:  2803 05:11:15    -2397.524341        0.254287
MDMin:  2804 05:11:17    -2397.523971        0.541346
MDMin:  2805 05:11:18    -2397.524358        0.254314
MDMin:  2806 05:11:20    -2397.524336        0.541559
MDMin:  2807 05:11:21    -2397.524368        0.254820
MDMin:  2808 05:11:23    -2397.524374        0.254500
MDMin:  2809 05:11:25    -2397.524297        0.541869
MDMin:  2810 05:11:27    -2397.524391        0.254600
MDMin:  2811 05:11:29    -2397.524397        0.254270
MDMin:  2812 05:11:31    -2397.524226        0.542223
MDMin:  2813 05:11:32    -2397.524414        0.254341
MDMin:  2814 05:11:33    -2397.524420        0.254003
MDMin:  2815 05:11:35    -2397.524156        0.542619
MDMin:  2816 05:11:37    -2397.524437        0.254052
MDMin:  2817 05:11:39    -2397.524443        0.253707
MDMin:  2818 05:11:41    -2397.524087        0.543050
MDMin:  2819 05:11:42    -2397.524460        0.253737
MDMin:  2820 05:11:44    -2397.524448        0.543256
MDMin:  2821 05:11:46    -2397.524469        0.254255
MDMin:  2822 05:11:48    -2397.524475        0.253934
MDMin:  2823 05:11:50    -2397.524414        0.543561
MDMin:  2824 05:11:52    -2397.524492        0.254037
MDMin:  2825 05:11:53    -2397.524498        0.253704
MDMin:  2826 05:11:55    -2397.524345        0.543909
MDMin:  2827 05:11:57    -2397.524514        0.253779
MDMin:  2828 05:11:59    -2397.524521        0.253439
MDMin:  2829 05:12:01    -2397.524277        0.544299
MDMin:  2830 05:12:03    -2397.524537        0.253492
MDMin:  2831 05:12:05    -2397.524543        0.253145
MDMin:  2832 05:12:07    -2397.524210        0.544723
MDMin:  2833 05:12:09    -2397.524560        0.253180
MDMin:  2834 05:12:11    -2397.524566        0.252828
MDMin:  2835 05:12:12    -2397.524144        0.545176
MDMin:  2836 05:12:14    -2397.524582        0.252847
MDMin:  2837 05:12:16    -2397.524502        0.545388
MDMin:  2838 05:12:18    -2397.524592        0.253369
MDMin:  2839 05:12:19    -2397.524598        0.253043
MDMin:  2840 05:12:21    -2397.524474        0.545706
MDMin:  2841 05:12:24    -2397.524614        0.253137
MDMin:  2842 05:12:25    -2397.524620        0.252800
MDMin:  2843 05:12:27    -2397.524409        0.546064
MDMin:  2844 05:12:28    -2397.524636        0.252868
MDMin:  2845 05:12:30    -2397.524642        0.252524
MDMin:  2846 05:12:32    -2397.524344        0.546461
MDMin:  2847 05:12:34    -2397.524658        0.252573
MDMin:  2848 05:12:36    -2397.524664        0.252223
MDMin:  2849 05:12:38    -2397.524280        0.546889
MDMin:  2850 05:12:39    -2397.524681        0.252256
MDMin:  2851 05:12:41    -2397.524634        0.547084
MDMin:  2852 05:12:42    -2397.524690        0.252798
MDMin:  2853 05:12:43    -2397.524696        0.252473
MDMin:  2854 05:12:45    -2397.524612        0.547381
MDMin:  2855 05:12:47    -2397.524712        0.252579
MDMin:  2856 05:12:49    -2397.524718        0.252243
MDMin:  2857 05:12:51    -2397.524548        0.547720
MDMin:  2858 05:12:53    -2397.524734        0.252323
MDMin:  2859 05:12:54    -2397.524740        0.251979
MDMin:  2860 05:12:56    -2397.524486        0.548099
MDMin:  2861 05:12:58    -2397.524756        0.252040
MDMin:  2862 05:12:59    -2397.524762        0.251691
MDMin:  2863 05:13:00    -2397.524424        0.548511
MDMin:  2864 05:13:02    -2397.524778        0.251734
MDMin:  2865 05:13:05    -2397.524775        0.548694
MDMin:  2866 05:13:06    -2397.524787        0.252293
MDMin:  2867 05:13:08    -2397.524793        0.251969
MDMin:  2868 05:13:09    -2397.524757        0.548976
MDMin:  2869 05:13:11    -2397.524809        0.252084
MDMin:  2870 05:13:13    -2397.524814        0.251748
MDMin:  2871 05:13:14    -2397.524696        0.549302
MDMin:  2872 05:13:16    -2397.524830        0.251836
MDMin:  2873 05:13:18    -2397.524836        0.251493
MDMin:  2874 05:13:20    -2397.524635        0.549668
MDMin:  2875 05:13:22    -2397.524852        0.251562
MDMin:  2876 05:13:24    -2397.524858        0.251213
MDMin:  2877 05:13:26    -2397.524575        0.550068
MDMin:  2878 05:13:28    -2397.524873        0.251265
MDMin:  2879 05:13:29    -2397.524879        0.250911
MDMin:  2880 05:13:30    -2397.524516        0.550497
MDMin:  2881 05:13:32    -2397.524895        0.250950
MDMin:  2882 05:13:34    -2397.524864        0.550682
MDMin:  2883 05:13:36    -2397.524904        0.251517
MDMin:  2884 05:13:38    -2397.524910        0.251189
MDMin:  2885 05:13:40    -2397.524852        0.550974
MDMin:  2886 05:13:42    -2397.524925        0.251300
MDMin:  2887 05:13:44    -2397.524931        0.250961
MDMin:  2888 05:13:46    -2397.524794        0.551305
MDMin:  2889 05:13:48    -2397.524947        0.251047
MDMin:  2890 05:13:50    -2397.524952        0.250701
MDMin:  2891 05:13:51    -2397.524736        0.551676
MDMin:  2892 05:13:52    -2397.524968        0.250769
MDMin:  2893 05:13:54    -2397.524974        0.250418
MDMin:  2894 05:13:55    -2397.524679        0.552078
MDMin:  2895 05:13:57    -2397.524989        0.250472
MDMin:  2896 05:13:58    -2397.524995        0.250116
MDMin:  2897 05:14:00    -2397.524624        0.552506
MDMin:  2898 05:14:01    -2397.525011        0.250157
MDMin:  2899 05:14:02    -2397.524969        0.552685
MDMin:  2900 05:14:04    -2397.525020        0.250737
MDMin:  2901 05:14:05    -2397.525025        0.250407
MDMin:  2902 05:14:07    -2397.524962        0.552973
MDMin:  2903 05:14:09    -2397.525041        0.250522
MDMin:  2904 05:14:11    -2397.525046        0.250181
MDMin:  2905 05:14:13    -2397.524907        0.553300
MDMin:  2906 05:14:15    -2397.525062        0.250271
MDMin:  2907 05:14:17    -2397.525067        0.249924
MDMin:  2908 05:14:19    -2397.524853        0.553665
MDMin:  2909 05:14:21    -2397.525083        0.249998
MDMin:  2910 05:14:23    -2397.525088        0.249645
MDMin:  2911 05:14:25    -2397.524799        0.554060
MDMin:  2912 05:14:26    -2397.525104        0.249705
MDMin:  2913 05:14:28    -2397.525109        0.249348
MDMin:  2914 05:14:30    -2397.524747        0.554482
MDMin:  2915 05:14:32    -2397.525125        0.249396
MDMin:  2916 05:14:34    -2397.525089        0.554651
MDMin:  2917 05:14:35    -2397.525133        0.249992
MDMin:  2918 05:14:37    -2397.525139        0.249663
MDMin:  2919 05:14:40    -2397.525087        0.554930
MDMin:  2920 05:14:42    -2397.525154        0.249784
MDMin:  2921 05:14:43    -2397.525159        0.249443
MDMin:  2922 05:14:45    -2397.525036        0.555248
MDMin:  2923 05:14:46    -2397.525175        0.249539
MDMin:  2924 05:14:48    -2397.525180        0.249192
MDMin:  2925 05:14:49    -2397.524984        0.555603
MDMin:  2926 05:14:51    -2397.525195        0.249273
MDMin:  2927 05:14:53    -2397.525201        0.248921
MDMin:  2928 05:14:55    -2397.524933        0.555989
MDMin:  2929 05:14:57    -2397.525216        0.248989
MDMin:  2930 05:14:58    -2397.525222        0.248632
MDMin:  2931 05:15:00    -2397.524884        0.556401
MDMin:  2932 05:15:02    -2397.525237        0.248689
MDMin:  2933 05:15:04    -2397.525223        0.556559
MDMin:  2934 05:15:06    -2397.525245        0.249302
MDMin:  2935 05:15:08    -2397.525251        0.248972
MDMin:  2936 05:15:10    -2397.525227        0.556826
MDMin:  2937 05:15:12    -2397.525266        0.249102
MDMin:  2938 05:15:14    -2397.525271        0.248760
MDMin:  2939 05:15:16    -2397.525178        0.557134
MDMin:  2940 05:15:18    -2397.525286        0.248866
MDMin:  2941 05:15:19    -2397.525291        0.248518
MDMin:  2942 05:15:21    -2397.525130        0.557478
MDMin:  2943 05:15:23    -2397.525306        0.248608
MDMin:  2944 05:15:25    -2397.525312        0.248256
MDMin:  2945 05:15:27    -2397.525082        0.557854
MDMin:  2946 05:15:29    -2397.525327        0.248333
MDMin:  2947 05:15:31    -2397.525332        0.247976
MDMin:  2948 05:15:33    -2397.525035        0.558254
MDMin:  2949 05:15:34    -2397.525347        0.248042
MDMin:  2950 05:15:36    -2397.525353        0.247682
MDMin:  2951 05:15:39    -2397.524989        0.558676
MDMin:  2952 05:15:40    -2397.525368        0.247739
MDMin:  2953 05:15:41    -2397.525326        0.558832
MDMin:  2954 05:15:43    -2397.525376        0.248365
MDMin:  2955 05:15:44    -2397.525381        0.248033
MDMin:  2956 05:15:45    -2397.525336        0.559103
MDMin:  2957 05:15:47    -2397.525396        0.248165
MDMin:  2958 05:15:49    -2397.525401        0.247821
MDMin:  2959 05:15:50    -2397.525291        0.559411
MDMin:  2960 05:15:52    -2397.525416        0.247929
MDMin:  2961 05:15:53    -2397.525421        0.247579
MDMin:  2962 05:15:55    -2397.525246        0.559755
MDMin:  2963 05:15:57    -2397.525436        0.247674
MDMin:  2964 05:15:59    -2397.525442        0.247320
MDMin:  2965 05:16:01    -2397.525202        0.560127
MDMin:  2966 05:16:03    -2397.525456        0.247403
MDMin:  2967 05:16:05    -2397.525462        0.247045
MDMin:  2968 05:16:07    -2397.525159        0.560523
MDMin:  2969 05:16:08    -2397.525476        0.247118
MDMin:  2970 05:16:10    -2397.525482        0.246757
MDMin:  2971 05:16:12    -2397.525117        0.560939
MDMin:  2972 05:16:13    -2397.525496        0.246822
MDMin:  2973 05:16:15    -2397.525451        0.561084
MDMin:  2974 05:16:16    -2397.525505        0.247466
MDMin:  2975 05:16:17    -2397.525510        0.247134
MDMin:  2976 05:16:19    -2397.525467        0.561345
MDMin:  2977 05:16:20    -2397.525524        0.247275
MDMin:  2978 05:16:22    -2397.525530        0.246930
MDMin:  2979 05:16:24    -2397.525426        0.561644
MDMin:  2980 05:16:25    -2397.525544        0.247046
MDMin:  2981 05:16:26    -2397.525549        0.246697
MDMin:  2982 05:16:28    -2397.525385        0.561978
MDMin:  2983 05:16:30    -2397.525564        0.246800
MDMin:  2984 05:16:32    -2397.525569        0.246447
MDMin:  2985 05:16:34    -2397.525344        0.562339
MDMin:  2986 05:16:36    -2397.525584        0.246540
MDMin:  2987 05:16:38    -2397.525589        0.246182
MDMin:  2988 05:16:40    -2397.525305        0.562724
MDMin:  2989 05:16:42    -2397.525603        0.246266
MDMin:  2990 05:16:43    -2397.525609        0.245906
MDMin:  2991 05:16:45    -2397.525266        0.563128
MDMin:  2992 05:16:46    -2397.525623        0.245982
MDMin:  2993 05:16:48    -2397.525598        0.563260
MDMin:  2994 05:16:49    -2397.525631        0.246646
MDMin:  2995 05:16:51    -2397.525636        0.246315
MDMin:  2996 05:16:53    -2397.525619        0.563507
MDMin:  2997 05:16:54    -2397.525651        0.246467
MDMin:  2998 05:16:56    -2397.525656        0.246122
MDMin:  2999 05:16:58    -2397.525582        0.563793
MDMin:  3000 05:17:00    -2397.525670        0.246249
MDMin:  3001 05:17:02    -2397.525675        0.245899
MDMin:  3002 05:17:03    -2397.525544        0.564113
MDMin:  3003 05:17:05    -2397.525690        0.246015
MDMin:  3004 05:17:06    -2397.525695        0.245661
MDMin:  3005 05:17:08    -2397.525507        0.564462
MDMin:  3006 05:17:10    -2397.525709        0.245766
MDMin:  3007 05:17:12    -2397.525714        0.245409
MDMin:  3008 05:17:14    -2397.525470        0.564834
MDMin:  3009 05:17:15    -2397.525729        0.245506
MDMin:  3010 05:17:17    -2397.525734        0.245146
MDMin:  3011 05:17:18    -2397.525435        0.565225
MDMin:  3012 05:17:19    -2397.525748        0.245235
MDMin:  3013 05:17:21    -2397.525753        0.244872
MDMin:  3014 05:17:22    -2397.525401        0.565632
MDMin:  3015 05:17:24    -2397.525767        0.244955
MDMin:  3016 05:17:26    -2397.525730        0.565755
MDMin:  3017 05:17:27    -2397.525776        0.245636
MDMin:  3018 05:17:29    -2397.525780        0.245304
MDMin:  3019 05:17:31    -2397.525757        0.565999
MDMin:  3020 05:17:33    -2397.525794        0.245463
MDMin:  3021 05:17:35    -2397.525799        0.245117
MDMin:  3022 05:17:37    -2397.525724        0.566280
MDMin:  3023 05:17:39    -2397.525814        0.245252
MDMin:  3024 05:17:41    -2397.525819        0.244901
MDMin:  3025 05:17:44    -2397.525690        0.566594
MDMin:  3026 05:17:46    -2397.525833        0.245025
MDMin:  3027 05:17:48    -2397.525838        0.244671
MDMin:  3028 05:17:50    -2397.525657        0.566935
MDMin:  3029 05:17:52    -2397.525852        0.244786
MDMin:  3030 05:17:54    -2397.525857        0.244429
MDMin:  3031 05:17:55    -2397.525625        0.567298
MDMin:  3032 05:17:57    -2397.525871        0.244536
MDMin:  3033 05:17:59    -2397.525876        0.244176
MDMin:  3034 05:18:01    -2397.525594        0.567679
MDMin:  3035 05:18:03    -2397.525890        0.244277
MDMin:  3036 05:18:05    -2397.525895        0.243914
MDMin:  3037 05:18:07    -2397.525563        0.568075
MDMin:  3038 05:18:08    -2397.525909        0.244009
MDMin:  3039 05:18:10    -2397.525890        0.568184
MDMin:  3040 05:18:12    -2397.525917        0.244713
MDMin:  3041 05:18:13    -2397.525922        0.244382
MDMin:  3042 05:18:15    -2397.525923        0.568412
MDMin:  3043 05:18:17    -2397.525936        0.244553
MDMin:  3044 05:18:19    -2397.525941        0.244207
MDMin:  3045 05:18:21    -2397.525894        0.568680
MDMin:  3046 05:18:23    -2397.525955        0.244353
MDMin:  3047 05:18:25    -2397.525959        0.244003
MDMin:  3048 05:18:26    -2397.525864        0.568981
MDMin:  3049 05:18:28    -2397.525973        0.244140
MDMin:  3050 05:18:29    -2397.525978        0.243786
MDMin:  3051 05:18:30    -2397.525834        0.569308
MDMin:  3052 05:18:32    -2397.525992        0.243914
MDMin:  3053 05:18:33    -2397.525997        0.243558
MDMin:  3054 05:18:35    -2397.525806        0.569657
MDMin:  3055 05:18:37    -2397.526011        0.243678
MDMin:  3056 05:18:38    -2397.526016        0.243319
MDMin:  3057 05:18:40    -2397.525778        0.570024
MDMin:  3058 05:18:42    -2397.526030        0.243434
MDMin:  3059 05:18:44    -2397.526035        0.243072
MDMin:  3060 05:18:46    -2397.525751        0.570405
MDMin:  3061 05:18:48    -2397.526048        0.243181
MDMin:  3062 05:18:50    -2397.526053        0.242818
MDMin:  3063 05:18:52    -2397.525725        0.570798
MDMin:  3064 05:18:54    -2397.526067        0.242923
MDMin:  3065 05:18:56    -2397.526049        0.570895
MDMin:  3066 05:18:58    -2397.526075        0.243648
MDMin:  3067 05:19:00    -2397.526080        0.243316
MDMin:  3068 05:19:02    -2397.526088        0.571115
MDMin:  3069 05:19:04    -2397.526093        0.243499
MDMin:  3070 05:19:06    -2397.526098        0.243151
MDMin:  3071 05:19:07    -2397.526064        0.571375
MDMin:  3072 05:19:09    -2397.526112        0.243309
MDMin:  3073 05:19:10    -2397.526116        0.242958
MDMin:  3074 05:19:12    -2397.526038        0.571665
MDMin:  3075 05:19:14    -2397.526130        0.243106
MDMin:  3076 05:19:16    -2397.526135        0.242752
MDMin:  3077 05:19:18    -2397.526013        0.571981
MDMin:  3078 05:19:20    -2397.526149        0.242893
MDMin:  3079 05:19:22    -2397.526153        0.242536
MDMin:  3080 05:19:23    -2397.525988        0.572318
MDMin:  3081 05:19:25    -2397.526167        0.242671
MDMin:  3082 05:19:27    -2397.526172        0.242312
MDMin:  3083 05:19:29    -2397.525965        0.572672
MDMin:  3084 05:19:31    -2397.526186        0.242440
MDMin:  3085 05:19:33    -2397.526190        0.242079
MDMin:  3086 05:19:35    -2397.525942        0.573040
MDMin:  3087 05:19:36    -2397.526204        0.242203
MDMin:  3088 05:19:38    -2397.526209        0.241840
MDMin:  3089 05:19:39    -2397.525920        0.573419
MDMin:  3090 05:19:41    -2397.526222        0.241961
MDMin:  3091 05:19:43    -2397.526227        0.241596
MDMin:  3092 05:19:45    -2397.525899        0.573807
MDMin:  3093 05:19:46    -2397.526241        0.241713
MDMin:  3094 05:19:48    -2397.526220        0.573889
MDMin:  3095 05:19:50    -2397.526248        0.242463
MDMin:  3096 05:19:51    -2397.526253        0.242131
MDMin:  3097 05:19:52    -2397.526264        0.241325
MDMin:  3098 05:19:54    -2397.525737        0.574581
MDMin:  3099 05:19:56    -2397.526154        0.574573
MDMin:  3100 05:19:58    -2397.526289        0.242983
MDMin:  3101 05:20:00    -2397.526292        0.242761
MDMin:  3102 05:20:02    -2397.526301        0.242091
MDMin:  3103 05:20:03    -2397.526260        0.574859
MDMin:  3104 05:20:05    -2397.526319        0.241829
MDMin:  3105 05:20:07    -2397.526324        0.241461
MDMin:  3106 05:20:08    -2397.526184        0.575195
MDMin:  3107 05:20:10    -2397.526337        0.241598
MDMin:  3108 05:20:12    -2397.526342        0.241238
MDMin:  3109 05:20:13    -2397.526163        0.575541
MDMin:  3110 05:20:15    -2397.526355        0.241383
MDMin:  3111 05:20:16    -2397.526360        0.241022
MDMin:  3112 05:20:17    -2397.526145        0.575899
MDMin:  3113 05:20:19    -2397.526373        0.241162
MDMin:  3114 05:20:21    -2397.526378        0.240800
MDMin:  3115 05:20:22    -2397.526127        0.576266
MDMin:  3116 05:20:24    -2397.526391        0.240936
MDMin:  3117 05:20:25    -2397.526396        0.240572
MDMin:  3118 05:20:26    -2397.526110        0.576641
MDMin:  3119 05:20:27    -2397.526409        0.240706
MDMin:  3120 05:20:29    -2397.526414        0.240341
MDMin:  3121 05:20:31    -2397.526094        0.577022
MDMin:  3122 05:20:33    -2397.526427        0.240473
MDMin:  3123 05:20:35    -2397.526412        0.577087
MDMin:  3124 05:20:36    -2397.526435        0.241250
MDMin:  3125 05:20:38    -2397.526439        0.240917
MDMin:  3126 05:20:39    -2397.526450        0.240105
MDMin:  3127 05:20:40    -2397.525947        0.577774
MDMin:  3128 05:20:42    -2397.526356        0.577748
MDMin:  3129 05:20:44    -2397.526474        0.241816
MDMin:  3130 05:20:45    -2397.526477        0.241590
MDMin:  3131 05:20:47    -2397.526486        0.240908
MDMin:  3132 05:20:49    -2397.526462        0.578009
MDMin:  3133 05:20:51    -2397.526504        0.240643
MDMin:  3134 05:20:53    -2397.526509        0.240273
MDMin:  3135 05:20:55    -2397.526389        0.578336
MDMin:  3136 05:20:56    -2397.526522        0.240423
MDMin:  3137 05:20:58    -2397.526527        0.240063
MDMin:  3138 05:20:59    -2397.526373        0.578669
MDMin:  3139 05:21:01    -2397.526540        0.240224
MDMin:  3140 05:21:02    -2397.526544        0.239863
MDMin:  3141 05:21:04    -2397.526359        0.579013
MDMin:  3142 05:21:06    -2397.526557        0.240020
MDMin:  3143 05:21:08    -2397.526562        0.239658
MDMin:  3144 05:21:10    -2397.526346        0.579365
MDMin:  3145 05:21:11    -2397.526575        0.239812
MDMin:  3146 05:21:13    -2397.526580        0.239448
MDMin:  3147 05:21:15    -2397.526333        0.579724
MDMin:  3148 05:21:16    -2397.526593        0.239600
MDMin:  3149 05:21:18    -2397.526597        0.239235
MDMin:  3150 05:21:19    -2397.526321        0.580088
MDMin:  3151 05:21:20    -2397.526610        0.239386
MDMin:  3152 05:21:21    -2397.526615        0.239020
MDMin:  3153 05:21:22    -2397.526310        0.580456
MDMin:  3154 05:21:24    -2397.526628        0.239169
MDMin:  3155 05:21:25    -2397.526625        0.580500
MDMin:  3156 05:21:27    -2397.526635        0.239976
MDMin:  3157 05:21:28    -2397.526639        0.239644
MDMin:  3158 05:21:30    -2397.526650        0.238825
MDMin:  3159 05:21:32    -2397.526179        0.581177
MDMin:  3160 05:21:34    -2397.526579        0.581128
MDMin:  3161 05:21:36    -2397.526674        0.240597
MDMin:  3162 05:21:38    -2397.526677        0.240367
MDMin:  3163 05:21:40    -2397.526686        0.239672
MDMin:  3164 05:21:42    -2397.526686        0.581357
MDMin:  3165 05:21:43    -2397.526703        0.239405
MDMin:  3166 05:21:44    -2397.526708        0.239034
MDMin:  3167 05:21:46    -2397.526616        0.581674
MDMin:  3168 05:21:47    -2397.526721        0.239200
MDMin:  3169 05:21:49    -2397.526725        0.238841
MDMin:  3170 05:21:51    -2397.526604        0.581992
MDMin:  3171 05:21:53    -2397.526738        0.239020
MDMin:  3172 05:21:55    -2397.526742        0.238659
MDMin:  3173 05:21:57    -2397.526595        0.582320
MDMin:  3174 05:21:58    -2397.526755        0.238836
MDMin:  3175 05:22:00    -2397.526760        0.238473
MDMin:  3176 05:22:02    -2397.526586        0.582654
MDMin:  3177 05:22:03    -2397.526773        0.238648
MDMin:  3178 05:22:05    -2397.526777        0.238284
MDMin:  3179 05:22:06    -2397.526578        0.582995
MDMin:  3180 05:22:08    -2397.526790        0.238456
MDMin:  3181 05:22:09    -2397.526791        0.238092
MDMin:  3182 05:22:11    -2397.526571        0.583327
MDMin:  3183 05:22:13    -2397.526802        0.237853
MDMin:  3184 05:22:15    -2397.526806        0.237491
MDMin:  3185 05:22:17    -2397.526570        0.583656
MDMin:  3186 05:22:18    -2397.526814        0.237267
MDMin:  3187 05:22:20    -2397.526819        0.236906
MDMin:  3188 05:22:22    -2397.526569        0.583999
MDMin:  3189 05:22:24    -2397.526827        0.237102
MDMin:  3190 05:22:26    -2397.526830        0.236558
MDMin:  3191 05:22:28    -2397.526561        0.584328
MDMin:  3192 05:22:30    -2397.526842        0.236347
MDMin:  3193 05:22:32    -2397.526844        0.235988
MDMin:  3194 05:22:34    -2397.526560        0.584659
MDMin:  3195 05:22:35    -2397.526854        0.235800
MDMin:  3196 05:22:37    -2397.526858        0.235444
MDMin:  3197 05:22:39    -2397.526561        0.584987
MDMin:  3198 05:22:41    -2397.526866        0.235271
MDMin:  3199 05:22:42    -2397.526871        0.234918
MDMin:  3200 05:22:44    -2397.526562        0.585329
MDMin:  3201 05:22:46    -2397.526878        0.235163
MDMin:  3202 05:22:48    -2397.526873        0.585334
MDMin:  3203 05:22:50    -2397.526888        0.235889
MDMin:  3204 05:22:51    -2397.526891        0.235401
MDMin:  3205 05:22:53    -2397.526896        0.234197
MDMin:  3206 05:22:55    -2397.526454        0.585961
MDMin:  3207 05:22:56    -2397.526847        0.585880
MDMin:  3208 05:22:58    -2397.526916        0.236286
MDMin:  3209 05:22:59    -2397.526918        0.235942
MDMin:  3210 05:23:01    -2397.526925        0.234906
MDMin:  3211 05:23:03    -2397.526934        0.233153
MDMin:  3212 05:23:04    -2397.526329        0.586722
MDMin:  3213 05:23:06    -2397.526679        0.586679
MDMin:  3214 05:23:08    -2397.526952        0.234657
MDMin:  3215 05:23:10    -2397.526954        0.234310
MDMin:  3216 05:23:12    -2397.526960        0.233269
MDMin:  3217 05:23:14    -2397.526751        0.587078
MDMin:  3218 05:23:15    -2397.526976        0.232541
MDMin:  3219 05:23:16    -2397.526979        0.232008
MDMin:  3220 05:23:18    -2397.526698        0.587443
MDMin:  3221 05:23:19    -2397.526989        0.231918
MDMin:  3222 05:23:21    -2397.526992        0.231585
MDMin:  3223 05:23:22    -2397.526701        0.587794
MDMin:  3224 05:23:24    -2397.527001        0.231532
MDMin:  3225 05:23:25    -2397.527004        0.231202
MDMin:  3226 05:23:26    -2397.526707        0.588135
MDMin:  3227 05:23:28    -2397.527014        0.231162
MDMin:  3228 05:23:30    -2397.527017        0.230833
MDMin:  3229 05:23:32    -2397.526713        0.588468
MDMin:  3230 05:23:34    -2397.527026        0.230805
MDMin:  3231 05:23:36    -2397.527026        0.588466
MDMin:  3232 05:23:38    -2397.527033        0.231815
MDMin:  3233 05:23:40    -2397.527036        0.231519
MDMin:  3234 05:23:41    -2397.527042        0.230375
MDMin:  3235 05:23:43    -2397.526619        0.589081
MDMin:  3236 05:23:45    -2397.527010        0.588981
MDMin:  3237 05:23:47    -2397.527059        0.232130
MDMin:  3238 05:23:49    -2397.527062        0.231922
MDMin:  3239 05:23:51    -2397.527070        0.231296
MDMin:  3240 05:23:53    -2397.527079        0.229617
MDMin:  3241 05:23:55    -2397.526514        0.589832
MDMin:  3242 05:23:57    -2397.526859        0.589770
MDMin:  3243 05:23:58    -2397.527095        0.231398
MDMin:  3244 05:24:00    -2397.527097        0.231063
MDMin:  3245 05:24:02    -2397.527103        0.230059
MDMin:  3246 05:24:04    -2397.526935        0.590136
MDMin:  3247 05:24:06    -2397.527118        0.229444
MDMin:  3248 05:24:07    -2397.527120        0.228934
MDMin:  3249 05:24:09    -2397.526887        0.590488
MDMin:  3250 05:24:11    -2397.527133        0.228946
MDMin:  3251 05:24:13    -2397.527136        0.228457
MDMin:  3252 05:24:14    -2397.526893        0.590813
MDMin:  3253 05:24:16    -2397.527145        0.228504
MDMin:  3254 05:24:18    -2397.527147        0.228193
MDMin:  3255 05:24:20    -2397.526903        0.591136
MDMin:  3256 05:24:21    -2397.527158        0.228252
MDMin:  3257 05:24:23    -2397.527159        0.227943
MDMin:  3258 05:24:25    -2397.526913        0.591450
MDMin:  3259 05:24:27    -2397.527171        0.228010
MDMin:  3260 05:24:29    -2397.527171        0.227703
MDMin:  3261 05:24:31    -2397.526924        0.591756
MDMin:  3262 05:24:33    -2397.527183        0.227777
MDMin:  3263 05:24:34    -2397.527183        0.227472
MDMin:  3264 05:24:36    -2397.526935        0.592054
MDMin:  3265 05:24:38    -2397.527195        0.227553
MDMin:  3266 05:24:40    -2397.527198        0.227074
MDMin:  3267 05:24:41    -2397.526946        0.592337
MDMin:  3268 05:24:42    -2397.527206        0.227166
MDMin:  3269 05:24:44    -2397.527209        0.226864
MDMin:  3270 05:24:45    -2397.526958        0.592624
MDMin:  3271 05:24:47    -2397.527219        0.226965
MDMin:  3272 05:24:48    -2397.527221        0.226665
MDMin:  3273 05:24:50    -2397.526971        0.592906
MDMin:  3274 05:24:51    -2397.527231        0.226772
MDMin:  3275 05:24:52    -2397.527232        0.226473
MDMin:  3276 05:24:54    -2397.526984        0.593183
MDMin:  3277 05:24:56    -2397.527244        0.226588
MDMin:  3278 05:24:58    -2397.527244        0.226290
MDMin:  3279 05:25:00    -2397.526998        0.593455
MDMin:  3280 05:25:02    -2397.527256        0.226410
MDMin:  3281 05:25:04    -2397.527258        0.225940
MDMin:  3282 05:25:06    -2397.527011        0.593714
MDMin:  3283 05:25:08    -2397.527267        0.226069
MDMin:  3284 05:25:10    -2397.527270        0.225775
MDMin:  3285 05:25:11    -2397.527025        0.593979
MDMin:  3286 05:25:12    -2397.527280        0.225912
MDMin:  3287 05:25:14    -2397.527281        0.225619
MDMin:  3288 05:25:16    -2397.527040        0.594240
MDMin:  3289 05:25:18    -2397.527292        0.225761
MDMin:  3290 05:25:20    -2397.527292        0.225469
MDMin:  3291 05:25:22    -2397.527056        0.594498
MDMin:  3292 05:25:24    -2397.527304        0.225617
MDMin:  3293 05:25:25    -2397.527307        0.225152
MDMin:  3294 05:25:26    -2397.527070        0.594742
MDMin:  3295 05:25:27    -2397.527315        0.225308
MDMin:  3296 05:25:29    -2397.527318        0.225019
MDMin:  3297 05:25:30    -2397.527086        0.594994
MDMin:  3298 05:25:32    -2397.527328        0.225181
MDMin:  3299 05:25:34    -2397.527329        0.224894
MDMin:  3300 05:25:36    -2397.527103        0.595243
MDMin:  3301 05:25:38    -2397.527341        0.225060
MDMin:  3302 05:25:40    -2397.527343        0.224600
MDMin:  3303 05:25:41    -2397.527121        0.595502
MDMin:  3304 05:25:43    -2397.527348        0.225185
MDMin:  3305 05:25:44    -2397.527350        0.224723
MDMin:  3306 05:25:46    -2397.527135        0.595738
MDMin:  3307 05:25:47    -2397.527362        0.224893
MDMin:  3308 05:25:48    -2397.527364        0.224434
MDMin:  3309 05:25:50    -2397.527152        0.595970
MDMin:  3310 05:25:52    -2397.527376        0.224614
MDMin:  3311 05:25:54    -2397.527378        0.224156
MDMin:  3312 05:25:55    -2397.527169        0.596198
MDMin:  3313 05:25:57    -2397.527388        0.224345
MDMin:  3314 05:25:59    -2397.527389        0.224063
MDMin:  3315 05:26:00    -2397.527187        0.596435
MDMin:  3316 05:26:02    -2397.527400        0.224257
MDMin:  3317 05:26:03    -2397.527400        0.223975
MDMin:  3318 05:26:05    -2397.527205        0.596670
MDMin:  3319 05:26:06    -2397.527412        0.224173
MDMin:  3320 05:26:08    -2397.527414        0.223718
MDMin:  3321 05:26:10    -2397.527224        0.596892
MDMin:  3322 05:26:12    -2397.527424        0.223923
MDMin:  3323 05:26:14    -2397.527425        0.223644
MDMin:  3324 05:26:16    -2397.527243        0.597122
MDMin:  3325 05:26:18    -2397.527436        0.223853
MDMin:  3326 05:26:20    -2397.527436        0.223574
MDMin:  3327 05:26:21    -2397.527262        0.597351
MDMin:  3328 05:26:23    -2397.527447        0.223785
MDMin:  3329 05:26:25    -2397.527450        0.223334
MDMin:  3330 05:26:27    -2397.527281        0.597566
MDMin:  3331 05:26:28    -2397.527459        0.223553
MDMin:  3332 05:26:29    -2397.527460        0.223276
MDMin:  3333 05:26:31    -2397.527301        0.597791
MDMin:  3334 05:26:33    -2397.527472        0.223498
MDMin:  3335 05:26:35    -2397.527474        0.223049
MDMin:  3336 05:26:36    -2397.527321        0.598002
MDMin:  3337 05:26:38    -2397.527483        0.223277
MDMin:  3338 05:26:41    -2397.527485        0.223003
MDMin:  3339 05:26:42    -2397.527341        0.598223
MDMin:  3340 05:26:44    -2397.527495        0.223234
MDMin:  3341 05:26:45    -2397.527496        0.222960
MDMin:  3342 05:26:46    -2397.527362        0.598442
MDMin:  3343 05:26:48    -2397.527507        0.223194
MDMin:  3344 05:26:49    -2397.527509        0.222747
MDMin:  3345 05:26:51    -2397.527382        0.598648
MDMin:  3346 05:26:52    -2397.527518        0.222987
MDMin:  3347 05:26:53    -2397.527520        0.222714
MDMin:  3348 05:26:55    -2397.527403        0.598864
MDMin:  3349 05:26:57    -2397.527531        0.222956
MDMin:  3350 05:26:59    -2397.527533        0.222511
MDMin:  3351 05:27:01    -2397.527424        0.599066
MDMin:  3352 05:27:03    -2397.527542        0.222760
MDMin:  3353 05:27:06    -2397.527544        0.222489
MDMin:  3354 05:27:07    -2397.527446        0.599279
MDMin:  3355 05:27:09    -2397.527554        0.222739
MDMin:  3356 05:27:11    -2397.527555        0.222469
MDMin:  3357 05:27:13    -2397.527468        0.599491
MDMin:  3358 05:27:14    -2397.527566        0.222721
MDMin:  3359 05:27:16    -2397.527568        0.222278
MDMin:  3360 05:27:18    -2397.527489        0.599689
MDMin:  3361 05:27:20    -2397.527577        0.222535
MDMin:  3362 05:27:22    -2397.527578        0.222266
MDMin:  3363 05:27:24    -2397.527512        0.599898
MDMin:  3364 05:27:25    -2397.527590        0.222525
MDMin:  3365 05:27:27    -2397.527592        0.222083
MDMin:  3366 05:27:28    -2397.527534        0.600093
MDMin:  3367 05:27:30    -2397.527601        0.222348
MDMin:  3368 05:27:32    -2397.527602        0.222080
MDMin:  3369 05:27:33    -2397.527557        0.600299
MDMin:  3370 05:27:35    -2397.527613        0.222346
MDMin:  3371 05:27:37    -2397.527613        0.222079
MDMin:  3372 05:27:39    -2397.527580        0.600503
MDMin:  3373 05:27:40    -2397.527624        0.222345
MDMin:  3374 05:27:42    -2397.527626        0.221905
MDMin:  3375 05:27:44    -2397.527602        0.600694
MDMin:  3376 05:27:46    -2397.527636        0.222176
MDMin:  3377 05:27:48    -2397.527637        0.221911
MDMin:  3378 05:27:50    -2397.527626        0.600896
MDMin:  3379 05:27:52    -2397.527648        0.222183
MDMin:  3380 05:27:53    -2397.527650        0.221745
MDMin:  3381 05:27:55    -2397.527649        0.601085
MDMin:  3382 05:27:57    -2397.527659        0.222022
MDMin:  3383 05:27:59    -2397.527660        0.221758
MDMin:  3384 05:28:01    -2397.527666        0.220688
MDMin:  3385 05:28:02    -2397.527231        0.601949
MDMin:  3386 05:28:04    -2397.527599        0.601770
MDMin:  3387 05:28:05    -2397.527686        0.223016
MDMin:  3388 05:28:07    -2397.527689        0.222828
MDMin:  3389 05:28:09    -2397.527689        0.222271
MDMin:  3390 05:28:11    -2397.527697        0.220696
MDMin:  3391 05:28:13    -2397.527159        0.602779
MDMin:  3392 05:28:14    -2397.527485        0.602635
MDMin:  3393 05:28:15    -2397.527723        0.222195
MDMin:  3394 05:28:17    -2397.527725        0.221880
MDMin:  3395 05:28:18    -2397.527730        0.220939
MDMin:  3396 05:28:20    -2397.527578        0.602953
MDMin:  3397 05:28:22    -2397.527743        0.220569
MDMin:  3398 05:28:24    -2397.527742        0.220290
MDMin:  3399 05:28:26    -2397.527550        0.603300
MDMin:  3400 05:28:28    -2397.527753        0.220537
MDMin:  3401 05:28:30    -2397.527755        0.220096
MDMin:  3402 05:28:32    -2397.527574        0.603581
MDMin:  3403 05:28:34    -2397.527766        0.220376
MDMin:  3404 05:28:36    -2397.527768        0.219937
MDMin:  3405 05:28:38    -2397.527601        0.603841
MDMin:  3406 05:28:39    -2397.527777        0.220226
MDMin:  3407 05:28:41    -2397.527778        0.219962
MDMin:  3408 05:28:42    -2397.527628        0.604098
MDMin:  3409 05:28:43    -2397.527789        0.220252
MDMin:  3410 05:28:45    -2397.527791        0.219815
MDMin:  3411 05:28:47    -2397.527655        0.604327
MDMin:  3412 05:28:49    -2397.527800        0.220113
MDMin:  3413 05:28:50    -2397.527801        0.219851
MDMin:  3414 05:28:52    -2397.527683        0.604558
MDMin:  3415 05:28:54    -2397.527812        0.220150
MDMin:  3416 05:28:56    -2397.527814        0.219715
MDMin:  3417 05:28:57    -2397.527711        0.604764
MDMin:  3418 05:28:59    -2397.527823        0.220021
MDMin:  3419 05:29:01    -2397.527824        0.219762
MDMin:  3420 05:29:03    -2397.527739        0.604975
MDMin:  3421 05:29:04    -2397.527835        0.220069
MDMin:  3422 05:29:06    -2397.527837        0.219636
MDMin:  3423 05:29:08    -2397.527767        0.605164
MDMin:  3424 05:29:10    -2397.527846        0.219950
MDMin:  3425 05:29:12    -2397.527847        0.219691
MDMin:  3426 05:29:14    -2397.527796        0.605361
MDMin:  3427 05:29:15    -2397.527858        0.220006
MDMin:  3428 05:29:16    -2397.527860        0.219574
MDMin:  3429 05:29:18    -2397.527824        0.605538
MDMin:  3430 05:29:19    -2397.527869        0.219895
MDMin:  3431 05:29:20    -2397.527870        0.219638
MDMin:  3432 05:29:22    -2397.527853        0.605723
MDMin:  3433 05:29:24    -2397.527880        0.219959
MDMin:  3434 05:29:26    -2397.527882        0.219529
MDMin:  3435 05:29:27    -2397.527882        0.605890
MDMin:  3436 05:29:29    -2397.527892        0.219856
MDMin:  3437 05:29:31    -2397.527892        0.219601
MDMin:  3438 05:29:33    -2397.527898        0.218544
MDMin:  3439 05:29:35    -2397.527486        0.606765
MDMin:  3440 05:29:37    -2397.527843        0.606540
MDMin:  3441 05:29:38    -2397.527918        0.220998
MDMin:  3442 05:29:39    -2397.527921        0.220814
MDMin:  3443 05:29:41    -2397.527926        0.219881
MDMin:  3444 05:29:42    -2397.527934        0.218324
MDMin:  3445 05:29:43    -2397.527426        0.607506
MDMin:  3446 05:29:44    -2397.527742        0.607322
MDMin:  3447 05:29:46    -2397.527954        0.219968
MDMin:  3448 05:29:48    -2397.527957        0.219783
MDMin:  3449 05:29:50    -2397.527957        0.219233
MDMin:  3450 05:29:51    -2397.527837        0.607636
MDMin:  3451 05:29:52    -2397.527970        0.218891
MDMin:  3452 05:29:53    -2397.527972        0.218437
MDMin:  3453 05:29:55    -2397.527814        0.607952
MDMin:  3454 05:29:56    -2397.527983        0.218730
MDMin:  3455 05:29:57    -2397.527985        0.218297
MDMin:  3456 05:29:58    -2397.527843        0.608207
MDMin:  3457 05:30:00    -2397.527995        0.218623
MDMin:  3458 05:30:01    -2397.527997        0.218192
MDMin:  3459 05:30:02    -2397.527875        0.608438
MDMin:  3460 05:30:03    -2397.528008        0.218525
MDMin:  3461 05:30:05    -2397.528010        0.218095
MDMin:  3462 05:30:06    -2397.527907        0.608650
MDMin:  3463 05:30:07    -2397.528018        0.218435
MDMin:  3464 05:30:09    -2397.528019        0.218181
MDMin:  3465 05:30:10    -2397.527939        0.608862
MDMin:  3466 05:30:12    -2397.528030        0.218522
MDMin:  3467 05:30:13    -2397.528032        0.218094
MDMin:  3468 05:30:14    -2397.527971        0.609046
MDMin:  3469 05:30:16    -2397.528041        0.218441
MDMin:  3470 05:30:18    -2397.528042        0.218188
MDMin:  3471 05:30:19    -2397.528004        0.609234
MDMin:  3472 05:30:21    -2397.528052        0.218535
MDMin:  3473 05:30:23    -2397.528054        0.218109
MDMin:  3474 05:30:25    -2397.528036        0.609398
MDMin:  3475 05:30:27    -2397.528064        0.218462
MDMin:  3476 05:30:28    -2397.528064        0.218211
MDMin:  3477 05:30:30    -2397.528069        0.609569
MDMin:  3478 05:30:31    -2397.528074        0.218564
MDMin:  3479 05:30:32    -2397.528076        0.218139
MDMin:  3480 05:30:34    -2397.528081        0.217089
MDMin:  3481 05:30:36    -2397.527689        0.610447
MDMin:  3482 05:30:38    -2397.528038        0.610185
MDMin:  3483 05:30:40    -2397.528100        0.219632
MDMin:  3484 05:30:42    -2397.528103        0.219448
MDMin:  3485 05:30:44    -2397.528103        0.218904
MDMin:  3486 05:30:46    -2397.528111        0.217339
MDMin:  3487 05:30:48    -2397.527636        0.611194
MDMin:  3488 05:30:50    -2397.527944        0.610977
MDMin:  3489 05:30:52    -2397.528135        0.219018
MDMin:  3490 05:30:54    -2397.528137        0.218703
MDMin:  3491 05:30:55    -2397.528142        0.217765
MDMin:  3492 05:30:57    -2397.528041        0.611216
MDMin:  3493 05:30:58    -2397.528154        0.217452
MDMin:  3494 05:31:00    -2397.528156        0.217003
MDMin:  3495 05:31:01    -2397.528021        0.611519
MDMin:  3496 05:31:02    -2397.528166        0.217332
MDMin:  3497 05:31:03    -2397.528168        0.216904
MDMin:  3498 05:31:05    -2397.528053        0.611753
MDMin:  3499 05:31:08    -2397.528177        0.217267
MDMin:  3500 05:31:10    -2397.528178        0.217017
MDMin:  3501 05:31:11    -2397.528088        0.611977
MDMin:  3502 05:31:13    -2397.528188        0.217380
MDMin:  3503 05:31:15    -2397.528190        0.216955
MDMin:  3504 05:31:17    -2397.528123        0.612167
MDMin:  3505 05:31:19    -2397.528200        0.217325
MDMin:  3506 05:31:20    -2397.528200        0.217076
MDMin:  3507 05:31:21    -2397.528159        0.612356
MDMin:  3508 05:31:23    -2397.528210        0.217445
MDMin:  3509 05:31:24    -2397.528212        0.217022
MDMin:  3510 05:31:25    -2397.528194        0.612516
MDMin:  3511 05:31:26    -2397.528222        0.217397
MDMin:  3512 05:31:28    -2397.528221        0.217150
MDMin:  3513 05:31:30    -2397.528226        0.216099
MDMin:  3514 05:31:32    -2397.527826        0.613443
MDMin:  3515 05:31:34    -2397.528170        0.613153
MDMin:  3516 05:31:36    -2397.528248        0.218692
MDMin:  3517 05:31:37    -2397.528249        0.218508
MDMin:  3518 05:31:39    -2397.528254        0.217569
MDMin:  3519 05:31:40    -2397.528261        0.216007
MDMin:  3520 05:31:42    -2397.527781        0.614149
MDMin:  3521 05:31:44    -2397.528083        0.613905
MDMin:  3522 05:31:46    -2397.528283        0.217766
MDMin:  3523 05:31:47    -2397.528285        0.217582
MDMin:  3524 05:31:49    -2397.528290        0.216642
MDMin:  3525 05:31:50    -2397.528181        0.614134
MDMin:  3526 05:31:52    -2397.528301        0.216350
MDMin:  3527 05:31:53    -2397.528301        0.216089
MDMin:  3528 05:31:55    -2397.528163        0.614445
MDMin:  3529 05:31:57    -2397.528311        0.216437
MDMin:  3530 05:31:59    -2397.528313        0.216012
MDMin:  3531 05:32:00    -2397.528198        0.614665
MDMin:  3532 05:32:01    -2397.528323        0.216395
MDMin:  3533 05:32:03    -2397.528325        0.215972
MDMin:  3534 05:32:04    -2397.528236        0.614857
MDMin:  3535 05:32:05    -2397.528333        0.216362
MDMin:  3536 05:32:07    -2397.528334        0.216116
MDMin:  3537 05:32:08    -2397.528274        0.615044
MDMin:  3538 05:32:10    -2397.528344        0.216505
MDMin:  3539 05:32:12    -2397.528346        0.216083
MDMin:  3540 05:32:14    -2397.528311        0.615199
MDMin:  3541 05:32:16    -2397.528355        0.216478
MDMin:  3542 05:32:18    -2397.528356        0.216233
MDMin:  3543 05:32:20    -2397.528349        0.615355
MDMin:  3544 05:32:21    -2397.528366        0.216627
MDMin:  3545 05:32:23    -2397.528368        0.216207
MDMin:  3546 05:32:25    -2397.528373        0.215159
MDMin:  3547 05:32:27    -2397.527993        0.616268
MDMin:  3548 05:32:28    -2397.528330        0.615945
MDMin:  3549 05:32:30    -2397.528391        0.217822
MDMin:  3550 05:32:32    -2397.528394        0.217638
MDMin:  3551 05:32:33    -2397.528393        0.217095
MDMin:  3552 05:32:35    -2397.528401        0.215522
MDMin:  3553 05:32:36    -2397.527952        0.616972
MDMin:  3554 05:32:38    -2397.528247        0.616701
MDMin:  3555 05:32:39    -2397.528425        0.217294
MDMin:  3556 05:32:41    -2397.528427        0.216977
MDMin:  3557 05:32:43    -2397.528431        0.216032
MDMin:  3558 05:32:45    -2397.528344        0.616888
MDMin:  3559 05:32:47    -2397.528443        0.215743
MDMin:  3560 05:32:48    -2397.528445        0.215296
MDMin:  3561 05:32:50    -2397.528329        0.617172
MDMin:  3562 05:32:52    -2397.528455        0.215665
MDMin:  3563 05:32:54    -2397.528457        0.215242
MDMin:  3564 05:32:56    -2397.528366        0.617374
MDMin:  3565 05:32:58    -2397.528466        0.215646
MDMin:  3566 05:32:59    -2397.528467        0.215402
MDMin:  3567 05:33:00    -2397.528405        0.617564
MDMin:  3568 05:33:02    -2397.528476        0.215806
MDMin:  3569 05:33:04    -2397.528478        0.215385
MDMin:  3570 05:33:05    -2397.528445        0.617717
MDMin:  3571 05:33:06    -2397.528488        0.215795
MDMin:  3572 05:33:08    -2397.528488        0.215552
MDMin:  3573 05:33:10    -2397.528484        0.617868
MDMin:  3574 05:33:12    -2397.528497        0.215961
MDMin:  3575 05:33:13    -2397.528499        0.215541
MDMin:  3576 05:33:15    -2397.528504        0.214493
MDMin:  3577 05:33:16    -2397.528138        0.618801
MDMin:  3578 05:33:17    -2397.528469        0.618450
MDMin:  3579 05:33:19    -2397.528523        0.217201
MDMin:  3580 05:33:21    -2397.528526        0.217016
MDMin:  3581 05:33:22    -2397.528525        0.216471
MDMin:  3582 05:33:24    -2397.528532        0.214890
MDMin:  3583 05:33:25    -2397.528101        0.619492
MDMin:  3584 05:33:26    -2397.528390        0.619196
MDMin:  3585 05:33:28    -2397.528556        0.216695
MDMin:  3586 05:33:29    -2397.528558        0.216377
MDMin:  3587 05:33:30    -2397.528562        0.215426
MDMin:  3588 05:33:31    -2397.528487        0.619363
MDMin:  3589 05:33:33    -2397.528574        0.215143
MDMin:  3590 05:33:35    -2397.528576        0.214697
MDMin:  3591 05:33:37    -2397.528473        0.619641
MDMin:  3592 05:33:38    -2397.528586        0.215080
MDMin:  3593 05:33:39    -2397.528588        0.214658
MDMin:  3594 05:33:41    -2397.528512        0.619829
MDMin:  3595 05:33:42    -2397.528598        0.215077
MDMin:  3596 05:33:44    -2397.528597        0.214835
MDMin:  3597 05:33:46    -2397.528553        0.620004
MDMin:  3598 05:33:47    -2397.528607        0.215254
MDMin:  3599 05:33:48    -2397.528609        0.214834
MDMin:  3600 05:33:50    -2397.528593        0.620142
MDMin:  3601 05:33:51    -2397.528619        0.215259
MDMin:  3602 05:33:53    -2397.528621        0.214840
MDMin:  3603 05:33:54    -2397.528626        0.213790
MDMin:  3604 05:33:56    -2397.528256        0.621103
MDMin:  3605 05:33:58    -2397.528582        0.620726
MDMin:  3606 05:33:59    -2397.528642        0.216548
MDMin:  3607 05:34:01    -2397.528645        0.216363
MDMin:  3608 05:34:02    -2397.528645        0.215817
MDMin:  3609 05:34:03    -2397.528653        0.214229
MDMin:  3610 05:34:05    -2397.528222        0.621791
MDMin:  3611 05:34:06    -2397.528506        0.621471
MDMin:  3612 05:34:07    -2397.528677        0.216073
MDMin:  3613 05:34:09    -2397.528678        0.215753
MDMin:  3614 05:34:10    -2397.528683        0.214798
MDMin:  3615 05:34:12    -2397.528603        0.621622
MDMin:  3616 05:34:13    -2397.528695        0.214523
MDMin:  3617 05:34:15    -2397.528697        0.214077
MDMin:  3618 05:34:17    -2397.528591        0.621893
MDMin:  3619 05:34:19    -2397.528706        0.214476
MDMin:  3620 05:34:21    -2397.528706        0.214234
MDMin:  3621 05:34:23    -2397.528631        0.622086
MDMin:  3622 05:34:25    -2397.528715        0.214663
MDMin:  3623 05:34:27    -2397.528717        0.214243
MDMin:  3624 05:34:29    -2397.528672        0.622232
MDMin:  3625 05:34:31    -2397.528727        0.214678
MDMin:  3626 05:34:33    -2397.528726        0.214437
MDMin:  3627 05:34:35    -2397.528714        0.622371
MDMin:  3628 05:34:36    -2397.528736        0.214871
MDMin:  3629 05:34:38    -2397.528738        0.214452
MDMin:  3630 05:34:39    -2397.528743        0.213398
MDMin:  3631 05:34:40    -2397.528386        0.623340
MDMin:  3632 05:34:42    -2397.528706        0.622935
MDMin:  3633 05:34:44    -2397.528761        0.216187
MDMin:  3634 05:34:46    -2397.528764        0.216000
MDMin:  3635 05:34:48    -2397.528763        0.215451
MDMin:  3636 05:34:49    -2397.528770        0.213852
MDMin:  3637 05:34:51    -2397.528354        0.624001
MDMin:  3638 05:34:53    -2397.528632        0.623658
MDMin:  3639 05:34:54    -2397.528794        0.215716
MDMin:  3640 05:34:56    -2397.528795        0.215393
MDMin:  3641 05:34:57    -2397.528800        0.214431
MDMin:  3642 05:34:58    -2397.528728        0.623786
MDMin:  3643 05:35:00    -2397.528812        0.214155
MDMin:  3644 05:35:02    -2397.528814        0.213709
MDMin:  3645 05:35:05    -2397.528717        0.624049
MDMin:  3646 05:35:06    -2397.528823        0.214117
MDMin:  3647 05:35:08    -2397.528825        0.213696
MDMin:  3648 05:35:10    -2397.528757        0.624212
MDMin:  3649 05:35:12    -2397.528834        0.214141
MDMin:  3650 05:35:13    -2397.528834        0.213901
MDMin:  3651 05:35:15    -2397.528800        0.624359
MDMin:  3652 05:35:17    -2397.528844        0.214346
MDMin:  3653 05:35:18    -2397.528846        0.213927
MDMin:  3654 05:35:19    -2397.528843        0.624467
MDMin:  3655 05:35:21    -2397.528854        0.214377
MDMin:  3656 05:35:22    -2397.528855        0.214137
MDMin:  3657 05:35:24    -2397.528859        0.213080
MDMin:  3658 05:35:26    -2397.528522        0.625457
MDMin:  3659 05:35:28    -2397.528836        0.625024
MDMin:  3660 05:35:30    -2397.528879        0.215903
MDMin:  3661 05:35:32    -2397.528881        0.215715
MDMin:  3662 05:35:34    -2397.528885        0.214747
MDMin:  3663 05:35:35    -2397.528893        0.213148
MDMin:  3664 05:35:37    -2397.528492        0.626049
MDMin:  3665 05:35:39    -2397.528765        0.625681
MDMin:  3666 05:35:41    -2397.528911        0.215076
MDMin:  3667 05:35:43    -2397.528914        0.214889
MDMin:  3668 05:35:45    -2397.528914        0.214340
MDMin:  3669 05:35:47    -2397.528859        0.625838
MDMin:  3670 05:35:49    -2397.528925        0.214056
MDMin:  3671 05:35:51    -2397.528927        0.213608
MDMin:  3672 05:35:52    -2397.528849        0.626097
MDMin:  3673 05:35:54    -2397.528937        0.214018
MDMin:  3674 05:35:55    -2397.528939        0.213596
MDMin:  3675 05:35:57    -2397.528889        0.626248
MDMin:  3676 05:35:58    -2397.528949        0.214043
MDMin:  3677 05:35:59    -2397.528951        0.213623
MDMin:  3678 05:36:01    -2397.528933        0.626367
MDMin:  3679 05:36:03    -2397.528960        0.214077
MDMin:  3680 05:36:05    -2397.528962        0.213658
MDMin:  3681 05:36:07    -2397.528967        0.212597
MDMin:  3682 05:36:09    -2397.528618        0.627379
MDMin:  3683 05:36:10    -2397.528928        0.626923
MDMin:  3684 05:36:12    -2397.528983        0.215458
MDMin:  3685 05:36:14    -2397.528985        0.215269
MDMin:  3686 05:36:16    -2397.528986        0.214712
MDMin:  3687 05:36:18    -2397.528994        0.213094
MDMin:  3688 05:36:19    -2397.528589        0.628025
MDMin:  3689 05:36:21    -2397.528858        0.627637
MDMin:  3690 05:36:23    -2397.529017        0.215009
MDMin:  3691 05:36:25    -2397.529019        0.214681
MDMin:  3692 05:36:27    -2397.529023        0.213707
MDMin:  3693 05:36:29    -2397.528951        0.627732
MDMin:  3694 05:36:31    -2397.529034        0.213436
MDMin:  3695 05:36:32    -2397.529034        0.213181
MDMin:  3696 05:36:34    -2397.528942        0.628002
MDMin:  3697 05:36:35    -2397.529044        0.213602
MDMin:  3698 05:36:37    -2397.529045        0.213180
MDMin:  3699 05:36:39    -2397.528983        0.628143
MDMin:  3700 05:36:41    -2397.529055        0.213639
MDMin:  3701 05:36:43    -2397.529054        0.213399
MDMin:  3702 05:36:45    -2397.529027        0.628266
MDMin:  3703 05:36:47    -2397.529064        0.213859
MDMin:  3704 05:36:48    -2397.529066        0.213438
MDMin:  3705 05:36:50    -2397.529071        0.212371
MDMin:  3706 05:36:52    -2397.528719        0.629289
MDMin:  3707 05:36:54    -2397.529024        0.628807
MDMin:  3708 05:36:56    -2397.529088        0.215254
MDMin:  3709 05:36:58    -2397.529090        0.215063
MDMin:  3710 05:37:00    -2397.529090        0.214501
MDMin:  3711 05:37:01    -2397.529097        0.212870
MDMin:  3712 05:37:04    -2397.528691        0.629915
MDMin:  3713 05:37:06    -2397.528956        0.629504
MDMin:  3714 05:37:08    -2397.529121        0.214798
MDMin:  3715 05:37:09    -2397.529122        0.214468
MDMin:  3716 05:37:11    -2397.529127        0.213485
MDMin:  3717 05:37:13    -2397.529047        0.629579
MDMin:  3718 05:37:15    -2397.529138        0.213212
MDMin:  3719 05:37:16    -2397.529140        0.212762
MDMin:  3720 05:37:18    -2397.529039        0.629825
MDMin:  3721 05:37:20    -2397.529148        0.213196
MDMin:  3722 05:37:21    -2397.529149        0.212956
MDMin:  3723 05:37:22    -2397.529080        0.629969
MDMin:  3724 05:37:24    -2397.529158        0.213423
MDMin:  3725 05:37:26    -2397.529160        0.213001
MDMin:  3726 05:37:28    -2397.529124        0.630063
MDMin:  3727 05:37:29    -2397.529168        0.213474
MDMin:  3728 05:37:31    -2397.529169        0.213234
MDMin:  3729 05:37:33    -2397.529168        0.630148
MDMin:  3730 05:37:34    -2397.529178        0.213706
MDMin:  3731 05:37:37    -2397.529178        0.213466
MDMin:  3732 05:37:39    -2397.529183        0.212394
MDMin:  3733 05:37:41    -2397.528867        0.631161
MDMin:  3734 05:37:43    -2397.529166        0.630646
MDMin:  3735 05:37:45    -2397.529202        0.215302
MDMin:  3736 05:37:47    -2397.529204        0.215109
MDMin:  3737 05:37:49    -2397.529208        0.214116
MDMin:  3738 05:37:50    -2397.529216        0.212481
MDMin:  3739 05:37:52    -2397.528839        0.631683
MDMin:  3740 05:37:53    -2397.529098        0.631247
MDMin:  3741 05:37:54    -2397.529233        0.214463
MDMin:  3742 05:37:56    -2397.529235        0.214273
MDMin:  3743 05:37:58    -2397.529236        0.213711
MDMin:  3744 05:38:00    -2397.529187        0.631343
MDMin:  3745 05:38:02    -2397.529248        0.213424
MDMin:  3746 05:38:03    -2397.529250        0.212972
MDMin:  3747 05:38:05    -2397.529178        0.631582
MDMin:  3748 05:38:07    -2397.529259        0.213403
MDMin:  3749 05:38:09    -2397.529261        0.212978
MDMin:  3750 05:38:10    -2397.529219        0.631698
MDMin:  3751 05:38:12    -2397.529271        0.213450
MDMin:  3752 05:38:14    -2397.529273        0.213026
MDMin:  3753 05:38:16    -2397.529263        0.631778
MDMin:  3754 05:38:17    -2397.529280        0.213504
MDMin:  3755 05:38:18    -2397.529281        0.213263
MDMin:  3756 05:38:19    -2397.529286        0.212186
MDMin:  3757 05:38:21    -2397.528966        0.632832
MDMin:  3758 05:38:23    -2397.529261        0.632295
MDMin:  3759 05:38:25    -2397.529303        0.215123
MDMin:  3760 05:38:27    -2397.529306        0.214928
MDMin:  3761 05:38:28    -2397.529305        0.214356
MDMin:  3762 05:38:30    -2397.529313        0.212699
MDMin:  3763 05:38:31    -2397.528938        0.633415
MDMin:  3764 05:38:32    -2397.529193        0.632958
MDMin:  3765 05:38:33    -2397.529336        0.214656
MDMin:  3766 05:38:35    -2397.529337        0.214320
MDMin:  3767 05:38:37    -2397.529342        0.213321
MDMin:  3768 05:38:39    -2397.529280        0.632995
MDMin:  3769 05:38:41    -2397.529352        0.213042
MDMin:  3770 05:38:43    -2397.529353        0.212785
MDMin:  3771 05:38:45    -2397.529273        0.633246
MDMin:  3772 05:38:46    -2397.529362        0.213225
MDMin:  3773 05:38:47    -2397.529364        0.212798
MDMin:  3774 05:38:49    -2397.529313        0.633353
MDMin:  3775 05:38:51    -2397.529372        0.213276
MDMin:  3776 05:38:52    -2397.529373        0.213034
MDMin:  3777 05:38:54    -2397.529357        0.633439
MDMin:  3778 05:38:56    -2397.529382        0.213514
MDMin:  3779 05:38:57    -2397.529381        0.213272
MDMin:  3780 05:38:59    -2397.529386        0.212186
MDMin:  3781 05:39:01    -2397.529066        0.634507
MDMin:  3782 05:39:03    -2397.529356        0.633944
MDMin:  3783 05:39:04    -2397.529405        0.215137
MDMin:  3784 05:39:06    -2397.529407        0.214939
MDMin:  3785 05:39:08    -2397.529411        0.213928
MDMin:  3786 05:39:10    -2397.529408        0.213009
MDMin:  3787 05:39:12    -2397.529047        0.635067
MDMin:  3788 05:39:14    -2397.529300        0.634583
MDMin:  3789 05:39:16    -2397.529432        0.214986
MDMin:  3790 05:39:18    -2397.529433        0.214645
MDMin:  3791 05:39:19    -2397.529438        0.213631
MDMin:  3792 05:39:21    -2397.529387        0.634588
MDMin:  3793 05:39:23    -2397.529449        0.213332
MDMin:  3794 05:39:25    -2397.529451        0.212874
MDMin:  3795 05:39:26    -2397.529378        0.634815
MDMin:  3796 05:39:28    -2397.529461        0.213310
MDMin:  3797 05:39:29    -2397.529463        0.212880
MDMin:  3798 05:39:31    -2397.529418        0.634908
MDMin:  3799 05:39:33    -2397.529472        0.213359
MDMin:  3800 05:39:35    -2397.529474        0.212931
MDMin:  3801 05:39:37    -2397.529460        0.634966
MDMin:  3802 05:39:39    -2397.529482        0.213416
MDMin:  3803 05:39:40    -2397.529483        0.213173
MDMin:  3804 05:39:42    -2397.529488        0.212081
MDMin:  3805 05:39:44    -2397.529173        0.636040
MDMin:  3806 05:39:46    -2397.529459        0.635451
MDMin:  3807 05:39:48    -2397.529504        0.215064
MDMin:  3808 05:39:49    -2397.529506        0.214865
MDMin:  3809 05:39:51    -2397.529507        0.214281
MDMin:  3810 05:39:53    -2397.529514        0.212597
MDMin:  3811 05:39:55    -2397.529143        0.636584
MDMin:  3812 05:39:57    -2397.529390        0.636082
MDMin:  3813 05:39:59    -2397.529537        0.214584
MDMin:  3814 05:40:01    -2397.529537        0.214386
MDMin:  3815 05:40:02    -2397.529541        0.213368
MDMin:  3816 05:40:04    -2397.529473        0.636095
MDMin:  3817 05:40:06    -2397.529553        0.213077
MDMin:  3818 05:40:08    -2397.529555        0.212618
MDMin:  3819 05:40:10    -2397.529465        0.636320
MDMin:  3820 05:40:11    -2397.529562        0.213067
MDMin:  3821 05:40:12    -2397.529563        0.212823
MDMin:  3822 05:40:14    -2397.529505        0.636421
MDMin:  3823 05:40:15    -2397.529572        0.213310
MDMin:  3824 05:40:17    -2397.529572        0.213066
MDMin:  3825 05:40:19    -2397.529548        0.636484
MDMin:  3826 05:40:21    -2397.529581        0.213552
MDMin:  3827 05:40:22    -2397.529583        0.213121
MDMin:  3828 05:40:23    -2397.529588        0.212020
MDMin:  3829 05:40:25    -2397.529269        0.637608
MDMin:  3830 05:40:26    -2397.529548        0.636998
MDMin:  3831 05:40:27    -2397.529599        0.215742
MDMin:  3832 05:40:28    -2397.529600        0.215393
MDMin:  3833 05:40:30    -2397.529605        0.214357
MDMin:  3834 05:40:31    -2397.529612        0.212656
MDMin:  3835 05:40:32    -2397.529232        0.638105
MDMin:  3836 05:40:33    -2397.529476        0.637582
MDMin:  3837 05:40:35    -2397.529635        0.214647
MDMin:  3838 05:40:37    -2397.529637        0.214302
MDMin:  3839 05:40:39    -2397.529641        0.213276
MDMin:  3840 05:40:41    -2397.529557        0.637564
MDMin:  3841 05:40:43    -2397.529651        0.212986
MDMin:  3842 05:40:44    -2397.529652        0.212724
MDMin:  3843 05:40:45    -2397.529549        0.637798
MDMin:  3844 05:40:47    -2397.529661        0.213176
MDMin:  3845 05:40:49    -2397.529661        0.212929
MDMin:  3846 05:40:51    -2397.529589        0.637887
MDMin:  3847 05:40:53    -2397.529670        0.213416
MDMin:  3848 05:40:55    -2397.529672        0.212982
MDMin:  3849 05:40:57    -2397.529630        0.637926
MDMin:  3850 05:40:58    -2397.529679        0.213472
MDMin:  3851 05:41:00    -2397.529681        0.213225
MDMin:  3852 05:41:02    -2397.529672        0.637953
MDMin:  3853 05:41:04    -2397.529689        0.213717
MDMin:  3854 05:41:05    -2397.529689        0.213470
MDMin:  3855 05:41:07    -2397.529694        0.212361
MDMin:  3856 05:41:08    -2397.529393        0.639020
MDMin:  3857 05:41:10    -2397.529670        0.638374
MDMin:  3858 05:41:12    -2397.529710        0.215378
MDMin:  3859 05:41:13    -2397.529713        0.215174
MDMin:  3860 05:41:15    -2397.529713        0.214576
MDMin:  3861 05:41:17    -2397.529721        0.212862
MDMin:  3862 05:41:19    -2397.529360        0.639494
MDMin:  3863 05:41:21    -2397.529599        0.638946
MDMin:  3864 05:41:22    -2397.529743        0.214866
MDMin:  3865 05:41:23    -2397.529743        0.214664
MDMin:  3866 05:41:25    -2397.529748        0.213627
MDMin:  3867 05:41:27    -2397.529677        0.638912
MDMin:  3868 05:41:28    -2397.529758        0.213326
MDMin:  3869 05:41:30    -2397.529758        0.213062
MDMin:  3870 05:41:32    -2397.529669        0.639138
MDMin:  3871 05:41:33    -2397.529768        0.213512
MDMin:  3872 05:41:35    -2397.529767        0.213263
MDMin:  3873 05:41:36    -2397.529708        0.639215
MDMin:  3874 05:41:38    -2397.529777        0.213749
MDMin:  3875 05:41:40    -2397.529779        0.213311
MDMin:  3876 05:41:41    -2397.529748        0.639242
MDMin:  3877 05:41:43    -2397.529786        0.213799
MDMin:  3878 05:41:44    -2397.529787        0.213550
MDMin:  3879 05:41:46    -2397.529788        0.639257
MDMin:  3880 05:41:47    -2397.529795        0.214040
MDMin:  3881 05:41:49    -2397.529796        0.213791
MDMin:  3882 05:41:51    -2397.529801        0.212671
MDMin:  3883 05:41:53    -2397.529513        0.640337
MDMin:  3884 05:41:55    -2397.529785        0.639664
MDMin:  3885 05:41:57    -2397.529716        0.531518
MDMin:  3886 05:41:58    -2397.529104        0.522114
MDMin:  3887 05:42:00    -2397.528233        0.509399
MDMin:  3888 05:42:01    -2397.527099        0.493524
MDMin:  3889 05:42:02    -2397.525720        0.474740
MDMin:  3890 05:42:04    -2397.524134        0.453451
MDMin:  3891 05:42:06    -2397.522400        0.430238
MDMin:  3892 05:42:08    -2397.520586        0.405838
MDMin:  3893 05:42:10    -2397.518754        0.381075
MDMin:  3894 05:42:12    -2397.516957        0.356755
MDMin:  3895 05:42:14    -2397.515229        0.333569
MDMin:  3896 05:42:16    -2397.513590        0.312026
MDMin:  3897 05:42:18    -2397.512046        0.292427
MDMin:  3898 05:42:20    -2397.510594        0.274871
MDMin:  3899 05:42:21    -2397.509225        0.259295
MDMin:  3900 05:42:24    -2397.507926        0.245523
MDMin:  3901 05:42:26    -2397.506682        0.233324
MDMin:  3902 05:42:27    -2397.505476        0.222454
MDMin:  3903 05:42:29    -2397.504291        0.212686
MDMin:  3904 05:42:31    -2397.503108        0.203820
MDMin:  3905 05:42:33    -2397.501908        0.195689
MDMin:  3906 05:42:34    -2397.500669        0.188155
MDMin:  3907 05:42:36    -2397.499370        0.189610
MDMin:  3908 05:42:37    -2397.497988        0.193423
MDMin:  3909 05:42:39    -2397.496500        0.197391
MDMin:  3910 05:42:40    -2397.494882        0.201505
MDMin:  3911 05:42:42    -2397.493114        0.205753
MDMin:  3912 05:42:43    -2397.491183        0.210108
MDMin:  3913 05:42:44    -2397.489163        0.249568
MDMin:  3914 05:42:46    -2397.487875        0.378753
MDMin:  3915 05:42:48    -2397.487731        0.283863
MDMin:  3916 05:42:50    -2397.487487        0.218121
MDMin:  3917 05:42:52    -2397.487130        0.218791
MDMin:  3918 05:42:54    -2397.486680        0.219571
MDMin:  3919 05:42:56    -2397.486148        0.220435
MDMin:  3920 05:42:58    -2397.485534        0.221386
MDMin:  3921 05:43:00    -2397.484834        0.222435
MDMin:  3922 05:43:02    -2397.484046        0.223590
MDMin:  3923 05:43:03    -2397.483167        0.224858
MDMin:  3924 05:43:05    -2397.482195        0.226241
MDMin:  3925 05:43:07    -2397.481129        0.227740
MDMin:  3926 05:43:09    -2397.479967        0.229350
MDMin:  3927 05:43:10    -2397.478711        0.231068
MDMin:  3928 05:43:12    -2397.477362        0.232889
MDMin:  3929 05:43:13    -2397.475924        0.234805
MDMin:  3930 05:43:14    -2397.474407        0.236812
MDMin:  3931 05:43:16    -2397.472820        0.238903
MDMin:  3932 05:43:17    -2397.471181        0.241072
MDMin:  3933 05:43:19    -2397.469514        0.243315
MDMin:  3934 05:43:21    -2397.467854        0.245630
MDMin:  3935 05:43:23    -2397.466248        0.248015
MDMin:  3936 05:43:25    -2397.464759        0.250473
MDMin:  3937 05:43:27    -2397.463471        0.253008
MDMin:  3938 05:43:29    -2397.462488        0.255629
MDMin:  3939 05:43:31    -2397.461932        0.258346
MDMin:  3940 05:43:33    -2397.461923        0.261132
MDMin:  3941 05:43:35    -2397.462344        0.373696
MDMin:  3942 05:43:36    -2397.462569        0.264613
MDMin:  3943 05:43:38    -2397.462890        0.265566
MDMin:  3944 05:43:39    -2397.463323        0.266525
MDMin:  3945 05:43:41    -2397.463892        0.267537
MDMin:  3946 05:43:42    -2397.464625        0.268641
MDMin:  3947 05:43:44    -2397.465550        0.269870
MDMin:  3948 05:43:46    -2397.466695        0.271261
MDMin:  3949 05:43:48    -2397.468085        0.272844
MDMin:  3950 05:43:49    -2397.469745        0.274640
MDMin:  3951 05:43:50    -2397.471694        0.276677
MDMin:  3952 05:43:52    -2397.473945        0.279002
MDMin:  3953 05:43:54    -2397.476505        0.281660
MDMin:  3954 05:43:56    -2397.479375        0.284710
MDMin:  3955 05:43:58    -2397.482549        0.288223
MDMin:  3956 05:44:00    -2397.486014        0.292286
MDMin:  3957 05:44:01    -2397.489747        0.297004
MDMin:  3958 05:44:03    -2397.493717        0.302506
MDMin:  3959 05:44:04    -2397.497876        0.308934
MDMin:  3960 05:44:06    -2397.497966        0.316412
MDMin:  3961 05:44:07    -2397.500767        0.320943
MDMin:  3962 05:44:08    -2397.500586        0.323458
MDMin:  3963 05:44:10    -2397.501417        0.325096
MDMin:  3964 05:44:12    -2397.501135        0.326411
MDMin:  3965 05:44:13    -2397.501649        0.327490
MDMin:  3966 05:44:15    -2397.501362        0.328511
MDMin:  3967 05:44:17    -2397.501790        0.329456
MDMin:  3968 05:44:19    -2397.501503        0.330410
MDMin:  3969 05:44:20    -2397.501907        0.331331
MDMin:  3970 05:44:22    -2397.501611        0.332277
MDMin:  3971 05:44:23    -2397.502017        0.333206
MDMin:  3972 05:44:24    -2397.501701        0.334163
MDMin:  3973 05:44:26    -2397.502123        0.335108
MDMin:  3974 05:44:27    -2397.501777        0.336082
MDMin:  3975 05:44:29    -2397.502228        0.337048
MDMin:  3976 05:44:30    -2397.501839        0.338043
MDMin:  3977 05:44:32    -2397.502332        0.339033
MDMin:  3978 05:44:33    -2397.501889        0.340050
MDMin:  3979 05:44:35    -2397.502435        0.341067
MDMin:  3980 05:44:37    -2397.501927        0.342109
MDMin:  3981 05:44:39    -2397.502537        0.343153
MDMin:  3982 05:44:41    -2397.501952        0.344221
MDMin:  3983 05:44:42    -2397.502603        0.345295
MDMin:  3984 05:44:43    -2397.502217        0.346883
MDMin:  3985 05:44:45    -2397.502702        0.348261
MDMin:  3986 05:44:46    -2397.501636        0.350174
MDMin:  3987 05:44:48    -2397.502520        0.351758
MDMin:  3988 05:44:49    -2397.502435        0.353903
MDMin:  3989 05:44:51    -2397.502712        0.355635
MDMin:  3990 05:44:52    -2397.502645        0.357166
MDMin:  3991 05:44:53    -2397.502718        0.358581
MDMin:  3992 05:44:55    -2397.502779        0.359958
MDMin:  3993 05:44:56    -2397.502670        0.361307
MDMin:  3994 05:44:57    -2397.502893        0.362668
MDMin:  3995 05:44:59    -2397.502600        0.364026
MDMin:  3996 05:45:01    -2397.503003        0.365414
MDMin:  3997 05:45:02    -2397.502518        0.366805
MDMin:  3998 05:45:03    -2397.503113        0.368234
MDMin:  3999 05:45:05    -2397.502425        0.369667
MDMin:  4000 05:45:07    -2397.503050        0.371144
MDMin:  4001 05:45:09    -2397.502780        0.373278
MDMin:  4002 05:45:10    -2397.503017        0.375134
MDMin:  4003 05:45:11    -2397.502956        0.376907
MDMin:  4004 05:45:12    -2397.502909        0.378588
MDMin:  4005 05:45:14    -2397.503093        0.380285
MDMin:  4006 05:45:16    -2397.502774        0.381948
MDMin:  4007 05:45:17    -2397.503219        0.383663
MDMin:  4008 05:45:19    -2397.502625        0.385362
MDMin:  4009 05:45:20    -2397.503247        0.387127
MDMin:  4010 05:45:22    -2397.502887        0.389638
MDMin:  4011 05:45:23    -2397.503130        0.391832
MDMin:  4012 05:45:24    -2397.503080        0.393962
MDMin:  4013 05:45:26    -2397.502957        0.395971
MDMin:  4014 05:45:27    -2397.503235        0.398021
MDMin:  4015 05:45:28    -2397.502762        0.400017
MDMin:  4016 05:45:30    -2397.503380        0.402094
MDMin:  4017 05:45:31    -2397.502554        0.404139
MDMin:  4018 05:45:32    -2397.503181        0.406283
MDMin:  4019 05:45:34    -2397.503050        0.409279
MDMin:  4020 05:45:36    -2397.502978        0.411921
MDMin:  4021 05:45:38    -2397.503267        0.414527
MDMin:  4022 05:45:39    -2397.502738        0.416983
MDMin:  4023 05:45:41    -2397.503395        0.419511
MDMin:  4024 05:45:43    -2397.502947        0.422966
MDMin:  4025 05:45:45    -2397.503132        0.426002
MDMin:  4026 05:45:47    -2397.503191        0.429006
MDMin:  4027 05:45:49    -2397.502841        0.431823
MDMin:  4028 05:45:51    -2397.503394        0.434731
MDMin:  4029 05:45:53    -2397.502533        0.437542
MDMin:  4030 05:45:55    -2397.503188        0.440498
MDMin:  4031 05:45:57    -2397.503076        0.444499
MDMin:  4032 05:45:59    -2397.502841        0.448076
MDMin:  4033 05:46:01    -2397.503347        0.451676
MDMin:  4034 05:46:03    -2397.502479        0.455073
MDMin:  4035 05:46:05    -2397.503170        0.458611
MDMin:  4036 05:46:07    -2397.503039        0.463300
MDMin:  4037 05:46:09    -2397.502748        0.467504
MDMin:  4038 05:46:11    -2397.503348        0.471756
MDMin:  4039 05:46:12    -2397.502320        0.475767
MDMin:  4040 05:46:14    -2397.503035        0.479958
MDMin:  4041 05:46:16    -2397.503051        0.485430
MDMin:  4042 05:46:18    -2397.502529        0.490383
MDMin:  4043 05:46:20    -2397.503313        0.495439
MDMin:  4044 05:46:21    -2397.502781        0.501884
MDMin:  4045 05:46:22    -2397.502721        0.507668
MDMin:  4046 05:46:24    -2397.503185        0.513554
MDMin:  4047 05:46:26    -2397.502143        0.519109
MDMin:  4048 05:46:28    -2397.502919        0.524945
MDMin:  4049 05:46:30    -2397.502916        0.532371
MDMin:  4050 05:46:32    -2397.502230        0.539222
MDMin:  4051 05:46:33    -2397.503073        0.546332
MDMin:  4052 05:46:35    -2397.502680        0.555229
MDMin:  4053 05:46:36    -2397.502271        0.563532
MDMin:  4054 05:46:38    -2397.503161        0.575592
MDMin:  4055 05:46:40    -2397.502475        0.590269
MDMin:  4056 05:46:42    -2397.502240        0.603730
MDMin:  4057 05:46:43    -2397.503052        0.617565
MDMin:  4058 05:46:45    -2397.501361        0.630754
MDMin:  4059 05:46:47    -2397.502251        0.644598
MDMin:  4060 05:46:48    -2397.502849        0.661269
MDMin:  4061 05:46:50    -2397.501205        0.676928
MDMin:  4062 05:46:52    -2397.502158        0.693190
MDMin:  4063 05:46:54    -2397.502702        0.712392
MDMin:  4064 05:46:56    -2397.500951        0.730374
MDMin:  4065 05:46:58    -2397.501957        0.749023
MDMin:  4066 05:47:00    -2397.502609        0.770845
MDMin:  4067 05:47:02    -2397.500582        0.791427
MDMin:  4068 05:47:03    -2397.501633        0.813142
MDMin:  4069 05:47:05    -2397.502579        0.839181
MDMin:  4070 05:47:07    -2397.500087        0.877129
MDMin:  4071 05:47:09    -2397.501171        0.926669
MDMin:  4072 05:47:11    -2397.502263        0.999811
MDMin:  4073 05:47:12    -2397.501690        1.131891
MDMin:  4074 05:47:13    -2397.500460        2.385056
MDMin:  4075 05:47:15    -2397.500826        2.332523
MDMin:  4076 05:47:16    -2397.501317        2.203807
MDMin:  4077 05:47:18    -2397.496246        2.657283
MDMin:  4078 05:47:20    -2397.465177        2.734478
MDMin:  4079 05:47:22    -2397.412438        2.986053
MDMin:  4080 05:47:23    -2397.342853        3.429926
MDMin:  4081 05:47:25    -2397.283460        3.940059
MDMin:  4082 05:47:26    -2397.273840        4.156755
MDMin:  4083 05:47:28    -2397.323581        3.848811
MDMin:  4084 05:47:31    -2397.400370        3.187466
MDMin:  4085 05:47:33    -2397.465926        2.464540
MDMin:  4086 05:47:35    -2397.495800        1.437390
MDMin:  4087 05:47:37    -2397.497954        0.889908
MDMin:  4088 05:47:39    -2397.500216        0.928824
MDMin:  4089 05:47:40    -2397.502749        0.957602
MDMin:  4090 05:47:41    -2397.505524        0.973381
MDMin:  4091 05:47:43    -2397.501748        0.975472
MDMin:  4092 05:47:44    -2397.503305        0.963258
MDMin:  4093 05:47:46    -2397.504082        0.996185
MDMin:  4094 05:47:48    -2397.499207        0.975038
MDMin:  4095 05:47:50    -2397.500914        0.890619
MDMin:  4096 05:47:51    -2397.502625        0.758505
MDMin:  4097 05:47:52    -2397.501185        0.651107
MDMin:  4098 05:47:54    -2397.496424        0.545038
MDMin:  4099 05:47:55    -2397.498286        0.522799
MDMin:  4100 05:47:57    -2397.499610        0.426937
MDMin:  4101 05:47:59    -2397.500167        0.468008
MDMin:  4102 05:48:01    -2397.500647        0.443680
MDMin:  4103 05:48:03    -2397.501198        0.432265
MDMin:  4104 05:48:04    -2397.501781        0.322244
MDMin:  4105 05:48:06    -2397.499311        0.290227
MDMin:  4106 05:48:08    -2397.499723        0.355264
MDMin:  4107 05:48:09    -2397.500056        0.372547
MDMin:  4108 05:48:11    -2397.500421        0.331227
MDMin:  4109 05:48:13    -2397.500823        0.283117
MDMin:  4110 05:48:15    -2397.501221        0.277248
MDMin:  4111 05:48:17    -2397.500983        0.326269
MDMin:  4112 05:48:19    -2397.500281        0.361577
MDMin:  4113 05:48:20    -2397.500535        0.356090
MDMin:  4114 05:48:22    -2397.500843        0.346990
MDMin:  4115 05:48:24    -2397.500906        0.308406
MDMin:  4116 05:48:26    -2397.499576        0.275717
MDMin:  4117 05:48:28    -2397.499844        0.290613
MDMin:  4118 05:48:29    -2397.500093        0.300055
MDMin:  4119 05:48:31    -2397.500379        0.292488
MDMin:  4120 05:48:32    -2397.500703        0.267828
MDMin:  4121 05:48:34    -2397.500307        0.264965
MDMin:  4122 05:48:36    -2397.499692        0.288809
MDMin:  4123 05:48:38    -2397.499909        0.290087
MDMin:  4124 05:48:40    -2397.500169        0.283081
MDMin:  4125 05:48:42    -2397.500441        0.274511
MDMin:  4126 05:48:44    -2397.498998        0.268227
MDMin:  4127 05:48:46    -2397.499241        0.262441
MDMin:  4128 05:48:48    -2397.499523        0.258568
MDMin:  4129 05:48:49    -2397.499848        0.257013
MDMin:  4130 05:48:51    -2397.499956        0.260462
MDMin:  4131 05:48:53    -2397.498484        0.253076
MDMin:  4132 05:48:55    -2397.498735        0.251384
MDMin:  4133 05:48:56    -2397.499014        0.249367
MDMin:  4134 05:48:58    -2397.499330        0.246955
MDMin:  4135 05:49:00    -2397.499666        0.259860
MDMin:  4136 05:49:01    -2397.497914        0.241989
MDMin:  4137 05:49:03    -2397.498149        0.239949
MDMin:  4138 05:49:05    -2397.498410        0.237476
MDMin:  4139 05:49:07    -2397.498702        0.234554
MDMin:  4140 05:49:09    -2397.499030        0.231178
MDMin:  4141 05:49:10    -2397.498838        0.261134
MDMin:  4142 05:49:11    -2397.497467        0.224866
MDMin:  4143 05:49:12    -2397.497688        0.222513
MDMin:  4144 05:49:14    -2397.497924        0.219751
MDMin:  4145 05:49:16    -2397.498186        0.216593
MDMin:  4146 05:49:17    -2397.498479        0.213052
MDMin:  4147 05:49:19    -2397.498250        0.260778
MDMin:  4148 05:49:20    -2397.496888        0.216726
MDMin:  4149 05:49:21    -2397.497074        0.218292
MDMin:  4150 05:49:23    -2397.497270        0.220168
MDMin:  4151 05:49:24    -2397.497487        0.222372
MDMin:  4152 05:49:25    -2397.497728        0.224927
MDMin:  4153 05:49:26    -2397.497841        0.258839
MDMin:  4154 05:49:28    -2397.496149        0.229722
MDMin:  4155 05:49:30    -2397.496297        0.231524
MDMin:  4156 05:49:32    -2397.496450        0.233672
MDMin:  4157 05:49:33    -2397.496618        0.236183
MDMin:  4158 05:49:34    -2397.496805        0.239077
MDMin:  4159 05:49:36    -2397.497009        0.242380
MDMin:  4160 05:49:38    -2397.497010        0.257605
MDMin:  4161 05:49:39    -2397.495318        0.248425
MDMin:  4162 05:49:40    -2397.495431        0.250640
MDMin:  4163 05:49:41    -2397.495539        0.253253
MDMin:  4164 05:49:42    -2397.495656        0.256282
MDMin:  4165 05:49:44    -2397.495785        0.259748
MDMin:  4166 05:49:45    -2397.495924        0.263679
MDMin:  4167 05:49:46    -2397.496071        0.268103
MDMin:  4168 05:49:47    -2397.495921        0.273053
MDMin:  4169 05:49:48    -2397.494210        0.276046
MDMin:  4170 05:49:50    -2397.494275        0.278904
MDMin:  4171 05:49:51    -2397.494322        0.282238
MDMin:  4172 05:49:53    -2397.494371        0.286066
MDMin:  4173 05:49:55    -2397.494423        0.290416
MDMin:  4174 05:49:57    -2397.494477        0.295319
MDMin:  4175 05:49:58    -2397.494531        0.300809
MDMin:  4176 05:49:59    -2397.494582        0.306926
MDMin:  4177 05:50:00    -2397.494627        0.313713
MDMin:  4178 05:50:02    -2397.494235        0.321219
MDMin:  4179 05:50:03    -2397.492420        0.325733
MDMin:  4180 05:50:04    -2397.492399        0.330047
MDMin:  4181 05:50:06    -2397.492341        0.335008
MDMin:  4182 05:50:08    -2397.492275        0.340648
MDMin:  4183 05:50:10    -2397.492201        0.347015
MDMin:  4184 05:50:12    -2397.492119        0.354160
MDMin:  4185 05:50:14    -2397.492023        0.362142
MDMin:  4186 05:50:16    -2397.491912        0.371025
MDMin:  4187 05:50:18    -2397.491779        0.380878
MDMin:  4188 05:50:20    -2397.491623        0.391771
MDMin:  4189 05:50:22    -2397.491439        0.403771
MDMin:  4190 05:50:23    -2397.491224        0.416960
MDMin:  4191 05:50:24    -2397.490975        0.431505
MDMin:  4192 05:50:25    -2397.490689        0.447421
MDMin:  4193 05:50:27    -2397.490364        0.464686
MDMin:  4194 05:50:29    -2397.489997        0.483209
MDMin:  4195 05:50:30    -2397.489587        0.502648
MDMin:  4196 05:50:32    -2397.489132        0.522434
MDMin:  4197 05:50:34    -2397.488628        0.541718
MDMin:  4198 05:50:36    -2397.488076        0.559294
MDMin:  4199 05:50:38    -2397.487489        0.573290
MDMin:  4200 05:50:40    -2397.486951        0.581465
MDMin:  4201 05:50:42    -2397.486664        0.583903
MDMin:  4202 05:50:44    -2397.486456        0.584878
MDMin:  4203 05:50:46    -2397.486215        0.585259
MDMin:  4204 05:50:48    -2397.485937        0.584734
MDMin:  4205 05:50:49    -2397.485620        0.582943
MDMin:  4206 05:50:51    -2397.485261        0.579495
MDMin:  4207 05:50:53    -2397.484857        0.573989
MDMin:  4208 05:50:55    -2397.484404        0.566038
MDMin:  4209 05:50:57    -2397.483897        0.555306
MDMin:  4210 05:50:59    -2397.483331        0.541550
MDMin:  4211 05:51:01    -2397.482700        0.524662
MDMin:  4212 05:51:03    -2397.481997        0.504699
MDMin:  4213 05:51:05    -2397.481213        0.481888
MDMin:  4214 05:51:06    -2397.480339        0.456617
MDMin:  4215 05:51:08    -2397.479367        0.429414
MDMin:  4216 05:51:09    -2397.478288        0.400900
MDMin:  4217 05:51:11    -2397.477095        0.371780
MDMin:  4218 05:51:13    -2397.475805        0.343198
MDMin:  4219 05:51:14    -2397.474652        0.320226
MDMin:  4220 05:51:16    -2397.474316        0.314142
MDMin:  4221 05:51:18    -2397.473939        0.307475
MDMin:  4222 05:51:19    -2397.473506        0.300075
MDMin:  4223 05:51:20    -2397.473017        0.292007
MDMin:  4224 05:51:22    -2397.472472        0.283345
MDMin:  4225 05:51:23    -2397.471870        0.274174
MDMin:  4226 05:51:25    -2397.471212        0.264583
MDMin:  4227 05:51:28    -2397.470500        0.254673
MDMin:  4228 05:51:30    -2397.469734        0.244550
MDMin:  4229 05:51:31    -2397.468921        0.234302
MDMin:  4230 05:51:33    -2397.468064        0.224013
MDMin:  4231 05:51:35    -2397.467173        0.213759
MDMin:  4232 05:51:37    -2397.466258        0.203605
MDMin:  4233 05:51:39    -2397.465333        0.193606
MDMin:  4234 05:51:41    -2397.464414        0.183811
MDMin:  4235 05:51:42    -2397.463526        0.174297
MDMin:  4236 05:51:44    -2397.462718        0.165382
MDMin:  4237 05:51:46    -2397.462143        0.290991
MDMin:  4238 05:51:48    -2397.461956        0.156546
MDMin:  4239 05:51:50    -2397.461763        0.154179
MDMin:  4240 05:51:51    -2397.461556        0.151543
MDMin:  4241 05:51:53    -2397.461343        0.148657
