       Step     Time          Energy          fmax
MDMin:    0 05:25:02    -2397.374031        0.149274
MDMin:    1 05:25:03    -2397.374030        0.149260
MDMin:    2 05:25:05    -2397.374028        0.149219
MDMin:    3 05:25:07    -2397.374024        0.149149
MDMin:    4 05:25:09    -2397.374019        0.149052
MDMin:    5 05:25:11    -2397.374013        0.148927
MDMin:    6 05:25:13    -2397.374005        0.148775
MDMin:    7 05:25:15    -2397.373996        0.148596
MDMin:    8 05:25:17    -2397.373986        0.148389
MDMin:    9 05:25:19    -2397.373974        0.148156
MDMin:   10 05:25:20    -2397.373961        0.147896
MDMin:   11 05:25:22    -2397.373948        0.147610
MDMin:   12 05:25:24    -2397.373933        0.147298
MDMin:   13 05:25:26    -2397.373917        0.146960
MDMin:   14 05:25:28    -2397.373900        0.146597
MDMin:   15 05:25:30    -2397.373883        0.146209
MDMin:   16 05:25:32    -2397.373865        0.145797
MDMin:   17 05:25:34    -2397.373847        0.145362
MDMin:   18 05:25:36    -2397.373828        0.144903
MDMin:   19 05:25:38    -2397.373808        0.144422
MDMin:   20 05:25:40    -2397.373789        0.143920
MDMin:   21 05:25:42    -2397.373770        0.143396
MDMin:   22 05:25:44    -2397.373751        0.142853
MDMin:   23 05:25:46    -2397.373732        0.142290
MDMin:   24 05:25:48    -2397.373713        0.141710
MDMin:   25 05:25:49    -2397.373695        0.141112
MDMin:   26 05:25:50    -2397.373678        0.140499
MDMin:   27 05:25:52    -2397.373662        0.139871
MDMin:   28 05:25:54    -2397.373647        0.139230
MDMin:   29 05:25:56    -2397.373633        0.138577
MDMin:   30 05:25:58    -2397.373620        0.137914
MDMin:   31 05:26:00    -2397.373610        0.137243
MDMin:   32 05:26:02    -2397.373601        0.136565
MDMin:   33 05:26:04    -2397.373594        0.135881
MDMin:   34 05:26:05    -2397.373589        0.135195
MDMin:   35 05:26:07    -2397.373586        0.134508
MDMin:   36 05:26:08    -2397.373586        0.133822
MDMin:   37 05:26:10    -2397.373589        0.133140
MDMin:   38 05:26:12    -2397.373595        0.132465
MDMin:   39 05:26:14    -2397.373603        0.131798
MDMin:   40 05:26:16    -2397.373615        0.131142
MDMin:   41 05:26:18    -2397.373630        0.130502
MDMin:   42 05:26:20    -2397.373649        0.129879
MDMin:   43 05:26:21    -2397.373672        0.129277
MDMin:   44 05:26:23    -2397.373698        0.128700
MDMin:   45 05:26:25    -2397.373729        0.128151
MDMin:   46 05:26:27    -2397.373763        0.127635
MDMin:   47 05:26:29    -2397.373802        0.127155
MDMin:   48 05:26:31    -2397.373845        0.126715
MDMin:   49 05:26:32    -2397.373893        0.126322
MDMin:   50 05:26:33    -2397.373946        0.125979
MDMin:   51 05:26:34    -2397.374003        0.125693
MDMin:   52 05:26:35    -2397.374065        0.125468
MDMin:   53 05:26:37    -2397.374132        0.125311
MDMin:   54 05:26:39    -2397.374204        0.125228
MDMin:   55 05:26:41    -2397.374281        0.125227
MDMin:   56 05:26:43    -2397.374363        0.125314
MDMin:   57 05:26:45    -2397.374450        0.125498
MDMin:   58 05:26:47    -2397.374543        0.125787
MDMin:   59 05:26:48    -2397.374640        0.126191
MDMin:   60 05:26:50    -2397.374743        0.126718
MDMin:   61 05:26:52    -2397.374850        0.127380
MDMin:   62 05:26:54    -2397.374963        0.128187
MDMin:   63 05:26:56    -2397.375081        0.129152
MDMin:   64 05:26:57    -2397.375204        0.130288
MDMin:   65 05:26:59    -2397.375331        0.131608
MDMin:   66 05:27:01    -2397.375464        0.133126
MDMin:   67 05:27:03    -2397.375601        0.134859
MDMin:   68 05:27:05    -2397.375743        0.136822
MDMin:   69 05:27:07    -2397.375889        0.139032
MDMin:   70 05:27:08    -2397.376039        0.141508
MDMin:   71 05:27:10    -2397.376194        0.144266
MDMin:   72 05:27:12    -2397.376352        0.147327
MDMin:   73 05:27:14    -2397.376515        0.150707
MDMin:   74 05:27:16    -2397.376680        0.154425
MDMin:   75 05:27:18    -2397.376849        0.158497
MDMin:   76 05:27:20    -2397.377021        0.162935
MDMin:   77 05:27:22    -2397.377196        0.167753
MDMin:   78 05:27:24    -2397.377373        0.172955
MDMin:   79 05:27:26    -2397.377552        0.178542
MDMin:   80 05:27:27    -2397.377733        0.184507
MDMin:   81 05:27:29    -2397.377915        0.190832
MDMin:   82 05:27:31    -2397.378099        0.197491
MDMin:   83 05:27:33    -2397.378283        0.204439
MDMin:   84 05:27:34    -2397.378468        0.211620
MDMin:   85 05:27:36    -2397.378654        0.218959
MDMin:   86 05:27:37    -2397.378839        0.226364
MDMin:   87 05:27:39    -2397.379024        0.233724
MDMin:   88 05:27:40    -2397.379209        0.240911
MDMin:   89 05:27:41    -2397.379393        0.247779
MDMin:   90 05:27:43    -2397.379577        0.254171
MDMin:   91 05:27:44    -2397.379759        0.259918
MDMin:   92 05:27:46    -2397.379941        0.264846
MDMin:   93 05:27:47    -2397.380123        0.268782
MDMin:   94 05:27:49    -2397.380303        0.271559
MDMin:   95 05:27:50    -2397.380483        0.273020
MDMin:   96 05:27:51    -2397.380662        0.273029
MDMin:   97 05:27:53    -2397.380841        0.271473
MDMin:   98 05:27:55    -2397.381020        0.268268
MDMin:   99 05:27:57    -2397.381198        0.263362
MDMin:  100 05:27:59    -2397.381377        0.265321
MDMin:  101 05:28:01    -2397.381556        0.270554
MDMin:  102 05:28:03    -2397.381736        0.275226
MDMin:  103 05:28:05    -2397.381916        0.279261
MDMin:  104 05:28:07    -2397.382097        0.282592
MDMin:  105 05:28:09    -2397.382280        0.285162
MDMin:  106 05:28:11    -2397.382464        0.286920
MDMin:  107 05:28:14    -2397.382650        0.287830
MDMin:  108 05:28:16    -2397.382837        0.287866
MDMin:  109 05:28:18    -2397.383027        0.290825
MDMin:  110 05:28:20    -2397.383219        0.292397
MDMin:  111 05:28:22    -2397.383414        0.292195
MDMin:  112 05:28:24    -2397.383611        0.290273
MDMin:  113 05:28:25    -2397.383812        0.286728
MDMin:  114 05:28:27    -2397.384015        0.281708
MDMin:  115 05:28:29    -2397.384220        0.275399
MDMin:  116 05:28:31    -2397.384429        0.268022
MDMin:  117 05:28:33    -2397.384640        0.259819
MDMin:  118 05:28:35    -2397.384853        0.251037
MDMin:  119 05:28:36    -2397.385069        0.241911
MDMin:  120 05:28:38    -2397.385289        0.232645
MDMin:  121 05:28:40    -2397.385511        0.223635
MDMin:  122 05:28:41    -2397.385739        0.218122
MDMin:  123 05:28:43    -2397.385972        0.218893
MDMin:  124 05:28:44    -2397.386213        0.217674
MDMin:  125 05:28:46    -2397.386460        0.214454
MDMin:  126 05:28:48    -2397.386716        0.209461
MDMin:  127 05:28:50    -2397.386980        0.203061
MDMin:  128 05:28:52    -2397.387251        0.195670
MDMin:  129 05:28:54    -2397.387518        0.187886
MDMin:  130 05:28:56    -2397.387742        0.204587
MDMin:  131 05:28:57    -2397.387870        0.177225
MDMin:  132 05:28:59    -2397.387971        0.174151
MDMin:  133 05:29:00    -2397.388073        0.171017
MDMin:  134 05:29:01    -2397.388179        0.167784
MDMin:  135 05:29:03    -2397.388288        0.164454
MDMin:  136 05:29:05    -2397.388401        0.161033
MDMin:  137 05:29:07    -2397.388518        0.157526
MDMin:  138 05:29:09    -2397.388638        0.153939
MDMin:  139 05:29:11    -2397.388762        0.150278
MDMin:  140 05:29:13    -2397.388890        0.146551
MDMin:  141 05:29:15    -2397.389021        0.142766
MDMin:  142 05:29:17    -2397.389157        0.138931
MDMin:  143 05:29:18    -2397.389296        0.135054
MDMin:  144 05:29:20    -2397.389440        0.131145
MDMin:  145 05:29:21    -2397.389587        0.127213
MDMin:  146 05:29:22    -2397.389739        0.123827
MDMin:  147 05:29:23    -2397.389895        0.121296
MDMin:  148 05:29:25    -2397.390055        0.118744
MDMin:  149 05:29:26    -2397.390219        0.116174
MDMin:  150 05:29:27    -2397.390388        0.113587
MDMin:  151 05:29:28    -2397.390562        0.110986
MDMin:  152 05:29:30    -2397.390739        0.108374
MDMin:  153 05:29:31    -2397.390922        0.106728
MDMin:  154 05:29:32    -2397.391109        0.105181
MDMin:  155 05:29:34    -2397.391300        0.103659
MDMin:  156 05:29:35    -2397.391497        0.102157
MDMin:  157 05:29:37    -2397.391698        0.100669
MDMin:  158 05:29:38    -2397.391904        0.099188
MDMin:  159 05:29:40    -2397.392115        0.097710
MDMin:  160 05:29:41    -2397.392331        0.096226
MDMin:  161 05:29:42    -2397.392552        0.094732
MDMin:  162 05:29:44    -2397.392778        0.093221
MDMin:  163 05:29:45    -2397.393009        0.091686
MDMin:  164 05:29:47    -2397.393245        0.090122
MDMin:  165 05:29:48    -2397.393487        0.088525
MDMin:  166 05:29:50    -2397.393734        0.086889
MDMin:  167 05:29:52    -2397.393987        0.085211
MDMin:  168 05:29:54    -2397.394245        0.083489
MDMin:  169 05:29:56    -2397.394509        0.081721
MDMin:  170 05:29:57    -2397.394779        0.079906
MDMin:  171 05:29:59    -2397.395054        0.078562
MDMin:  172 05:30:01    -2397.395336        0.077793
MDMin:  173 05:30:03    -2397.395623        0.077547
MDMin:  174 05:30:05    -2397.395916        0.077761
MDMin:  175 05:30:07    -2397.396216        0.077975
MDMin:  176 05:30:09    -2397.396522        0.078190
MDMin:  177 05:30:11    -2397.396835        0.078405
MDMin:  178 05:30:13    -2397.397154        0.078620
MDMin:  179 05:30:15    -2397.397480        0.078833
MDMin:  180 05:30:16    -2397.397812        0.079045
MDMin:  181 05:30:19    -2397.398152        0.079255
MDMin:  182 05:30:21    -2397.398498        0.079462
MDMin:  183 05:30:23    -2397.398851        0.079666
MDMin:  184 05:30:24    -2397.399209        0.079864
MDMin:  185 05:30:26    -2397.399563        0.080053
MDMin:  186 05:30:28    -2397.399871        0.135914
MDMin:  187 05:30:29    -2397.400048        0.088855
MDMin:  188 05:30:31    -2397.400167        0.080365
MDMin:  189 05:30:32    -2397.400288        0.080422
MDMin:  190 05:30:34    -2397.400412        0.080479
MDMin:  191 05:30:36    -2397.400540        0.080537
MDMin:  192 05:30:38    -2397.400671        0.080594
MDMin:  193 05:30:40    -2397.400806        0.080652
MDMin:  194 05:30:42    -2397.400944        0.080710
MDMin:  195 05:30:44    -2397.401086        0.080768
MDMin:  196 05:30:47    -2397.401232        0.080826
MDMin:  197 05:30:49    -2397.401381        0.080884
MDMin:  198 05:30:51    -2397.401535        0.080942
MDMin:  199 05:30:53    -2397.401691        0.080999
MDMin:  200 05:30:55    -2397.401852        0.081056
MDMin:  201 05:30:57    -2397.402017        0.081113
MDMin:  202 05:30:59    -2397.402185        0.081168
MDMin:  203 05:31:01    -2397.402357        0.081223
MDMin:  204 05:31:03    -2397.402534        0.081277
MDMin:  205 05:31:05    -2397.402714        0.081330
MDMin:  206 05:31:07    -2397.402898        0.081382
MDMin:  207 05:31:09    -2397.403086        0.081664
MDMin:  208 05:31:11    -2397.403279        0.081969
MDMin:  209 05:31:13    -2397.403476        0.082279
MDMin:  210 05:31:15    -2397.403677        0.082594
MDMin:  211 05:31:17    -2397.403882        0.082915
MDMin:  212 05:31:19    -2397.404091        0.083241
MDMin:  213 05:31:21    -2397.404305        0.083572
MDMin:  214 05:31:23    -2397.404523        0.083907
MDMin:  215 05:31:25    -2397.404746        0.084248
MDMin:  216 05:31:27    -2397.404973        0.084593
MDMin:  217 05:31:29    -2397.405205        0.084942
MDMin:  218 05:31:30    -2397.405441        0.085295
MDMin:  219 05:31:31    -2397.405682        0.085652
MDMin:  220 05:31:33    -2397.405927        0.086012
MDMin:  221 05:31:35    -2397.406178        0.086375
MDMin:  222 05:31:36    -2397.406433        0.086741
MDMin:  223 05:31:37    -2397.406693        0.087109
MDMin:  224 05:31:39    -2397.406958        0.087480
MDMin:  225 05:31:40    -2397.407228        0.087852
MDMin:  226 05:31:42    -2397.407503        0.088226
MDMin:  227 05:31:44    -2397.407783        0.088601
MDMin:  228 05:31:46    -2397.408068        0.088976
MDMin:  229 05:31:47    -2397.408358        0.089352
MDMin:  230 05:31:48    -2397.408654        0.089727
MDMin:  231 05:31:50    -2397.408954        0.090102
MDMin:  232 05:31:52    -2397.409261        0.090476
MDMin:  233 05:31:53    -2397.409572        0.090849
MDMin:  234 05:31:54    -2397.409889        0.091220
MDMin:  235 05:31:55    -2397.410212        0.091589
MDMin:  236 05:31:57    -2397.410540        0.091956
MDMin:  237 05:31:59    -2397.410874        0.092319
MDMin:  238 05:32:01    -2397.411213        0.092680
MDMin:  239 05:32:03    -2397.411558        0.093036
MDMin:  240 05:32:04    -2397.411909        0.093389
MDMin:  241 05:32:06    -2397.412266        0.093737
MDMin:  242 05:32:08    -2397.412628        0.094080
MDMin:  243 05:32:10    -2397.412997        0.094418
MDMin:  244 05:32:12    -2397.413372        0.094750
MDMin:  245 05:32:14    -2397.413752        0.095076
MDMin:  246 05:32:16    -2397.414139        0.095394
MDMin:  247 05:32:18    -2397.414531        0.095706
MDMin:  248 05:32:19    -2397.414930        0.096009
MDMin:  249 05:32:21    -2397.415335        0.096303
MDMin:  250 05:32:22    -2397.415745        0.096588
MDMin:  251 05:32:24    -2397.416162        0.096864
MDMin:  252 05:32:26    -2397.416585        0.097129
MDMin:  253 05:32:28    -2397.417014        0.097384
MDMin:  254 05:32:29    -2397.417448        0.097627
MDMin:  255 05:32:31    -2397.417888        0.097858
MDMin:  256 05:32:32    -2397.418334        0.098076
MDMin:  257 05:32:34    -2397.418784        0.098282
MDMin:  258 05:32:36    -2397.419240        0.098474
MDMin:  259 05:32:38    -2397.419701        0.098652
MDMin:  260 05:32:40    -2397.420165        0.098815
MDMin:  261 05:32:42    -2397.420633        0.098963
MDMin:  262 05:32:44    -2397.421104        0.099095
MDMin:  263 05:32:46    -2397.421578        0.099212
MDMin:  264 05:32:48    -2397.422052        0.099314
MDMin:  265 05:32:49    -2397.422527        0.106416
MDMin:  266 05:32:51    -2397.422999        0.113950
MDMin:  267 05:32:53    -2397.423466        0.121065
MDMin:  268 05:32:54    -2397.423920        0.127154
MDMin:  269 05:32:55    -2397.424348        0.131647
MDMin:  270 05:32:57    -2397.424723        0.134588
MDMin:  271 05:32:59    -2397.425041        0.139096
MDMin:  272 05:33:01    -2397.425322        0.142382
MDMin:  273 05:33:03    -2397.425593        0.144846
MDMin:  274 05:33:05    -2397.425863        0.146568
MDMin:  275 05:33:07    -2397.426138        0.147570
MDMin:  276 05:33:09    -2397.426417        0.147890
MDMin:  277 05:33:11    -2397.426702        0.147606
MDMin:  278 05:33:13    -2397.426991        0.146835
MDMin:  279 05:33:15    -2397.427287        0.145710
MDMin:  280 05:33:17    -2397.427588        0.144362
MDMin:  281 05:33:19    -2397.427895        0.142905
MDMin:  282 05:33:21    -2397.428208        0.141421
MDMin:  283 05:33:23    -2397.428527        0.139965
MDMin:  284 05:33:25    -2397.428852        0.138560
MDMin:  285 05:33:27    -2397.429183        0.137214
MDMin:  286 05:33:29    -2397.429520        0.135916
MDMin:  287 05:33:31    -2397.429862        0.134651
MDMin:  288 05:33:33    -2397.430211        0.133399
MDMin:  289 05:33:34    -2397.430566        0.132143
MDMin:  290 05:33:36    -2397.430927        0.130864
MDMin:  291 05:33:38    -2397.431293        0.129550
MDMin:  292 05:33:39    -2397.431666        0.128192
MDMin:  293 05:33:41    -2397.432045        0.126781
MDMin:  294 05:33:43    -2397.432430        0.125316
MDMin:  295 05:33:45    -2397.432821        0.123794
MDMin:  296 05:33:47    -2397.433218        0.122216
MDMin:  297 05:33:49    -2397.433621        0.120586
MDMin:  298 05:33:51    -2397.434031        0.118908
MDMin:  299 05:33:53    -2397.434447        0.117187
MDMin:  300 05:33:54    -2397.434870        0.115429
MDMin:  301 05:33:55    -2397.435299        0.113641
MDMin:  302 05:33:57    -2397.435734        0.111830
MDMin:  303 05:33:59    -2397.436176        0.110004
MDMin:  304 05:34:00    -2397.436624        0.108170
MDMin:  305 05:34:02    -2397.437080        0.106335
MDMin:  306 05:34:04    -2397.437542        0.104507
MDMin:  307 05:34:06    -2397.438010        0.102693
MDMin:  308 05:34:08    -2397.438486        0.100898
MDMin:  309 05:34:10    -2397.438968        0.099126
MDMin:  310 05:34:12    -2397.439457        0.097384
MDMin:  311 05:34:14    -2397.439953        0.095676
MDMin:  312 05:34:16    -2397.440455        0.095798
MDMin:  313 05:34:18    -2397.440965        0.095951
MDMin:  314 05:34:20    -2397.441481        0.096052
MDMin:  315 05:34:21    -2397.442003        0.096101
MDMin:  316 05:34:23    -2397.442532        0.096098
MDMin:  317 05:34:24    -2397.443066        0.096045
MDMin:  318 05:34:25    -2397.443604        0.095943
MDMin:  319 05:34:27    -2397.444144        0.095796
MDMin:  320 05:34:29    -2397.444674        0.095611
MDMin:  321 05:34:31    -2397.445178        0.102953
MDMin:  322 05:34:33    -2397.445619        0.099380
MDMin:  323 05:34:35    -2397.445988        0.100988
MDMin:  324 05:34:37    -2397.446309        0.102393
MDMin:  325 05:34:39    -2397.446620        0.103757
MDMin:  326 05:34:41    -2397.446931        0.105124
MDMin:  327 05:34:42    -2397.447247        0.106516
MDMin:  328 05:34:45    -2397.447568        0.107931
MDMin:  329 05:34:46    -2397.447894        0.109371
MDMin:  330 05:34:49    -2397.448225        0.110835
MDMin:  331 05:34:51    -2397.448561        0.112321
MDMin:  332 05:34:52    -2397.448903        0.113828
MDMin:  333 05:34:54    -2397.449249        0.115352
MDMin:  334 05:34:56    -2397.449601        0.116892
MDMin:  335 05:34:58    -2397.449957        0.118444
MDMin:  336 05:35:00    -2397.450319        0.120005
MDMin:  337 05:35:02    -2397.450685        0.121571
MDMin:  338 05:35:04    -2397.451056        0.123136
MDMin:  339 05:35:06    -2397.451432        0.124695
MDMin:  340 05:35:08    -2397.451812        0.126241
MDMin:  341 05:35:09    -2397.452197        0.127769
MDMin:  342 05:35:11    -2397.452586        0.129269
MDMin:  343 05:35:13    -2397.452979        0.130734
MDMin:  344 05:35:15    -2397.453376        0.132152
MDMin:  345 05:35:17    -2397.453778        0.133515
MDMin:  346 05:35:19    -2397.454183        0.134811
MDMin:  347 05:35:21    -2397.454592        0.136026
MDMin:  348 05:35:23    -2397.455005        0.137148
MDMin:  349 05:35:25    -2397.455422        0.138164
MDMin:  350 05:35:26    -2397.455842        0.139058
MDMin:  351 05:35:29    -2397.456265        0.139816
MDMin:  352 05:35:31    -2397.456692        0.140422
MDMin:  353 05:35:33    -2397.457122        0.140861
MDMin:  354 05:35:34    -2397.457556        0.141119
MDMin:  355 05:35:36    -2397.457992        0.141179
MDMin:  356 05:35:37    -2397.458431        0.141029
MDMin:  357 05:35:39    -2397.458873        0.140655
MDMin:  358 05:35:40    -2397.459317        0.140048
MDMin:  359 05:35:41    -2397.459764        0.139197
MDMin:  360 05:35:42    -2397.460214        0.138096
MDMin:  361 05:35:44    -2397.460666        0.136741
MDMin:  362 05:35:46    -2397.461120        0.135130
MDMin:  363 05:35:48    -2397.461576        0.133266
MDMin:  364 05:35:50    -2397.462035        0.131154
MDMin:  365 05:35:52    -2397.462495        0.128803
MDMin:  366 05:35:54    -2397.462956        0.126226
MDMin:  367 05:35:56    -2397.463419        0.123441
MDMin:  368 05:35:58    -2397.463881        0.120476
MDMin:  369 05:36:00    -2397.464339        0.117374
MDMin:  370 05:36:02    -2397.464784        0.114240
MDMin:  371 05:36:04    -2397.465190        0.111288
MDMin:  372 05:36:06    -2397.465517        0.108867
MDMin:  373 05:36:08    -2397.465766        0.106998
MDMin:  374 05:36:10    -2397.465989        0.105317
MDMin:  375 05:36:12    -2397.466210        0.103640
MDMin:  376 05:36:14    -2397.466433        0.101937
MDMin:  377 05:36:16    -2397.466660        0.100203
MDMin:  378 05:36:18    -2397.466889        0.098441
MDMin:  379 05:36:20    -2397.467122        0.096653
MDMin:  380 05:36:21    -2397.467358        0.096405
MDMin:  381 05:36:23    -2397.467596        0.096204
MDMin:  382 05:36:25    -2397.467838        0.095985
MDMin:  383 05:36:27    -2397.468082        0.095748
MDMin:  384 05:36:29    -2397.468329        0.095490
MDMin:  385 05:36:31    -2397.468579        0.095212
MDMin:  386 05:36:33    -2397.468831        0.094912
MDMin:  387 05:36:35    -2397.469085        0.094591
MDMin:  388 05:36:37    -2397.469342        0.094248
MDMin:  389 05:36:39    -2397.469602        0.093881
MDMin:  390 05:36:41    -2397.469863        0.093492
MDMin:  391 05:36:42    -2397.470127        0.093079
MDMin:  392 05:36:44    -2397.470393        0.092642
MDMin:  393 05:36:46    -2397.470661        0.092181
MDMin:  394 05:36:48    -2397.470931        0.091696
MDMin:  395 05:36:50    -2397.471203        0.091188
MDMin:  396 05:36:51    -2397.471478        0.090657
MDMin:  397 05:36:53    -2397.471754        0.090102
MDMin:  398 05:36:55    -2397.472032        0.089524
MDMin:  399 05:36:57    -2397.472312        0.089221
MDMin:  400 05:36:59    -2397.472594        0.089279
MDMin:  401 05:37:01    -2397.472879        0.089338
MDMin:  402 05:37:03    -2397.473165        0.089396
MDMin:  403 05:37:05    -2397.473454        0.089455
MDMin:  404 05:37:07    -2397.473745        0.089514
MDMin:  405 05:37:09    -2397.474038        0.089574
MDMin:  406 05:37:10    -2397.474334        0.089634
MDMin:  407 05:37:11    -2397.474633        0.089694
MDMin:  408 05:37:12    -2397.474935        0.089755
MDMin:  409 05:37:14    -2397.475239        0.089816
MDMin:  410 05:37:16    -2397.475547        0.089878
MDMin:  411 05:37:18    -2397.475859        0.089941
MDMin:  412 05:37:19    -2397.476173        0.090004
MDMin:  413 05:37:21    -2397.476492        0.090068
MDMin:  414 05:37:23    -2397.476815        0.090132
MDMin:  415 05:37:25    -2397.477143        0.090197
MDMin:  416 05:37:27    -2397.477474        0.090262
MDMin:  417 05:37:29    -2397.477808        0.090327
MDMin:  418 05:37:31    -2397.478142        0.090391
MDMin:  419 05:37:33    -2397.478462        0.090452
MDMin:  420 05:37:35    -2397.478741        0.108124
MDMin:  421 05:37:37    -2397.478954        0.090538
MDMin:  422 05:37:39    -2397.479129        0.090567
MDMin:  423 05:37:40    -2397.479299        0.090594
MDMin:  424 05:37:41    -2397.479472        0.090622
MDMin:  425 05:37:42    -2397.479648        0.090650
MDMin:  426 05:37:43    -2397.479829        0.090679
MDMin:  427 05:37:45    -2397.480014        0.090707
MDMin:  428 05:37:47    -2397.480203        0.090736
MDMin:  429 05:37:49    -2397.480396        0.090766
MDMin:  430 05:37:51    -2397.480594        0.090953
MDMin:  431 05:37:53    -2397.480796        0.091203
MDMin:  432 05:37:55    -2397.481003        0.091455
MDMin:  433 05:37:57    -2397.481215        0.091708
MDMin:  434 05:37:59    -2397.481431        0.091962
MDMin:  435 05:38:01    -2397.481652        0.092217
MDMin:  436 05:38:03    -2397.481877        0.092472
MDMin:  437 05:38:04    -2397.482108        0.092727
MDMin:  438 05:38:06    -2397.482343        0.092981
MDMin:  439 05:38:08    -2397.482584        0.093234
MDMin:  440 05:38:09    -2397.482829        0.093485
MDMin:  441 05:38:11    -2397.483080        0.093734
MDMin:  442 05:38:12    -2397.483335        0.093980
MDMin:  443 05:38:14    -2397.483596        0.094222
MDMin:  444 05:38:15    -2397.483862        0.094460
MDMin:  445 05:38:17    -2397.484133        0.094693
MDMin:  446 05:38:18    -2397.484409        0.094921
MDMin:  447 05:38:20    -2397.484691        0.095143
MDMin:  448 05:38:21    -2397.484978        0.095357
MDMin:  449 05:38:23    -2397.485270        0.095565
MDMin:  450 05:38:24    -2397.485568        0.095764
MDMin:  451 05:38:25    -2397.485871        0.095954
MDMin:  452 05:38:26    -2397.486179        0.096134
MDMin:  453 05:38:28    -2397.486492        0.096304
MDMin:  454 05:38:29    -2397.486791        0.351024
MDMin:  455 05:38:30    -2397.486887        0.335403
MDMin:  456 05:38:31    -2397.486989        0.318950
MDMin:  457 05:38:32    -2397.487096        0.302122
MDMin:  458 05:38:34    -2397.487210        0.285247
MDMin:  459 05:38:35    -2397.487302        0.268550
MDMin:  460 05:38:36    -2397.487320        0.254145
MDMin:  461 05:38:38    -2397.487339        0.239786
MDMin:  462 05:38:40    -2397.487359        0.225558
MDMin:  463 05:38:42    -2397.487380        0.211541
MDMin:  464 05:38:43    -2397.487402        0.197802
MDMin:  465 05:38:45    -2397.487425        0.184407
MDMin:  466 05:38:47    -2397.487449        0.171411
MDMin:  467 05:38:49    -2397.487473        0.158864
MDMin:  468 05:38:50    -2397.487499        0.146809
MDMin:  469 05:38:52    -2397.487526        0.135282
MDMin:  470 05:38:54    -2397.487554        0.124309
MDMin:  471 05:38:56    -2397.487583        0.113911
MDMin:  472 05:38:58    -2397.487613        0.104098
MDMin:  473 05:39:00    -2397.487643        0.096766
MDMin:  474 05:39:02    -2397.487675        0.095986
MDMin:  475 05:39:04    -2397.487707        0.095075
MDMin:  476 05:39:06    -2397.487740        0.094061
MDMin:  477 05:39:08    -2397.487774        0.092970
MDMin:  478 05:39:10    -2397.487808        0.091826
MDMin:  479 05:39:12    -2397.487842        0.090653
MDMin:  480 05:39:14    -2397.487878        0.089471
MDMin:  481 05:39:16    -2397.487913        0.088298
MDMin:  482 05:39:18    -2397.487949        0.087149
MDMin:  483 05:39:20    -2397.487986        0.086036
MDMin:  484 05:39:22    -2397.488023        0.084968
MDMin:  485 05:39:24    -2397.488059        0.083952
MDMin:  486 05:39:26    -2397.488097        0.082992
MDMin:  487 05:39:28    -2397.488134        0.082092
MDMin:  488 05:39:30    -2397.488172        0.081252
MDMin:  489 05:39:32    -2397.488209        0.080473
MDMin:  490 05:39:34    -2397.488247        0.080697
MDMin:  491 05:39:36    -2397.488285        0.081063
MDMin:  492 05:39:38    -2397.488322        0.081415
MDMin:  493 05:39:39    -2397.488360        0.081753
MDMin:  494 05:39:41    -2397.488398        0.082074
MDMin:  495 05:39:44    -2397.488436        0.082378
MDMin:  496 05:39:46    -2397.488473        0.082663
MDMin:  497 05:39:48    -2397.488511        0.082928
MDMin:  498 05:39:50    -2397.488548        0.083173
MDMin:  499 05:39:52    -2397.488586        0.083394
MDMin:  500 05:39:54    -2397.488623        0.083593
MDMin:  501 05:39:55    -2397.488660        0.083766
MDMin:  502 05:39:58    -2397.488697        0.083913
MDMin:  503 05:40:00    -2397.488734        0.084160
MDMin:  504 05:40:02    -2397.488770        0.084605
MDMin:  505 05:40:04    -2397.488807        0.085021
MDMin:  506 05:40:06    -2397.488843        0.085408
MDMin:  507 05:40:08    -2397.488879        0.085768
MDMin:  508 05:40:11    -2397.488915        0.086101
MDMin:  509 05:40:13    -2397.488951        0.086407
MDMin:  510 05:40:15    -2397.488986        0.086819
MDMin:  511 05:40:16    -2397.489021        0.087418
MDMin:  512 05:40:18    -2397.489056        0.088007
MDMin:  513 05:40:19    -2397.489091        0.088593
MDMin:  514 05:40:20    -2397.489125        0.089162
MDMin:  515 05:40:21    -2397.489160        0.089731
MDMin:  516 05:40:23    -2397.489194        0.090272
MDMin:  517 05:40:24    -2397.489228        0.090823
MDMin:  518 05:40:25    -2397.489261        0.091324
MDMin:  519 05:40:26    -2397.489294        0.091866
MDMin:  520 05:40:28    -2397.489327        0.092300
MDMin:  521 05:40:30    -2397.489360        0.092865
MDMin:  522 05:40:32    -2397.489393        0.093176
MDMin:  523 05:40:34    -2397.489425        0.093861
MDMin:  524 05:40:36    -2397.489457        0.093917
MDMin:  525 05:40:38    -2397.489489        0.095067
MDMin:  526 05:40:39    -2397.489520        0.094661
MDMin:  527 05:40:41    -2397.489550        0.097448
MDMin:  528 05:40:43    -2397.489577        0.126710
MDMin:  529 05:40:44    -2397.489596        0.097860
MDMin:  530 05:40:46    -2397.489610        0.096793
MDMin:  531 05:40:47    -2397.489622        0.097224
MDMin:  532 05:40:49    -2397.489635        0.097586
MDMin:  533 05:40:51    -2397.489648        0.097967
MDMin:  534 05:40:53    -2397.489661        0.098342
MDMin:  535 05:40:55    -2397.489674        0.098719
MDMin:  536 05:40:57    -2397.489687        0.099093
MDMin:  537 05:40:59    -2397.489700        0.099466
MDMin:  538 05:41:01    -2397.489714        0.099836
MDMin:  539 05:41:03    -2397.489727        0.100203
MDMin:  540 05:41:04    -2397.489741        0.100565
MDMin:  541 05:41:06    -2397.489755        0.100924
MDMin:  542 05:41:08    -2397.489769        0.101277
MDMin:  543 05:41:10    -2397.489783        0.101623
MDMin:  544 05:41:12    -2397.489798        0.101964
MDMin:  545 05:41:14    -2397.489812        0.102296
MDMin:  546 05:41:16    -2397.489827        0.102620
MDMin:  547 05:41:18    -2397.489841        0.102936
MDMin:  548 05:41:20    -2397.489856        0.103241
MDMin:  549 05:41:22    -2397.489871        0.103536
MDMin:  550 05:41:24    -2397.489886        0.103820
MDMin:  551 05:41:26    -2397.489901        0.104091
MDMin:  552 05:41:28    -2397.489917        0.104350
MDMin:  553 05:41:30    -2397.489932        0.104595
MDMin:  554 05:41:32    -2397.489947        0.104826
MDMin:  555 05:41:34    -2397.489963        0.105042
MDMin:  556 05:41:36    -2397.489978        0.105242
MDMin:  557 05:41:38    -2397.489994        0.105425
MDMin:  558 05:41:40    -2397.490010        0.105592
MDMin:  559 05:41:42    -2397.490025        0.105740
MDMin:  560 05:41:43    -2397.490041        0.105870
MDMin:  561 05:41:45    -2397.490057        0.105980
MDMin:  562 05:41:47    -2397.490073        0.106071
MDMin:  563 05:41:49    -2397.490089        0.106142
MDMin:  564 05:41:51    -2397.490105        0.106191
MDMin:  565 05:41:53    -2397.490121        0.106220
MDMin:  566 05:41:55    -2397.490138        0.106226
MDMin:  567 05:41:57    -2397.490154        0.106211
MDMin:  568 05:41:58    -2397.490170        0.106172
MDMin:  569 05:42:00    -2397.490186        0.106111
MDMin:  570 05:42:02    -2397.490203        0.106027
MDMin:  571 05:42:03    -2397.490219        0.105919
MDMin:  572 05:42:05    -2397.490236        0.105788
MDMin:  573 05:42:07    -2397.490252        0.105633
MDMin:  574 05:42:10    -2397.490269        0.105455
MDMin:  575 05:42:11    -2397.490285        0.105253
MDMin:  576 05:42:12    -2397.490302        0.105027
MDMin:  577 05:42:14    -2397.490318        0.104778
MDMin:  578 05:42:16    -2397.490335        0.104505
MDMin:  579 05:42:19    -2397.490351        0.104210
MDMin:  580 05:42:21    -2397.490368        0.103892
MDMin:  581 05:42:23    -2397.490385        0.103551
MDMin:  582 05:42:24    -2397.490401        0.103188
MDMin:  583 05:42:26    -2397.490418        0.102805
MDMin:  584 05:42:28    -2397.490434        0.102400
MDMin:  585 05:42:29    -2397.490451        0.101976
MDMin:  586 05:42:31    -2397.490468        0.101529
MDMin:  587 05:42:33    -2397.490484        0.101070
MDMin:  588 05:42:34    -2397.490501        0.100581
MDMin:  589 05:42:36    -2397.490517        0.100096
MDMin:  590 05:42:38    -2397.490534        0.099554
MDMin:  591 05:42:39    -2397.490550        0.099076
MDMin:  592 05:42:41    -2397.490567        0.098426
MDMin:  593 05:42:43    -2397.490583        0.098081
MDMin:  594 05:42:45    -2397.490600        0.097088
MDMin:  595 05:42:47    -2397.490615        0.097400
MDMin:  596 05:42:49    -2397.490629        0.095410
MDMin:  597 05:42:50    -2397.490639        0.096788
MDMin:  598 05:42:53    -2397.490645        0.095569
MDMin:  599 05:42:54    -2397.490651        0.095515
MDMin:  600 05:42:55    -2397.490657        0.095264
MDMin:  601 05:42:57    -2397.490663        0.095038
MDMin:  602 05:42:59    -2397.490669        0.094801
MDMin:  603 05:43:00    -2397.490676        0.094559
MDMin:  604 05:43:02    -2397.490682        0.094312
MDMin:  605 05:43:04    -2397.490688        0.094060
MDMin:  606 05:43:06    -2397.490695        0.093803
MDMin:  607 05:43:08    -2397.490702        0.093541
MDMin:  608 05:43:09    -2397.490709        0.093274
MDMin:  609 05:43:11    -2397.490715        0.093002
MDMin:  610 05:43:13    -2397.490722        0.092725
MDMin:  611 05:43:15    -2397.490729        0.092443
MDMin:  612 05:43:17    -2397.490737        0.092157
MDMin:  613 05:43:18    -2397.490744        0.091866
MDMin:  614 05:43:19    -2397.490751        0.091750
MDMin:  615 05:43:20    -2397.490759        0.091754
MDMin:  616 05:43:21    -2397.490766        0.091757
MDMin:  617 05:43:23    -2397.490774        0.091760
MDMin:  618 05:43:24    -2397.490781        0.091762
MDMin:  619 05:43:25    -2397.490789        0.091764
MDMin:  620 05:43:27    -2397.490797        0.091765
MDMin:  621 05:43:29    -2397.490804        0.091765
MDMin:  622 05:43:31    -2397.490812        0.091765
MDMin:  623 05:43:33    -2397.490820        0.091764
MDMin:  624 05:43:35    -2397.490828        0.091763
MDMin:  625 05:43:37    -2397.490836        0.091762
MDMin:  626 05:43:39    -2397.490844        0.091760
MDMin:  627 05:43:41    -2397.490853        0.091757
MDMin:  628 05:43:43    -2397.490861        0.091755
MDMin:  629 05:43:45    -2397.490869        0.091752
MDMin:  630 05:43:47    -2397.490877        0.091749
MDMin:  631 05:43:49    -2397.490886        0.091745
MDMin:  632 05:43:51    -2397.490894        0.091742
MDMin:  633 05:43:54    -2397.490903        0.091738
MDMin:  634 05:43:56    -2397.490911        0.091734
MDMin:  635 05:43:58    -2397.490920        0.091730
MDMin:  636 05:43:59    -2397.490928        0.091726
MDMin:  637 05:44:00    -2397.490937        0.091723
MDMin:  638 05:44:02    -2397.490945        0.091719
MDMin:  639 05:44:03    -2397.490954        0.091716
MDMin:  640 05:44:04    -2397.490963        0.091712
MDMin:  641 05:44:05    -2397.490972        0.091709
MDMin:  642 05:44:06    -2397.490980        0.091706
MDMin:  643 05:44:08    -2397.490989        0.091704
MDMin:  644 05:44:10    -2397.490998        0.091701
MDMin:  645 05:44:12    -2397.491006        0.091699
MDMin:  646 05:44:14    -2397.491015        0.091698
MDMin:  647 05:44:15    -2397.491024        0.091696
MDMin:  648 05:44:17    -2397.491033        0.091695
MDMin:  649 05:44:19    -2397.491042        0.091694
MDMin:  650 05:44:21    -2397.491050        0.091694
MDMin:  651 05:44:23    -2397.491059        0.091694
MDMin:  652 05:44:24    -2397.491068        0.091693
MDMin:  653 05:44:27    -2397.491077        0.091693
MDMin:  654 05:44:28    -2397.491085        0.091692
MDMin:  655 05:44:30    -2397.491094        0.091690
MDMin:  656 05:44:32    -2397.491103        0.091687
MDMin:  657 05:44:34    -2397.491111        0.091682
MDMin:  658 05:44:36    -2397.491120        0.091675
MDMin:  659 05:44:38    -2397.491129        0.091667
MDMin:  660 05:44:40    -2397.491137        0.091654
MDMin:  661 05:44:42    -2397.491146        0.091643
MDMin:  662 05:44:44    -2397.491155        0.091622
MDMin:  663 05:44:46    -2397.491163        0.091607
MDMin:  664 05:44:48    -2397.491172        0.091572
MDMin:  665 05:44:50    -2397.491180        0.091563
MDMin:  666 05:44:51    -2397.491188        0.091498
MDMin:  667 05:44:53    -2397.491194        0.105369
MDMin:  668 05:44:55    -2397.491198        0.091464
MDMin:  669 05:44:57    -2397.491200        0.091453
MDMin:  670 05:44:59    -2397.491203        0.091435
MDMin:  671 05:45:01    -2397.491206        0.091417
MDMin:  672 05:45:03    -2397.491209        0.091398
MDMin:  673 05:45:05    -2397.491212        0.091378
MDMin:  674 05:45:07    -2397.491215        0.091357
MDMin:  675 05:45:09    -2397.491213        0.091335
MDMin:  676 05:45:10    -2397.491205        0.091313
MDMin:  677 05:45:11    -2397.491196        0.091290
MDMin:  678 05:45:13    -2397.491187        0.091265
MDMin:  679 05:45:15    -2397.491179        0.091239
MDMin:  680 05:45:16    -2397.491170        0.091211
MDMin:  681 05:45:18    -2397.491161        0.091181
MDMin:  682 05:45:20    -2397.491152        0.091150
MDMin:  683 05:45:22    -2397.491144        0.091117
MDMin:  684 05:45:24    -2397.491135        0.091082
MDMin:  685 05:45:26    -2397.491126        0.091044
MDMin:  686 05:45:28    -2397.491118        0.091004
MDMin:  687 05:45:30    -2397.491109        0.090962
MDMin:  688 05:45:32    -2397.491101        0.090916
MDMin:  689 05:45:34    -2397.491092        0.090868
MDMin:  690 05:45:36    -2397.491084        0.090817
MDMin:  691 05:45:38    -2397.491075        0.090762
MDMin:  692 05:45:40    -2397.491067        0.090704
MDMin:  693 05:45:42    -2397.491059        0.090642
MDMin:  694 05:45:44    -2397.491051        0.090576
MDMin:  695 05:45:46    -2397.491043        0.090505
MDMin:  696 05:45:48    -2397.491035        0.090430
MDMin:  697 05:45:50    -2397.491027        0.090351
MDMin:  698 05:45:52    -2397.491020        0.090266
MDMin:  699 05:45:53    -2397.491012        0.090175
MDMin:  700 05:45:55    -2397.491005        0.090079
MDMin:  701 05:45:57    -2397.490997        0.089977
MDMin:  702 05:45:59    -2397.490990        0.089868
MDMin:  703 05:46:01    -2397.490983        0.089752
MDMin:  704 05:46:03    -2397.490976        0.089629
MDMin:  705 05:46:05    -2397.490969        0.089499
MDMin:  706 05:46:07    -2397.490962        0.089360
MDMin:  707 05:46:09    -2397.490955        0.089213
MDMin:  708 05:46:11    -2397.490949        0.089058
MDMin:  709 05:46:13    -2397.490942        0.088893
MDMin:  710 05:46:15    -2397.490936        0.088718
MDMin:  711 05:46:17    -2397.490930        0.088532
MDMin:  712 05:46:19    -2397.490924        0.088336
MDMin:  713 05:46:21    -2397.490918        0.088388
MDMin:  714 05:46:22    -2397.490912        0.088532
MDMin:  715 05:46:23    -2397.490906        0.088674
MDMin:  716 05:46:25    -2397.490900        0.088812
MDMin:  717 05:46:26    -2397.490895        0.088945
MDMin:  718 05:46:27    -2397.490890        0.089072
MDMin:  719 05:46:28    -2397.490884        0.089193
MDMin:  720 05:46:29    -2397.490879        0.089306
MDMin:  721 05:46:31    -2397.490874        0.089410
MDMin:  722 05:46:33    -2397.490869        0.089505
MDMin:  723 05:46:34    -2397.490864        0.089588
MDMin:  724 05:46:35    -2397.490860        0.089660
MDMin:  725 05:46:36    -2397.490855        0.089718
MDMin:  726 05:46:38    -2397.490851        0.089761
MDMin:  727 05:46:40    -2397.490846        0.089789
MDMin:  728 05:46:42    -2397.490842        0.089799
MDMin:  729 05:46:44    -2397.490838        0.089791
MDMin:  730 05:46:46    -2397.490834        0.089763
MDMin:  731 05:46:48    -2397.490830        0.089713
MDMin:  732 05:46:50    -2397.490826        0.089641
MDMin:  733 05:46:52    -2397.490823        0.089545
MDMin:  734 05:46:54    -2397.490819        0.089424
MDMin:  735 05:46:56    -2397.490816        0.089275
MDMin:  736 05:46:58    -2397.490812        0.089099
MDMin:  737 05:47:00    -2397.490809        0.088894
MDMin:  738 05:47:02    -2397.490806        0.088658
MDMin:  739 05:47:04    -2397.490803        0.088391
MDMin:  740 05:47:06    -2397.490800        0.088090
MDMin:  741 05:47:08    -2397.490797        0.087757
MDMin:  742 05:47:09    -2397.490794        0.087387
MDMin:  743 05:47:11    -2397.490791        0.086985
MDMin:  744 05:47:13    -2397.490789        0.086542
MDMin:  745 05:47:15    -2397.490786        0.086072
MDMin:  746 05:47:17    -2397.490783        0.085543
MDMin:  747 05:47:19    -2397.490781        0.085023
MDMin:  748 05:47:21    -2397.490779        0.084367
MDMin:  749 05:47:23    -2397.490777        0.083909
MDMin:  750 05:47:24    -2397.490775        0.086574
MDMin:  751 05:47:26    -2397.490774        0.082998
MDMin:  752 05:47:28    -2397.490773        0.082698
MDMin:  753 05:47:30    -2397.490773        0.082480
MDMin:  754 05:47:31    -2397.490772        0.082266
MDMin:  755 05:47:33    -2397.490771        0.082045
MDMin:  756 05:47:35    -2397.490771        0.081817
MDMin:  757 05:47:37    -2397.490770        0.081582
MDMin:  758 05:47:39    -2397.490770        0.081338
MDMin:  759 05:47:41    -2397.490769        0.081085
MDMin:  760 05:47:43    -2397.490768        0.080825
MDMin:  761 05:47:45    -2397.490768        0.080557
MDMin:  762 05:47:47    -2397.490767        0.080281
MDMin:  763 05:47:49    -2397.490767        0.079996
MDMin:  764 05:47:50    -2397.490766        0.079704
MDMin:  765 05:47:51    -2397.490765        0.079403
MDMin:  766 05:47:53    -2397.490765        0.079093
MDMin:  767 05:47:55    -2397.490764        0.078775
MDMin:  768 05:47:56    -2397.490763        0.078449
MDMin:  769 05:47:58    -2397.490763        0.078113
MDMin:  770 05:48:00    -2397.490762        0.077769
MDMin:  771 05:48:02    -2397.490762        0.077417
MDMin:  772 05:48:03    -2397.490761        0.077056
MDMin:  773 05:48:05    -2397.490760        0.076686
MDMin:  774 05:48:06    -2397.490760        0.076307
MDMin:  775 05:48:07    -2397.490759        0.075919
MDMin:  776 05:48:10    -2397.490758        0.075523
MDMin:  777 05:48:12    -2397.490758        0.075119
MDMin:  778 05:48:13    -2397.490757        0.074706
MDMin:  779 05:48:16    -2397.490757        0.074287
MDMin:  780 05:48:17    -2397.490756        0.073861
MDMin:  781 05:48:19    -2397.490755        0.073427
MDMin:  782 05:48:21    -2397.490755        0.072987
MDMin:  783 05:48:23    -2397.490754        0.072541
MDMin:  784 05:48:25    -2397.490754        0.072088
MDMin:  785 05:48:27    -2397.490753        0.071629
MDMin:  786 05:48:29    -2397.490752        0.071164
MDMin:  787 05:48:31    -2397.490752        0.070693
MDMin:  788 05:48:32    -2397.490751        0.070217
MDMin:  789 05:48:34    -2397.490751        0.069736
MDMin:  790 05:48:35    -2397.490750        0.069318
MDMin:  791 05:48:36    -2397.490750        0.069132
MDMin:  792 05:48:37    -2397.490749        0.068942
MDMin:  793 05:48:38    -2397.490749        0.068749
MDMin:  794 05:48:40    -2397.490748        0.068554
MDMin:  795 05:48:41    -2397.490748        0.068355
MDMin:  796 05:48:42    -2397.490747        0.068155
MDMin:  797 05:48:43    -2397.490747        0.067953
MDMin:  798 05:48:45    -2397.490746        0.067749
MDMin:  799 05:48:46    -2397.490746        0.067544
MDMin:  800 05:48:47    -2397.490745        0.067338
MDMin:  801 05:48:48    -2397.490745        0.067131
MDMin:  802 05:48:50    -2397.490744        0.066925
MDMin:  803 05:48:51    -2397.490744        0.066719
MDMin:  804 05:48:52    -2397.490744        0.066515
MDMin:  805 05:48:53    -2397.490743        0.066312
MDMin:  806 05:48:54    -2397.490743        0.066111
MDMin:  807 05:48:55    -2397.490742        0.065913
MDMin:  808 05:48:57    -2397.490742        0.065718
MDMin:  809 05:48:59    -2397.490742        0.065527
MDMin:  810 05:49:00    -2397.490741        0.065340
MDMin:  811 05:49:01    -2397.490741        0.065159
MDMin:  812 05:49:03    -2397.490741        0.064984
MDMin:  813 05:49:05    -2397.490741        0.064816
MDMin:  814 05:49:07    -2397.490740        0.064654
MDMin:  815 05:49:09    -2397.490740        0.064502
MDMin:  816 05:49:11    -2397.490740        0.064355
MDMin:  817 05:49:13    -2397.490740        0.064227
MDMin:  818 05:49:15    -2397.490739        0.064091
MDMin:  819 05:49:17    -2397.490739        0.064002
MDMin:  820 05:49:19    -2397.490739        0.063851
MDMin:  821 05:49:20    -2397.490739        0.063868
MDMin:  822 05:49:22    -2397.490739        0.063575
MDMin:  823 05:49:23    -2397.490738        0.063990
MDMin:  824 05:49:25    -2397.490738        0.063015
MDMin:  825 05:49:27    -2397.490738        0.088154
MDMin:  826 05:49:29    -2397.490738        0.062942
MDMin:  827 05:49:31    -2397.490738        0.063721
MDMin:  828 05:49:33    -2397.490738        0.063520
MDMin:  829 05:49:35    -2397.490738        0.063561
MDMin:  830 05:49:36    -2397.490738        0.063552
MDMin:  831 05:49:38    -2397.490738        0.063560
MDMin:  832 05:49:40    -2397.490738        0.063566
MDMin:  833 05:49:43    -2397.490738        0.063577
MDMin:  834 05:49:45    -2397.490738        0.063591
MDMin:  835 05:49:47    -2397.490738        0.063608
MDMin:  836 05:49:49    -2397.490738        0.063630
MDMin:  837 05:49:50    -2397.490738        0.063655
MDMin:  838 05:49:52    -2397.490738        0.063684
MDMin:  839 05:49:54    -2397.490738        0.063718
MDMin:  840 05:49:56    -2397.490738        0.063757
MDMin:  841 05:49:57    -2397.490738        0.063800
MDMin:  842 05:49:59    -2397.490738        0.063848
MDMin:  843 05:50:00    -2397.490738        0.063902
MDMin:  844 05:50:02    -2397.490738        0.063961
MDMin:  845 05:50:04    -2397.490738        0.064026
MDMin:  846 05:50:06    -2397.490737        0.064097
MDMin:  847 05:50:08    -2397.490737        0.064174
MDMin:  848 05:50:09    -2397.490737        0.064258
MDMin:  849 05:50:11    -2397.490737        0.064348
MDMin:  850 05:50:12    -2397.490737        0.064445
MDMin:  851 05:50:13    -2397.490737        0.064550
MDMin:  852 05:50:15    -2397.490737        0.064662
MDMin:  853 05:50:17    -2397.490737        0.064781
MDMin:  854 05:50:19    -2397.490737        0.064909
MDMin:  855 05:50:21    -2397.490737        0.065044
MDMin:  856 05:50:23    -2397.490737        0.065188
MDMin:  857 05:50:25    -2397.490737        0.065341
MDMin:  858 05:50:27    -2397.490738        0.065502
MDMin:  859 05:50:29    -2397.490738        0.065673
MDMin:  860 05:50:31    -2397.490738        0.065853
MDMin:  861 05:50:33    -2397.490738        0.066042
MDMin:  862 05:50:34    -2397.490738        0.066241
MDMin:  863 05:50:36    -2397.490738        0.066451
MDMin:  864 05:50:38    -2397.490738        0.066670
MDMin:  865 05:50:40    -2397.490738        0.066900
MDMin:  866 05:50:41    -2397.490738        0.067141
MDMin:  867 05:50:42    -2397.490738        0.067392
MDMin:  868 05:50:43    -2397.490738        0.067654
MDMin:  869 05:50:45    -2397.490738        0.067927
MDMin:  870 05:50:46    -2397.490738        0.068212
MDMin:  871 05:50:47    -2397.490738        0.068507
MDMin:  872 05:50:48    -2397.490738        0.068815
MDMin:  873 05:50:50    -2397.490738        0.069134
MDMin:  874 05:50:51    -2397.490738        0.069464
MDMin:  875 05:50:54    -2397.490738        0.069806
MDMin:  876 05:50:55    -2397.490738        0.070160
MDMin:  877 05:50:58    -2397.490738        0.070525
MDMin:  878 05:51:00    -2397.490738        0.070902
MDMin:  879 05:51:02    -2397.490738        0.071291
MDMin:  880 05:51:04    -2397.490738        0.071691
MDMin:  881 05:51:06    -2397.490739        0.072102
MDMin:  882 05:51:08    -2397.490739        0.072525
MDMin:  883 05:51:09    -2397.490739        0.072959
MDMin:  884 05:51:11    -2397.490739        0.073403
MDMin:  885 05:51:13    -2397.490739        0.073859
MDMin:  886 05:51:15    -2397.490739        0.074324
MDMin:  887 05:51:17    -2397.490739        0.074799
MDMin:  888 05:51:19    -2397.490739        0.075284
MDMin:  889 05:51:21    -2397.490739        0.075776
MDMin:  890 05:51:23    -2397.490739        0.076274
MDMin:  891 05:51:25    -2397.490739        0.076769
MDMin:  892 05:51:26    -2397.490739        0.077236
MDMin:  893 05:51:28    -2397.490740        0.077629
MDMin:  894 05:51:30    -2397.490740        0.077926
MDMin:  895 05:51:31    -2397.490740        0.078178
MDMin:  896 05:51:33    -2397.490740        0.078427
MDMin:  897 05:51:34    -2397.490740        0.078679
MDMin:  898 05:51:35    -2397.490740        0.078936
MDMin:  899 05:51:37    -2397.490740        0.079199
MDMin:  900 05:51:39    -2397.490740        0.079467
MDMin:  901 05:51:41    -2397.490740        0.079740
MDMin:  902 05:51:43    -2397.490740        0.080018
MDMin:  903 05:51:45    -2397.490740        0.080301
MDMin:  904 05:51:47    -2397.490740        0.080589
MDMin:  905 05:51:49    -2397.490740        0.080882
MDMin:  906 05:51:51    -2397.490740        0.081179
MDMin:  907 05:51:53    -2397.490740        0.081480
MDMin:  908 05:51:55    -2397.490740        0.081786
MDMin:  909 05:51:57    -2397.490740        0.082095
MDMin:  910 05:51:59    -2397.490740        0.082409
MDMin:  911 05:52:01    -2397.490741        0.082726
MDMin:  912 05:52:02    -2397.490741        0.083046
MDMin:  913 05:52:04    -2397.490741        0.083370
MDMin:  914 05:52:06    -2397.490741        0.083696
MDMin:  915 05:52:08    -2397.490741        0.084026
MDMin:  916 05:52:10    -2397.490741        0.084357
MDMin:  917 05:52:12    -2397.490741        0.084691
MDMin:  918 05:52:13    -2397.490741        0.085026
MDMin:  919 05:52:15    -2397.490741        0.085363
MDMin:  920 05:52:17    -2397.490741        0.085702
MDMin:  921 05:52:19    -2397.490741        0.086041
MDMin:  922 05:52:21    -2397.490741        0.086381
MDMin:  923 05:52:23    -2397.490741        0.086721
MDMin:  924 05:52:25    -2397.490741        0.087060
MDMin:  925 05:52:27    -2397.490742        0.087400
MDMin:  926 05:52:28    -2397.490742        0.087738
MDMin:  927 05:52:30    -2397.490742        0.088075
MDMin:  928 05:52:32    -2397.490742        0.088410
MDMin:  929 05:52:33    -2397.490742        0.088744
MDMin:  930 05:52:36    -2397.490742        0.089074
MDMin:  931 05:52:38    -2397.490742        0.089402
MDMin:  932 05:52:39    -2397.490742        0.089727
MDMin:  933 05:52:42    -2397.490742        0.090047
MDMin:  934 05:52:44    -2397.490742        0.090363
MDMin:  935 05:52:46    -2397.490742        0.090675
MDMin:  936 05:52:48    -2397.490742        0.090981
MDMin:  937 05:52:50    -2397.490743        0.091281
MDMin:  938 05:52:52    -2397.490743        0.091576
MDMin:  939 05:52:54    -2397.490743        0.091863
MDMin:  940 05:52:56    -2397.490743        0.092144
MDMin:  941 05:52:58    -2397.490743        0.092417
MDMin:  942 05:53:00    -2397.490743        0.092682
MDMin:  943 05:53:02    -2397.490743        0.092938
MDMin:  944 05:53:04    -2397.490743        0.093185
MDMin:  945 05:53:06    -2397.490743        0.093422
MDMin:  946 05:53:08    -2397.490743        0.093650
MDMin:  947 05:53:10    -2397.490744        0.093867
MDMin:  948 05:53:11    -2397.490744        0.094073
MDMin:  949 05:53:13    -2397.490744        0.094267
MDMin:  950 05:53:15    -2397.490744        0.094449
MDMin:  951 05:53:17    -2397.490744        0.094619
MDMin:  952 05:53:19    -2397.490744        0.094776
MDMin:  953 05:53:21    -2397.490744        0.094920
MDMin:  954 05:53:23    -2397.490744        0.095050
MDMin:  955 05:53:24    -2397.490744        0.095166
MDMin:  956 05:53:25    -2397.490744        0.095267
MDMin:  957 05:53:27    -2397.490745        0.095353
MDMin:  958 05:53:28    -2397.490745        0.095423
MDMin:  959 05:53:30    -2397.490745        0.095477
MDMin:  960 05:53:32    -2397.490745        0.095515
MDMin:  961 05:53:34    -2397.490745        0.095536
MDMin:  962 05:53:36    -2397.490745        0.095538
MDMin:  963 05:53:38    -2397.490745        0.095523
MDMin:  964 05:53:40    -2397.490745        0.095490
MDMin:  965 05:53:42    -2397.490745        0.095448
MDMin:  966 05:53:44    -2397.490745        0.095405
MDMin:  967 05:53:46    -2397.490746        0.095361
MDMin:  968 05:53:48    -2397.490746        0.095313
MDMin:  969 05:53:49    -2397.490746        0.095262
MDMin:  970 05:53:51    -2397.490746        0.095206
MDMin:  971 05:53:52    -2397.490746        0.095146
MDMin:  972 05:53:53    -2397.490746        0.095081
MDMin:  973 05:53:54    -2397.490746        0.095011
MDMin:  974 05:53:56    -2397.490746        0.094935
MDMin:  975 05:53:57    -2397.490746        0.094854
MDMin:  976 05:53:58    -2397.490746        0.094767
MDMin:  977 05:54:00    -2397.490746        0.094674
MDMin:  978 05:54:01    -2397.490746        0.094574
MDMin:  979 05:54:03    -2397.490746        0.094468
MDMin:  980 05:54:04    -2397.490746        0.094354
MDMin:  981 05:54:05    -2397.490746        0.094233
MDMin:  982 05:54:06    -2397.490746        0.094104
MDMin:  983 05:54:08    -2397.490747        0.093967
MDMin:  984 05:54:09    -2397.490747        0.093822
MDMin:  985 05:54:10    -2397.490747        0.093669
MDMin:  986 05:54:11    -2397.490747        0.093507
MDMin:  987 05:54:13    -2397.490747        0.093336
MDMin:  988 05:54:14    -2397.490747        0.093156
MDMin:  989 05:54:15    -2397.490747        0.092967
MDMin:  990 05:54:16    -2397.490747        0.092771
MDMin:  991 05:54:17    -2397.490747        0.092566
MDMin:  992 05:54:18    -2397.490747        0.092353
MDMin:  993 05:54:20    -2397.490747        0.092132
MDMin:  994 05:54:21    -2397.490747        0.091902
MDMin:  995 05:54:23    -2397.490748        0.091664
MDMin:  996 05:54:25    -2397.490748        0.091418
MDMin:  997 05:54:27    -2397.490748        0.091162
MDMin:  998 05:54:29    -2397.490748        0.090898
MDMin:  999 05:54:30    -2397.490748        0.090625
MDMin:  1000 05:54:31    -2397.490748        0.090343
MDMin:  1001 05:54:33    -2397.490748        0.090052
MDMin:  1002 05:54:34    -2397.490748        0.089752
MDMin:  1003 05:54:36    -2397.490748        0.089442
MDMin:  1004 05:54:37    -2397.490748        0.089123
MDMin:  1005 05:54:38    -2397.490748        0.088795
MDMin:  1006 05:54:39    -2397.490749        0.088458
MDMin:  1007 05:54:41    -2397.490749        0.088111
MDMin:  1008 05:54:42    -2397.490749        0.087756
MDMin:  1009 05:54:43    -2397.490749        0.087390
MDMin:  1010 05:54:45    -2397.490749        0.087014
MDMin:  1011 05:54:46    -2397.490749        0.086629
MDMin:  1012 05:54:47    -2397.490749        0.086234
MDMin:  1013 05:54:49    -2397.490749        0.085830
MDMin:  1014 05:54:51    -2397.490749        0.085417
MDMin:  1015 05:54:53    -2397.490749        0.084996
MDMin:  1016 05:54:55    -2397.490750        0.084567
MDMin:  1017 05:54:57    -2397.490750        0.084134
MDMin:  1018 05:54:59    -2397.490750        0.083697
MDMin:  1019 05:55:01    -2397.490750        0.083282
MDMin:  1020 05:55:03    -2397.490750        0.082918
MDMin:  1021 05:55:05    -2397.490750        0.082658
MDMin:  1022 05:55:07    -2397.490750        0.082442
MDMin:  1023 05:55:09    -2397.490750        0.082232
MDMin:  1024 05:55:11    -2397.490750        0.082019
MDMin:  1025 05:55:12    -2397.490750        0.081803
MDMin:  1026 05:55:14    -2397.490750        0.081583
MDMin:  1027 05:55:16    -2397.490750        0.081360
MDMin:  1028 05:55:18    -2397.490750        0.081134
MDMin:  1029 05:55:20    -2397.490750        0.080904
MDMin:  1030 05:55:21    -2397.490751        0.080671
MDMin:  1031 05:55:23    -2397.490751        0.080435
MDMin:  1032 05:55:24    -2397.490751        0.080196
MDMin:  1033 05:55:26    -2397.490751        0.079954
MDMin:  1034 05:55:28    -2397.490751        0.079709
MDMin:  1035 05:55:29    -2397.490751        0.079461
MDMin:  1036 05:55:31    -2397.490751        0.079211
MDMin:  1037 05:55:32    -2397.490751        0.078959
MDMin:  1038 05:55:33    -2397.490751        0.078704
MDMin:  1039 05:55:34    -2397.490751        0.078449
MDMin:  1040 05:55:35    -2397.490751        0.078193
MDMin:  1041 05:55:37    -2397.490751        0.077938
MDMin:  1042 05:55:39    -2397.490751        0.077684
MDMin:  1043 05:55:41    -2397.490751        0.077430
MDMin:  1044 05:55:43    -2397.490751        0.077177
MDMin:  1045 05:55:45    -2397.490752        0.076927
MDMin:  1046 05:55:47    -2397.490752        0.076678
MDMin:  1047 05:55:49    -2397.490752        0.076431
MDMin:  1048 05:55:50    -2397.490752        0.076188
MDMin:  1049 05:55:51    -2397.490752        0.075947
MDMin:  1050 05:55:52    -2397.490752        0.075710
MDMin:  1051 05:55:53    -2397.490752        0.075477
MDMin:  1052 05:55:55    -2397.490752        0.075249
MDMin:  1053 05:55:57    -2397.490752        0.075026
MDMin:  1054 05:55:59    -2397.490752        0.074808
MDMin:  1055 05:56:01    -2397.490752        0.074596
MDMin:  1056 05:56:03    -2397.490752        0.074390
MDMin:  1057 05:56:05    -2397.490752        0.074192
MDMin:  1058 05:56:06    -2397.490753        0.074000
MDMin:  1059 05:56:08    -2397.490753        0.073817
MDMin:  1060 05:56:10    -2397.490753        0.073642
MDMin:  1061 05:56:12    -2397.490753        0.073476
MDMin:  1062 05:56:14    -2397.490753        0.073319
MDMin:  1063 05:56:15    -2397.490753        0.073172
MDMin:  1064 05:56:16    -2397.490753        0.073034
MDMin:  1065 05:56:18    -2397.490753        0.072908
MDMin:  1066 05:56:20    -2397.490753        0.072792
MDMin:  1067 05:56:21    -2397.490753        0.072687
MDMin:  1068 05:56:23    -2397.490753        0.072594
MDMin:  1069 05:56:25    -2397.490754        0.072512
MDMin:  1070 05:56:27    -2397.490754        0.072442
MDMin:  1071 05:56:29    -2397.490754        0.072384
MDMin:  1072 05:56:31    -2397.490754        0.072338
MDMin:  1073 05:56:33    -2397.490754        0.072303
MDMin:  1074 05:56:35    -2397.490754        0.072280
MDMin:  1075 05:56:37    -2397.490754        0.072268
MDMin:  1076 05:56:39    -2397.490754        0.072266
MDMin:  1077 05:56:41    -2397.490754        0.072275
MDMin:  1078 05:56:43    -2397.490754        0.072290
MDMin:  1079 05:56:44    -2397.490755        0.072306
MDMin:  1080 05:56:46    -2397.490755        0.072317
MDMin:  1081 05:56:48    -2397.490755        0.072327
MDMin:  1082 05:56:50    -2397.490755        0.072338
MDMin:  1083 05:56:52    -2397.490755        0.072351
MDMin:  1084 05:56:54    -2397.490755        0.072366
MDMin:  1085 05:56:56    -2397.490755        0.072382
MDMin:  1086 05:56:58    -2397.490755        0.072401
MDMin:  1087 05:56:59    -2397.490755        0.072420
MDMin:  1088 05:57:01    -2397.490755        0.072441
MDMin:  1089 05:57:03    -2397.490755        0.072463
MDMin:  1090 05:57:05    -2397.490755        0.072487
MDMin:  1091 05:57:07    -2397.490755        0.072511
MDMin:  1092 05:57:09    -2397.490755        0.072535
MDMin:  1093 05:57:10    -2397.490755        0.072560
MDMin:  1094 05:57:12    -2397.490755        0.072585
MDMin:  1095 05:57:15    -2397.490755        0.072610
MDMin:  1096 05:57:16    -2397.490755        0.072634
MDMin:  1097 05:57:18    -2397.490755        0.072657
MDMin:  1098 05:57:20    -2397.490756        0.072679
MDMin:  1099 05:57:22    -2397.490756        0.072698
MDMin:  1100 05:57:24    -2397.490756        0.072715
MDMin:  1101 05:57:26    -2397.490756        0.072729
MDMin:  1102 05:57:28    -2397.490756        0.072739
MDMin:  1103 05:57:30    -2397.490756        0.072744
MDMin:  1104 05:57:32    -2397.490756        0.072745
MDMin:  1105 05:57:34    -2397.490756        0.072740
MDMin:  1106 05:57:36    -2397.490756        0.072729
MDMin:  1107 05:57:38    -2397.490756        0.072710
MDMin:  1108 05:57:40    -2397.490756        0.072684
MDMin:  1109 05:57:42    -2397.490756        0.072650
MDMin:  1110 05:57:44    -2397.490756        0.072606
MDMin:  1111 05:57:46    -2397.490756        0.072551
MDMin:  1112 05:57:48    -2397.490756        0.072485
MDMin:  1113 05:57:50    -2397.490756        0.072407
MDMin:  1114 05:57:52    -2397.490757        0.072616
MDMin:  1115 05:57:54    -2397.490757        0.072929
MDMin:  1116 05:57:56    -2397.490757        0.073246
MDMin:  1117 05:57:58    -2397.490757        0.073568
MDMin:  1118 05:58:00    -2397.490757        0.073892
MDMin:  1119 05:58:02    -2397.490757        0.074220
MDMin:  1120 05:58:04    -2397.490757        0.074551
MDMin:  1121 05:58:06    -2397.490757        0.074884
MDMin:  1122 05:58:08    -2397.490757        0.075219
MDMin:  1123 05:58:10    -2397.490757        0.075555
MDMin:  1124 05:58:12    -2397.490757        0.075892
MDMin:  1125 05:58:13    -2397.490757        0.076228
MDMin:  1126 05:58:15    -2397.490757        0.076565
MDMin:  1127 05:58:17    -2397.490757        0.076900
MDMin:  1128 05:58:19    -2397.490758        0.077234
MDMin:  1129 05:58:21    -2397.490758        0.077565
MDMin:  1130 05:58:23    -2397.490758        0.077893
MDMin:  1131 05:58:25    -2397.490758        0.078218
MDMin:  1132 05:58:27    -2397.490758        0.078538
MDMin:  1133 05:58:29    -2397.490758        0.078853
MDMin:  1134 05:58:30    -2397.490758        0.079163
MDMin:  1135 05:58:31    -2397.490758        0.079466
MDMin:  1136 05:58:32    -2397.490758        0.079762
MDMin:  1137 05:58:34    -2397.490758        0.080051
MDMin:  1138 05:58:35    -2397.490758        0.080332
MDMin:  1139 05:58:36    -2397.490758        0.080603
MDMin:  1140 05:58:37    -2397.490759        0.080865
MDMin:  1141 05:58:39    -2397.490759        0.081118
MDMin:  1142 05:58:40    -2397.490759        0.081359
MDMin:  1143 05:58:42    -2397.490759        0.081590
MDMin:  1144 05:58:43    -2397.490759        0.081809
MDMin:  1145 05:58:44    -2397.490759        0.082017
MDMin:  1146 05:58:45    -2397.490759        0.082212
MDMin:  1147 05:58:46    -2397.490759        0.082394
MDMin:  1148 05:58:47    -2397.490759        0.082563
MDMin:  1149 05:58:49    -2397.490759        0.082717
MDMin:  1150 05:58:50    -2397.490759        0.082850
MDMin:  1151 05:58:51    -2397.490759        0.082955
MDMin:  1152 05:58:52    -2397.490760        0.083021
MDMin:  1153 05:58:53    -2397.490760        0.083067
MDMin:  1154 05:58:55    -2397.490760        0.083107
MDMin:  1155 05:58:56    -2397.490760        0.083146
MDMin:  1156 05:58:57    -2397.490760        0.083183
MDMin:  1157 05:58:59    -2397.490760        0.083219
MDMin:  1158 05:59:01    -2397.490760        0.083252
MDMin:  1159 05:59:02    -2397.490760        0.083284
MDMin:  1160 05:59:04    -2397.490760        0.083314
MDMin:  1161 05:59:05    -2397.490760        0.083342
MDMin:  1162 05:59:06    -2397.490760        0.083368
MDMin:  1163 05:59:07    -2397.490760        0.083392
MDMin:  1164 05:59:08    -2397.490760        0.083413
MDMin:  1165 05:59:10    -2397.490760        0.083432
MDMin:  1166 05:59:11    -2397.490760        0.083448
MDMin:  1167 05:59:13    -2397.490760        0.083461
MDMin:  1168 05:59:14    -2397.490760        0.083472
MDMin:  1169 05:59:15    -2397.490760        0.083480
MDMin:  1170 05:59:17    -2397.490760        0.083486
MDMin:  1171 05:59:18    -2397.490760        0.083488
MDMin:  1172 05:59:19    -2397.490760        0.083488
MDMin:  1173 05:59:20    -2397.490760        0.083485
MDMin:  1174 05:59:22    -2397.490761        0.083479
MDMin:  1175 05:59:23    -2397.490761        0.083471
MDMin:  1176 05:59:24    -2397.490761        0.083460
MDMin:  1177 05:59:25    -2397.490761        0.083446
MDMin:  1178 05:59:27    -2397.490761        0.083430
MDMin:  1179 05:59:28    -2397.490761        0.083412
MDMin:  1180 05:59:29    -2397.490761        0.083391
MDMin:  1181 05:59:30    -2397.490761        0.083367
MDMin:  1182 05:59:31    -2397.490761        0.083342
MDMin:  1183 05:59:32    -2397.490761        0.083315
MDMin:  1184 05:59:33    -2397.490761        0.083286
MDMin:  1185 05:59:35    -2397.490761        0.083255
MDMin:  1186 05:59:37    -2397.490761        0.083222
MDMin:  1187 05:59:39    -2397.490761        0.083189
MDMin:  1188 05:59:41    -2397.490761        0.083154
MDMin:  1189 05:59:43    -2397.490761        0.083118
MDMin:  1190 05:59:45    -2397.490762        0.083082
MDMin:  1191 05:59:47    -2397.490762        0.083045
MDMin:  1192 05:59:49    -2397.490762        0.083008
MDMin:  1193 05:59:51    -2397.490762        0.082970
MDMin:  1194 05:59:53    -2397.490762        0.082933
MDMin:  1195 05:59:55    -2397.490762        0.082897
MDMin:  1196 05:59:57    -2397.490762        0.082860
MDMin:  1197 05:59:58    -2397.490762        0.082825
MDMin:  1198 06:00:00    -2397.490762        0.082791
MDMin:  1199 06:00:02    -2397.490762        0.082758
MDMin:  1200 06:00:04    -2397.490762        0.082727
MDMin:  1201 06:00:06    -2397.490762        0.082697
MDMin:  1202 06:00:08    -2397.490762        0.082670
MDMin:  1203 06:00:10    -2397.490762        0.082645
MDMin:  1204 06:00:12    -2397.490763        0.082622
MDMin:  1205 06:00:13    -2397.490763        0.082602
MDMin:  1206 06:00:14    -2397.490763        0.082585
MDMin:  1207 06:00:16    -2397.490763        0.082570
MDMin:  1208 06:00:17    -2397.490763        0.082559
MDMin:  1209 06:00:19    -2397.490763        0.082551
MDMin:  1210 06:00:21    -2397.490763        0.082547
MDMin:  1211 06:00:23    -2397.490763        0.082545
MDMin:  1212 06:00:25    -2397.490763        0.082543
MDMin:  1213 06:00:27    -2397.490763        0.082540
MDMin:  1214 06:00:28    -2397.490763        0.082536
MDMin:  1215 06:00:30    -2397.490763        0.082533
MDMin:  1216 06:00:33    -2397.490763        0.082532
MDMin:  1217 06:00:35    -2397.490763        0.082532
MDMin:  1218 06:00:37    -2397.490763        0.082533
MDMin:  1219 06:00:39    -2397.490763        0.082536
MDMin:  1220 06:00:41    -2397.490763        0.082541
MDMin:  1221 06:00:43    -2397.490764        0.082547
MDMin:  1222 06:00:45    -2397.490764        0.082554
MDMin:  1223 06:00:47    -2397.490764        0.082563
MDMin:  1224 06:00:49    -2397.490764        0.082574
MDMin:  1225 06:00:51    -2397.490764        0.082586
MDMin:  1226 06:00:53    -2397.490764        0.082599
MDMin:  1227 06:00:55    -2397.490764        0.082614
MDMin:  1228 06:00:57    -2397.490764        0.082631
MDMin:  1229 06:00:59    -2397.490764        0.082649
MDMin:  1230 06:01:01    -2397.490764        0.082668
MDMin:  1231 06:01:03    -2397.490764        0.082689
MDMin:  1232 06:01:05    -2397.490764        0.082712
MDMin:  1233 06:01:07    -2397.490764        0.082736
MDMin:  1234 06:01:09    -2397.490764        0.082762
MDMin:  1235 06:01:11    -2397.490764        0.082789
MDMin:  1236 06:01:13    -2397.490764        0.082818
MDMin:  1237 06:01:15    -2397.490764        0.082848
MDMin:  1238 06:01:17    -2397.490764        0.082880
MDMin:  1239 06:01:19    -2397.490764        0.082913
MDMin:  1240 06:01:21    -2397.490764        0.082948
MDMin:  1241 06:01:23    -2397.490764        0.082984
MDMin:  1242 06:01:25    -2397.490764        0.083021
MDMin:  1243 06:01:27    -2397.490765        0.083060
MDMin:  1244 06:01:29    -2397.490765        0.083100
MDMin:  1245 06:01:31    -2397.490765        0.083141
MDMin:  1246 06:01:33    -2397.490765        0.083184
MDMin:  1247 06:01:35    -2397.490765        0.083227
MDMin:  1248 06:01:37    -2397.490765        0.083272
MDMin:  1249 06:01:39    -2397.490765        0.083318
MDMin:  1250 06:01:41    -2397.490765        0.083364
MDMin:  1251 06:01:43    -2397.490765        0.083411
MDMin:  1252 06:01:45    -2397.490765        0.083459
MDMin:  1253 06:01:47    -2397.490765        0.083508
MDMin:  1254 06:01:49    -2397.490765        0.083557
MDMin:  1255 06:01:51    -2397.490765        0.083606
MDMin:  1256 06:01:53    -2397.490765        0.083656
MDMin:  1257 06:01:55    -2397.490765        0.083706
MDMin:  1258 06:01:56    -2397.490765        0.083755
MDMin:  1259 06:01:57    -2397.490765        0.083805
MDMin:  1260 06:01:59    -2397.490766        0.083854
MDMin:  1261 06:02:00    -2397.490766        0.083902
MDMin:  1262 06:02:02    -2397.490766        0.083950
MDMin:  1263 06:02:05    -2397.490766        0.083997
MDMin:  1264 06:02:07    -2397.490766        0.084043
MDMin:  1265 06:02:09    -2397.490766        0.084088
MDMin:  1266 06:02:11    -2397.490766        0.084131
MDMin:  1267 06:02:12    -2397.490766        0.084172
MDMin:  1268 06:02:15    -2397.490766        0.084212
MDMin:  1269 06:02:16    -2397.490766        0.084250
MDMin:  1270 06:02:18    -2397.490766        0.084285
MDMin:  1271 06:02:20    -2397.490766        0.084318
MDMin:  1272 06:02:21    -2397.490766        0.084348
MDMin:  1273 06:02:23    -2397.490766        0.084375
MDMin:  1274 06:02:25    -2397.490767        0.084398
MDMin:  1275 06:02:26    -2397.490767        0.084415
MDMin:  1276 06:02:28    -2397.490767        0.084424
MDMin:  1277 06:02:31    -2397.490767        0.084421
MDMin:  1278 06:02:33    -2397.490767        0.084414
MDMin:  1279 06:02:35    -2397.490767        0.084406
MDMin:  1280 06:02:37    -2397.490767        0.084399
MDMin:  1281 06:02:39    -2397.490767        0.084391
MDMin:  1282 06:02:41    -2397.490767        0.084383
MDMin:  1283 06:02:43    -2397.490767        0.084374
MDMin:  1284 06:02:45    -2397.490767        0.084365
MDMin:  1285 06:02:47    -2397.490767        0.084356
MDMin:  1286 06:02:49    -2397.490767        0.084346
MDMin:  1287 06:02:51    -2397.490767        0.084335
MDMin:  1288 06:02:53    -2397.490767        0.084323
MDMin:  1289 06:02:55    -2397.490767        0.084310
MDMin:  1290 06:02:57    -2397.490767        0.084296
MDMin:  1291 06:02:58    -2397.490767        0.084281
MDMin:  1292 06:03:00    -2397.490767        0.084264
MDMin:  1293 06:03:01    -2397.490767        0.084246
MDMin:  1294 06:03:03    -2397.490767        0.084226
MDMin:  1295 06:03:05    -2397.490767        0.084205
MDMin:  1296 06:03:07    -2397.490767        0.084181
MDMin:  1297 06:03:09    -2397.490767        0.084156
MDMin:  1298 06:03:11    -2397.490767        0.084128
MDMin:  1299 06:03:13    -2397.490768        0.084098
MDMin:  1300 06:03:15    -2397.490768        0.084066
MDMin:  1301 06:03:17    -2397.490768        0.084031
MDMin:  1302 06:03:19    -2397.490768        0.083994
MDMin:  1303 06:03:21    -2397.490768        0.083954
MDMin:  1304 06:03:23    -2397.490768        0.083911
MDMin:  1305 06:03:25    -2397.490768        0.083865
MDMin:  1306 06:03:27    -2397.490768        0.083816
MDMin:  1307 06:03:29    -2397.490768        0.083763
MDMin:  1308 06:03:31    -2397.490768        0.083707
MDMin:  1309 06:03:33    -2397.490768        0.083647
MDMin:  1310 06:03:35    -2397.490768        0.083584
MDMin:  1311 06:03:37    -2397.490768        0.083519
MDMin:  1312 06:03:39    -2397.490768        0.083452
MDMin:  1313 06:03:41    -2397.490768        0.083382
MDMin:  1314 06:03:43    -2397.490768        0.083310
MDMin:  1315 06:03:45    -2397.490768        0.083235
MDMin:  1316 06:03:47    -2397.490768        0.083157
MDMin:  1317 06:03:49    -2397.490768        0.083076
MDMin:  1318 06:03:51    -2397.490768        0.082992
MDMin:  1319 06:03:53    -2397.490769        0.082904
MDMin:  1320 06:03:55    -2397.490769        0.082813
MDMin:  1321 06:03:57    -2397.490769        0.082719
MDMin:  1322 06:03:59    -2397.490769        0.082621
MDMin:  1323 06:04:01    -2397.490769        0.082521
MDMin:  1324 06:04:03    -2397.490769        0.082417
MDMin:  1325 06:04:05    -2397.490769        0.082310
MDMin:  1326 06:04:06    -2397.490769        0.082200
MDMin:  1327 06:04:08    -2397.490769        0.082088
MDMin:  1328 06:04:10    -2397.490769        0.081972
MDMin:  1329 06:04:12    -2397.490769        0.081854
MDMin:  1330 06:04:14    -2397.490769        0.081732
MDMin:  1331 06:04:16    -2397.490769        0.081611
MDMin:  1332 06:04:18    -2397.490769        0.081481
MDMin:  1333 06:04:20    -2397.490769        0.081359
MDMin:  1334 06:04:22    -2397.490769        0.081219
MDMin:  1335 06:04:24    -2397.490770        0.081102
MDMin:  1336 06:04:26    -2397.490770        0.080947
MDMin:  1337 06:04:28    -2397.490770        0.080856
MDMin:  1338 06:04:30    -2397.490770        0.080717
MDMin:  1339 06:04:32    -2397.490770        0.080657
MDMin:  1340 06:04:34    -2397.490770        0.080580
MDMin:  1341 06:04:36    -2397.490770        0.080509
MDMin:  1342 06:04:38    -2397.490770        0.080436
MDMin:  1343 06:04:39    -2397.490770        0.080364
MDMin:  1344 06:04:41    -2397.490770        0.080291
MDMin:  1345 06:04:43    -2397.490770        0.080218
MDMin:  1346 06:04:44    -2397.490770        0.080145
MDMin:  1347 06:04:46    -2397.490770        0.080071
MDMin:  1348 06:04:47    -2397.490770        0.079997
MDMin:  1349 06:04:48    -2397.490770        0.079924
MDMin:  1350 06:04:49    -2397.490770        0.079850
MDMin:  1351 06:04:51    -2397.490770        0.079776
MDMin:  1352 06:04:54    -2397.490770        0.079702
MDMin:  1353 06:04:55    -2397.490770        0.079628
MDMin:  1354 06:04:57    -2397.490770        0.079554
MDMin:  1355 06:04:59    -2397.490770        0.079480
MDMin:  1356 06:05:01    -2397.490770        0.079407
MDMin:  1357 06:05:03    -2397.490770        0.079334
MDMin:  1358 06:05:05    -2397.490770        0.079261
MDMin:  1359 06:05:07    -2397.490770        0.079189
MDMin:  1360 06:05:09    -2397.490770        0.079118
MDMin:  1361 06:05:11    -2397.490770        0.079048
MDMin:  1362 06:05:14    -2397.490771        0.078980
MDMin:  1363 06:05:16    -2397.490771        0.078912
MDMin:  1364 06:05:17    -2397.490771        0.078846
MDMin:  1365 06:05:19    -2397.490771        0.078782
MDMin:  1366 06:05:21    -2397.490771        0.078719
MDMin:  1367 06:05:23    -2397.490771        0.078659
MDMin:  1368 06:05:25    -2397.490771        0.078602
MDMin:  1369 06:05:27    -2397.490771        0.078547
MDMin:  1370 06:05:29    -2397.490771        0.078495
MDMin:  1371 06:05:31    -2397.490771        0.078446
MDMin:  1372 06:05:33    -2397.490771        0.078401
MDMin:  1373 06:05:35    -2397.490771        0.078360
MDMin:  1374 06:05:37    -2397.490771        0.078324
MDMin:  1375 06:05:39    -2397.490771        0.078292
MDMin:  1376 06:05:41    -2397.490771        0.078267
MDMin:  1377 06:05:43    -2397.490771        0.078251
MDMin:  1378 06:05:45    -2397.490771        0.078245
MDMin:  1379 06:05:47    -2397.490771        0.078250
MDMin:  1380 06:05:49    -2397.490771        0.078266
MDMin:  1381 06:05:51    -2397.490771        0.078294
MDMin:  1382 06:05:53    -2397.490771        0.078335
MDMin:  1383 06:05:55    -2397.490772        0.078389
MDMin:  1384 06:05:57    -2397.490772        0.078458
MDMin:  1385 06:05:59    -2397.490772        0.078542
MDMin:  1386 06:06:01    -2397.490772        0.078642
MDMin:  1387 06:06:02    -2397.490772        0.078759
MDMin:  1388 06:06:04    -2397.490772        0.078893
MDMin:  1389 06:06:06    -2397.490772        0.079045
MDMin:  1390 06:06:08    -2397.490772        0.079217
MDMin:  1391 06:06:10    -2397.490772        0.079407
MDMin:  1392 06:06:12    -2397.490772        0.079619
MDMin:  1393 06:06:14    -2397.490772        0.079848
MDMin:  1394 06:06:16    -2397.490772        0.080104
MDMin:  1395 06:06:18    -2397.490772        0.080371
MDMin:  1396 06:06:20    -2397.490772        0.080675
MDMin:  1397 06:06:22    -2397.490772        0.080977
MDMin:  1398 06:06:24    -2397.490772        0.081337
MDMin:  1399 06:06:26    -2397.490772        0.081646
MDMin:  1400 06:06:28    -2397.490772        0.082045
MDMin:  1401 06:06:30    -2397.490773        0.082257
MDMin:  1402 06:06:31    -2397.490773        0.082502
MDMin:  1403 06:06:32    -2397.490773        0.082658
MDMin:  1404 06:06:33    -2397.490773        0.082835
MDMin:  1405 06:06:34    -2397.490773        0.083016
MDMin:  1406 06:06:36    -2397.490773        0.083204
MDMin:  1407 06:06:37    -2397.490773        0.083400
MDMin:  1408 06:06:38    -2397.490773        0.083604
MDMin:  1409 06:06:40    -2397.490773        0.083814
MDMin:  1410 06:06:43    -2397.490773        0.084032
MDMin:  1411 06:06:45    -2397.490773        0.084257
MDMin:  1412 06:06:47    -2397.490773        0.084490
MDMin:  1413 06:06:49    -2397.490773        0.084729
MDMin:  1414 06:06:51    -2397.490773        0.084975
MDMin:  1415 06:06:52    -2397.490773        0.085227
MDMin:  1416 06:06:54    -2397.490773        0.085486
MDMin:  1417 06:06:56    -2397.490773        0.085751
MDMin:  1418 06:06:59    -2397.490773        0.086021
MDMin:  1419 06:07:00    -2397.490773        0.086297
MDMin:  1420 06:07:01    -2397.490773        0.086577
MDMin:  1421 06:07:03    -2397.490773        0.086862
MDMin:  1422 06:07:04    -2397.490773        0.087151
MDMin:  1423 06:07:05    -2397.490773        0.087443
MDMin:  1424 06:07:06    -2397.490773        0.087737
MDMin:  1425 06:07:08    -2397.490773        0.088033
MDMin:  1426 06:07:09    -2397.490773        0.088330
MDMin:  1427 06:07:10    -2397.490773        0.088627
MDMin:  1428 06:07:11    -2397.490773        0.088923
MDMin:  1429 06:07:12    -2397.490773        0.089218
MDMin:  1430 06:07:14    -2397.490773        0.089509
MDMin:  1431 06:07:15    -2397.490773        0.089795
MDMin:  1432 06:07:16    -2397.490774        0.090075
MDMin:  1433 06:07:18    -2397.490774        0.090347
MDMin:  1434 06:07:20    -2397.490774        0.090610
MDMin:  1435 06:07:22    -2397.490774        0.090863
MDMin:  1436 06:07:24    -2397.490774        0.091104
MDMin:  1437 06:07:26    -2397.490774        0.091331
MDMin:  1438 06:07:28    -2397.490774        0.091543
MDMin:  1439 06:07:30    -2397.490774        0.091738
MDMin:  1440 06:07:32    -2397.490774        0.091914
MDMin:  1441 06:07:34    -2397.490774        0.092069
MDMin:  1442 06:07:36    -2397.490774        0.092201
MDMin:  1443 06:07:38    -2397.490774        0.092308
MDMin:  1444 06:07:40    -2397.490774        0.092389
MDMin:  1445 06:07:42    -2397.490774        0.092440
MDMin:  1446 06:07:44    -2397.490774        0.092460
MDMin:  1447 06:07:46    -2397.490774        0.092447
MDMin:  1448 06:07:48    -2397.490774        0.092399
MDMin:  1449 06:07:50    -2397.490774        0.092313
MDMin:  1450 06:07:52    -2397.490774        0.092187
MDMin:  1451 06:07:54    -2397.490774        0.092019
MDMin:  1452 06:07:56    -2397.490774        0.091808
MDMin:  1453 06:07:58    -2397.490774        0.091550
MDMin:  1454 06:08:00    -2397.490774        0.091245
MDMin:  1455 06:08:02    -2397.490774        0.090890
MDMin:  1456 06:08:04    -2397.490775        0.090483
MDMin:  1457 06:08:06    -2397.490775        0.090024
MDMin:  1458 06:08:08    -2397.490775        0.089509
MDMin:  1459 06:08:10    -2397.490775        0.088938
MDMin:  1460 06:08:11    -2397.490775        0.088310
MDMin:  1461 06:08:12    -2397.490775        0.087623
MDMin:  1462 06:08:13    -2397.490775        0.086876
MDMin:  1463 06:08:14    -2397.490775        0.086069
MDMin:  1464 06:08:16    -2397.490775        0.085200
MDMin:  1465 06:08:17    -2397.490775        0.084270
MDMin:  1466 06:08:19    -2397.490775        0.083277
MDMin:  1467 06:08:21    -2397.490775        0.082222
MDMin:  1468 06:08:23    -2397.490775        0.081106
MDMin:  1469 06:08:25    -2397.490775        0.079927
MDMin:  1470 06:08:27    -2397.490775        0.078687
MDMin:  1471 06:08:29    -2397.490775        0.077386
MDMin:  1472 06:08:31    -2397.490775        0.076028
MDMin:  1473 06:08:33    -2397.490775        0.074607
MDMin:  1474 06:08:35    -2397.490775        0.073139
MDMin:  1475 06:08:36    -2397.490775        0.071606
MDMin:  1476 06:08:38    -2397.490776        0.070069
MDMin:  1477 06:08:40    -2397.490776        0.068532
MDMin:  1478 06:08:42    -2397.490776        0.080800
MDMin:  1479 06:08:44    -2397.490776        0.066500
MDMin:  1480 06:08:46    -2397.490776        0.065847
MDMin:  1481 06:08:48    -2397.490776        0.065180
MDMin:  1482 06:08:50    -2397.490776        0.064496
MDMin:  1483 06:08:52    -2397.490776        0.063795
MDMin:  1484 06:08:54    -2397.490776        0.063320
MDMin:  1485 06:08:56    -2397.490776        0.063209
MDMin:  1486 06:08:58    -2397.490776        0.063093
MDMin:  1487 06:08:59    -2397.490776        0.062971
MDMin:  1488 06:09:00    -2397.490776        0.062844
MDMin:  1489 06:09:02    -2397.490776        0.062712
MDMin:  1490 06:09:03    -2397.490776        0.062574
MDMin:  1491 06:09:04    -2397.490776        0.062431
MDMin:  1492 06:09:06    -2397.490776        0.062282
MDMin:  1493 06:09:07    -2397.490776        0.062127
MDMin:  1494 06:09:08    -2397.490776        0.061967
MDMin:  1495 06:09:10    -2397.490776        0.061800
MDMin:  1496 06:09:11    -2397.490776        0.061628
MDMin:  1497 06:09:12    -2397.490776        0.061450
MDMin:  1498 06:09:14    -2397.490776        0.061266
MDMin:  1499 06:09:15    -2397.490776        0.061077
MDMin:  1500 06:09:16    -2397.490776        0.060882
MDMin:  1501 06:09:17    -2397.490776        0.060681
MDMin:  1502 06:09:19    -2397.490776        0.060475
MDMin:  1503 06:09:20    -2397.490776        0.060264
MDMin:  1504 06:09:21    -2397.490776        0.060048
MDMin:  1505 06:09:22    -2397.490776        0.059826
MDMin:  1506 06:09:23    -2397.490776        0.059600
MDMin:  1507 06:09:26    -2397.490776        0.059369
MDMin:  1508 06:09:28    -2397.490777        0.059134
MDMin:  1509 06:09:30    -2397.490777        0.058895
MDMin:  1510 06:09:32    -2397.490777        0.058652
MDMin:  1511 06:09:34    -2397.490777        0.058405
MDMin:  1512 06:09:36    -2397.490777        0.058155
MDMin:  1513 06:09:38    -2397.490777        0.057903
MDMin:  1514 06:09:40    -2397.490777        0.057648
MDMin:  1515 06:09:42    -2397.490777        0.057391
MDMin:  1516 06:09:44    -2397.490777        0.057132
MDMin:  1517 06:09:46    -2397.490777        0.056873
MDMin:  1518 06:09:48    -2397.490777        0.056612
MDMin:  1519 06:09:50    -2397.490777        0.056352
MDMin:  1520 06:09:52    -2397.490777        0.056091
MDMin:  1521 06:09:53    -2397.490777        0.055831
MDMin:  1522 06:09:56    -2397.490777        0.055573
MDMin:  1523 06:09:57    -2397.490777        0.055316
MDMin:  1524 06:09:59    -2397.490777        0.055061
MDMin:  1525 06:10:01    -2397.490777        0.054810
MDMin:  1526 06:10:04    -2397.490777        0.054561
MDMin:  1527 06:10:05    -2397.490777        0.054317
MDMin:  1528 06:10:07    -2397.490777        0.054077
MDMin:  1529 06:10:09    -2397.490777        0.053842
MDMin:  1530 06:10:11    -2397.490778        0.053613
MDMin:  1531 06:10:13    -2397.490778        0.053392
MDMin:  1532 06:10:14    -2397.490778        0.053180
MDMin:  1533 06:10:15    -2397.490778        0.068562
MDMin:  1534 06:10:16    -2397.490778        0.052904
MDMin:  1535 06:10:18    -2397.490778        0.052844
MDMin:  1536 06:10:20    -2397.490778        0.052782
MDMin:  1537 06:10:22    -2397.490778        0.052721
MDMin:  1538 06:10:24    -2397.490778        0.052659
MDMin:  1539 06:10:26    -2397.490778        0.052597
MDMin:  1540 06:10:28    -2397.490778        0.052534
MDMin:  1541 06:10:30    -2397.490778        0.052471
MDMin:  1542 06:10:32    -2397.490778        0.052409
MDMin:  1543 06:10:34    -2397.490778        0.052346
MDMin:  1544 06:10:35    -2397.490778        0.052284
MDMin:  1545 06:10:37    -2397.490778        0.052221
MDMin:  1546 06:10:39    -2397.490778        0.052159
MDMin:  1547 06:10:41    -2397.490778        0.052097
MDMin:  1548 06:10:43    -2397.490778        0.052036
MDMin:  1549 06:10:45    -2397.490778        0.051975
MDMin:  1550 06:10:47    -2397.490778        0.051915
MDMin:  1551 06:10:49    -2397.490778        0.051855
MDMin:  1552 06:10:51    -2397.490778        0.051796
MDMin:  1553 06:10:53    -2397.490778        0.051739
MDMin:  1554 06:10:55    -2397.490778        0.051682
MDMin:  1555 06:10:57    -2397.490778        0.051626
MDMin:  1556 06:10:59    -2397.490778        0.051572
MDMin:  1557 06:11:00    -2397.490778        0.051518
MDMin:  1558 06:11:02    -2397.490778        0.051467
MDMin:  1559 06:11:04    -2397.490778        0.051416
MDMin:  1560 06:11:06    -2397.490778        0.051368
MDMin:  1561 06:11:08    -2397.490778        0.051321
MDMin:  1562 06:11:10    -2397.490778        0.051276
MDMin:  1563 06:11:12    -2397.490778        0.051233
MDMin:  1564 06:11:14    -2397.490778        0.051192
MDMin:  1565 06:11:16    -2397.490778        0.051153
MDMin:  1566 06:11:17    -2397.490779        0.051117
MDMin:  1567 06:11:19    -2397.490779        0.051082
MDMin:  1568 06:11:21    -2397.490779        0.051051
MDMin:  1569 06:11:22    -2397.490779        0.051022
MDMin:  1570 06:11:24    -2397.490779        0.050996
MDMin:  1571 06:11:25    -2397.490779        0.050972
MDMin:  1572 06:11:27    -2397.490779        0.050952
MDMin:  1573 06:11:29    -2397.490779        0.050934
MDMin:  1574 06:11:31    -2397.490779        0.050920
MDMin:  1575 06:11:33    -2397.490779        0.050909
MDMin:  1576 06:11:35    -2397.490779        0.050901
MDMin:  1577 06:11:37    -2397.490779        0.050897
MDMin:  1578 06:11:39    -2397.490779        0.050896
MDMin:  1579 06:11:41    -2397.490779        0.050899
MDMin:  1580 06:11:43    -2397.490779        0.050906
MDMin:  1581 06:11:45    -2397.490779        0.050916
MDMin:  1582 06:11:47    -2397.490779        0.050930
MDMin:  1583 06:11:49    -2397.490779        0.050948
MDMin:  1584 06:11:50    -2397.490779        0.050971
MDMin:  1585 06:11:52    -2397.490779        0.050997
MDMin:  1586 06:11:53    -2397.490779        0.051028
MDMin:  1587 06:11:55    -2397.490779        0.051062
MDMin:  1588 06:11:56    -2397.490779        0.051101
MDMin:  1589 06:11:57    -2397.490779        0.051145
MDMin:  1590 06:11:58    -2397.490779        0.051193
MDMin:  1591 06:12:00    -2397.490779        0.051245
MDMin:  1592 06:12:02    -2397.490779        0.051302
MDMin:  1593 06:12:04    -2397.490780        0.051363
MDMin:  1594 06:12:05    -2397.490780        0.051429
MDMin:  1595 06:12:07    -2397.490780        0.051499
MDMin:  1596 06:12:08    -2397.490780        0.051574
MDMin:  1597 06:12:10    -2397.490780        0.051654
MDMin:  1598 06:12:11    -2397.490780        0.051738
MDMin:  1599 06:12:13    -2397.490780        0.051827
MDMin:  1600 06:12:15    -2397.490780        0.051921
MDMin:  1601 06:12:16    -2397.490780        0.052019
MDMin:  1602 06:12:18    -2397.490780        0.052122
MDMin:  1603 06:12:20    -2397.490780        0.052230
MDMin:  1604 06:12:22    -2397.490780        0.052342
MDMin:  1605 06:12:24    -2397.490780        0.052458
MDMin:  1606 06:12:26    -2397.490780        0.052579
MDMin:  1607 06:12:28    -2397.490780        0.052705
MDMin:  1608 06:12:29    -2397.490780        0.052835
MDMin:  1609 06:12:30    -2397.490780        0.052969
MDMin:  1610 06:12:32    -2397.490780        0.053108
MDMin:  1611 06:12:33    -2397.490780        0.053251
MDMin:  1612 06:12:34    -2397.490780        0.053399
MDMin:  1613 06:12:35    -2397.490780        0.053550
MDMin:  1614 06:12:37    -2397.490780        0.053704
MDMin:  1615 06:12:39    -2397.490781        0.053856
MDMin:  1616 06:12:42    -2397.490781        0.057224
MDMin:  1617 06:12:43    -2397.490781        0.054062
MDMin:  1618 06:12:45    -2397.490781        0.054116
MDMin:  1619 06:12:47    -2397.490781        0.054170
MDMin:  1620 06:12:49    -2397.490781        0.054226
MDMin:  1621 06:12:50    -2397.490781        0.054284
MDMin:  1622 06:12:52    -2397.490781        0.054344
MDMin:  1623 06:12:54    -2397.490781        0.054405
MDMin:  1624 06:12:56    -2397.490781        0.054468
MDMin:  1625 06:12:58    -2397.490781        0.054533
MDMin:  1626 06:13:00    -2397.490781        0.054600
MDMin:  1627 06:13:02    -2397.490781        0.054668
MDMin:  1628 06:13:04    -2397.490781        0.054738
MDMin:  1629 06:13:06    -2397.490781        0.054810
MDMin:  1630 06:13:08    -2397.490781        0.054884
MDMin:  1631 06:13:10    -2397.490781        0.054960
MDMin:  1632 06:13:11    -2397.490781        0.055037
MDMin:  1633 06:13:13    -2397.490781        0.055117
MDMin:  1634 06:13:15    -2397.490781        0.055198
MDMin:  1635 06:13:17    -2397.490781        0.055281
MDMin:  1636 06:13:19    -2397.490781        0.055365
MDMin:  1637 06:13:21    -2397.490781        0.055452
MDMin:  1638 06:13:23    -2397.490781        0.055540
MDMin:  1639 06:13:25    -2397.490781        0.055630
MDMin:  1640 06:13:27    -2397.490781        0.055722
MDMin:  1641 06:13:29    -2397.490781        0.055816
MDMin:  1642 06:13:31    -2397.490781        0.055912
MDMin:  1643 06:13:33    -2397.490781        0.056009
MDMin:  1644 06:13:35    -2397.490781        0.056108
MDMin:  1645 06:13:36    -2397.490781        0.056209
MDMin:  1646 06:13:38    -2397.490781        0.056312
MDMin:  1647 06:13:40    -2397.490781        0.056416
MDMin:  1648 06:13:42    -2397.490781        0.056523
MDMin:  1649 06:13:44    -2397.490781        0.056631
MDMin:  1650 06:13:46    -2397.490781        0.056740
MDMin:  1651 06:13:48    -2397.490781        0.056852
MDMin:  1652 06:13:50    -2397.490781        0.056965
MDMin:  1653 06:13:52    -2397.490781        0.057080
MDMin:  1654 06:13:54    -2397.490781        0.057197
MDMin:  1655 06:13:56    -2397.490781        0.057315
MDMin:  1656 06:13:57    -2397.490781        0.057435
MDMin:  1657 06:13:59    -2397.490781        0.057556
MDMin:  1658 06:14:01    -2397.490782        0.057679
MDMin:  1659 06:14:03    -2397.490782        0.057804
MDMin:  1660 06:14:05    -2397.490782        0.057930
MDMin:  1661 06:14:07    -2397.490782        0.058058
MDMin:  1662 06:14:09    -2397.490782        0.058187
MDMin:  1663 06:14:11    -2397.490782        0.058318
MDMin:  1664 06:14:13    -2397.490782        0.058450
MDMin:  1665 06:14:15    -2397.490782        0.058584
MDMin:  1666 06:14:17    -2397.490782        0.058719
MDMin:  1667 06:14:19    -2397.490782        0.058855
MDMin:  1668 06:14:21    -2397.490782        0.058993
MDMin:  1669 06:14:22    -2397.490782        0.059132
MDMin:  1670 06:14:24    -2397.490782        0.059272
MDMin:  1671 06:14:26    -2397.490782        0.059414
MDMin:  1672 06:14:28    -2397.490782        0.059557
MDMin:  1673 06:14:30    -2397.490782        0.059700
MDMin:  1674 06:14:32    -2397.490782        0.059845
MDMin:  1675 06:14:34    -2397.490782        0.059991
MDMin:  1676 06:14:36    -2397.490782        0.060138
MDMin:  1677 06:14:38    -2397.490782        0.060286
MDMin:  1678 06:14:40    -2397.490782        0.060435
MDMin:  1679 06:14:42    -2397.490782        0.060585
MDMin:  1680 06:14:44    -2397.490782        0.060735
MDMin:  1681 06:14:45    -2397.490782        0.060886
MDMin:  1682 06:14:47    -2397.490782        0.061038
MDMin:  1683 06:14:49    -2397.490782        0.061191
MDMin:  1684 06:14:51    -2397.490782        0.061344
MDMin:  1685 06:14:53    -2397.490782        0.061498
MDMin:  1686 06:14:55    -2397.490782        0.061652
MDMin:  1687 06:14:57    -2397.490782        0.061807
MDMin:  1688 06:14:59    -2397.490782        0.061961
MDMin:  1689 06:15:01    -2397.490783        0.062117
MDMin:  1690 06:15:03    -2397.490783        0.062272
MDMin:  1691 06:15:05    -2397.490783        0.062428
MDMin:  1692 06:15:07    -2397.490783        0.062583
MDMin:  1693 06:15:09    -2397.490783        0.062739
MDMin:  1694 06:15:11    -2397.490783        0.062894
MDMin:  1695 06:15:13    -2397.490783        0.063050
MDMin:  1696 06:15:15    -2397.490783        0.063205
MDMin:  1697 06:15:17    -2397.490783        0.063359
MDMin:  1698 06:15:19    -2397.490783        0.063514
MDMin:  1699 06:15:21    -2397.490783        0.063667
MDMin:  1700 06:15:23    -2397.490783        0.063820
MDMin:  1701 06:15:25    -2397.490783        0.063973
MDMin:  1702 06:15:27    -2397.490783        0.064124
MDMin:  1703 06:15:29    -2397.490783        0.064275
MDMin:  1704 06:15:31    -2397.490783        0.064424
MDMin:  1705 06:15:32    -2397.490783        0.064573
MDMin:  1706 06:15:34    -2397.490783        0.064719
MDMin:  1707 06:15:36    -2397.490783        0.064865
MDMin:  1708 06:15:38    -2397.490783        0.065009
MDMin:  1709 06:15:40    -2397.490783        0.065151
MDMin:  1710 06:15:42    -2397.490783        0.065290
MDMin:  1711 06:15:44    -2397.490783        0.065425
MDMin:  1712 06:15:46    -2397.490783        0.065544
MDMin:  1713 06:15:48    -2397.490783        0.065632
MDMin:  1714 06:15:50    -2397.490783        0.065683
MDMin:  1715 06:15:52    -2397.490783        0.065729
MDMin:  1716 06:15:54    -2397.490783        0.065775
MDMin:  1717 06:15:56    -2397.490783        0.065822
MDMin:  1718 06:15:58    -2397.490783        0.065869
MDMin:  1719 06:16:00    -2397.490783        0.065917
MDMin:  1720 06:16:02    -2397.490783        0.065966
MDMin:  1721 06:16:04    -2397.490784        0.066015
MDMin:  1722 06:16:06    -2397.490784        0.066065
MDMin:  1723 06:16:08    -2397.490784        0.066116
MDMin:  1724 06:16:10    -2397.490784        0.066166
MDMin:  1725 06:16:12    -2397.490784        0.066217
MDMin:  1726 06:16:14    -2397.490784        0.066269
MDMin:  1727 06:16:16    -2397.490784        0.066320
MDMin:  1728 06:16:18    -2397.490784        0.066372
MDMin:  1729 06:16:20    -2397.490784        0.066424
MDMin:  1730 06:16:22    -2397.490784        0.066476
MDMin:  1731 06:16:24    -2397.490784        0.066528
MDMin:  1732 06:16:26    -2397.490784        0.066579
MDMin:  1733 06:16:28    -2397.490784        0.066631
MDMin:  1734 06:16:30    -2397.490784        0.066682
MDMin:  1735 06:16:32    -2397.490784        0.066733
MDMin:  1736 06:16:34    -2397.490784        0.066784
MDMin:  1737 06:16:36    -2397.490784        0.066834
MDMin:  1738 06:16:38    -2397.490784        0.066883
MDMin:  1739 06:16:40    -2397.490784        0.066932
MDMin:  1740 06:16:41    -2397.490784        0.066980
MDMin:  1741 06:16:43    -2397.490784        0.067027
MDMin:  1742 06:16:45    -2397.490784        0.067073
MDMin:  1743 06:16:47    -2397.490784        0.067118
MDMin:  1744 06:16:49    -2397.490784        0.067162
MDMin:  1745 06:16:51    -2397.490784        0.067205
MDMin:  1746 06:16:53    -2397.490784        0.067246
MDMin:  1747 06:16:55    -2397.490784        0.067286
MDMin:  1748 06:16:57    -2397.490784        0.067324
MDMin:  1749 06:16:58    -2397.490784        0.067360
MDMin:  1750 06:17:00    -2397.490784        0.067395
MDMin:  1751 06:17:02    -2397.490784        0.067427
MDMin:  1752 06:17:04    -2397.490784        0.067458
MDMin:  1753 06:17:06    -2397.490784        0.067486
MDMin:  1754 06:17:08    -2397.490784        0.067512
MDMin:  1755 06:17:10    -2397.490784        0.067535
MDMin:  1756 06:17:12    -2397.490784        0.067555
MDMin:  1757 06:17:14    -2397.490784        0.067573
MDMin:  1758 06:17:16    -2397.490784        0.067588
MDMin:  1759 06:17:18    -2397.490784        0.067599
MDMin:  1760 06:17:20    -2397.490784        0.067607
MDMin:  1761 06:17:22    -2397.490784        0.067612
MDMin:  1762 06:17:24    -2397.490784        0.067613
MDMin:  1763 06:17:26    -2397.490784        0.067610
MDMin:  1764 06:17:28    -2397.490784        0.067603
MDMin:  1765 06:17:30    -2397.490785        0.067591
MDMin:  1766 06:17:32    -2397.490785        0.067575
MDMin:  1767 06:17:33    -2397.490785        0.067555
MDMin:  1768 06:17:35    -2397.490785        0.067530
MDMin:  1769 06:17:37    -2397.490785        0.067499
MDMin:  1770 06:17:39    -2397.490785        0.067464
MDMin:  1771 06:17:41    -2397.490785        0.067423
MDMin:  1772 06:17:43    -2397.490785        0.067376
MDMin:  1773 06:17:45    -2397.490785        0.067323
MDMin:  1774 06:17:47    -2397.490785        0.067264
MDMin:  1775 06:17:49    -2397.490785        0.067199
MDMin:  1776 06:17:51    -2397.490785        0.067127
MDMin:  1777 06:17:52    -2397.490785        0.067049
MDMin:  1778 06:17:54    -2397.490785        0.066963
MDMin:  1779 06:17:56    -2397.490785        0.066870
MDMin:  1780 06:17:58    -2397.490785        0.066770
MDMin:  1781 06:18:00    -2397.490785        0.066661
MDMin:  1782 06:18:01    -2397.490785        0.066545
MDMin:  1783 06:18:03    -2397.490785        0.066421
MDMin:  1784 06:18:05    -2397.490785        0.066288
MDMin:  1785 06:18:07    -2397.490785        0.066146
MDMin:  1786 06:18:09    -2397.490785        0.065995
MDMin:  1787 06:18:11    -2397.490785        0.065835
MDMin:  1788 06:18:13    -2397.490785        0.065666
MDMin:  1789 06:18:15    -2397.490785        0.065487
MDMin:  1790 06:18:17    -2397.490785        0.065298
MDMin:  1791 06:18:19    -2397.490785        0.065098
MDMin:  1792 06:18:21    -2397.490785        0.064889
MDMin:  1793 06:18:23    -2397.490785        0.064670
MDMin:  1794 06:18:25    -2397.490785        0.064446
MDMin:  1795 06:18:27    -2397.490785        0.067918
MDMin:  1796 06:18:29    -2397.490785        0.067773
MDMin:  1797 06:18:31    -2397.490785        0.063944
MDMin:  1798 06:18:33    -2397.490785        0.063833
MDMin:  1799 06:18:35    -2397.490786        0.063719
MDMin:  1800 06:18:37    -2397.490786        0.063602
MDMin:  1801 06:18:39    -2397.490786        0.063581
MDMin:  1802 06:18:41    -2397.490786        0.063585
MDMin:  1803 06:18:43    -2397.490786        0.063589
MDMin:  1804 06:18:44    -2397.490786        0.063592
MDMin:  1805 06:18:46    -2397.490786        0.063594
MDMin:  1806 06:18:48    -2397.490786        0.063595
MDMin:  1807 06:18:50    -2397.490786        0.063595
MDMin:  1808 06:18:52    -2397.490786        0.063594
MDMin:  1809 06:18:54    -2397.490786        0.063591
MDMin:  1810 06:18:56    -2397.490786        0.063587
MDMin:  1811 06:18:58    -2397.490786        0.063581
MDMin:  1812 06:19:00    -2397.490786        0.063575
MDMin:  1813 06:19:02    -2397.490786        0.063568
MDMin:  1814 06:19:04    -2397.490786        0.063560
MDMin:  1815 06:19:06    -2397.490786        0.063551
MDMin:  1816 06:19:08    -2397.490786        0.063540
MDMin:  1817 06:19:10    -2397.490786        0.063528
MDMin:  1818 06:19:12    -2397.490786        0.063515
MDMin:  1819 06:19:13    -2397.490786        0.063500
MDMin:  1820 06:19:15    -2397.490786        0.063483
MDMin:  1821 06:19:17    -2397.490786        0.063465
MDMin:  1822 06:19:19    -2397.490786        0.063445
MDMin:  1823 06:19:21    -2397.490786        0.063423
MDMin:  1824 06:19:23    -2397.490786        0.063399
MDMin:  1825 06:19:25    -2397.490786        0.063373
MDMin:  1826 06:19:27    -2397.490786        0.063345
MDMin:  1827 06:19:29    -2397.490786        0.063315
MDMin:  1828 06:19:30    -2397.490786        0.063282
MDMin:  1829 06:19:32    -2397.490786        0.063247
MDMin:  1830 06:19:34    -2397.490786        0.063209
MDMin:  1831 06:19:36    -2397.490786        0.063169
MDMin:  1832 06:19:38    -2397.490786        0.063126
MDMin:  1833 06:19:40    -2397.490786        0.063080
MDMin:  1834 06:19:42    -2397.490786        0.063032
MDMin:  1835 06:19:44    -2397.490786        0.062981
MDMin:  1836 06:19:45    -2397.490786        0.062927
MDMin:  1837 06:19:47    -2397.490786        0.062870
MDMin:  1838 06:19:49    -2397.490786        0.062810
MDMin:  1839 06:19:51    -2397.490786        0.062746
MDMin:  1840 06:19:53    -2397.490786        0.062680
MDMin:  1841 06:19:55    -2397.490786        0.062611
MDMin:  1842 06:19:57    -2397.490786        0.062539
MDMin:  1843 06:19:59    -2397.490786        0.062464
MDMin:  1844 06:20:01    -2397.490786        0.062386
MDMin:  1845 06:20:03    -2397.490786        0.062305
MDMin:  1846 06:20:04    -2397.490786        0.062221
MDMin:  1847 06:20:06    -2397.490786        0.062134
MDMin:  1848 06:20:07    -2397.490786        0.062045
MDMin:  1849 06:20:08    -2397.490787        0.061954
MDMin:  1850 06:20:09    -2397.490787        0.061860
MDMin:  1851 06:20:10    -2397.490787        0.061764
MDMin:  1852 06:20:11    -2397.490787        0.061666
MDMin:  1853 06:20:13    -2397.490787        0.061566
MDMin:  1854 06:20:14    -2397.490787        0.061465
MDMin:  1855 06:20:15    -2397.490787        0.061364
MDMin:  1856 06:20:17    -2397.490787        0.061263
MDMin:  1857 06:20:19    -2397.490787        0.061162
MDMin:  1858 06:20:21    -2397.490787        0.061061
MDMin:  1859 06:20:23    -2397.490787        0.060961
MDMin:  1860 06:20:24    -2397.490787        0.060863
MDMin:  1861 06:20:26    -2397.490787        0.060766
MDMin:  1862 06:20:28    -2397.490787        0.060671
MDMin:  1863 06:20:30    -2397.490787        0.060578
MDMin:  1864 06:20:32    -2397.490787        0.060489
MDMin:  1865 06:20:34    -2397.490787        0.060403
MDMin:  1866 06:20:36    -2397.490787        0.060320
MDMin:  1867 06:20:38    -2397.490787        0.060245
MDMin:  1868 06:20:40    -2397.490787        0.063244
MDMin:  1869 06:20:42    -2397.490787        0.063206
MDMin:  1870 06:20:43    -2397.490787        0.060101
MDMin:  1871 06:20:45    -2397.490787        0.060073
MDMin:  1872 06:20:47    -2397.490787        0.060046
MDMin:  1873 06:20:49    -2397.490787        0.060020
MDMin:  1874 06:20:51    -2397.490787        0.059994
MDMin:  1875 06:20:53    -2397.490787        0.059969
MDMin:  1876 06:20:55    -2397.490787        0.059945
MDMin:  1877 06:20:57    -2397.490787        0.059923
MDMin:  1878 06:20:59    -2397.490787        0.059901
MDMin:  1879 06:21:01    -2397.490787        0.059880
MDMin:  1880 06:21:03    -2397.490787        0.059861
MDMin:  1881 06:21:05    -2397.490787        0.059843
MDMin:  1882 06:21:06    -2397.490787        0.059826
MDMin:  1883 06:21:08    -2397.490787        0.059812
MDMin:  1884 06:21:10    -2397.490787        0.059799
MDMin:  1885 06:21:12    -2397.490787        0.059787
MDMin:  1886 06:21:14    -2397.490787        0.059778
MDMin:  1887 06:21:16    -2397.490787        0.059771
MDMin:  1888 06:21:18    -2397.490787        0.059766
MDMin:  1889 06:21:19    -2397.490787        0.059764
MDMin:  1890 06:21:21    -2397.490787        0.059764
MDMin:  1891 06:21:23    -2397.490787        0.059767
MDMin:  1892 06:21:25    -2397.490787        0.059773
MDMin:  1893 06:21:27    -2397.490787        0.059782
MDMin:  1894 06:21:30    -2397.490787        0.059794
MDMin:  1895 06:21:32    -2397.490787        0.059810
MDMin:  1896 06:21:33    -2397.490787        0.059829
MDMin:  1897 06:21:35    -2397.490787        0.059852
MDMin:  1898 06:21:37    -2397.490788        0.059879
MDMin:  1899 06:21:39    -2397.490788        0.059909
MDMin:  1900 06:21:41    -2397.490788        0.059944
MDMin:  1901 06:21:42    -2397.490788        0.059984
MDMin:  1902 06:21:43    -2397.490788        0.060028
MDMin:  1903 06:21:44    -2397.490788        0.060077
MDMin:  1904 06:21:46    -2397.490788        0.060131
MDMin:  1905 06:21:47    -2397.490788        0.060190
MDMin:  1906 06:21:49    -2397.490788        0.060254
MDMin:  1907 06:21:51    -2397.490788        0.060324
MDMin:  1908 06:21:53    -2397.490788        0.060399
MDMin:  1909 06:21:55    -2397.490788        0.060481
MDMin:  1910 06:21:57    -2397.490788        0.060568
MDMin:  1911 06:21:59    -2397.490788        0.060661
MDMin:  1912 06:22:00    -2397.490788        0.060761
MDMin:  1913 06:22:02    -2397.490788        0.060867
MDMin:  1914 06:22:04    -2397.490788        0.060980
MDMin:  1915 06:22:06    -2397.490788        0.061100
MDMin:  1916 06:22:08    -2397.490788        0.061227
MDMin:  1917 06:22:10    -2397.490788        0.061360
MDMin:  1918 06:22:12    -2397.490788        0.061501
MDMin:  1919 06:22:14    -2397.490788        0.061649
MDMin:  1920 06:22:16    -2397.490788        0.061805
MDMin:  1921 06:22:18    -2397.490788        0.061968
MDMin:  1922 06:22:20    -2397.490788        0.062138
MDMin:  1923 06:22:21    -2397.490788        0.062317
MDMin:  1924 06:22:23    -2397.490788        0.062503
MDMin:  1925 06:22:25    -2397.490788        0.062697
MDMin:  1926 06:22:27    -2397.490788        0.062898
MDMin:  1927 06:22:29    -2397.490788        0.063108
MDMin:  1928 06:22:31    -2397.490788        0.063325
MDMin:  1929 06:22:33    -2397.490788        0.063551
MDMin:  1930 06:22:35    -2397.490788        0.063784
MDMin:  1931 06:22:37    -2397.490788        0.064026
MDMin:  1932 06:22:39    -2397.490788        0.064275
MDMin:  1933 06:22:41    -2397.490788        0.064532
MDMin:  1934 06:22:42    -2397.490788        0.064798
MDMin:  1935 06:22:44    -2397.490788        0.065071
MDMin:  1936 06:22:46    -2397.490788        0.065352
MDMin:  1937 06:22:48    -2397.490788        0.065640
MDMin:  1938 06:22:50    -2397.490788        0.065937
MDMin:  1939 06:22:52    -2397.490788        0.066240
MDMin:  1940 06:22:54    -2397.490788        0.066553
MDMin:  1941 06:22:56    -2397.490788        0.066870
MDMin:  1942 06:22:58    -2397.490789        0.067201
MDMin:  1943 06:23:00    -2397.490789        0.067526
MDMin:  1944 06:23:01    -2397.490789        0.067880
MDMin:  1945 06:23:03    -2397.490789        0.068194
MDMin:  1946 06:23:05    -2397.490789        0.068561
MDMin:  1947 06:23:07    -2397.490789        0.068766
MDMin:  1948 06:23:09    -2397.490789        0.068976
MDMin:  1949 06:23:11    -2397.490789        0.069112
MDMin:  1950 06:23:13    -2397.490789        0.069262
MDMin:  1951 06:23:15    -2397.490789        0.069412
MDMin:  1952 06:23:17    -2397.490789        0.069567
MDMin:  1953 06:23:19    -2397.490789        0.069725
MDMin:  1954 06:23:21    -2397.490789        0.069886
MDMin:  1955 06:23:23    -2397.490789        0.070052
MDMin:  1956 06:23:25    -2397.490789        0.070221
MDMin:  1957 06:23:27    -2397.490789        0.070393
MDMin:  1958 06:23:29    -2397.490789        0.070570
MDMin:  1959 06:23:30    -2397.490789        0.070750
MDMin:  1960 06:23:33    -2397.490789        0.070935
MDMin:  1961 06:23:34    -2397.490789        0.071123
MDMin:  1962 06:23:36    -2397.490789        0.071315
MDMin:  1963 06:23:38    -2397.490789        0.071510
MDMin:  1964 06:23:40    -2397.490789        0.071710
MDMin:  1965 06:23:42    -2397.490789        0.071914
MDMin:  1966 06:23:44    -2397.490789        0.072122
MDMin:  1967 06:23:46    -2397.490789        0.072333
MDMin:  1968 06:23:48    -2397.490789        0.072548
MDMin:  1969 06:23:50    -2397.490789        0.072768
MDMin:  1970 06:23:52    -2397.490789        0.072992
MDMin:  1971 06:23:54    -2397.490789        0.073219
MDMin:  1972 06:23:56    -2397.490789        0.073452
MDMin:  1973 06:23:58    -2397.490789        0.073688
MDMin:  1974 06:24:01    -2397.490789        0.073928
MDMin:  1975 06:24:02    -2397.490789        0.074173
MDMin:  1976 06:24:04    -2397.490789        0.074421
MDMin:  1977 06:24:06    -2397.490789        0.074674
MDMin:  1978 06:24:08    -2397.490789        0.074930
MDMin:  1979 06:24:10    -2397.490789        0.075190
MDMin:  1980 06:24:12    -2397.490789        0.075454
MDMin:  1981 06:24:14    -2397.490789        0.075721
MDMin:  1982 06:24:16    -2397.490789        0.075991
MDMin:  1983 06:24:17    -2397.490789        0.076264
MDMin:  1984 06:24:18    -2397.490789        0.076540
MDMin:  1985 06:24:19    -2397.490789        0.076819
MDMin:  1986 06:24:20    -2397.490789        0.077100
MDMin:  1987 06:24:21    -2397.490789        0.077382
MDMin:  1988 06:24:23    -2397.490789        0.077667
MDMin:  1989 06:24:25    -2397.490789        0.077952
MDMin:  1990 06:24:27    -2397.490789        0.078238
MDMin:  1991 06:24:29    -2397.490789        0.078525
MDMin:  1992 06:24:31    -2397.490789        0.078811
MDMin:  1993 06:24:33    -2397.490789        0.079096
MDMin:  1994 06:24:35    -2397.490789        0.079379
MDMin:  1995 06:24:37    -2397.490789        0.079660
MDMin:  1996 06:24:39    -2397.490789        0.079938
MDMin:  1997 06:24:41    -2397.490789        0.080213
MDMin:  1998 06:24:43    -2397.490789        0.080482
MDMin:  1999 06:24:45    -2397.490789        0.080745
MDMin:  2000 06:24:47    -2397.490789        0.081002
MDMin:  2001 06:24:49    -2397.490789        0.081250
MDMin:  2002 06:24:51    -2397.490790        0.081490
MDMin:  2003 06:24:53    -2397.490790        0.081718
MDMin:  2004 06:24:55    -2397.490790        0.081935
MDMin:  2005 06:24:57    -2397.490790        0.082138
MDMin:  2006 06:24:59    -2397.490790        0.082326
MDMin:  2007 06:25:01    -2397.490790        0.082497
MDMin:  2008 06:25:03    -2397.490790        0.082650
MDMin:  2009 06:25:05    -2397.490790        0.082784
MDMin:  2010 06:25:07    -2397.490790        0.082895
MDMin:  2011 06:25:09    -2397.490790        0.082982
MDMin:  2012 06:25:11    -2397.490790        0.083044
MDMin:  2013 06:25:13    -2397.490790        0.083079
MDMin:  2014 06:25:15    -2397.490790        0.083085
MDMin:  2015 06:25:17    -2397.490790        0.083059
MDMin:  2016 06:25:19    -2397.490790        0.083000
MDMin:  2017 06:25:21    -2397.490790        0.082907
MDMin:  2018 06:25:23    -2397.490790        0.082776
MDMin:  2019 06:25:25    -2397.490790        0.082608
MDMin:  2020 06:25:27    -2397.490790        0.082399
MDMin:  2021 06:25:29    -2397.490790        0.082153
MDMin:  2022 06:25:31    -2397.490790        0.081863
MDMin:  2023 06:25:33    -2397.490790        0.081557
MDMin:  2024 06:25:35    -2397.490790        0.081249
MDMin:  2025 06:25:37    -2397.490790        0.081031
MDMin:  2026 06:25:38    -2397.490790        0.080843
MDMin:  2027 06:25:39    -2397.490790        0.080655
MDMin:  2028 06:25:41    -2397.490790        0.080456
MDMin:  2029 06:25:42    -2397.490790        0.080245
MDMin:  2030 06:25:43    -2397.490790        0.080021
MDMin:  2031 06:25:45    -2397.490790        0.079786
MDMin:  2032 06:25:46    -2397.490790        0.079537
MDMin:  2033 06:25:48    -2397.490790        0.079275
MDMin:  2034 06:25:50    -2397.490790        0.078999
MDMin:  2035 06:25:52    -2397.490790        0.078709
MDMin:  2036 06:25:54    -2397.490790        0.078405
MDMin:  2037 06:25:56    -2397.490790        0.078086
MDMin:  2038 06:25:58    -2397.490790        0.077751
MDMin:  2039 06:25:59    -2397.490790        0.077402
MDMin:  2040 06:26:01    -2397.490790        0.077036
MDMin:  2041 06:26:04    -2397.490790        0.076654
MDMin:  2042 06:26:06    -2397.490790        0.076256
MDMin:  2043 06:26:08    -2397.490790        0.075842
MDMin:  2044 06:26:10    -2397.490790        0.075410
MDMin:  2045 06:26:11    -2397.490790        0.074962
MDMin:  2046 06:26:13    -2397.490790        0.074496
MDMin:  2047 06:26:15    -2397.490790        0.074013
MDMin:  2048 06:26:17    -2397.490790        0.074335
MDMin:  2049 06:26:19    -2397.490790        0.074904
MDMin:  2050 06:26:22    -2397.490790        0.075484
MDMin:  2051 06:26:24    -2397.490790        0.076074
MDMin:  2052 06:26:25    -2397.490790        0.076674
MDMin:  2053 06:26:27    -2397.490790        0.077283
MDMin:  2054 06:26:29    -2397.490790        0.077901
MDMin:  2055 06:26:31    -2397.490790        0.078528
MDMin:  2056 06:26:33    -2397.490790        0.079162
MDMin:  2057 06:26:35    -2397.490790        0.079804
MDMin:  2058 06:26:38    -2397.490790        0.080453
MDMin:  2059 06:26:40    -2397.490790        0.081109
MDMin:  2060 06:26:42    -2397.490790        0.081769
MDMin:  2061 06:26:43    -2397.490790        0.082435
MDMin:  2062 06:26:44    -2397.490790        0.083105
MDMin:  2063 06:26:46    -2397.490790        0.083778
MDMin:  2064 06:26:48    -2397.490791        0.084454
MDMin:  2065 06:26:50    -2397.490791        0.085132
MDMin:  2066 06:26:52    -2397.490791        0.085810
MDMin:  2067 06:26:54    -2397.490791        0.086489
MDMin:  2068 06:26:56    -2397.490791        0.087166
MDMin:  2069 06:26:58    -2397.490791        0.087842
MDMin:  2070 06:27:00    -2397.490791        0.088515
MDMin:  2071 06:27:02    -2397.490791        0.089184
MDMin:  2072 06:27:04    -2397.490791        0.089848
MDMin:  2073 06:27:06    -2397.490791        0.090506
MDMin:  2074 06:27:08    -2397.490791        0.091158
MDMin:  2075 06:27:10    -2397.490791        0.091802
MDMin:  2076 06:27:12    -2397.490791        0.092437
MDMin:  2077 06:27:14    -2397.490791        0.093062
MDMin:  2078 06:27:16    -2397.490791        0.093676
MDMin:  2079 06:27:18    -2397.490791        0.094282
MDMin:  2080 06:27:20    -2397.490791        0.094878
MDMin:  2081 06:27:22    -2397.490791        0.095465
MDMin:  2082 06:27:24    -2397.490791        0.096041
MDMin:  2083 06:27:26    -2397.490791        0.096606
MDMin:  2084 06:27:28    -2397.490791        0.097158
MDMin:  2085 06:27:30    -2397.490791        0.097698
MDMin:  2086 06:27:32    -2397.490791        0.098224
MDMin:  2087 06:27:33    -2397.490791        0.098735
MDMin:  2088 06:27:35    -2397.490791        0.099230
MDMin:  2089 06:27:38    -2397.490791        0.099709
MDMin:  2090 06:27:40    -2397.490791        0.100172
MDMin:  2091 06:27:42    -2397.490791        0.100615
MDMin:  2092 06:27:44    -2397.490791        0.101037
MDMin:  2093 06:27:46    -2397.490791        0.101422
MDMin:  2094 06:27:48    -2397.490791        0.101754
MDMin:  2095 06:27:50    -2397.490791        0.101974
MDMin:  2096 06:27:51    -2397.490791        0.102126
MDMin:  2097 06:27:53    -2397.490791        0.102258
MDMin:  2098 06:27:55    -2397.490791        0.102389
MDMin:  2099 06:27:57    -2397.490791        0.102519
MDMin:  2100 06:27:59    -2397.490791        0.102649
MDMin:  2101 06:28:01    -2397.490791        0.102779
MDMin:  2102 06:28:03    -2397.490791        0.102907
MDMin:  2103 06:28:04    -2397.490791        0.103034
MDMin:  2104 06:28:06    -2397.490791        0.103160
MDMin:  2105 06:28:07    -2397.490791        0.103285
MDMin:  2106 06:28:08    -2397.490791        0.103408
MDMin:  2107 06:28:09    -2397.490791        0.103530
MDMin:  2108 06:28:10    -2397.490791        0.103650
MDMin:  2109 06:28:12    -2397.490791        0.103769
MDMin:  2110 06:28:14    -2397.490791        0.103886
MDMin:  2111 06:28:16    -2397.490791        0.104001
MDMin:  2112 06:28:18    -2397.490791        0.104115
MDMin:  2113 06:28:20    -2397.490791        0.104227
MDMin:  2114 06:28:22    -2397.490791        0.104337
MDMin:  2115 06:28:24    -2397.490791        0.104446
MDMin:  2116 06:28:26    -2397.490791        0.104553
MDMin:  2117 06:28:28    -2397.490791        0.104659
MDMin:  2118 06:28:30    -2397.490791        0.104764
MDMin:  2119 06:28:32    -2397.490791        0.104868
MDMin:  2120 06:28:34    -2397.490791        0.104971
MDMin:  2121 06:28:36    -2397.490791        0.105074
MDMin:  2122 06:28:38    -2397.490791        0.105177
MDMin:  2123 06:28:40    -2397.490791        0.105280
MDMin:  2124 06:28:42    -2397.490791        0.105384
MDMin:  2125 06:28:44    -2397.490791        0.105489
MDMin:  2126 06:28:46    -2397.490791        0.105595
MDMin:  2127 06:28:48    -2397.490791        0.105704
MDMin:  2128 06:28:50    -2397.490791        0.105816
MDMin:  2129 06:28:51    -2397.490791        0.105931
MDMin:  2130 06:28:53    -2397.490791        0.106051
MDMin:  2131 06:28:55    -2397.490792        0.106175
MDMin:  2132 06:28:57    -2397.490792        0.106306
MDMin:  2133 06:28:59    -2397.490792        0.106446
MDMin:  2134 06:29:01    -2397.490792        0.106596
MDMin:  2135 06:29:03    -2397.490792        0.106759
MDMin:  2136 06:29:05    -2397.490792        0.106934
MDMin:  2137 06:29:07    -2397.490792        0.107125
MDMin:  2138 06:29:09    -2397.490792        0.107333
MDMin:  2139 06:29:11    -2397.490792        0.107559
MDMin:  2140 06:29:13    -2397.490792        0.107806
MDMin:  2141 06:29:15    -2397.490792        0.108074
MDMin:  2142 06:29:17    -2397.490792        0.108366
MDMin:  2143 06:29:19    -2397.490792        0.108685
MDMin:  2144 06:29:21    -2397.490792        0.109031
MDMin:  2145 06:29:23    -2397.490792        0.109406
MDMin:  2146 06:29:25    -2397.490792        0.109814
MDMin:  2147 06:29:27    -2397.490792        0.110256
MDMin:  2148 06:29:29    -2397.490792        0.110734
MDMin:  2149 06:29:31    -2397.490792        0.111251
MDMin:  2150 06:29:33    -2397.490792        0.111808
MDMin:  2151 06:29:35    -2397.490792        0.112408
MDMin:  2152 06:29:37    -2397.490792        0.113054
MDMin:  2153 06:29:39    -2397.490792        0.113746
MDMin:  2154 06:29:41    -2397.490792        0.114489
MDMin:  2155 06:29:43    -2397.490792        0.115283
MDMin:  2156 06:29:45    -2397.490792        0.116131
MDMin:  2157 06:29:47    -2397.490792        0.117033
MDMin:  2158 06:29:49    -2397.490792        0.117995
MDMin:  2159 06:29:51    -2397.490792        0.119012
MDMin:  2160 06:29:53    -2397.490792        0.120095
MDMin:  2161 06:29:54    -2397.490792        0.121232
MDMin:  2162 06:29:56    -2397.490792        0.122440
MDMin:  2163 06:29:57    -2397.490792        0.123701
MDMin:  2164 06:29:58    -2397.490792        0.125038
MDMin:  2165 06:30:00    -2397.490792        0.126420
MDMin:  2166 06:30:01    -2397.490792        0.127886
MDMin:  2167 06:30:03    -2397.490792        0.129378
MDMin:  2168 06:30:05    -2397.490792        0.130958
MDMin:  2169 06:30:07    -2397.490792        0.132521
MDMin:  2170 06:30:09    -2397.490792        0.134141
MDMin:  2171 06:30:11    -2397.490792        0.135641
MDMin:  2172 06:30:13    -2397.490792        0.137095
MDMin:  2173 06:30:15    -2397.490792        0.138375
MDMin:  2174 06:30:17    -2397.490792        0.139618
MDMin:  2175 06:30:19    -2397.490792        0.140821
MDMin:  2176 06:30:21    -2397.490792        0.142044
MDMin:  2177 06:30:22    -2397.490792        0.143284
MDMin:  2178 06:30:24    -2397.490792        0.144551
MDMin:  2179 06:30:26    -2397.490792        0.145842
MDMin:  2180 06:30:28    -2397.490792        0.147158
MDMin:  2181 06:30:30    -2397.490792        0.148496
MDMin:  2182 06:30:32    -2397.490792        0.149854
MDMin:  2183 06:30:34    -2397.490792        0.151229
MDMin:  2184 06:30:36    -2397.490792        0.152620
MDMin:  2185 06:30:38    -2397.490792        0.154024
MDMin:  2186 06:30:40    -2397.490792        0.155437
MDMin:  2187 06:30:42    -2397.490792        0.156856
MDMin:  2188 06:30:44    -2397.490792        0.158279
MDMin:  2189 06:30:46    -2397.490792        0.159700
MDMin:  2190 06:30:47    -2397.490792        0.161117
MDMin:  2191 06:30:49    -2397.490792        0.162525
MDMin:  2192 06:30:50    -2397.490792        0.163920
MDMin:  2193 06:30:51    -2397.490792        0.165297
MDMin:  2194 06:30:52    -2397.490792        0.166651
MDMin:  2195 06:30:53    -2397.490792        0.167977
MDMin:  2196 06:30:55    -2397.490792        0.169270
MDMin:  2197 06:30:57    -2397.490792        0.170524
MDMin:  2198 06:30:59    -2397.490792        0.171733
MDMin:  2199 06:31:01    -2397.490792        0.172890
MDMin:  2200 06:31:03    -2397.490792        0.173990
MDMin:  2201 06:31:04    -2397.490792        0.175026
MDMin:  2202 06:31:06    -2397.490792        0.175990
MDMin:  2203 06:31:07    -2397.490792        0.176877
MDMin:  2204 06:31:08    -2397.490792        0.177678
MDMin:  2205 06:31:09    -2397.490792        0.178386
MDMin:  2206 06:31:11    -2397.490792        0.178994
MDMin:  2207 06:31:12    -2397.490793        0.179493
MDMin:  2208 06:31:13    -2397.490793        0.179876
MDMin:  2209 06:31:15    -2397.490793        0.180135
MDMin:  2210 06:31:16    -2397.490793        0.180261
MDMin:  2211 06:31:17    -2397.490793        0.180247
MDMin:  2212 06:31:18    -2397.490793        0.180084
MDMin:  2213 06:31:20    -2397.490793        0.179761
MDMin:  2214 06:31:21    -2397.490793        0.179270
MDMin:  2215 06:31:22    -2397.490793        0.178602
MDMin:  2216 06:31:24    -2397.490793        0.177749
MDMin:  2217 06:31:25    -2397.490793        0.176702
MDMin:  2218 06:31:27    -2397.490793        0.175455
MDMin:  2219 06:31:28    -2397.490793        0.173999
MDMin:  2220 06:31:29    -2397.490793        0.172328
MDMin:  2221 06:31:31    -2397.490793        0.170434
MDMin:  2222 06:31:32    -2397.490793        0.168313
MDMin:  2223 06:31:33    -2397.490793        0.165960
MDMin:  2224 06:31:34    -2397.490793        0.163368
MDMin:  2225 06:31:36    -2397.490793        0.160534
MDMin:  2226 06:31:37    -2397.490793        0.157455
MDMin:  2227 06:31:39    -2397.490793        0.154129
MDMin:  2228 06:31:41    -2397.490793        0.150560
MDMin:  2229 06:31:43    -2397.490793        0.146748
MDMin:  2230 06:31:45    -2397.490793        0.142699
MDMin:  2231 06:31:47    -2397.490793        0.138420
MDMin:  2232 06:31:49    -2397.490793        0.133923
MDMin:  2233 06:31:51    -2397.490793        0.129218
MDMin:  2234 06:31:53    -2397.490793        0.124323
MDMin:  2235 06:31:55    -2397.490793        0.119253
MDMin:  2236 06:31:57    -2397.490793        0.114031
MDMin:  2237 06:31:58    -2397.490793        0.108673
MDMin:  2238 06:32:00    -2397.490793        0.103211
MDMin:  2239 06:32:01    -2397.490793        0.097661
MDMin:  2240 06:32:02    -2397.490793        0.095038
MDMin:  2241 06:32:04    -2397.490793        0.092696
MDMin:  2242 06:32:06    -2397.490793        0.090160
MDMin:  2243 06:32:08    -2397.490793        0.087470
MDMin:  2244 06:32:09    -2397.490793        0.084582
MDMin:  2245 06:32:10    -2397.490793        0.081613
MDMin:  2246 06:32:11    -2397.490793        0.078363
MDMin:  2247 06:32:13    -2397.490793        0.075314
MDMin:  2248 06:32:14    -2397.490793        0.071417
MDMin:  2249 06:32:15    -2397.490793        0.069280
MDMin:  2250 06:32:16    -2397.490793        0.104759
MDMin:  2251 06:32:18    -2397.490793        0.171387
MDMin:  2252 06:32:19    -2397.490793        0.081828
MDMin:  2253 06:32:20    -2397.490793        0.065505
MDMin:  2254 06:32:22    -2397.490793        0.065096
MDMin:  2255 06:32:23    -2397.490793        0.064720
MDMin:  2256 06:32:24    -2397.490793        0.064344
MDMin:  2257 06:32:25    -2397.490793        0.063960
MDMin:  2258 06:32:26    -2397.490793        0.063568
MDMin:  2259 06:32:28    -2397.490793        0.063168
MDMin:  2260 06:32:29    -2397.490793        0.062760
MDMin:  2261 06:32:30    -2397.490793        0.062345
MDMin:  2262 06:32:31    -2397.490793        0.061923
MDMin:  2263 06:32:33    -2397.490793        0.061494
MDMin:  2264 06:32:34    -2397.490793        0.061059
MDMin:  2265 06:32:35    -2397.490793        0.060618
MDMin:  2266 06:32:36    -2397.490793        0.060172
MDMin:  2267 06:32:38    -2397.490793        0.059720
MDMin:  2268 06:32:39    -2397.490793        0.059264
MDMin:  2269 06:32:40    -2397.490793        0.058804
MDMin:  2270 06:32:42    -2397.490793        0.058340
MDMin:  2271 06:32:43    -2397.490793        0.057873
MDMin:  2272 06:32:44    -2397.490793        0.057403
MDMin:  2273 06:32:45    -2397.490793        0.056931
MDMin:  2274 06:32:47    -2397.490793        0.056457
MDMin:  2275 06:32:48    -2397.490793        0.055982
MDMin:  2276 06:32:49    -2397.490793        0.055506
MDMin:  2277 06:32:51    -2397.490793        0.055030
MDMin:  2278 06:32:52    -2397.490793        0.054554
MDMin:  2279 06:32:53    -2397.490793        0.054079
MDMin:  2280 06:32:54    -2397.490793        0.053606
MDMin:  2281 06:32:55    -2397.490793        0.053134
MDMin:  2282 06:32:57    -2397.490793        0.052664
MDMin:  2283 06:32:58    -2397.490793        0.052197
MDMin:  2284 06:32:59    -2397.490793        0.051733
MDMin:  2285 06:33:01    -2397.490793        0.051273
MDMin:  2286 06:33:02    -2397.490793        0.050817
MDMin:  2287 06:33:03    -2397.490793        0.050365
MDMin:  2288 06:33:04    -2397.490793        0.049918
