       Step     Time          Energy          fmax
MDMin:    0 10:56:21    -2394.685860        4.898491
MDMin:    1 10:56:23    -2394.691081        4.962543
MDMin:    2 10:56:25    -2394.706215        5.092412
MDMin:    3 10:56:27    -2394.729753        5.056182
MDMin:    4 10:56:29    -2394.759850        4.468775
MDMin:    5 10:56:31    -2394.795337        3.404064
MDMin:    6 10:56:33    -2394.836048        3.751385
MDMin:    7 10:56:35    -2394.882586        3.760879
MDMin:    8 10:56:36    -2394.938089        2.774253
MDMin:    9 10:56:38    -2395.013985        1.703255
MDMin:   10 10:56:40    -2395.127772        1.689580
MDMin:   11 10:56:42    -2395.284520        1.801581
MDMin:   12 10:56:44    -2395.424764        1.643614
MDMin:   13 10:56:46    -2395.494497        1.473621
MDMin:   14 10:56:47    -2395.530240        1.364213
MDMin:   15 10:56:48    -2395.551824        2.050134
MDMin:   16 10:56:50    -2395.560392        1.071544
MDMin:   17 10:56:51    -2395.567953        1.013328
MDMin:   18 10:56:52    -2395.575429        0.984762
MDMin:   19 10:56:53    -2395.582986        0.995171
MDMin:   20 10:56:54    -2395.590593        0.999406
MDMin:   21 10:56:56    -2395.598315        0.996550
MDMin:   22 10:56:58    -2395.606139        0.988049
MDMin:   23 10:57:00    -2395.614111        0.977995
MDMin:   24 10:57:02    -2395.622066        0.971011
MDMin:   25 10:57:04    -2395.629736        0.967427
MDMin:   26 10:57:06    -2395.636414        0.962627
MDMin:   27 10:57:07    -2395.641817        0.953693
MDMin:   28 10:57:09    -2395.646465        0.940806
MDMin:   29 10:57:11    -2395.651347        0.922137
MDMin:   30 10:57:12    -2395.656718        0.910169
MDMin:   31 10:57:14    -2395.662712        0.906746
MDMin:   32 10:57:15    -2395.669428        0.895288
MDMin:   33 10:57:17    -2395.676966        0.870766
MDMin:   34 10:57:19    -2395.685430        0.829615
MDMin:   35 10:57:20    -2395.694883        0.773858
MDMin:   36 10:57:22    -2395.705270        0.724608
MDMin:   37 10:57:23    -2395.715844        0.756012
MDMin:   38 10:57:25    -2395.725263        0.821999
MDMin:   39 10:57:27    -2395.733081        0.650572
MDMin:   40 10:57:29    -2395.740674        0.627004
MDMin:   41 10:57:30    -2395.749135        0.599743
MDMin:   42 10:57:32    -2395.758872        0.568799
MDMin:   43 10:57:34    -2395.770079        0.557940
MDMin:   44 10:57:36    -2395.782974        0.576193
MDMin:   45 10:57:37    -2395.797742        0.597378
MDMin:   46 10:57:38    -2395.814617        0.637007
MDMin:   47 10:57:40    -2395.833779        0.684068
MDMin:   48 10:57:41    -2395.850543        0.729538
MDMin:   49 10:57:43    -2395.865585        0.759026
MDMin:   50 10:57:45    -2395.880951        0.792894
MDMin:   51 10:57:46    -2395.895656        0.841296
MDMin:   52 10:57:48    -2395.910032        0.891861
MDMin:   53 10:57:50    -2395.925541        0.948132
MDMin:   54 10:57:52    -2395.943453        1.012356
MDMin:   55 10:57:54    -2395.964806        1.083064
MDMin:   56 10:57:55    -2395.990876        1.153446
MDMin:   57 10:57:56    -2396.023312        1.209358
MDMin:   58 10:57:58    -2396.064498        1.232030
MDMin:   59 10:58:00    -2396.117507        1.208015
MDMin:   60 10:58:02    -2396.185372        1.309439
MDMin:   61 10:58:04    -2396.267935        1.360731
MDMin:   62 10:58:06    -2396.357316        1.285092
MDMin:   63 10:58:08    -2396.437734        1.071702
MDMin:   64 10:58:10    -2396.496807        0.809325
MDMin:   65 10:58:12    -2396.532067        0.964084
MDMin:   66 10:58:13    -2396.548121        0.569330
MDMin:   67 10:58:15    -2396.559648        0.519777
MDMin:   68 10:58:17    -2396.563366        0.524835
MDMin:   69 10:58:19    -2396.564024        0.534641
MDMin:   70 10:58:21    -2396.564736        0.545955
MDMin:   71 10:58:22    -2396.565498        0.559955
MDMin:   72 10:58:24    -2396.566306        0.576131
MDMin:   73 10:58:26    -2396.567152        0.595810
MDMin:   74 10:58:28    -2396.568030        0.623703
MDMin:   75 10:58:30    -2396.568933        0.658201
MDMin:   76 10:58:32    -2396.569853        0.698811
MDMin:   77 10:58:33    -2396.570783        0.744104
MDMin:   78 10:58:35    -2396.571713        0.792262
MDMin:   79 10:58:37    -2396.572628        0.842762
MDMin:   80 10:58:38    -2396.573506        0.893095
MDMin:   81 10:58:39    -2396.574301        0.949720
MDMin:   82 10:58:41    -2396.574991        1.028188
MDMin:   83 10:58:43    -2396.575599        1.114548
MDMin:   84 10:58:45    -2396.576177        1.212830
MDMin:   85 10:58:47    -2396.576756        1.320852
MDMin:   86 10:58:48    -2396.577349        1.419307
MDMin:   87 10:58:50    -2396.577959        1.469821
MDMin:   88 10:58:52    -2396.578597        1.443374
MDMin:   89 10:58:54    -2396.579276        1.351733
MDMin:   90 10:58:55    -2396.580013        1.278936
MDMin:   91 10:58:56    -2396.580826        1.179317
MDMin:   92 10:58:58    -2396.581736        1.048828
MDMin:   93 10:58:59    -2396.582755        0.924014
MDMin:   94 10:59:01    -2396.583870        0.834492
MDMin:   95 10:59:03    -2396.584939        0.958900
MDMin:   96 10:59:05    -2396.585639        0.870828
MDMin:   97 10:59:07    -2396.585963        0.723970
MDMin:   98 10:59:08    -2396.586142        0.744728
MDMin:   99 10:59:10    -2396.586348        0.771979
MDMin:  100 10:59:12    -2396.586584        0.806677
MDMin:  101 10:59:14    -2396.586850        0.848340
MDMin:  102 10:59:16    -2396.587147        0.894138
MDMin:  103 10:59:18    -2396.587473        0.938057
MDMin:  104 10:59:20    -2396.587828        0.971576
MDMin:  105 10:59:22    -2396.588212        0.985679
MDMin:  106 10:59:24    -2396.588625        0.973689
MDMin:  107 10:59:26    -2396.589071        0.935241
MDMin:  108 10:59:27    -2396.589549        0.878336
MDMin:  109 10:59:29    -2396.590061        0.813250
MDMin:  110 10:59:31    -2396.590609        0.815665
MDMin:  111 10:59:32    -2396.591192        0.834708
MDMin:  112 10:59:34    -2396.591811        0.839919
MDMin:  113 10:59:36    -2396.592449        0.836701
MDMin:  114 10:59:38    -2396.593039        1.019409
MDMin:  115 10:59:40    -2396.593386        0.821502
MDMin:  116 10:59:42    -2396.593606        0.815475
MDMin:  117 10:59:43    -2396.593859        0.806873
MDMin:  118 10:59:45    -2396.594143        0.794533
MDMin:  119 10:59:46    -2396.594460        0.776592
MDMin:  120 10:59:48    -2396.594810        0.750603
MDMin:  121 10:59:49    -2396.595195        0.713670
MDMin:  122 10:59:51    -2396.595615        0.662917
MDMin:  123 10:59:53    -2396.596072        0.600819
MDMin:  124 10:59:55    -2396.596569        0.598969
MDMin:  125 10:59:56    -2396.597106        0.628618
MDMin:  126 10:59:58    -2396.597687        0.651819
MDMin:  127 11:00:00    -2396.598314        0.663676
MDMin:  128 11:00:02    -2396.598987        0.659969
MDMin:  129 11:00:04    -2396.599710        0.637975
MDMin:  130 11:00:06    -2396.600481        0.597180
MDMin:  131 11:00:08    -2396.601301        0.601279
MDMin:  132 11:00:10    -2396.602168        0.621869
MDMin:  133 11:00:12    -2396.603073        0.635329
MDMin:  134 11:00:14    -2396.603991        0.642055
MDMin:  135 11:00:15    -2396.604773        0.951282
MDMin:  136 11:00:16    -2396.605183        0.601769
MDMin:  137 11:00:17    -2396.605478        0.570046
MDMin:  138 11:00:19    -2396.605822        0.568336
MDMin:  139 11:00:20    -2396.606212        0.580288
MDMin:  140 11:00:21    -2396.606647        0.593604
MDMin:  141 11:00:23    -2396.607131        0.608203
MDMin:  142 11:00:25    -2396.607666        0.623912
MDMin:  143 11:00:26    -2396.608252        0.640446
MDMin:  144 11:00:27    -2396.608891        0.657397
MDMin:  145 11:00:29    -2396.609586        0.674395
MDMin:  146 11:00:31    -2396.610336        0.690982
MDMin:  147 11:00:33    -2396.611142        0.706558
MDMin:  148 11:00:34    -2396.612001        0.720435
MDMin:  149 11:00:36    -2396.612911        0.731758
MDMin:  150 11:00:37    -2396.613868        0.783615
MDMin:  151 11:00:39    -2396.614871        0.868876
MDMin:  152 11:00:41    -2396.615923        0.927203
MDMin:  153 11:00:43    -2396.617032        0.936671
MDMin:  154 11:00:45    -2396.618219        0.885535
MDMin:  155 11:00:46    -2396.619511        0.783774
MDMin:  156 11:00:47    -2396.620934        0.697818
MDMin:  157 11:00:48    -2396.622524        0.715900
MDMin:  158 11:00:49    -2396.624289        0.723824
MDMin:  159 11:00:51    -2396.626249        0.727489
MDMin:  160 11:00:53    -2396.628198        0.708872
MDMin:  161 11:00:55    -2396.629536        0.747245
MDMin:  162 11:00:57    -2396.630078        0.676353
MDMin:  163 11:00:59    -2396.630752        0.661805
MDMin:  164 11:01:01    -2396.631502        0.644209
MDMin:  165 11:01:02    -2396.632321        0.623833
MDMin:  166 11:01:04    -2396.633209        0.621820
MDMin:  167 11:01:05    -2396.634161        0.628491
MDMin:  168 11:01:06    -2396.635173        0.637422
MDMin:  169 11:01:08    -2396.636240        0.649046
MDMin:  170 11:01:09    -2396.637353        0.663841
MDMin:  171 11:01:11    -2396.638503        0.682277
MDMin:  172 11:01:13    -2396.639679        0.704704
MDMin:  173 11:01:15    -2396.640869        0.731168
MDMin:  174 11:01:17    -2396.642058        0.761191
MDMin:  175 11:01:19    -2396.643236        0.793750
MDMin:  176 11:01:20    -2396.644390        0.827224
MDMin:  177 11:01:21    -2396.645511        0.859730
MDMin:  178 11:01:23    -2396.646593        0.889609
MDMin:  179 11:01:25    -2396.647632        0.915602
MDMin:  180 11:01:27    -2396.648624        0.936760
MDMin:  181 11:01:29    -2396.649569        0.952063
MDMin:  182 11:01:31    -2396.650471        0.958127
MDMin:  183 11:01:33    -2396.651335        0.946305
MDMin:  184 11:01:35    -2396.652175        0.899875
MDMin:  185 11:01:36    -2396.653007        0.799762
MDMin:  186 11:01:38    -2396.653851        0.642009
MDMin:  187 11:01:40    -2396.654620        0.769856
MDMin:  188 11:01:42    -2396.654871        0.436343
MDMin:  189 11:01:44    -2396.655054        0.407836
MDMin:  190 11:01:46    -2396.655265        0.385068
MDMin:  191 11:01:48    -2396.655504        0.373213
MDMin:  192 11:01:49    -2396.655770        0.359587
MDMin:  193 11:01:50    -2396.656064        0.344287
MDMin:  194 11:01:51    -2396.656386        0.327518
MDMin:  195 11:01:53    -2396.656735        0.309590
MDMin:  196 11:01:54    -2396.657113        0.290894
MDMin:  197 11:01:55    -2396.657518        0.271859
MDMin:  198 11:01:57    -2396.657950        0.252909
MDMin:  199 11:01:59    -2396.658410        0.234415
MDMin:  200 11:02:01    -2396.658896        0.216663
MDMin:  201 11:02:03    -2396.659408        0.199843
MDMin:  202 11:02:05    -2396.659947        0.184048
MDMin:  203 11:02:07    -2396.660511        0.169300
MDMin:  204 11:02:09    -2396.661100        0.155572
MDMin:  205 11:02:11    -2396.661716        0.153844
MDMin:  206 11:02:13    -2396.662357        0.159981
MDMin:  207 11:02:14    -2396.663025        0.167594
MDMin:  208 11:02:16    -2396.663718        0.177105
MDMin:  209 11:02:18    -2396.664438        0.189022
MDMin:  210 11:02:19    -2396.665181        0.204018
MDMin:  211 11:02:21    -2396.665946        0.222883
MDMin:  212 11:02:23    -2396.666698        0.245940
MDMin:  213 11:02:25    -2396.667286        0.499265
MDMin:  214 11:02:26    -2396.667468        0.274520
MDMin:  215 11:02:28    -2396.667691        0.284129
MDMin:  216 11:02:30    -2396.667934        0.295111
MDMin:  217 11:02:32    -2396.668196        0.307627
MDMin:  218 11:02:34    -2396.668476        0.321773
MDMin:  219 11:02:36    -2396.668773        0.337612
MDMin:  220 11:02:38    -2396.669086        0.355137
MDMin:  221 11:02:39    -2396.669415        0.374248
MDMin:  222 11:02:41    -2396.669758        0.394719
MDMin:  223 11:02:43    -2396.670115        0.416191
MDMin:  224 11:02:45    -2396.670485        0.438178
MDMin:  225 11:02:46    -2396.670868        0.460109
MDMin:  226 11:02:48    -2396.671264        0.481400
MDMin:  227 11:02:49    -2396.671673        0.501528
MDMin:  228 11:02:51    -2396.672096        0.520080
MDMin:  229 11:02:53    -2396.672535        0.536752
MDMin:  230 11:02:55    -2396.672992        0.551310
MDMin:  231 11:02:57    -2396.673467        0.563510
MDMin:  232 11:02:59    -2396.673963        0.573109
MDMin:  233 11:03:01    -2396.674482        0.580080
MDMin:  234 11:03:03    -2396.675025        0.584759
MDMin:  235 11:03:04    -2396.675596        0.588060
MDMin:  236 11:03:06    -2396.676194        0.591624
MDMin:  237 11:03:08    -2396.676820        0.597776
MDMin:  238 11:03:10    -2396.677475        0.609267
MDMin:  239 11:03:12    -2396.678154        0.629001
MDMin:  240 11:03:14    -2396.678854        0.660212
MDMin:  241 11:03:15    -2396.679569        0.706872
MDMin:  242 11:03:17    -2396.680293        0.775620
MDMin:  243 11:03:19    -2396.681018        0.874614
MDMin:  244 11:03:21    -2396.681738        0.998955
MDMin:  245 11:03:23    -2396.682454        1.096464
MDMin:  246 11:03:24    -2396.683183        0.860372
MDMin:  247 11:03:25    -2396.684072        0.578400
MDMin:  248 11:03:26    -2396.685105        0.454405
MDMin:  249 11:03:28    -2396.685864        0.669934
MDMin:  250 11:03:29    -2396.686075        0.740200
MDMin:  251 11:03:30    -2396.686301        0.923268
MDMin:  252 11:03:32    -2396.686545        1.017422
MDMin:  253 11:03:34    -2396.686817        0.773188
MDMin:  254 11:03:35    -2396.687148        0.419140
MDMin:  255 11:03:37    -2396.687207        0.744248
MDMin:  256 11:03:39    -2396.687260        0.706454
MDMin:  257 11:03:40    -2396.687352        0.386486
MDMin:  258 11:03:42    -2396.687439        0.500177
MDMin:  259 11:03:44    -2396.687494        0.694441
MDMin:  260 11:03:46    -2396.687573        0.627225
MDMin:  261 11:03:48    -2396.687678        0.447846
MDMin:  262 11:03:49    -2396.687735        0.649327
MDMin:  263 11:03:51    -2396.687789        0.680415
MDMin:  264 11:03:52    -2396.687877        0.481823
MDMin:  265 11:03:54    -2396.687933        0.635933
MDMin:  266 11:03:56    -2396.687983        0.679113
MDMin:  267 11:03:57    -2396.688070        0.476832
MDMin:  268 11:03:59    -2396.688135        0.426230
MDMin:  269 11:04:01    -2396.688190        0.676090
MDMin:  270 11:04:03    -2396.688272        0.631466
MDMin:  271 11:04:05    -2396.688393        0.539833
MDMin:  272 11:04:07    -2396.688532        0.488197
MDMin:  273 11:04:09    -2396.688669        0.404919
MDMin:  274 11:04:11    -2396.688795        0.496301
MDMin:  275 11:04:13    -2396.688933        0.661068
MDMin:  276 11:04:14    -2396.689098        0.640925
MDMin:  277 11:04:15    -2396.689305        0.332325
MDMin:  278 11:04:17    -2396.689537        0.652504
MDMin:  279 11:04:19    -2396.689609        0.540871
MDMin:  280 11:04:20    -2396.689706        0.435406
MDMin:  281 11:04:22    -2396.689834        0.576471
MDMin:  282 11:04:24    -2396.689928        0.311744
MDMin:  283 11:04:26    -2396.689998        0.430553
MDMin:  284 11:04:27    -2396.690085        0.563694
MDMin:  285 11:04:29    -2396.690204        0.518894
MDMin:  286 11:04:30    -2396.690377        0.308525
MDMin:  287 11:04:32    -2396.690570        0.654607
MDMin:  288 11:04:33    -2396.690647        0.526965
MDMin:  289 11:04:35    -2396.690753        0.413411
MDMin:  290 11:04:37    -2396.690908        0.597198
MDMin:  291 11:04:39    -2396.691015        0.349316
MDMin:  292 11:04:40    -2396.691107        0.289347
MDMin:  293 11:04:42    -2396.691217        0.473644
MDMin:  294 11:04:44    -2396.691358        0.485083
MDMin:  295 11:04:46    -2396.691545        0.390368
MDMin:  296 11:04:47    -2396.691797        0.600647
MDMin:  297 11:04:49    -2396.691898        0.281904
MDMin:  298 11:04:50    -2396.692002        0.363519
MDMin:  299 11:04:51    -2396.692132        0.433759
MDMin:  300 11:04:53    -2396.692303        0.410069
MDMin:  301 11:04:54    -2396.692532        0.381067
MDMin:  302 11:04:56    -2396.692819        0.378810
MDMin:  303 11:04:58    -2396.693074        0.465266
MDMin:  304 11:05:00    -2396.693279        0.259306
MDMin:  305 11:05:01    -2396.693504        0.306892
MDMin:  306 11:05:03    -2396.693758        0.356803
MDMin:  307 11:05:05    -2396.694053        0.354050
MDMin:  308 11:05:06    -2396.694404        0.325728
MDMin:  309 11:05:08    -2396.694826        0.284523
MDMin:  310 11:05:09    -2396.695326        0.258996
MDMin:  311 11:05:11    -2396.695906        0.242800
MDMin:  312 11:05:12    -2396.696577        0.236739
MDMin:  313 11:05:14    -2396.697331        0.230933
MDMin:  314 11:05:16    -2396.698195        0.219997
MDMin:  315 11:05:18    -2396.699128        0.214442
MDMin:  316 11:05:20    -2396.700174        0.201726
MDMin:  317 11:05:22    -2396.701317        0.195008
MDMin:  318 11:05:24    -2396.702592        0.189888
MDMin:  319 11:05:26    -2396.704012        0.189045
MDMin:  320 11:05:27    -2396.705594        0.188238
MDMin:  321 11:05:30    -2396.707357        0.187467
MDMin:  322 11:05:32    -2396.709322        0.191605
MDMin:  323 11:05:34    -2396.711515        0.199474
MDMin:  324 11:05:36    -2396.713965        0.208521
MDMin:  325 11:05:38    -2396.716710        0.218947
MDMin:  326 11:05:40    -2396.719792        0.230990
MDMin:  327 11:05:42    -2396.723266        0.247768
MDMin:  328 11:05:44    -2396.727199        0.269181
MDMin:  329 11:05:45    -2396.731672        0.294374
MDMin:  330 11:05:47    -2396.736794        0.323890
MDMin:  331 11:05:49    -2396.742701        0.358198
MDMin:  332 11:05:50    -2396.749573        0.397497
MDMin:  333 11:05:52    -2396.757640        0.441271
MDMin:  334 11:05:53    -2396.767204        0.487257
MDMin:  335 11:05:55    -2396.778655        0.528877
MDMin:  336 11:05:57    -2396.792489        0.556713
MDMin:  337 11:05:59    -2396.809287        0.612536
MDMin:  338 11:06:01    -2396.829351        0.628488
MDMin:  339 11:06:02    -2396.844066        0.725390
MDMin:  340 11:06:03    -2396.851900        0.573098
MDMin:  341 11:06:04    -2396.863827        0.584797
MDMin:  342 11:06:06    -2396.872156        0.569306
MDMin:  343 11:06:07    -2396.883491        0.788077
MDMin:  344 11:06:09    -2396.889102        0.532420
MDMin:  345 11:06:11    -2396.898221        0.517905
MDMin:  346 11:06:12    -2396.905512        0.506842
MDMin:  347 11:06:14    -2396.914413        0.538243
MDMin:  348 11:06:15    -2396.920709        0.561524
MDMin:  349 11:06:17    -2396.930103        0.672955
MDMin:  350 11:06:18    -2396.934813        0.588903
MDMin:  351 11:06:20    -2396.940789        0.604565
MDMin:  352 11:06:22    -2396.946045        0.621888
MDMin:  353 11:06:24    -2396.951480        0.643475
MDMin:  354 11:06:26    -2396.956926        0.657578
MDMin:  355 11:06:28    -2396.962463        0.662008
MDMin:  356 11:06:30    -2396.967858        0.656248
MDMin:  357 11:06:31    -2396.973022        0.642051
MDMin:  358 11:06:33    -2396.977898        0.621189
MDMin:  359 11:06:34    -2396.982678        0.594042
MDMin:  360 11:06:36    -2396.987541        0.560669
MDMin:  361 11:06:37    -2396.992531        0.522142
MDMin:  362 11:06:39    -2396.997560        0.531854
MDMin:  363 11:06:41    -2397.002455        0.544949
MDMin:  364 11:06:43    -2397.007104        0.558227
MDMin:  365 11:06:45    -2397.011551        0.571882
MDMin:  366 11:06:47    -2397.015961        0.586403
MDMin:  367 11:06:49    -2397.020457        0.602062
MDMin:  368 11:06:51    -2397.025062        0.618739
MDMin:  369 11:06:53    -2397.029720        0.635936
MDMin:  370 11:06:55    -2397.034347        0.652992
MDMin:  371 11:06:57    -2397.038899        0.669488
MDMin:  372 11:06:59    -2397.043411        0.685407
MDMin:  373 11:07:00    -2397.047969        0.700834
MDMin:  374 11:07:01    -2397.052652        0.715627
MDMin:  375 11:07:03    -2397.057491        0.729339
MDMin:  376 11:07:05    -2397.062475        0.741317
MDMin:  377 11:07:07    -2397.067568        0.750889
MDMin:  378 11:07:09    -2397.072738        0.757562
MDMin:  379 11:07:11    -2397.077982        0.771376
MDMin:  380 11:07:12    -2397.083328        0.855353
MDMin:  381 11:07:14    -2397.088818        0.948435
MDMin:  382 11:07:16    -2397.094485        1.051615
MDMin:  383 11:07:18    -2397.100334        1.165190
MDMin:  384 11:07:19    -2397.106344        0.717504
MDMin:  385 11:07:21    -2397.111624        1.330793
MDMin:  386 11:07:23    -2397.114836        1.169836
MDMin:  387 11:07:25    -2397.117765        1.265637
MDMin:  388 11:07:27    -2397.121381        1.270475
MDMin:  389 11:07:29    -2397.125693        1.443938
MDMin:  390 11:07:30    -2397.130784        1.271944
MDMin:  391 11:07:32    -2397.136678        1.304531
MDMin:  392 11:07:34    -2397.143298        1.502574
MDMin:  393 11:07:36    -2397.150564        1.078793
MDMin:  394 11:07:38    -2397.158547        1.066665
MDMin:  395 11:07:40    -2397.167187        0.860739
MDMin:  396 11:07:42    -2397.175730        1.338598
MDMin:  397 11:07:44    -2397.183284        1.474191
MDMin:  398 11:07:46    -2397.191611        1.480548
MDMin:  399 11:07:48    -2397.197679        1.432498
MDMin:  400 11:07:50    -2397.203381        1.368152
MDMin:  401 11:07:52    -2397.209535        1.297411
MDMin:  402 11:07:54    -2397.216098        1.229575
MDMin:  403 11:07:56    -2397.223066        1.217882
MDMin:  404 11:07:57    -2397.230052        1.185969
MDMin:  405 11:07:59    -2397.236776        1.139100
MDMin:  406 11:08:01    -2397.242444        1.090752
MDMin:  407 11:08:03    -2397.247142        1.056012
MDMin:  408 11:08:04    -2397.251855        1.034682
MDMin:  409 11:08:06    -2397.256817        1.011739
MDMin:  410 11:08:08    -2397.261965        0.988032
MDMin:  411 11:08:10    -2397.267032        0.965935
MDMin:  412 11:08:12    -2397.271622        0.947710
MDMin:  413 11:08:14    -2397.275469        0.931561
MDMin:  414 11:08:16    -2397.278979        0.914290
MDMin:  415 11:08:18    -2397.282638        0.894316
MDMin:  416 11:08:19    -2397.286541        0.871417
MDMin:  417 11:08:20    -2397.290561        0.846956
MDMin:  418 11:08:22    -2397.294399        0.824123
MDMin:  419 11:08:24    -2397.297755        0.804454
MDMin:  420 11:08:25    -2397.300741        0.785079
MDMin:  421 11:08:27    -2397.303810        0.763458
MDMin:  422 11:08:28    -2397.307165        0.738892
MDMin:  423 11:08:30    -2397.310754        0.712335
MDMin:  424 11:08:31    -2397.314323        0.686734
MDMin:  425 11:08:33    -2397.317523        0.665019
MDMin:  426 11:08:35    -2397.320376        0.645451
MDMin:  427 11:08:37    -2397.323278        0.624806
MDMin:  428 11:08:39    -2397.326494        0.601938
MDMin:  429 11:08:41    -2397.330023        0.577468
MDMin:  430 11:08:43    -2397.333644        0.553698
MDMin:  431 11:08:45    -2397.336973        0.533543
MDMin:  432 11:08:47    -2397.339935        0.516542
MDMin:  433 11:08:49    -2397.342907        0.499721
MDMin:  434 11:08:51    -2397.346201        0.481764
MDMin:  435 11:08:52    -2397.349863        0.463038
MDMin:  436 11:08:54    -2397.353705        0.445118
MDMin:  437 11:08:55    -2397.357346        0.430049
MDMin:  438 11:08:57    -2397.360616        0.417988
MDMin:  439 11:08:58    -2397.363838        0.408347
MDMin:  440 11:08:59    -2397.367364        0.404360
MDMin:  441 11:09:01    -2397.371290        0.399958
MDMin:  442 11:09:03    -2397.375472        0.395364
MDMin:  443 11:09:05    -2397.379562        0.400627
MDMin:  444 11:09:06    -2397.383325        0.389083
MDMin:  445 11:09:08    -2397.386990        0.396473
MDMin:  446 11:09:10    -2397.390917        0.405379
MDMin:  447 11:09:11    -2397.395258        0.416053
MDMin:  448 11:09:12    -2397.399922        0.431479
MDMin:  449 11:09:13    -2397.404613        0.459767
MDMin:  450 11:09:15    -2397.409066        0.454545
MDMin:  451 11:09:17    -2397.413392        0.458366
MDMin:  452 11:09:19    -2397.417919        0.467107
MDMin:  453 11:09:21    -2397.422852        0.477265
MDMin:  454 11:09:23    -2397.428164        0.488694
MDMin:  455 11:09:25    -2397.433630        0.514953
MDMin:  456 11:09:27    -2397.438985        0.520798
MDMin:  457 11:09:29    -2397.444213        0.519616
MDMin:  458 11:09:31    -2397.449564        0.528049
MDMin:  459 11:09:33    -2397.455274        0.537451
MDMin:  460 11:09:35    -2397.461398        0.547813
MDMin:  461 11:09:36    -2397.467800        0.566415
MDMin:  462 11:09:38    -2397.474251        0.580001
MDMin:  463 11:09:40    -2397.480629        0.578748
MDMin:  464 11:09:42    -2397.487051        0.585971
MDMin:  465 11:09:43    -2397.493737        0.594220
MDMin:  466 11:09:45    -2397.500817        0.603057
MDMin:  467 11:09:46    -2397.508261        0.613795
MDMin:  468 11:09:47    -2397.515919        0.629597
MDMin:  469 11:09:48    -2397.523628        0.636010
MDMin:  470 11:09:50    -2397.531361        0.638029
MDMin:  471 11:09:52    -2397.539240        0.645186
MDMin:  472 11:09:54    -2397.547419        0.652606
MDMin:  473 11:09:56    -2397.555970        0.660707
MDMin:  474 11:09:57    -2397.564854        0.671964
MDMin:  475 11:09:59    -2397.573956        0.683031
MDMin:  476 11:10:01    -2397.583183        0.690012
MDMin:  477 11:10:02    -2397.592532        0.697072
MDMin:  478 11:10:05    -2397.602099        0.706987
MDMin:  479 11:10:06    -2397.612002        0.718595
MDMin:  480 11:10:08    -2397.622315        0.732954
MDMin:  481 11:10:10    -2397.633046        0.750988
MDMin:  482 11:10:12    -2397.644160        0.773267
MDMin:  483 11:10:14    -2397.655635        0.799907
MDMin:  484 11:10:15    -2397.667509        0.830636
MDMin:  485 11:10:17    -2397.679896        0.864800
MDMin:  486 11:10:19    -2397.692955        0.901021
MDMin:  487 11:10:20    -2397.706857        0.936676
MDMin:  488 11:10:22    -2397.721763        0.967295
MDMin:  489 11:10:24    -2397.737839        0.985717
MDMin:  490 11:10:26    -2397.755276        0.980088
MDMin:  491 11:10:27    -2397.774341        1.001499
MDMin:  492 11:10:29    -2397.795384        1.053426
MDMin:  493 11:10:31    -2397.818865        1.111243
MDMin:  494 11:10:33    -2397.832660        3.042249
MDMin:  495 11:10:34    -2397.833375        3.024676
MDMin:  496 11:10:36    -2397.832991        2.994031
MDMin:  497 11:10:38    -2397.832188        2.955534
MDMin:  498 11:10:40    -2397.832241        2.908446
MDMin:  499 11:10:41    -2397.833703        2.853753
MDMin:  500 11:10:42    -2397.836121        2.792760
MDMin:  501 11:10:44    -2397.838956        2.726315
MDMin:  502 11:10:46    -2397.842188        2.651857
MDMin:  503 11:10:47    -2397.845723        2.572782
MDMin:  504 11:10:48    -2397.849728        2.487702
MDMin:  505 11:10:50    -2397.854133        2.400484
MDMin:  506 11:10:51    -2397.859005        2.313233
MDMin:  507 11:10:53    -2397.864404        2.225885
MDMin:  508 11:10:55    -2397.870377        2.135375
MDMin:  509 11:10:57    -2397.877125        2.034109
MDMin:  510 11:10:59    -2397.885040        1.904945
MDMin:  511 11:11:01    -2397.894269        1.741707
MDMin:  512 11:11:03    -2397.905107        1.556513
MDMin:  513 11:11:05    -2397.873757        1.391785
MDMin:  514 11:11:07    -2397.871388        1.086372
MDMin:  515 11:11:09    -2397.859388        1.038154
MDMin:  516 11:11:11    -2397.847932        1.237046
MDMin:  517 11:11:13    -2397.841704        1.376711
MDMin:  518 11:11:15    -2397.839221        0.948506
MDMin:  519 11:11:17    -2397.837020        0.936108
MDMin:  520 11:11:19    -2397.834915        0.923077
MDMin:  521 11:11:21    -2397.833106        0.909838
MDMin:  522 11:11:23    -2397.831758        0.896579
MDMin:  523 11:11:24    -2397.831034        0.883365
MDMin:  524 11:11:26    -2397.831077        0.870246
MDMin:  525 11:11:27    -2397.831986        0.856971
MDMin:  526 11:11:28    -2397.833819        0.843182
MDMin:  527 11:11:30    -2397.836537        0.828605
MDMin:  528 11:11:32    -2397.840120        0.812553
MDMin:  529 11:11:34    -2397.844564        0.794445
MDMin:  530 11:11:36    -2397.849749        0.774579
MDMin:  531 11:11:37    -2397.855878        0.752614
MDMin:  532 11:11:39    -2397.863008        0.729589
MDMin:  533 11:11:41    -2397.871368        0.706471
MDMin:  534 11:11:43    -2397.880950        0.684862
MDMin:  535 11:11:44    -2397.874954        2.173204
MDMin:  536 11:11:45    -2397.878987        2.070261
MDMin:  537 11:11:46    -2397.876342        0.724795
MDMin:  538 11:11:48    -2397.879189        0.665121
MDMin:  539 11:11:49    -2397.882501        0.662707
MDMin:  540 11:11:50    -2397.886202        0.659642
MDMin:  541 11:11:52    -2397.889937        2.383425
MDMin:  542 11:11:53    -2397.886359        0.655758
MDMin:  543 11:11:55    -2397.887798        0.654691
MDMin:  544 11:11:56    -2397.889684        0.653220
MDMin:  545 11:11:58    -2397.891451        2.359581
MDMin:  546 11:11:59    -2397.889141        0.651124
MDMin:  547 11:12:00    -2397.890287        0.650321
MDMin:  548 11:12:02    -2397.891862        0.649173
MDMin:  549 11:12:03    -2397.892277        2.351181
MDMin:  550 11:12:04    -2397.891127        0.647422
MDMin:  551 11:12:06    -2397.892185        0.646747
MDMin:  552 11:12:07    -2397.893493        2.312919
MDMin:  553 11:12:09    -2397.891270        0.647078
MDMin:  554 11:12:10    -2397.892240        0.647660
MDMin:  555 11:12:12    -2397.893617        0.648504
MDMin:  556 11:12:14    -2397.894022        2.331132
MDMin:  557 11:12:16    -2397.892700        0.650085
MDMin:  558 11:12:18    -2397.893676        0.650675
MDMin:  559 11:12:20    -2397.895034        0.651512
MDMin:  560 11:12:22    -2397.894611        2.330783
MDMin:  561 11:12:24    -2397.894029        0.653039
MDMin:  562 11:12:26    -2397.894955        0.653592
MDMin:  563 11:12:27    -2397.895777        2.295087
MDMin:  564 11:12:29    -2397.893843        0.654758
MDMin:  565 11:12:30    -2397.894695        0.655248
MDMin:  566 11:12:31    -2397.895905        0.655953
MDMin:  567 11:12:33    -2397.896202        2.313579
MDMin:  568 11:12:34    -2397.894768        0.657243
MDMin:  569 11:12:36    -2397.895619        0.657712
MDMin:  570 11:12:38    -2397.896803        0.658369
MDMin:  571 11:12:39    -2397.896698        2.313836
MDMin:  572 11:12:41    -2397.895589        0.659537
MDMin:  573 11:12:43    -2397.896396        0.659950
MDMin:  574 11:12:44    -2397.897512        0.660523
MDMin:  575 11:12:45    -2397.897185        2.311882
MDMin:  576 11:12:47    -2397.896223        0.661527
MDMin:  577 11:12:49    -2397.896982        0.661878
MDMin:  578 11:12:50    -2397.898032        0.662362
MDMin:  579 11:12:52    -2397.897651        2.309702
MDMin:  580 11:12:54    -2397.896672        0.663199
MDMin:  581 11:12:56    -2397.897390        0.663491
MDMin:  582 11:12:57    -2397.898380        0.663891
MDMin:  583 11:12:58    -2397.898099        2.307469
MDMin:  584 11:13:00    -2397.896952        0.664578
MDMin:  585 11:13:01    -2397.897634        0.664820
MDMin:  586 11:13:02    -2397.898570        0.665150
MDMin:  587 11:13:04    -2397.898536        2.305140
MDMin:  588 11:13:05    -2397.897080        0.669203
MDMin:  589 11:13:07    -2397.897729        0.671651
MDMin:  590 11:13:08    -2397.898619        0.675230
MDMin:  591 11:13:09    -2397.898968        2.302652
MDMin:  592 11:13:10    -2397.897067        0.681324
MDMin:  593 11:13:12    -2397.897689        0.684072
MDMin:  594 11:13:14    -2397.898536        0.687988
MDMin:  595 11:13:16    -2397.899399        2.299951
MDMin:  596 11:13:18    -2397.896926        0.694279
MDMin:  597 11:13:20    -2397.897522        0.697037
MDMin:  598 11:13:22    -2397.898329        0.700812
MDMin:  599 11:13:24    -2397.899312        0.705372
MDMin:  600 11:13:26    -2397.898761        2.319899
MDMin:  601 11:13:28    -2397.897507        0.710746
MDMin:  602 11:13:30    -2397.898078        0.712672
MDMin:  603 11:13:32    -2397.898832        0.714851
MDMin:  604 11:13:33    -2397.899418        2.306529
MDMin:  605 11:13:35    -2397.897061        0.715805
MDMin:  606 11:13:37    -2397.897581        0.716076
MDMin:  607 11:13:39    -2397.898277        0.715748
MDMin:  608 11:13:41    -2397.899114        0.714013
MDMin:  609 11:13:43    -2397.898764        2.323752
MDMin:  610 11:13:45    -2397.897144        0.705587
MDMin:  611 11:13:46    -2397.897638        0.702231
MDMin:  612 11:13:47    -2397.898283        0.696590
MDMin:  613 11:13:49    -2397.899049        0.687693
MDMin:  614 11:13:50    -2397.898259        2.331490
MDMin:  615 11:13:52    -2397.896979        0.673536
MDMin:  616 11:13:53    -2397.897424        0.673660
MDMin:  617 11:13:55    -2397.898000        0.673802
MDMin:  618 11:13:57    -2397.898681        0.673922
MDMin:  619 11:13:59    -2397.897790        2.337642
MDMin:  620 11:14:01    -2397.896541        0.673898
MDMin:  621 11:14:02    -2397.896936        0.673798
MDMin:  622 11:14:03    -2397.897447        0.673632
MDMin:  623 11:14:05    -2397.898050        0.673364
MDMin:  624 11:14:07    -2397.897396        2.341870
MDMin:  625 11:14:09    -2397.895950        0.679544
MDMin:  626 11:14:10    -2397.896291        0.682462
MDMin:  627 11:14:12    -2397.896735        0.686603
MDMin:  628 11:14:14    -2397.897262        0.692051
MDMin:  629 11:14:15    -2397.896901        2.346846
MDMin:  630 11:14:17    -2397.895158        0.701764
MDMin:  631 11:14:19    -2397.895461        0.705111
MDMin:  632 11:14:21    -2397.895855        0.709793
MDMin:  633 11:14:23    -2397.896322        0.715831
MDMin:  634 11:14:24    -2397.896454        2.350305
MDMin:  635 11:14:26    -2397.894136        0.726382
MDMin:  636 11:14:28    -2397.894422        0.730076
MDMin:  637 11:14:30    -2397.894794        0.735166
MDMin:  638 11:14:31    -2397.895237        0.741641
MDMin:  639 11:14:33    -2397.895735        0.749455
MDMin:  640 11:14:34    -2397.894279        2.372185
MDMin:  641 11:14:36    -2397.893282        0.761972
MDMin:  642 11:14:37    -2397.893550        0.765709
MDMin:  643 11:14:39    -2397.893894        0.770654
MDMin:  644 11:14:40    -2397.894300        0.776671
MDMin:  645 11:14:42    -2397.894135        2.369175
MDMin:  646 11:14:44    -2397.892026        0.786272
MDMin:  647 11:14:46    -2397.892274        0.789258
MDMin:  648 11:14:48    -2397.892595        0.793162
MDMin:  649 11:14:50    -2397.892977        0.797793
MDMin:  650 11:14:51    -2397.893406        0.802894
MDMin:  651 11:14:53    -2397.892182        2.384065
MDMin:  652 11:14:54    -2397.891000        0.810052
MDMin:  653 11:14:56    -2397.891252        0.812091
MDMin:  654 11:14:57    -2397.891564        0.814542
MDMin:  655 11:14:58    -2397.891938        0.817326
MDMin:  656 11:14:59    -2397.892095        2.377993
MDMin:  657 11:15:01    -2397.889687        0.821340
MDMin:  658 11:15:02    -2397.889929        0.822499
MDMin:  659 11:15:04    -2397.890244        0.823928
MDMin:  660 11:15:06    -2397.890620        0.825510
MDMin:  661 11:15:07    -2397.891046        0.827139
MDMin:  662 11:15:08    -2397.890123        2.389119
MDMin:  663 11:15:10    -2397.888786        0.829324
MDMin:  664 11:15:12    -2397.889012        0.829915
MDMin:  665 11:15:14    -2397.889284        0.830634
MDMin:  666 11:15:16    -2397.889602        0.831515
MDMin:  667 11:15:18    -2397.889929        0.832491
MDMin:  668 11:15:20    -2397.889403        2.385639
MDMin:  669 11:15:22    -2397.887667        0.834497
MDMin:  670 11:15:23    -2397.887920        0.835376
MDMin:  671 11:15:25    -2397.888246        0.836697
MDMin:  672 11:15:27    -2397.888638        0.838706
MDMin:  673 11:15:28    -2397.889088        0.841728
MDMin:  674 11:15:30    -2397.887186        2.394278
MDMin:  675 11:15:32    -2397.886519        0.848502
MDMin:  676 11:15:34    -2397.886800        0.851266
MDMin:  677 11:15:36    -2397.887153        0.855283
MDMin:  678 11:15:38    -2397.887567        0.860871
MDMin:  679 11:15:40    -2397.887507        2.379827
MDMin:  680 11:15:42    -2397.885146        0.872203
MDMin:  681 11:15:44    -2397.885423        0.876674
MDMin:  682 11:15:45    -2397.885770        0.882917
MDMin:  683 11:15:47    -2397.886180        0.891153
MDMin:  684 11:15:49    -2397.886643        0.901575
MDMin:  685 11:15:52    -2397.885597        2.381408
MDMin:  686 11:15:53    -2397.884027        0.920004
MDMin:  687 11:15:55    -2397.884313        0.926283
MDMin:  688 11:15:57    -2397.884666        0.934305
MDMin:  689 11:15:58    -2397.885067        0.943607
MDMin:  690 11:16:00    -2397.885515        0.953698
MDMin:  691 11:16:02    -2397.884171        2.376440
MDMin:  692 11:16:04    -2397.882864        0.967342
MDMin:  693 11:16:05    -2397.883142        0.970836
MDMin:  694 11:16:08    -2397.883482        0.974218
MDMin:  695 11:16:10    -2397.883873        0.976463
MDMin:  696 11:16:11    -2397.884312        0.976211
MDMin:  697 11:16:13    -2397.882623        2.370982
MDMin:  698 11:16:15    -2397.881512        0.968261
MDMin:  699 11:16:17    -2397.881783        0.963470
MDMin:  700 11:16:19    -2397.882109        0.955818
MDMin:  701 11:16:20    -2397.882481        0.944366
MDMin:  702 11:16:22    -2397.882895        0.928215
MDMin:  703 11:16:24    -2397.881235        2.363017
MDMin:  704 11:16:26    -2397.880089        0.896807
MDMin:  705 11:16:28    -2397.880329        0.885882
MDMin:  706 11:16:29    -2397.880617        0.871530
MDMin:  707 11:16:31    -2397.880946        0.853859
MDMin:  708 11:16:33    -2397.881310        0.833251
MDMin:  709 11:16:35    -2397.879941        2.354241
MDMin:  710 11:16:36    -2397.878613        0.801642
MDMin:  711 11:16:37    -2397.878809        0.792568
MDMin:  712 11:16:39    -2397.879046        0.781377
MDMin:  713 11:16:41    -2397.879317        0.773056
MDMin:  714 11:16:43    -2397.879617        0.765789
MDMin:  715 11:16:45    -2397.878662        2.346172
MDMin:  716 11:16:47    -2397.877034        0.754162
MDMin:  717 11:16:49    -2397.877189        0.750649
MDMin:  718 11:16:50    -2397.877378        0.746128
MDMin:  719 11:16:52    -2397.877595        0.740697
MDMin:  720 11:16:53    -2397.877835        0.734499
MDMin:  721 11:16:54    -2397.877391        2.339028
MDMin:  722 11:16:56    -2397.875312        0.725225
MDMin:  723 11:16:58    -2397.875437        0.722475
MDMin:  724 11:17:00    -2397.875591        0.718971
MDMin:  725 11:17:02    -2397.875771        0.714837
MDMin:  726 11:17:03    -2397.875972        0.710246
MDMin:  727 11:17:05    -2397.875817        2.334171
MDMin:  728 11:17:07    -2397.873599        0.703815
MDMin:  729 11:17:09    -2397.873698        0.702155
MDMin:  730 11:17:10    -2397.873822        0.700104
MDMin:  731 11:17:12    -2397.873968        0.697837
MDMin:  732 11:17:13    -2397.874134        0.695575
MDMin:  733 11:17:15    -2397.874319        0.693599
MDMin:  734 11:17:16    -2397.871764        2.342136
MDMin:  735 11:17:17    -2397.871907        0.691962
MDMin:  736 11:17:19    -2397.871996        0.783474
MDMin:  737 11:17:20    -2397.872104        0.691816
MDMin:  738 11:17:22    -2397.872232        0.692162
MDMin:  739 11:17:24    -2397.872384        0.693093
MDMin:  740 11:17:26    -2397.870589        2.334828
MDMin:  741 11:17:27    -2397.869991        0.695891
MDMin:  742 11:17:29    -2397.870080        0.697099
MDMin:  743 11:17:31    -2397.870194        0.698967
MDMin:  744 11:17:33    -2397.870333        0.701718
MDMin:  745 11:17:35    -2397.870497        0.705635
MDMin:  746 11:17:37    -2397.868913        2.329664
MDMin:  747 11:17:38    -2397.868194        0.713270
MDMin:  748 11:17:40    -2397.868285        0.715867
MDMin:  749 11:17:42    -2397.868405        0.719598
MDMin:  750 11:17:44    -2397.868554        0.724651
MDMin:  751 11:17:45    -2397.868732        0.731240
MDMin:  752 11:17:47    -2397.867260        2.323837
MDMin:  753 11:17:49    -2397.866475        0.742874
MDMin:  754 11:17:50    -2397.866579        0.746651
MDMin:  755 11:17:52    -2397.866715        0.751901
MDMin:  756 11:17:54    -2397.866886        0.758708
MDMin:  757 11:17:56    -2397.867092        0.767130
MDMin:  758 11:17:58    -2397.865510        2.317681
MDMin:  759 11:18:00    -2397.864804        0.781029
MDMin:  760 11:18:01    -2397.864927        0.785368
MDMin:  761 11:18:03    -2397.865091        0.791154
MDMin:  762 11:18:05    -2397.865294        0.798265
MDMin:  763 11:18:07    -2397.865540        0.806474
MDMin:  764 11:18:08    -2397.863738        2.310254
MDMin:  765 11:18:10    -2397.863190        0.818647
MDMin:  766 11:18:12    -2397.863341        0.822103
MDMin:  767 11:18:14    -2397.863538        0.826348
MDMin:  768 11:18:16    -2397.863783        0.830981
MDMin:  769 11:18:17    -2397.864077        0.835427
MDMin:  770 11:18:18    -2397.861993        2.301024
MDMin:  771 11:18:20    -2397.861654        0.839799
MDMin:  772 11:18:22    -2397.861837        0.840400
MDMin:  773 11:18:23    -2397.862074        0.840548
MDMin:  774 11:18:25    -2397.862365        0.839699
MDMin:  775 11:18:27    -2397.862699        0.837332
MDMin:  776 11:18:28    -2397.860470        2.289140
MDMin:  777 11:18:30    -2397.860162        0.830271
MDMin:  778 11:18:31    -2397.860383        0.827164
MDMin:  779 11:18:33    -2397.860668        0.822521
MDMin:  780 11:18:35    -2397.861017        0.816001
MDMin:  781 11:18:36    -2397.861432        0.807321
MDMin:  782 11:18:37    -2397.858631        2.276409
MDMin:  783 11:18:39    -2397.858915        0.791988
MDMin:  784 11:18:40    -2397.859163        0.787138
MDMin:  785 11:18:42    -2397.859485        0.780706
MDMin:  786 11:18:44    -2397.859878        0.772790
MDMin:  787 11:18:46    -2397.859861        2.252276
MDMin:  788 11:18:48    -2397.857629        0.760081
MDMin:  789 11:18:49    -2397.857879        0.756167
MDMin:  790 11:18:51    -2397.858209        0.751092
MDMin:  791 11:18:53    -2397.858616        0.745078
MDMin:  792 11:18:55    -2397.859100        0.738439
MDMin:  793 11:18:56    -2397.857534        2.241883
MDMin:  794 11:18:58    -2397.856855        0.729246
MDMin:  795 11:18:59    -2397.857125        0.726834
MDMin:  796 11:19:01    -2397.857481        0.723819
MDMin:  797 11:19:03    -2397.857920        0.720393
MDMin:  798 11:19:04    -2397.858337        2.219864
MDMin:  799 11:19:05    -2397.855889        0.715451
MDMin:  800 11:19:07    -2397.856156        0.714019
MDMin:  801 11:19:08    -2397.856514        0.712187
MDMin:  802 11:19:10    -2397.856959        0.710051
MDMin:  803 11:19:11    -2397.857488        0.707700
MDMin:  804 11:19:13    -2397.855673        2.210680
MDMin:  805 11:19:15    -2397.855428        0.704240
MDMin:  806 11:19:17    -2397.855712        0.703203
MDMin:  807 11:19:19    -2397.856090        0.701819
MDMin:  808 11:19:21    -2397.856558        0.700090
MDMin:  809 11:19:22    -2397.856203        2.190001
MDMin:  810 11:19:24    -2397.854652        0.697096
MDMin:  811 11:19:25    -2397.854930        0.696049
MDMin:  812 11:19:27    -2397.855308        0.694583
MDMin:  813 11:19:29    -2397.855778        0.692662
MDMin:  814 11:19:31    -2397.856249        2.173094
MDMin:  815 11:19:33    -2397.853898        0.689171
MDMin:  816 11:19:35    -2397.854182        0.687918
MDMin:  817 11:19:37    -2397.854568        0.686139
MDMin:  818 11:19:39    -2397.855050        0.683785
MDMin:  819 11:19:41    -2397.855622        0.680787
MDMin:  820 11:19:42    -2397.853252        2.164840
MDMin:  821 11:19:44    -2397.853654        0.675557
MDMin:  822 11:19:45    -2397.853953        0.673852
MDMin:  823 11:19:46    -2397.854356        0.671465
MDMin:  824 11:19:47    -2397.854854        0.668348
MDMin:  825 11:19:49    -2397.853610        2.145035
MDMin:  826 11:19:50    -2397.852989        0.662828
MDMin:  827 11:19:51    -2397.853282        0.660941
MDMin:  828 11:19:53    -2397.853680        0.658281
MDMin:  829 11:19:54    -2397.854177        0.654812
MDMin:  830 11:19:55    -2397.853552        2.128599
MDMin:  831 11:19:57    -2397.852306        0.648719
MDMin:  832 11:19:59    -2397.852603        0.646643
MDMin:  833 11:20:01    -2397.853008        0.643727
MDMin:  834 11:20:03    -2397.853512        0.639950
MDMin:  835 11:20:04    -2397.853425        2.112623
MDMin:  836 11:20:06    -2397.851617        0.633388
MDMin:  837 11:20:08    -2397.851920        0.631177
MDMin:  838 11:20:10    -2397.852332        0.628085
MDMin:  839 11:20:11    -2397.852845        0.624107
MDMin:  840 11:20:12    -2397.853277        2.096730
MDMin:  841 11:20:14    -2397.850919        0.617272
MDMin:  842 11:20:15    -2397.851228        0.614993
MDMin:  843 11:20:16    -2397.851647        0.611824
MDMin:  844 11:20:18    -2397.852168        0.608793
MDMin:  845 11:20:19    -2397.852781        0.607356
MDMin:  846 11:20:20    -2397.850032        2.087882
MDMin:  847 11:20:22    -2397.850717        0.603802
MDMin:  848 11:20:24    -2397.851039        0.602431
MDMin:  849 11:20:25    -2397.851470        0.600323
MDMin:  850 11:20:27    -2397.851999        0.597270
MDMin:  851 11:20:29    -2397.850360        2.068422
MDMin:  852 11:20:31    -2397.850007        0.591204
MDMin:  853 11:20:33    -2397.850321        0.589003
MDMin:  854 11:20:34    -2397.850745        0.585767
MDMin:  855 11:20:36    -2397.851271        0.581339
MDMin:  856 11:20:38    -2397.850287        2.051936
MDMin:  857 11:20:40    -2397.849242        0.573155
MDMin:  858 11:20:41    -2397.849560        0.570312
MDMin:  859 11:20:43    -2397.849991        0.566245
MDMin:  860 11:20:45    -2397.850523        0.566617
MDMin:  861 11:20:46    -2397.850165        2.035739
MDMin:  862 11:20:48    -2397.848439        0.576393
MDMin:  863 11:20:49    -2397.848765        0.579803
MDMin:  864 11:20:50    -2397.849204        0.584662
MDMin:  865 11:20:51    -2397.849747        0.591084
MDMin:  866 11:20:53    -2397.850020        2.019528
MDMin:  867 11:20:54    -2397.847628        0.602544
MDMin:  868 11:20:56    -2397.847958        0.606443
MDMin:  869 11:20:57    -2397.848403        0.611942
MDMin:  870 11:20:59    -2397.848952        0.619111
MDMin:  871 11:21:01    -2397.849597        0.628009
MDMin:  872 11:21:03    -2397.846584        2.009392
MDMin:  873 11:21:05    -2397.847325        0.642671
MDMin:  874 11:21:07    -2397.847668        0.647117
MDMin:  875 11:21:09    -2397.848124        0.653191
MDMin:  876 11:21:11    -2397.848682        0.660845
MDMin:  877 11:21:12    -2397.846972        1.989807
MDMin:  878 11:21:14    -2397.846480        0.673571
MDMin:  879 11:21:16    -2397.846818        0.677645
MDMin:  880 11:21:18    -2397.847270        0.683138
MDMin:  881 11:21:20    -2397.847823        0.689868
MDMin:  882 11:21:22    -2397.847016        1.972653
MDMin:  883 11:21:23    -2397.845554        0.700581
MDMin:  884 11:21:25    -2397.845906        0.703997
MDMin:  885 11:21:27    -2397.846378        0.708469
MDMin:  886 11:21:28    -2397.846958        0.713708
MDMin:  887 11:21:29    -2397.846830        1.956109
MDMin:  888 11:21:30    -2397.844650        0.721332
MDMin:  889 11:21:32    -2397.845007        0.723439
MDMin:  890 11:21:34    -2397.845479        0.725955
MDMin:  891 11:21:36    -2397.846030        0.728440
MDMin:  892 11:21:38    -2397.846681        0.730639
MDMin:  893 11:21:39    -2397.843878        1.943301
MDMin:  894 11:21:41    -2397.844252        0.732171
MDMin:  895 11:21:43    -2397.844628        0.732103
MDMin:  896 11:21:45    -2397.845125        0.731597
MDMin:  897 11:21:47    -2397.845736        0.730289
MDMin:  898 11:21:49    -2397.844159        1.923736
MDMin:  899 11:21:51    -2397.843335        0.726441
MDMin:  900 11:21:53    -2397.843716        0.724757
MDMin:  901 11:21:55    -2397.844225        0.722143
MDMin:  902 11:21:57    -2397.844851        0.718364
MDMin:  903 11:21:59    -2397.844173        1.905643
MDMin:  904 11:22:01    -2397.842409        0.710898
MDMin:  905 11:22:03    -2397.842806        0.708197
MDMin:  906 11:22:04    -2397.843335        0.704348
MDMin:  907 11:22:05    -2397.843987        0.699275
MDMin:  908 11:22:07    -2397.844156        1.887400
MDMin:  909 11:22:09    -2397.841502        0.690306
MDMin:  910 11:22:10    -2397.841916        0.687305
MDMin:  911 11:22:12    -2397.842468        0.683199
MDMin:  912 11:22:13    -2397.843148        0.678040
MDMin:  913 11:22:14    -2397.843945        0.671936
MDMin:  914 11:22:15    -2397.840458        1.872914
MDMin:  915 11:22:16    -2397.841280        0.662531
MDMin:  916 11:22:18    -2397.841729        0.659833
MDMin:  917 11:22:20    -2397.842319        0.656320
MDMin:  918 11:22:22    -2397.843039        0.652122
MDMin:  919 11:22:23    -2397.841107        1.850836
MDMin:  920 11:22:25    -2397.840492        0.645585
MDMin:  921 11:22:27    -2397.840942        0.643611
MDMin:  922 11:22:28    -2397.841539        0.641045
MDMin:  923 11:22:30    -2397.842273        0.638003
MDMin:  924 11:22:32    -2397.841275        1.830813
MDMin:  925 11:22:33    -2397.839717        0.633297
MDMin:  926 11:22:35    -2397.840184        0.631868
MDMin:  927 11:22:36    -2397.840807        0.631782
MDMin:  928 11:22:38    -2397.841572        0.631911
MDMin:  929 11:22:39    -2397.841372        1.810784
MDMin:  930 11:22:41    -2397.838993        0.630502
MDMin:  931 11:22:43    -2397.839482        0.629527
MDMin:  932 11:22:45    -2397.840132        0.627798
MDMin:  933 11:22:47    -2397.840933        0.624927
MDMin:  934 11:22:48    -2397.841456        1.790465
MDMin:  935 11:22:50    -2397.838337        0.618115
MDMin:  936 11:22:52    -2397.838847        0.616642
MDMin:  937 11:22:54    -2397.839526        0.615440
MDMin:  938 11:22:56    -2397.840362        0.613936
MDMin:  939 11:22:57    -2397.841343        0.612119
MDMin:  940 11:22:58    -2397.837657        1.772235
MDMin:  941 11:23:00    -2397.838616        0.609031
MDMin:  942 11:23:01    -2397.839168        0.608016
MDMin:  943 11:23:02    -2397.839891        0.606624
MDMin:  944 11:23:04    -2397.840775        0.604818
MDMin:  945 11:23:06    -2397.838465        1.748403
MDMin:  946 11:23:08    -2397.838207        0.601499
MDMin:  947 11:23:09    -2397.838752        0.600314
MDMin:  948 11:23:10    -2397.839478        0.598655
MDMin:  949 11:23:12    -2397.840371        0.596470
MDMin:  950 11:23:14    -2397.838740        1.726617
MDMin:  951 11:23:16    -2397.837837        0.592406
MDMin:  952 11:23:18    -2397.838396        0.590947
MDMin:  953 11:23:20    -2397.839143        0.588900
MDMin:  954 11:23:21    -2397.840063        0.586209
MDMin:  955 11:23:23    -2397.838920        1.705045
MDMin:  956 11:23:24    -2397.837547        0.589383
MDMin:  957 11:23:26    -2397.838123        0.592964
MDMin:  958 11:23:28    -2397.838892        0.598076
MDMin:  959 11:23:30    -2397.839842        0.604881
MDMin:  960 11:23:32    -2397.839072        1.683427
MDMin:  961 11:23:34    -2397.837341        0.617087
MDMin:  962 11:23:36    -2397.837933        0.621080
MDMin:  963 11:23:37    -2397.838726        0.626794
MDMin:  964 11:23:39    -2397.839705        0.634404
MDMin:  965 11:23:41    -2397.839211        1.661729
MDMin:  966 11:23:42    -2397.837209        0.647961
MDMin:  967 11:23:43    -2397.837819        0.652324
MDMin:  968 11:23:44    -2397.838636        0.658550
MDMin:  969 11:23:46    -2397.839644        0.666772
MDMin:  970 11:23:48    -2397.839350        1.639911
MDMin:  971 11:23:50    -2397.837133        0.680946
MDMin:  972 11:23:51    -2397.837766        0.685257
MDMin:  973 11:23:52    -2397.838610        0.691266
MDMin:  974 11:23:54    -2397.839650        0.698821
MDMin:  975 11:23:56    -2397.839520        1.617863
MDMin:  976 11:23:58    -2397.837080        0.709792
MDMin:  977 11:23:59    -2397.837743        0.712071
MDMin:  978 11:24:01    -2397.838623        0.714439
MDMin:  979 11:24:02    -2397.839699        0.715182
MDMin:  980 11:24:03    -2397.839785        1.595353
MDMin:  981 11:24:05    -2397.836973        0.702296
MDMin:  982 11:24:06    -2397.837688        0.703416
MDMin:  983 11:24:07    -2397.838619        0.815850
MDMin:  984 11:24:09    -2397.839738        1.031723
MDMin:  985 11:24:11    -2397.840383        1.714364
MDMin:  986 11:24:13    -2397.837241        1.545125
MDMin:  987 11:24:14    -2397.838017        1.367691
MDMin:  988 11:24:15    -2397.839030        1.237098
MDMin:  989 11:24:16    -2397.840278        1.260964
MDMin:  990 11:24:18    -2397.839268        1.549699
MDMin:  991 11:24:19    -2397.836095        1.215419
MDMin:  992 11:24:21    -2397.837160        1.180264
MDMin:  993 11:24:23    -2397.838479        1.125329
MDMin:  994 11:24:25    -2397.840038        1.048085
MDMin:  995 11:24:27    -2397.840682        1.517151
MDMin:  996 11:24:29    -2397.836574        0.901620
MDMin:  997 11:24:31    -2397.837528        0.853769
MDMin:  998 11:24:33    -2397.838738        0.790735
MDMin:  999 11:24:35    -2397.840189        0.712668
MDMin:  1000 11:24:36    -2397.841864        0.620451
MDMin:  1001 11:24:38    -2397.837646        1.485588
MDMin:  1002 11:24:40    -2397.839275        0.590599
MDMin:  1003 11:24:41    -2397.840074        0.594154
MDMin:  1004 11:24:43    -2397.841124        0.598944
MDMin:  1005 11:24:44    -2397.842407        0.604960
MDMin:  1006 11:24:46    -2397.839176        1.459549
MDMin:  1007 11:24:47    -2397.840255        0.614942
MDMin:  1008 11:24:48    -2397.840952        0.617888
MDMin:  1009 11:24:50    -2397.841902        0.621940
MDMin:  1010 11:24:51    -2397.842652        1.438408
MDMin:  1011 11:24:52    -2397.839899        0.629213
MDMin:  1012 11:24:54    -2397.840552        0.631658
MDMin:  1013 11:24:56    -2397.841469        0.635071
MDMin:  1014 11:24:58    -2397.842632        0.639325
MDMin:  1015 11:25:00    -2397.841993        1.420414
MDMin:  1016 11:25:02    -2397.840564        0.646109
MDMin:  1017 11:25:03    -2397.841255        0.648083
MDMin:  1018 11:25:05    -2397.842211        0.650695
MDMin:  1019 11:25:07    -2397.843412        0.653734
MDMin:  1020 11:25:09    -2397.841836        1.400159
MDMin:  1021 11:25:11    -2397.841308        0.657994
MDMin:  1022 11:25:13    -2397.842018        0.659054
MDMin:  1023 11:25:15    -2397.842994        0.660293
MDMin:  1024 11:25:17    -2397.844216        0.661434
MDMin:  1025 11:25:19    -2397.841833        1.379563
MDMin:  1026 11:25:21    -2397.842061        0.662130
MDMin:  1027 11:25:23    -2397.842791        0.661987
MDMin:  1028 11:25:25    -2397.843789        0.661496
MDMin:  1029 11:25:26    -2397.845020        1.360076
MDMin:  1030 11:25:28    -2397.841663        0.659638
MDMin:  1031 11:25:29    -2397.842381        0.658670
MDMin:  1032 11:25:31    -2397.843378        0.657038
MDMin:  1033 11:25:33    -2397.844632        0.654484
MDMin:  1034 11:25:35    -2397.844522        1.341263
MDMin:  1035 11:25:37    -2397.842358        0.648840
MDMin:  1036 11:25:38    -2397.843136        0.646681
MDMin:  1037 11:25:39    -2397.844192        0.643452
MDMin:  1038 11:25:41    -2397.845506        0.638966
MDMin:  1039 11:25:43    -2397.844634        1.320037
MDMin:  1040 11:25:44    -2397.843160        0.630300
MDMin:  1041 11:25:46    -2397.843965        0.627279
MDMin:  1042 11:25:48    -2397.845051        0.622972
MDMin:  1043 11:25:49    -2397.846395        0.617293
MDMin:  1044 11:25:50    -2397.844945        1.298339
MDMin:  1045 11:25:52    -2397.843985        0.607003
MDMin:  1046 11:25:54    -2397.844813        0.603571
MDMin:  1047 11:25:55    -2397.845925        0.598817
MDMin:  1048 11:25:57    -2397.847296        0.592742
MDMin:  1049 11:25:59    -2397.845397        1.276345
MDMin:  1050 11:26:01    -2397.844815        0.582139
MDMin:  1051 11:26:03    -2397.845668        0.581741
MDMin:  1052 11:26:05    -2397.846806        0.590279
MDMin:  1053 11:26:07    -2397.848205        0.601014
MDMin:  1054 11:26:08    -2397.845986        1.254057
MDMin:  1055 11:26:10    -2397.845639        0.619057
MDMin:  1056 11:26:12    -2397.846520        0.624594
MDMin:  1057 11:26:13    -2397.847689        0.632120
MDMin:  1058 11:26:15    -2397.849118        0.641530
MDMin:  1059 11:26:17    -2397.846722        1.231439
MDMin:  1060 11:26:19    -2397.846442        0.657014
MDMin:  1061 11:26:21    -2397.847358        0.661574
MDMin:  1062 11:26:23    -2397.848563        0.667652
MDMin:  1063 11:26:24    -2397.850028        0.674977
MDMin:  1064 11:26:26    -2397.847624        1.208417
MDMin:  1065 11:26:28    -2397.847198        0.685526
MDMin:  1066 11:26:29    -2397.848160        0.687845
MDMin:  1067 11:26:31    -2397.849411        0.690353
MDMin:  1068 11:26:32    -2397.850921        0.691944
MDMin:  1069 11:26:33    -2397.848731        1.184852
MDMin:  1070 11:26:34    -2397.847850        0.686338
MDMin:  1071 11:26:36    -2397.848881        0.680271
MDMin:  1072 11:26:38    -2397.850198        0.668279
MDMin:  1073 11:26:40    -2397.851766        0.748790
MDMin:  1074 11:26:42    -2397.850141        1.160481
MDMin:  1075 11:26:44    -2397.848248        1.021473
MDMin:  1076 11:26:45    -2397.849401        1.188593
MDMin:  1077 11:26:47    -2397.850805        0.728610
MDMin:  1078 11:26:48    -2397.852590        0.512232
MDMin:  1079 11:26:50    -2397.851396        1.133820
MDMin:  1080 11:26:52    -2397.849908        0.523011
MDMin:  1081 11:26:54    -2397.850869        0.526071
MDMin:  1082 11:26:56    -2397.852074        0.992462
MDMin:  1083 11:26:58    -2397.853332        1.612807
MDMin:  1084 11:27:00    -2397.854180        1.308536
MDMin:  1085 11:27:02    -2397.853397        1.335434
MDMin:  1086 11:27:04    -2397.850342        1.370760
MDMin:  1087 11:27:06    -2397.851563        1.358395
MDMin:  1088 11:27:08    -2397.853118        1.297256
MDMin:  1089 11:27:09    -2397.854994        1.187116
MDMin:  1090 11:27:11    -2397.853373        1.085263
MDMin:  1091 11:27:13    -2397.850370        0.943623
MDMin:  1092 11:27:15    -2397.851842        0.852382
MDMin:  1093 11:27:17    -2397.853642        0.738823
MDMin:  1094 11:27:19    -2397.855739        0.606200
MDMin:  1095 11:27:21    -2397.856107        1.054337
MDMin:  1096 11:27:23    -2397.852107        0.574920
MDMin:  1097 11:27:24    -2397.853350        0.575051
MDMin:  1098 11:27:26    -2397.854917        0.574755
MDMin:  1099 11:27:28    -2397.856776        0.573634
MDMin:  1100 11:27:30    -2397.858537        1.028027
MDMin:  1101 11:27:32    -2397.853686        0.569615
MDMin:  1102 11:27:34    -2397.854785        0.567784
MDMin:  1103 11:27:36    -2397.856212        0.564921
MDMin:  1104 11:27:38    -2397.857935        0.560664
MDMin:  1105 11:27:40    -2397.859919        0.554564
MDMin:  1106 11:27:41    -2397.856882        0.999722
MDMin:  1107 11:27:42    -2397.856790        0.541924
MDMin:  1108 11:27:44    -2397.857900        0.537507
MDMin:  1109 11:27:46    -2397.859325        0.531274
MDMin:  1110 11:27:48    -2397.861034        0.522927
MDMin:  1111 11:27:50    -2397.859196        0.976782
MDMin:  1112 11:27:51    -2397.857977        0.506767
MDMin:  1113 11:27:53    -2397.859052        0.501093
MDMin:  1114 11:27:54    -2397.860449        0.493235
MDMin:  1115 11:27:55    -2397.862137        0.483001
MDMin:  1116 11:27:57    -2397.860975        0.954748
MDMin:  1117 11:27:59    -2397.858983        0.507683
MDMin:  1118 11:28:01    -2397.860085        0.519826
MDMin:  1119 11:28:02    -2397.861514        0.535387
MDMin:  1120 11:28:04    -2397.863237        0.553770
MDMin:  1121 11:28:06    -2397.862759        0.932678
MDMin:  1122 11:28:07    -2397.859939        0.583190
MDMin:  1123 11:28:09    -2397.861086        0.591934
MDMin:  1124 11:28:11    -2397.862563        0.603083
MDMin:  1125 11:28:13    -2397.864337        0.616163
MDMin:  1126 11:28:14    -2397.864647        0.910388
MDMin:  1127 11:28:16    -2397.860868        0.636594
MDMin:  1128 11:28:18    -2397.862069        0.642372
MDMin:  1129 11:28:20    -2397.863605        0.649541
MDMin:  1130 11:28:22    -2397.865440        0.657537
MDMin:  1131 11:28:24    -2397.866657        0.887823
MDMin:  1132 11:28:26    -2397.861754        0.667920
MDMin:  1133 11:28:27    -2397.863026        0.669757
MDMin:  1134 11:28:29    -2397.864637        0.671188
MDMin:  1135 11:28:30    -2397.866547        0.670837
MDMin:  1136 11:28:33    -2397.868715        0.666031
MDMin:  1137 11:28:34    -2397.865942        0.859027
MDMin:  1138 11:28:36    -2397.864339        0.674300
MDMin:  1139 11:28:37    -2397.865815        0.735315
MDMin:  1140 11:28:38    -2397.867606        0.830444
MDMin:  1141 11:28:39    -2397.869661        0.992503
MDMin:  1142 11:28:41    -2397.869453        1.506550
MDMin:  1143 11:28:43    -2397.865165        1.530119
MDMin:  1144 11:28:45    -2397.866776        1.482778
MDMin:  1145 11:28:46    -2397.868716        1.393857
MDMin:  1146 11:28:48    -2397.870964        1.271477
MDMin:  1147 11:28:49    -2397.871914        1.120946
MDMin:  1148 11:28:51    -2397.864368        1.015929
MDMin:  1149 11:28:52    -2397.866544        0.938368
MDMin:  1150 11:28:54    -2397.869071        0.959245
MDMin:  1151 11:28:56    -2397.871912        0.961582
MDMin:  1152 11:28:58    -2397.875034        0.940476
MDMin:  1153 11:29:00    -2397.872123        0.893065
MDMin:  1154 11:29:01    -2397.868209        0.859815
MDMin:  1155 11:29:03    -2397.870502        0.824304
MDMin:  1156 11:29:05    -2397.873141        0.776802
MDMin:  1157 11:29:07    -2397.876085        0.716444
MDMin:  1158 11:29:09    -2397.877574        0.809515
MDMin:  1159 11:29:10    -2397.870670        0.604578
MDMin:  1160 11:29:11    -2397.872599        0.602091
MDMin:  1161 11:29:13    -2397.874908        0.601602
MDMin:  1162 11:29:14    -2397.877551        0.600198
MDMin:  1163 11:29:16    -2397.880486        0.597457
MDMin:  1164 11:29:17    -2397.878467        0.822952
MDMin:  1165 11:29:19    -2397.875729        0.590234
MDMin:  1166 11:29:20    -2397.877481        0.587460
MDMin:  1167 11:29:22    -2397.879611        0.583623
MDMin:  1168 11:29:23    -2397.882075        0.578545
MDMin:  1169 11:29:25    -2397.882263        0.815661
MDMin:  1170 11:29:27    -2397.877958        0.568638
MDMin:  1171 11:29:28    -2397.879524        0.565263
MDMin:  1172 11:29:30    -2397.881486        0.560774
MDMin:  1173 11:29:32    -2397.883801        0.555128
MDMin:  1174 11:29:34    -2397.884878        0.813909
MDMin:  1175 11:29:36    -2397.879858        0.544798
MDMin:  1176 11:29:38    -2397.881380        0.541387
MDMin:  1177 11:29:40    -2397.883307        0.536923
MDMin:  1178 11:29:42    -2397.885593        0.531436
MDMin:  1179 11:29:44    -2397.887080        0.814065
MDMin:  1180 11:29:46    -2397.881656        0.521696
MDMin:  1181 11:29:48    -2397.883185        0.518534
MDMin:  1182 11:29:50    -2397.885124        0.514443
MDMin:  1183 11:29:51    -2397.887426        0.509489
MDMin:  1184 11:29:53    -2397.889118        0.814857
MDMin:  1185 11:29:55    -2397.883419        0.500838
MDMin:  1186 11:29:57    -2397.884976        0.498053
MDMin:  1187 11:29:59    -2397.886945        0.494481
MDMin:  1188 11:30:01    -2397.889279        0.490198
MDMin:  1189 11:30:03    -2397.891082        0.815788
MDMin:  1190 11:30:05    -2397.885162        0.482780
MDMin:  1191 11:30:06    -2397.886755        0.480399
MDMin:  1192 11:30:08    -2397.888761        0.477367
MDMin:  1193 11:30:09    -2397.891132        0.473754
MDMin:  1194 11:30:11    -2397.893005        0.816631
MDMin:  1195 11:30:13    -2397.886882        0.467524
MDMin:  1196 11:30:14    -2397.888513        0.465526
MDMin:  1197 11:30:16    -2397.890558        0.462997
MDMin:  1198 11:30:18    -2397.892965        0.460001
MDMin:  1199 11:30:19    -2397.893983        1.135144
MDMin:  1200 11:30:21    -2397.893598        0.830385
MDMin:  1201 11:30:23    -2397.894204        1.090084
MDMin:  1202 11:30:25    -2397.894264        1.075178
MDMin:  1203 11:30:26    -2397.894354        1.051704
MDMin:  1204 11:30:28    -2397.894472        1.018816
MDMin:  1205 11:30:30    -2397.894614        0.975706
MDMin:  1206 11:30:32    -2397.894626        0.818590
MDMin:  1207 11:30:34    -2397.894865        0.908841
MDMin:  1208 11:30:36    -2397.894927        0.889342
MDMin:  1209 11:30:38    -2397.895010        0.861920
MDMin:  1210 11:30:39    -2397.895111        0.826693
MDMin:  1211 11:30:41    -2397.895229        0.784212
MDMin:  1212 11:30:43    -2397.895357        0.735587
MDMin:  1213 11:30:45    -2397.895494        0.682420
MDMin:  1214 11:30:46    -2397.895634        0.626596
MDMin:  1215 11:30:48    -2397.895774        0.569994
MDMin:  1216 11:30:49    -2397.895913        0.576007
MDMin:  1217 11:30:51    -2397.896050        0.585602
MDMin:  1218 11:30:53    -2397.896183        0.601085
MDMin:  1219 11:30:55    -2397.896315        0.615354
MDMin:  1220 11:30:57    -2397.896448        0.626436
MDMin:  1221 11:30:59    -2397.896584        0.631767
MDMin:  1222 11:31:01    -2397.896727        0.641949
MDMin:  1223 11:31:03    -2397.896878        0.658331
MDMin:  1224 11:31:05    -2397.897040        0.677126
MDMin:  1225 11:31:07    -2397.897215        0.697850
MDMin:  1226 11:31:09    -2397.897404        0.718949
MDMin:  1227 11:31:11    -2397.897606        0.736773
MDMin:  1228 11:31:13    -2397.897820        0.743121
MDMin:  1229 11:31:15    -2397.898044        0.718486
MDMin:  1230 11:31:16    -2397.898276        0.939337
MDMin:  1231 11:31:17    -2397.898509        0.568740
MDMin:  1232 11:31:19    -2397.898749        1.653631
MDMin:  1233 11:31:20    -2397.898841        1.349697
MDMin:  1234 11:31:21    -2397.898878        1.137972
MDMin:  1235 11:31:23    -2397.898866        1.145552
MDMin:  1236 11:31:24    -2397.898862        1.049907
MDMin:  1237 11:31:26    -2397.898906        0.887385
MDMin:  1238 11:31:27    -2397.899025        0.688857
MDMin:  1239 11:31:29    -2397.899161        0.546627
MDMin:  1240 11:31:31    -2397.899326        0.527595
MDMin:  1241 11:31:32    -2397.899525        0.507900
MDMin:  1242 11:31:34    -2397.899751        0.489071
MDMin:  1243 11:31:36    -2397.899998        0.471933
MDMin:  1244 11:31:38    -2397.900262        0.462415
MDMin:  1245 11:31:40    -2397.900539        0.479001
MDMin:  1246 11:31:42    -2397.900827        0.510210
MDMin:  1247 11:31:44    -2397.899230        0.577971
MDMin:  1248 11:31:46    -2397.900245        0.625001
MDMin:  1249 11:31:48    -2397.900342        0.668732
MDMin:  1250 11:31:50    -2397.900556        0.711485
MDMin:  1251 11:31:51    -2397.900860        0.753441
MDMin:  1252 11:31:53    -2397.901213        0.793199
MDMin:  1253 11:31:55    -2397.901560        0.825304
MDMin:  1254 11:31:57    -2397.901766        0.839404
MDMin:  1255 11:31:58    -2397.901874        0.845192
MDMin:  1256 11:32:00    -2397.902004        0.851312
MDMin:  1257 11:32:01    -2397.902077        0.856823
MDMin:  1258 11:32:02    -2397.902185        0.860811
MDMin:  1259 11:32:03    -2397.902305        0.862507
MDMin:  1260 11:32:05    -2397.902437        0.860698
MDMin:  1261 11:32:06    -2397.902580        0.853993
MDMin:  1262 11:32:08    -2397.902734        0.840829
MDMin:  1263 11:32:10    -2397.902900        0.819326
MDMin:  1264 11:32:12    -2397.903075        0.786931
MDMin:  1265 11:32:14    -2397.902770        0.739982
MDMin:  1266 11:32:16    -2397.903114        0.702037
MDMin:  1267 11:32:18    -2397.903256        0.794212
MDMin:  1268 11:32:20    -2397.903439        0.881983
MDMin:  1269 11:32:22    -2397.903662        0.954397
MDMin:  1270 11:32:24    -2397.903915        1.000184
MDMin:  1271 11:32:26    -2397.904141        1.008524
MDMin:  1272 11:32:28    -2397.904380        0.554258
MDMin:  1273 11:32:30    -2397.904627        0.488088
MDMin:  1274 11:32:31    -2397.904377        0.852266
MDMin:  1275 11:32:33    -2397.904533        0.527041
MDMin:  1276 11:32:35    -2397.904702        0.450199
MDMin:  1277 11:32:36    -2397.904862        0.610676
MDMin:  1278 11:32:38    -2397.905003        0.583203
MDMin:  1279 11:32:40    -2397.905142        0.441530
MDMin:  1280 11:32:42    -2397.905289        0.745825
MDMin:  1281 11:32:44    -2397.905420        0.446401
MDMin:  1282 11:32:45    -2397.905535        0.449569
MDMin:  1283 11:32:47    -2397.905654        0.602078
MDMin:  1284 11:32:49    -2397.905764        0.456752
MDMin:  1285 11:32:51    -2397.905877        0.461037
MDMin:  1286 11:32:52    -2397.905995        0.703950
MDMin:  1287 11:32:54    -2397.906104        0.471238
MDMin:  1288 11:32:56    -2397.906227        0.477754
MDMin:  1289 11:32:57    -2397.906348        0.484868
MDMin:  1290 11:32:59    -2397.906464        0.492261
MDMin:  1291 11:33:00    -2397.906579        0.500194
MDMin:  1292 11:33:02    -2397.906430        0.556579
MDMin:  1293 11:33:04    -2397.906780        0.516906
MDMin:  1294 11:33:06    -2397.906888        0.525640
MDMin:  1295 11:33:07    -2397.906763        0.534518
MDMin:  1296 11:33:09    -2397.906946        0.543221
MDMin:  1297 11:33:10    -2397.907033        0.551789
MDMin:  1298 11:33:12    -2397.907104        0.560936
MDMin:  1299 11:33:14    -2397.906993        0.569155
MDMin:  1300 11:33:15    -2397.907115        0.577316
MDMin:  1301 11:33:17    -2397.907237        0.584171
MDMin:  1302 11:33:18    -2397.907370        0.589964
MDMin:  1303 11:33:20    -2397.907502        0.593596
MDMin:  1304 11:33:22    -2397.907645        0.594906
MDMin:  1305 11:33:24    -2397.907786        0.593211
MDMin:  1306 11:33:26    -2397.907937        0.587945
MDMin:  1307 11:33:28    -2397.908086        0.579156
MDMin:  1308 11:33:30    -2397.908232        0.566167
MDMin:  1309 11:33:31    -2397.908374        0.549862
MDMin:  1310 11:33:33    -2397.908496        0.529734
MDMin:  1311 11:33:35    -2397.908408        0.535642
MDMin:  1312 11:33:37    -2397.908559        0.547112
MDMin:  1313 11:33:39    -2397.908716        0.556899
MDMin:  1314 11:33:41    -2397.908879        0.564129
MDMin:  1315 11:33:43    -2397.909045        0.855333
MDMin:  1316 11:33:45    -2397.907378        0.848814
MDMin:  1317 11:33:47    -2397.902697        0.826419
MDMin:  1318 11:33:48    -2397.895962        0.791409
MDMin:  1319 11:33:50    -2397.887995        0.748969
MDMin:  1320 11:33:52    -2397.879453        0.704061
MDMin:  1321 11:33:54    -2397.871084        0.661030
MDMin:  1322 11:33:55    -2397.863366        0.621486
MDMin:  1323 11:33:57    -2397.856480        0.585033
MDMin:  1324 11:33:59    -2397.850606        0.551355
MDMin:  1325 11:34:01    -2397.845881        0.520210
MDMin:  1326 11:34:03    -2397.842430        0.491500
MDMin:  1327 11:34:04    -2397.840379        0.465315
MDMin:  1328 11:34:05    -2397.839856        0.441930
MDMin:  1329 11:34:07    -2397.840987        0.421680
MDMin:  1330 11:34:08    -2397.843855        0.418052
MDMin:  1331 11:34:10    -2397.848462        0.418009
MDMin:  1332 11:34:11    -2397.854658        0.419900
MDMin:  1333 11:34:13    -2397.862080        0.424588
MDMin:  1334 11:34:15    -2397.856862        0.881764
MDMin:  1335 11:34:16    -2397.859078        0.434393
MDMin:  1336 11:34:18    -2397.860293        0.435771
MDMin:  1337 11:34:20    -2397.861838        0.437666
MDMin:  1338 11:34:22    -2397.863707        0.440169
MDMin:  1339 11:34:23    -2397.865898        0.443388
MDMin:  1340 11:34:25    -2397.868293        0.837935
MDMin:  1341 11:34:27    -2397.862982        0.448840
MDMin:  1342 11:34:29    -2397.863756        0.450131
MDMin:  1343 11:34:30    -2397.864865        0.452048
MDMin:  1344 11:34:31    -2397.866306        0.454649
MDMin:  1345 11:34:32    -2397.868073        0.458005
MDMin:  1346 11:34:34    -2397.870164        0.462271
MDMin:  1347 11:34:36    -2397.870265        0.807541
MDMin:  1348 11:34:38    -2397.867198        0.471271
MDMin:  1349 11:34:40    -2397.867994        0.473419
MDMin:  1350 11:34:42    -2397.869128        0.476522
MDMin:  1351 11:34:44    -2397.870594        0.480589
MDMin:  1352 11:34:46    -2397.872385        0.485609
MDMin:  1353 11:34:48    -2397.873847        0.805201
MDMin:  1354 11:34:50    -2397.869378        0.493730
MDMin:  1355 11:34:51    -2397.870168        0.495797
MDMin:  1356 11:34:53    -2397.871298        0.498745
MDMin:  1357 11:34:55    -2397.872762        0.502518
MDMin:  1358 11:34:56    -2397.874550        0.507018
MDMin:  1359 11:34:58    -2397.876653        0.512079
MDMin:  1360 11:34:59    -2397.875637        0.813176
MDMin:  1361 11:35:01    -2397.873314        0.519255
MDMin:  1362 11:35:03    -2397.874178        0.520828
MDMin:  1363 11:35:05    -2397.875380        0.522902
MDMin:  1364 11:35:07    -2397.876910        0.525317
MDMin:  1365 11:35:08    -2397.878759        0.527848
MDMin:  1366 11:35:10    -2397.879518        0.809057
MDMin:  1367 11:35:12    -2397.875350        0.530887
MDMin:  1368 11:35:13    -2397.876204        0.531434
MDMin:  1369 11:35:15    -2397.877397        0.532024
MDMin:  1370 11:35:17    -2397.878917        0.532463
MDMin:  1371 11:35:19    -2397.880753        0.532495
MDMin:  1372 11:35:20    -2397.882892        0.531812
MDMin:  1373 11:35:21    -2397.881670        0.815296
MDMin:  1374 11:35:23    -2397.879105        0.530111
MDMin:  1375 11:35:25    -2397.880020        0.529668
MDMin:  1376 11:35:26    -2397.881266        0.528826
MDMin:  1377 11:35:27    -2397.882831        0.527349
MDMin:  1378 11:35:29    -2397.884701        0.524931
MDMin:  1379 11:35:31    -2397.885697        0.809323
MDMin:  1380 11:35:33    -2397.880948        0.519370
MDMin:  1381 11:35:35    -2397.881826        0.517528
MDMin:  1382 11:35:37    -2397.883032        0.514725
MDMin:  1383 11:35:39    -2397.884554        0.510728
MDMin:  1384 11:35:40    -2397.886378        0.505244
MDMin:  1385 11:35:42    -2397.888490        0.497931
MDMin:  1386 11:35:44    -2397.887881        0.814211
MDMin:  1387 11:35:46    -2397.884435        0.487570
MDMin:  1388 11:35:47    -2397.885338        0.485214
MDMin:  1389 11:35:49    -2397.886558        0.481961
MDMin:  1390 11:35:51    -2397.888080        0.477811
MDMin:  1391 11:35:53    -2397.889891        0.472783
MDMin:  1392 11:35:55    -2397.891691        0.807055
MDMin:  1393 11:35:57    -2397.885995        0.464577
MDMin:  1394 11:35:59    -2397.886834        0.462431
MDMin:  1395 11:36:01    -2397.887985        0.459453
MDMin:  1396 11:36:03    -2397.889434        0.455671
MDMin:  1397 11:36:05    -2397.891166        0.451127
MDMin:  1398 11:36:07    -2397.893165        0.445879
MDMin:  1399 11:36:09    -2397.893598        0.811048
MDMin:  1400 11:36:11    -2397.889043        0.437784
MDMin:  1401 11:36:12    -2397.889876        0.435839
MDMin:  1402 11:36:13    -2397.891007        0.433176
MDMin:  1403 11:36:15    -2397.892420        0.429825
MDMin:  1404 11:36:17    -2397.894100        0.425824
MDMin:  1405 11:36:18    -2397.896031        0.424977
MDMin:  1406 11:36:20    -2397.895831        0.811399
MDMin:  1407 11:36:21    -2397.891894        0.424133
MDMin:  1408 11:36:23    -2397.892676        0.423797
MDMin:  1409 11:36:25    -2397.893740        0.423291
MDMin:  1410 11:36:27    -2397.895071        0.422574
MDMin:  1411 11:36:28    -2397.896651        0.421592
MDMin:  1412 11:36:30    -2397.898467        0.420285
MDMin:  1413 11:36:31    -2397.897972        0.810307
MDMin:  1414 11:36:33    -2397.894350        0.417855
MDMin:  1415 11:36:34    -2397.895072        0.417182
MDMin:  1416 11:36:36    -2397.896059        0.416221
MDMin:  1417 11:36:38    -2397.897295        0.414947
MDMin:  1418 11:36:40    -2397.898765        0.413331
MDMin:  1419 11:36:42    -2397.900452        0.411345
MDMin:  1420 11:36:43    -2397.899964        0.808443
MDMin:  1421 11:36:45    -2397.896348        0.408020
MDMin:  1422 11:36:46    -2397.897009        0.407180
MDMin:  1423 11:36:48    -2397.897917        0.405991
MDMin:  1424 11:36:49    -2397.899057        0.404448
MDMin:  1425 11:36:51    -2397.900413        0.402545
MDMin:  1426 11:36:53    -2397.901967        0.400276
MDMin:  1427 11:36:55    -2397.901811        0.806074
MDMin:  1428 11:36:56    -2397.897847        0.396659
MDMin:  1429 11:36:58    -2397.898450        0.395784
MDMin:  1430 11:36:59    -2397.899283        0.394554
MDMin:  1431 11:37:01    -2397.900328        0.392977
MDMin:  1432 11:37:03    -2397.901571        0.394197
MDMin:  1433 11:37:05    -2397.902993        0.397960
MDMin:  1434 11:37:06    -2397.903536        0.803324
MDMin:  1435 11:37:08    -2397.898811        0.404415
MDMin:  1436 11:37:10    -2397.899362        0.405988
MDMin:  1437 11:37:12    -2397.900123        0.408294
MDMin:  1438 11:37:13    -2397.901078        0.411391
MDMin:  1439 11:37:15    -2397.902210        0.415343
MDMin:  1440 11:37:17    -2397.903502        0.420206
MDMin:  1441 11:37:19    -2397.904935        0.426015
MDMin:  1442 11:37:21    -2397.904172        0.806960
MDMin:  1443 11:37:23    -2397.900302        0.435016
MDMin:  1444 11:37:25    -2397.900814        0.436965
MDMin:  1445 11:37:27    -2397.901506        0.439697
MDMin:  1446 11:37:29    -2397.902359        0.443194
MDMin:  1447 11:37:31    -2397.903359        0.447404
MDMin:  1448 11:37:32    -2397.904488        0.452229
MDMin:  1449 11:37:34    -2397.905727        0.457492
MDMin:  1450 11:37:36    -2397.905340        0.805420
MDMin:  1451 11:37:38    -2397.900792        0.464553
MDMin:  1452 11:37:40    -2397.901243        0.465893
MDMin:  1453 11:37:42    -2397.901842        0.467641
MDMin:  1454 11:37:43    -2397.902572        0.469663
MDMin:  1455 11:37:45    -2397.903418        0.471760
MDMin:  1456 11:37:48    -2397.904364        0.473662
MDMin:  1457 11:37:49    -2397.905392        0.475014
MDMin:  1458 11:37:51    -2397.906479        0.475387
MDMin:  1459 11:37:53    -2397.905787        0.807476
MDMin:  1460 11:37:55    -2397.900804        0.473501
MDMin:  1461 11:37:57    -2397.901185        0.472686
MDMin:  1462 11:38:00    -2397.901670        0.471382
MDMin:  1463 11:38:01    -2397.902243        0.469413
MDMin:  1464 11:38:03    -2397.902890        0.466567
MDMin:  1465 11:38:05    -2397.903597        0.462614
MDMin:  1466 11:38:06    -2397.904345        0.457326
MDMin:  1467 11:38:08    -2397.904522        1.052191
MDMin:  1468 11:38:09    -2397.904613        1.040654
MDMin:  1469 11:38:11    -2397.904737        1.023820
MDMin:  1470 11:38:13    -2397.904894        0.997970
MDMin:  1471 11:38:14    -2397.905082        0.958908
MDMin:  1472 11:38:15    -2397.905302        0.905211
MDMin:  1473 11:38:17    -2397.905388        0.879721
MDMin:  1474 11:38:18    -2397.905447        0.829472
MDMin:  1475 11:38:20    -2397.905484        0.820978
MDMin:  1476 11:38:22    -2397.905549        0.805979
MDMin:  1477 11:38:24    -2397.905641        0.784512
MDMin:  1478 11:38:26    -2397.905760        0.756793
MDMin:  1479 11:38:28    -2397.905906        0.723347
MDMin:  1480 11:38:30    -2397.906077        0.685073
MDMin:  1481 11:38:32    -2397.906273        0.643192
MDMin:  1482 11:38:34    -2397.906490        0.599116
MDMin:  1483 11:38:36    -2397.906729        0.554282
MDMin:  1484 11:38:37    -2397.906985        0.510024
MDMin:  1485 11:38:38    -2397.907255        0.467492
MDMin:  1486 11:38:40    -2397.907536        0.452247
MDMin:  1487 11:38:41    -2397.907824        0.461278
MDMin:  1488 11:38:42    -2397.908114        0.468803
MDMin:  1489 11:38:44    -2397.908404        0.473312
MDMin:  1490 11:38:45    -2397.908689        0.472975
MDMin:  1491 11:38:46    -2397.908969        0.465936
MDMin:  1492 11:38:47    -2397.909241        0.450661
MDMin:  1493 11:38:48    -2397.909505        0.426421
MDMin:  1494 11:38:50    -2397.909760        0.393738
MDMin:  1495 11:38:51    -2397.910008        0.375165
MDMin:  1496 11:38:53    -2397.910248        0.367821
MDMin:  1497 11:38:55    -2397.910482        0.383693
MDMin:  1498 11:38:56    -2397.910712        0.397270
MDMin:  1499 11:38:58    -2397.910939        0.399816
MDMin:  1500 11:39:00    -2397.911168        0.388760
MDMin:  1501 11:39:02    -2397.911402        0.365496
MDMin:  1502 11:39:04    -2397.911643        0.334626
MDMin:  1503 11:39:05    -2397.911896        0.310123
MDMin:  1504 11:39:06    -2397.912142        0.787786
MDMin:  1505 11:39:08    -2397.912212        0.482725
MDMin:  1506 11:39:10    -2397.912221        0.417419
MDMin:  1507 11:39:12    -2397.912237        0.317558
MDMin:  1508 11:39:14    -2397.912261        0.318339
MDMin:  1509 11:39:15    -2397.912294        0.319479
MDMin:  1510 11:39:16    -2397.912334        0.321032
MDMin:  1511 11:39:18    -2397.912381        0.323074
MDMin:  1512 11:39:20    -2397.912436        0.325709
MDMin:  1513 11:39:22    -2397.912498        0.329051
MDMin:  1514 11:39:24    -2397.912567        0.333227
MDMin:  1515 11:39:26    -2397.912644        0.338368
MDMin:  1516 11:39:28    -2397.912729        0.344603
MDMin:  1517 11:39:29    -2397.912822        0.352037
MDMin:  1518 11:39:30    -2397.912922        0.360733
MDMin:  1519 11:39:32    -2397.913030        0.370671
MDMin:  1520 11:39:34    -2397.913146        0.381692
MDMin:  1521 11:39:36    -2397.913269        0.393440
MDMin:  1522 11:39:37    -2397.913400        0.405279
MDMin:  1523 11:39:39    -2397.913538        0.416228
MDMin:  1524 11:39:40    -2397.913684        0.424928
MDMin:  1525 11:39:41    -2397.913755        0.429684
MDMin:  1526 11:39:43    -2397.913369        0.428872
MDMin:  1527 11:39:45    -2397.913484        0.422028
MDMin:  1528 11:39:46    -2397.913627        0.408248
MDMin:  1529 11:39:48    -2397.913791        0.387164
MDMin:  1530 11:39:50    -2397.913974        0.359290
MDMin:  1531 11:39:52    -2397.914170        0.326028
MDMin:  1532 11:39:54    -2397.914193        0.289396
MDMin:  1533 11:39:56    -2397.913882        0.274665
MDMin:  1534 11:39:58    -2397.914041        0.264559
MDMin:  1535 11:39:59    -2397.914246        0.253852
MDMin:  1536 11:40:00    -2397.914463        0.429687
MDMin:  1537 11:40:01    -2397.914507        0.435548
MDMin:  1538 11:40:03    -2397.914527        0.290763
MDMin:  1539 11:40:05    -2397.914561        0.236351
MDMin:  1540 11:40:07    -2397.914476        0.234550
MDMin:  1541 11:40:09    -2397.914524        0.232533
MDMin:  1542 11:40:11    -2397.914581        0.230296
MDMin:  1543 11:40:13    -2397.914613        0.227888
MDMin:  1544 11:40:15    -2397.914507        0.225495
MDMin:  1545 11:40:17    -2397.914579        0.223098
MDMin:  1546 11:40:18    -2397.914661        0.220685
MDMin:  1547 11:40:20    -2397.914676        0.218336
MDMin:  1548 11:40:22    -2397.914573        0.216244
MDMin:  1549 11:40:24    -2397.914667        0.214415
MDMin:  1550 11:40:26    -2397.914774        0.212879
MDMin:  1551 11:40:28    -2397.914729        0.211755
MDMin:  1552 11:40:30    -2397.914683        0.211175
MDMin:  1553 11:40:32    -2397.914801        0.211195
MDMin:  1554 11:40:34    -2397.914825        0.211946
MDMin:  1555 11:40:36    -2397.914717        0.213473
MDMin:  1556 11:40:38    -2397.914848        0.215870
MDMin:  1557 11:40:40    -2397.914884        0.219374
MDMin:  1558 11:40:42    -2397.914783        0.223917
MDMin:  1559 11:40:44    -2397.914928        0.229603
MDMin:  1560 11:40:46    -2397.914908        0.236771
MDMin:  1561 11:40:47    -2397.914887        0.245193
MDMin:  1562 11:40:49    -2397.915024        0.254909
MDMin:  1563 11:40:51    -2397.914857        0.265854
MDMin:  1564 11:40:52    -2397.915017        0.277910
MDMin:  1565 11:40:54    -2397.914954        0.291293
MDMin:  1566 11:40:55    -2397.915025        0.305318
MDMin:  1567 11:40:56    -2397.915016        0.319526
MDMin:  1568 11:40:58    -2397.915044        0.333369
MDMin:  1569 11:41:00    -2397.915040        0.346068
MDMin:  1570 11:41:02    -2397.915082        0.356821
MDMin:  1571 11:41:03    -2397.915041        0.364652
MDMin:  1572 11:41:05    -2397.915145        0.368938
MDMin:  1573 11:41:07    -2397.915052        0.369953
MDMin:  1574 11:41:09    -2397.915142        0.369066
MDMin:  1575 11:41:11    -2397.915157        0.366921
MDMin:  1576 11:41:12    -2397.915103        0.363431
MDMin:  1577 11:41:13    -2397.915184        0.358339
MDMin:  1578 11:41:14    -2397.915141        0.351358
MDMin:  1579 11:41:16    -2397.915113        0.346504
MDMin:  1580 11:41:17    -2397.914942        0.949657
MDMin:  1581 11:41:19    -2397.915194        0.340301
MDMin:  1582 11:41:21    -2397.915216        0.339249
MDMin:  1583 11:41:23    -2397.915191        0.337711
MDMin:  1584 11:41:24    -2397.915217        0.335651
MDMin:  1585 11:41:26    -2397.915206        0.333003
MDMin:  1586 11:41:28    -2397.915176        0.329761
MDMin:  1587 11:41:29    -2397.915218        0.327643
MDMin:  1588 11:41:30    -2397.915202        0.326379
MDMin:  1589 11:41:31    -2397.915155        0.324789
MDMin:  1590 11:41:33    -2397.915211        0.322817
MDMin:  1591 11:41:35    -2397.915212        0.320402
MDMin:  1592 11:41:37    -2397.915120        0.317549
MDMin:  1593 11:41:39    -2397.915179        0.944275
MDMin:  1594 11:41:40    -2397.915233        0.313541
MDMin:  1595 11:41:41    -2397.915243        0.312950
MDMin:  1596 11:41:43    -2397.915257        0.312069
MDMin:  1597 11:41:44    -2397.915249        0.310888
MDMin:  1598 11:41:46    -2397.915212        0.309416
MDMin:  1599 11:41:47    -2397.915240        0.307623
MDMin:  1600 11:41:49    -2397.915255        0.305475
MDMin:  1601 11:41:51    -2397.915171        0.302994
MDMin:  1602 11:41:53    -2397.915213        0.300120
MDMin:  1603 11:41:55    -2397.915256        0.296795
MDMin:  1604 11:41:57    -2397.915183        0.940509
MDMin:  1605 11:41:59    -2397.915245        0.292293
MDMin:  1606 11:42:01    -2397.915260        0.291687
MDMin:  1607 11:42:02    -2397.915275        0.290716
MDMin:  1608 11:42:04    -2397.915274        0.289375
MDMin:  1609 11:42:06    -2397.915229        0.287677
MDMin:  1610 11:42:08    -2397.915252        0.285581
MDMin:  1611 11:42:10    -2397.915278        0.283049
MDMin:  1612 11:42:11    -2397.915268        0.280046
MDMin:  1613 11:42:13    -2397.915190        0.276617
MDMin:  1614 11:42:15    -2397.914995        0.938026
MDMin:  1615 11:42:17    -2397.915259        0.271993
MDMin:  1616 11:42:19    -2397.915265        0.271351
MDMin:  1617 11:42:21    -2397.915274        0.270276
MDMin:  1618 11:42:23    -2397.915287        0.268753
MDMin:  1619 11:42:24    -2397.915294        0.266766
MDMin:  1620 11:42:26    -2397.915229        0.264352
MDMin:  1621 11:42:28    -2397.915254        0.261443
MDMin:  1622 11:42:30    -2397.915255        0.935550
MDMin:  1623 11:42:32    -2397.915306        0.257357
MDMin:  1624 11:42:34    -2397.915309        0.256730
MDMin:  1625 11:42:36    -2397.915279        0.255645
MDMin:  1626 11:42:38    -2397.915290        0.254079
MDMin:  1627 11:42:40    -2397.915305        0.252006
MDMin:  1628 11:42:41    -2397.915301        0.249404
MDMin:  1629 11:42:43    -2397.915235        0.246338
MDMin:  1630 11:42:45    -2397.915183        0.933819
MDMin:  1631 11:42:47    -2397.915286        0.242088
MDMin:  1632 11:42:49    -2397.915290        0.241468
MDMin:  1633 11:42:51    -2397.915298        0.240332
MDMin:  1634 11:42:52    -2397.915308        0.238670
MDMin:  1635 11:42:53    -2397.915317        0.236466
MDMin:  1636 11:42:55    -2397.915250        0.233783
MDMin:  1637 11:42:57    -2397.915272        0.230550
MDMin:  1638 11:42:58    -2397.914941        0.932609
MDMin:  1639 11:43:00    -2397.915319        0.226090
MDMin:  1640 11:43:02    -2397.915322        0.225491
MDMin:  1641 11:43:04    -2397.915328        0.224349
MDMin:  1642 11:43:06    -2397.915285        0.222701
MDMin:  1643 11:43:08    -2397.915299        0.220507
MDMin:  1644 11:43:10    -2397.915315        0.217740
MDMin:  1645 11:43:11    -2397.915027        0.931211
MDMin:  1646 11:43:13    -2397.915322        0.213792
MDMin:  1647 11:43:14    -2397.915330        0.213255
MDMin:  1648 11:43:16    -2397.915312        0.212164
MDMin:  1649 11:43:17    -2397.915322        0.210523
MDMin:  1650 11:43:18    -2397.915333        0.208316
MDMin:  1651 11:43:19    -2397.915264        0.205627
MDMin:  1652 11:43:21    -2397.915013        0.929943
MDMin:  1653 11:43:22    -2397.915305        0.201813
MDMin:  1654 11:43:24    -2397.915308        0.201291
MDMin:  1655 11:43:25    -2397.915314        0.200212
MDMin:  1656 11:43:26    -2397.915324        0.198571
MDMin:  1657 11:43:28    -2397.915336        0.196364
MDMin:  1658 11:43:30    -2397.915272        0.928513
MDMin:  1659 11:43:32    -2397.915332        0.193041
MDMin:  1660 11:43:34    -2397.915338        0.192583
MDMin:  1661 11:43:36    -2397.915331        0.191570
MDMin:  1662 11:43:38    -2397.915340        0.190009
MDMin:  1663 11:43:40    -2397.915340        0.187887
MDMin:  1664 11:43:41    -2397.915283        0.185304
MDMin:  1665 11:43:43    -2397.915104        0.927469
MDMin:  1666 11:43:44    -2397.915322        0.181667
MDMin:  1667 11:43:46    -2397.915325        0.181225
MDMin:  1668 11:43:47    -2397.915330        0.180236
MDMin:  1669 11:43:49    -2397.915339        0.178698
MDMin:  1670 11:43:50    -2397.915349        0.176611
MDMin:  1671 11:43:51    -2397.915260        0.926346
MDMin:  1672 11:43:53    -2397.915300        0.173591
MDMin:  1673 11:43:54    -2397.915303        0.173189
MDMin:  1674 11:43:56    -2397.915309        0.172248
MDMin:  1675 11:43:58    -2397.915319        0.170768
MDMin:  1676 11:44:00    -2397.915331        0.168751
MDMin:  1677 11:44:01    -2397.915344        0.925252
MDMin:  1678 11:44:03    -2397.915358        0.165725
MDMin:  1679 11:44:05    -2397.915355        0.165380
MDMin:  1680 11:44:07    -2397.915360        0.164512
MDMin:  1681 11:44:08    -2397.915322        0.165627
MDMin:  1682 11:44:10    -2397.915334        0.167447
MDMin:  1683 11:44:11    -2397.915348        0.169733
MDMin:  1684 11:44:13    -2397.915028        0.924716
MDMin:  1685 11:44:14    -2397.915353        0.166563
MDMin:  1686 11:44:16    -2397.915358        0.166878
MDMin:  1687 11:44:18    -2397.915349        0.167708
MDMin:  1688 11:44:20    -2397.915358        0.169044
MDMin:  1689 11:44:22    -2397.915358        0.170873
MDMin:  1690 11:44:24    -2397.915079        0.923971
MDMin:  1691 11:44:26    -2397.915319        0.167525
MDMin:  1692 11:44:27    -2397.915321        0.167829
MDMin:  1693 11:44:29    -2397.915327        0.168655
MDMin:  1694 11:44:30    -2397.915336        0.170010
MDMin:  1695 11:44:31    -2397.915348        0.171876
MDMin:  1696 11:44:32    -2397.915085        0.923205
MDMin:  1697 11:44:34    -2397.915366        0.168832
MDMin:  1698 11:44:36    -2397.915369        0.169097
MDMin:  1699 11:44:38    -2397.915349        0.169888
MDMin:  1700 11:44:40    -2397.915357        0.171205
MDMin:  1701 11:44:42    -2397.915368        0.173045
MDMin:  1702 11:44:44    -2397.915098        0.922448
MDMin:  1703 11:44:46    -2397.915360        0.170167
MDMin:  1704 11:44:48    -2397.915363        0.170427
MDMin:  1705 11:44:50    -2397.915369        0.171219
MDMin:  1706 11:44:51    -2397.915369        0.172541
MDMin:  1707 11:44:52    -2397.915326        0.174311
MDMin:  1708 11:44:54    -2397.915106        0.921735
MDMin:  1709 11:44:56    -2397.915358        0.171470
MDMin:  1710 11:44:59    -2397.915359        0.171732
MDMin:  1711 11:45:01    -2397.915364        0.172529
MDMin:  1712 11:45:03    -2397.915373        0.173873
MDMin:  1713 11:45:05    -2397.915370        0.175754
MDMin:  1714 11:45:07    -2397.915070        0.922623
MDMin:  1715 11:45:09    -2397.915334        0.173120
MDMin:  1716 11:45:11    -2397.915336        0.173384
MDMin:  1717 11:45:13    -2397.915341        0.174186
MDMin:  1718 11:45:14    -2397.915350        0.175537
MDMin:  1719 11:45:16    -2397.915339        0.923336
MDMin:  1720 11:45:18    -2397.915379        0.172776
MDMin:  1721 11:45:20    -2397.915381        0.173038
MDMin:  1722 11:45:22    -2397.915381        0.173839
MDMin:  1723 11:45:24    -2397.915349        0.175148
MDMin:  1724 11:45:26    -2397.915360        0.177005
MDMin:  1725 11:45:27    -2397.915279        0.925195
MDMin:  1726 11:45:29    -2397.915382        0.174888
MDMin:  1727 11:45:30    -2397.915383        0.175154
MDMin:  1728 11:45:31    -2397.915383        0.175961
MDMin:  1729 11:45:33    -2397.915351        0.177272
MDMin:  1730 11:45:34    -2397.915363        0.179120
MDMin:  1731 11:45:36    -2397.915134        0.927154
MDMin:  1732 11:45:37    -2397.915385        0.176871
MDMin:  1733 11:45:38    -2397.915386        0.177139
MDMin:  1734 11:45:39    -2397.915385        0.177951
MDMin:  1735 11:45:41    -2397.915354        0.179264
MDMin:  1736 11:45:42    -2397.915359        0.927932
MDMin:  1737 11:45:43    -2397.915383        0.176647
MDMin:  1738 11:45:45    -2397.915384        0.176912
MDMin:  1739 11:45:46    -2397.915389        0.177725
MDMin:  1740 11:45:48    -2397.915386        0.179108
MDMin:  1741 11:45:50    -2397.915346        0.180968
MDMin:  1742 11:45:52    -2397.915220        0.929908
MDMin:  1743 11:45:54    -2397.915377        0.178995
MDMin:  1744 11:45:56    -2397.915379        0.179265
MDMin:  1745 11:45:58    -2397.915384        0.180087
MDMin:  1746 11:46:00    -2397.915392        0.181476
MDMin:  1747 11:46:02    -2397.915341        0.183325
MDMin:  1748 11:46:04    -2397.914992        0.932008
MDMin:  1749 11:46:06    -2397.915372        0.181148
MDMin:  1750 11:46:07    -2397.915374        0.181420
MDMin:  1751 11:46:09    -2397.915379        0.182246
MDMin:  1752 11:46:11    -2397.915388        0.183635
MDMin:  1753 11:46:13    -2397.915134        0.932991
MDMin:  1754 11:46:15    -2397.915390        0.181152
MDMin:  1755 11:46:17    -2397.915394        0.181423
MDMin:  1756 11:46:18    -2397.915384        0.182250
MDMin:  1757 11:46:20    -2397.915393        0.183637
MDMin:  1758 11:46:22    -2397.915313        0.933937
MDMin:  1759 11:46:24    -2397.915391        0.181485
MDMin:  1760 11:46:25    -2397.915394        0.181754
MDMin:  1761 11:46:27    -2397.915389        0.182578
MDMin:  1762 11:46:28    -2397.915398        0.183968
MDMin:  1763 11:46:30    -2397.915393        0.185947
MDMin:  1764 11:46:32    -2397.915056        0.936129
MDMin:  1765 11:46:34    -2397.915358        0.184271
MDMin:  1766 11:46:36    -2397.915360        0.184545
MDMin:  1767 11:46:38    -2397.915365        0.185380
MDMin:  1768 11:46:39    -2397.915375        0.186787
MDMin:  1769 11:46:41    -2397.915109        0.937280
MDMin:  1770 11:46:43    -2397.915403        0.184534
MDMin:  1771 11:46:45    -2397.915404        0.184808
MDMin:  1772 11:46:47    -2397.915382        0.185620
MDMin:  1773 11:46:49    -2397.915390        0.186998
MDMin:  1774 11:46:51    -2397.915243        0.938311
MDMin:  1775 11:46:53    -2397.915401        0.184965
MDMin:  1776 11:46:55    -2397.915405        0.185236
MDMin:  1777 11:46:57    -2397.915387        0.186067
MDMin:  1778 11:46:58    -2397.915396        0.187468
MDMin:  1779 11:47:00    -2397.915346        0.939405
MDMin:  1780 11:47:02    -2397.915402        0.185652
MDMin:  1781 11:47:04    -2397.915405        0.185922
MDMin:  1782 11:47:05    -2397.915392        0.186750
MDMin:  1783 11:47:07    -2397.915401        0.188152
MDMin:  1784 11:47:08    -2397.915404        0.190153
MDMin:  1785 11:47:09    -2397.914995        0.941751
MDMin:  1786 11:47:11    -2397.915361        0.188727
MDMin:  1787 11:47:13    -2397.915363        0.189004
MDMin:  1788 11:47:15    -2397.915369        0.189847
MDMin:  1789 11:47:16    -2397.915334        0.942042
MDMin:  1790 11:47:18    -2397.915395        0.187246
MDMin:  1791 11:47:20    -2397.915397        0.187513
MDMin:  1792 11:47:21    -2397.915402        0.188335
MDMin:  1793 11:47:23    -2397.915411        0.189749
MDMin:  1794 11:47:25    -2397.915406        0.191775
MDMin:  1795 11:47:26    -2397.915030        0.944351
MDMin:  1796 11:47:28    -2397.915370        0.190574
MDMin:  1797 11:47:30    -2397.915372        0.190852
MDMin:  1798 11:47:32    -2397.915378        0.191697
MDMin:  1799 11:47:34    -2397.915336        0.944709
MDMin:  1800 11:47:35    -2397.915404        0.189207
MDMin:  1801 11:47:37    -2397.915406        0.189474
MDMin:  1802 11:47:39    -2397.915411        0.190296
MDMin:  1803 11:47:41    -2397.915415        0.191711
MDMin:  1804 11:47:43    -2397.915368        0.193625
MDMin:  1805 11:47:45    -2397.915013        0.947030
MDMin:  1806 11:47:47    -2397.915398        0.192465
MDMin:  1807 11:47:49    -2397.915400        0.192743
MDMin:  1808 11:47:51    -2397.915405        0.193590
MDMin:  1809 11:47:53    -2397.915317        0.947419
MDMin:  1810 11:47:55    -2397.915418        0.191184
MDMin:  1811 11:47:57    -2397.915422        0.191451
MDMin:  1812 11:47:58    -2397.915400        0.192274
MDMin:  1813 11:48:00    -2397.915409        0.193675
MDMin:  1814 11:48:02    -2397.915405        0.948599
MDMin:  1815 11:48:03    -2397.915419        0.192326
MDMin:  1816 11:48:05    -2397.915422        0.192595
MDMin:  1817 11:48:07    -2397.915404        0.193423
MDMin:  1818 11:48:09    -2397.915413        0.194830
MDMin:  1819 11:48:11    -2397.915369        0.949933
MDMin:  1820 11:48:13    -2397.915419        0.193452
MDMin:  1821 11:48:15    -2397.915422        0.193723
MDMin:  1822 11:48:17    -2397.915409        0.194554
MDMin:  1823 11:48:20    -2397.915418        0.195964
MDMin:  1824 11:48:21    -2397.915322        0.951297
MDMin:  1825 11:48:23    -2397.915419        0.194563
MDMin:  1826 11:48:24    -2397.915422        0.194835
MDMin:  1827 11:48:26    -2397.915413        0.195669
MDMin:  1828 11:48:27    -2397.915422        0.197081
MDMin:  1829 11:48:28    -2397.915263        0.952691
MDMin:  1830 11:48:30    -2397.915419        0.195660
MDMin:  1831 11:48:31    -2397.915422        0.195933
MDMin:  1832 11:48:33    -2397.915417        0.196769
MDMin:  1833 11:48:35    -2397.915426        0.198184
MDMin:  1834 11:48:37    -2397.915194        0.954113
MDMin:  1835 11:48:38    -2397.915419        0.196745
MDMin:  1836 11:48:41    -2397.915422        0.197019
MDMin:  1837 11:48:42    -2397.915421        0.197857
MDMin:  1838 11:48:44    -2397.915427        0.199274
MDMin:  1839 11:48:46    -2397.915139        0.955505
MDMin:  1840 11:48:47    -2397.915394        0.197707
MDMin:  1841 11:48:49    -2397.915396        0.197981
MDMin:  1842 11:48:50    -2397.915401        0.198820
MDMin:  1843 11:48:52    -2397.915411        0.200253
MDMin:  1844 11:48:54    -2397.915050        0.956990
MDMin:  1845 11:48:55    -2397.915431        0.198827
MDMin:  1846 11:48:57    -2397.915430        0.199102
MDMin:  1847 11:48:58    -2397.915432        0.199939
MDMin:  1848 11:49:00    -2397.915365        0.957438
MDMin:  1849 11:49:02    -2397.915415        0.197874
MDMin:  1850 11:49:04    -2397.915417        0.198135
MDMin:  1851 11:49:06    -2397.915422        0.198943
MDMin:  1852 11:49:08    -2397.915431        0.200347
MDMin:  1853 11:49:10    -2397.915352        0.958798
MDMin:  1854 11:49:12    -2397.915429        0.199326
MDMin:  1855 11:49:14    -2397.915432        0.199594
MDMin:  1856 11:49:15    -2397.915426        0.200417
MDMin:  1857 11:49:16    -2397.915434        0.201821
MDMin:  1858 11:49:18    -2397.915213        0.960315
MDMin:  1859 11:49:19    -2397.915430        0.200649
MDMin:  1860 11:49:20    -2397.915433        0.200920
MDMin:  1861 11:49:21    -2397.915430        0.201751
MDMin:  1862 11:49:23    -2397.915437        0.203162
MDMin:  1863 11:49:24    -2397.915096        0.961811
MDMin:  1864 11:49:26    -2397.915402        0.201781
MDMin:  1865 11:49:28    -2397.915404        0.202053
MDMin:  1866 11:49:30    -2397.915409        0.202888
MDMin:  1867 11:49:32    -2397.915369        0.962367
MDMin:  1868 11:49:33    -2397.915435        0.201044
MDMin:  1869 11:49:35    -2397.915437        0.201303
MDMin:  1870 11:49:36    -2397.915442        0.202103
MDMin:  1871 11:49:38    -2397.915439        0.203498
MDMin:  1872 11:49:40    -2397.915336        0.963747
MDMin:  1873 11:49:42    -2397.915413        0.202458
MDMin:  1874 11:49:44    -2397.915415        0.202723
MDMin:  1875 11:49:46    -2397.915421        0.203540
MDMin:  1876 11:49:48    -2397.915430        0.204952
MDMin:  1877 11:49:50    -2397.915152        0.965348
MDMin:  1878 11:49:52    -2397.915444        0.203899
MDMin:  1879 11:49:54    -2397.915447        0.204169
MDMin:  1880 11:49:56    -2397.915425        0.204997
MDMin:  1881 11:49:58    -2397.915393        0.965955
MDMin:  1882 11:50:00    -2397.915450        0.203239
MDMin:  1883 11:50:02    -2397.915449        0.203494
MDMin:  1884 11:50:03    -2397.915429        0.204265
MDMin:  1885 11:50:05    -2397.915438        0.205610
MDMin:  1886 11:50:07    -2397.915329        0.967388
MDMin:  1887 11:50:09    -2397.915447        0.204725
MDMin:  1888 11:50:11    -2397.915450        0.204988
MDMin:  1889 11:50:13    -2397.915433        0.205800
MDMin:  1890 11:50:14    -2397.915442        0.207190
MDMin:  1891 11:50:16    -2397.915121        0.969026
MDMin:  1892 11:50:18    -2397.915447        0.206174
MDMin:  1893 11:50:19    -2397.915450        0.206442
MDMin:  1894 11:50:21    -2397.915437        0.207267
MDMin:  1895 11:50:22    -2397.915345        0.969681
MDMin:  1896 11:50:24    -2397.915454        0.205553
MDMin:  1897 11:50:25    -2397.915454        0.205807
MDMin:  1898 11:50:27    -2397.915454        0.206591
MDMin:  1899 11:50:29    -2397.915422        0.207897
MDMin:  1900 11:50:30    -2397.915272        0.971128
MDMin:  1901 11:50:32    -2397.915449        0.206955
MDMin:  1902 11:50:35    -2397.915450        0.207216
MDMin:  1903 11:50:36    -2397.915455        0.208023
MDMin:  1904 11:50:38    -2397.915454        0.209421
MDMin:  1905 11:50:40    -2397.915069        0.972758
MDMin:  1906 11:50:42    -2397.915427        0.208352
MDMin:  1907 11:50:44    -2397.915429        0.208618
MDMin:  1908 11:50:46    -2397.915434        0.209438
MDMin:  1909 11:50:47    -2397.915277        0.973462
MDMin:  1910 11:50:49    -2397.915459        0.207792
MDMin:  1911 11:50:51    -2397.915461        0.208044
MDMin:  1912 11:50:53    -2397.915461        0.208828
MDMin:  1913 11:50:55    -2397.915429        0.210134
MDMin:  1914 11:50:57    -2397.915174        0.974966
MDMin:  1915 11:50:59    -2397.915455        0.209224
MDMin:  1916 11:51:01    -2397.915457        0.209485
MDMin:  1917 11:51:02    -2397.915462        0.210289
MDMin:  1918 11:51:04    -2397.915376        0.975667
MDMin:  1919 11:51:05    -2397.915460        0.208807
MDMin:  1920 11:51:07    -2397.915463        0.209053
MDMin:  1921 11:51:09    -2397.915455        0.209819
MDMin:  1922 11:51:10    -2397.915463        0.211155
MDMin:  1923 11:51:12    -2397.915223        0.977234
MDMin:  1924 11:51:14    -2397.915460        0.210462
MDMin:  1925 11:51:15    -2397.915463        0.210720
MDMin:  1926 11:51:17    -2397.915458        0.211517
MDMin:  1927 11:51:19    -2397.915396        0.977965
MDMin:  1928 11:51:21    -2397.915467        0.210071
MDMin:  1929 11:51:23    -2397.915469        0.210314
MDMin:  1930 11:51:24    -2397.915452        0.211072
MDMin:  1931 11:51:25    -2397.915460        0.212397
MDMin:  1932 11:51:27    -2397.915229        0.979553
MDMin:  1933 11:51:29    -2397.915468        0.211744
MDMin:  1934 11:51:31    -2397.915470        0.212000
MDMin:  1935 11:51:33    -2397.915455        0.212791
MDMin:  1936 11:51:34    -2397.915391        0.980307
MDMin:  1937 11:51:36    -2397.915474        0.211381
MDMin:  1938 11:51:38    -2397.915472        0.211622
MDMin:  1939 11:51:40    -2397.915474        0.212370
MDMin:  1940 11:51:41    -2397.915440        0.213634
MDMin:  1941 11:51:43    -2397.915239        0.981851
MDMin:  1942 11:51:44    -2397.915466        0.212900
MDMin:  1943 11:51:46    -2397.915468        0.213152
MDMin:  1944 11:51:48    -2397.915473        0.213934
MDMin:  1945 11:51:50    -2397.915405        0.982617
MDMin:  1946 11:51:51    -2397.915474        0.212605
MDMin:  1947 11:51:53    -2397.915477        0.212842
MDMin:  1948 11:51:54    -2397.915466        0.213585
MDMin:  1949 11:51:56    -2397.915475        0.214890
MDMin:  1950 11:51:57    -2397.915203        0.984246
MDMin:  1951 11:51:59    -2397.915475        0.214294
MDMin:  1952 11:52:00    -2397.915478        0.214546
MDMin:  1953 11:52:02    -2397.915469        0.215328
MDMin:  1954 11:52:03    -2397.915345        0.985045
MDMin:  1955 11:52:05    -2397.915481        0.213968
MDMin:  1956 11:52:06    -2397.915484        0.214205
MDMin:  1957 11:52:08    -2397.915463        0.214947
MDMin:  1958 11:52:10    -2397.915471        0.216249
MDMin:  1959 11:52:12    -2397.915134        0.986702
MDMin:  1960 11:52:14    -2397.915483        0.215645
MDMin:  1961 11:52:16    -2397.915486        0.215897
MDMin:  1962 11:52:18    -2397.915466        0.216676
MDMin:  1963 11:52:20    -2397.915271        0.987526
MDMin:  1964 11:52:22    -2397.915490        0.215309
MDMin:  1965 11:52:23    -2397.915483        0.215546
MDMin:  1966 11:52:25    -2397.915488        0.216282
MDMin:  1967 11:52:26    -2397.915486        0.217588
MDMin:  1968 11:52:28    -2397.915070        0.989164
MDMin:  1969 11:52:30    -2397.915459        0.216886
MDMin:  1970 11:52:31    -2397.915461        0.217135
MDMin:  1971 11:52:33    -2397.915466        0.217909
MDMin:  1972 11:52:34    -2397.915203        0.990009
MDMin:  1973 11:52:35    -2397.915491        0.216574
MDMin:  1974 11:52:37    -2397.915492        0.216809
MDMin:  1975 11:52:38    -2397.915494        0.217544
MDMin:  1976 11:52:39    -2397.915460        0.218791
MDMin:  1977 11:52:41    -2397.914996        0.991653
MDMin:  1978 11:52:42    -2397.915486        0.218088
MDMin:  1979 11:52:44    -2397.915488        0.218335
MDMin:  1980 11:52:45    -2397.915486        0.991812
MDMin:  1981 11:52:46    -2397.915498        0.216546
MDMin:  1982 11:52:48    -2397.915501        0.216751
MDMin:  1983 11:52:50    -2397.915481        0.217406
MDMin:  1984 11:52:51    -2397.915489        0.218595
MDMin:  1985 11:52:52    -2397.915362        0.993280
MDMin:  1986 11:52:54    -2397.915500        0.218287
MDMin:  1987 11:52:56    -2397.915502        0.218519
MDMin:  1988 11:52:57    -2397.915484        0.219245
MDMin:  1989 11:52:58    -2397.915461        0.994095
MDMin:  1990 11:53:00    -2397.915506        0.218185
MDMin:  1991 11:53:02    -2397.915500        0.218402
MDMin:  1992 11:53:03    -2397.915505        0.219084
MDMin:  1993 11:53:05    -2397.915503        0.220318
MDMin:  1994 11:53:06    -2397.915211        0.995709
MDMin:  1995 11:53:08    -2397.915476        0.219814
MDMin:  1996 11:53:10    -2397.915478        0.220050
MDMin:  1997 11:53:11    -2397.915483        0.220788
MDMin:  1998 11:53:12    -2397.915313        0.996580
MDMin:  1999 11:53:14    -2397.915507        0.219647
MDMin:  2000 11:53:16    -2397.915509        0.219868
MDMin:  2001 11:53:18    -2397.915511        0.220566
MDMin:  2002 11:53:20    -2397.915477        0.221765
MDMin:  2003 11:53:22    -2397.915061        0.998243
MDMin:  2004 11:53:24    -2397.915503        0.221186
MDMin:  2005 11:53:26    -2397.915505        0.221424
MDMin:  2006 11:53:28    -2397.915510        0.222165
MDMin:  2007 11:53:30    -2397.915175        0.999139
MDMin:  2008 11:53:32    -2397.915512        0.220968
MDMin:  2009 11:53:34    -2397.915515        0.221191
MDMin:  2010 11:53:36    -2397.915503        0.221892
MDMin:  2011 11:53:38    -2397.915400        0.999917
MDMin:  2012 11:53:40    -2397.915519        0.223290
MDMin:  2013 11:53:41    -2397.915520        0.223595
MDMin:  2014 11:53:43    -2397.915519        0.224507
MDMin:  2015 11:53:45    -2397.915488        0.225987
MDMin:  2016 11:53:47    -2397.915132        1.001514
MDMin:  2017 11:53:49    -2397.915514        0.228484
MDMin:  2018 11:53:51    -2397.915515        0.228797
MDMin:  2019 11:53:52    -2397.915520        0.229741
MDMin:  2020 11:53:54    -2397.915234        1.002401
MDMin:  2021 11:53:55    -2397.915520        0.231792
MDMin:  2022 11:53:57    -2397.915523        0.232111
MDMin:  2023 11:53:58    -2397.915514        0.233071
MDMin:  2024 11:53:59    -2397.915448        1.003177
MDMin:  2025 11:54:01    -2397.915527        0.235142
MDMin:  2026 11:54:03    -2397.915530        0.235466
MDMin:  2027 11:54:04    -2397.915508        0.236442
MDMin:  2028 11:54:06    -2397.915516        0.238068
MDMin:  2029 11:54:08    -2397.915132        1.004811
MDMin:  2030 11:54:10    -2397.915530        0.240784
MDMin:  2031 11:54:11    -2397.915532        0.241116
MDMin:  2032 11:54:12    -2397.915511        0.242114
MDMin:  2033 11:54:14    -2397.915213        1.005718
MDMin:  2034 11:54:15    -2397.915535        0.244268
MDMin:  2035 11:54:16    -2397.915536        0.244604
MDMin:  2036 11:54:18    -2397.915515        0.245595
MDMin:  2037 11:54:19    -2397.915431        1.006499
MDMin:  2038 11:54:21    -2397.915539        0.247754
MDMin:  2039 11:54:23    -2397.915540        0.248093
MDMin:  2040 11:54:25    -2397.915519        0.249095
MDMin:  2041 11:54:27    -2397.915527        0.250774
MDMin:  2042 11:54:29    -2397.915117        1.008110
MDMin:  2043 11:54:31    -2397.915539        0.253588
MDMin:  2044 11:54:33    -2397.915542        0.253932
MDMin:  2045 11:54:34    -2397.915522        0.254968
MDMin:  2046 11:54:36    -2397.915197        1.009025
MDMin:  2047 11:54:38    -2397.915546        0.257200
MDMin:  2048 11:54:40    -2397.915546        0.257547
MDMin:  2049 11:54:41    -2397.915526        0.258569
MDMin:  2050 11:54:43    -2397.915408        1.009820
MDMin:  2051 11:54:45    -2397.915550        0.260793
MDMin:  2052 11:54:47    -2397.915550        0.261142
MDMin:  2053 11:54:49    -2397.915530        0.262170
MDMin:  2054 11:54:51    -2397.915538        0.263889
MDMin:  2055 11:54:53    -2397.915080        1.011428
MDMin:  2056 11:54:55    -2397.915550        0.266760
MDMin:  2057 11:54:57    -2397.915552        0.267109
MDMin:  2058 11:54:58    -2397.915533        0.268160
MDMin:  2059 11:55:00    -2397.915155        1.012356
MDMin:  2060 11:55:02    -2397.915557        0.270419
MDMin:  2061 11:55:03    -2397.915550        0.270768
MDMin:  2062 11:55:05    -2397.915555        0.271814
MDMin:  2063 11:55:07    -2397.915351        1.013180
MDMin:  2064 11:55:08    -2397.915554        0.274073
MDMin:  2065 11:55:10    -2397.915556        0.274422
MDMin:  2066 11:55:12    -2397.915549        0.275468
MDMin:  2067 11:55:14    -2397.915537        1.013942
MDMin:  2068 11:55:16    -2397.915561        0.277709
MDMin:  2069 11:55:18    -2397.915563        0.278056
MDMin:  2070 11:55:20    -2397.915543        0.279096
MDMin:  2071 11:55:21    -2397.915551        0.280818
MDMin:  2072 11:55:22    -2397.915168        1.015501
MDMin:  2073 11:55:24    -2397.915564        0.283660
MDMin:  2074 11:55:26    -2397.915567        0.284002
MDMin:  2075 11:55:27    -2397.915547        0.285026
MDMin:  2076 11:55:29    -2397.915228        1.016422
MDMin:  2077 11:55:31    -2397.915571        0.287220
MDMin:  2078 11:55:32    -2397.915564        0.287557
MDMin:  2079 11:55:34    -2397.915569        0.288565
MDMin:  2080 11:55:36    -2397.915413        1.017247
MDMin:  2081 11:55:37    -2397.915568        0.290731
MDMin:  2082 11:55:39    -2397.915571        0.291063
MDMin:  2083 11:55:41    -2397.915563        0.292057
MDMin:  2084 11:55:43    -2397.915571        0.293698
MDMin:  2085 11:55:45    -2397.915034        1.018861
MDMin:  2086 11:55:47    -2397.915571        0.296390
MDMin:  2087 11:55:49    -2397.915574        0.296711
MDMin:  2088 11:55:50    -2397.915491        1.019209
MDMin:  2089 11:55:52    -2397.915581        0.298204
MDMin:  2090 11:55:53    -2397.915578        0.298520
MDMin:  2091 11:55:55    -2397.915582        0.299464
MDMin:  2092 11:55:57    -2397.915547        0.300983
MDMin:  2093 11:55:59    -2397.915248        1.020630
MDMin:  2094 11:56:01    -2397.915573        0.303476
MDMin:  2095 11:56:02    -2397.915575        0.303778
MDMin:  2096 11:56:04    -2397.915580        0.304680
MDMin:  2097 11:56:06    -2397.915304        1.021526
MDMin:  2098 11:56:07    -2397.915586        0.306602
MDMin:  2099 11:56:09    -2397.915589        0.306893
MDMin:  2100 11:56:10    -2397.915575        0.307763
MDMin:  2101 11:56:12    -2397.915475        1.022337
MDMin:  2102 11:56:14    -2397.915593        0.309603
MDMin:  2103 11:56:16    -2397.915592        0.309882
MDMin:  2104 11:56:17    -2397.915595        0.310713
MDMin:  2105 11:56:18    -2397.915561        0.312043
MDMin:  2106 11:56:20    -2397.915097        1.023865
MDMin:  2107 11:56:22    -2397.915587        0.314203
MDMin:  2108 11:56:24    -2397.915589        0.314461
MDMin:  2109 11:56:26    -2397.915561        1.024232
MDMin:  2110 11:56:27    -2397.915601        0.315656
MDMin:  2111 11:56:29    -2397.915604        0.315906
MDMin:  2112 11:56:31    -2397.915583        0.316651
MDMin:  2113 11:56:33    -2397.915591        0.317862
MDMin:  2114 11:56:35    -2397.915272        1.025636
MDMin:  2115 11:56:37    -2397.915605        0.319797
MDMin:  2116 11:56:38    -2397.915608        0.320021
MDMin:  2117 11:56:40    -2397.915588        0.320687
MDMin:  2118 11:56:42    -2397.915308        1.026538
MDMin:  2119 11:56:44    -2397.915613        0.322078
MDMin:  2120 11:56:46    -2397.915613        0.322285
MDMin:  2121 11:56:48    -2397.915593        0.322891
MDMin:  2122 11:56:50    -2397.915476        1.027351
MDMin:  2123 11:56:52    -2397.915618        0.324159
MDMin:  2124 11:56:53    -2397.915610        0.324348
MDMin:  2125 11:56:55    -2397.915615        0.324907
MDMin:  2126 11:56:57    -2397.915616        0.325810
MDMin:  2127 11:56:59    -2397.915069        1.028866
MDMin:  2128 11:57:01    -2397.915588        0.327174
MDMin:  2129 11:57:02    -2397.915590        0.327332
MDMin:  2130 11:57:04    -2397.915519        1.029268
MDMin:  2131 11:57:06    -2397.915614        0.328052
MDMin:  2132 11:57:08    -2397.915615        0.328199
MDMin:  2133 11:57:11    -2397.915620        0.328631
MDMin:  2134 11:57:13    -2397.915627        0.329319
MDMin:  2135 11:57:15    -2397.915222        1.030645
MDMin:  2136 11:57:17    -2397.915594        0.330326
MDMin:  2137 11:57:19    -2397.915595        0.330438
MDMin:  2138 11:57:20    -2397.915601        0.330767
MDMin:  2139 11:57:22    -2397.915243        1.031557
MDMin:  2140 11:57:24    -2397.915626        0.331420
MDMin:  2141 11:57:26    -2397.915628        0.331511
MDMin:  2142 11:57:27    -2397.915632        0.331774
MDMin:  2143 11:57:29    -2397.915389        1.032396
MDMin:  2144 11:57:30    -2397.915636        0.332281
MDMin:  2145 11:57:31    -2397.915638        0.332349
MDMin:  2146 11:57:33    -2397.915628        0.332545
MDMin:  2147 11:57:35    -2397.915529        1.033170
MDMin:  2148 11:57:37    -2397.915644        0.332903
MDMin:  2149 11:57:39    -2397.915645        0.332948
MDMin:  2150 11:57:41    -2397.915645        0.333075
MDMin:  2151 11:57:43    -2397.915615        0.333243
MDMin:  2152 11:57:45    -2397.915093        1.034589
MDMin:  2153 11:57:47    -2397.915642        0.333410
MDMin:  2154 11:57:49    -2397.915643        0.333418
MDMin:  2155 11:57:51    -2397.915544        1.035012
MDMin:  2156 11:57:52    -2397.915652        0.333428
MDMin:  2157 11:57:54    -2397.915655        0.333423
MDMin:  2158 11:57:57    -2397.915638        0.333397
MDMin:  2159 11:57:59    -2397.915647        0.333315
MDMin:  2160 11:58:01    -2397.915201        1.036343
MDMin:  2161 11:58:03    -2397.915657        0.333059
MDMin:  2162 11:58:05    -2397.915660        0.333016
MDMin:  2163 11:58:07    -2397.915631        1.036756
MDMin:  2164 11:58:09    -2397.915663        0.332784
MDMin:  2165 11:58:11    -2397.915664        0.332728
MDMin:  2166 11:58:13    -2397.915666        0.332548
MDMin:  2167 11:58:14    -2397.915634        0.332217
MDMin:  2168 11:58:15    -2397.915290        1.038014
MDMin:  2169 11:58:17    -2397.915661        0.331553
MDMin:  2170 11:58:18    -2397.915662        0.331460
MDMin:  2171 11:58:19    -2397.915667        0.331168
MDMin:  2172 11:58:21    -2397.915291        1.038902
MDMin:  2173 11:58:22    -2397.915672        0.330475
MDMin:  2174 11:58:24    -2397.915674        0.330359
MDMin:  2175 11:58:26    -2397.915664        0.330000
MDMin:  2176 11:58:28    -2397.915410        1.039731
MDMin:  2177 11:58:30    -2397.915680        0.329166
MDMin:  2178 11:58:32    -2397.915681        0.329028
MDMin:  2179 11:58:33    -2397.915681        0.328604
MDMin:  2180 11:58:34    -2397.915533        1.040491
MDMin:  2181 11:58:36    -2397.915668        0.327649
MDMin:  2182 11:58:37    -2397.915670        0.327490
MDMin:  2183 11:58:38    -2397.915675        0.327002
MDMin:  2184 11:58:40    -2397.915633        1.041213
MDMin:  2185 11:58:42    -2397.915690        0.325892
MDMin:  2186 11:58:44    -2397.915693        0.325712
MDMin:  2187 11:58:46    -2397.915672        0.325163
MDMin:  2188 11:58:47    -2397.915680        0.324214
MDMin:  2189 11:58:49    -2397.915117        1.042551
MDMin:  2190 11:58:52    -2397.915696        0.322539
MDMin:  2191 11:58:53    -2397.915699        0.322326
MDMin:  2192 11:58:54    -2397.915532        1.043017
MDMin:  2193 11:58:55    -2397.915697        0.321311
MDMin:  2194 11:58:57    -2397.915699        0.321088
MDMin:  2195 11:58:58    -2397.915704        0.320410
MDMin:  2196 11:59:00    -2397.915703        0.319245
MDMin:  2197 11:59:02    -2397.915150        1.044295
MDMin:  2198 11:59:04    -2397.915678        0.317280
MDMin:  2199 11:59:05    -2397.915680        0.317028
MDMin:  2200 11:59:07    -2397.915555        1.044753
MDMin:  2201 11:59:08    -2397.915704        0.315828
MDMin:  2202 11:59:10    -2397.915706        0.315567
MDMin:  2203 11:59:13    -2397.915711        0.314774
MDMin:  2204 11:59:14    -2397.915716        0.313421
MDMin:  2205 11:59:16    -2397.915169        1.045982
MDMin:  2206 11:59:18    -2397.915686        0.311165
MDMin:  2207 11:59:20    -2397.915688        0.310878
MDMin:  2208 11:59:22    -2397.915565        1.046440
MDMin:  2209 11:59:24    -2397.915712        0.309517
MDMin:  2210 11:59:26    -2397.915714        0.309222
MDMin:  2211 11:59:28    -2397.915719        0.308329
MDMin:  2212 11:59:30    -2397.915728        0.306811
MDMin:  2213 11:59:32    -2397.915149        1.047657
MDMin:  2214 11:59:34    -2397.915727        0.304236
MDMin:  2215 11:59:36    -2397.915730        0.303919
MDMin:  2216 11:59:38    -2397.915538        1.048126
MDMin:  2217 11:59:39    -2397.915737        0.302423
MDMin:  2218 11:59:41    -2397.915737        0.302099
MDMin:  2219 11:59:43    -2397.915739        0.301121
MDMin:  2220 11:59:45    -2397.915708        0.299507
MDMin:  2221 11:59:46    -2397.915136        1.049314
MDMin:  2222 11:59:48    -2397.915735        0.296769
MDMin:  2223 11:59:49    -2397.915737        0.296426
MDMin:  2224 11:59:51    -2397.915530        1.049787
MDMin:  2225 11:59:52    -2397.915749        0.294815
MDMin:  2226 11:59:54    -2397.915751        0.294467
MDMin:  2227 11:59:56    -2397.915733        0.293416
MDMin:  2228 11:59:58    -2397.915728        1.050430
MDMin:  2229 11:59:59    -2397.915758        0.291145
MDMin:  2230 12:00:01    -2397.915752        0.290787
MDMin:  2231 12:00:03    -2397.915757        0.289712
MDMin:  2232 12:00:04    -2397.915758        0.287899
MDMin:  2233 12:00:06    -2397.915163        1.051554
MDMin:  2234 12:00:07    -2397.915732        0.284948
MDMin:  2235 12:00:09    -2397.915734        0.284578
MDMin:  2236 12:00:11    -2397.915535        1.052038
MDMin:  2237 12:00:13    -2397.915758        0.282842
MDMin:  2238 12:00:15    -2397.915760        0.282468
MDMin:  2239 12:00:16    -2397.915766        0.281341
MDMin:  2240 12:00:18    -2397.915721        1.052691
MDMin:  2241 12:00:19    -2397.915772        0.278909
MDMin:  2242 12:00:21    -2397.915775        0.278529
MDMin:  2243 12:00:23    -2397.915763        0.277384
MDMin:  2244 12:00:25    -2397.915756        1.053300
MDMin:  2245 12:00:27    -2397.915781        0.274926
MDMin:  2246 12:00:29    -2397.915781        0.274541
MDMin:  2247 12:00:31    -2397.915783        0.273384
MDMin:  2248 12:00:32    -2397.915753        0.271488
MDMin:  2249 12:00:33    -2397.915173        1.054408
MDMin:  2250 12:00:34    -2397.915780        0.268329
MDMin:  2251 12:00:35    -2397.915782        0.267937
MDMin:  2252 12:00:38    -2397.915541        1.054912
MDMin:  2253 12:00:39    -2397.915794        0.266108
MDMin:  2254 12:00:41    -2397.915797        0.265714
MDMin:  2255 12:00:43    -2397.915779        0.264530
MDMin:  2256 12:00:45    -2397.915716        1.055572
MDMin:  2257 12:00:47    -2397.915803        0.262000
MDMin:  2258 12:00:49    -2397.915797        0.261604
MDMin:  2259 12:00:51    -2397.915803        0.260416
MDMin:  2260 12:00:53    -2397.915736        1.056182
MDMin:  2261 12:00:54    -2397.915804        0.257868
MDMin:  2262 12:00:56    -2397.915807        0.257470
MDMin:  2263 12:00:58    -2397.915800        0.256274
MDMin:  2264 12:01:00    -2397.915751        1.056796
MDMin:  2265 12:01:02    -2397.915813        0.253725
MDMin:  2266 12:01:04    -2397.915816        0.253326
MDMin:  2267 12:01:06    -2397.915798        0.252127
MDMin:  2268 12:01:08    -2397.915763        1.057415
MDMin:  2269 12:01:10    -2397.915823        0.249576
MDMin:  2270 12:01:12    -2397.915817        0.249177
MDMin:  2271 12:01:13    -2397.915822        0.247981
MDMin:  2272 12:01:15    -2397.915769        1.058037
MDMin:  2273 12:01:17    -2397.915824        0.245424
MDMin:  2274 12:01:19    -2397.915826        0.245026
MDMin:  2275 12:01:21    -2397.915820        0.243828
MDMin:  2276 12:01:23    -2397.915771        1.058662
MDMin:  2277 12:01:25    -2397.915833        0.243219
MDMin:  2278 12:01:26    -2397.915836        0.243259
MDMin:  2279 12:01:28    -2397.915819        0.243437
MDMin:  2280 12:01:29    -2397.915771        1.059290
MDMin:  2281 12:01:30    -2397.915843        0.243423
MDMin:  2282 12:01:32    -2397.915837        0.243461
MDMin:  2283 12:01:33    -2397.915843        0.243635
MDMin:  2284 12:01:35    -2397.915766        1.059920
MDMin:  2285 12:01:37    -2397.915844        0.243624
MDMin:  2286 12:01:39    -2397.915847        0.243661
MDMin:  2287 12:01:41    -2397.915841        0.243832
MDMin:  2288 12:01:42    -2397.915757        1.060553
MDMin:  2289 12:01:44    -2397.915854        0.243819
MDMin:  2290 12:01:46    -2397.915857        0.243855
MDMin:  2291 12:01:47    -2397.915840        0.244023
MDMin:  2292 12:01:49    -2397.915747        1.061188
MDMin:  2293 12:01:50    -2397.915864        0.244009
MDMin:  2294 12:01:52    -2397.915858        0.244044
MDMin:  2295 12:01:54    -2397.915864        0.244209
MDMin:  2296 12:01:56    -2397.915732        1.061824
MDMin:  2297 12:01:58    -2397.915866        0.244195
MDMin:  2298 12:02:00    -2397.915868        0.244229
MDMin:  2299 12:02:02    -2397.915863        0.244392
MDMin:  2300 12:02:03    -2397.915714        1.062462
MDMin:  2301 12:02:05    -2397.915876        0.244374
MDMin:  2302 12:02:06    -2397.915878        0.244408
MDMin:  2303 12:02:08    -2397.915862        0.244568
MDMin:  2304 12:02:10    -2397.915695        1.063102
MDMin:  2305 12:02:12    -2397.915886        0.244547
MDMin:  2306 12:02:13    -2397.915881        0.244580
MDMin:  2307 12:02:15    -2397.915886        0.244737
MDMin:  2308 12:02:17    -2397.915672        1.063743
MDMin:  2309 12:02:18    -2397.915888        0.244715
MDMin:  2310 12:02:20    -2397.915891        0.244747
MDMin:  2311 12:02:22    -2397.915885        0.244903
MDMin:  2312 12:02:24    -2397.915646        1.064385
MDMin:  2313 12:02:26    -2397.915898        0.244876
MDMin:  2314 12:02:27    -2397.915901        0.244908
MDMin:  2315 12:02:28    -2397.915885        0.245061
MDMin:  2316 12:02:30    -2397.915619        1.065029
MDMin:  2317 12:02:32    -2397.915909        0.245030
MDMin:  2318 12:02:33    -2397.915904        0.245061
MDMin:  2319 12:02:35    -2397.915909        0.245212
MDMin:  2320 12:02:37    -2397.915589        1.065673
MDMin:  2321 12:02:39    -2397.915911        0.245178
MDMin:  2322 12:02:41    -2397.915914        0.245209
MDMin:  2323 12:02:42    -2397.915909        0.245358
MDMin:  2324 12:02:44    -2397.915556        1.066318
MDMin:  2325 12:02:46    -2397.915921        0.245320
MDMin:  2326 12:02:47    -2397.915924        0.245349
MDMin:  2327 12:02:49    -2397.915908        0.245496
MDMin:  2328 12:02:51    -2397.915523        1.066963
MDMin:  2329 12:02:52    -2397.915932        0.245454
MDMin:  2330 12:02:54    -2397.915928        0.245483
MDMin:  2331 12:02:56    -2397.915933        0.245627
MDMin:  2332 12:02:57    -2397.915487        1.067609
MDMin:  2333 12:02:59    -2397.915935        0.245581
MDMin:  2334 12:03:01    -2397.915937        0.245610
MDMin:  2335 12:03:03    -2397.915920        1.068069
MDMin:  2336 12:03:05    -2397.915946        0.245758
MDMin:  2337 12:03:07    -2397.915945        0.245724
MDMin:  2338 12:03:09    -2397.915948        0.245692
MDMin:  2339 12:03:10    -2397.915920        0.245841
MDMin:  2340 12:03:13    -2397.915380        1.068706
MDMin:  2341 12:03:14    -2397.915947        0.245928
MDMin:  2342 12:03:16    -2397.915946        1.069069
MDMin:  2343 12:03:18    -2397.915962        0.246151
MDMin:  2344 12:03:20    -2397.915964        0.246093
MDMin:  2345 12:03:22    -2397.915965        0.245990
MDMin:  2346 12:03:24    -2397.915939        0.246038
MDMin:  2347 12:03:26    -2397.915563        1.069641
MDMin:  2348 12:03:28    -2397.915966        0.246142
MDMin:  2349 12:03:29    -2397.915968        0.246177
MDMin:  2350 12:03:31    -2397.915831        1.070082
MDMin:  2351 12:03:33    -2397.915979        0.246283
MDMin:  2352 12:03:35    -2397.915982        0.246255
MDMin:  2353 12:03:36    -2397.915968        0.246239
MDMin:  2354 12:03:38    -2397.915930        1.070581
MDMin:  2355 12:03:40    -2397.915990        0.246379
MDMin:  2356 12:03:41    -2397.915987        0.246359
MDMin:  2357 12:03:43    -2397.915993        0.246366
MDMin:  2358 12:03:44    -2397.915857        1.071045
MDMin:  2359 12:03:46    -2397.915993        0.246483
MDMin:  2360 12:03:48    -2397.915996        0.246470
MDMin:  2361 12:03:50    -2397.915993        0.246495
MDMin:  2362 12:03:52    -2397.915783        1.071556
MDMin:  2363 12:03:53    -2397.916004        0.246590
MDMin:  2364 12:03:55    -2397.916007        0.246582
MDMin:  2365 12:03:57    -2397.915994        0.246621
MDMin:  2366 12:03:59    -2397.915711        1.072103
MDMin:  2367 12:04:01    -2397.916016        0.246694
MDMin:  2368 12:04:03    -2397.916013        0.246690
MDMin:  2369 12:04:04    -2397.916019        0.246740
MDMin:  2370 12:04:06    -2397.915650        1.072674
MDMin:  2371 12:04:07    -2397.916004        0.246792
MDMin:  2372 12:04:09    -2397.916007        0.246791
MDMin:  2373 12:04:11    -2397.916013        0.246846
MDMin:  2374 12:04:13    -2397.915576        1.073261
MDMin:  2375 12:04:14    -2397.916034        0.246883
MDMin:  2376 12:04:17    -2397.916033        0.246884
MDMin:  2377 12:04:18    -2397.915983        1.073733
MDMin:  2378 12:04:20    -2397.916037        0.247176
MDMin:  2379 12:04:22    -2397.916040        0.247116
MDMin:  2380 12:04:24    -2397.916033        0.247002
MDMin:  2381 12:04:25    -2397.916043        0.247029
MDMin:  2382 12:04:27    -2397.915384        1.074275
MDMin:  2383 12:04:29    -2397.916009        1.074645
MDMin:  2384 12:04:31    -2397.916050        0.248559
MDMin:  2385 12:04:33    -2397.916052        0.248382
MDMin:  2386 12:04:34    -2397.916061        0.247935
MDMin:  2387 12:04:36    -2397.916049        0.247472
MDMin:  2388 12:04:38    -2397.916065        0.247346
MDMin:  2389 12:04:40    -2397.915373        1.075110
MDMin:  2390 12:04:41    -2397.915976        1.075499
MDMin:  2391 12:04:43    -2397.916077        0.248744
MDMin:  2392 12:04:44    -2397.916080        0.248584
MDMin:  2393 12:04:47    -2397.916088        0.248189
MDMin:  2394 12:04:48    -2397.916076        0.247797
MDMin:  2395 12:04:50    -2397.916091        0.247744
MDMin:  2396 12:04:52    -2397.915298        1.076253
MDMin:  2397 12:04:54    -2397.915901        1.076668
MDMin:  2398 12:04:55    -2397.916106        0.248989
MDMin:  2399 12:04:57    -2397.916109        0.248839
MDMin:  2400 12:04:59    -2397.916117        0.248471
MDMin:  2401 12:05:01    -2397.916103        0.248114
MDMin:  2402 12:05:03    -2397.916118        1.077253
MDMin:  2403 12:05:05    -2397.916131        0.248152
MDMin:  2404 12:05:06    -2397.916133        0.248125
MDMin:  2405 12:05:08    -2397.916134        0.248104
MDMin:  2406 12:05:10    -2397.915838        1.077724
MDMin:  2407 12:05:11    -2397.916126        0.248211
MDMin:  2408 12:05:13    -2397.916128        0.248188
MDMin:  2409 12:05:15    -2397.916135        0.248176
MDMin:  2410 12:05:17    -2397.915725        1.078333
MDMin:  2411 12:05:19    -2397.916151        0.248251
MDMin:  2412 12:05:21    -2397.916154        0.248232
MDMin:  2413 12:05:22    -2397.916106        1.078853
MDMin:  2414 12:05:24    -2397.916156        0.248600
MDMin:  2415 12:05:26    -2397.916158        0.248520
MDMin:  2416 12:05:29    -2397.916164        0.248349
MDMin:  2417 12:05:31    -2397.916136        0.248273
MDMin:  2418 12:05:33    -2397.915484        1.079367
MDMin:  2419 12:05:35    -2397.916100        1.079795
MDMin:  2420 12:05:36    -2397.916182        0.250008
MDMin:  2421 12:05:38    -2397.916185        0.249812
MDMin:  2422 12:05:41    -2397.916177        0.249307
MDMin:  2423 12:05:43    -2397.916188        0.248742
MDMin:  2424 12:05:45    -2397.916197        0.248459
MDMin:  2425 12:05:47    -2397.915441        1.080168
MDMin:  2426 12:05:49    -2397.916043        1.080614
MDMin:  2427 12:05:51    -2397.916200        0.250067
MDMin:  2428 12:05:52    -2397.916203        0.249884
MDMin:  2429 12:05:54    -2397.916210        0.249416
MDMin:  2430 12:05:55    -2397.916221        0.248899
MDMin:  2431 12:05:57    -2397.916229        0.248669
MDMin:  2432 12:05:59    -2397.915348        1.081218
MDMin:  2433 12:06:01    -2397.915951        1.081686
MDMin:  2434 12:06:03    -2397.916234        0.250159
MDMin:  2435 12:06:05    -2397.916236        0.249983
MDMin:  2436 12:06:07    -2397.916243        0.249536
MDMin:  2437 12:06:09    -2397.916255        0.249043
MDMin:  2438 12:06:10    -2397.916142        1.082203
MDMin:  2439 12:06:12    -2397.916263        0.249014
MDMin:  2440 12:06:13    -2397.916266        0.248961
MDMin:  2441 12:06:15    -2397.916260        0.248862
MDMin:  2442 12:06:16    -2397.915841        1.082622
MDMin:  2443 12:06:18    -2397.916277        0.248990
MDMin:  2444 12:06:20    -2397.916280        0.248943
MDMin:  2445 12:06:21    -2397.916205        1.083148
MDMin:  2446 12:06:23    -2397.916283        0.249436
MDMin:  2447 12:06:25    -2397.916285        0.249330
MDMin:  2448 12:06:27    -2397.916291        0.249077
MDMin:  2449 12:06:28    -2397.916243        1.083508
MDMin:  2450 12:06:29    -2397.916279        0.249304
MDMin:  2451 12:06:31    -2397.916282        0.249212
MDMin:  2452 12:06:32    -2397.916289        0.249000
MDMin:  2453 12:06:34    -2397.916089        1.083821
MDMin:  2454 12:06:36    -2397.916310        0.249191
MDMin:  2455 12:06:38    -2397.916310        0.249112
MDMin:  2456 12:06:40    -2397.916315        0.248937
MDMin:  2457 12:06:41    -2397.915950        1.084218
MDMin:  2458 12:06:43    -2397.916305        0.249112
MDMin:  2459 12:06:45    -2397.916308        0.249041
MDMin:  2460 12:06:47    -2397.916307        1.084683
MDMin:  2461 12:06:48    -2397.916332        0.249657
MDMin:  2462 12:06:49    -2397.916328        0.249526
MDMin:  2463 12:06:51    -2397.916335        0.249203
MDMin:  2464 12:06:52    -2397.916333        1.084933
MDMin:  2465 12:06:53    -2397.916340        0.249445
MDMin:  2466 12:06:55    -2397.916342        0.249334
MDMin:  2467 12:06:58    -2397.916339        0.249065
MDMin:  2468 12:07:00    -2397.916170        1.085167
MDMin:  2469 12:07:02    -2397.916354        0.249291
MDMin:  2470 12:07:03    -2397.916357        0.249194
MDMin:  2471 12:07:05    -2397.916344        0.248967
MDMin:  2472 12:07:07    -2397.916014        1.085502
MDMin:  2473 12:07:09    -2397.916370        0.249167
MDMin:  2474 12:07:11    -2397.916366        0.249082
MDMin:  2475 12:07:13    -2397.916363        1.085951
MDMin:  2476 12:07:15    -2397.916375        0.249775
MDMin:  2477 12:07:17    -2397.916378        0.249630
MDMin:  2478 12:07:19    -2397.916369        0.249263
MDMin:  2479 12:07:21    -2397.916382        0.248878
MDMin:  2480 12:07:22    -2397.915677        1.086118
MDMin:  2481 12:07:24    -2397.916278        1.086600
MDMin:  2482 12:07:26    -2397.916395        0.251329
MDMin:  2483 12:07:28    -2397.916398        0.251079
MDMin:  2484 12:07:30    -2397.916407        0.250410
MDMin:  2485 12:07:32    -2397.916397        0.249571
MDMin:  2486 12:07:34    -2397.916415        0.248921
MDMin:  2487 12:07:35    -2397.915527        1.086631
MDMin:  2488 12:07:37    -2397.916130        1.087149
MDMin:  2489 12:07:38    -2397.916434        0.251050
MDMin:  2490 12:07:40    -2397.916436        0.250821
MDMin:  2491 12:07:42    -2397.916445        0.250214
MDMin:  2492 12:07:44    -2397.916436        0.249462
MDMin:  2493 12:07:46    -2397.916302        1.087480
MDMin:  2494 12:07:48    -2397.916466        0.249349
MDMin:  2495 12:07:50    -2397.916461        0.249248
MDMin:  2496 12:07:52    -2397.916469        0.249007
MDMin:  2497 12:07:53    -2397.915988        1.087792
MDMin:  2498 12:07:55    -2397.916475        0.249219
MDMin:  2499 12:07:57    -2397.916478        0.249128
MDMin:  2500 12:07:58    -2397.916330        1.088308
MDMin:  2501 12:08:00    -2397.916488        0.249838
MDMin:  2502 12:08:01    -2397.916488        0.249687
MDMin:  2503 12:08:03    -2397.916493        0.249304
MDMin:  2504 12:08:05    -2397.916350        1.088603
MDMin:  2505 12:08:07    -2397.916485        0.249585
MDMin:  2506 12:08:09    -2397.916487        0.249451
MDMin:  2507 12:08:11    -2397.916495        0.249114
MDMin:  2508 12:08:13    -2397.916174        1.088844
MDMin:  2509 12:08:16    -2397.916516        0.249356
MDMin:  2510 12:08:17    -2397.916518        0.249237
MDMin:  2511 12:08:18    -2397.916506        1.089276
MDMin:  2512 12:08:20    -2397.916522        0.250083
MDMin:  2513 12:08:21    -2397.916525        0.249904
MDMin:  2514 12:08:23    -2397.916523        0.249439
MDMin:  2515 12:08:25    -2397.916514        1.089434
MDMin:  2516 12:08:27    -2397.916539        0.249729
MDMin:  2517 12:08:28    -2397.916542        0.249573
MDMin:  2518 12:08:30    -2397.916530        0.249171
MDMin:  2519 12:08:31    -2397.916329        1.089578
MDMin:  2520 12:08:33    -2397.916556        0.249450
MDMin:  2521 12:08:35    -2397.916552        0.249312
MDMin:  2522 12:08:37    -2397.916560        0.248960
MDMin:  2523 12:08:39    -2397.916149        1.089838
MDMin:  2524 12:08:40    -2397.916566        0.249215
MDMin:  2525 12:08:42    -2397.916569        0.249091
MDMin:  2526 12:08:43    -2397.916480        1.090287
MDMin:  2527 12:08:45    -2397.916580        0.249954
MDMin:  2528 12:08:46    -2397.916580        0.249771
MDMin:  2529 12:08:48    -2397.916585        0.249291
MDMin:  2530 12:08:50    -2397.916493        1.090464
MDMin:  2531 12:08:52    -2397.916578        0.249607
MDMin:  2532 12:08:53    -2397.916581        0.249444
MDMin:  2533 12:08:55    -2397.916589        0.249020
MDMin:  2534 12:08:57    -2397.916305        1.090607
MDMin:  2535 12:08:59    -2397.916610        0.249300
MDMin:  2536 12:09:01    -2397.916612        0.249155
MDMin:  2537 12:09:03    -2397.916616        0.248782
MDMin:  2538 12:09:04    -2397.916134        1.090870
MDMin:  2539 12:09:06    -2397.916610        0.249066
MDMin:  2540 12:09:07    -2397.916612        0.248933
MDMin:  2541 12:09:09    -2397.916467        1.091324
MDMin:  2542 12:09:11    -2397.916637        0.249844
MDMin:  2543 12:09:13    -2397.916634        0.249651
MDMin:  2544 12:09:15    -2397.916642        0.249143
MDMin:  2545 12:09:17    -2397.916472        1.091486
MDMin:  2546 12:09:18    -2397.916648        0.249441
MDMin:  2547 12:09:20    -2397.916651        0.249270
MDMin:  2548 12:09:22    -2397.916649        0.248823
MDMin:  2549 12:09:24    -2397.916281        1.091622
MDMin:  2550 12:09:26    -2397.916666        0.249119
MDMin:  2551 12:09:28    -2397.916669        0.248965
MDMin:  2552 12:09:30    -2397.916605        1.092029
MDMin:  2553 12:09:31    -2397.916676        0.249962
MDMin:  2554 12:09:33    -2397.916679        0.249750
MDMin:  2555 12:09:35    -2397.916684        0.249183
MDMin:  2556 12:09:36    -2397.916611        1.092122
MDMin:  2557 12:09:38    -2397.916677        0.249526
MDMin:  2558 12:09:40    -2397.916680        0.249337
MDMin:  2559 12:09:41    -2397.916688        0.248836
MDMin:  2560 12:09:44    -2397.916414        1.092196
MDMin:  2561 12:09:46    -2397.916710        0.249148
MDMin:  2562 12:09:47    -2397.916712        0.248979
MDMin:  2563 12:09:49    -2397.916716        0.248535
MDMin:  2564 12:09:51    -2397.916235        1.092404
MDMin:  2565 12:09:53    -2397.916711        0.248861
MDMin:  2566 12:09:55    -2397.916714        0.248705
MDMin:  2567 12:09:57    -2397.916562        1.092846
MDMin:  2568 12:09:59    -2397.916739        0.249729
MDMin:  2569 12:10:01    -2397.916736        0.249514
MDMin:  2570 12:10:02    -2397.916744        0.248939
MDMin:  2571 12:10:03    -2397.916561        1.092971
MDMin:  2572 12:10:04    -2397.916751        0.249262
MDMin:  2573 12:10:06    -2397.916754        0.249070
MDMin:  2574 12:10:07    -2397.916752        0.248560
MDMin:  2575 12:10:09    -2397.916364        1.093072
MDMin:  2576 12:10:11    -2397.916770        0.248886
MDMin:  2577 12:10:13    -2397.916773        0.248712
MDMin:  2578 12:10:14    -2397.916684        1.093474
MDMin:  2579 12:10:16    -2397.916780        0.249808
MDMin:  2580 12:10:17    -2397.916783        0.249576
MDMin:  2581 12:10:19    -2397.916789        0.248948
MDMin:  2582 12:10:20    -2397.916685        1.093543
MDMin:  2583 12:10:21    -2397.916783        0.249315
MDMin:  2584 12:10:23    -2397.916785        0.249106
MDMin:  2585 12:10:25    -2397.916794        0.248546
MDMin:  2586 12:10:27    -2397.916483        1.093590
MDMin:  2587 12:10:29    -2397.916818        0.248884
MDMin:  2588 12:10:31    -2397.916818        0.248696
MDMin:  2589 12:10:32    -2397.916797        1.093973
MDMin:  2590 12:10:34    -2397.916826        0.249875
MDMin:  2591 12:10:36    -2397.916829        0.249628
MDMin:  2592 12:10:37    -2397.916826        0.248956
MDMin:  2593 12:10:39    -2397.916789        1.094002
MDMin:  2594 12:10:41    -2397.916846        0.249314
MDMin:  2595 12:10:43    -2397.916849        0.249093
MDMin:  2596 12:10:45    -2397.916836        0.248497
MDMin:  2597 12:10:46    -2397.916583        1.094025
MDMin:  2598 12:10:48    -2397.916865        0.248862
MDMin:  2599 12:10:49    -2397.916867        0.248662
MDMin:  2600 12:10:51    -2397.916854        0.248130
MDMin:  2601 12:10:53    -2397.916393        1.094189
MDMin:  2602 12:10:55    -2397.916883        0.248502
MDMin:  2603 12:10:56    -2397.916885        0.248317
MDMin:  2604 12:10:58    -2397.916720        1.094632
MDMin:  2605 12:11:00    -2397.916891        0.249497
MDMin:  2606 12:11:02    -2397.916893        0.249252
MDMin:  2607 12:11:04    -2397.916902        0.248586
MDMin:  2608 12:11:06    -2397.916710        1.094722
MDMin:  2609 12:11:08    -2397.916909        0.248940
MDMin:  2610 12:11:10    -2397.916912        0.248720
MDMin:  2611 12:11:12    -2397.916912        0.248123
MDMin:  2612 12:11:14    -2397.916505        1.094788
MDMin:  2613 12:11:16    -2397.916930        0.248492
MDMin:  2614 12:11:17    -2397.916933        0.248290
MDMin:  2615 12:11:20    -2397.916820        1.095192
MDMin:  2616 12:11:22    -2397.916941        0.249520
MDMin:  2617 12:11:24    -2397.916944        0.249261
MDMin:  2618 12:11:25    -2397.916950        0.248550
MDMin:  2619 12:11:28    -2397.916815        1.095236
MDMin:  2620 12:11:29    -2397.916945        0.248950
MDMin:  2621 12:11:31    -2397.916948        0.248714
MDMin:  2622 12:11:33    -2397.916957        0.248071
MDMin:  2623 12:11:34    -2397.916608        1.095253
MDMin:  2624 12:11:35    -2397.916982        0.248446
MDMin:  2625 12:11:37    -2397.916982        0.248231
MDMin:  2626 12:11:38    -2397.916917        1.095638
MDMin:  2627 12:11:39    -2397.916991        0.249537
MDMin:  2628 12:11:41    -2397.916994        0.249264
MDMin:  2629 12:11:43    -2397.916991        0.248511
MDMin:  2630 12:11:44    -2397.916905        1.095645
MDMin:  2631 12:11:45    -2397.917012        0.248896
MDMin:  2632 12:11:47    -2397.917016        0.248649
MDMin:  2633 12:11:49    -2397.917020        0.247973
MDMin:  2634 12:11:51    -2397.916706        1.095646
MDMin:  2635 12:11:53    -2397.917017        0.248402
MDMin:  2636 12:11:54    -2397.917020        0.248174
MDMin:  2637 12:11:56    -2397.917018        1.096024
MDMin:  2638 12:11:58    -2397.917046        0.249537
MDMin:  2639 12:12:00    -2397.917044        0.249251
MDMin:  2640 12:12:02    -2397.917052        0.248462
MDMin:  2641 12:12:03    -2397.917001        1.096004
MDMin:  2642 12:12:05    -2397.917062        0.248851
MDMin:  2643 12:12:07    -2397.917065        0.248593
MDMin:  2644 12:12:09    -2397.917064        0.247881
MDMin:  2645 12:12:10    -2397.916785        1.095978
MDMin:  2646 12:12:12    -2397.917084        0.248297
MDMin:  2647 12:12:14    -2397.917088        0.248059
MDMin:  2648 12:12:16    -2397.917076        0.247408
MDMin:  2649 12:12:17    -2397.916580        1.096098
MDMin:  2650 12:12:19    -2397.917106        0.247826
MDMin:  2651 12:12:20    -2397.917109        0.247605
MDMin:  2652 12:12:22    -2397.916899        1.096542
MDMin:  2653 12:12:23    -2397.917115        0.248964
MDMin:  2654 12:12:25    -2397.917118        0.248684
MDMin:  2655 12:12:27    -2397.917127        0.247910
MDMin:  2656 12:12:29    -2397.916884        1.096608
MDMin:  2657 12:12:31    -2397.917136        0.248308
MDMin:  2658 12:12:33    -2397.917140        0.248052
MDMin:  2659 12:12:35    -2397.917139        0.247348
MDMin:  2660 12:12:36    -2397.916674        1.096640
MDMin:  2661 12:12:38    -2397.917159        0.247770
MDMin:  2662 12:12:40    -2397.917163        0.247533
MDMin:  2663 12:12:42    -2397.916985        1.097049
MDMin:  2664 12:12:44    -2397.917171        0.248934
MDMin:  2665 12:12:46    -2397.917174        0.248639
MDMin:  2666 12:12:48    -2397.917182        0.247821
MDMin:  2667 12:12:49    -2397.916977        1.097067
MDMin:  2668 12:12:50    -2397.917177        0.248267
MDMin:  2669 12:12:52    -2397.917180        0.247996
MDMin:  2670 12:12:54    -2397.917189        0.247246
MDMin:  2671 12:12:56    -2397.916767        1.097050
MDMin:  2672 12:12:58    -2397.917218        0.247671
MDMin:  2673 12:13:00    -2397.917215        0.247420
MDMin:  2674 12:13:02    -2397.917075        1.097439
MDMin:  2675 12:13:04    -2397.917228        0.248898
MDMin:  2676 12:13:05    -2397.917232        0.248589
MDMin:  2677 12:13:07    -2397.917226        0.247729
MDMin:  2678 12:13:09    -2397.917060        1.097417
MDMin:  2679 12:13:11    -2397.917253        0.248155
MDMin:  2680 12:13:12    -2397.917252        0.247873
MDMin:  2681 12:13:14    -2397.917261        0.247088
MDMin:  2682 12:13:16    -2397.916859        1.097384
MDMin:  2683 12:13:18    -2397.917256        0.247574
MDMin:  2684 12:13:20    -2397.917259        0.247310
MDMin:  2685 12:13:22    -2397.917170        1.097765
MDMin:  2686 12:13:24    -2397.917288        0.248844
MDMin:  2687 12:13:26    -2397.917291        0.248522
MDMin:  2688 12:13:28    -2397.917297        0.247624
MDMin:  2689 12:13:30    -2397.917162        1.097725
MDMin:  2690 12:13:32    -2397.917295        0.248096
MDMin:  2691 12:13:34    -2397.917298        0.247800
MDMin:  2692 12:13:35    -2397.917307        0.246975
MDMin:  2693 12:13:36    -2397.916947        1.097655
MDMin:  2694 12:13:38    -2397.917335        0.247432
MDMin:  2695 12:13:39    -2397.917334        0.247157
MDMin:  2696 12:13:41    -2397.917252        1.098028
MDMin:  2697 12:13:43    -2397.917346        0.248748
MDMin:  2698 12:13:45    -2397.917350        0.248416
MDMin:  2699 12:13:47    -2397.917346        0.247486
MDMin:  2700 12:13:49    -2397.917233        1.097969
MDMin:  2701 12:13:51    -2397.917372        0.247938
MDMin:  2702 12:13:53    -2397.917372        0.247633
MDMin:  2703 12:13:54    -2397.917381        0.246782
MDMin:  2704 12:13:56    -2397.917028        1.097903
MDMin:  2705 12:13:57    -2397.917377        0.247303
MDMin:  2706 12:13:59    -2397.917380        0.247017
MDMin:  2707 12:14:01    -2397.917336        1.098276
MDMin:  2708 12:14:03    -2397.917409        0.248656
MDMin:  2709 12:14:05    -2397.917412        0.248314
MDMin:  2710 12:14:07    -2397.917418        0.247352
MDMin:  2711 12:14:09    -2397.917325        1.098213
MDMin:  2712 12:14:10    -2397.917417        0.247852
MDMin:  2713 12:14:12    -2397.917420        0.247535
MDMin:  2714 12:14:14    -2397.917430        0.246648
MDMin:  2715 12:14:16    -2397.917108        1.098119
MDMin:  2716 12:14:17    -2397.917458        0.247136
MDMin:  2717 12:14:19    -2397.917457        0.246842
MDMin:  2718 12:14:21    -2397.917411        1.098489
MDMin:  2719 12:14:23    -2397.917470        0.248532
MDMin:  2720 12:14:25    -2397.917474        0.248181
MDMin:  2721 12:14:27    -2397.917470        0.247190
MDMin:  2722 12:14:29    -2397.917390        1.098412
MDMin:  2723 12:14:30    -2397.917497        0.247667
MDMin:  2724 12:14:32    -2397.917497        0.247343
MDMin:  2725 12:14:35    -2397.917506        0.246433
MDMin:  2726 12:14:37    -2397.917170        1.098319
MDMin:  2727 12:14:38    -2397.917519        0.246941
MDMin:  2728 12:14:40    -2397.917522        0.246638
MDMin:  2729 12:14:42    -2397.917473        1.098693
MDMin:  2730 12:14:44    -2397.917537        0.248356
MDMin:  2731 12:14:46    -2397.917537        0.247997
MDMin:  2732 12:14:48    -2397.917546        0.246985
MDMin:  2733 12:14:49    -2397.917446        1.098612
MDMin:  2734 12:14:51    -2397.917559        0.247468
MDMin:  2735 12:14:53    -2397.917562        0.247136
MDMin:  2736 12:14:55    -2397.917562        0.246200
MDMin:  2737 12:14:57    -2397.917225        1.098519
MDMin:  2738 12:14:58    -2397.917587        0.246732
MDMin:  2739 12:15:00    -2397.917590        0.246421
MDMin:  2740 12:15:02    -2397.917531        1.098898
MDMin:  2741 12:15:04    -2397.917599        0.248198
MDMin:  2742 12:15:06    -2397.917603        0.247830
MDMin:  2743 12:15:08    -2397.917603        0.246789
MDMin:  2744 12:15:09    -2397.917509        1.098817
MDMin:  2745 12:15:11    -2397.917628        0.247292
MDMin:  2746 12:15:13    -2397.917631        0.246951
MDMin:  2747 12:15:14    -2397.917638        0.245989
MDMin:  2748 12:15:16    -2397.917301        1.098725
MDMin:  2749 12:15:17    -2397.917638        0.246577
MDMin:  2750 12:15:19    -2397.917641        0.246255
MDMin:  2751 12:15:21    -2397.917609        1.099102
MDMin:  2752 12:15:23    -2397.917671        0.248078
MDMin:  2753 12:15:25    -2397.917674        0.247699
MDMin:  2754 12:15:27    -2397.917680        0.246627
MDMin:  2755 12:15:29    -2397.917596        1.099015
MDMin:  2756 12:15:31    -2397.917681        0.247183
MDMin:  2757 12:15:32    -2397.917684        0.246831
MDMin:  2758 12:15:33    -2397.917694        0.245832
MDMin:  2759 12:15:35    -2397.917377        1.098893
MDMin:  2760 12:15:37    -2397.917725        0.246383
MDMin:  2761 12:15:39    -2397.917723        0.246052
MDMin:  2762 12:15:40    -2397.917681        1.099265
MDMin:  2763 12:15:42    -2397.917739        0.247925
MDMin:  2764 12:15:44    -2397.917743        0.247538
MDMin:  2765 12:15:46    -2397.917738        0.246437
MDMin:  2766 12:15:48    -2397.917658        1.099161
MDMin:  2767 12:15:50    -2397.917769        0.246966
MDMin:  2768 12:15:52    -2397.917766        0.246605
MDMin:  2769 12:15:54    -2397.917776        0.245583
MDMin:  2770 12:15:56    -2397.917437        1.099039
MDMin:  2771 12:15:58    -2397.917793        0.246156
MDMin:  2772 12:16:00    -2397.917797        0.245816
MDMin:  2773 12:16:02    -2397.917742        1.099414
MDMin:  2774 12:16:03    -2397.917813        0.247719
MDMin:  2775 12:16:05    -2397.917816        0.247323
MDMin:  2776 12:16:07    -2397.917806        0.246211
MDMin:  2777 12:16:08    -2397.917722        1.099314
MDMin:  2778 12:16:10    -2397.917838        0.246781
MDMin:  2779 12:16:11    -2397.917841        0.246410
MDMin:  2780 12:16:13    -2397.917851        0.245358
MDMin:  2781 12:16:15    -2397.917504        1.099186
MDMin:  2782 12:16:17    -2397.917866        0.245944
MDMin:  2783 12:16:19    -2397.917870        0.245595
MDMin:  2784 12:16:21    -2397.917809        1.099561
MDMin:  2785 12:16:23    -2397.917886        0.247545
MDMin:  2786 12:16:25    -2397.917886        0.247141
MDMin:  2787 12:16:26    -2397.917896        0.245989
MDMin:  2788 12:16:28    -2397.917781        1.099446
MDMin:  2789 12:16:29    -2397.917912        0.246542
MDMin:  2790 12:16:31    -2397.917916        0.246163
MDMin:  2791 12:16:33    -2397.917914        0.245086
MDMin:  2792 12:16:34    -2397.917561        1.099315
MDMin:  2793 12:16:36    -2397.917944        0.245702
MDMin:  2794 12:16:38    -2397.917943        0.245344
MDMin:  2795 12:16:40    -2397.917869        1.099695
MDMin:  2796 12:16:42    -2397.917959        0.247358
MDMin:  2797 12:16:44    -2397.917963        0.246944
MDMin:  2798 12:16:46    -2397.917960        0.245762
MDMin:  2799 12:16:48    -2397.917846        1.099579
MDMin:  2800 12:16:51    -2397.917992        0.246338
MDMin:  2801 12:16:52    -2397.917989        0.245950
MDMin:  2802 12:16:54    -2397.917999        0.244846
MDMin:  2803 12:16:55    -2397.917628        1.099440
MDMin:  2804 12:16:57    -2397.918019        0.245473
MDMin:  2805 12:16:58    -2397.918023        0.245106
MDMin:  2806 12:16:59    -2397.917935        1.099819
MDMin:  2807 12:17:01    -2397.918039        0.247152
MDMin:  2808 12:17:03    -2397.918042        0.246729
MDMin:  2809 12:17:06    -2397.918050        0.245520
MDMin:  2810 12:17:08    -2397.917919        1.099704
MDMin:  2811 12:17:10    -2397.918052        0.246161
MDMin:  2812 12:17:12    -2397.918055        0.245763
MDMin:  2813 12:17:14    -2397.918066        0.244625
MDMin:  2814 12:17:16    -2397.917703        1.099554
MDMin:  2815 12:17:17    -2397.918099        0.245268
MDMin:  2816 12:17:19    -2397.918102        0.244890
MDMin:  2817 12:17:21    -2397.918011        1.099930
MDMin:  2818 12:17:23    -2397.918116        0.247001
MDMin:  2819 12:17:25    -2397.918120        0.246568
MDMin:  2820 12:17:26    -2397.918120        0.245327
MDMin:  2821 12:17:28    -2397.917988        1.099795
MDMin:  2822 12:17:30    -2397.918150        0.245934
MDMin:  2823 12:17:32    -2397.918150        0.245527
MDMin:  2824 12:17:34    -2397.918160        0.244363
MDMin:  2825 12:17:36    -2397.917771        1.099639
MDMin:  2826 12:17:37    -2397.918179        0.245030
MDMin:  2827 12:17:39    -2397.918183        0.244643
MDMin:  2828 12:17:41    -2397.918080        1.100017
MDMin:  2829 12:17:42    -2397.918201        0.246790
MDMin:  2830 12:17:44    -2397.918204        0.246348
MDMin:  2831 12:17:46    -2397.918195        0.245095
MDMin:  2832 12:17:48    -2397.918062        1.099883
MDMin:  2833 12:17:49    -2397.918229        0.245747
MDMin:  2834 12:17:51    -2397.918232        0.245330
MDMin:  2835 12:17:53    -2397.918242        0.244133
MDMin:  2836 12:17:55    -2397.917848        1.099718
MDMin:  2837 12:17:56    -2397.918263        0.244817
MDMin:  2838 12:17:58    -2397.918267        0.244420
MDMin:  2839 12:17:59    -2397.918158        1.100094
MDMin:  2840 12:18:00    -2397.918284        0.246619
MDMin:  2841 12:18:01    -2397.918287        0.246167
MDMin:  2842 12:18:02    -2397.918296        0.244868
MDMin:  2843 12:18:04    -2397.918142        1.099954
MDMin:  2844 12:18:05    -2397.918299        0.245565
MDMin:  2845 12:18:07    -2397.918303        0.245137
MDMin:  2846 12:18:09    -2397.918313        0.243909
MDMin:  2847 12:18:11    -2397.917930        1.099779
MDMin:  2848 12:18:13    -2397.918347        0.244613
MDMin:  2849 12:18:15    -2397.918351        0.244206
MDMin:  2850 12:18:17    -2397.918240        1.100153
MDMin:  2851 12:18:18    -2397.918368        0.246472
MDMin:  2852 12:18:20    -2397.918373        0.246009
MDMin:  2853 12:18:21    -2397.918370        0.244679
MDMin:  2854 12:18:22    -2397.918219        1.099993
MDMin:  2855 12:18:24    -2397.918404        0.245339
MDMin:  2856 12:18:26    -2397.918408        0.244902
MDMin:  2857 12:18:27    -2397.918417        0.243646
MDMin:  2858 12:18:29    -2397.918014        1.099823
MDMin:  2859 12:18:31    -2397.918421        0.244434
MDMin:  2860 12:18:33    -2397.918424        0.244016
MDMin:  2861 12:18:35    -2397.918331        1.100199
MDMin:  2862 12:18:36    -2397.918456        0.246336
MDMin:  2863 12:18:38    -2397.918459        0.245863
MDMin:  2864 12:18:40    -2397.918470        0.244500
MDMin:  2865 12:18:42    -2397.918308        1.100025
MDMin:  2866 12:18:44    -2397.918491        0.245170
MDMin:  2867 12:18:46    -2397.918496        0.244722
MDMin:  2868 12:18:47    -2397.918492        0.243435
MDMin:  2869 12:18:49    -2397.918093        1.099834
MDMin:  2870 12:18:51    -2397.918527        0.244191
MDMin:  2871 12:18:53    -2397.918530        0.243763
MDMin:  2872 12:18:55    -2397.918407        1.100210
MDMin:  2873 12:18:57    -2397.918547        0.246135
MDMin:  2874 12:18:59    -2397.918552        0.245653
MDMin:  2875 12:19:00    -2397.918551        0.244263
MDMin:  2876 12:19:02    -2397.918385        1.100037
MDMin:  2877 12:19:04    -2397.918585        0.244962
MDMin:  2878 12:19:05    -2397.918589        0.244505
MDMin:  2879 12:19:07    -2397.918598        0.244264
MDMin:  2880 12:19:09    -2397.918183        1.099853
MDMin:  2881 12:19:10    -2397.918603        0.245228
MDMin:  2882 12:19:12    -2397.918607        0.245385
MDMin:  2883 12:19:14    -2397.918501        1.100229
MDMin:  2884 12:19:17    -2397.918639        0.246096
MDMin:  2885 12:19:18    -2397.918642        0.246253
MDMin:  2886 12:19:20    -2397.918653        0.246724
MDMin:  2887 12:19:21    -2397.918479        1.100041
MDMin:  2888 12:19:23    -2397.918677        0.247702
MDMin:  2889 12:19:25    -2397.918682        0.247859
MDMin:  2890 12:19:27    -2397.918677        0.248329
MDMin:  2891 12:19:28    -2397.918266        1.099836
MDMin:  2892 12:19:29    -2397.918712        0.249307
MDMin:  2893 12:19:31    -2397.918716        0.249463
MDMin:  2894 12:19:33    -2397.918582        1.100212
MDMin:  2895 12:19:35    -2397.918736        0.250173
MDMin:  2896 12:19:36    -2397.918741        0.250330
MDMin:  2897 12:19:38    -2397.918737        0.250799
MDMin:  2898 12:19:40    -2397.918560        1.100024
MDMin:  2899 12:19:42    -2397.918773        0.251774
MDMin:  2900 12:19:44    -2397.918776        0.251930
MDMin:  2901 12:19:46    -2397.918787        0.252398
MDMin:  2902 12:19:48    -2397.918349        1.099817
MDMin:  2903 12:19:50    -2397.918812        0.253373
MDMin:  2904 12:19:52    -2397.918817        0.253529
MDMin:  2905 12:19:53    -2397.918665        1.100194
MDMin:  2906 12:19:55    -2397.918833        0.254234
MDMin:  2907 12:19:57    -2397.918837        0.254390
MDMin:  2908 12:19:59    -2397.918848        0.254857
MDMin:  2909 12:20:01    -2397.918640        1.100000
MDMin:  2910 12:20:03    -2397.918872        0.255826
MDMin:  2911 12:20:05    -2397.918878        0.255981
MDMin:  2912 12:20:07    -2397.918873        0.256446
MDMin:  2913 12:20:09    -2397.918430        1.099791
MDMin:  2914 12:20:11    -2397.918909        0.257414
MDMin:  2915 12:20:13    -2397.918913        0.257568
MDMin:  2916 12:20:15    -2397.918748        1.100171
MDMin:  2917 12:20:16    -2397.918935        0.258269
MDMin:  2918 12:20:18    -2397.918940        0.258423
MDMin:  2919 12:20:20    -2397.918936        0.258885
MDMin:  2920 12:20:22    -2397.918728        1.099975
MDMin:  2921 12:20:23    -2397.918972        0.259846
MDMin:  2922 12:20:26    -2397.918975        0.259999
MDMin:  2923 12:20:28    -2397.918986        0.260460
MDMin:  2924 12:20:29    -2397.918518        1.099758
MDMin:  2925 12:20:32    -2397.919015        0.261417
MDMin:  2926 12:20:34    -2397.919020        0.261570
MDMin:  2927 12:20:35    -2397.918837        1.100137
MDMin:  2928 12:20:37    -2397.919036        0.262263
MDMin:  2929 12:20:39    -2397.919042        0.262415
MDMin:  2930 12:20:41    -2397.919043        0.262872
MDMin:  2931 12:20:42    -2397.918817        1.099935
MDMin:  2932 12:20:44    -2397.919079        0.263821
MDMin:  2933 12:20:46    -2397.919083        0.263972
MDMin:  2934 12:20:47    -2397.919094        0.264426
MDMin:  2935 12:20:48    -2397.918609        1.099711
MDMin:  2936 12:20:50    -2397.919118        0.265371
MDMin:  2937 12:20:51    -2397.919124        0.265522
MDMin:  2938 12:20:52    -2397.918929        1.100091
MDMin:  2939 12:20:54    -2397.919143        0.266204
MDMin:  2940 12:20:56    -2397.919146        0.266354
MDMin:  2941 12:20:58    -2397.919158        0.266803
MDMin:  2942 12:21:00    -2397.918906        1.099880
MDMin:  2943 12:21:02    -2397.919184        0.267737
MDMin:  2944 12:21:04    -2397.919190        0.267886
MDMin:  2945 12:21:06    -2397.919185        0.268333
MDMin:  2946 12:21:08    -2397.918698        1.099653
MDMin:  2947 12:21:09    -2397.919222        0.269261
MDMin:  2948 12:21:11    -2397.919226        0.269409
MDMin:  2949 12:21:13    -2397.919020        1.100034
MDMin:  2950 12:21:15    -2397.919252        0.270080
MDMin:  2951 12:21:17    -2397.919257        0.270227
MDMin:  2952 12:21:18    -2397.919268        0.270668
MDMin:  2953 12:21:19    -2397.919001        1.099818
MDMin:  2954 12:21:21    -2397.919293        0.271584
MDMin:  2955 12:21:23    -2397.919299        0.271730
MDMin:  2956 12:21:25    -2397.919297        0.272167
MDMin:  2957 12:21:26    -2397.918794        1.099584
MDMin:  2958 12:21:28    -2397.919334        0.273076
MDMin:  2959 12:21:30    -2397.919338        0.273221
MDMin:  2960 12:21:31    -2397.919117        1.099965
MDMin:  2961 12:21:33    -2397.919362        0.273877
MDMin:  2962 12:21:34    -2397.919368        0.274021
MDMin:  2963 12:21:35    -2397.919363        0.274452
MDMin:  2964 12:21:37    -2397.919097        1.099742
MDMin:  2965 12:21:39    -2397.919401        0.275346
MDMin:  2966 12:21:40    -2397.919404        0.275489
MDMin:  2967 12:21:42    -2397.919412        1.100028
MDMin:  2968 12:21:44    -2397.919433        0.276134
MDMin:  2969 12:21:45    -2397.919436        0.276275
MDMin:  2970 12:21:47    -2397.919448        0.276700
MDMin:  2971 12:21:49    -2397.919386        1.099661
MDMin:  2972 12:21:51    -2397.919476        0.277579
MDMin:  2973 12:21:54    -2397.919482        0.277719
MDMin:  2974 12:21:55    -2397.919477        0.278139
MDMin:  2975 12:21:57    -2397.919172        1.099314
MDMin:  2976 12:21:58    -2397.919515        0.279010
MDMin:  2977 12:22:00    -2397.919519        0.279148
MDMin:  2978 12:22:02    -2397.919489        1.099650
MDMin:  2979 12:22:04    -2397.919549        0.279775
MDMin:  2980 12:22:06    -2397.919551        0.279912
MDMin:  2981 12:22:08    -2397.919563        0.280324
MDMin:  2982 12:22:10    -2397.919462        1.099352
MDMin:  2983 12:22:11    -2397.919594        0.281178
MDMin:  2984 12:22:13    -2397.919598        0.281313
MDMin:  2985 12:22:15    -2397.919610        0.281720
MDMin:  2986 12:22:17    -2397.919249        1.099056
MDMin:  2987 12:22:19    -2397.919639        0.282563
MDMin:  2988 12:22:20    -2397.919645        0.282697
MDMin:  2989 12:22:22    -2397.919568        1.099418
MDMin:  2990 12:22:24    -2397.919663        0.283303
MDMin:  2991 12:22:25    -2397.919667        0.283436
MDMin:  2992 12:22:27    -2397.919679        0.283833
MDMin:  2993 12:22:29    -2397.919538        1.099150
MDMin:  2994 12:22:31    -2397.919714        0.284657
MDMin:  2995 12:22:33    -2397.919715        0.284788
MDMin:  2996 12:22:35    -2397.919727        0.285179
MDMin:  2997 12:22:37    -2397.919326        1.098877
MDMin:  2998 12:22:38    -2397.919760        0.285992
MDMin:  2999 12:22:40    -2397.919763        0.286121
MDMin:  3000 12:22:42    -2397.919647        1.099253
MDMin:  3001 12:22:44    -2397.919786        0.286704
MDMin:  3002 12:22:46    -2397.919792        0.286832
MDMin:  3003 12:22:48    -2397.919791        0.287213
MDMin:  3004 12:22:49    -2397.919621        1.099000
MDMin:  3005 12:22:51    -2397.919830        0.288005
MDMin:  3006 12:22:53    -2397.919834        0.288130
MDMin:  3007 12:22:55    -2397.919846        0.288505
MDMin:  3008 12:22:56    -2397.919410        1.098735
MDMin:  3009 12:22:57    -2397.919885        0.289283
MDMin:  3010 12:22:59    -2397.919889        0.289406
MDMin:  3011 12:23:01    -2397.919733        1.099118
MDMin:  3012 12:23:03    -2397.919910        0.289963
MDMin:  3013 12:23:05    -2397.919917        0.290085
MDMin:  3014 12:23:07    -2397.919917        0.290449
MDMin:  3015 12:23:09    -2397.919707        1.098867
MDMin:  3016 12:23:11    -2397.919956        0.291203
MDMin:  3017 12:23:13    -2397.919960        0.291323
MDMin:  3018 12:23:15    -2397.919973        0.291679
MDMin:  3019 12:23:16    -2397.919497        1.098603
MDMin:  3020 12:23:18    -2397.920011        0.292419
MDMin:  3021 12:23:20    -2397.920015        0.292535
MDMin:  3022 12:23:21    -2397.919821        1.098990
MDMin:  3023 12:23:23    -2397.920038        0.293064
MDMin:  3024 12:23:25    -2397.920044        0.293179
MDMin:  3025 12:23:27    -2397.920045        0.293524
MDMin:  3026 12:23:28    -2397.919795        1.098739
MDMin:  3027 12:23:30    -2397.920084        0.294237
MDMin:  3028 12:23:32    -2397.920088        0.294350
MDMin:  3029 12:23:34    -2397.920101        0.294686
MDMin:  3030 12:23:35    -2397.919587        1.098473
MDMin:  3031 12:23:36    -2397.920140        0.295383
MDMin:  3032 12:23:38    -2397.920144        0.295492
MDMin:  3033 12:23:40    -2397.919912        1.098863
MDMin:  3034 12:23:41    -2397.920169        0.295989
MDMin:  3035 12:23:43    -2397.920175        0.296097
MDMin:  3036 12:23:44    -2397.920174        0.296420
MDMin:  3037 12:23:46    -2397.919886        1.098608
MDMin:  3038 12:23:47    -2397.920214        0.297088
MDMin:  3039 12:23:49    -2397.920218        0.297193
MDMin:  3040 12:23:51    -2397.920202        1.098902
MDMin:  3041 12:23:53    -2397.920253        0.297668
MDMin:  3042 12:23:55    -2397.920253        0.297772
MDMin:  3043 12:23:56    -2397.920265        0.298081
MDMin:  3044 12:23:58    -2397.920171        1.098502
MDMin:  3045 12:24:00    -2397.920305        0.298718
MDMin:  3046 12:24:02    -2397.920309        0.298818
MDMin:  3047 12:24:04    -2397.920321        0.299117
MDMin:  3048 12:24:06    -2397.919955        1.098128
MDMin:  3049 12:24:08    -2397.920356        0.299734
MDMin:  3050 12:24:10    -2397.920360        0.299831
MDMin:  3051 12:24:11    -2397.920274        1.098474
MDMin:  3052 12:24:13    -2397.920385        0.300269
MDMin:  3053 12:24:15    -2397.920392        0.300364
MDMin:  3054 12:24:17    -2397.920392        0.300648
MDMin:  3055 12:24:19    -2397.920241        1.098148
MDMin:  3056 12:24:20    -2397.920432        0.301232
MDMin:  3057 12:24:21    -2397.920436        0.301324
MDMin:  3058 12:24:23    -2397.920449        0.301597
MDMin:  3059 12:24:24    -2397.920025        1.097828
MDMin:  3060 12:24:26    -2397.920490        0.302159
MDMin:  3061 12:24:27    -2397.920494        0.302247
MDMin:  3062 12:24:29    -2397.920346        1.098203
MDMin:  3063 12:24:31    -2397.920526        0.302644
MDMin:  3064 12:24:33    -2397.920529        0.302730
MDMin:  3065 12:24:34    -2397.920542        0.302986
MDMin:  3066 12:24:35    -2397.920314        1.097911
MDMin:  3067 12:24:36    -2397.920581        0.303512
MDMin:  3068 12:24:38    -2397.920581        0.303594
MDMin:  3069 12:24:40    -2397.920594        0.303839
MDMin:  3070 12:24:42    -2397.920099        1.097614
MDMin:  3071 12:24:43    -2397.920635        0.304341
MDMin:  3072 12:24:45    -2397.920639        0.304420
MDMin:  3073 12:24:46    -2397.920421        1.098003
MDMin:  3074 12:24:48    -2397.920666        0.304772
MDMin:  3075 12:24:50    -2397.920673        0.304848
MDMin:  3076 12:24:52    -2397.920673        0.305075
MDMin:  3077 12:24:54    -2397.920389        1.097726
MDMin:  3078 12:24:56    -2397.920714        0.305538
MDMin:  3079 12:24:58    -2397.920718        0.305610
MDMin:  3080 12:25:00    -2397.920703        1.098022
MDMin:  3081 12:25:02    -2397.920755        0.305933
MDMin:  3082 12:25:04    -2397.920759        0.306003
MDMin:  3083 12:25:06    -2397.920772        0.306211
MDMin:  3084 12:25:08    -2397.920665        1.097606
MDMin:  3085 12:25:09    -2397.920813        0.306633
MDMin:  3086 12:25:12    -2397.920818        0.306698
MDMin:  3087 12:25:14    -2397.920831        0.306893
MDMin:  3088 12:25:15    -2397.920444        1.097217
MDMin:  3089 12:25:17    -2397.920871        0.307288
MDMin:  3090 12:25:19    -2397.920871        0.307349
MDMin:  3091 12:25:21    -2397.920761        1.097571
MDMin:  3092 12:25:23    -2397.920903        0.307624
MDMin:  3093 12:25:25    -2397.920908        0.307682
MDMin:  3094 12:25:27    -2397.920921        0.307857
MDMin:  3095 12:25:29    -2397.920721        1.097234
MDMin:  3096 12:25:31    -2397.920962        0.308209
MDMin:  3097 12:25:32    -2397.920962        0.308264
MDMin:  3098 12:25:34    -2397.920975        0.308425
MDMin:  3099 12:25:35    -2397.920500        1.096904
MDMin:  3100 12:25:37    -2397.921017        0.308749
MDMin:  3101 12:25:39    -2397.921021        0.308799
MDMin:  3102 12:25:40    -2397.920819        1.097288
MDMin:  3103 12:25:41    -2397.921053        0.309020
MDMin:  3104 12:25:43    -2397.921058        0.309068
MDMin:  3105 12:25:45    -2397.921072        0.309207
MDMin:  3106 12:25:47    -2397.920779        1.096991
MDMin:  3107 12:25:49    -2397.921113        0.309487
MDMin:  3108 12:25:51    -2397.921118        0.309529
MDMin:  3109 12:25:53    -2397.921091        1.097286
MDMin:  3110 12:25:55    -2397.921145        0.309718
MDMin:  3111 12:25:57    -2397.921153        0.309758
MDMin:  3112 12:25:59    -2397.921154        0.309875
MDMin:  3113 12:26:01    -2397.921046        1.096853
MDMin:  3114 12:26:02    -2397.921197        0.310109
MDMin:  3115 12:26:04    -2397.921201        0.310144
MDMin:  3116 12:26:05    -2397.921215        0.310247
MDMin:  3117 12:26:06    -2397.920817        1.096454
MDMin:  3118 12:26:08    -2397.921258        0.310450
MDMin:  3119 12:26:10    -2397.921262        0.310480
MDMin:  3120 12:26:12    -2397.921132        1.096815
MDMin:  3121 12:26:13    -2397.921300        0.310614
MDMin:  3122 12:26:15    -2397.921305        0.310641
MDMin:  3123 12:26:17    -2397.921319        0.310722
MDMin:  3124 12:26:19    -2397.921087        1.096475
MDMin:  3125 12:26:20    -2397.921361        0.310878
MDMin:  3126 12:26:22    -2397.921366        0.310901
MDMin:  3127 12:26:24    -2397.921380        0.310967
MDMin:  3128 12:26:26    -2397.920861        1.096140
MDMin:  3129 12:26:28    -2397.921423        0.311093
MDMin:  3130 12:26:30    -2397.921427        0.311111
MDMin:  3131 12:26:32    -2397.921178        1.096533
MDMin:  3132 12:26:33    -2397.921464        0.311187
MDMin:  3133 12:26:35    -2397.921466        0.311203
MDMin:  3134 12:26:38    -2397.921479        0.311246
MDMin:  3135 12:26:39    -2397.921132        1.096233
MDMin:  3136 12:26:41    -2397.921522        0.311324
MDMin:  3137 12:26:42    -2397.921527        0.311335
MDMin:  3138 12:26:45    -2397.921440        1.096537
MDMin:  3139 12:26:46    -2397.921562        0.311377
MDMin:  3140 12:26:48    -2397.921566        0.311385
MDMin:  3141 12:26:49    -2397.921580        0.311406
MDMin:  3142 12:26:51    -2397.921389        1.096103
MDMin:  3143 12:26:53    -2397.921623        0.311437
MDMin:  3144 12:26:55    -2397.921628        0.311440
MDMin:  3145 12:26:57    -2397.921641        0.311446
MDMin:  3146 12:26:59    -2397.921156        1.095702
MDMin:  3147 12:27:00    -2397.921685        0.311447
MDMin:  3148 12:27:02    -2397.921690        0.311445
MDMin:  3149 12:27:04    -2397.921468        1.096073
MDMin:  3150 12:27:06    -2397.921728        0.311431
MDMin:  3151 12:27:08    -2397.921729        0.311427
MDMin:  3152 12:27:10    -2397.921743        0.311411
MDMin:  3153 12:27:12    -2397.921416        1.095733
MDMin:  3154 12:27:13    -2397.921787        0.311365
MDMin:  3155 12:27:14    -2397.921792        0.311356
MDMin:  3156 12:27:16    -2397.921719        1.096025
MDMin:  3157 12:27:18    -2397.921831        0.311309
MDMin:  3158 12:27:20    -2397.921831        0.311297
MDMin:  3159 12:27:22    -2397.921846        0.311259
MDMin:  3160 12:27:24    -2397.921662        1.095566
MDMin:  3161 12:27:26    -2397.921890        0.311168
MDMin:  3162 12:27:28    -2397.921895        0.311152
MDMin:  3163 12:27:30    -2397.921909        0.311100
MDMin:  3164 12:27:31    -2397.921423        1.095149
MDMin:  3165 12:27:34    -2397.921953        0.310980
MDMin:  3166 12:27:35    -2397.921958        0.310959
MDMin:  3167 12:27:36    -2397.921730        1.095519
MDMin:  3168 12:27:38    -2397.921998        0.310859
MDMin:  3169 12:27:40    -2397.922003        0.310836
MDMin:  3170 12:27:42    -2397.922017        0.310763
MDMin:  3171 12:27:43    -2397.921674        1.095172
MDMin:  3172 12:27:45    -2397.922062        0.310600
MDMin:  3173 12:27:47    -2397.922067        0.310573
MDMin:  3174 12:27:49    -2397.921974        1.095466
MDMin:  3175 12:27:51    -2397.922107        0.310442
MDMin:  3176 12:27:52    -2397.922111        0.310412
MDMin:  3177 12:27:54    -2397.922126        0.310319
MDMin:  3178 12:27:56    -2397.921913        1.095004
MDMin:  3179 12:27:58    -2397.922171        0.310115
MDMin:  3180 12:28:00    -2397.922175        0.310081
MDMin:  3181 12:28:01    -2397.922190        0.309976
MDMin:  3182 12:28:02    -2397.921668        1.094582
MDMin:  3183 12:28:04    -2397.922235        0.309745
MDMin:  3184 12:28:06    -2397.922240        0.309707
MDMin:  3185 12:28:08    -2397.921972        1.094957
MDMin:  3186 12:28:10    -2397.922281        0.309527
MDMin:  3187 12:28:12    -2397.922286        0.309487
MDMin:  3188 12:28:13    -2397.922300        0.309363
MDMin:  3189 12:28:14    -2397.921910        1.094611
MDMin:  3190 12:28:16    -2397.922346        0.309094
MDMin:  3191 12:28:17    -2397.922351        0.309050
MDMin:  3192 12:28:19    -2397.922207        1.094911
MDMin:  3193 12:28:20    -2397.922391        0.308844
MDMin:  3194 12:28:21    -2397.922396        0.308798
MDMin:  3195 12:28:23    -2397.922411        0.308656
MDMin:  3196 12:28:25    -2397.922140        1.094451
MDMin:  3197 12:28:27    -2397.922457        0.308351
MDMin:  3198 12:28:29    -2397.922461        0.308301
MDMin:  3199 12:28:31    -2397.922431        1.094705
MDMin:  3200 12:28:33    -2397.922502        0.308070
MDMin:  3201 12:28:34    -2397.922507        0.308018
MDMin:  3202 12:28:36    -2397.922522        0.307860
MDMin:  3203 12:28:38    -2397.922359        1.094176
MDMin:  3204 12:28:40    -2397.922568        0.307521
MDMin:  3205 12:28:42    -2397.922573        0.307466
MDMin:  3206 12:28:44    -2397.922588        0.307298
MDMin:  3207 12:28:46    -2397.922101        1.093705
MDMin:  3208 12:28:48    -2397.922635        0.306937
MDMin:  3209 12:28:50    -2397.922640        0.306879
MDMin:  3210 12:28:51    -2397.922397        1.094069
MDMin:  3211 12:28:53    -2397.922681        0.306608
MDMin:  3212 12:28:56    -2397.922686        0.306548
MDMin:  3213 12:28:58    -2397.922702        0.306366
MDMin:  3214 12:29:00    -2397.922324        1.093698
MDMin:  3215 12:29:02    -2397.922748        0.305979
MDMin:  3216 12:29:04    -2397.922754        0.305916
MDMin:  3217 12:29:06    -2397.922613        1.093995
MDMin:  3218 12:29:08    -2397.922795        0.305628
MDMin:  3219 12:29:09    -2397.922800        0.305564
MDMin:  3220 12:29:11    -2397.922816        0.305370
MDMin:  3221 12:29:12    -2397.922536        1.093524
MDMin:  3222 12:29:13    -2397.922863        0.304960
MDMin:  3223 12:29:14    -2397.922868        0.304894
MDMin:  3224 12:29:16    -2397.922819        1.093781
MDMin:  3225 12:29:17    -2397.922910        0.304589
MDMin:  3226 12:29:18    -2397.922915        0.304522
MDMin:  3227 12:29:20    -2397.922931        0.304318
MDMin:  3228 12:29:21    -2397.922737        1.093249
MDMin:  3229 12:29:23    -2397.922978        0.303886
MDMin:  3230 12:29:25    -2397.922984        0.303817
MDMin:  3231 12:29:26    -2397.922999        0.303606
MDMin:  3232 12:29:27    -2397.922469        1.092775
MDMin:  3233 12:29:29    -2397.923048        0.303162
MDMin:  3234 12:29:30    -2397.923053        0.303090
MDMin:  3235 12:29:31    -2397.922758        1.093149
MDMin:  3236 12:29:32    -2397.923096        0.302762
MDMin:  3237 12:29:34    -2397.923101        0.302689
MDMin:  3238 12:29:37    -2397.923117        0.302470
MDMin:  3239 12:29:39    -2397.922676        1.092784
MDMin:  3240 12:29:41    -2397.923165        0.302008
MDMin:  3241 12:29:43    -2397.923171        0.301934
MDMin:  3242 12:29:45    -2397.922959        1.093093
MDMin:  3243 12:29:47    -2397.923214        0.301594
MDMin:  3244 12:29:49    -2397.923219        0.301518
MDMin:  3245 12:29:51    -2397.923235        0.301291
MDMin:  3246 12:29:53    -2397.922873        1.092629
MDMin:  3247 12:29:54    -2397.923284        0.300814
MDMin:  3248 12:29:56    -2397.923290        0.300737
MDMin:  3249 12:29:58    -2397.923151        1.092899
MDMin:  3250 12:30:00    -2397.923334        0.300386
MDMin:  3251 12:30:02    -2397.923339        0.300309
MDMin:  3252 12:30:03    -2397.923355        0.300075
MDMin:  3253 12:30:04    -2397.923060        1.092375
MDMin:  3254 12:30:06    -2397.923405        0.299584
MDMin:  3255 12:30:08    -2397.923410        0.299505
MDMin:  3256 12:30:10    -2397.923333        1.092621
MDMin:  3257 12:30:12    -2397.923454        0.299144
MDMin:  3258 12:30:14    -2397.923460        0.299065
MDMin:  3259 12:30:16    -2397.923476        0.298825
MDMin:  3260 12:30:17    -2397.923238        1.092060
MDMin:  3261 12:30:19    -2397.923526        0.298321
MDMin:  3262 12:30:21    -2397.923532        0.298241
MDMin:  3263 12:30:23    -2397.923506        1.092293
MDMin:  3264 12:30:24    -2397.923576        0.297872
MDMin:  3265 12:30:26    -2397.923582        0.297790
MDMin:  3266 12:30:27    -2397.923598        0.297545
MDMin:  3267 12:30:28    -2397.923406        1.091710
MDMin:  3268 12:30:30    -2397.923649        0.297031
MDMin:  3269 12:30:31    -2397.923654        0.296948
MDMin:  3270 12:30:32    -2397.923671        1.091936
MDMin:  3271 12:30:33    -2397.923699        0.296572
MDMin:  3272 12:30:35    -2397.923705        0.296489
MDMin:  3273 12:30:37    -2397.923722        0.296239
MDMin:  3274 12:30:39    -2397.923565        1.091341
MDMin:  3275 12:30:41    -2397.923773        0.295715
MDMin:  3276 12:30:43    -2397.923779        0.295631
MDMin:  3277 12:30:45    -2397.923796        0.295378
MDMin:  3278 12:30:47    -2397.923273        1.090822
MDMin:  3279 12:30:49    -2397.923848        0.294848
MDMin:  3280 12:30:51    -2397.923853        0.294763
MDMin:  3281 12:30:53    -2397.923545        1.091200
MDMin:  3282 12:30:55    -2397.923899        0.294375
MDMin:  3283 12:30:57    -2397.923905        0.294290
MDMin:  3284 12:30:59    -2397.923922        0.294032
MDMin:  3285 12:31:00    -2397.923442        1.090822
MDMin:  3286 12:31:02    -2397.923975        0.293494
MDMin:  3287 12:31:04    -2397.923981        0.293407
MDMin:  3288 12:31:06    -2397.923710        1.091143
MDMin:  3289 12:31:07    -2397.924027        0.293014
MDMin:  3290 12:31:08    -2397.924033        0.292927
MDMin:  3291 12:31:10    -2397.924051        0.292666
MDMin:  3292 12:31:12    -2397.923604        1.090680
MDMin:  3293 12:31:14    -2397.924103        0.292120
MDMin:  3294 12:31:16    -2397.924109        0.292033
MDMin:  3295 12:31:18    -2397.923868        1.090968
MDMin:  3296 12:31:19    -2397.924156        0.291634
MDMin:  3297 12:31:21    -2397.924162        0.291546
MDMin:  3298 12:31:23    -2397.924180        0.291281
MDMin:  3299 12:31:25    -2397.923758        1.090452
MDMin:  3300 12:31:27    -2397.924233        0.290728
MDMin:  3301 12:31:29    -2397.924240        0.290639
MDMin:  3302 12:31:30    -2397.924018        1.090720
MDMin:  3303 12:31:32    -2397.924287        0.290235
MDMin:  3304 12:31:34    -2397.924293        0.290145
MDMin:  3305 12:31:36    -2397.924311        0.289877
MDMin:  3306 12:31:38    -2397.923905        1.090172
MDMin:  3307 12:31:40    -2397.924365        0.289316
MDMin:  3308 12:31:41    -2397.924371        0.289226
MDMin:  3309 12:31:43    -2397.924162        1.090430
MDMin:  3310 12:31:45    -2397.924419        0.288816
MDMin:  3311 12:31:47    -2397.924425        0.288726
MDMin:  3312 12:31:48    -2397.924444        0.288454
MDMin:  3313 12:31:49    -2397.924044        1.089863
MDMin:  3314 12:31:51    -2397.924498        0.287885
MDMin:  3315 12:31:53    -2397.924505        0.287793
MDMin:  3316 12:31:54    -2397.924298        1.090116
MDMin:  3317 12:31:55    -2397.924553        0.287378
MDMin:  3318 12:31:57    -2397.924559        0.287286
MDMin:  3319 12:31:58    -2397.924578        0.287010
MDMin:  3320 12:32:00    -2397.924177        1.089538
MDMin:  3321 12:32:02    -2397.924633        0.286432
MDMin:  3322 12:32:04    -2397.924640        0.286340
MDMin:  3323 12:32:06    -2397.924428        1.089789
MDMin:  3324 12:32:08    -2397.924688        0.285918
MDMin:  3325 12:32:09    -2397.924695        0.285825
MDMin:  3326 12:32:11    -2397.924714        0.285544
MDMin:  3327 12:32:13    -2397.924303        1.089206
MDMin:  3328 12:32:15    -2397.924770        0.284958
MDMin:  3329 12:32:17    -2397.924777        0.284863
MDMin:  3330 12:32:19    -2397.924552        1.089458
MDMin:  3331 12:32:21    -2397.924826        0.284435
MDMin:  3332 12:32:23    -2397.924832        0.284340
MDMin:  3333 12:32:25    -2397.924852        0.284054
MDMin:  3334 12:32:27    -2397.924423        1.088872
MDMin:  3335 12:32:28    -2397.924909        0.283458
MDMin:  3336 12:32:30    -2397.924915        0.283362
MDMin:  3337 12:32:32    -2397.924670        1.089126
MDMin:  3338 12:32:34    -2397.924965        0.282925
MDMin:  3339 12:32:35    -2397.924972        0.282828
MDMin:  3340 12:32:38    -2397.924992        0.282538
MDMin:  3341 12:32:39    -2397.924538        1.088540
MDMin:  3342 12:32:42    -2397.925049        0.281929
MDMin:  3343 12:32:43    -2397.925056        0.281831
MDMin:  3344 12:32:45    -2397.924783        1.088797
MDMin:  3345 12:32:47    -2397.925106        0.281386
MDMin:  3346 12:32:49    -2397.925113        0.281288
MDMin:  3347 12:32:50    -2397.925133        0.280991
MDMin:  3348 12:32:52    -2397.924648        1.088212
MDMin:  3349 12:32:53    -2397.925191        0.280369
MDMin:  3350 12:32:55    -2397.925198        0.280269
MDMin:  3351 12:32:57    -2397.924890        1.088473
MDMin:  3352 12:32:59    -2397.925249        0.279814
MDMin:  3353 12:33:00    -2397.925256        0.279713
MDMin:  3354 12:33:02    -2397.925276        0.279410
MDMin:  3355 12:33:03    -2397.924753        1.087890
MDMin:  3356 12:33:05    -2397.925335        0.278774
MDMin:  3357 12:33:06    -2397.925327        1.088708
MDMin:  3358 12:33:09    -2397.925379        0.278482
MDMin:  3359 12:33:11    -2397.925386        0.278379
MDMin:  3360 12:33:13    -2397.925407        0.278069
MDMin:  3361 12:33:15    -2397.925370        1.087929
MDMin:  3362 12:33:16    -2397.925466        0.277421
MDMin:  3363 12:33:18    -2397.925473        0.277317
MDMin:  3364 12:33:19    -2397.925494        0.277001
MDMin:  3365 12:33:21    -2397.925025        1.087073
MDMin:  3366 12:33:22    -2397.925554        0.276340
MDMin:  3367 12:33:24    -2397.925561        0.276234
MDMin:  3368 12:33:25    -2397.925260        1.087354
MDMin:  3369 12:33:27    -2397.925614        0.275749
MDMin:  3370 12:33:29    -2397.925621        0.275641
MDMin:  3371 12:33:31    -2397.925642        0.275317
MDMin:  3372 12:33:33    -2397.925110        1.086793
MDMin:  3373 12:33:35    -2397.925703        0.274637
MDMin:  3374 12:33:37    -2397.925679        1.087629
MDMin:  3375 12:33:39    -2397.925748        0.274324
MDMin:  3376 12:33:41    -2397.925755        0.274214
MDMin:  3377 12:33:42    -2397.925777        0.273881
MDMin:  3378 12:33:43    -2397.925713        1.086869
MDMin:  3379 12:33:45    -2397.925838        0.273185
MDMin:  3380 12:33:47    -2397.925845        0.273073
MDMin:  3381 12:33:49    -2397.925868        0.272733
MDMin:  3382 12:33:50    -2397.925356        1.086021
MDMin:  3383 12:33:52    -2397.925930        0.272021
MDMin:  3384 12:33:54    -2397.925924        1.086870
MDMin:  3385 12:33:56    -2397.925975        0.271693
MDMin:  3386 12:33:57    -2397.925982        0.271578
MDMin:  3387 12:33:58    -2397.926005        0.271228
MDMin:  3388 12:34:00    -2397.925948        1.086129
MDMin:  3389 12:34:02    -2397.926067        0.270498
MDMin:  3390 12:34:04    -2397.926074        0.270380
MDMin:  3391 12:34:06    -2397.926097        0.270023
MDMin:  3392 12:34:08    -2397.925583        1.085290
MDMin:  3393 12:34:10    -2397.926161        0.269274
MDMin:  3394 12:34:12    -2397.926148        1.086151
MDMin:  3395 12:34:14    -2397.926206        0.268929
MDMin:  3396 12:34:16    -2397.926214        0.268808
MDMin:  3397 12:34:18    -2397.926237        0.268440
MDMin:  3398 12:34:19    -2397.926165        1.085422
MDMin:  3399 12:34:21    -2397.926301        0.267670
MDMin:  3400 12:34:23    -2397.926308        0.267545
MDMin:  3401 12:34:24    -2397.926332        0.267169
MDMin:  3402 12:34:26    -2397.925794        1.084588
MDMin:  3403 12:34:28    -2397.926396        0.266379
MDMin:  3404 12:34:30    -2397.926356        1.085461
MDMin:  3405 12:34:31    -2397.926443        0.266015
MDMin:  3406 12:34:32    -2397.926451        0.265886
MDMin:  3407 12:34:33    -2397.926474        0.265498
MDMin:  3408 12:34:34    -2397.926367        1.084742
MDMin:  3409 12:34:36    -2397.926539        0.264685
MDMin:  3410 12:34:39    -2397.926547        0.264553
MDMin:  3411 12:34:41    -2397.926570        1.084848
MDMin:  3412 12:34:42    -2397.926603        0.263953
MDMin:  3413 12:34:44    -2397.926611        0.263820
MDMin:  3414 12:34:45    -2397.926635        0.263416
MDMin:  3415 12:34:46    -2397.926384        1.084005
MDMin:  3416 12:34:48    -2397.926701        0.262571
MDMin:  3417 12:34:49    -2397.926709        0.262433
MDMin:  3418 12:34:50    -2397.926588        1.084189
MDMin:  3419 12:34:51    -2397.926766        0.261810
MDMin:  3420 12:34:53    -2397.926774        0.261671
MDMin:  3421 12:34:54    -2397.926798        0.261251
MDMin:  3422 12:34:55    -2397.926400        1.083459
MDMin:  3423 12:34:57    -2397.926865        0.260372
MDMin:  3424 12:34:59    -2397.926874        0.260229
MDMin:  3425 12:35:00    -2397.926605        1.083695
MDMin:  3426 12:35:03    -2397.926931        0.259581
MDMin:  3427 12:35:05    -2397.926939        0.259436
MDMin:  3428 12:35:06    -2397.926965        0.259000
MDMin:  3429 12:35:08    -2397.926416        1.083036
MDMin:  3430 12:35:10    -2397.927032        0.258085
MDMin:  3431 12:35:12    -2397.926966        1.083904
MDMin:  3432 12:35:14    -2397.927080        0.262485
MDMin:  3433 12:35:16    -2397.927089        0.261722
MDMin:  3434 12:35:18    -2397.927114        0.259441
MDMin:  3435 12:35:20    -2397.926965        1.083094
MDMin:  3436 12:35:22    -2397.927182        0.259665
MDMin:  3437 12:35:24    -2397.927191        0.258928
MDMin:  3438 12:35:26    -2397.927154        1.083173
MDMin:  3439 12:35:28    -2397.927249        0.261800
MDMin:  3440 12:35:30    -2397.927258        0.261049
MDMin:  3441 12:35:32    -2397.927284        0.258804
MDMin:  3442 12:35:33    -2397.926953        1.082274
MDMin:  3443 12:35:34    -2397.927353        0.259121
MDMin:  3444 12:35:35    -2397.927362        0.258394
MDMin:  3445 12:35:38    -2397.927144        1.082449
MDMin:  3446 12:35:40    -2397.927421        0.261309
MDMin:  3447 12:35:42    -2397.927430        0.260567
MDMin:  3448 12:35:44    -2397.927457        0.258351
MDMin:  3449 12:35:45    -2397.926940        1.081688
MDMin:  3450 12:35:47    -2397.927527        0.258728
MDMin:  3451 12:35:49    -2397.927481        1.082551
MDMin:  3452 12:35:51    -2397.927576        0.264101
MDMin:  3453 12:35:53    -2397.927585        0.263343
MDMin:  3454 12:35:55    -2397.927612        0.261078
MDMin:  3455 12:35:57    -2397.927466        1.081677
MDMin:  3456 12:35:58    -2397.927683        0.261222
MDMin:  3457 12:36:00    -2397.927692        0.260490
MDMin:  3458 12:36:01    -2397.927644        1.081736
MDMin:  3459 12:36:03    -2397.927752        0.263268
MDMin:  3460 12:36:05    -2397.927761        0.262523
MDMin:  3461 12:36:07    -2397.927789        0.260299
MDMin:  3462 12:36:09    -2397.927428        1.080795
MDMin:  3463 12:36:11    -2397.927861        0.260547
MDMin:  3464 12:36:13    -2397.927870        0.259827
MDMin:  3465 12:36:14    -2397.927609        1.080963
MDMin:  3466 12:36:16    -2397.927931        0.262654
MDMin:  3467 12:36:18    -2397.927941        0.261920
MDMin:  3468 12:36:20    -2397.927968        0.259727
MDMin:  3469 12:36:22    -2397.927391        1.080180
MDMin:  3470 12:36:24    -2397.928041        1.081281
MDMin:  3471 12:36:26    -2397.928113        0.270224
MDMin:  3472 12:36:28    -2397.928122        0.269448
MDMin:  3473 12:36:30    -2397.928150        0.267121
MDMin:  3474 12:36:31    -2397.928198        0.263276
MDMin:  3475 12:36:33    -2397.927915        1.078989
MDMin:  3476 12:36:35    -2397.928289        0.261328
MDMin:  3477 12:36:37    -2397.928298        0.260619
MDMin:  3478 12:36:38    -2397.927995        1.079081
MDMin:  3479 12:36:40    -2397.928361        0.263417
MDMin:  3480 12:36:41    -2397.928371        0.262695
MDMin:  3481 12:36:43    -2397.928357        1.079489
MDMin:  3482 12:36:44    -2397.928434        0.265340
MDMin:  3483 12:36:46    -2397.928444        0.264607
MDMin:  3484 12:36:47    -2397.928473        0.262416
MDMin:  3485 12:36:48    -2397.928119        1.078513
MDMin:  3486 12:36:50    -2397.928549        0.262572
MDMin:  3487 12:36:51    -2397.928559        0.261862
MDMin:  3488 12:36:53    -2397.928285        1.078680
MDMin:  3489 12:36:55    -2397.928623        0.264566
MDMin:  3490 12:36:57    -2397.928633        0.263845
MDMin:  3491 12:36:58    -2397.928644        1.079011
MDMin:  3492 12:37:00    -2397.928697        0.266405
MDMin:  3493 12:37:02    -2397.928707        0.265674
MDMin:  3494 12:37:03    -2397.928737        0.263488
MDMin:  3495 12:37:04    -2397.928402        1.077908
MDMin:  3496 12:37:05    -2397.928814        0.263572
MDMin:  3497 12:37:07    -2397.928824        0.262865
MDMin:  3498 12:37:09    -2397.928561        1.078029
MDMin:  3499 12:37:11    -2397.928889        0.265499
MDMin:  3500 12:37:12    -2397.928899        0.264780
MDMin:  3501 12:37:14    -2397.928914        1.078325
MDMin:  3502 12:37:16    -2397.928964        0.267276
MDMin:  3503 12:37:18    -2397.928974        0.266549
MDMin:  3504 12:37:20    -2397.929005        0.264373
MDMin:  3505 12:37:22    -2397.928665        1.077157
MDMin:  3506 12:37:23    -2397.929084        0.264410
MDMin:  3507 12:37:25    -2397.929094        0.263706
MDMin:  3508 12:37:27    -2397.928818        1.077255
MDMin:  3509 12:37:29    -2397.929160        0.266282
MDMin:  3510 12:37:31    -2397.929170        0.265569
MDMin:  3511 12:37:33    -2397.929167        1.077537
MDMin:  3512 12:37:35    -2397.929236        0.268010
MDMin:  3513 12:37:37    -2397.929247        0.267288
MDMin:  3514 12:37:38    -2397.929279        0.265127
MDMin:  3515 12:37:40    -2397.928910        1.076335
MDMin:  3516 12:37:42    -2397.929359        0.265129
MDMin:  3517 12:37:44    -2397.929369        0.264430
MDMin:  3518 12:37:46    -2397.929058        1.076423
MDMin:  3519 12:37:48    -2397.929436        0.266957
MDMin:  3520 12:37:50    -2397.929447        0.266248
MDMin:  3521 12:37:52    -2397.929402        1.076702
MDMin:  3522 12:37:54    -2397.929514        0.268643
MDMin:  3523 12:37:56    -2397.929525        0.267927
MDMin:  3524 12:37:58    -2397.929557        0.265784
MDMin:  3525 12:38:00    -2397.929138        1.075481
MDMin:  3526 12:38:02    -2397.929639        0.265759
MDMin:  3527 12:38:04    -2397.929640        1.076319
MDMin:  3528 12:38:06    -2397.929693        0.270563
MDMin:  3529 12:38:07    -2397.929704        0.269843
MDMin:  3530 12:38:09    -2397.929737        0.267685
MDMin:  3531 12:38:11    -2397.929569        1.075156
MDMin:  3532 12:38:13    -2397.929819        0.267517
MDMin:  3533 12:38:15    -2397.929830        0.266819
MDMin:  3534 12:38:16    -2397.929700        1.075121
MDMin:  3535 12:38:18    -2397.929899        0.269183
MDMin:  3536 12:38:20    -2397.929910        0.268478
MDMin:  3537 12:38:22    -2397.929944        0.266368
MDMin:  3538 12:38:24    -2397.929421        1.073992
MDMin:  3539 12:38:26    -2397.930027        0.266346
MDMin:  3540 12:38:27    -2397.929921        1.074863
MDMin:  3541 12:38:29    -2397.930083        0.271078
MDMin:  3542 12:38:31    -2397.930094        0.270370
MDMin:  3543 12:38:33    -2397.930128        0.268245
MDMin:  3544 12:38:34    -2397.929839        1.073766
MDMin:  3545 12:38:36    -2397.930212        0.268075
MDMin:  3546 12:38:38    -2397.930224        0.267388
MDMin:  3547 12:38:40    -2397.929965        1.073761
MDMin:  3548 12:38:41    -2397.930294        0.269711
MDMin:  3549 12:38:43    -2397.930306        0.269018
MDMin:  3550 12:38:45    -2397.930292        1.073974
MDMin:  3551 12:38:47    -2397.930376        0.271223
MDMin:  3552 12:38:49    -2397.930388        0.270524
MDMin:  3553 12:38:51    -2397.930423        0.268429
MDMin:  3554 12:38:53    -2397.930002        1.072614
MDMin:  3555 12:38:55    -2397.930509        0.268281
MDMin:  3556 12:38:57    -2397.930490        1.073451
MDMin:  3557 12:38:59    -2397.930565        0.272850
MDMin:  3558 12:39:00    -2397.930577        0.272150
MDMin:  3559 12:39:02    -2397.930613        0.270050
MDMin:  3560 12:39:04    -2397.930396        1.072203
MDMin:  3561 12:39:06    -2397.930699        0.269784
MDMin:  3562 12:39:08    -2397.930711        0.269105
MDMin:  3563 12:39:10    -2397.930509        1.072140
MDMin:  3564 12:39:12    -2397.930784        0.271310
MDMin:  3565 12:39:13    -2397.930796        0.270626
MDMin:  3566 12:39:15    -2397.930825        1.072311
MDMin:  3567 12:39:17    -2397.930868        0.272721
MDMin:  3568 12:39:19    -2397.930880        0.272032
MDMin:  3569 12:39:20    -2397.930916        0.269967
MDMin:  3570 12:39:22    -2397.930519        1.070867
MDMin:  3571 12:39:24    -2397.931005        0.269748
MDMin:  3572 12:39:25    -2397.930999        1.071701
MDMin:  3573 12:39:26    -2397.931063        0.274179
MDMin:  3574 12:39:28    -2397.931075        0.273491
MDMin:  3575 12:39:30    -2397.931112        0.271425
MDMin:  3576 12:39:32    -2397.930891        1.070399
MDMin:  3577 12:39:34    -2397.931201        0.271105
MDMin:  3578 12:39:36    -2397.931214        0.270436
MDMin:  3579 12:39:38    -2397.930993        1.070318
MDMin:  3580 12:39:39    -2397.931288        0.272549
MDMin:  3581 12:39:41    -2397.931301        0.271876
MDMin:  3582 12:39:42    -2397.931300        1.070484
MDMin:  3583 12:39:43    -2397.931375        0.273884
MDMin:  3584 12:39:44    -2397.931387        0.273208
MDMin:  3585 12:39:46    -2397.931425        0.271180
MDMin:  3586 12:39:47    -2397.930980        1.069006
MDMin:  3587 12:39:48    -2397.931517        0.270917
MDMin:  3588 12:39:49    -2397.931454        1.069849
MDMin:  3589 12:39:50    -2397.931576        0.275223
MDMin:  3590 12:39:52    -2397.931588        0.274549
MDMin:  3591 12:39:54    -2397.931627        0.272522
MDMin:  3592 12:39:56    -2397.931332        1.068530
MDMin:  3593 12:39:57    -2397.931719        0.272167
MDMin:  3594 12:39:58    -2397.931732        0.271511
MDMin:  3595 12:39:59    -2397.931425        1.068446
MDMin:  3596 12:40:01    -2397.931808        0.273546
MDMin:  3597 12:40:03    -2397.931821        0.272887
MDMin:  3598 12:40:05    -2397.931724        1.068620
MDMin:  3599 12:40:06    -2397.931898        0.274820
MDMin:  3600 12:40:08    -2397.931911        0.274158
MDMin:  3601 12:40:11    -2397.931950        0.272170
MDMin:  3602 12:40:13    -2397.931392        1.067125
MDMin:  3603 12:40:15    -2397.931984        1.068279
MDMin:  3604 12:40:17    -2397.932124        0.279923
MDMin:  3605 12:40:18    -2397.932138        0.279252
MDMin:  3606 12:40:20    -2397.932177        0.277231
MDMin:  3607 12:40:21    -2397.932245        0.273851
MDMin:  3608 12:40:23    -2397.931642        1.065165
MDMin:  3609 12:40:25    -2397.932186        1.066255
MDMin:  3610 12:40:27    -2397.932445        0.279627
MDMin:  3611 12:40:29    -2397.932459        0.278968
MDMin:  3612 12:40:30    -2397.932500        0.276982
MDMin:  3613 12:40:31    -2397.932569        0.273669
MDMin:  3614 12:40:33    -2397.931761        1.063521
MDMin:  3615 12:40:34    -2397.932306        1.064649
MDMin:  3616 12:40:36    -2397.932773        0.279463
MDMin:  3617 12:40:38    -2397.932786        0.278814
MDMin:  3618 12:40:39    -2397.932828        0.276862
MDMin:  3619 12:40:41    -2397.932792        1.064241
MDMin:  3620 12:40:43    -2397.932927        0.276293
MDMin:  3621 12:40:45    -2397.932941        0.275660
MDMin:  3622 12:40:47    -2397.932853        1.063976
MDMin:  3623 12:40:49    -2397.933022        0.277408
MDMin:  3624 12:40:50    -2397.933036        0.276774
MDMin:  3625 12:40:52    -2397.933079        0.274868
MDMin:  3626 12:40:54    -2397.932482        1.062439
MDMin:  3627 12:40:56    -2397.933063        1.063627
MDMin:  3628 12:40:58    -2397.933261        0.282003
MDMin:  3629 12:41:00    -2397.933276        0.281365
MDMin:  3630 12:41:01    -2397.933319        0.279439
MDMin:  3631 12:41:03    -2397.933392        0.276214
MDMin:  3632 12:41:04    -2397.932660        1.060455
MDMin:  3633 12:41:06    -2397.933201        1.061595
MDMin:  3634 12:41:08    -2397.933604        0.281556
MDMin:  3635 12:41:10    -2397.933619        0.280929
MDMin:  3636 12:41:12    -2397.933663        0.279038
MDMin:  3637 12:41:14    -2397.933663        1.061013
MDMin:  3638 12:41:15    -2397.933766        0.278389
MDMin:  3639 12:41:17    -2397.933781        0.277775
MDMin:  3640 12:41:19    -2397.933706        1.060677
MDMin:  3641 12:41:20    -2397.933865        0.279371
MDMin:  3642 12:41:22    -2397.933880        0.278757
MDMin:  3643 12:41:24    -2397.933925        0.276910
MDMin:  3644 12:41:26    -2397.933311        1.059012
MDMin:  3645 12:41:28    -2397.933883        1.060214
MDMin:  3646 12:41:30    -2397.934114        0.283559
MDMin:  3647 12:41:32    -2397.934129        0.282944
MDMin:  3648 12:41:34    -2397.934175        0.281088
MDMin:  3649 12:41:35    -2397.934253        0.277973
MDMin:  3650 12:41:37    -2397.933436        1.056888
MDMin:  3651 12:41:39    -2397.933975        1.058058
MDMin:  3652 12:41:41    -2397.934474        0.282977
MDMin:  3653 12:41:43    -2397.934489        0.282373
MDMin:  3654 12:41:45    -2397.934536        0.280551
MDMin:  3655 12:41:47    -2397.934414        1.057451
MDMin:  3656 12:41:49    -2397.934644        0.279869
MDMin:  3657 12:41:51    -2397.934660        0.279277
MDMin:  3658 12:41:53    -2397.934443        1.057095
MDMin:  3659 12:41:55    -2397.934747        0.280759
MDMin:  3660 12:41:57    -2397.934763        0.280167
MDMin:  3661 12:41:59    -2397.934688        1.057083
MDMin:  3662 12:42:01    -2397.934850        0.281583
MDMin:  3663 12:42:03    -2397.934866        0.280992
MDMin:  3664 12:42:04    -2397.934915        0.279212
MDMin:  3665 12:42:06    -2397.934271        1.055167
MDMin:  3666 12:42:08    -2397.934831        1.056369
MDMin:  3667 12:42:10    -2397.935110        0.285288
MDMin:  3668 12:42:12    -2397.935127        0.284700
MDMin:  3669 12:42:14    -2397.935176        0.282924
MDMin:  3670 12:42:16    -2397.935258        0.279934
MDMin:  3671 12:42:18    -2397.934338        1.052749
MDMin:  3672 12:42:20    -2397.934874        1.053947
MDMin:  3673 12:42:21    -2397.935489        0.284539
MDMin:  3674 12:42:23    -2397.935506        0.283962
MDMin:  3675 12:42:25    -2397.935556        0.282218
MDMin:  3676 12:42:27    -2397.935288        1.053266
MDMin:  3677 12:42:28    -2397.935669        0.281500
MDMin:  3678 12:42:30    -2397.935686        0.280931
MDMin:  3679 12:42:31    -2397.935302        1.052872
MDMin:  3680 12:42:33    -2397.935777        0.282282
MDMin:  3681 12:42:36    -2397.935794        0.281715
MDMin:  3682 12:42:38    -2397.935533        1.052843
MDMin:  3683 12:42:39    -2397.935886        0.283007
MDMin:  3684 12:42:41    -2397.935903        0.282441
MDMin:  3685 12:42:42    -2397.935761        1.052703
MDMin:  3686 12:42:44    -2397.935994        0.283680
MDMin:  3687 12:42:45    -2397.936011        0.283117
MDMin:  3688 12:42:47    -2397.935988        1.052471
MDMin:  3689 12:42:48    -2397.936104        0.284307
MDMin:  3690 12:42:50    -2397.936121        0.283746
MDMin:  3691 12:42:52    -2397.936173        0.282053
MDMin:  3692 12:42:54    -2397.935543        1.050172
MDMin:  3693 12:42:55    -2397.936087        1.051362
MDMin:  3694 12:42:56    -2397.936377        0.287407
MDMin:  3695 12:42:58    -2397.936395        0.286855
MDMin:  3696 12:43:00    -2397.936447        0.285179
MDMin:  3697 12:43:01    -2397.936504        1.050027
MDMin:  3698 12:43:02    -2397.936565        0.284335
MDMin:  3699 12:43:03    -2397.936583        0.283786
MDMin:  3700 12:43:05    -2397.936497        1.049392
MDMin:  3701 12:43:06    -2397.936677        0.284925
MDMin:  3702 12:43:08    -2397.936695        0.284379
MDMin:  3703 12:43:10    -2397.936707        1.049153
MDMin:  3704 12:43:12    -2397.936790        0.285474
MDMin:  3705 12:43:14    -2397.936807        0.284931
MDMin:  3706 12:43:17    -2397.936861        0.283288
MDMin:  3707 12:43:18    -2397.936239        1.046811
MDMin:  3708 12:43:20    -2397.936777        1.048013
MDMin:  3709 12:43:21    -2397.937071        0.288324
MDMin:  3710 12:43:23    -2397.937089        0.287790
MDMin:  3711 12:43:25    -2397.937144        0.286170
MDMin:  3712 12:43:27    -2397.937168        1.046660
MDMin:  3713 12:43:29    -2397.937265        0.285327
MDMin:  3714 12:43:31    -2397.937284        0.284794
MDMin:  3715 12:43:33    -2397.937153        1.046016
MDMin:  3716 12:43:35    -2397.937381        0.285853
MDMin:  3717 12:43:37    -2397.937399        0.285324
MDMin:  3718 12:43:39    -2397.937353        1.045773
MDMin:  3719 12:43:41    -2397.937497        0.286343
MDMin:  3720 12:43:42    -2397.937515        0.285817
MDMin:  3721 12:43:44    -2397.937551        1.045451
MDMin:  3722 12:43:45    -2397.937613        0.286800
MDMin:  3723 12:43:47    -2397.937632        0.286277
MDMin:  3724 12:43:49    -2397.937688        0.284695
MDMin:  3725 12:43:51    -2397.937063        1.042950
MDMin:  3726 12:43:53    -2397.937593        1.044156
MDMin:  3727 12:43:55    -2397.937903        0.289349
MDMin:  3728 12:43:57    -2397.937922        0.288837
MDMin:  3729 12:43:59    -2397.937979        0.287282
MDMin:  3730 12:44:00    -2397.937957        1.042703
MDMin:  3731 12:44:02    -2397.938106        0.286438
MDMin:  3732 12:44:05    -2397.938125        0.285926
MDMin:  3733 12:44:07    -2397.937933        1.042026
MDMin:  3734 12:44:08    -2397.938225        0.286891
MDMin:  3735 12:44:10    -2397.938244        0.286381
MDMin:  3736 12:44:12    -2397.938120        1.041757
MDMin:  3737 12:44:14    -2397.938345        0.287311
MDMin:  3738 12:44:16    -2397.938364        0.286805
MDMin:  3739 12:44:18    -2397.938307        1.041412
MDMin:  3740 12:44:20    -2397.938465        0.287704
MDMin:  3741 12:44:22    -2397.938485        0.287201
MDMin:  3742 12:44:24    -2397.938492        1.041004
MDMin:  3743 12:44:26    -2397.938586        0.288070
MDMin:  3744 12:44:27    -2397.938606        0.287570
MDMin:  3745 12:44:29    -2397.938665        0.286057
MDMin:  3746 12:44:30    -2397.937982        1.038333
MDMin:  3747 12:44:31    -2397.938504        1.039547
MDMin:  3748 12:44:33    -2397.938887        0.290315
MDMin:  3749 12:44:34    -2397.938907        0.289827
MDMin:  3750 12:44:36    -2397.938967        0.288345
MDMin:  3751 12:44:37    -2397.938838        1.037988
MDMin:  3752 12:44:39    -2397.939099        0.287505
MDMin:  3753 12:44:41    -2397.939119        0.287016
MDMin:  3754 12:44:43    -2397.938804        1.037275
MDMin:  3755 12:44:44    -2397.939223        0.287882
MDMin:  3756 12:44:46    -2397.939243        0.287396
MDMin:  3757 12:44:48    -2397.938978        1.036977
MDMin:  3758 12:44:50    -2397.939348        0.288233
MDMin:  3759 12:44:52    -2397.939368        0.287749
MDMin:  3760 12:44:54    -2397.939152        1.036608
MDMin:  3761 12:44:56    -2397.939473        0.288559
MDMin:  3762 12:44:57    -2397.939493        0.288078
MDMin:  3763 12:44:59    -2397.939325        1.036179
MDMin:  3764 12:45:01    -2397.939598        0.288862
MDMin:  3765 12:45:03    -2397.939619        0.288385
MDMin:  3766 12:45:04    -2397.939495        1.035701
MDMin:  3767 12:45:06    -2397.939724        0.289146
MDMin:  3768 12:45:08    -2397.939745        0.288672
MDMin:  3769 12:45:10    -2397.939664        1.035181
MDMin:  3770 12:45:11    -2397.939851        0.289410
MDMin:  3771 12:45:13    -2397.939872        0.288939
MDMin:  3772 12:45:15    -2397.939830        1.034625
MDMin:  3773 12:45:17    -2397.939978        0.289656
MDMin:  3774 12:45:19    -2397.939999        0.289188
MDMin:  3775 12:45:21    -2397.939994        1.034038
MDMin:  3776 12:45:23    -2397.940105        0.289886
MDMin:  3777 12:45:25    -2397.940126        0.289421
MDMin:  3778 12:45:27    -2397.940155        1.033425
MDMin:  3779 12:45:28    -2397.940234        0.290100
MDMin:  3780 12:45:29    -2397.940255        0.289639
MDMin:  3781 12:45:31    -2397.940314        1.032789
MDMin:  3782 12:45:33    -2397.940362        0.290301
MDMin:  3783 12:45:34    -2397.940384        0.289843
MDMin:  3784 12:45:36    -2397.940448        0.288452
MDMin:  3785 12:45:38    -2397.939762        1.029704
MDMin:  3786 12:45:40    -2397.940275        1.030928
MDMin:  3787 12:45:42    -2397.940683        0.292040
MDMin:  3788 12:45:44    -2397.940705        0.291596
MDMin:  3789 12:45:46    -2397.940770        0.290241
MDMin:  3790 12:45:48    -2397.940561        1.029073
MDMin:  3791 12:45:49    -2397.940912        0.289402
MDMin:  3792 12:45:51    -2397.940929        1.029727
MDMin:  3793 12:45:52    -2397.940991        0.291494
MDMin:  3794 12:45:54    -2397.941013        0.291052
MDMin:  3795 12:45:56    -2397.941079        0.289707
MDMin:  3796 12:45:58    -2397.940581        1.026774
MDMin:  3797 12:46:00    -2397.941091        1.027980
MDMin:  3798 12:46:02    -2397.941319        0.293012
MDMin:  3799 12:46:04    -2397.941342        0.292585
MDMin:  3800 12:46:06    -2397.941409        0.291278
MDMin:  3801 12:46:08    -2397.941360        1.025835
MDMin:  3802 12:46:10    -2397.941554        0.290429
MDMin:  3803 12:46:12    -2397.941577        0.289992
MDMin:  3804 12:46:14    -2397.941299        1.024920
MDMin:  3805 12:46:16    -2397.941689        0.290598
MDMin:  3806 12:46:18    -2397.941712        0.290164
MDMin:  3807 12:46:19    -2397.941436        1.024434
MDMin:  3808 12:46:21    -2397.941825        0.290755
MDMin:  3809 12:46:23    -2397.941848        0.290324
MDMin:  3810 12:46:25    -2397.941573        1.023902
MDMin:  3811 12:46:27    -2397.941961        0.290900
MDMin:  3812 12:46:28    -2397.941984        0.290472
MDMin:  3813 12:46:29    -2397.941709        1.023333
MDMin:  3814 12:46:31    -2397.942098        0.291034
MDMin:  3815 12:46:32    -2397.942121        0.290609
MDMin:  3816 12:46:34    -2397.941844        1.022733
MDMin:  3817 12:46:36    -2397.942236        0.291158
MDMin:  3818 12:46:37    -2397.942259        0.290736
MDMin:  3819 12:46:39    -2397.941977        1.022107
MDMin:  3820 12:46:41    -2397.942374        0.291271
MDMin:  3821 12:46:44    -2397.942397        0.290852
MDMin:  3822 12:46:46    -2397.942110        1.021459
MDMin:  3823 12:46:47    -2397.942512        0.291376
MDMin:  3824 12:46:48    -2397.942536        0.290960
MDMin:  3825 12:46:50    -2397.942240        1.020793
MDMin:  3826 12:46:52    -2397.942652        0.291472
MDMin:  3827 12:46:53    -2397.942675        0.291058
MDMin:  3828 12:46:54    -2397.942369        1.020110
MDMin:  3829 12:46:56    -2397.942792        0.291559
MDMin:  3830 12:46:58    -2397.942815        0.291148
MDMin:  3831 12:46:59    -2397.942496        1.019413
MDMin:  3832 12:47:00    -2397.942932        0.291639
MDMin:  3833 12:47:02    -2397.942956        0.291230
MDMin:  3834 12:47:03    -2397.942621        1.018705
MDMin:  3835 12:47:04    -2397.943073        0.291711
MDMin:  3836 12:47:06    -2397.943097        0.291305
MDMin:  3837 12:47:08    -2397.942745        1.017987
MDMin:  3838 12:47:10    -2397.943215        0.291776
MDMin:  3839 12:47:12    -2397.943239        0.291373
MDMin:  3840 12:47:14    -2397.942867        1.017259
MDMin:  3841 12:47:16    -2397.943358        0.291835
MDMin:  3842 12:47:17    -2397.943382        0.291434
MDMin:  3843 12:47:19    -2397.942987        1.016524
MDMin:  3844 12:47:20    -2397.943501        0.291887
MDMin:  3845 12:47:22    -2397.943525        0.291488
MDMin:  3846 12:47:23    -2397.943106        1.015781
MDMin:  3847 12:47:25    -2397.943644        0.291933
MDMin:  3848 12:47:27    -2397.943647        1.016777
MDMin:  3849 12:47:29    -2397.943729        0.293576
MDMin:  3850 12:47:31    -2397.943753        0.293193
MDMin:  3851 12:47:33    -2397.943827        0.292020
MDMin:  3852 12:47:35    -2397.943263        1.013032
MDMin:  3853 12:47:37    -2397.943762        1.014238
MDMin:  3854 12:47:38    -2397.944087        0.294544
MDMin:  3855 12:47:40    -2397.944112        0.294174
MDMin:  3856 12:47:42    -2397.944187        0.293039
MDMin:  3857 12:47:43    -2397.943973        1.011509
MDMin:  3858 12:47:45    -2397.944347        0.292209
MDMin:  3859 12:47:46    -2397.944324        1.012091
MDMin:  3860 12:47:48    -2397.944433        0.293775
MDMin:  3861 12:47:49    -2397.944458        0.293402
MDMin:  3862 12:47:50    -2397.944534        0.292261
MDMin:  3863 12:47:51    -2397.943902        1.008493
MDMin:  3864 12:47:53    -2397.944400        1.009726
MDMin:  3865 12:47:55    -2397.944799        0.294656
MDMin:  3866 12:47:56    -2397.944825        0.294296
MDMin:  3867 12:47:58    -2397.944901        0.293193
MDMin:  3868 12:47:59    -2397.944586        1.007100
MDMin:  3869 12:48:01    -2397.945066        0.292372
MDMin:  3870 12:48:03    -2397.944934        1.007706
MDMin:  3871 12:48:05    -2397.945153        0.293873
MDMin:  3872 12:48:07    -2397.945179        0.293510
MDMin:  3873 12:48:09    -2397.945240        1.007106
MDMin:  3874 12:48:11    -2397.945304        0.293792
MDMin:  3875 12:48:13    -2397.945330        0.293431
MDMin:  3876 12:48:15    -2397.945329        1.006019
MDMin:  3877 12:48:16    -2397.945455        0.293712
MDMin:  3878 12:48:18    -2397.945481        0.293352
MDMin:  3879 12:48:20    -2397.945415        1.004973
MDMin:  3880 12:48:22    -2397.945607        0.293633
MDMin:  3881 12:48:23    -2397.945633        0.293273
MDMin:  3882 12:48:26    -2397.945499        1.003962
MDMin:  3883 12:48:28    -2397.945759        0.293554
MDMin:  3884 12:48:30    -2397.945785        0.293196
MDMin:  3885 12:48:32    -2397.945581        1.002980
MDMin:  3886 12:48:34    -2397.945912        0.293475
MDMin:  3887 12:48:36    -2397.945939        0.293119
MDMin:  3888 12:48:37    -2397.945662        1.002023
MDMin:  3889 12:48:38    -2397.946066        0.293397
MDMin:  3890 12:48:40    -2397.946093        0.293042
MDMin:  3891 12:48:41    -2397.945742        1.001086
MDMin:  3892 12:48:43    -2397.946221        0.293320
MDMin:  3893 12:48:45    -2397.946248        0.292966
MDMin:  3894 12:48:46    -2397.945822        1.000167
MDMin:  3895 12:48:48    -2397.946377        0.293243
MDMin:  3896 12:48:50    -2397.946338        1.001132
MDMin:  3897 12:48:52    -2397.946467        0.294572
MDMin:  3898 12:48:54    -2397.946494        0.294234
MDMin:  3899 12:48:55    -2397.946575        0.293194
MDMin:  3900 12:48:57    -2397.945892        0.997063
MDMin:  3901 12:48:59    -2397.946384        0.998300
MDMin:  3902 12:49:01    -2397.946855        0.298865
MDMin:  3903 12:49:02    -2397.946882        0.295404
MDMin:  3904 12:49:04    -2397.946964        0.293848
MDMin:  3905 12:49:06    -2397.946526        0.995336
MDMin:  3906 12:49:08    -2397.947013        0.996539
MDMin:  3907 12:49:10    -2397.947246        0.304522
MDMin:  3908 12:49:12    -2397.947274        0.300984
MDMin:  3909 12:49:14    -2397.947357        0.294401
MDMin:  3910 12:49:16    -2397.947148        0.993234
MDMin:  3911 12:49:18    -2397.947534        0.293598
MDMin:  3912 12:49:20    -2397.947483        0.993773
MDMin:  3913 12:49:22    -2397.947626        0.295451
MDMin:  3914 12:49:24    -2397.947654        0.294499
MDMin:  3915 12:49:25    -2397.947738        0.293500
MDMin:  3916 12:49:27    -2397.946991        0.989726
MDMin:  3917 12:49:29    -2397.947480        0.990982
MDMin:  3918 12:49:30    -2397.948026        0.301943
MDMin:  3919 12:49:31    -2397.948054        0.298488
MDMin:  3920 12:49:33    -2397.948140        0.294031
MDMin:  3921 12:49:35    -2397.947587        0.988023
MDMin:  3922 12:49:37    -2397.948072        0.989245
MDMin:  3923 12:49:38    -2397.948430        0.307308
MDMin:  3924 12:49:40    -2397.948459        0.303780
MDMin:  3925 12:49:42    -2397.948545        0.294482
MDMin:  3926 12:49:44    -2397.948177        0.985928
MDMin:  3927 12:49:45    -2397.948658        0.987126
MDMin:  3928 12:49:46    -2397.948838        0.311808
MDMin:  3929 12:49:48    -2397.948867        0.308228
MDMin:  3930 12:49:49    -2397.948955        0.297671
MDMin:  3931 12:49:51    -2397.948753        0.983560
MDMin:  3932 12:49:53    -2397.949139        0.294064
MDMin:  3933 12:49:55    -2397.949081        0.984077
MDMin:  3934 12:49:57    -2397.949235        0.301898
MDMin:  3935 12:49:59    -2397.949264        0.298507
MDMin:  3936 12:50:01    -2397.949333        0.983155
MDMin:  3937 12:50:02    -2397.949402        0.300028
MDMin:  3938 12:50:04    -2397.949432        0.296678
MDMin:  3939 12:50:06    -2397.949367        0.981773
MDMin:  3940 12:50:08    -2397.949570        0.298348
MDMin:  3941 12:50:10    -2397.949600        0.295033
MDMin:  3942 12:50:12    -2397.949399        0.980469
MDMin:  3943 12:50:14    -2397.949739        0.296833
MDMin:  3944 12:50:16    -2397.949769        0.294244
MDMin:  3945 12:50:18    -2397.949429        0.979229
MDMin:  3946 12:50:19    -2397.949909        0.295466
MDMin:  3947 12:50:21    -2397.949915        0.980099
MDMin:  3948 12:50:22    -2397.950006        0.307496
MDMin:  3949 12:50:24    -2397.950036        0.304043
MDMin:  3950 12:50:26    -2397.950126        0.294176
MDMin:  3951 12:50:29    -2397.949392        0.975497
MDMin:  3952 12:50:31    -2397.949872        0.976744
MDMin:  3953 12:50:33    -2397.950430        0.312263
MDMin:  3954 12:50:35    -2397.950461        0.308747
MDMin:  3955 12:50:37    -2397.950552        0.298374
MDMin:  3956 12:50:39    -2397.949928        0.973372
MDMin:  3957 12:50:40    -2397.950405        0.974596
MDMin:  3958 12:50:41    -2397.950859        0.316225
MDMin:  3959 12:50:43    -2397.950890        0.312665
MDMin:  3960 12:50:44    -2397.950982        0.302155
MDMin:  3961 12:50:46    -2397.950455        0.970975
MDMin:  3962 12:50:48    -2397.950930        0.972183
MDMin:  3963 12:50:50    -2397.951292        0.319565
MDMin:  3964 12:50:52    -2397.951323        0.315971
MDMin:  3965 12:50:53    -2397.951416        0.305362
MDMin:  3966 12:50:54    -2397.950971        0.968386
MDMin:  3967 12:50:56    -2397.951443        0.969584
MDMin:  3968 12:50:59    -2397.951729        0.322408
MDMin:  3969 12:51:01    -2397.951760        0.318792
MDMin:  3970 12:51:03    -2397.951855        0.308111
MDMin:  3971 12:51:05    -2397.951472        0.965660
MDMin:  3972 12:51:07    -2397.951943        0.966850
MDMin:  3973 12:51:09    -2397.952170        0.324849
MDMin:  3974 12:51:11    -2397.952202        0.321217
MDMin:  3975 12:51:12    -2397.952298        0.310486
MDMin:  3976 12:51:14    -2397.951960        0.962832
MDMin:  3977 12:51:16    -2397.952429        0.964018
MDMin:  3978 12:51:18    -2397.952616        0.326959
MDMin:  3979 12:51:20    -2397.952648        0.323316
MDMin:  3980 12:51:22    -2397.952745        0.312552
MDMin:  3981 12:51:24    -2397.952435        0.959929
MDMin:  3982 12:51:25    -2397.952902        0.961113
MDMin:  3983 12:51:27    -2397.953066        0.328791
MDMin:  3984 12:51:28    -2397.953099        0.325143
MDMin:  3985 12:51:30    -2397.953196        0.314359
MDMin:  3986 12:51:32    -2397.952896        0.956969
MDMin:  3987 12:51:34    -2397.953362        0.958152
MDMin:  3988 12:51:35    -2397.953521        0.330391
MDMin:  3989 12:51:37    -2397.953553        0.326740
MDMin:  3990 12:51:39    -2397.953652        0.315945
MDMin:  3991 12:51:41    -2397.953345        0.953967
MDMin:  3992 12:51:43    -2397.953810        0.955151
MDMin:  3993 12:51:45    -2397.953979        0.331790
MDMin:  3994 12:51:47    -2397.954013        0.328140
MDMin:  3995 12:51:49    -2397.954113        0.317344
MDMin:  3996 12:51:50    -2397.953782        0.950932
MDMin:  3997 12:51:52    -2397.954246        0.952118
MDMin:  3998 12:51:54    -2397.954443        0.333018
MDMin:  3999 12:51:55    -2397.954476        0.329370
MDMin:  4000 12:51:57    -2397.954577        0.318579
MDMin:  4001 12:51:59    -2397.954208        0.947873
MDMin:  4002 12:52:01    -2397.954670        0.949062
MDMin:  4003 12:52:03    -2397.954910        0.334096
MDMin:  4004 12:52:05    -2397.954944        0.330453
MDMin:  4005 12:52:07    -2397.955046        0.319672
MDMin:  4006 12:52:09    -2397.954622        0.944797
MDMin:  4007 12:52:11    -2397.955083        0.945988
MDMin:  4008 12:52:13    -2397.955382        0.335045
MDMin:  4009 12:52:15    -2397.955417        0.331407
MDMin:  4010 12:52:17    -2397.955520        0.320641
MDMin:  4011 12:52:19    -2397.955025        0.941707
MDMin:  4012 12:52:21    -2397.955486        0.942902
MDMin:  4013 12:52:23    -2397.955859        0.335879
MDMin:  4014 12:52:24    -2397.955894        0.332248
MDMin:  4015 12:52:25    -2397.955998        0.321500
MDMin:  4016 12:52:27    -2397.955418        0.938609
MDMin:  4017 12:52:29    -2397.955878        0.939807
MDMin:  4018 12:52:31    -2397.956340        0.336612
MDMin:  4019 12:52:33    -2397.956375        0.332989
MDMin:  4020 12:52:35    -2397.956481        0.322262
MDMin:  4021 12:52:36    -2397.955801        0.935504
MDMin:  4022 12:52:38    -2397.956260        0.936706
MDMin:  4023 12:52:40    -2397.956826        0.337256
MDMin:  4024 12:52:42    -2397.956861        0.333641
MDMin:  4025 12:52:44    -2397.956968        0.322938
MDMin:  4026 12:52:46    -2397.956174        0.932396
MDMin:  4027 12:52:47    -2397.956632        0.933601
MDMin:  4028 12:52:49    -2397.957316        0.337819
MDMin:  4029 12:52:51    -2397.957352        0.334214
MDMin:  4030 12:52:53    -2397.957360        0.933378
MDMin:  4031 12:52:55    -2397.957514        0.333663
MDMin:  4032 12:52:57    -2397.957550        0.330126
MDMin:  4033 12:52:59    -2397.957309        0.931305
MDMin:  4034 12:53:00    -2397.957713        0.329879
MDMin:  4035 12:53:02    -2397.957731        0.931872
MDMin:  4036 12:53:04    -2397.957823        0.340211
MDMin:  4037 12:53:05    -2397.957860        0.336593
MDMin:  4038 12:53:07    -2397.957901        0.930108
MDMin:  4039 12:53:08    -2397.958023        0.335924
MDMin:  4040 12:53:10    -2397.958059        0.332375
MDMin:  4041 12:53:12    -2397.957841        0.928010
MDMin:  4042 12:53:14    -2397.958224        0.332014
MDMin:  4043 12:53:16    -2397.958258        0.928564
MDMin:  4044 12:53:18    -2397.958335        0.342245
MDMin:  4045 12:53:19    -2397.958372        0.338619
MDMin:  4046 12:53:21    -2397.958419        0.926777
MDMin:  4047 12:53:23    -2397.958537        0.337848
MDMin:  4048 12:53:25    -2397.958573        0.334293
MDMin:  4049 12:53:27    -2397.958352        0.924657
MDMin:  4050 12:53:29    -2397.958739        0.333834
MDMin:  4051 12:53:31    -2397.958765        0.925201
MDMin:  4052 12:53:33    -2397.958852        0.343973
MDMin:  4053 12:53:35    -2397.958889        0.340344
MDMin:  4054 12:53:37    -2397.958920        0.923396
MDMin:  4055 12:53:38    -2397.959055        0.339489
MDMin:  4056 12:53:40    -2397.959092        0.335930
MDMin:  4057 12:53:41    -2397.958847        0.921260
MDMin:  4058 12:53:42    -2397.959259        0.335390
MDMin:  4059 12:53:43    -2397.959256        0.921798
MDMin:  4060 12:53:45    -2397.959373        0.345444
MDMin:  4061 12:53:46    -2397.959410        0.341814
MDMin:  4062 12:53:48    -2397.959405        0.919980
MDMin:  4063 12:53:50    -2397.959578        0.340889
MDMin:  4064 12:53:52    -2397.959615        0.337331
MDMin:  4065 12:53:54    -2397.959326        0.917831
MDMin:  4066 12:53:56    -2397.959784        0.336722
MDMin:  4067 12:53:58    -2397.959732        0.918365
MDMin:  4068 12:53:59    -2397.959898        0.346697
MDMin:  4069 12:54:01    -2397.959936        0.343071
MDMin:  4070 12:54:03    -2397.959876        0.916539
MDMin:  4071 12:54:04    -2397.960105        0.342086
MDMin:  4072 12:54:06    -2397.960143        0.338531
MDMin:  4073 12:54:07    -2397.959791        0.914381
MDMin:  4074 12:54:09    -2397.960313        0.337864
MDMin:  4075 12:54:10    -2397.960194        0.914913
MDMin:  4076 12:54:12    -2397.960428        0.347766
MDMin:  4077 12:54:14    -2397.960466        0.344144
MDMin:  4078 12:54:15    -2397.960332        0.913082
MDMin:  4079 12:54:16    -2397.960637        0.343110
MDMin:  4080 12:54:18    -2397.960675        0.339560
MDMin:  4081 12:54:20    -2397.960242        0.910918
MDMin:  4082 12:54:22    -2397.960804        0.912308
MDMin:  4083 12:54:24    -2397.960992        0.363465
MDMin:  4084 12:54:26    -2397.961030        0.359659
MDMin:  4085 12:54:28    -2397.961146        0.348360
MDMin:  4086 12:54:30    -2397.960801        0.906881
MDMin:  4087 12:54:31    -2397.961240        0.907976
MDMin:  4088 12:54:32    -2397.961519        0.360209
MDMin:  4089 12:54:34    -2397.961558        0.356468
MDMin:  4090 12:54:36    -2397.961675        0.345364
MDMin:  4091 12:54:38    -2397.961064        0.902661
MDMin:  4092 12:54:40    -2397.961504        0.903791
MDMin:  4093 12:54:42    -2397.962051        0.357563
MDMin:  4094 12:54:43    -2397.962090        0.353875
MDMin:  4095 12:54:45    -2397.962160        0.903127
MDMin:  4096 12:54:47    -2397.962265        0.352289
MDMin:  4097 12:54:48    -2397.962304        0.348678
MDMin:  4098 12:54:50    -2397.962056        0.900758
MDMin:  4099 12:54:51    -2397.962480        0.347448
MDMin:  4100 12:54:52    -2397.962441        0.901197
MDMin:  4101 12:54:54    -2397.962599        0.356870
MDMin:  4102 12:54:56    -2397.962638        0.353211
MDMin:  4103 12:54:58    -2397.962556        0.899195
MDMin:  4104 12:54:59    -2397.962815        0.351696
MDMin:  4105 12:55:01    -2397.962854        0.348112
MDMin:  4106 12:55:02    -2397.962443        0.896888
MDMin:  4107 12:55:04    -2397.962990        0.898235
MDMin:  4108 12:55:06    -2397.963180        0.370780
MDMin:  4109 12:55:08    -2397.963220        0.366969
MDMin:  4110 12:55:09    -2397.963340        0.355644
MDMin:  4111 12:55:10    -2397.962935        0.892585
MDMin:  4112 12:55:12    -2397.963367        0.893663
MDMin:  4113 12:55:14    -2397.963726        0.366609
MDMin:  4114 12:55:16    -2397.963767        0.362871
MDMin:  4115 12:55:18    -2397.963888        0.351766
MDMin:  4116 12:55:20    -2397.963145        0.888199
MDMin:  4117 12:55:22    -2397.963579        0.889317
MDMin:  4118 12:55:24    -2397.964277        0.363164
MDMin:  4119 12:55:26    -2397.964318        0.359486
MDMin:  4120 12:55:27    -2397.964205        0.888590
MDMin:  4121 12:55:28    -2397.964498        0.357636
MDMin:  4122 12:55:30    -2397.964539        0.354035
MDMin:  4123 12:55:31    -2397.964078        0.886175
MDMin:  4124 12:55:33    -2397.964615        0.887488
MDMin:  4125 12:55:35    -2397.964873        0.375808
MDMin:  4126 12:55:37    -2397.964914        0.371999
MDMin:  4127 12:55:39    -2397.965037        0.360671
MDMin:  4128 12:55:41    -2397.964526        0.881675
MDMin:  4129 12:55:43    -2397.964954        0.882741
MDMin:  4130 12:55:44    -2397.965433        0.371008
MDMin:  4131 12:55:46    -2397.965474        0.367277
MDMin:  4132 12:55:48    -2397.965566        0.881742
MDMin:  4133 12:55:50    -2397.965658        0.365002
MDMin:  4134 12:55:52    -2397.965699        0.361351
MDMin:  4135 12:55:54    -2397.965428        0.879165
MDMin:  4136 12:55:56    -2397.965884        0.359463
MDMin:  4137 12:55:58    -2397.965789        0.879506
MDMin:  4138 12:56:00    -2397.966008        0.368248
MDMin:  4139 12:56:01    -2397.966050        0.364569
MDMin:  4140 12:56:03    -2397.965869        0.877336
MDMin:  4141 12:56:05    -2397.966235        0.362488
MDMin:  4142 12:56:06    -2397.966227        0.877629
MDMin:  4143 12:56:08    -2397.966360        0.371140
MDMin:  4144 12:56:10    -2397.966402        0.367439
MDMin:  4145 12:56:12    -2397.966308        0.875369
MDMin:  4146 12:56:13    -2397.966588        0.365197
MDMin:  4147 12:56:15    -2397.966630        0.361574
MDMin:  4148 12:56:17    -2397.966157        0.872854
MDMin:  4149 12:56:19    -2397.966682        0.874128
MDMin:  4150 12:56:20    -2397.966972        0.382276
MDMin:  4151 12:56:21    -2397.967014        0.378467
MDMin:  4152 12:56:23    -2397.967142        0.367132
MDMin:  4153 12:56:25    -2397.966543        0.868160
MDMin:  4154 12:56:27    -2397.966964        0.869208
MDMin:  4155 12:56:29    -2397.967550        0.376696
MDMin:  4156 12:56:31    -2397.967593        0.372971
MDMin:  4157 12:56:32    -2397.967547        0.868141
MDMin:  4158 12:56:33    -2397.967781        0.370441
MDMin:  4159 12:56:35    -2397.967824        0.366796
MDMin:  4160 12:56:37    -2397.967388        0.865522
MDMin:  4161 12:56:39    -2397.967904        0.866759
MDMin:  4162 12:56:40    -2397.968171        0.386781
MDMin:  4163 12:56:42    -2397.968214        0.382964
MDMin:  4164 12:56:43    -2397.968344        0.371599
MDMin:  4165 12:56:45    -2397.967743        0.860630
MDMin:  4166 12:56:46    -2397.968159        0.861661
MDMin:  4167 12:56:48    -2397.968759        0.380640
MDMin:  4168 12:56:50    -2397.968802        0.376911
MDMin:  4169 12:56:52    -2397.968725        0.860522
MDMin:  4170 12:56:53    -2397.968994        0.374201
MDMin:  4171 12:56:55    -2397.969037        0.370551
MDMin:  4172 12:56:57    -2397.968555        0.857864
MDMin:  4173 12:56:59    -2397.969064        0.859081
MDMin:  4174 12:57:01    -2397.969390        0.389995
MDMin:  4175 12:57:03    -2397.969433        0.386185
MDMin:  4176 12:57:05    -2397.969566        0.374833
MDMin:  4177 12:57:07    -2397.968877        0.852898
MDMin:  4178 12:57:09    -2397.969290        0.853919
MDMin:  4179 12:57:11    -2397.969987        0.383489
MDMin:  4180 12:57:13    -2397.970031        0.379767
MDMin:  4181 12:57:15    -2397.969840        0.852754
MDMin:  4182 12:57:16    -2397.970226        0.376939
MDMin:  4183 12:57:18    -2397.970171        0.852918
MDMin:  4184 12:57:20    -2397.970357        0.384855
MDMin:  4185 12:57:22    -2397.970402        0.381131
MDMin:  4186 12:57:24    -2397.970218        0.850450
MDMin:  4187 12:57:26    -2397.970597        0.378244
MDMin:  4188 12:57:28    -2397.970546        0.850606
MDMin:  4189 12:57:30    -2397.970729        0.386098
MDMin:  4190 12:57:32    -2397.970774        0.382372
MDMin:  4191 12:57:33    -2397.970587        0.848130
MDMin:  4192 12:57:35    -2397.970970        0.379433
MDMin:  4193 12:57:36    -2397.970913        0.848280
MDMin:  4194 12:57:38    -2397.971103        0.387228
MDMin:  4195 12:57:40    -2397.971148        0.383502
MDMin:  4196 12:57:41    -2397.970950        0.845797
MDMin:  4197 12:57:43    -2397.971345        0.380516
MDMin:  4198 12:57:45    -2397.971273        0.845942
MDMin:  4199 12:57:47    -2397.971478        0.388256
MDMin:  4200 12:57:48    -2397.971524        0.384532
MDMin:  4201 12:57:50    -2397.971306        0.843455
MDMin:  4202 12:57:52    -2397.971722        0.381504
MDMin:  4203 12:57:54    -2397.971627        0.843596
MDMin:  4204 12:57:55    -2397.971856        0.389193
MDMin:  4205 12:57:57    -2397.971901        0.385470
MDMin:  4206 12:57:59    -2397.971655        0.841106
MDMin:  4207 12:58:01    -2397.972100        0.382406
MDMin:  4208 12:58:03    -2397.971974        0.841243
MDMin:  4209 12:58:05    -2397.972235        0.390046
MDMin:  4210 12:58:07    -2397.972280        0.386325
MDMin:  4211 12:58:08    -2397.971999        0.838752
MDMin:  4212 12:58:10    -2397.972480        0.383230
MDMin:  4213 12:58:12    -2397.972316        0.838887
MDMin:  4214 12:58:14    -2397.972615        0.390824
MDMin:  4215 12:58:16    -2397.972661        0.387106
MDMin:  4216 12:58:18    -2397.972337        0.836397
MDMin:  4217 12:58:20    -2397.972819        0.837491
MDMin:  4218 12:58:22    -2397.973028        0.404425
MDMin:  4219 12:58:24    -2397.973074        0.400587
MDMin:  4220 12:58:25    -2397.973213        0.389132
MDMin:  4221 12:58:27    -2397.972574        0.830826
MDMin:  4222 12:58:29    -2397.972974        0.831783
MDMin:  4223 12:58:31    -2397.973654        0.396202
MDMin:  4224 12:58:33    -2397.973700        0.392464
MDMin:  4225 12:58:35    -2397.973474        0.830393
MDMin:  4226 12:58:37    -2397.973904        0.389092
MDMin:  4227 12:58:39    -2397.973781        0.830474
MDMin:  4228 12:58:41    -2397.974041        0.396417
MDMin:  4229 12:58:42    -2397.974088        0.392688
MDMin:  4230 12:58:44    -2397.973791        0.827902
MDMin:  4231 12:58:45    -2397.974265        0.828959
MDMin:  4232 12:58:46    -2397.974460        0.409313
MDMin:  4233 12:58:48    -2397.974507        0.405474
MDMin:  4234 12:58:50    -2397.974649        0.394010
MDMin:  4235 12:58:52    -2397.973993        0.822193
MDMin:  4236 12:58:54    -2397.974387        0.823130
MDMin:  4237 12:58:56    -2397.975098        0.400563
MDMin:  4238 12:58:58    -2397.975145        0.396825
MDMin:  4239 12:59:00    -2397.974867        0.821684
MDMin:  4240 12:59:02    -2397.975334        0.822714
MDMin:  4241 12:59:04    -2397.975522        0.412947
MDMin:  4242 12:59:06    -2397.975569        0.409108
MDMin:  4243 12:59:08    -2397.975713        0.397640
MDMin:  4244 12:59:10    -2397.975045        0.815875
MDMin:  4245 12:59:11    -2397.975435        0.816796
MDMin:  4246 12:59:13    -2397.976167        0.403814
MDMin:  4247 12:59:14    -2397.976215        0.400078
MDMin:  4248 12:59:16    -2397.975901        0.815310
MDMin:  4249 12:59:18    -2397.976363        0.816322
MDMin:  4250 12:59:20    -2397.976597        0.415800
MDMin:  4251 12:59:21    -2397.976645        0.411969
MDMin:  4252 12:59:23    -2397.976790        0.400519
MDMin:  4253 12:59:25    -2397.976052        0.809472
MDMin:  4254 12:59:26    -2397.976439        0.810382
MDMin:  4255 12:59:28    -2397.977251        0.406398
MDMin:  4256 12:59:30    -2397.977299        0.402669
MDMin:  4257 12:59:31    -2397.976891        0.808883
MDMin:  4258 12:59:32    -2397.977349        0.809882
MDMin:  4259 12:59:34    -2397.977686        0.418064
MDMin:  4260 12:59:35    -2397.977734        0.414245
MDMin:  4261 12:59:37    -2397.977882        0.402828
MDMin:  4262 12:59:39    -2397.977017        0.803057
MDMin:  4263 12:59:41    -2397.977401        0.803959
MDMin:  4264 12:59:43    -2397.978348        0.408471
MDMin:  4265 12:59:45    -2397.978349        0.805436
MDMin:  4266 12:59:47    -2397.978292        0.651766
MDMin:  4267 12:59:49    -2397.976625        0.646387
MDMin:  4268 12:59:51    -2397.973875        0.637605
MDMin:  4269 12:59:53    -2397.970076        0.625595
MDMin:  4270 12:59:54    -2397.965304        0.610571
MDMin:  4271 12:59:56    -2397.959681        0.592787
MDMin:  4272 12:59:58    -2397.953371        0.572620
MDMin:  4273 12:59:59    -2397.946567        0.551226
MDMin:  4274 13:00:02    -2397.939473        0.538567
MDMin:  4275 13:00:03    -2397.932291        0.524023
MDMin:  4276 13:00:04    -2397.925196        0.507702
MDMin:  4277 13:00:06    -2397.918331        0.489801
MDMin:  4278 13:00:08    -2397.911802        0.470587
MDMin:  4279 13:00:10    -2397.905686        0.450378
MDMin:  4280 13:00:13    -2397.900034        0.429519
MDMin:  4281 13:00:15    -2397.894886        0.408362
MDMin:  4282 13:00:16    -2397.890277        0.400661
MDMin:  4283 13:00:17    -2397.886244        0.413709
MDMin:  4284 13:00:18    -2397.882827        0.423452
MDMin:  4285 13:00:20    -2397.880063        0.429525
MDMin:  4286 13:00:21    -2397.877983        0.431664
MDMin:  4287 13:00:22    -2397.876595        0.429742
MDMin:  4288 13:00:23    -2397.875886        0.423800
MDMin:  4289 13:00:25    -2397.875807        0.414076
MDMin:  4290 13:00:26    -2397.876287        0.401012
MDMin:  4291 13:00:27    -2397.877208        0.401969
MDMin:  4292 13:00:29    -2397.875392        1.169458
MDMin:  4293 13:00:31    -2397.869712        0.440317
MDMin:  4294 13:00:33    -2397.869736        0.435301
MDMin:  4295 13:00:35    -2397.869780        0.439779
MDMin:  4296 13:00:37    -2397.869860        0.445089
MDMin:  4297 13:00:39    -2397.869993        0.451078
MDMin:  4298 13:00:41    -2397.870196        0.457563
MDMin:  4299 13:00:43    -2397.870484        0.464301
MDMin:  4300 13:00:44    -2397.870868        0.470986
MDMin:  4301 13:00:46    -2397.871355        0.477237
MDMin:  4302 13:00:47    -2397.871951        0.482592
MDMin:  4303 13:00:49    -2397.872654        0.486510
MDMin:  4304 13:00:51    -2397.873464        0.488378
MDMin:  4305 13:00:53    -2397.874371        0.490945
MDMin:  4306 13:00:54    -2397.873686        1.201551
MDMin:  4307 13:00:55    -2397.867281        0.524252
MDMin:  4308 13:00:57    -2397.867325        0.497271
MDMin:  4309 13:00:58    -2397.867393        0.497722
MDMin:  4310 13:01:00    -2397.867504        0.497668
MDMin:  4311 13:01:02    -2397.867677        0.496753
MDMin:  4312 13:01:03    -2397.867928        0.494540
MDMin:  4313 13:01:06    -2397.868271        0.490514
MDMin:  4314 13:01:07    -2397.868715        0.484091
MDMin:  4315 13:01:09    -2397.869270        0.474646
MDMin:  4316 13:01:11    -2397.869938        0.471406
MDMin:  4317 13:01:13    -2397.870720        0.473647
MDMin:  4318 13:01:15    -2397.871612        0.472717
MDMin:  4319 13:01:18    -2397.872604        0.468160
MDMin:  4320 13:01:20    -2397.873684        0.459742
MDMin:  4321 13:01:22    -2397.874830        0.447533
MDMin:  4322 13:01:24    -2397.876017        0.431969
MDMin:  4323 13:01:25    -2397.875802        1.185783
MDMin:  4324 13:01:27    -2397.868912        0.515637
MDMin:  4325 13:01:29    -2397.868878        0.421483
MDMin:  4326 13:01:31    -2397.868839        0.421268
MDMin:  4327 13:01:33    -2397.868806        0.421054
MDMin:  4328 13:01:35    -2397.868793        0.420874
MDMin:  4329 13:01:36    -2397.868814        0.420761
MDMin:  4330 13:01:37    -2397.868881        0.420754
MDMin:  4331 13:01:38    -2397.869000        0.420888
MDMin:  4332 13:01:40    -2397.869177        0.421181
MDMin:  4333 13:01:41    -2397.869409        0.421601
MDMin:  4334 13:01:43    -2397.869693        0.422001
MDMin:  4335 13:01:44    -2397.870015        0.422010
MDMin:  4336 13:01:45    -2397.870359        0.420830
MDMin:  4337 13:01:46    -2397.870701        0.416902
MDMin:  4338 13:01:48    -2397.871013        0.407416
MDMin:  4339 13:01:49    -2397.871265        0.387750
MDMin:  4340 13:01:50    -2397.871424        0.360207
MDMin:  4341 13:01:51    -2397.871461        0.429562
MDMin:  4342 13:01:53    -2397.871349        0.474427
MDMin:  4343 13:01:54    -2397.871064        0.452457
MDMin:  4344 13:01:55    -2397.870566        0.293052
MDMin:  4345 13:01:57    -2397.869765        0.463267
MDMin:  4346 13:01:59    -2397.868800        0.934314
MDMin:  4347 13:02:00    -2397.868201        1.107594
MDMin:  4348 13:02:02    -2397.867547        0.932077
MDMin:  4349 13:02:03    -2397.866722        0.684392
MDMin:  4350 13:02:05    -2397.865656        0.441604
MDMin:  4351 13:02:06    -2397.864299        0.380629
MDMin:  4352 13:02:07    -2397.862639        0.366518
MDMin:  4353 13:02:09    -2397.860677        0.323084
MDMin:  4354 13:02:11    -2397.858493        0.356794
MDMin:  4355 13:02:12    -2397.856386        0.671826
MDMin:  4356 13:02:14    -2397.855705        0.306311
MDMin:  4357 13:02:16    -2397.855049        0.316195
MDMin:  4358 13:02:18    -2397.854288        0.325941
MDMin:  4359 13:02:20    -2397.853411        0.334797
MDMin:  4360 13:02:21    -2397.852415        0.341921
MDMin:  4361 13:02:23    -2397.851293        0.346390
MDMin:  4362 13:02:25    -2397.850041        0.347204
MDMin:  4363 13:02:26    -2397.848656        0.343307
MDMin:  4364 13:02:28    -2397.847131        0.333636
MDMin:  4365 13:02:30    -2397.845462        0.317252
MDMin:  4366 13:02:32    -2397.843642        0.293598
MDMin:  4367 13:02:34    -2397.841664        0.262893
MDMin:  4368 13:02:36    -2397.839517        0.276807
MDMin:  4369 13:02:37    -2397.837185        0.286547
MDMin:  4370 13:02:39    -2397.834647        0.300924
MDMin:  4371 13:02:40    -2397.831876        0.320381
MDMin:  4372 13:02:41    -2397.828841        0.340890
MDMin:  4373 13:02:42    -2397.825515        0.361770
MDMin:  4374 13:02:44    -2397.821886        0.381825
MDMin:  4375 13:02:45    -2397.817952        0.399332
MDMin:  4376 13:02:47    -2397.813705        0.412225
MDMin:  4377 13:02:49    -2397.809144        0.418400
MDMin:  4378 13:02:51    -2397.804259        0.416210
MDMin:  4379 13:02:53    -2397.799382        0.488653
MDMin:  4380 13:02:55    -2397.795978        0.665126
MDMin:  4381 13:02:56    -2397.795094        0.392394
MDMin:  4382 13:02:59    -2397.793795        0.387669
MDMin:  4383 13:03:01    -2397.792248        0.381791
MDMin:  4384 13:03:03    -2397.790461        0.374664
MDMin:  4385 13:03:04    -2397.788427        0.366207
MDMin:  4386 13:03:06    -2397.786138        0.356378
MDMin:  4387 13:03:07    -2397.783585        0.345190
MDMin:  4388 13:03:09    -2397.780756        0.340789
MDMin:  4389 13:03:10    -2397.777640        0.355133
MDMin:  4390 13:03:12    -2397.774226        0.370593
MDMin:  4391 13:03:13    -2397.770499        0.386936
MDMin:  4392 13:03:14    -2397.766445        0.403742
MDMin:  4393 13:03:16    -2397.762049        0.420332
MDMin:  4394 13:03:18    -2397.757290        0.435676
MDMin:  4395 13:03:20    -2397.752147        0.448331
MDMin:  4396 13:03:22    -2397.746590        0.456447
MDMin:  4397 13:03:23    -2397.740579        0.457944
MDMin:  4398 13:03:26    -2397.734064        0.450902
MDMin:  4399 13:03:28    -2397.726988        0.434214
MDMin:  4400 13:03:30    -2397.719287        0.408232
MDMin:  4401 13:03:31    -2397.710945        0.375041
MDMin:  4402 13:03:32    -2397.702110        0.348596
MDMin:  4403 13:03:34    -2397.694925        0.686651
MDMin:  4404 13:03:36    -2397.692771        0.302496
MDMin:  4405 13:03:39    -2397.690001        0.292677
MDMin:  4406 13:03:41    -2397.686871        0.288327
MDMin:  4407 13:03:43    -2397.683359        0.298079
MDMin:  4408 13:03:45    -2397.679472        0.309327
MDMin:  4409 13:03:47    -2397.675217        0.322084
MDMin:  4410 13:03:49    -2397.670612        0.336228
MDMin:  4411 13:03:51    -2397.665686        0.351414
MDMin:  4412 13:03:53    -2397.660486        0.366950
MDMin:  4413 13:03:54    -2397.655076        0.381655
MDMin:  4414 13:03:56    -2397.649556        0.393759
MDMin:  4415 13:03:58    -2397.644058        0.400921
MDMin:  4416 13:04:00    -2397.638787        0.400487
MDMin:  4417 13:04:02    -2397.634022        0.390092
MDMin:  4418 13:04:04    -2397.630227        0.373929
MDMin:  4419 13:04:06    -2397.627976        0.399449
MDMin:  4420 13:04:08    -2397.627922        0.417343
MDMin:  4421 13:04:10    -2397.629267        0.426104
MDMin:  4422 13:04:12    -2397.630950        0.430330
MDMin:  4423 13:04:14    -2397.633241        0.434014
MDMin:  4424 13:04:16    -2397.636524        0.437496
MDMin:  4425 13:04:18    -2397.641026        0.440700
MDMin:  4426 13:04:20    -2397.646950        0.443560
MDMin:  4427 13:04:22    -2397.654399        0.446081
MDMin:  4428 13:04:24    -2397.663336        0.448348
MDMin:  4429 13:04:25    -2397.673529        0.450523
MDMin:  4430 13:04:27    -2397.684554        0.452844
MDMin:  4431 13:04:29    -2397.695840        0.455602
MDMin:  4432 13:04:31    -2397.706790        0.459101
MDMin:  4433 13:04:33    -2397.716888        0.463540
MDMin:  4434 13:04:34    -2397.725770        0.468760
MDMin:  4435 13:04:35    -2397.733113        0.473650
MDMin:  4436 13:04:37    -2397.738180        0.475803
MDMin:  4437 13:04:38    -2397.740551        0.475273
MDMin:  4438 13:04:40    -2397.742407        0.474012
MDMin:  4439 13:04:41    -2397.744320        0.471654
MDMin:  4440 13:04:42    -2397.746299        0.467367
MDMin:  4441 13:04:44    -2397.748314        0.459876
MDMin:  4442 13:04:46    -2397.750332        0.447404
MDMin:  4443 13:04:48    -2397.752330        0.427760
MDMin:  4444 13:04:50    -2397.754290        0.438005
MDMin:  4445 13:04:51    -2397.756203        0.481883
MDMin:  4446 13:04:53    -2397.758069        0.507480
MDMin:  4447 13:04:55    -2397.759908        0.490390
MDMin:  4448 13:04:57    -2397.761763        0.384915
MDMin:  4449 13:04:59    -2397.763727        0.298670
MDMin:  4450 13:05:01    -2397.765779        0.519174
MDMin:  4451 13:05:03    -2397.766356        0.263766
MDMin:  4452 13:05:05    -2397.766627        0.289626
MDMin:  4453 13:05:07    -2397.766996        0.287040
MDMin:  4454 13:05:09    -2397.767465        0.266519
MDMin:  4455 13:05:10    -2397.768038        0.246402
MDMin:  4456 13:05:12    -2397.768714        0.225727
MDMin:  4457 13:05:14    -2397.769501        0.216815
MDMin:  4458 13:05:16    -2397.770397        0.209992
MDMin:  4459 13:05:18    -2397.771193        0.279580
MDMin:  4460 13:05:19    -2397.771566        0.203428
MDMin:  4461 13:05:21    -2397.771989        0.198858
MDMin:  4462 13:05:22    -2397.772522        0.193976
MDMin:  4463 13:05:24    -2397.773171        0.189226
MDMin:  4464 13:05:25    -2397.773944        0.183698
MDMin:  4465 13:05:27    -2397.774854        0.177408
MDMin:  4466 13:05:29    -2397.775906        0.173256
MDMin:  4467 13:05:31    -2397.777083        0.262720
MDMin:  4468 13:05:33    -2397.778048        0.294888
MDMin:  4469 13:05:35    -2397.778646        0.172448
MDMin:  4470 13:05:37    -2397.779271        0.394350
MDMin:  4471 13:05:38    -2397.779069        0.173031
MDMin:  4472 13:05:41    -2397.779415        0.173226
MDMin:  4473 13:05:43    -2397.779520        0.381463
MDMin:  4474 13:05:45    -2397.779705        0.173665
MDMin:  4475 13:05:46    -2397.780017        0.173836
MDMin:  4476 13:05:48    -2397.779459        0.372143
MDMin:  4477 13:05:50    -2397.780285        0.174243
MDMin:  4478 13:05:52    -2397.780365        0.364365
MDMin:  4479 13:05:53    -2397.780441        0.174539
MDMin:  4480 13:05:55    -2397.780720        0.174687
MDMin:  4481 13:05:57    -2397.779994        0.358297
MDMin:  4482 13:05:59    -2397.780969        0.175061
MDMin:  4483 13:06:01    -2397.780771        0.351623
MDMin:  4484 13:06:03    -2397.781126        0.175347
MDMin:  4485 13:06:04    -2397.781355        0.346345
MDMin:  4486 13:06:06    -2397.781264        0.175614
MDMin:  4487 13:06:07    -2397.781541        0.175754
MDMin:  4488 13:06:09    -2397.780827        0.341631
MDMin:  4489 13:06:11    -2397.781801        0.176117
MDMin:  4490 13:06:12    -2397.781514        0.335768
MDMin:  4491 13:06:14    -2397.781966        0.176395
MDMin:  4492 13:06:15    -2397.782027        0.331088
MDMin:  4493 13:06:17    -2397.782115        0.176656
MDMin:  4494 13:06:19    -2397.782398        0.176791
MDMin:  4495 13:06:21    -2397.781397        0.327077
MDMin:  4496 13:06:23    -2397.782678        0.177147
MDMin:  4497 13:06:24    -2397.782018        0.321781
MDMin:  4498 13:06:25    -2397.782857        0.177418
MDMin:  4499 13:06:26    -2397.782473        0.317566
MDMin:  4500 13:06:28    -2397.783019        0.177672
MDMin:  4501 13:06:30    -2397.782884        0.313683
MDMin:  4502 13:06:32    -2397.783180        0.177921
MDMin:  4503 13:06:34    -2397.783273        0.309984
MDMin:  4504 13:06:36    -2397.783343        0.178167
MDMin:  4505 13:06:38    -2397.783635        0.178295
MDMin:  4506 13:06:40    -2397.782492        0.306972
MDMin:  4507 13:06:42    -2397.783839        0.305076
MDMin:  4508 13:06:44    -2397.783711        0.178849
MDMin:  4509 13:06:46    -2397.784111        0.179017
MDMin:  4510 13:06:47    -2397.783362        0.296841
MDMin:  4511 13:06:48    -2397.784529        0.179408
MDMin:  4512 13:06:50    -2397.783942        0.294346
MDMin:  4513 13:06:51    -2397.784752        0.179665
MDMin:  4514 13:06:53    -2397.784284        0.293205
MDMin:  4515 13:06:55    -2397.784948        0.179900
MDMin:  4516 13:06:56    -2397.784577        0.291808
MDMin:  4517 13:06:58    -2397.785141        0.180908
MDMin:  4518 13:06:59    -2397.784852        0.290278
MDMin:  4519 13:07:00    -2397.785337        0.182822
MDMin:  4520 13:07:01    -2397.785112        0.288663
MDMin:  4521 13:07:03    -2397.785536        0.184694
MDMin:  4522 13:07:05    -2397.785360        0.286992
MDMin:  4523 13:07:08    -2397.785738        0.186529
MDMin:  4524 13:07:10    -2397.785596        0.285285
MDMin:  4525 13:07:12    -2397.785943        0.188327
MDMin:  4526 13:07:14    -2397.785820        0.283555
MDMin:  4527 13:07:16    -2397.786152        0.190091
MDMin:  4528 13:07:17    -2397.786033        0.281812
MDMin:  4529 13:07:19    -2397.786364        0.191824
MDMin:  4530 13:07:21    -2397.786234        0.280064
MDMin:  4531 13:07:23    -2397.786579        0.193527
MDMin:  4532 13:07:25    -2397.786424        0.278314
MDMin:  4533 13:07:27    -2397.786799        0.195202
MDMin:  4534 13:07:28    -2397.786604        0.276567
MDMin:  4535 13:07:30    -2397.787021        0.196850
MDMin:  4536 13:07:32    -2397.786773        0.274824
MDMin:  4537 13:07:33    -2397.787248        0.198473
MDMin:  4538 13:07:35    -2397.786932        0.273088
MDMin:  4539 13:07:36    -2397.787478        0.200072
MDMin:  4540 13:07:38    -2397.787080        0.271358
MDMin:  4541 13:07:40    -2397.787713        0.201648
MDMin:  4542 13:07:42    -2397.787219        0.269637
MDMin:  4543 13:07:44    -2397.787951        0.203201
MDMin:  4544 13:07:45    -2397.787349        0.267925
MDMin:  4545 13:07:46    -2397.788193        0.204734
MDMin:  4546 13:07:48    -2397.787469        0.266221
MDMin:  4547 13:07:49    -2397.788425        0.269736
MDMin:  4548 13:07:50    -2397.788292        0.213077
MDMin:  4549 13:07:52    -2397.788700        0.209518
MDMin:  4550 13:07:54    -2397.787347        0.257763
MDMin:  4551 13:07:56    -2397.788565        0.262877
MDMin:  4552 13:07:58    -2397.789065        0.217970
MDMin:  4553 13:08:00    -2397.789242        0.261463
MDMin:  4554 13:08:02    -2397.789426        0.218579
MDMin:  4555 13:08:04    -2397.789358        0.259184
MDMin:  4556 13:08:06    -2397.789700        0.219692
MDMin:  4557 13:08:07    -2397.789406        0.256993
MDMin:  4558 13:08:09    -2397.789968        0.220860
MDMin:  4559 13:08:11    -2397.789440        0.254949
MDMin:  4560 13:08:12    -2397.790239        0.222033
MDMin:  4561 13:08:13    -2397.789465        0.253025
MDMin:  4562 13:08:14    -2397.790365        0.256626
MDMin:  4563 13:08:16    -2397.790393        0.230142
MDMin:  4564 13:08:18    -2397.790779        0.254349
MDMin:  4565 13:08:20    -2397.790738        0.230593
MDMin:  4566 13:08:22    -2397.790808        0.251760
MDMin:  4567 13:08:23    -2397.791025        0.231463
MDMin:  4568 13:08:25    -2397.790794        0.249384
MDMin:  4569 13:08:27    -2397.791309        0.232387
MDMin:  4570 13:08:29    -2397.790769        0.247220
MDMin:  4571 13:08:30    -2397.791597        0.233327
MDMin:  4572 13:08:32    -2397.790738        0.245218
MDMin:  4573 13:08:33    -2397.791604        0.248876
MDMin:  4574 13:08:35    -2397.791783        0.241244
MDMin:  4575 13:08:37    -2397.791954        0.246700
MDMin:  4576 13:08:39    -2397.792145        0.241451
MDMin:  4577 13:08:42    -2397.791925        0.244090
MDMin:  4578 13:08:43    -2397.792447        0.242121
MDMin:  4579 13:08:45    -2397.791857        0.241703
MDMin:  4580 13:08:47    -2397.792700        0.245266
MDMin:  4581 13:08:48    -2397.792651        0.249807
MDMin:  4582 13:08:50    -2397.793006        0.242851
MDMin:  4583 13:08:52    -2397.793020        0.249784
MDMin:  4584 13:08:54    -2397.792937        0.240073
MDMin:  4585 13:08:55    -2397.793331        0.250264
MDMin:  4586 13:08:57    -2397.792832        0.237567
MDMin:  4587 13:08:58    -2397.793641        0.250814
MDMin:  4588 13:09:00    -2397.792720        0.235319
MDMin:  4589 13:09:02    -2397.793538        0.238982
MDMin:  4590 13:09:03    -2397.793868        0.258349
MDMin:  4591 13:09:05    -2397.793799        0.236837
MDMin:  4592 13:09:07    -2397.794249        0.258169
MDMin:  4593 13:09:08    -2397.793687        0.234131
MDMin:  4594 13:09:10    -2397.794490        0.237625
MDMin:  4595 13:09:11    -2397.794490        0.265437
MDMin:  4596 13:09:13    -2397.794722        0.235062
MDMin:  4597 13:09:15    -2397.794874        0.265047
MDMin:  4598 13:09:17    -2397.794581        0.232111
MDMin:  4599 13:09:19    -2397.795201        0.265212
MDMin:  4600 13:09:21    -2397.794409        0.229481
MDMin:  4601 13:09:23    -2397.795190        0.233041
MDMin:  4602 13:09:25    -2397.795453        0.272345
MDMin:  4603 13:09:26    -2397.795386        0.230732
MDMin:  4604 13:09:28    -2397.795844        0.271830
MDMin:  4605 13:09:30    -2397.795212        0.227859
MDMin:  4606 13:09:31    -2397.795980        0.231315
MDMin:  4607 13:09:33    -2397.796108        0.278731
MDMin:  4608 13:09:35    -2397.796150        0.228786
MDMin:  4609 13:09:37    -2397.796502        0.278049
MDMin:  4610 13:09:39    -2397.795949        0.225765
MDMin:  4611 13:09:40    -2397.796702        0.229167
MDMin:  4612 13:09:42    -2397.796773        0.284759
MDMin:  4613 13:09:43    -2397.796846        0.226582
MDMin:  4614 13:09:44    -2397.797170        0.283934
MDMin:  4615 13:09:47    -2397.796620        0.223796
MDMin:  4616 13:09:48    -2397.797358        0.226872
MDMin:  4617 13:09:50    -2397.797448        0.290470
MDMin:  4618 13:09:53    -2397.797477        0.224305
MDMin:  4619 13:09:54    -2397.797848        0.289522
MDMin:  4620 13:09:56    -2397.797228        0.224068
MDMin:  4621 13:09:58    -2397.797952        0.224552
MDMin:  4622 13:10:00    -2397.798133        0.295898
MDMin:  4623 13:10:02    -2397.798048        0.222033
MDMin:  4624 13:10:04    -2397.798535        0.294841
MDMin:  4625 13:10:06    -2397.797776        0.224406
MDMin:  4626 13:10:08    -2397.798487        0.222258
MDMin:  4627 13:10:10    -2397.798826        0.301069
MDMin:  4628 13:10:12    -2397.798561        0.222097
MDMin:  4629 13:10:13    -2397.799231        0.299916
MDMin:  4630 13:10:15    -2397.798267        0.224767
MDMin:  4631 13:10:18    -2397.798966        0.220756
MDMin:  4632 13:10:20    -2397.799528        0.306004
MDMin:  4633 13:10:22    -2397.799019        0.222455
MDMin:  4634 13:10:24    -2397.799729        0.220825
MDMin:  4635 13:10:26    -2397.799876        0.311444
MDMin:  4636 13:10:28    -2397.799779        0.221004
MDMin:  4637 13:10:30    -2397.800284        0.310011
MDMin:  4638 13:10:32    -2397.799447        0.224021
MDMin:  4639 13:10:33    -2397.800123        0.220279
MDMin:  4640 13:10:35    -2397.800586        0.315743
MDMin:  4641 13:10:37    -2397.800139        0.222215
MDMin:  4642 13:10:38    -2397.800824        0.218667
MDMin:  4643 13:10:40    -2397.800936        0.320836
MDMin:  4644 13:10:42    -2397.800837        0.221070
MDMin:  4645 13:10:43    -2397.801344        0.319202
MDMin:  4646 13:10:44    -2397.800468        0.224177
MDMin:  4647 13:10:46    -2397.801124        0.220579
MDMin:  4648 13:10:47    -2397.801650        0.324630
MDMin:  4649 13:10:49    -2397.801106        0.222514
MDMin:  4650 13:10:50    -2397.801768        0.219096
MDMin:  4651 13:10:52    -2397.802001        0.329430
MDMin:  4652 13:10:55    -2397.801746        0.221453
MDMin:  4653 13:10:57    -2397.802398        0.218236
MDMin:  4654 13:10:58    -2397.802351        0.334008
MDMin:  4655 13:11:00    -2397.802360        0.220865
MDMin:  4656 13:11:02    -2397.802759        0.332091
MDMin:  4657 13:11:03    -2397.801942        0.224138
MDMin:  4658 13:11:05    -2397.802570        0.220762
MDMin:  4659 13:11:06    -2397.803067        0.337072
MDMin:  4660 13:11:07    -2397.802506        0.222750
MDMin:  4661 13:11:09    -2397.803138        0.219528
MDMin:  4662 13:11:10    -2397.803416        0.342297
MDMin:  4663 13:11:12    -2397.803069        0.221861
MDMin:  4664 13:11:13    -2397.803692        0.218807
MDMin:  4665 13:11:15    -2397.803763        0.348209
MDMin:  4666 13:11:17    -2397.803608        0.221364
MDMin:  4667 13:11:19    -2397.804169        0.343513
MDMin:  4668 13:11:21    -2397.803146        0.224661
MDMin:  4669 13:11:23    -2397.803749        0.221417
MDMin:  4670 13:11:25    -2397.804478        0.349847
MDMin:  4671 13:11:26    -2397.803644        0.223326
MDMin:  4672 13:11:28    -2397.804249        0.220232
MDMin:  4673 13:11:30    -2397.804824        0.355887
MDMin:  4674 13:11:31    -2397.804139        0.222466
MDMin:  4675 13:11:32    -2397.804735        0.219525
MDMin:  4676 13:11:34    -2397.805167        0.361372
MDMin:  4677 13:11:36    -2397.804611        0.221972
MDMin:  4678 13:11:38    -2397.805199        0.219142
MDMin:  4679 13:11:40    -2397.805508        0.366464
MDMin:  4680 13:11:42    -2397.805062        0.221707
MDMin:  4681 13:11:44    -2397.805643        0.218960
MDMin:  4682 13:11:45    -2397.805846        0.371252
MDMin:  4683 13:11:47    -2397.805493        0.221587
MDMin:  4684 13:11:48    -2397.806066        0.218904
MDMin:  4685 13:11:50    -2397.806181        0.375796
MDMin:  4686 13:11:51    -2397.805904        0.221557
MDMin:  4687 13:11:53    -2397.806469        0.218928
MDMin:  4688 13:11:55    -2397.806512        0.380133
MDMin:  4689 13:11:57    -2397.806295        0.221587
MDMin:  4690 13:11:58    -2397.806853        0.219002
MDMin:  4691 13:12:00    -2397.806841        0.384293
MDMin:  4692 13:12:01    -2397.806668        0.221654
MDMin:  4693 13:12:02    -2397.807219        0.219109
MDMin:  4694 13:12:03    -2397.807168        0.388295
MDMin:  4695 13:12:05    -2397.807023        0.221746
MDMin:  4696 13:12:07    -2397.807566        0.381752
MDMin:  4697 13:12:09    -2397.806449        0.225205
MDMin:  4698 13:12:11    -2397.806989        0.222362
MDMin:  4699 13:12:12    -2397.807864        0.387633
MDMin:  4700 13:12:14    -2397.806782        0.224225
MDMin:  4701 13:12:16    -2397.807321        0.221499
MDMin:  4702 13:12:18    -2397.808188        0.392252
MDMin:  4703 13:12:20    -2397.807107        0.223601
MDMin:  4704 13:12:22    -2397.807639        0.220980
MDMin:  4705 13:12:23    -2397.808510        0.396492
MDMin:  4706 13:12:25    -2397.807415        0.223238
MDMin:  4707 13:12:28    -2397.807941        0.220694
MDMin:  4708 13:12:29    -2397.808828        0.400456
MDMin:  4709 13:12:30    -2397.807707        0.223041
MDMin:  4710 13:12:31    -2397.808227        0.220555
MDMin:  4711 13:12:32    -2397.809144        0.404207
MDMin:  4712 13:12:34    -2397.807983        0.222951
MDMin:  4713 13:12:36    -2397.808496        0.220510
MDMin:  4714 13:12:37    -2397.809452        0.216456
MDMin:  4715 13:12:39    -2397.809326        0.421330
MDMin:  4716 13:12:40    -2397.809560        0.218829
MDMin:  4717 13:12:41    -2397.809740        0.413304
MDMin:  4718 13:12:43    -2397.808912        0.222878
MDMin:  4719 13:12:45    -2397.809409        0.220542
MDMin:  4720 13:12:46    -2397.810021        0.417074
MDMin:  4721 13:12:48    -2397.809129        0.222949
MDMin:  4722 13:12:50    -2397.809623        0.220626
MDMin:  4723 13:12:51    -2397.810322        0.420148
MDMin:  4724 13:12:53    -2397.809337        0.223024
MDMin:  4725 13:12:55    -2397.809826        0.220727
MDMin:  4726 13:12:57    -2397.810620        0.423118
MDMin:  4727 13:12:59    -2397.809532        0.223120
MDMin:  4728 13:13:01    -2397.810016        0.220845
MDMin:  4729 13:13:03    -2397.810916        0.425999
MDMin:  4730 13:13:05    -2397.809714        0.223228
MDMin:  4731 13:13:06    -2397.810193        0.220974
MDMin:  4732 13:13:08    -2397.811099        0.217141
MDMin:  4733 13:13:10    -2397.811058        0.441576
MDMin:  4734 13:13:12    -2397.811153        0.219293
MDMin:  4735 13:13:14    -2397.811461        0.433700
MDMin:  4736 13:13:16    -2397.810447        0.223338
MDMin:  4737 13:13:18    -2397.810913        0.221149
MDMin:  4738 13:13:20    -2397.811731        0.436653
MDMin:  4739 13:13:22    -2397.810581        0.223478
MDMin:  4740 13:13:24    -2397.811044        0.221298
MDMin:  4741 13:13:26    -2397.811926        0.217549
MDMin:  4742 13:13:27    -2397.811851        0.451534
MDMin:  4743 13:13:29    -2397.811953        0.219566
MDMin:  4744 13:13:31    -2397.812249        0.443743
MDMin:  4745 13:13:32    -2397.811218        0.223597
MDMin:  4746 13:13:34    -2397.811669        0.221474
MDMin:  4747 13:13:35    -2397.812512        0.446308
MDMin:  4748 13:13:37    -2397.811312        0.223758
MDMin:  4749 13:13:39    -2397.811760        0.221643
MDMin:  4750 13:13:41    -2397.812620        0.217965
MDMin:  4751 13:13:42    -2397.812612        0.460573
MDMin:  4752 13:13:44    -2397.812624        0.219862
MDMin:  4753 13:13:46    -2397.813006        0.452880
MDMin:  4754 13:13:48    -2397.811862        0.223887
MDMin:  4755 13:13:50    -2397.812300        0.221822
MDMin:  4756 13:13:52    -2397.813145        0.218199
MDMin:  4757 13:13:54    -2397.813081        0.466953
MDMin:  4758 13:13:56    -2397.813131        0.220024
MDMin:  4759 13:13:58    -2397.813472        0.459315
MDMin:  4760 13:14:00    -2397.812351        0.224040
MDMin:  4761 13:14:02    -2397.812779        0.222017
MDMin:  4762 13:14:03    -2397.813611        0.218441
MDMin:  4763 13:14:05    -2397.813536        0.472922
MDMin:  4764 13:14:06    -2397.813582        0.220197
MDMin:  4765 13:14:08    -2397.813924        0.465344
MDMin:  4766 13:14:09    -2397.812784        0.224210
MDMin:  4767 13:14:11    -2397.813204        0.222225
MDMin:  4768 13:14:13    -2397.814023        0.218691
MDMin:  4769 13:14:15    -2397.813977        0.478521
MDMin:  4770 13:14:16    -2397.813979        0.220384
MDMin:  4771 13:14:17    -2397.814362        0.471006
MDMin:  4772 13:14:19    -2397.813165        0.224395
MDMin:  4773 13:14:20    -2397.813576        0.222445
MDMin:  4774 13:14:22    -2397.814383        0.218949
MDMin:  4775 13:14:24    -2397.814404        0.483785
MDMin:  4776 13:14:26    -2397.814325        0.220580
MDMin:  4777 13:14:28    -2397.814726        0.218991
MDMin:  4778 13:14:29    -2397.814649        0.483759
MDMin:  4779 13:14:31    -2397.814274        0.221904
MDMin:  4780 13:14:33    -2397.814672        0.220221
MDMin:  4781 13:14:35    -2397.814889        0.484135
MDMin:  4782 13:14:37    -2397.814216        0.222878
MDMin:  4783 13:14:39    -2397.814612        0.221133
MDMin:  4784 13:14:40    -2397.815129        0.484740
MDMin:  4785 13:14:41    -2397.814153        0.223617
MDMin:  4786 13:14:43    -2397.814547        0.221832
MDMin:  4787 13:14:45    -2397.815327        0.218587
MDMin:  4788 13:14:46    -2397.815148        0.496131
MDMin:  4789 13:14:48    -2397.815237        0.220348
MDMin:  4790 13:14:49    -2397.815527        0.488694
MDMin:  4791 13:14:51    -2397.814373        0.224426
MDMin:  4792 13:14:52    -2397.814760        0.222618
MDMin:  4793 13:14:53    -2397.815530        0.219306
MDMin:  4794 13:14:55    -2397.815538        0.500060
MDMin:  4795 13:14:57    -2397.815430        0.220876
MDMin:  4796 13:14:59    -2397.815808        0.219383
MDMin:  4797 13:15:01    -2397.815763        0.499712
MDMin:  4798 13:15:02    -2397.815311        0.222264
MDMin:  4799 13:15:04    -2397.815687        0.220676
MDMin:  4800 13:15:06    -2397.815990        0.499644
MDMin:  4801 13:15:08    -2397.815188        0.223302
MDMin:  4802 13:15:10    -2397.815562        0.221651
MDMin:  4803 13:15:12    -2397.816216        0.499824
MDMin:  4804 13:15:13    -2397.815061        0.224102
MDMin:  4805 13:15:15    -2397.815433        0.222408
MDMin:  4806 13:15:17    -2397.816181        0.219261
MDMin:  4807 13:15:19    -2397.816203        0.510285
MDMin:  4808 13:15:21    -2397.816055        0.220887
MDMin:  4809 13:15:23    -2397.816418        0.219464
MDMin:  4810 13:15:25    -2397.816417        0.509690
MDMin:  4811 13:15:26    -2397.815895        0.222370
MDMin:  4812 13:15:28    -2397.816256        0.220849
MDMin:  4813 13:15:30    -2397.816636        0.509319
MDMin:  4814 13:15:31    -2397.815731        0.223487
MDMin:  4815 13:15:33    -2397.816091        0.221899
MDMin:  4816 13:15:35    -2397.816821        0.218919
MDMin:  4817 13:15:37    -2397.816605        0.518905
MDMin:  4818 13:15:39    -2397.816670        0.220647
MDMin:  4819 13:15:41    -2397.816979        0.511643
MDMin:  4820 13:15:42    -2397.815740        0.224773
MDMin:  4821 13:15:44    -2397.816095        0.223126
MDMin:  4822 13:15:46    -2397.816819        0.220011
MDMin:  4823 13:15:48    -2397.816949        0.521296
MDMin:  4824 13:15:50    -2397.816662        0.221468
MDMin:  4825 13:15:52    -2397.817010        0.220083
MDMin:  4826 13:15:54    -2397.817151        0.520584
MDMin:  4827 13:15:56    -2397.816455        0.222912
MDMin:  4828 13:15:58    -2397.816802        0.221437
MDMin:  4829 13:16:00    -2397.817363        0.519984
MDMin:  4830 13:16:02    -2397.816246        0.224021
MDMin:  4831 13:16:04    -2397.816591        0.222483
MDMin:  4832 13:16:06    -2397.817299        0.219551
MDMin:  4833 13:16:08    -2397.817310        0.528978
MDMin:  4834 13:16:10    -2397.817122        0.221165
MDMin:  4835 13:16:12    -2397.817460        0.219847
MDMin:  4836 13:16:14    -2397.817506        0.528006
MDMin:  4837 13:16:16    -2397.816885        0.222746
MDMin:  4838 13:16:17    -2397.817222        0.221331
MDMin:  4839 13:16:19    -2397.817714        0.527134
MDMin:  4840 13:16:21    -2397.816646        0.223962
MDMin:  4841 13:16:23    -2397.816982        0.222478
MDMin:  4842 13:16:25    -2397.817676        0.219622
MDMin:  4843 13:16:26    -2397.817647        0.535610
MDMin:  4844 13:16:28    -2397.817480        0.221241
MDMin:  4845 13:16:30    -2397.817810        0.219959
MDMin:  4846 13:16:32    -2397.817838        0.534499
MDMin:  4847 13:16:33    -2397.817216        0.222859
MDMin:  4848 13:16:35    -2397.817544        0.221481
MDMin:  4849 13:16:36    -2397.818043        0.533450
MDMin:  4850 13:16:37    -2397.816950        0.224114
MDMin:  4851 13:16:39    -2397.817278        0.222666
MDMin:  4852 13:16:41    -2397.817959        0.219856
MDMin:  4853 13:16:43    -2397.817966        0.541532
MDMin:  4854 13:16:44    -2397.817746        0.221444
MDMin:  4855 13:16:46    -2397.818068        0.220187
MDMin:  4856 13:16:47    -2397.818152        0.540329
MDMin:  4857 13:16:49    -2397.817458        0.223074
MDMin:  4858 13:16:51    -2397.817778        0.221725
MDMin:  4859 13:16:52    -2397.818355        0.539143
MDMin:  4860 13:16:54    -2397.817167        0.224349
MDMin:  4861 13:16:56    -2397.817487        0.222931
MDMin:  4862 13:16:58    -2397.818157        0.220154
MDMin:  4863 13:17:00    -2397.818268        0.546893
MDMin:  4864 13:17:02    -2397.817929        0.221704
MDMin:  4865 13:17:04    -2397.818244        0.220470
MDMin:  4866 13:17:06    -2397.818450        0.545622
MDMin:  4867 13:17:08    -2397.817618        0.223340
MDMin:  4868 13:17:09    -2397.817932        0.222016
MDMin:  4869 13:17:10    -2397.818590        0.219409
MDMin:  4870 13:17:12    -2397.818355        0.552624
MDMin:  4871 13:17:13    -2397.818344        0.221151
MDMin:  4872 13:17:15    -2397.818653        0.219973
MDMin:  4873 13:17:16    -2397.818536        0.551096
MDMin:  4874 13:17:17    -2397.818011        0.222928
MDMin:  4875 13:17:18    -2397.818318        0.221653
MDMin:  4876 13:17:20    -2397.818737        0.549560
MDMin:  4877 13:17:21    -2397.817677        0.224328
MDMin:  4878 13:17:22    -2397.817984        0.222979
MDMin:  4879 13:17:23    -2397.818633        0.220301
MDMin:  4880 13:17:25    -2397.818635        0.556599
MDMin:  4881 13:17:26    -2397.818376        0.221855
MDMin:  4882 13:17:28    -2397.818679        0.220668
MDMin:  4883 13:17:30    -2397.818813        0.555137
MDMin:  4884 13:17:32    -2397.818024        0.223538
MDMin:  4885 13:17:34    -2397.818326        0.222265
MDMin:  4886 13:17:36    -2397.818966        0.219725
MDMin:  4887 13:17:38    -2397.818706        0.561562
MDMin:  4888 13:17:40    -2397.818692        0.221434
MDMin:  4889 13:17:41    -2397.818990        0.220293
MDMin:  4890 13:17:43    -2397.818883        0.559893
MDMin:  4891 13:17:45    -2397.818321        0.223232
MDMin:  4892 13:17:47    -2397.818617        0.221999
MDMin:  4893 13:17:49    -2397.819084        0.558160
MDMin:  4894 13:17:51    -2397.817949        0.224667
MDMin:  4895 13:17:53    -2397.818245        0.223362
MDMin:  4896 13:17:55    -2397.818877        0.220738
MDMin:  4897 13:17:56    -2397.818972        0.564706
MDMin:  4898 13:17:58    -2397.818595        0.222249
MDMin:  4899 13:18:00    -2397.818888        0.221094
MDMin:  4900 13:18:02    -2397.819147        0.563137
MDMin:  4901 13:18:03    -2397.818209        0.223943
MDMin:  4902 13:18:05    -2397.818500        0.222707
MDMin:  4903 13:18:06    -2397.819124        0.220210
MDMin:  4904 13:18:08    -2397.819032        0.569131
MDMin:  4905 13:18:09    -2397.818826        0.221869
MDMin:  4906 13:18:10    -2397.819115        0.220756
MDMin:  4907 13:18:11    -2397.819207        0.567377
MDMin:  4908 13:18:12    -2397.818423        0.223674
MDMin:  4909 13:18:14    -2397.818709        0.222474
MDMin:  4910 13:18:15    -2397.819325        0.220039
MDMin:  4911 13:18:17    -2397.819088        0.573025
MDMin:  4912 13:18:18    -2397.819014        0.221749
MDMin:  4913 13:18:20    -2397.819299        0.220660
MDMin:  4914 13:18:22    -2397.819263        0.571161
MDMin:  4915 13:18:25    -2397.818595        0.223599
MDMin:  4916 13:18:27    -2397.818877        0.222423
MDMin:  4917 13:18:29    -2397.819466        0.569172
MDMin:  4918 13:18:31    -2397.818173        0.225096
MDMin:  4919 13:18:33    -2397.818455        0.223850
MDMin:  4920 13:18:35    -2397.819066        0.221300
MDMin:  4921 13:18:37    -2397.819345        0.575089
MDMin:  4922 13:18:39    -2397.818750        0.222774
MDMin:  4923 13:18:41    -2397.819031        0.221660
MDMin:  4924 13:18:43    -2397.819519        0.573381
MDMin:  4925 13:18:45    -2397.818319        0.224490
MDMin:  4926 13:18:47    -2397.818597        0.223303
MDMin:  4927 13:18:49    -2397.819201        0.220864
MDMin:  4928 13:18:51    -2397.819396        0.578832
MDMin:  4929 13:18:53    -2397.818872        0.222471
MDMin:  4930 13:18:55    -2397.819149        0.221393
MDMin:  4931 13:18:57    -2397.819571        0.576971
MDMin:  4932 13:18:59    -2397.818425        0.224285
MDMin:  4933 13:19:01    -2397.818700        0.223129
MDMin:  4934 13:19:03    -2397.819297        0.220744
MDMin:  4935 13:19:05    -2397.819445        0.582134
MDMin:  4936 13:19:07    -2397.818956        0.222396
MDMin:  4937 13:19:09    -2397.819229        0.221340
MDMin:  4938 13:19:10    -2397.819621        0.580183
MDMin:  4939 13:19:12    -2397.818496        0.224251
MDMin:  4940 13:19:13    -2397.818766        0.223115
MDMin:  4941 13:19:15    -2397.819357        0.220762
MDMin:  4942 13:19:17    -2397.819495        0.585138
MDMin:  4943 13:19:19    -2397.819006        0.222427
MDMin:  4944 13:19:21    -2397.819275        0.221385
MDMin:  4945 13:19:23    -2397.819672        0.583128
MDMin:  4946 13:19:24    -2397.818532        0.224301
MDMin:  4947 13:19:26    -2397.818799        0.223181
MDMin:  4948 13:19:28    -2397.819384        0.220849
MDMin:  4949 13:19:29    -2397.819545        0.587915
MDMin:  4950 13:19:31    -2397.819023        0.222514
MDMin:  4951 13:19:33    -2397.819289        0.221483
MDMin:  4952 13:19:34    -2397.819723        0.585862
MDMin:  4953 13:19:36    -2397.818537        0.224397
MDMin:  4954 13:19:38    -2397.818800        0.223289
MDMin:  4955 13:19:40    -2397.819380        0.220976
MDMin:  4956 13:19:42    -2397.819596        0.590505
MDMin:  4957 13:19:43    -2397.819009        0.222634
MDMin:  4958 13:19:44    -2397.819273        0.221612
MDMin:  4959 13:19:46    -2397.819776        0.588418
MDMin:  4960 13:19:47    -2397.818511        0.224522
MDMin:  4961 13:19:49    -2397.818772        0.223426
MDMin:  4962 13:19:51    -2397.819346        0.221128
MDMin:  4963 13:19:53    -2397.819649        0.592935
MDMin:  4964 13:19:55    -2397.818967        0.222776
MDMin:  4965 13:19:57    -2397.819227        0.221764
MDMin:  4966 13:19:59    -2397.819797        0.219656
MDMin:  4967 13:20:01    -2397.819485        0.597339
MDMin:  4968 13:20:03    -2397.819404        0.221602
MDMin:  4969 13:20:05    -2397.819661        0.220650
MDMin:  4970 13:20:07    -2397.819669        0.594920
MDMin:  4971 13:20:08    -2397.818879        0.223703
MDMin:  4972 13:20:10    -2397.819133        0.222665
MDMin:  4973 13:20:13    -2397.819695        0.220478
MDMin:  4974 13:20:14    -2397.819544        0.598874
MDMin:  4975 13:20:16    -2397.819291        0.222255
MDMin:  4976 13:20:18    -2397.819546        0.221281
MDMin:  4977 13:20:20    -2397.819730        0.596555
MDMin:  4978 13:20:22    -2397.818757        0.224244
MDMin:  4979 13:20:24    -2397.819008        0.223194
MDMin:  4980 13:20:25    -2397.819567        0.220975
MDMin:  4981 13:20:27    -2397.819607        0.600562
MDMin:  4982 13:20:29    -2397.819156        0.222669
MDMin:  4983 13:20:30    -2397.819408        0.221691
MDMin:  4984 13:20:32    -2397.819794        0.598286
MDMin:  4985 13:20:33    -2397.818613        0.224612
MDMin:  4986 13:20:35    -2397.818862        0.223563
MDMin:  4987 13:20:37    -2397.819416        0.221336
MDMin:  4988 13:20:39    -2397.819672        0.602277
MDMin:  4989 13:20:41    -2397.819000        0.222988
MDMin:  4990 13:20:43    -2397.819250        0.222011
MDMin:  4991 13:20:44    -2397.819801        0.219955
MDMin:  4992 13:20:46    -2397.819510        0.606253
MDMin:  4993 13:20:48    -2397.819372        0.221882
MDMin:  4994 13:20:50    -2397.819619        0.220960
MDMin:  4995 13:20:52    -2397.819703        0.603720
MDMin:  4996 13:20:54    -2397.818806        0.224000
MDMin:  4997 13:20:56    -2397.819049        0.222998
MDMin:  4998 13:20:58    -2397.819594        0.220862
MDMin:  4999 13:21:00    -2397.819584        0.607264
MDMin:  5000 13:21:02    -2397.819156        0.222620
       Step     Time          Energy          fmax
MDMin:    0 14:55:30    -2394.685860        4.898491
MDMin:    1 14:55:32    -2394.691081        4.962543
MDMin:    2 14:55:34    -2394.706215        5.092412
MDMin:    3 14:55:36    -2394.729753        5.056182
MDMin:    4 14:55:38    -2394.759850        4.468775
MDMin:    5 14:55:40    -2394.795337        3.404064
MDMin:    6 14:55:42    -2394.836048        3.751385
MDMin:    7 14:55:43    -2394.882586        3.760879
MDMin:    8 14:55:45    -2394.938089        2.774253
MDMin:    9 14:55:47    -2395.013985        1.703255
MDMin:   10 14:55:49    -2395.127772        1.689580
MDMin:   11 14:55:51    -2395.284520        1.801581
MDMin:   12 14:55:52    -2395.424764        1.643614
MDMin:   13 14:55:54    -2395.494497        1.473621
MDMin:   14 14:55:55    -2395.530240        1.364213
MDMin:   15 14:55:57    -2395.551824        2.050134
MDMin:   16 14:55:58    -2395.560392        1.071544
MDMin:   17 14:56:00    -2395.567953        1.013328
MDMin:   18 14:56:02    -2395.575429        0.984762
MDMin:   19 14:56:04    -2395.582986        0.995171
MDMin:   20 14:56:06    -2395.590593        0.999406
MDMin:   21 14:56:07    -2395.598315        0.996550
MDMin:   22 14:56:08    -2395.606139        0.988049
MDMin:   23 14:56:10    -2395.614111        0.977995
MDMin:   24 14:56:12    -2395.622066        0.971011
MDMin:   25 14:56:13    -2395.629736        0.967427
MDMin:   26 14:56:15    -2395.636414        0.962627
MDMin:   27 14:56:17    -2395.641817        0.953693
MDMin:   28 14:56:18    -2395.646465        0.940806
MDMin:   29 14:56:20    -2395.651347        0.922137
MDMin:   30 14:56:22    -2395.656718        0.910169
MDMin:   31 14:56:24    -2395.662712        0.906746
MDMin:   32 14:56:26    -2395.669428        0.895288
MDMin:   33 14:56:28    -2395.676966        0.870766
MDMin:   34 14:56:30    -2395.685430        0.829615
MDMin:   35 14:56:31    -2395.694883        0.773858
MDMin:   36 14:56:34    -2395.705270        0.724608
MDMin:   37 14:56:35    -2395.715844        0.756012
MDMin:   38 14:56:37    -2395.725263        0.821999
MDMin:   39 14:56:39    -2395.733081        0.650572
MDMin:   40 14:56:41    -2395.740674        0.627004
MDMin:   41 14:56:42    -2395.749135        0.599743
MDMin:   42 14:56:43    -2395.758872        0.568799
MDMin:   43 14:56:45    -2395.770079        0.557940
MDMin:   44 14:56:47    -2395.782974        0.576193
MDMin:   45 14:56:48    -2395.797742        0.597378
MDMin:   46 14:56:49    -2395.814617        0.637007
MDMin:   47 14:56:51    -2395.833779        0.684068
MDMin:   48 14:56:53    -2395.850543        0.729538
MDMin:   49 14:56:55    -2395.865585        0.759026
MDMin:   50 14:56:57    -2395.880951        0.792894
MDMin:   51 14:56:59    -2395.895656        0.841296
MDMin:   52 14:57:01    -2395.910032        0.891861
MDMin:   53 14:57:03    -2395.925541        0.948132
MDMin:   54 14:57:05    -2395.943453        1.012356
MDMin:   55 14:57:07    -2395.964806        1.083064
MDMin:   56 14:57:08    -2395.990876        1.153446
MDMin:   57 14:57:10    -2396.023312        1.209358
MDMin:   58 14:57:11    -2396.064498        1.232030
MDMin:   59 14:57:13    -2396.117507        1.208015
MDMin:   60 14:57:15    -2396.185372        1.309439
MDMin:   61 14:57:17    -2396.267935        1.360731
MDMin:   62 14:57:19    -2396.357316        1.285092
MDMin:   63 14:57:20    -2396.437734        1.071702
MDMin:   64 14:57:22    -2396.496807        0.809325
MDMin:   65 14:57:24    -2396.532067        0.964084
MDMin:   66 14:57:26    -2396.548121        0.569330
MDMin:   67 14:57:28    -2396.559648        0.519777
MDMin:   68 14:57:30    -2396.563366        0.524835
MDMin:   69 14:57:31    -2396.564024        0.534641
MDMin:   70 14:57:33    -2396.564736        0.545955
MDMin:   71 14:57:35    -2396.565498        0.559955
MDMin:   72 14:57:36    -2396.566306        0.576131
MDMin:   73 14:57:38    -2396.567152        0.595810
MDMin:   74 14:57:39    -2396.568030        0.623703
MDMin:   75 14:57:41    -2396.568933        0.658201
MDMin:   76 14:57:43    -2396.569853        0.698811
MDMin:   77 14:57:45    -2396.570783        0.744104
MDMin:   78 14:57:46    -2396.571713        0.792262
MDMin:   79 14:57:48    -2396.572628        0.842762
MDMin:   80 14:57:49    -2396.573506        0.893095
MDMin:   81 14:57:50    -2396.574301        0.949720
MDMin:   82 14:57:52    -2396.574991        1.028188
MDMin:   83 14:57:53    -2396.575599        1.114548
MDMin:   84 14:57:54    -2396.576177        1.212830
MDMin:   85 14:57:55    -2396.576756        1.320852
MDMin:   86 14:57:57    -2396.577349        1.419307
MDMin:   87 14:57:59    -2396.577959        1.469821
MDMin:   88 14:58:01    -2396.578597        1.443374
MDMin:   89 14:58:03    -2396.579276        1.351733
MDMin:   90 14:58:05    -2396.580013        1.278936
MDMin:   91 14:58:07    -2396.580826        1.179317
MDMin:   92 14:58:09    -2396.581736        1.048828
MDMin:   93 14:58:11    -2396.582755        0.924014
MDMin:   94 14:58:12    -2396.583870        0.834492
MDMin:   95 14:58:14    -2396.584939        0.958900
MDMin:   96 14:58:15    -2396.585639        0.870828
MDMin:   97 14:58:16    -2396.585963        0.723970
MDMin:   98 14:58:18    -2396.586142        0.744728
MDMin:   99 14:58:19    -2396.586348        0.771979
MDMin:  100 14:58:21    -2396.586584        0.806677
MDMin:  101 14:58:22    -2396.586850        0.848340
MDMin:  102 14:58:24    -2396.587147        0.894138
MDMin:  103 14:58:26    -2396.587473        0.938057
MDMin:  104 14:58:27    -2396.587828        0.971576
MDMin:  105 14:58:28    -2396.588212        0.985679
MDMin:  106 14:58:30    -2396.588625        0.973689
MDMin:  107 14:58:31    -2396.589071        0.935241
MDMin:  108 14:58:33    -2396.589549        0.878336
MDMin:  109 14:58:35    -2396.590061        0.813250
MDMin:  110 14:58:36    -2396.590609        0.815665
MDMin:  111 14:58:37    -2396.591192        0.834708
MDMin:  112 14:58:39    -2396.591811        0.839919
MDMin:  113 14:58:40    -2396.592449        0.836701
MDMin:  114 14:58:41    -2396.593039        1.019409
MDMin:  115 14:58:43    -2396.593386        0.821502
MDMin:  116 14:58:44    -2396.593606        0.815475
MDMin:  117 14:58:46    -2396.593859        0.806873
MDMin:  118 14:58:48    -2396.594143        0.794533
MDMin:  119 14:58:50    -2396.594460        0.776592
MDMin:  120 14:58:52    -2396.594810        0.750603
MDMin:  121 14:58:53    -2396.595195        0.713670
MDMin:  122 14:58:54    -2396.595615        0.662917
MDMin:  123 14:58:56    -2396.596072        0.600819
MDMin:  124 14:58:58    -2396.596569        0.598969
MDMin:  125 14:58:59    -2396.597106        0.628618
MDMin:  126 14:59:01    -2396.597687        0.651819
MDMin:  127 14:59:03    -2396.598314        0.663676
MDMin:  128 14:59:05    -2396.598987        0.659969
MDMin:  129 14:59:07    -2396.599710        0.637975
MDMin:  130 14:59:09    -2396.600481        0.597180
MDMin:  131 14:59:10    -2396.601301        0.601279
MDMin:  132 14:59:12    -2396.602168        0.621869
MDMin:  133 14:59:14    -2396.603073        0.635329
MDMin:  134 14:59:16    -2396.603991        0.642055
MDMin:  135 14:59:18    -2396.604773        0.951282
MDMin:  136 14:59:20    -2396.605183        0.601769
MDMin:  137 14:59:22    -2396.605478        0.570046
MDMin:  138 14:59:23    -2396.605822        0.568336
MDMin:  139 14:59:25    -2396.606212        0.580288
MDMin:  140 14:59:26    -2396.606647        0.593604
MDMin:  141 14:59:28    -2396.607131        0.608203
MDMin:  142 14:59:30    -2396.607666        0.623912
MDMin:  143 14:59:32    -2396.608252        0.640446
MDMin:  144 14:59:33    -2396.608891        0.657397
MDMin:  145 14:59:35    -2396.609586        0.674395
MDMin:  146 14:59:37    -2396.610336        0.690982
MDMin:  147 14:59:39    -2396.611142        0.706558
MDMin:  148 14:59:41    -2396.612001        0.720435
MDMin:  149 14:59:43    -2396.612911        0.731758
MDMin:  150 14:59:44    -2396.613868        0.783615
MDMin:  151 14:59:46    -2396.614871        0.868876
MDMin:  152 14:59:47    -2396.615923        0.927203
MDMin:  153 14:59:49    -2396.617032        0.936671
MDMin:  154 14:59:51    -2396.618219        0.885535
MDMin:  155 14:59:52    -2396.619511        0.783774
MDMin:  156 14:59:53    -2396.620934        0.697818
MDMin:  157 14:59:55    -2396.622524        0.715900
MDMin:  158 14:59:56    -2396.624289        0.723824
MDMin:  159 14:59:57    -2396.626249        0.727489
MDMin:  160 14:59:59    -2396.628198        0.708872
MDMin:  161 15:00:00    -2396.629536        0.747245
MDMin:  162 15:00:02    -2396.630078        0.676353
MDMin:  163 15:00:04    -2396.630752        0.661805
MDMin:  164 15:00:06    -2396.631502        0.644209
MDMin:  165 15:00:07    -2396.632321        0.623833
MDMin:  166 15:00:08    -2396.633209        0.621820
MDMin:  167 15:00:09    -2396.634161        0.628491
MDMin:  168 15:00:11    -2396.635173        0.637422
MDMin:  169 15:00:12    -2396.636240        0.649046
MDMin:  170 15:00:14    -2396.637353        0.663841
MDMin:  171 15:00:15    -2396.638503        0.682277
MDMin:  172 15:00:16    -2396.639679        0.704704
MDMin:  173 15:00:18    -2396.640869        0.731168
MDMin:  174 15:00:19    -2396.642058        0.761191
MDMin:  175 15:00:21    -2396.643236        0.793750
MDMin:  176 15:00:23    -2396.644390        0.827224
MDMin:  177 15:00:25    -2396.645511        0.859730
MDMin:  178 15:00:26    -2396.646593        0.889609
MDMin:  179 15:00:28    -2396.647632        0.915601
MDMin:  180 15:00:30    -2396.648624        0.936760
MDMin:  181 15:00:32    -2396.649569        0.952063
MDMin:  182 15:00:34    -2396.650471        0.958127
MDMin:  183 15:00:35    -2396.651335        0.946305
MDMin:  184 15:00:37    -2396.652175        0.899875
MDMin:  185 15:00:39    -2396.653007        0.799762
MDMin:  186 15:00:41    -2396.653851        0.642009
MDMin:  187 15:00:42    -2396.654620        0.769856
MDMin:  188 15:00:44    -2396.654871        0.436343
MDMin:  189 15:00:45    -2396.655054        0.407836
MDMin:  190 15:00:47    -2396.655265        0.385068
MDMin:  191 15:00:50    -2396.655504        0.373213
MDMin:  192 15:00:51    -2396.655770        0.359587
MDMin:  193 15:00:53    -2396.656064        0.344287
MDMin:  194 15:00:55    -2396.656386        0.327518
MDMin:  195 15:00:56    -2396.656735        0.309590
MDMin:  196 15:00:58    -2396.657113        0.290894
MDMin:  197 15:01:00    -2396.657518        0.271859
MDMin:  198 15:01:02    -2396.657950        0.252909
MDMin:  199 15:01:04    -2396.658410        0.234415
MDMin:  200 15:01:06    -2396.658896        0.216663
MDMin:  201 15:01:07    -2396.659408        0.199843
MDMin:  202 15:01:09    -2396.659947        0.184048
MDMin:  203 15:01:11    -2396.660511        0.169300
MDMin:  204 15:01:13    -2396.661100        0.155572
MDMin:  205 15:01:15    -2396.661716        0.153844
MDMin:  206 15:01:16    -2396.662357        0.159981
MDMin:  207 15:01:18    -2396.663025        0.167593
MDMin:  208 15:01:20    -2396.663718        0.177105
MDMin:  209 15:01:22    -2396.664438        0.189022
MDMin:  210 15:01:23    -2396.665181        0.204018
MDMin:  211 15:01:24    -2396.665946        0.222883
MDMin:  212 15:01:25    -2396.666698        0.245940
MDMin:  213 15:01:27    -2396.667286        0.499258
MDMin:  214 15:01:28    -2396.667468        0.274524
MDMin:  215 15:01:30    -2396.667691        0.284134
MDMin:  216 15:01:31    -2396.667935        0.295117
MDMin:  217 15:01:32    -2396.668196        0.307634
MDMin:  218 15:01:34    -2396.668476        0.321781
MDMin:  219 15:01:36    -2396.668773        0.337622
MDMin:  220 15:01:38    -2396.669087        0.355149
MDMin:  221 15:01:40    -2396.669415        0.374261
MDMin:  222 15:01:42    -2396.669759        0.394733
MDMin:  223 15:01:44    -2396.670116        0.416206
MDMin:  224 15:01:46    -2396.670486        0.438193
MDMin:  225 15:01:48    -2396.670868        0.460124
MDMin:  226 15:01:50    -2396.671264        0.481414
MDMin:  227 15:01:52    -2396.671673        0.501542
MDMin:  228 15:01:53    -2396.672096        0.520093
MDMin:  229 15:01:55    -2396.672536        0.536763
MDMin:  230 15:01:56    -2396.672992        0.551320
MDMin:  231 15:01:58    -2396.673467        0.563518
MDMin:  232 15:02:00    -2396.673963        0.573116
MDMin:  233 15:02:01    -2396.674482        0.580085
MDMin:  234 15:02:03    -2396.675026        0.584762
MDMin:  235 15:02:05    -2396.675596        0.588063
MDMin:  236 15:02:07    -2396.676194        0.591628
MDMin:  237 15:02:10    -2396.676821        0.597782
MDMin:  238 15:02:11    -2396.677475        0.609279
MDMin:  239 15:02:13    -2396.678154        0.629020
MDMin:  240 15:02:15    -2396.678855        0.660241
MDMin:  241 15:02:17    -2396.679570        0.706915
MDMin:  242 15:02:19    -2396.680294        0.775683
MDMin:  243 15:02:20    -2396.681018        0.874702
MDMin:  244 15:02:23    -2396.681739        0.999050
MDMin:  245 15:02:24    -2396.682455        1.096497
MDMin:  246 15:02:26    -2396.683183        0.859456
MDMin:  247 15:02:28    -2396.684073        0.574606
MDMin:  248 15:02:30    -2396.685107        0.453615
MDMin:  249 15:02:31    -2396.685847        0.677356
MDMin:  250 15:02:33    -2396.686056        0.738931
MDMin:  251 15:02:34    -2396.686280        0.937513
MDMin:  252 15:02:36    -2396.686522        1.013986
MDMin:  253 15:02:38    -2396.686794        0.746666
MDMin:  254 15:02:40    -2396.687127        0.461602
MDMin:  255 15:02:42    -2396.687179        0.674625
MDMin:  256 15:02:44    -2396.687235        0.608783
MDMin:  257 15:02:45    -2396.687313        0.541329
MDMin:  258 15:02:47    -2396.687376        0.372296
MDMin:  259 15:02:49    -2396.687424        0.670674
MDMin:  260 15:02:51    -2396.687493        0.755468
MDMin:  261 15:02:53    -2396.687596        0.545921
MDMin:  262 15:02:55    -2396.687714        0.457752
MDMin:  263 15:02:57    -2396.687841        0.339091
MDMin:  264 15:02:59    -2396.687962        0.462306
MDMin:  265 15:03:01    -2396.688096        0.656264
MDMin:  266 15:03:02    -2396.688253        0.721370
MDMin:  267 15:03:04    -2396.688448        0.338564
MDMin:  268 15:03:05    -2396.688579        0.775990
MDMin:  269 15:03:06    -2396.688639        0.689984
MDMin:  270 15:03:08    -2396.688744        0.433707
MDMin:  271 15:03:10    -2396.688903        0.535968
MDMin:  272 15:03:11    -2396.688960        0.723928
MDMin:  273 15:03:13    -2396.689014        0.529972
MDMin:  274 15:03:15    -2396.689116        0.507241
MDMin:  275 15:03:16    -2396.689170        0.401763
MDMin:  276 15:03:18    -2396.689224        0.619853
MDMin:  277 15:03:20    -2396.689313        0.517799
MDMin:  278 15:03:22    -2396.689452        0.323596
MDMin:  279 15:03:24    -2396.689622        0.513501
MDMin:  280 15:03:25    -2396.689692        0.717766
MDMin:  281 15:03:27    -2396.689780        0.327406
MDMin:  282 15:03:28    -2396.689899        0.675758
MDMin:  283 15:03:29    -2396.689988        0.395287
MDMin:  284 15:03:31    -2396.690056        0.356323
MDMin:  285 15:03:32    -2396.690140        0.555925
MDMin:  286 15:03:34    -2396.690256        0.534430
MDMin:  287 15:03:35    -2396.690422        0.506802
MDMin:  288 15:03:37    -2396.690634        0.376910
MDMin:  289 15:03:38    -2396.690875        0.471338
MDMin:  290 15:03:40    -2396.691130        0.481521
MDMin:  291 15:03:42    -2396.691399        0.309087
MDMin:  292 15:03:44    -2396.691677        0.345715
MDMin:  293 15:03:45    -2396.691962        0.434197
MDMin:  294 15:03:47    -2396.692267        0.512522
MDMin:  295 15:03:48    -2396.692609        0.495728
MDMin:  296 15:03:50    -2396.693006        0.422911
MDMin:  297 15:03:52    -2396.693486        0.348214
MDMin:  298 15:03:54    -2396.694060        0.347456
MDMin:  299 15:03:56    -2396.694685        0.564497
MDMin:  300 15:03:57    -2396.694905        0.433222
MDMin:  301 15:03:59    -2396.695189        0.232566
MDMin:  302 15:04:01    -2396.695539        0.223036
MDMin:  303 15:04:03    -2396.695931        0.267360
MDMin:  304 15:04:04    -2396.696371        0.285268
MDMin:  305 15:04:06    -2396.696872        0.271148
MDMin:  306 15:04:08    -2396.697451        0.239691
MDMin:  307 15:04:09    -2396.698120        0.216893
MDMin:  308 15:04:11    -2396.698888        0.213150
MDMin:  309 15:04:13    -2396.699762        0.207768
MDMin:  310 15:04:15    -2396.700748        0.201253
MDMin:  311 15:04:17    -2396.701856        0.194123
MDMin:  312 15:04:19    -2396.703097        0.188182
MDMin:  313 15:04:20    -2396.704483        0.187858
MDMin:  314 15:04:22    -2396.706029        0.187479
MDMin:  315 15:04:23    -2396.707754        0.187087
MDMin:  316 15:04:25    -2396.709677        0.192893
MDMin:  317 15:04:27    -2396.711824        0.200636
MDMin:  318 15:04:28    -2396.714224        0.209532
MDMin:  319 15:04:29    -2396.716912        0.219775
MDMin:  320 15:04:31    -2396.719932        0.231597
MDMin:  321 15:04:32    -2396.723335        0.248204
MDMin:  322 15:04:34    -2396.727187        0.269189
MDMin:  323 15:04:36    -2396.731566        0.293855
MDMin:  324 15:04:37    -2396.736579        0.322736
MDMin:  325 15:04:39    -2396.742359        0.356307
MDMin:  326 15:04:41    -2396.749078        0.394803
MDMin:  327 15:04:43    -2396.756963        0.437814
MDMin:  328 15:04:45    -2396.766305        0.483341
MDMin:  329 15:04:46    -2396.777483        0.525486
MDMin:  330 15:04:48    -2396.790981        0.550952
MDMin:  331 15:04:50    -2396.807372        0.607410
MDMin:  332 15:04:52    -2396.827037        0.631717
MDMin:  333 15:04:54    -2396.842141        0.733006
MDMin:  334 15:04:56    -2396.851176        0.593746
MDMin:  335 15:04:58    -2396.864320        0.589951
MDMin:  336 15:04:59    -2396.875422        0.585384
MDMin:  337 15:05:01    -2396.888368        0.929489
MDMin:  338 15:05:02    -2396.895508        0.543417
MDMin:  339 15:05:04    -2396.904670        0.532757
MDMin:  340 15:05:05    -2396.915730        0.524357
MDMin:  341 15:05:07    -2396.924748        0.549307
MDMin:  342 15:05:09    -2396.935687        0.872823
MDMin:  343 15:05:11    -2396.940873        0.650416
MDMin:  344 15:05:12    -2396.949197        0.606248
MDMin:  345 15:05:14    -2396.954944        0.628686
MDMin:  346 15:05:16    -2396.960825        0.646534
MDMin:  347 15:05:17    -2396.966330        0.655556
MDMin:  348 15:05:19    -2396.971896        0.654989
MDMin:  349 15:05:20    -2396.977420        0.644342
MDMin:  350 15:05:22    -2396.982868        0.624542
MDMin:  351 15:05:24    -2396.988092        0.598033
MDMin:  352 15:05:26    -2396.993065        0.567157
MDMin:  353 15:05:27    -2396.997871        0.541484
MDMin:  354 15:05:29    -2397.002655        0.553709
MDMin:  355 15:05:30    -2397.007493        0.567307
MDMin:  356 15:05:32    -2397.012375        0.582195
MDMin:  357 15:05:34    -2397.017228        0.598027
MDMin:  358 15:05:35    -2397.021988        0.614428
MDMin:  359 15:05:37    -2397.026652        0.631294
MDMin:  360 15:05:38    -2397.031291        0.648801
MDMin:  361 15:05:39    -2397.035988        0.667110
MDMin:  362 15:05:41    -2397.040795        0.686140
MDMin:  363 15:05:42    -2397.045710        0.705514
MDMin:  364 15:05:44    -2397.050704        0.724647
MDMin:  365 15:05:46    -2397.055743        0.742937
MDMin:  366 15:05:48    -2397.060820        0.759936
MDMin:  367 15:05:50    -2397.065963        0.775304
MDMin:  368 15:05:52    -2397.071217        0.788635
MDMin:  369 15:05:53    -2397.076624        0.799347
MDMin:  370 15:05:54    -2397.082203        0.832775
MDMin:  371 15:05:55    -2397.087949        0.926672
MDMin:  372 15:05:57    -2397.093848        1.027418
MDMin:  373 15:05:58    -2397.099883        1.132705
MDMin:  374 15:05:59    -2397.106047        1.239693
MDMin:  375 15:06:01    -2397.112314        1.296504
MDMin:  376 15:06:02    -2397.118736        1.315365
MDMin:  377 15:06:04    -2397.125360        1.314756
MDMin:  378 15:06:05    -2397.132212        1.316756
MDMin:  379 15:06:07    -2397.139306        1.375506
MDMin:  380 15:06:08    -2397.146641        1.377076
MDMin:  381 15:06:10    -2397.154216        1.410646
MDMin:  382 15:06:12    -2397.161989        1.418596
MDMin:  383 15:06:14    -2397.169895        1.394467
MDMin:  384 15:06:16    -2397.177806        1.343548
MDMin:  385 15:06:18    -2397.185611        1.275197
MDMin:  386 15:06:20    -2397.193216        1.197728
MDMin:  387 15:06:22    -2397.200595        1.117038
MDMin:  388 15:06:24    -2397.207761        1.037214
MDMin:  389 15:06:26    -2397.214710        0.961400
MDMin:  390 15:06:28    -2397.221432        0.892158
MDMin:  391 15:06:30    -2397.227882        0.831362
MDMin:  392 15:06:32    -2397.234033        0.779977
MDMin:  393 15:06:33    -2397.239873        0.738127
MDMin:  394 15:06:35    -2397.245426        0.705432
MDMin:  395 15:06:37    -2397.250720        0.681307
MDMin:  396 15:06:38    -2397.255779        0.664987
MDMin:  397 15:06:39    -2397.260600        0.655353
MDMin:  398 15:06:41    -2397.265183        0.650963
MDMin:  399 15:06:43    -2397.269530        0.650248
MDMin:  400 15:06:45    -2397.273668        0.651776
MDMin:  401 15:06:47    -2397.277630        0.654424
MDMin:  402 15:06:49    -2397.281447        0.657450
MDMin:  403 15:06:51    -2397.285133        0.660546
MDMin:  404 15:06:53    -2397.288693        0.663880
MDMin:  405 15:06:55    -2397.292129        0.668062
MDMin:  406 15:06:57    -2397.295457        0.674046
MDMin:  407 15:06:59    -2397.298700        0.683008
MDMin:  408 15:07:01    -2397.301885        0.696190
MDMin:  409 15:07:03    -2397.305026        0.714693
MDMin:  410 15:07:05    -2397.308130        0.739258
MDMin:  411 15:07:06    -2397.311197        0.770208
MDMin:  412 15:07:08    -2397.314235        0.807605
MDMin:  413 15:07:10    -2397.317258        0.851472
MDMin:  414 15:07:11    -2397.320287        0.901838
MDMin:  415 15:07:13    -2397.323336        0.958647
MDMin:  416 15:07:14    -2397.326414        1.021606
MDMin:  417 15:07:16    -2397.329523        1.090222
MDMin:  418 15:07:17    -2397.332665        1.163997
MDMin:  419 15:07:18    -2397.335850        1.242563
MDMin:  420 15:07:20    -2397.339093        1.325641
MDMin:  421 15:07:22    -2397.342406        1.412965
MDMin:  422 15:07:23    -2397.345802        1.505114
MDMin:  423 15:07:25    -2397.349281        1.613701
MDMin:  424 15:07:26    -2397.352812        1.610476
MDMin:  425 15:07:28    -2397.356563        1.596678
MDMin:  426 15:07:30    -2397.360509        1.578927
MDMin:  427 15:07:32    -2397.364563        1.559891
MDMin:  428 15:07:33    -2397.368647        1.540649
MDMin:  429 15:07:35    -2397.372765        1.521165
MDMin:  430 15:07:37    -2397.376997        1.501086
MDMin:  431 15:07:39    -2397.381422        1.480366
MDMin:  432 15:07:41    -2397.386051        1.459386
MDMin:  433 15:07:43    -2397.390825        1.438707
MDMin:  434 15:07:45    -2397.395663        1.418649
MDMin:  435 15:07:47    -2397.400529        1.398967
MDMin:  436 15:07:48    -2397.405473        1.379005
MDMin:  437 15:07:49    -2397.410578        1.358117
MDMin:  438 15:07:50    -2397.415895        1.335962
MDMin:  439 15:07:52    -2397.421400        1.312571
MDMin:  440 15:07:53    -2397.427027        1.288213
MDMin:  441 15:07:55    -2397.432713        1.263072
MDMin:  442 15:07:56    -2397.438459        1.236978
MDMin:  443 15:07:58    -2397.444331        1.209529
MDMin:  444 15:07:59    -2397.450397        1.180431
MDMin:  445 15:08:00    -2397.456677        1.149746
MDMin:  446 15:08:02    -2397.463129        1.117898
MDMin:  447 15:08:04    -2397.469685        1.085420
MDMin:  448 15:08:06    -2397.476309        1.052600
MDMin:  449 15:08:08    -2397.483025        1.019358
MDMin:  450 15:08:09    -2397.489896        0.985483
MDMin:  451 15:08:11    -2397.496970        0.950949
MDMin:  452 15:08:12    -2397.504241        0.916049
MDMin:  453 15:08:14    -2397.511659        0.881280
MDMin:  454 15:08:15    -2397.519167        0.847071
MDMin:  455 15:08:16    -2397.526751        0.813566
MDMin:  456 15:08:17    -2397.534444        0.780653
MDMin:  457 15:08:18    -2397.542299        0.748216
MDMin:  458 15:08:20    -2397.550345        0.716315
MDMin:  459 15:08:22    -2397.558564        0.685200
MDMin:  460 15:08:24    -2397.566915        0.655183
MDMin:  461 15:08:25    -2397.575359        0.642956
MDMin:  462 15:08:26    -2397.583899        0.650208
MDMin:  463 15:08:28    -2397.592574        0.657616
MDMin:  464 15:08:30    -2397.601430        0.665293
MDMin:  465 15:08:32    -2397.610494        0.673576
MDMin:  466 15:08:34    -2397.619763        0.682318
MDMin:  467 15:08:36    -2397.629220        0.691703
MDMin:  468 15:08:38    -2397.638861        0.701581
MDMin:  469 15:08:40    -2397.648714        0.712376
MDMin:  470 15:08:42    -2397.658835        0.724228
MDMin:  471 15:08:44    -2397.669293        0.737740
MDMin:  472 15:08:46    -2397.680150        0.753012
MDMin:  473 15:08:48    -2397.691461        0.770550
MDMin:  474 15:08:49    -2397.703280        0.790359
MDMin:  475 15:08:51    -2397.715683        0.812984
MDMin:  476 15:08:53    -2397.728778        0.838651
MDMin:  477 15:08:54    -2397.742719        0.868150
MDMin:  478 15:08:56    -2397.757694        0.901917
MDMin:  479 15:08:58    -2397.773929        0.940724
MDMin:  480 15:08:59    -2397.791687        0.984852
MDMin:  481 15:09:01    -2397.811277        1.034644
MDMin:  482 15:09:03    -2397.831780        2.704592
MDMin:  483 15:09:04    -2397.832243        2.554250
MDMin:  484 15:09:06    -2397.831302        2.380759
MDMin:  485 15:09:08    -2397.830153        2.217224
MDMin:  486 15:09:10    -2397.830503        2.206867
MDMin:  487 15:09:12    -2397.832660        2.166977
MDMin:  488 15:09:14    -2397.835745        2.103436
MDMin:  489 15:09:15    -2397.839269        2.085971
MDMin:  490 15:09:17    -2397.843218        2.061752
MDMin:  491 15:09:19    -2397.847390        2.033696
MDMin:  492 15:09:20    -2397.852051        2.001579
MDMin:  493 15:09:22    -2397.857105        1.966492
MDMin:  494 15:09:23    -2397.862505        1.927769
MDMin:  495 15:09:24    -2397.868498        1.881107
MDMin:  496 15:09:26    -2397.875298        1.819797
MDMin:  497 15:09:28    -2397.883223        1.734750
MDMin:  498 15:09:30    -2397.892620        1.620676
MDMin:  499 15:09:32    -2397.903840        1.480291
MDMin:  500 15:09:34    -2397.888890        1.349521
MDMin:  501 15:09:35    -2397.882971        1.344076
MDMin:  502 15:09:37    -2397.871489        1.191754
MDMin:  503 15:09:39    -2397.859106        0.990344
MDMin:  504 15:09:40    -2397.849507        1.743436
MDMin:  505 15:09:41    -2397.845902        0.936156
MDMin:  506 15:09:43    -2397.843755        0.925946
MDMin:  507 15:09:45    -2397.841461        0.914684
MDMin:  508 15:09:47    -2397.839249        0.902964
MDMin:  509 15:09:49    -2397.837302        0.891090
MDMin:  510 15:09:51    -2397.835825        0.879419
MDMin:  511 15:09:53    -2397.835021        0.868158
MDMin:  512 15:09:54    -2397.835066        0.857275
MDMin:  513 15:09:55    -2397.836099        0.846580
MDMin:  514 15:09:56    -2397.838175        0.835618
MDMin:  515 15:09:58    -2397.841273        0.823694
MDMin:  516 15:09:59    -2397.845337        0.809973
MDMin:  517 15:10:00    -2397.850330        0.793652
MDMin:  518 15:10:02    -2397.856263        0.774254
MDMin:  519 15:10:03    -2397.863132        0.752177
MDMin:  520 15:10:04    -2397.871084        0.728109
MDMin:  521 15:10:05    -2397.879896        0.704136
MDMin:  522 15:10:07    -2397.879687        2.830019
MDMin:  523 15:10:08    -2397.882949        0.680361
MDMin:  524 15:10:09    -2397.884787        0.677399
MDMin:  525 15:10:10    -2397.886737        2.511916
MDMin:  526 15:10:12    -2397.884342        0.673009
MDMin:  527 15:10:14    -2397.885454        0.671327
MDMin:  528 15:10:15    -2397.886986        0.668958
MDMin:  529 15:10:16    -2397.887749        2.503530
MDMin:  530 15:10:18    -2397.886319        0.665263
MDMin:  531 15:10:19    -2397.887375        0.663756
MDMin:  532 15:10:20    -2397.888845        0.661621
MDMin:  533 15:10:22    -2397.888608        2.495558
MDMin:  534 15:10:23    -2397.888063        0.658190
MDMin:  535 15:10:25    -2397.889089        0.656831
MDMin:  536 15:10:27    -2397.889852        2.453896
MDMin:  537 15:10:29    -2397.888145        0.654348
MDMin:  538 15:10:31    -2397.889097        0.653195
MDMin:  539 15:10:33    -2397.890448        0.651529
MDMin:  540 15:10:35    -2397.890511        2.469678
MDMin:  541 15:10:37    -2397.889476        0.648719
MDMin:  542 15:10:38    -2397.890457        0.647651
MDMin:  543 15:10:39    -2397.891715        2.432096
MDMin:  544 15:10:40    -2397.889360        0.645608
MDMin:  545 15:10:42    -2397.890280        0.644734
MDMin:  546 15:10:44    -2397.891578        0.643486
MDMin:  547 15:10:46    -2397.892317        2.448952
MDMin:  548 15:10:48    -2397.890442        0.641330
MDMin:  549 15:10:50    -2397.891381        0.640652
MDMin:  550 15:10:52    -2397.892678        0.639761
MDMin:  551 15:10:54    -2397.892987        2.446226
MDMin:  552 15:10:55    -2397.891457        0.638306
MDMin:  553 15:10:56    -2397.892356        0.637993
MDMin:  554 15:10:58    -2397.893592        0.637640
MDMin:  555 15:11:00    -2397.893638        2.441159
MDMin:  556 15:11:02    -2397.892294        0.637106
MDMin:  557 15:11:04    -2397.893141        0.637214
MDMin:  558 15:11:06    -2397.894308        0.637477
MDMin:  559 15:11:07    -2397.894249        2.436018
MDMin:  560 15:11:09    -2397.892942        0.637995
MDMin:  561 15:11:10    -2397.893739        0.638561
MDMin:  562 15:11:12    -2397.894837        0.639494
MDMin:  563 15:11:13    -2397.894819        2.431075
MDMin:  564 15:11:14    -2397.893413        0.641147
MDMin:  565 15:11:15    -2397.894162        0.642194
MDMin:  566 15:11:17    -2397.895195        0.643819
MDMin:  567 15:11:18    -2397.895351        2.426328
MDMin:  568 15:11:19    -2397.893721        0.646613
MDMin:  569 15:11:21    -2397.894426        0.648123
MDMin:  570 15:11:22    -2397.895399        0.650396
MDMin:  571 15:11:23    -2397.895851        2.421731
MDMin:  572 15:11:25    -2397.893879        0.654188
MDMin:  573 15:11:26    -2397.894545        0.656088
MDMin:  574 15:11:28    -2397.895464        0.658882
MDMin:  575 15:11:29    -2397.896323        2.417226
MDMin:  576 15:11:30    -2397.893901        0.663357
MDMin:  577 15:11:32    -2397.894532        0.665494
MDMin:  578 15:11:34    -2397.895400        0.668552
MDMin:  579 15:11:36    -2397.896470        0.672478
MDMin:  580 15:11:38    -2397.895796        2.436553
MDMin:  581 15:11:39    -2397.894766        0.677593
MDMin:  582 15:11:40    -2397.895361        0.679643
MDMin:  583 15:11:41    -2397.896164        0.682316
MDMin:  584 15:11:43    -2397.896402        2.421123
MDMin:  585 15:11:45    -2397.894486        0.685145
MDMin:  586 15:11:47    -2397.895024        0.686402
MDMin:  587 15:11:48    -2397.895761        0.687813
MDMin:  588 15:11:50    -2397.896666        0.688884
MDMin:  589 15:11:52    -2397.895787        2.438402
MDMin:  590 15:11:54    -2397.894834        0.686811
MDMin:  591 15:11:56    -2397.895343        0.686017
MDMin:  592 15:11:57    -2397.896026        0.684207
MDMin:  593 15:11:59    -2397.896393        2.422478
MDMin:  594 15:12:01    -2397.894251        0.677143
MDMin:  595 15:12:03    -2397.894712        0.674427
MDMin:  596 15:12:04    -2397.895341        0.669810
MDMin:  597 15:12:05    -2397.896110        0.662492
MDMin:  598 15:12:07    -2397.895708        2.438791
MDMin:  599 15:12:08    -2397.894181        0.645917
MDMin:  600 15:12:10    -2397.894615        0.645648
MDMin:  601 15:12:11    -2397.895196        0.645221
MDMin:  602 15:12:13    -2397.895900        0.644576
MDMin:  603 15:12:15    -2397.895131        2.445060
MDMin:  604 15:12:16    -2397.893933        0.643169
MDMin:  605 15:12:17    -2397.894318        0.642612
MDMin:  606 15:12:19    -2397.894835        0.641779
MDMin:  607 15:12:21    -2397.895462        0.640611
MDMin:  608 15:12:23    -2397.894549        2.450016
MDMin:  609 15:12:25    -2397.893499        0.638338
MDMin:  610 15:12:27    -2397.893838        0.637518
MDMin:  611 15:12:29    -2397.894296        0.636327
MDMin:  612 15:12:31    -2397.894853        0.634727
MDMin:  613 15:12:33    -2397.893945        2.454306
MDMin:  614 15:12:35    -2397.892911        0.631838
MDMin:  615 15:12:37    -2397.893212        0.630864
MDMin:  616 15:12:39    -2397.893620        0.629477
MDMin:  617 15:12:40    -2397.894121        0.627674
MDMin:  618 15:12:41    -2397.893315        2.458078
MDMin:  619 15:12:43    -2397.892202        0.624599
MDMin:  620 15:12:45    -2397.892473        0.623617
MDMin:  621 15:12:47    -2397.892844        0.622244
MDMin:  622 15:12:48    -2397.893301        0.620512
MDMin:  623 15:12:50    -2397.892663        2.461354
MDMin:  624 15:12:51    -2397.891402        0.617716
MDMin:  625 15:12:53    -2397.891652        0.616867
MDMin:  626 15:12:55    -2397.891997        0.615708
MDMin:  627 15:12:57    -2397.892424        0.614301
MDMin:  628 15:12:59    -2397.891994        2.464063
MDMin:  629 15:13:01    -2397.890543        0.612186
MDMin:  630 15:13:03    -2397.890779        0.611590
MDMin:  631 15:13:05    -2397.891106        0.610814
MDMin:  632 15:13:07    -2397.891513        0.609947
MDMin:  633 15:13:09    -2397.891313        2.466096
MDMin:  634 15:13:11    -2397.889652        0.608848
MDMin:  635 15:13:12    -2397.889881        0.608599
MDMin:  636 15:13:14    -2397.890198        0.608340
MDMin:  637 15:13:17    -2397.890593        0.608175
MDMin:  638 15:13:18    -2397.890626        2.467361
MDMin:  639 15:13:20    -2397.888756        0.608329
MDMin:  640 15:13:22    -2397.888980        0.608494
MDMin:  641 15:13:23    -2397.889291        0.608840
MDMin:  642 15:13:25    -2397.889682        0.609483
MDMin:  643 15:13:26    -2397.889934        2.467793
MDMin:  644 15:13:27    -2397.887872        0.611040
MDMin:  645 15:13:29    -2397.888094        0.611658
MDMin:  646 15:13:30    -2397.888405        0.612663
MDMin:  647 15:13:32    -2397.888795        0.614176
MDMin:  648 15:13:34    -2397.889243        2.467356
MDMin:  649 15:13:36    -2397.887013        0.617224
MDMin:  650 15:13:37    -2397.887237        0.618318
MDMin:  651 15:13:39    -2397.887549        0.620012
MDMin:  652 15:13:40    -2397.887941        0.622431
MDMin:  653 15:13:42    -2397.888407        0.625737
MDMin:  654 15:13:44    -2397.886828        2.482153
MDMin:  655 15:13:45    -2397.886562        0.631703
MDMin:  656 15:13:47    -2397.886791        0.633564
MDMin:  657 15:13:48    -2397.887107        0.636348
MDMin:  658 15:13:49    -2397.887504        0.640198
MDMin:  659 15:13:50    -2397.886362        2.474614
MDMin:  660 15:13:52    -2397.885795        0.647243
MDMin:  661 15:13:53    -2397.886019        0.649608
MDMin:  662 15:13:54    -2397.886333        0.653150
MDMin:  663 15:13:56    -2397.886728        0.658021
MDMin:  664 15:13:57    -2397.885727        2.470444
MDMin:  665 15:13:59    -2397.885047        0.666900
MDMin:  666 15:14:00    -2397.885275        0.669910
MDMin:  667 15:14:02    -2397.885593        0.674394
MDMin:  668 15:14:03    -2397.885993        0.680530
MDMin:  669 15:14:05    -2397.885100        2.465742
MDMin:  670 15:14:07    -2397.884322        0.691697
MDMin:  671 15:14:09    -2397.884554        0.695506
MDMin:  672 15:14:10    -2397.884877        0.701150
MDMin:  673 15:14:12    -2397.885282        0.708852
MDMin:  674 15:14:13    -2397.884506        2.460133
MDMin:  675 15:14:14    -2397.883610        0.722994
MDMin:  676 15:14:16    -2397.883846        0.727894
MDMin:  677 15:14:17    -2397.884173        0.735143
MDMin:  678 15:14:19    -2397.884581        0.745038
MDMin:  679 15:14:21    -2397.883956        2.453568
MDMin:  680 15:14:22    -2397.882896        0.763192
MDMin:  681 15:14:24    -2397.883136        0.769523
MDMin:  682 15:14:26    -2397.883465        0.778792
MDMin:  683 15:14:27    -2397.883875        0.791308
MDMin:  684 15:14:29    -2397.883460        2.446015
MDMin:  685 15:14:30    -2397.882158        0.814037
MDMin:  686 15:14:32    -2397.882402        0.821966
MDMin:  687 15:14:33    -2397.882734        0.833351
MDMin:  688 15:14:34    -2397.883145        0.848379
MDMin:  689 15:14:36    -2397.883034        2.437408
MDMin:  690 15:14:37    -2397.881374        0.874837
MDMin:  691 15:14:38    -2397.881623        0.883881
MDMin:  692 15:14:40    -2397.881957        0.896383
MDMin:  693 15:14:42    -2397.882367        0.912077
MDMin:  694 15:14:44    -2397.882693        2.427662
MDMin:  695 15:14:46    -2397.880517        0.937474
MDMin:  696 15:14:47    -2397.880770        0.945450
MDMin:  697 15:14:48    -2397.881105        0.955515
MDMin:  698 15:14:50    -2397.881513        0.966478
MDMin:  699 15:14:51    -2397.881986        0.976388
MDMin:  700 15:14:52    -2397.880455        2.430027
MDMin:  701 15:14:53    -2397.879892        0.982563
MDMin:  702 15:14:56    -2397.880154        0.981399
MDMin:  703 15:14:58    -2397.880490        0.977275
MDMin:  704 15:15:00    -2397.880892        0.967841
MDMin:  705 15:15:02    -2397.880679        2.412771
MDMin:  706 15:15:03    -2397.878830        0.940577
MDMin:  707 15:15:05    -2397.879074        0.928107
MDMin:  708 15:15:06    -2397.879388        0.909053
MDMin:  709 15:15:08    -2397.879762        0.881754
MDMin:  710 15:15:10    -2397.880188        0.844639
MDMin:  711 15:15:12    -2397.878600        2.411575
MDMin:  712 15:15:13    -2397.877927        0.776681
MDMin:  713 15:15:15    -2397.878152        0.754140
MDMin:  714 15:15:16    -2397.878435        0.756881
MDMin:  715 15:15:18    -2397.878766        0.763435
MDMin:  716 15:15:20    -2397.879105        2.392765
MDMin:  717 15:15:21    -2397.876587        0.778520
MDMin:  718 15:15:22    -2397.876776        0.783894
MDMin:  719 15:15:24    -2397.877015        0.791341
MDMin:  720 15:15:26    -2397.877294        0.801057
MDMin:  721 15:15:28    -2397.877604        0.813271
MDMin:  722 15:15:30    -2397.877144        2.391142
MDMin:  723 15:15:32    -2397.875181        0.834387
MDMin:  724 15:15:34    -2397.875339        0.841348
MDMin:  725 15:15:36    -2397.875532        0.850629
MDMin:  726 15:15:38    -2397.875753        0.862139
MDMin:  727 15:15:40    -2397.875995        0.875577
MDMin:  728 15:15:41    -2397.875487        2.386312
MDMin:  729 15:15:43    -2397.873410        0.895739
MDMin:  730 15:15:44    -2397.873532        0.901399
MDMin:  731 15:15:46    -2397.873679        0.908082
MDMin:  732 15:15:47    -2397.873845        0.914953
MDMin:  733 15:15:48    -2397.874026        0.920779
MDMin:  734 15:15:50    -2397.873907        2.381153
MDMin:  735 15:15:51    -2397.871293        0.923822
MDMin:  736 15:15:53    -2397.871388        0.922914
MDMin:  737 15:15:55    -2397.871502        0.920412
MDMin:  738 15:15:57    -2397.871630        0.915305
MDMin:  739 15:15:58    -2397.871771        0.906495
MDMin:  740 15:15:59    -2397.871926        0.892997
MDMin:  741 15:16:01    -2397.869451        2.390119
MDMin:  742 15:16:03    -2397.868938        0.866433
MDMin:  743 15:16:04    -2397.869019        0.857876
MDMin:  744 15:16:06    -2397.869116        0.846451
MDMin:  745 15:16:08    -2397.869229        0.832202
MDMin:  746 15:16:09    -2397.869358        0.815394
MDMin:  747 15:16:10    -2397.868235        2.380988
MDMin:  748 15:16:11    -2397.866586        0.789784
MDMin:  749 15:16:13    -2397.866666        0.782556
MDMin:  750 15:16:14    -2397.866766        0.773417
MDMin:  751 15:16:15    -2397.866886        0.762795
MDMin:  752 15:16:17    -2397.867030        0.765055
MDMin:  753 15:16:19    -2397.866633        2.374013
MDMin:  754 15:16:20    -2397.864341        0.774968
MDMin:  755 15:16:21    -2397.864434        0.778371
MDMin:  756 15:16:23    -2397.864554        0.783083
MDMin:  757 15:16:24    -2397.864702        0.789210
MDMin:  758 15:16:25    -2397.864881        0.796827
MDMin:  759 15:16:26    -2397.864869        2.367006
MDMin:  760 15:16:29    -2397.862230        0.809502
MDMin:  761 15:16:30    -2397.862347        0.813465
MDMin:  762 15:16:32    -2397.862500        0.818649
MDMin:  763 15:16:34    -2397.862690        0.824888
MDMin:  764 15:16:36    -2397.862919        0.831876
MDMin:  765 15:16:38    -2397.862991        2.359145
MDMin:  766 15:16:40    -2397.860285        0.841620
MDMin:  767 15:16:41    -2397.860433        0.844167
MDMin:  768 15:16:42    -2397.860627        0.847063
MDMin:  769 15:16:44    -2397.860867        0.849811
MDMin:  770 15:16:45    -2397.861157        0.851704
MDMin:  771 15:16:46    -2397.861020        2.349980
MDMin:  772 15:16:48    -2397.858543        0.851243
MDMin:  773 15:16:49    -2397.858725        0.850172
MDMin:  774 15:16:50    -2397.858964        0.848001
MDMin:  775 15:16:51    -2397.859260        0.844108
MDMin:  776 15:16:53    -2397.859615        0.837762
MDMin:  777 15:16:55    -2397.858960        2.339368
MDMin:  778 15:16:57    -2397.857053        0.824015
MDMin:  779 15:16:58    -2397.857269        0.819051
MDMin:  780 15:17:00    -2397.857552        0.811940
MDMin:  781 15:17:01    -2397.857902        0.802399
MDMin:  782 15:17:02    -2397.858321        0.790228
MDMin:  783 15:17:03    -2397.856803        2.327466
MDMin:  784 15:17:04    -2397.855858        0.769874
MDMin:  785 15:17:06    -2397.856102        0.763739
MDMin:  786 15:17:07    -2397.856423        0.755577
MDMin:  787 15:17:08    -2397.856819        0.748750
MDMin:  788 15:17:09    -2397.857293        0.745362
MDMin:  789 15:17:11    -2397.854536        2.314662
MDMin:  790 15:17:13    -2397.854967        0.736701
MDMin:  791 15:17:15    -2397.855230        0.733284
MDMin:  792 15:17:17    -2397.855580        0.728101
MDMin:  793 15:17:19    -2397.856012        0.720636
MDMin:  794 15:17:21    -2397.855237        2.291945
MDMin:  795 15:17:22    -2397.853925        0.705764
MDMin:  796 15:17:24    -2397.854189        0.700329
MDMin:  797 15:17:25    -2397.854544        0.692398
MDMin:  798 15:17:27    -2397.854989        0.681555
MDMin:  799 15:17:28    -2397.855364        2.273635
MDMin:  800 15:17:30    -2397.852983        0.674555
MDMin:  801 15:17:31    -2397.853255        0.672945
MDMin:  802 15:17:33    -2397.853625        0.670893
MDMin:  803 15:17:34    -2397.854088        0.668548
MDMin:  804 15:17:35    -2397.854641        0.666059
MDMin:  805 15:17:36    -2397.852356        2.265253
MDMin:  806 15:17:38    -2397.852615        0.662697
MDMin:  807 15:17:39    -2397.852905        0.661783
MDMin:  808 15:17:40    -2397.853296        0.660593
MDMin:  809 15:17:41    -2397.853784        0.659164
MDMin:  810 15:17:43    -2397.852674        2.244372
MDMin:  811 15:17:44    -2397.851929        0.656852
MDMin:  812 15:17:45    -2397.852212        0.656085
MDMin:  813 15:17:46    -2397.852601        0.655022
MDMin:  814 15:17:48    -2397.853089        0.653650
MDMin:  815 15:17:49    -2397.852523        2.227478
MDMin:  816 15:17:51    -2397.851283        0.651215
MDMin:  817 15:17:53    -2397.851569        0.650355
MDMin:  818 15:17:55    -2397.851964        0.649127
MDMin:  819 15:17:57    -2397.852461        0.647496
MDMin:  820 15:17:58    -2397.852265        2.211362
MDMin:  821 15:18:00    -2397.850679        0.644531
MDMin:  822 15:18:01    -2397.850969        0.643483
MDMin:  823 15:18:03    -2397.851370        0.641974
MDMin:  824 15:18:04    -2397.851876        0.639962
MDMin:  825 15:18:06    -2397.851955        2.195556
MDMin:  826 15:18:07    -2397.850107        0.636330
MDMin:  827 15:18:09    -2397.850400        0.635067
MDMin:  828 15:18:10    -2397.850808        0.633250
MDMin:  829 15:18:11    -2397.851321        0.630841
MDMin:  830 15:18:12    -2397.851605        2.179956
MDMin:  831 15:18:14    -2397.849555        0.626552
MDMin:  832 15:18:15    -2397.849853        0.625089
MDMin:  833 15:18:17    -2397.850265        0.622992
MDMin:  834 15:18:19    -2397.850785        0.620230
MDMin:  835 15:18:21    -2397.851224        2.164501
MDMin:  836 15:18:23    -2397.849014        0.615385
MDMin:  837 15:18:24    -2397.849315        0.613760
MDMin:  838 15:18:25    -2397.849733        0.611440
MDMin:  839 15:18:26    -2397.850259        0.608408
MDMin:  840 15:18:28    -2397.850820        2.149140
MDMin:  841 15:18:29    -2397.848476        0.606846
MDMin:  842 15:18:31    -2397.848780        0.607237
MDMin:  843 15:18:33    -2397.849202        0.607670
MDMin:  844 15:18:35    -2397.849733        0.607998
MDMin:  845 15:18:36    -2397.850366        0.608004
MDMin:  846 15:18:37    -2397.847306        2.141053
MDMin:  847 15:18:38    -2397.848490        0.607007
MDMin:  848 15:18:40    -2397.848804        0.606464
MDMin:  849 15:18:41    -2397.849235        0.605512
MDMin:  850 15:18:43    -2397.849772        0.603952
MDMin:  851 15:18:45    -2397.847335        2.121985
MDMin:  852 15:18:46    -2397.847966        0.600466
MDMin:  853 15:18:48    -2397.848271        0.599135
MDMin:  854 15:18:49    -2397.848693        0.597068
MDMin:  855 15:18:51    -2397.849223        0.594083
MDMin:  856 15:18:53    -2397.846991        2.106123
MDMin:  857 15:18:55    -2397.847394        0.588280
MDMin:  858 15:18:57    -2397.847701        0.586232
MDMin:  859 15:18:59    -2397.848126        0.583183
MDMin:  860 15:19:01    -2397.848660        0.579001
MDMin:  861 15:19:03    -2397.846624        2.090511
MDMin:  862 15:19:05    -2397.846791        0.582250
MDMin:  863 15:19:07    -2397.847103        0.585316
MDMin:  864 15:19:08    -2397.847533        0.589768
MDMin:  865 15:19:09    -2397.848072        0.595713
MDMin:  866 15:19:11    -2397.846275        2.074810
MDMin:  867 15:19:13    -2397.846151        0.606292
MDMin:  868 15:19:14    -2397.846469        0.609859
MDMin:  869 15:19:16    -2397.846906        0.614969
MDMin:  870 15:19:18    -2397.847451        0.621691
MDMin:  871 15:19:20    -2397.845955        2.058926
MDMin:  872 15:19:21    -2397.845461        0.633430
MDMin:  873 15:19:23    -2397.845788        0.637352
MDMin:  874 15:19:25    -2397.846233        0.642880
MDMin:  875 15:19:27    -2397.846788        0.650010
MDMin:  876 15:19:29    -2397.845685        2.042720
MDMin:  877 15:19:31    -2397.844695        0.662186
MDMin:  878 15:19:32    -2397.845035        0.666225
MDMin:  879 15:19:34    -2397.845495        0.671775
MDMin:  880 15:19:35    -2397.846063        0.678721
MDMin:  881 15:19:37    -2397.845532        2.025871
MDMin:  882 15:19:38    -2397.843760        0.690223
MDMin:  883 15:19:39    -2397.844130        1.010912
MDMin:  884 15:19:41    -2397.844591        0.945795
MDMin:  885 15:19:42    -2397.845174        0.868231
MDMin:  886 15:19:44    -2397.845692        2.007590
MDMin:  887 15:19:46    -2397.842472        0.734958
MDMin:  888 15:19:48    -2397.842898        0.717395
MDMin:  889 15:19:49    -2397.843453        0.721181
MDMin:  890 15:19:51    -2397.844129        0.725290
MDMin:  891 15:19:53    -2397.844916        0.729191
MDMin:  892 15:19:55    -2397.841989        1.993208
MDMin:  893 15:19:57    -2397.842246        0.732821
MDMin:  894 15:19:59    -2397.842665        0.733223
MDMin:  895 15:20:01    -2397.843212        0.733279
MDMin:  896 15:20:03    -2397.843880        0.732567
MDMin:  897 15:20:05    -2397.842813        1.969793
MDMin:  898 15:20:07    -2397.841571        0.729512
MDMin:  899 15:20:09    -2397.841952        0.728115
MDMin:  900 15:20:11    -2397.842466        0.725853
MDMin:  901 15:20:13    -2397.843104        0.722450
MDMin:  902 15:20:14    -2397.842796        1.950834
MDMin:  903 15:20:15    -2397.840919        0.715594
MDMin:  904 15:20:17    -2397.841291        0.713186
MDMin:  905 15:20:19    -2397.841800        0.709648
MDMin:  906 15:20:20    -2397.842435        0.704869
MDMin:  907 15:20:22    -2397.842526        1.933328
MDMin:  908 15:20:24    -2397.840259        0.696364
MDMin:  909 15:20:26    -2397.840639        0.693567
MDMin:  910 15:20:27    -2397.841158        0.689628
MDMin:  911 15:20:29    -2397.841804        0.684584
MDMin:  912 15:20:30    -2397.842227        1.916047
MDMin:  913 15:20:32    -2397.839493        0.676104
MDMin:  914 15:20:34    -2397.839903        0.673322
MDMin:  915 15:20:36    -2397.840451        0.669586
MDMin:  916 15:20:38    -2397.841116        0.879585
MDMin:  917 15:20:40    -2397.841862        1.250827
MDMin:  918 15:20:42    -2397.839658        1.900781
MDMin:  919 15:20:43    -2397.838657        1.046619
MDMin:  920 15:20:45    -2397.839209        0.932032
MDMin:  921 15:20:46    -2397.839927        0.793964
MDMin:  922 15:20:47    -2397.840805        0.642770
MDMin:  923 15:20:49    -2397.839341        1.878046
MDMin:  924 15:20:50    -2397.838048        0.636534
MDMin:  925 15:20:52    -2397.838549        0.634854
MDMin:  926 15:20:54    -2397.839209        0.634695
MDMin:  927 15:20:56    -2397.840018        0.634922
MDMin:  928 15:20:57    -2397.840022        1.854232
MDMin:  929 15:20:59    -2397.837712        0.633559
MDMin:  930 15:21:01    -2397.838164        0.632661
MDMin:  931 15:21:03    -2397.838779        0.631048
MDMin:  932 15:21:05    -2397.839546        0.628344
MDMin:  933 15:21:06    -2397.839951        1.834320
MDMin:  934 15:21:08    -2397.837364        0.622059
MDMin:  935 15:21:10    -2397.837810        0.619605
MDMin:  936 15:21:12    -2397.838425        0.617647
MDMin:  937 15:21:14    -2397.839196        0.616235
MDMin:  938 15:21:15    -2397.839599        1.815778
MDMin:  939 15:21:16    -2397.837032        0.613852
MDMin:  940 15:21:18    -2397.837489        0.613071
MDMin:  941 15:21:19    -2397.838120        0.611969
MDMin:  942 15:21:20    -2397.838913        0.610535
MDMin:  943 15:21:22    -2397.839197        1.797330
MDMin:  944 15:21:24    -2397.836734        0.607975
MDMin:  945 15:21:26    -2397.837209        0.607092
MDMin:  946 15:21:28    -2397.837862        0.605829
MDMin:  947 15:21:30    -2397.838681        0.604152
MDMin:  948 15:21:32    -2397.838819        1.778569
MDMin:  949 15:21:34    -2397.836474        0.601071
MDMin:  950 15:21:35    -2397.836969        0.599985
MDMin:  951 15:21:37    -2397.837647        0.598427
MDMin:  952 15:21:39    -2397.838495        0.596352
MDMin:  953 15:21:41    -2397.838500        1.759347
MDMin:  954 15:21:43    -2397.836239        0.592517
MDMin:  955 15:21:45    -2397.836758        0.591157
MDMin:  956 15:21:47    -2397.837465        0.589219
MDMin:  957 15:21:48    -2397.838346        0.586656
MDMin:  958 15:21:49    -2397.838280        1.739528
MDMin:  959 15:21:51    -2397.835983        0.581938
MDMin:  960 15:21:52    -2397.836538        0.580244
MDMin:  961 15:21:54    -2397.837283        0.577873
MDMin:  962 15:21:56    -2397.838198        0.699396
MDMin:  963 15:21:58    -2397.838316        1.718732
MDMin:  964 15:21:59    -2397.835502        0.647233
MDMin:  965 15:22:01    -2397.836178        0.566859
MDMin:  966 15:22:03    -2397.837087        0.563626
MDMin:  967 15:22:05    -2397.838195        0.559463
MDMin:  968 15:22:07    -2397.837798        1.696430
MDMin:  969 15:22:09    -2397.836310        1.654963
MDMin:  970 15:22:11    -2397.836691        1.678133
MDMin:  971 15:22:13    -2397.837277        1.656646
MDMin:  972 15:22:15    -2397.838066        1.610069
MDMin:  973 15:22:16    -2397.838799        1.676121
MDMin:  974 15:22:18    -2397.834600        1.501971
MDMin:  975 15:22:19    -2397.835416        1.453158
MDMin:  976 15:22:20    -2397.836449        1.389940
MDMin:  977 15:22:21    -2397.837685        1.313322
MDMin:  978 15:22:23    -2397.838968        1.650831
MDMin:  979 15:22:24    -2397.833791        1.179988
MDMin:  980 15:22:26    -2397.834731        1.132773
MDMin:  981 15:22:28    -2397.835895        1.073741
MDMin:  982 15:22:29    -2397.837266        1.003699
MDMin:  983 15:22:30    -2397.838830        0.923576
MDMin:  984 15:22:32    -2397.835633        1.619097
MDMin:  985 15:22:34    -2397.835125        0.795657
MDMin:  986 15:22:36    -2397.836069        0.756578
MDMin:  987 15:22:38    -2397.837239        0.707682
MDMin:  988 15:22:39    -2397.838618        0.649659
MDMin:  989 15:22:40    -2397.837999        1.586372
MDMin:  990 15:22:42    -2397.835486        0.638019
MDMin:  991 15:22:43    -2397.836338        0.637179
MDMin:  992 15:22:45    -2397.837426        0.634867
MDMin:  993 15:22:46    -2397.838734        0.630236
MDMin:  994 15:22:47    -2397.839166        1.558280
MDMin:  995 15:22:49    -2397.835900        0.618350
MDMin:  996 15:22:50    -2397.836710        0.613576
MDMin:  997 15:22:52    -2397.837765        0.606309
MDMin:  998 15:22:54    -2397.839045        0.595836
MDMin:  999 15:22:55    -2397.839844        1.532513
MDMin:  1000 15:22:57    -2397.836434        0.573204
MDMin:  1001 15:22:58    -2397.837213        0.569938
MDMin:  1002 15:22:59    -2397.838239        0.574533
MDMin:  1003 15:23:01    -2397.839488        0.580357
MDMin:  1004 15:23:02    -2397.840329        1.508325
MDMin:  1005 15:23:03    -2397.837078        0.590437
MDMin:  1006 15:23:04    -2397.837831        0.593750
MDMin:  1007 15:23:05    -2397.838839        0.598292
MDMin:  1008 15:23:07    -2397.840082        0.604045
MDMin:  1009 15:23:08    -2397.840422        1.485567
MDMin:  1010 15:23:10    -2397.837682        0.613926
MDMin:  1011 15:23:11    -2397.838445        0.617113
MDMin:  1012 15:23:12    -2397.839468        0.621428
MDMin:  1013 15:23:14    -2397.840733        0.626794
MDMin:  1014 15:23:16    -2397.840513        1.462884
MDMin:  1015 15:23:17    -2397.838394        0.635645
MDMin:  1016 15:23:19    -2397.839155        0.638344
MDMin:  1017 15:23:20    -2397.840165        0.641864
MDMin:  1018 15:23:22    -2397.841380        0.645961
MDMin:  1019 15:23:24    -2397.841002        1.440486
MDMin:  1020 15:23:26    -2397.839080        0.652252
MDMin:  1021 15:23:28    -2397.839840        0.654113
MDMin:  1022 15:23:31    -2397.840871        0.656460
MDMin:  1023 15:23:33    -2397.842151        0.659036
MDMin:  1024 15:23:34    -2397.840915        1.418741
MDMin:  1025 15:23:36    -2397.839929        0.662244
MDMin:  1026 15:23:37    -2397.840688        0.662906
MDMin:  1027 15:23:39    -2397.841716        0.663529
MDMin:  1028 15:23:41    -2397.842994        0.663810
MDMin:  1029 15:23:43    -2397.841038        1.396910
MDMin:  1030 15:23:45    -2397.840781        0.662878
MDMin:  1031 15:23:46    -2397.841545        0.662183
MDMin:  1032 15:23:48    -2397.842582        0.660913
MDMin:  1033 15:23:50    -2397.843871        0.658777
MDMin:  1034 15:23:52    -2397.841189        1.375192
MDMin:  1035 15:23:54    -2397.841662        0.653752
MDMin:  1036 15:23:56    -2397.842433        0.651796
MDMin:  1037 15:23:57    -2397.843480        0.648829
MDMin:  1038 15:23:58    -2397.844549        1.354996
MDMin:  1039 15:24:00    -2397.841351        0.642544
MDMin:  1040 15:24:02    -2397.842096        0.640092
MDMin:  1041 15:24:04    -2397.843127        0.636454
MDMin:  1042 15:24:05    -2397.844422        0.631485
MDMin:  1043 15:24:07    -2397.844066        1.335733
MDMin:  1044 15:24:08    -2397.842203        0.622176
MDMin:  1045 15:24:10    -2397.842995        0.619022
MDMin:  1046 15:24:12    -2397.844072        0.614540
MDMin:  1047 15:24:14    -2397.845413        0.608679
MDMin:  1048 15:24:16    -2397.844149        1.314416
MDMin:  1049 15:24:18    -2397.843174        0.598299
MDMin:  1050 15:24:20    -2397.843979        0.594946
MDMin:  1051 15:24:21    -2397.845071        0.590285
MDMin:  1052 15:24:23    -2397.846427        0.584337
MDMin:  1053 15:24:25    -2397.844384        1.292937
MDMin:  1054 15:24:27    -2397.844164        0.574125
MDMin:  1055 15:24:29    -2397.844981        0.570897
MDMin:  1056 15:24:30    -2397.846086        0.566471
MDMin:  1057 15:24:32    -2397.847456        0.560913
MDMin:  1058 15:24:33    -2397.844723        1.271393
MDMin:  1059 15:24:34    -2397.845154        0.551538
MDMin:  1060 15:24:36    -2397.845986        0.548603
MDMin:  1061 15:24:37    -2397.847108        0.544621
MDMin:  1062 15:24:39    -2397.848199        1.252212
MDMin:  1063 15:24:41    -2397.844856        0.537379
MDMin:  1064 15:24:42    -2397.845667        0.534865
MDMin:  1065 15:24:44    -2397.846779        0.531403
MDMin:  1066 15:24:45    -2397.848168        0.527071
MDMin:  1067 15:24:47    -2397.847964        1.232341
MDMin:  1068 15:24:49    -2397.845761        0.519774
MDMin:  1069 15:24:51    -2397.846635        0.517468
MDMin:  1070 15:24:52    -2397.847809        0.514367
MDMin:  1071 15:24:54    -2397.849258        0.510550
MDMin:  1072 15:24:56    -2397.848349        1.210602
MDMin:  1073 15:24:58    -2397.846771        0.504661
MDMin:  1074 15:24:59    -2397.847673        0.502807
MDMin:  1075 15:25:01    -2397.848876        0.500219
MDMin:  1076 15:25:03    -2397.850354        0.496856
MDMin:  1077 15:25:04    -2397.848947        1.188509
MDMin:  1078 15:25:06    -2397.847791        0.496982
MDMin:  1079 15:25:08    -2397.848718        0.499998
MDMin:  1080 15:25:10    -2397.849947        0.504120
MDMin:  1081 15:25:12    -2397.851451        0.509343
MDMin:  1082 15:25:14    -2397.849697        1.166180
MDMin:  1083 15:25:16    -2397.848805        0.518529
MDMin:  1084 15:25:18    -2397.849758        0.521564
MDMin:  1085 15:25:19    -2397.851015        0.525637
MDMin:  1086 15:25:21    -2397.852549        0.530687
MDMin:  1087 15:25:23    -2397.850596        1.143595
MDMin:  1088 15:25:24    -2397.849810        0.539294
MDMin:  1089 15:25:26    -2397.850792        0.542059
MDMin:  1090 15:25:28    -2397.852081        0.545666
MDMin:  1091 15:25:30    -2397.853647        0.549981
MDMin:  1092 15:25:32    -2397.851645        1.120737
MDMin:  1093 15:25:34    -2397.850808        0.556897
MDMin:  1094 15:25:36    -2397.851822        0.558980
MDMin:  1095 15:25:38    -2397.853144        0.561555
MDMin:  1096 15:25:40    -2397.854746        0.564396
MDMin:  1097 15:25:41    -2397.852842        1.097609
MDMin:  1098 15:25:43    -2397.851804        0.568239
MDMin:  1099 15:25:44    -2397.852850        0.569151
MDMin:  1100 15:25:46    -2397.854208        0.570044
MDMin:  1101 15:25:48    -2397.855847        0.570610
MDMin:  1102 15:25:50    -2397.854179        1.074240
MDMin:  1103 15:25:52    -2397.852804        0.569981
MDMin:  1104 15:25:53    -2397.853882        0.569260
MDMin:  1105 15:25:55    -2397.855275        0.567894
MDMin:  1106 15:25:57    -2397.856952        0.565524
MDMin:  1107 15:25:59    -2397.855643        1.050688
MDMin:  1108 15:26:01    -2397.853816        0.559423
MDMin:  1109 15:26:03    -2397.854924        0.556798
MDMin:  1110 15:26:04    -2397.856351        0.552889
MDMin:  1111 15:26:06    -2397.858064        0.547342
MDMin:  1112 15:26:07    -2397.857213        1.027042
MDMin:  1113 15:26:09    -2397.854848        0.535624
MDMin:  1114 15:26:10    -2397.855983        0.537657
MDMin:  1115 15:26:12    -2397.857440        0.541565
MDMin:  1116 15:26:14    -2397.859188        0.546512
MDMin:  1117 15:26:16    -2397.858869        1.003401
MDMin:  1118 15:26:17    -2397.855901        0.555283
MDMin:  1119 15:26:19    -2397.857060        0.558127
MDMin:  1120 15:26:21    -2397.858546        0.561985
MDMin:  1121 15:26:23    -2397.860326        0.566909
MDMin:  1122 15:26:24    -2397.860590        0.979841
MDMin:  1123 15:26:26    -2397.856971        0.575728
MDMin:  1124 15:26:28    -2397.858154        0.578598
MDMin:  1125 15:26:30    -2397.859669        0.582520
MDMin:  1126 15:26:32    -2397.861481        0.587571
MDMin:  1127 15:26:34    -2397.862364        0.956400
MDMin:  1128 15:26:36    -2397.858049        0.596702
MDMin:  1129 15:26:38    -2397.859260        0.599668
MDMin:  1130 15:26:40    -2397.860806        0.603734
MDMin:  1131 15:26:41    -2397.862654        0.608964
MDMin:  1132 15:26:43    -2397.864189        0.933066
MDMin:  1133 15:26:44    -2397.859123        0.618256
MDMin:  1134 15:26:46    -2397.860370        0.621166
MDMin:  1135 15:26:48    -2397.861956        0.625091
MDMin:  1136 15:26:50    -2397.863847        0.629983
MDMin:  1137 15:26:52    -2397.866003        0.635636
MDMin:  1138 15:26:53    -2397.863019        0.904109
MDMin:  1139 15:26:54    -2397.862050        0.643156
MDMin:  1140 15:26:56    -2397.863422        0.644337
MDMin:  1141 15:26:58    -2397.865122        0.645278
MDMin:  1142 15:27:00    -2397.867108        0.644960
MDMin:  1143 15:27:02    -2397.866061        0.879629
MDMin:  1144 15:27:04    -2397.863053        0.636138
MDMin:  1145 15:27:06    -2397.864459        0.629042
MDMin:  1146 15:27:08    -2397.866197        0.686416
MDMin:  1147 15:27:10    -2397.868220        0.781488
MDMin:  1148 15:27:12    -2397.868756        0.942875
MDMin:  1149 15:27:13    -2397.863685        1.035586
MDMin:  1150 15:27:14    -2397.865247        1.407514
MDMin:  1151 15:27:16    -2397.866980        1.454004
MDMin:  1152 15:27:18    -2397.869005        1.444767
MDMin:  1153 15:27:20    -2397.871311        1.403325
MDMin:  1154 15:27:22    -2397.869126        1.336776
MDMin:  1155 15:27:23    -2397.864873        1.288416
MDMin:  1156 15:27:25    -2397.867011        1.234753
MDMin:  1157 15:27:26    -2397.869481        1.164996
MDMin:  1158 15:27:27    -2397.872244        1.078347
MDMin:  1159 15:27:29    -2397.873263        0.974715
MDMin:  1160 15:27:31    -2397.865580        0.909541
MDMin:  1161 15:27:33    -2397.867858        0.844879
MDMin:  1162 15:27:35    -2397.870484        0.766562
MDMin:  1163 15:27:37    -2397.873415        0.754039
MDMin:  1164 15:27:39    -2397.876610        0.763227
MDMin:  1165 15:27:40    -2397.874042        0.817970
MDMin:  1166 15:27:42    -2397.870101        0.751082
MDMin:  1167 15:27:43    -2397.872374        0.740584
MDMin:  1168 15:27:45    -2397.874997        0.723411
MDMin:  1169 15:27:47    -2397.877925        0.697957
MDMin:  1170 15:27:49    -2397.879071        0.810207
MDMin:  1171 15:27:50    -2397.872454        0.642651
MDMin:  1172 15:27:51    -2397.874453        0.622368
MDMin:  1173 15:27:52    -2397.876835        0.595798
MDMin:  1174 15:27:53    -2397.879554        0.587161
MDMin:  1175 15:27:55    -2397.882565        0.580858
MDMin:  1176 15:27:56    -2397.879740        0.824361
MDMin:  1177 15:27:57    -2397.877468        0.568440
MDMin:  1178 15:27:58    -2397.879365        0.564244
MDMin:  1179 15:28:00    -2397.881643        0.558849
MDMin:  1180 15:28:01    -2397.884254        0.552219
MDMin:  1181 15:28:02    -2397.883581        0.816919
MDMin:  1182 15:28:03    -2397.879777        0.540268
MDMin:  1183 15:28:06    -2397.881492        0.536371
MDMin:  1184 15:28:08    -2397.883606        0.531400
MDMin:  1185 15:28:10    -2397.886072        0.525404
MDMin:  1186 15:28:11    -2397.886342        0.814781
MDMin:  1187 15:28:13    -2397.881805        0.514889
MDMin:  1188 15:28:15    -2397.883462        0.511500
MDMin:  1189 15:28:17    -2397.885526        0.507194
MDMin:  1190 15:28:18    -2397.887950        0.502049
MDMin:  1191 15:28:19    -2397.888665        0.814584
MDMin:  1192 15:28:21    -2397.883719        0.493145
MDMin:  1193 15:28:22    -2397.885368        0.490290
MDMin:  1194 15:28:24    -2397.887430        0.486678
MDMin:  1195 15:28:26    -2397.889853        0.482390
MDMin:  1196 15:28:28    -2397.890784        0.815065
MDMin:  1197 15:28:30    -2397.885566        0.475017
MDMin:  1198 15:28:32    -2397.887232        0.472657
MDMin:  1199 15:28:34    -2397.889312        0.469685
MDMin:  1200 15:28:36    -2397.891754        0.466177
MDMin:  1201 15:28:38    -2397.892682        1.135069
MDMin:  1202 15:28:40    -2397.891437        0.828611
MDMin:  1203 15:28:42    -2397.892899        1.088573
MDMin:  1204 15:28:44    -2397.892959        1.073328
MDMin:  1205 15:28:46    -2397.893048        1.049476
MDMin:  1206 15:28:48    -2397.893164        1.016224
MDMin:  1207 15:28:50    -2397.893304        0.972847
MDMin:  1208 15:28:52    -2397.892605        0.815203
MDMin:  1209 15:28:54    -2397.893551        0.905906
MDMin:  1210 15:28:55    -2397.893613        0.886115
MDMin:  1211 15:28:57    -2397.893696        0.858465
MDMin:  1212 15:28:58    -2397.893798        0.823103
MDMin:  1213 15:29:00    -2397.893915        0.780613
MDMin:  1214 15:29:01    -2397.894044        0.732122
MDMin:  1215 15:29:03    -2397.894182        0.679239
MDMin:  1216 15:29:05    -2397.894324        0.623823
MDMin:  1217 15:29:06    -2397.894467        0.567716
MDMin:  1218 15:29:08    -2397.894611        0.551905
MDMin:  1219 15:29:10    -2397.894753        0.567789
MDMin:  1220 15:29:11    -2397.894895        0.584469
MDMin:  1221 15:29:13    -2397.895037        0.600908
MDMin:  1222 15:29:14    -2397.895181        0.615455
MDMin:  1223 15:29:16    -2397.895331        0.625770
MDMin:  1224 15:29:18    -2397.895488        0.628904
MDMin:  1225 15:29:19    -2397.895656        0.621670
MDMin:  1226 15:29:21    -2397.895836        0.601469
MDMin:  1227 15:29:23    -2397.896030        0.567114
MDMin:  1228 15:29:25    -2397.896241        0.519594
MDMin:  1229 15:29:27    -2397.896468        0.481147
MDMin:  1230 15:29:28    -2397.896712        0.485490
MDMin:  1231 15:29:30    -2397.896974        0.506633
MDMin:  1232 15:29:32    -2397.897252        0.537105
MDMin:  1233 15:29:33    -2397.897547        0.567257
MDMin:  1234 15:29:35    -2397.897859        0.590615
MDMin:  1235 15:29:37    -2397.898186        0.598706
MDMin:  1236 15:29:39    -2397.898529        0.585978
MDMin:  1237 15:29:41    -2397.898888        0.566236
MDMin:  1238 15:29:43    -2397.899262        0.591819
MDMin:  1239 15:29:44    -2397.899649        0.622163
MDMin:  1240 15:29:46    -2397.898857        0.656093
MDMin:  1241 15:29:47    -2397.899189        1.168117
MDMin:  1242 15:29:48    -2397.899198        0.685523
MDMin:  1243 15:29:49    -2397.899216        0.692372
MDMin:  1244 15:29:50    -2397.899249        0.700283
MDMin:  1245 15:29:52    -2397.899301        0.709191
MDMin:  1246 15:29:53    -2397.899377        0.718968
MDMin:  1247 15:29:56    -2397.899481        0.729383
MDMin:  1248 15:29:58    -2397.899614        0.740045
MDMin:  1249 15:29:59    -2397.899776        0.750364
MDMin:  1250 15:30:00    -2397.899966        0.759499
MDMin:  1251 15:30:02    -2397.900184        0.766358
MDMin:  1252 15:30:03    -2397.900428        0.769531
MDMin:  1253 15:30:05    -2397.900695        0.767251
MDMin:  1254 15:30:07    -2397.900905        0.757204
MDMin:  1255 15:30:09    -2397.901097        0.736833
MDMin:  1256 15:30:10    -2397.901304        0.701872
MDMin:  1257 15:30:12    -2397.901522        0.662778
MDMin:  1258 15:30:14    -2397.901749        0.756180
MDMin:  1259 15:30:15    -2397.901825        0.838415
MDMin:  1260 15:30:17    -2397.901651        0.882996
MDMin:  1261 15:30:19    -2397.901832        0.893698
MDMin:  1262 15:30:20    -2397.902081        0.848173
MDMin:  1263 15:30:22    -2397.902393        0.700253
MDMin:  1264 15:30:24    -2397.902760        0.659032
MDMin:  1265 15:30:26    -2397.903057        0.666351
MDMin:  1266 15:30:27    -2397.903323        0.590053
MDMin:  1267 15:30:29    -2397.903582        0.581045
MDMin:  1268 15:30:30    -2397.903783        0.692276
MDMin:  1269 15:30:31    -2397.903880        0.558814
MDMin:  1270 15:30:32    -2397.903971        0.550598
MDMin:  1271 15:30:34    -2397.904073        0.540963
MDMin:  1272 15:30:35    -2397.903831        0.530023
MDMin:  1273 15:30:37    -2397.904271        0.519349
MDMin:  1274 15:30:39    -2397.904389        0.508199
MDMin:  1275 15:30:40    -2397.904412        0.496454
MDMin:  1276 15:30:42    -2397.904503        0.485577
MDMin:  1277 15:30:44    -2397.904606        0.501758
MDMin:  1278 15:30:46    -2397.904735        0.506573
MDMin:  1279 15:30:48    -2397.904889        0.499457
MDMin:  1280 15:30:50    -2397.904980        0.482264
MDMin:  1281 15:30:52    -2397.904753        0.469011
MDMin:  1282 15:30:53    -2397.905008        0.472197
MDMin:  1283 15:30:55    -2397.905277        0.472155
MDMin:  1284 15:30:57    -2397.905564        0.468313
MDMin:  1285 15:30:59    -2397.905790        0.477187
MDMin:  1286 15:31:01    -2397.906042        0.492796
MDMin:  1287 15:31:02    -2397.906305        0.511955
MDMin:  1288 15:31:04    -2397.906579        0.534408
MDMin:  1289 15:31:07    -2397.906865        0.558721
MDMin:  1290 15:31:08    -2397.907112        0.581575
MDMin:  1291 15:31:10    -2397.907104        0.596392
MDMin:  1292 15:31:12    -2397.907411        0.599689
MDMin:  1293 15:31:14    -2397.907734        0.586012
MDMin:  1294 15:31:16    -2397.908052        0.566385
MDMin:  1295 15:31:18    -2397.905924        0.889819
MDMin:  1296 15:31:20    -2397.907623        0.868537
MDMin:  1297 15:31:22    -2397.905638        0.861923
MDMin:  1298 15:31:24    -2397.902056        0.845210
MDMin:  1299 15:31:26    -2397.896990        0.819049
MDMin:  1300 15:31:28    -2397.890708        0.785979
MDMin:  1301 15:31:30    -2397.883583        0.748726
MDMin:  1302 15:31:32    -2397.876037        0.709920
MDMin:  1303 15:31:33    -2397.868476        0.671668
MDMin:  1304 15:31:35    -2397.861247        0.635117
MDMin:  1305 15:31:37    -2397.854621        0.600692
MDMin:  1306 15:31:39    -2397.848805        0.578435
MDMin:  1307 15:31:41    -2397.843960        0.573660
MDMin:  1308 15:31:43    -2397.840219        0.562371
MDMin:  1309 15:31:45    -2397.837703        0.545359
MDMin:  1310 15:31:47    -2397.836527        0.524464
MDMin:  1311 15:31:48    -2397.836803        0.501907
MDMin:  1312 15:31:50    -2397.838628        0.479524
MDMin:  1313 15:31:52    -2397.842068        0.458327
MDMin:  1314 15:31:53    -2397.847128        0.438554
MDMin:  1315 15:31:55    -2397.853722        0.420010
MDMin:  1316 15:31:57    -2397.861664        0.413675
MDMin:  1317 15:31:58    -2397.855362        0.870446
MDMin:  1318 15:32:00    -2397.855667        0.416918
MDMin:  1319 15:32:01    -2397.857264        0.417415
MDMin:  1320 15:32:03    -2397.859186        0.418150
MDMin:  1321 15:32:05    -2397.861434        0.419203
MDMin:  1322 15:32:07    -2397.864012        0.420678
MDMin:  1323 15:32:09    -2397.866924        0.422700
MDMin:  1324 15:32:11    -2397.870041        0.807239
MDMin:  1325 15:32:13    -2397.863585        0.426357
MDMin:  1326 15:32:14    -2397.864500        0.427186
MDMin:  1327 15:32:16    -2397.865761        0.428405
MDMin:  1328 15:32:18    -2397.867362        0.430079
MDMin:  1329 15:32:20    -2397.869298        0.432293
MDMin:  1330 15:32:22    -2397.871564        0.435149
MDMin:  1331 15:32:24    -2397.873418        0.810860
MDMin:  1332 15:32:26    -2397.868443        0.440102
MDMin:  1333 15:32:28    -2397.869294        0.441335
MDMin:  1334 15:32:29    -2397.870491        0.443146
MDMin:  1335 15:32:31    -2397.872026        0.445598
MDMin:  1336 15:32:33    -2397.873891        0.448768
MDMin:  1337 15:32:35    -2397.876077        0.452747
MDMin:  1338 15:32:37    -2397.875976        0.815541
MDMin:  1339 15:32:39    -2397.872859        0.459451
MDMin:  1340 15:32:41    -2397.873718        0.461132
MDMin:  1341 15:32:43    -2397.874917        0.463556
MDMin:  1342 15:32:45    -2397.876449        0.466769
MDMin:  1343 15:32:47    -2397.878301        0.470818
MDMin:  1344 15:32:49    -2397.879893        0.810587
MDMin:  1345 15:32:51    -2397.875055        0.477693
MDMin:  1346 15:32:53    -2397.875888        0.479536
MDMin:  1347 15:32:55    -2397.877059        0.482181
MDMin:  1348 15:32:57    -2397.878560        0.485643
MDMin:  1349 15:32:59    -2397.880375        0.489919
MDMin:  1350 15:33:01    -2397.882494        0.494984
MDMin:  1351 15:33:03    -2397.882002        0.816069
MDMin:  1352 15:33:05    -2397.878842        0.502938
MDMin:  1353 15:33:07    -2397.879735        0.504889
MDMin:  1354 15:33:09    -2397.880957        0.507554
MDMin:  1355 15:33:10    -2397.882495        0.510870
MDMin:  1356 15:33:12    -2397.884335        0.514734
MDMin:  1357 15:33:13    -2397.885940        0.809830
MDMin:  1358 15:33:14    -2397.880580        0.520606
MDMin:  1359 15:33:16    -2397.881455        0.522060
MDMin:  1360 15:33:17    -2397.882655        0.523972
MDMin:  1361 15:33:18    -2397.884166        0.526209
MDMin:  1362 15:33:19    -2397.885971        0.528574
MDMin:  1363 15:33:21    -2397.888055        0.530793
MDMin:  1364 15:33:22    -2397.888177        0.813953
MDMin:  1365 15:33:24    -2397.883719        0.532879
MDMin:  1366 15:33:26    -2397.884662        0.533076
MDMin:  1367 15:33:28    -2397.885914        0.533106
MDMin:  1368 15:33:30    -2397.887461        0.532737
MDMin:  1369 15:33:32    -2397.889285        0.531659
MDMin:  1370 15:33:34    -2397.891370        0.529492
MDMin:  1371 15:33:35    -2397.891019        0.814186
MDMin:  1372 15:33:37    -2397.886575        0.524421
MDMin:  1373 15:33:39    -2397.887541        0.526176
MDMin:  1374 15:33:41    -2397.888802        0.528298
MDMin:  1375 15:33:43    -2397.890339        0.530568
MDMin:  1376 15:33:45    -2397.892138        0.532696
MDMin:  1377 15:33:47    -2397.894180        0.534316
MDMin:  1378 15:33:49    -2397.894008        0.812530
MDMin:  1379 15:33:51    -2397.888991        0.534873
MDMin:  1380 15:33:52    -2397.889956        0.534566
MDMin:  1381 15:33:54    -2397.891198        0.533886
MDMin:  1382 15:33:56    -2397.892700        0.532611
MDMin:  1383 15:33:57    -2397.894445        0.530489
MDMin:  1384 15:33:58    -2397.896416        0.527255
MDMin:  1385 15:34:00    -2397.896999        0.809711
MDMin:  1386 15:34:01    -2397.890938        0.520430
MDMin:  1387 15:34:03    -2397.891874        0.518309
MDMin:  1388 15:34:05    -2397.893069        0.515354
MDMin:  1389 15:34:07    -2397.894505        0.511465
MDMin:  1390 15:34:08    -2397.896166        0.506549
MDMin:  1391 15:34:10    -2397.898037        0.500545
MDMin:  1392 15:34:11    -2397.899875        0.806169
MDMin:  1393 15:34:13    -2397.892387        0.490353
MDMin:  1394 15:34:15    -2397.893268        0.487591
MDMin:  1395 15:34:16    -2397.894390        0.483921
MDMin:  1396 15:34:17    -2397.895734        0.479343
MDMin:  1397 15:34:19    -2397.897285        0.473875
MDMin:  1398 15:34:21    -2397.899027        0.467556
MDMin:  1399 15:34:23    -2397.900940        0.460448
MDMin:  1400 15:34:25    -2397.901347        0.810340
MDMin:  1401 15:34:27    -2397.894792        0.449529
MDMin:  1402 15:34:29    -2397.895621        0.446875
MDMin:  1403 15:34:31    -2397.896657        0.443437
MDMin:  1404 15:34:33    -2397.897882        0.439247
MDMin:  1405 15:34:35    -2397.899283        0.434343
MDMin:  1406 15:34:36    -2397.900845        0.428769
MDMin:  1407 15:34:39    -2397.902546        0.422568
MDMin:  1408 15:34:40    -2397.903312        0.808576
MDMin:  1409 15:34:42    -2397.896361        0.413163
MDMin:  1410 15:34:44    -2397.897069        0.410938
MDMin:  1411 15:34:46    -2397.897952        0.408033
MDMin:  1412 15:34:47    -2397.898995        0.404465
MDMin:  1413 15:34:48    -2397.900183        0.400255
MDMin:  1414 15:34:50    -2397.901502        0.395424
MDMin:  1415 15:34:52    -2397.902932        0.392246
MDMin:  1416 15:34:53    -2397.904448        0.389989
MDMin:  1417 15:34:55    -2397.904165        0.811383
MDMin:  1418 15:34:57    -2397.897922        0.386424
MDMin:  1419 15:34:59    -2397.898495        0.385574
MDMin:  1420 15:35:00    -2397.899198        0.384466
MDMin:  1421 15:35:01    -2397.900015        0.383107
MDMin:  1422 15:35:03    -2397.900935        0.381509
MDMin:  1423 15:35:05    -2397.901942        0.379690
MDMin:  1424 15:35:07    -2397.903018        0.377674
MDMin:  1425 15:35:09    -2397.904137        0.375498
MDMin:  1426 15:35:11    -2397.905272        0.373222
MDMin:  1427 15:35:13    -2397.904709        0.812593
MDMin:  1428 15:35:15    -2397.898249        0.370130
MDMin:  1429 15:35:17    -2397.898650        0.369497
MDMin:  1430 15:35:18    -2397.899121        0.369878
MDMin:  1431 15:35:20    -2397.899649        0.371621
MDMin:  1432 15:35:22    -2397.900224        0.373965
MDMin:  1433 15:35:24    -2397.900833        0.377049
MDMin:  1434 15:35:25    -2397.901457        0.381032
MDMin:  1435 15:35:27    -2397.902075        0.386088
MDMin:  1436 15:35:29    -2397.902348        1.052162
MDMin:  1437 15:35:30    -2397.902458        1.038885
MDMin:  1438 15:35:32    -2397.902603        1.019626
MDMin:  1439 15:35:33    -2397.902781        0.989975
MDMin:  1440 15:35:35    -2397.902992        0.946081
MDMin:  1441 15:35:37    -2397.903233        0.887872
MDMin:  1442 15:35:39    -2397.903505        0.819249
MDMin:  1443 15:35:40    -2397.903803        0.745628
MDMin:  1444 15:35:42    -2397.904125        0.671698
MDMin:  1445 15:35:45    -2397.904467        0.600781
MDMin:  1446 15:35:47    -2397.904823        0.535111
MDMin:  1447 15:35:49    -2397.905188        0.476094
MDMin:  1448 15:35:50    -2397.905554        0.483426
MDMin:  1449 15:35:52    -2397.905915        0.487922
MDMin:  1450 15:35:54    -2397.906267        0.485687
MDMin:  1451 15:35:56    -2397.906607        0.475752
MDMin:  1452 15:35:57    -2397.906932        0.458908
MDMin:  1453 15:35:59    -2397.907242        0.465234
MDMin:  1454 15:36:00    -2397.907538        0.474125
MDMin:  1455 15:36:02    -2397.907821        0.473701
MDMin:  1456 15:36:04    -2397.908092        0.460226
MDMin:  1457 15:36:05    -2397.908356        0.431638
MDMin:  1458 15:36:07    -2397.908614        0.394529
MDMin:  1459 15:36:09    -2397.908869        0.391999
MDMin:  1460 15:36:11    -2397.909119        0.496870
MDMin:  1461 15:36:12    -2397.905215        0.945272
MDMin:  1462 15:36:14    -2397.907397        0.898569
MDMin:  1463 15:36:16    -2397.909221        0.774741
MDMin:  1464 15:36:18    -2397.909238        0.565032
MDMin:  1465 15:36:20    -2397.909264        0.370058
MDMin:  1466 15:36:21    -2397.909301        0.367508
MDMin:  1467 15:36:23    -2397.909346        0.364410
MDMin:  1468 15:36:24    -2397.909399        0.360832
MDMin:  1469 15:36:26    -2397.909459        0.356793
MDMin:  1470 15:36:28    -2397.909527        0.352321
MDMin:  1471 15:36:30    -2397.909602        0.347462
MDMin:  1472 15:36:32    -2397.909685        0.342282
MDMin:  1473 15:36:33    -2397.909776        0.336871
MDMin:  1474 15:36:35    -2397.909874        0.341878
MDMin:  1475 15:36:37    -2397.909981        0.354058
MDMin:  1476 15:36:39    -2397.910095        0.367369
MDMin:  1477 15:36:41    -2397.910217        0.381221
MDMin:  1478 15:36:43    -2397.910348        0.394632
MDMin:  1479 15:36:45    -2397.910486        0.406187
MDMin:  1480 15:36:47    -2397.910632        0.414125
MDMin:  1481 15:36:48    -2397.910786        0.416611
MDMin:  1482 15:36:50    -2397.910949        0.412251
MDMin:  1483 15:36:52    -2397.911121        0.400672
MDMin:  1484 15:36:54    -2397.911301        0.382820
MDMin:  1485 15:36:55    -2397.911491        0.360700
MDMin:  1486 15:36:56    -2397.911690        0.349258
MDMin:  1487 15:36:58    -2397.911893        0.367918
MDMin:  1488 15:36:59    -2397.912075        0.634207
MDMin:  1489 15:37:01    -2397.912142        0.392397
MDMin:  1490 15:37:03    -2397.912185        0.396520
MDMin:  1491 15:37:05    -2397.912236        0.401400
MDMin:  1492 15:37:06    -2397.912295        0.406861
MDMin:  1493 15:37:08    -2397.912361        0.412764
MDMin:  1494 15:37:10    -2397.912434        0.418886
MDMin:  1495 15:37:12    -2397.912515        0.424902
MDMin:  1496 15:37:13    -2397.912603        0.430361
MDMin:  1497 15:37:15    -2397.912698        0.434670
MDMin:  1498 15:37:16    -2397.912800        0.437094
MDMin:  1499 15:37:18    -2397.912909        0.436780
MDMin:  1500 15:37:20    -2397.913026        0.432855
MDMin:  1501 15:37:22    -2397.913150        0.424491
MDMin:  1502 15:37:24    -2397.913281        0.411046
MDMin:  1503 15:37:25    -2397.913420        0.392232
MDMin:  1504 15:37:27    -2397.913567        0.368246
MDMin:  1505 15:37:29    -2397.913722        0.339809
MDMin:  1506 15:37:31    -2397.913886        0.314663
MDMin:  1507 15:37:32    -2397.914058        0.306317
MDMin:  1508 15:37:33    -2397.914239        0.296230
MDMin:  1509 15:37:35    -2397.914430        0.284885
MDMin:  1510 15:37:37    -2397.914523        0.272908
MDMin:  1511 15:37:39    -2397.914160        0.261597
MDMin:  1512 15:37:41    -2397.914309        0.349554
MDMin:  1513 15:37:43    -2397.914436        0.567065
MDMin:  1514 15:37:45    -2397.914461        0.277421
MDMin:  1515 15:37:47    -2397.914501        0.242791
MDMin:  1516 15:37:49    -2397.914549        0.242895
MDMin:  1517 15:37:51    -2397.914605        0.242980
MDMin:  1518 15:37:52    -2397.914669        0.243027
MDMin:  1519 15:37:54    -2397.914742        0.243007
MDMin:  1520 15:37:56    -2397.914772        0.242884
MDMin:  1521 15:37:58    -2397.914661        0.242624
MDMin:  1522 15:37:59    -2397.914745        0.242184
MDMin:  1523 15:38:01    -2397.914839        0.241495
MDMin:  1524 15:38:02    -2397.914834        0.240473
MDMin:  1525 15:38:05    -2397.914746        0.239088
MDMin:  1526 15:38:06    -2397.914852        0.237247
MDMin:  1527 15:38:08    -2397.914926        0.234801
MDMin:  1528 15:38:09    -2397.914762        0.231763
MDMin:  1529 15:38:11    -2397.914884        0.231514
MDMin:  1530 15:38:13    -2397.914975        0.235670
MDMin:  1531 15:38:15    -2397.914811        0.241068
MDMin:  1532 15:38:16    -2397.914952        0.247860
MDMin:  1533 15:38:18    -2397.914983        0.256411
MDMin:  1534 15:38:20    -2397.914904        0.266485
MDMin:  1535 15:38:22    -2397.915063        0.278095
MDMin:  1536 15:38:23    -2397.914951        0.291491
MDMin:  1537 15:38:25    -2397.915046        0.305979
MDMin:  1538 15:38:27    -2397.915029        0.321085
MDMin:  1539 15:38:28    -2397.915045        0.336100
MDMin:  1540 15:38:29    -2397.915058        0.350074
MDMin:  1541 15:38:31    -2397.915069        0.361971
MDMin:  1542 15:38:32    -2397.915052        0.370582
MDMin:  1543 15:38:34    -2397.915119        0.374862
MDMin:  1544 15:38:36    -2397.914952        0.953903
MDMin:  1545 15:38:37    -2397.915083        0.373322
MDMin:  1546 15:38:39    -2397.915101        0.372753
MDMin:  1547 15:38:41    -2397.915127        0.371847
MDMin:  1548 15:38:43    -2397.915159        0.370504
MDMin:  1549 15:38:44    -2397.915197        0.368597
MDMin:  1550 15:38:46    -2397.915174        0.366021
MDMin:  1551 15:38:48    -2397.915168        0.371724
MDMin:  1552 15:38:50    -2397.915194        0.377614
MDMin:  1553 15:38:52    -2397.915133        0.383372
MDMin:  1554 15:38:53    -2397.915198        0.388703
MDMin:  1555 15:38:54    -2397.915175        0.393248
MDMin:  1556 15:38:56    -2397.915138        0.396469
MDMin:  1557 15:38:57    -2397.915215        0.397950
MDMin:  1558 15:38:59    -2397.915027        0.949521
MDMin:  1559 15:39:01    -2397.915160        0.396820
MDMin:  1560 15:39:03    -2397.915177        0.396409
MDMin:  1561 15:39:05    -2397.915202        0.395706
MDMin:  1562 15:39:07    -2397.915228        0.394606
MDMin:  1563 15:39:09    -2397.915218        0.392991
MDMin:  1564 15:39:10    -2397.915190        0.390738
MDMin:  1565 15:39:12    -2397.915228        0.387678
MDMin:  1566 15:39:14    -2397.915215        0.383629
MDMin:  1567 15:39:15    -2397.915168        0.378536
MDMin:  1568 15:39:17    -2397.915220        0.372252
MDMin:  1569 15:39:18    -2397.915080        0.945768
MDMin:  1570 15:39:19    -2397.915219        0.363276
MDMin:  1571 15:39:21    -2397.915233        0.362026
MDMin:  1572 15:39:23    -2397.915255        0.360005
MDMin:  1573 15:39:25    -2397.915244        0.357198
MDMin:  1574 15:39:26    -2397.915218        0.353620
MDMin:  1575 15:39:28    -2397.915246        0.349206
MDMin:  1576 15:39:30    -2397.915247        0.343893
MDMin:  1577 15:39:31    -2397.915186        0.337790
MDMin:  1578 15:39:32    -2397.915228        0.330823
MDMin:  1579 15:39:34    -2397.914875        0.943444
MDMin:  1580 15:39:35    -2397.915258        0.321640
MDMin:  1581 15:39:37    -2397.915270        0.320448
MDMin:  1582 15:39:38    -2397.915253        0.318426
MDMin:  1583 15:39:40    -2397.915268        0.315591
MDMin:  1584 15:39:42    -2397.915269        0.311927
MDMin:  1585 15:39:44    -2397.915221        0.307536
MDMin:  1586 15:39:46    -2397.915249        0.302375
MDMin:  1587 15:39:48    -2397.915156        0.940986
MDMin:  1588 15:39:50    -2397.915276        0.295354
MDMin:  1589 15:39:52    -2397.915287        0.294338
MDMin:  1590 15:39:53    -2397.915261        0.292523
MDMin:  1591 15:39:55    -2397.915275        0.289931
MDMin:  1592 15:39:57    -2397.915286        0.286555
MDMin:  1593 15:39:59    -2397.915227        0.282507
MDMin:  1594 15:40:01    -2397.915255        0.277748
MDMin:  1595 15:40:03    -2397.915090        0.939276
MDMin:  1596 15:40:05    -2397.915295        0.271330
MDMin:  1597 15:40:07    -2397.915293        0.270462
MDMin:  1598 15:40:09    -2397.915299        0.268850
MDMin:  1599 15:40:11    -2397.915262        0.266547
MDMin:  1600 15:40:12    -2397.915279        0.263535
MDMin:  1601 15:40:14    -2397.915300        0.259809
MDMin:  1602 15:40:16    -2397.915286        0.937562
MDMin:  1603 15:40:18    -2397.915286        0.254581
MDMin:  1604 15:40:20    -2397.915294        0.253832
MDMin:  1605 15:40:22    -2397.915304        0.252372
MDMin:  1606 15:40:23    -2397.915304        0.250224
MDMin:  1607 15:40:24    -2397.915264        0.247460
MDMin:  1608 15:40:26    -2397.915284        0.244053
MDMin:  1609 15:40:27    -2397.915308        0.239994
MDMin:  1610 15:40:29    -2397.914906        0.936591
MDMin:  1611 15:40:31    -2397.915294        0.234587
MDMin:  1612 15:40:33    -2397.915301        0.233949
MDMin:  1613 15:40:35    -2397.915315        0.232654
MDMin:  1614 15:40:37    -2397.915310        0.230725
MDMin:  1615 15:40:38    -2397.915275        0.228231
MDMin:  1616 15:40:39    -2397.915279        0.935117
MDMin:  1617 15:40:41    -2397.915314        0.224504
MDMin:  1618 15:40:43    -2397.915318        0.223923
MDMin:  1619 15:40:45    -2397.915323        0.222714
MDMin:  1620 15:40:46    -2397.915287        0.220931
MDMin:  1621 15:40:48    -2397.915302        0.218562
MDMin:  1622 15:40:50    -2397.915321        0.215601
MDMin:  1623 15:40:52    -2397.915147        0.933881
MDMin:  1624 15:40:54    -2397.915313        0.211488
MDMin:  1625 15:40:56    -2397.915319        0.211003
MDMin:  1626 15:40:58    -2397.915326        0.209929
MDMin:  1627 15:41:00    -2397.915327        0.208285
MDMin:  1628 15:41:01    -2397.915286        0.206141
MDMin:  1629 15:41:04    -2397.915305        0.203469
MDMin:  1630 15:41:06    -2397.914980        0.933049
MDMin:  1631 15:41:07    -2397.915334        0.201091
MDMin:  1632 15:41:09    -2397.915336        0.200887
MDMin:  1633 15:41:11    -2397.915336        0.200416
MDMin:  1634 15:41:13    -2397.915305        0.199699
MDMin:  1635 15:41:14    -2397.915320        0.198727
MDMin:  1636 15:41:16    -2397.915163        0.931936
MDMin:  1637 15:41:18    -2397.915338        0.197245
MDMin:  1638 15:41:19    -2397.915344        0.197061
MDMin:  1639 15:41:21    -2397.915323        0.196612
MDMin:  1640 15:41:23    -2397.915333        0.195905
MDMin:  1641 15:41:24    -2397.915344        0.194937
MDMin:  1642 15:41:26    -2397.915285        0.193758
MDMin:  1643 15:41:28    -2397.914912        0.931207
MDMin:  1644 15:41:30    -2397.915325        0.192109
MDMin:  1645 15:41:31    -2397.915328        0.191931
MDMin:  1646 15:41:32    -2397.915334        0.191494
MDMin:  1647 15:41:33    -2397.915344        0.190800
MDMin:  1648 15:41:35    -2397.915327        0.929978
MDMin:  1649 15:41:36    -2397.915347        0.189622
MDMin:  1650 15:41:38    -2397.915351        0.189477
MDMin:  1651 15:41:40    -2397.915346        0.189077
MDMin:  1652 15:41:42    -2397.915356        0.188429
MDMin:  1653 15:41:43    -2397.915350        0.187532
MDMin:  1654 15:41:45    -2397.915307        0.186435
MDMin:  1655 15:41:47    -2397.915032        0.929220
MDMin:  1656 15:41:49    -2397.915346        0.184907
MDMin:  1657 15:41:50    -2397.915348        0.184762
MDMin:  1658 15:41:51    -2397.915354        0.184369
MDMin:  1659 15:41:53    -2397.915362        0.183733
MDMin:  1660 15:41:54    -2397.915315        0.182891
MDMin:  1661 15:41:56    -2397.915051        0.928516
MDMin:  1662 15:41:57    -2397.915350        0.181622
MDMin:  1663 15:41:59    -2397.915352        0.181496
MDMin:  1664 15:42:01    -2397.915358        0.181131
MDMin:  1665 15:42:03    -2397.915367        0.180529
MDMin:  1666 15:42:05    -2397.915361        0.179696
MDMin:  1667 15:42:07    -2397.915077        0.927733
MDMin:  1668 15:42:09    -2397.915335        0.178492
MDMin:  1669 15:42:11    -2397.915337        0.178375
MDMin:  1670 15:42:13    -2397.915343        0.178027
MDMin:  1671 15:42:15    -2397.915352        0.177449
MDMin:  1672 15:42:16    -2397.915366        0.176649
MDMin:  1673 15:42:19    -2397.915034        0.927083
MDMin:  1674 15:42:21    -2397.915366        0.175449
MDMin:  1675 15:42:23    -2397.915369        0.175337
MDMin:  1676 15:42:25    -2397.915370        0.175000
MDMin:  1677 15:42:27    -2397.915375        0.174449
MDMin:  1678 15:42:29    -2397.915332        0.176115
MDMin:  1679 15:42:31    -2397.915003        0.926472
MDMin:  1680 15:42:32    -2397.915366        0.173385
MDMin:  1681 15:42:34    -2397.915368        0.173647
MDMin:  1682 15:42:36    -2397.915374        0.174444
MDMin:  1683 15:42:38    -2397.915381        0.175787
MDMin:  1684 15:42:39    -2397.915306        0.925424
MDMin:  1685 15:42:41    -2397.915352        0.173047
MDMin:  1686 15:42:42    -2397.915354        0.173306
MDMin:  1687 15:42:44    -2397.915360        0.174100
MDMin:  1688 15:42:46    -2397.915370        0.175453
MDMin:  1689 15:42:48    -2397.915383        0.177375
MDMin:  1690 15:42:50    -2397.915207        0.927207
MDMin:  1691 15:42:52    -2397.915377        0.175360
MDMin:  1692 15:42:54    -2397.915381        0.175624
MDMin:  1693 15:42:55    -2397.915387        0.176430
MDMin:  1694 15:42:57    -2397.915386        0.177779
MDMin:  1695 15:42:59    -2397.915348        0.179597
MDMin:  1696 15:43:00    -2397.915060        0.929185
MDMin:  1697 15:43:01    -2397.915381        0.177261
MDMin:  1698 15:43:03    -2397.915383        0.177528
MDMin:  1699 15:43:05    -2397.915389        0.178339
MDMin:  1700 15:43:07    -2397.915391        0.179707
MDMin:  1701 15:43:09    -2397.915283        0.929950
MDMin:  1702 15:43:10    -2397.915367        0.177151
MDMin:  1703 15:43:12    -2397.915369        0.177415
MDMin:  1704 15:43:13    -2397.915375        0.178223
MDMin:  1705 15:43:14    -2397.915385        0.179600
MDMin:  1706 15:43:15    -2397.915398        0.181550
MDMin:  1707 15:43:17    -2397.915117        0.932025
MDMin:  1708 15:43:18    -2397.915351        0.179635
MDMin:  1709 15:43:20    -2397.915353        0.179904
MDMin:  1710 15:43:21    -2397.915360        0.180722
MDMin:  1711 15:43:23    -2397.915370        0.182105
MDMin:  1712 15:43:25    -2397.915250        0.932982
MDMin:  1713 15:43:26    -2397.915400        0.179724
MDMin:  1714 15:43:28    -2397.915402        0.179991
MDMin:  1715 15:43:29    -2397.915406        0.180807
MDMin:  1716 15:43:31    -2397.915373        0.182141
MDMin:  1717 15:43:33    -2397.915387        0.184028
MDMin:  1718 15:43:35    -2397.915053        0.935089
MDMin:  1719 15:43:37    -2397.915407        0.182210
MDMin:  1720 15:43:38    -2397.915410        0.182481
MDMin:  1721 15:43:40    -2397.915390        0.183307
MDMin:  1722 15:43:42    -2397.915400        0.184686
MDMin:  1723 15:43:44    -2397.915167        0.936093
MDMin:  1724 15:43:45    -2397.915407        0.182355
MDMin:  1725 15:43:47    -2397.915410        0.182625
MDMin:  1726 15:43:49    -2397.915400        0.183448
MDMin:  1727 15:43:50    -2397.915410        0.184833
MDMin:  1728 15:43:52    -2397.915327        0.937050
MDMin:  1729 15:43:54    -2397.915407        0.182804
MDMin:  1730 15:43:56    -2397.915410        0.183072
MDMin:  1731 15:43:57    -2397.915409        0.183892
MDMin:  1732 15:43:59    -2397.915415        0.185278
MDMin:  1733 15:44:01    -2397.915371        0.187159
MDMin:  1734 15:44:02    -2397.915063        0.939267
MDMin:  1735 15:44:04    -2397.915403        0.185520
MDMin:  1736 15:44:05    -2397.915405        0.185794
MDMin:  1737 15:44:07    -2397.915411        0.186628
MDMin:  1738 15:44:08    -2397.915420        0.188037
MDMin:  1739 15:44:10    -2397.915136        0.940353
MDMin:  1740 15:44:11    -2397.915388        0.185825
MDMin:  1741 15:44:13    -2397.915390        0.186097
MDMin:  1742 15:44:15    -2397.915396        0.186928
MDMin:  1743 15:44:16    -2397.915406        0.188342
MDMin:  1744 15:44:18    -2397.915233        0.941445
MDMin:  1745 15:44:20    -2397.915425        0.186433
MDMin:  1746 15:44:22    -2397.915428        0.186704
MDMin:  1747 15:44:24    -2397.915407        0.187533
MDMin:  1748 15:44:25    -2397.915417        0.188931
MDMin:  1749 15:44:27    -2397.915316        0.942558
MDMin:  1750 15:44:29    -2397.915425        0.187153
MDMin:  1751 15:44:30    -2397.915428        0.187423
MDMin:  1752 15:44:31    -2397.915416        0.188250
MDMin:  1753 15:44:33    -2397.915426        0.189648
MDMin:  1754 15:44:35    -2397.915382        0.943702
MDMin:  1755 15:44:37    -2397.915425        0.187982
MDMin:  1756 15:44:39    -2397.915428        0.188251
MDMin:  1757 15:44:41    -2397.915426        0.189076
MDMin:  1758 15:44:43    -2397.915433        0.190475
MDMin:  1759 15:44:44    -2397.915387        0.192377
MDMin:  1760 15:44:46    -2397.915007        0.946102
MDMin:  1761 15:44:48    -2397.915419        0.191014
MDMin:  1762 15:44:50    -2397.915421        0.191291
MDMin:  1763 15:44:52    -2397.915427        0.192134
MDMin:  1764 15:44:53    -2397.915341        0.946365
MDMin:  1765 15:44:55    -2397.915436        0.189645
MDMin:  1766 15:44:57    -2397.915439        0.189911
MDMin:  1767 15:44:59    -2397.915425        0.190730
MDMin:  1768 15:45:01    -2397.915435        0.192125
MDMin:  1769 15:45:03    -2397.915437        0.194137
MDMin:  1770 15:45:04    -2397.915009        0.948746
MDMin:  1771 15:45:06    -2397.915399        0.193022
MDMin:  1772 15:45:08    -2397.915402        0.193300
MDMin:  1773 15:45:09    -2397.915408        0.194146
MDMin:  1774 15:45:10    -2397.915296        0.949102
MDMin:  1775 15:45:11    -2397.915435        0.191711
MDMin:  1776 15:45:13    -2397.915437        0.191978
MDMin:  1777 15:45:14    -2397.915443        0.192799
MDMin:  1778 15:45:16    -2397.915445        0.194215
MDMin:  1779 15:45:18    -2397.915401        0.950223
MDMin:  1780 15:45:20    -2397.915419        0.192771
MDMin:  1781 15:45:22    -2397.915421        0.193040
MDMin:  1782 15:45:24    -2397.915427        0.193865
MDMin:  1783 15:45:26    -2397.915437        0.195285
MDMin:  1784 15:45:27    -2397.915363        0.951562
MDMin:  1785 15:45:29    -2397.915449        0.193920
MDMin:  1786 15:45:31    -2397.915452        0.194190
MDMin:  1787 15:45:33    -2397.915437        0.195019
MDMin:  1788 15:45:35    -2397.915447        0.196427
MDMin:  1789 15:45:36    -2397.915319        0.952913
MDMin:  1790 15:45:37    -2397.915449        0.195013
MDMin:  1791 15:45:39    -2397.915452        0.195284
MDMin:  1792 15:45:41    -2397.915446        0.196116
MDMin:  1793 15:45:42    -2397.915455        0.197527
MDMin:  1794 15:45:44    -2397.915268        0.954288
MDMin:  1795 15:45:46    -2397.915449        0.196098
MDMin:  1796 15:45:48    -2397.915452        0.196370
MDMin:  1797 15:45:49    -2397.915454        0.197205
MDMin:  1798 15:45:50    -2397.915456        0.198617
MDMin:  1799 15:45:52    -2397.915225        0.955637
MDMin:  1800 15:45:54    -2397.915430        0.197084
MDMin:  1801 15:45:57    -2397.915432        0.197356
MDMin:  1802 15:45:58    -2397.915439        0.198192
MDMin:  1803 15:46:00    -2397.915449        0.199623
MDMin:  1804 15:46:01    -2397.915148        0.957079
MDMin:  1805 15:46:03    -2397.915460        0.198207
MDMin:  1806 15:46:05    -2397.915463        0.198480
MDMin:  1807 15:46:06    -2397.915448        0.199319
MDMin:  1808 15:46:07    -2397.915458        0.200735
MDMin:  1809 15:46:08    -2397.915065        0.958537
MDMin:  1810 15:46:10    -2397.915461        0.199270
MDMin:  1811 15:46:11    -2397.915464        0.199544
MDMin:  1812 15:46:13    -2397.915457        0.200385
MDMin:  1813 15:46:14    -2397.915374        0.958952
MDMin:  1814 15:46:16    -2397.915467        0.198373
MDMin:  1815 15:46:19    -2397.915470        0.198634
MDMin:  1816 15:46:21    -2397.915454        0.199439
MDMin:  1817 15:46:22    -2397.915464        0.200824
MDMin:  1818 15:46:23    -2397.915373        0.960280
MDMin:  1819 15:46:25    -2397.915467        0.199770
MDMin:  1820 15:46:26    -2397.915470        0.200036
MDMin:  1821 15:46:27    -2397.915463        0.200857
MDMin:  1822 15:46:29    -2397.915472        0.202258
MDMin:  1823 15:46:30    -2397.915244        0.961783
MDMin:  1824 15:46:31    -2397.915467        0.201086
MDMin:  1825 15:46:33    -2397.915470        0.201356
MDMin:  1826 15:46:35    -2397.915471        0.202185
MDMin:  1827 15:46:36    -2397.915475        0.203594
MDMin:  1828 15:46:37    -2397.915132        0.963267
MDMin:  1829 15:46:39    -2397.915447        0.202235
MDMin:  1830 15:46:41    -2397.915449        0.202507
MDMin:  1831 15:46:42    -2397.915455        0.203340
MDMin:  1832 15:46:44    -2397.915406        0.963768
MDMin:  1833 15:46:46    -2397.915482        0.201511
MDMin:  1834 15:46:48    -2397.915484        0.201768
MDMin:  1835 15:46:49    -2397.915482        0.202565
MDMin:  1836 15:46:51    -2397.915454        0.203895
MDMin:  1837 15:46:52    -2397.915383        0.965115
MDMin:  1838 15:46:54    -2397.915483        0.202853
MDMin:  1839 15:46:56    -2397.915485        0.203116
MDMin:  1840 15:46:58    -2397.915486        0.203928
MDMin:  1841 15:46:59    -2397.915455        0.205275
MDMin:  1842 15:47:01    -2397.915248        0.966615
MDMin:  1843 15:47:03    -2397.915484        0.204116
MDMin:  1844 15:47:05    -2397.915486        0.204383
MDMin:  1845 15:47:06    -2397.915490        0.205205
MDMin:  1846 15:47:07    -2397.915456        0.206561
MDMin:  1847 15:47:10    -2397.915110        0.968151
MDMin:  1848 15:47:12    -2397.915485        0.205310
MDMin:  1849 15:47:14    -2397.915487        0.205579
MDMin:  1850 15:47:15    -2397.915493        0.206407
MDMin:  1851 15:47:16    -2397.915368        0.968713
MDMin:  1852 15:47:17    -2397.915489        0.204666
MDMin:  1853 15:47:19    -2397.915492        0.204920
MDMin:  1854 15:47:20    -2397.915489        0.205712
MDMin:  1855 15:47:22    -2397.915497        0.207080
MDMin:  1856 15:47:24    -2397.915304        0.970140
MDMin:  1857 15:47:25    -2397.915465        0.206101
MDMin:  1858 15:47:26    -2397.915467        0.206363
MDMin:  1859 15:47:28    -2397.915473        0.207174
MDMin:  1860 15:47:29    -2397.915483        0.208579
MDMin:  1861 15:47:30    -2397.915091        0.971804
MDMin:  1862 15:47:32    -2397.915502        0.207569
MDMin:  1863 15:47:34    -2397.915504        0.207836
MDMin:  1864 15:47:36    -2397.915502        0.208656
MDMin:  1865 15:47:38    -2397.915326        0.972398
MDMin:  1866 15:47:40    -2397.915491        0.206903
MDMin:  1867 15:47:41    -2397.915493        0.207156
MDMin:  1868 15:47:43    -2397.915499        0.207942
MDMin:  1869 15:47:45    -2397.915507        0.209318
MDMin:  1870 15:47:47    -2397.915232        0.973887
MDMin:  1871 15:47:49    -2397.915474        0.208399
MDMin:  1872 15:47:51    -2397.915476        0.208660
MDMin:  1873 15:47:53    -2397.915482        0.209468
MDMin:  1874 15:47:54    -2397.915436        0.974527
MDMin:  1875 15:47:56    -2397.915508        0.207951
MDMin:  1876 15:47:58    -2397.915510        0.208197
MDMin:  1877 15:48:00    -2397.915515        0.208965
MDMin:  1878 15:48:02    -2397.915481        0.210262
MDMin:  1879 15:48:04    -2397.915329        0.976003
MDMin:  1880 15:48:05    -2397.915509        0.209438
MDMin:  1881 15:48:07    -2397.915511        0.209694
MDMin:  1882 15:48:08    -2397.915516        0.210489
MDMin:  1883 15:48:10    -2397.915515        0.211873
MDMin:  1884 15:48:12    -2397.915100        0.977670
MDMin:  1885 15:48:13    -2397.915491        0.210895
MDMin:  1886 15:48:15    -2397.915493        0.211158
MDMin:  1887 15:48:17    -2397.915499        0.211969
MDMin:  1888 15:48:19    -2397.915293        0.978367
MDMin:  1889 15:48:21    -2397.915525        0.210389
MDMin:  1890 15:48:23    -2397.915525        0.210638
MDMin:  1891 15:48:25    -2397.915505        0.211394
MDMin:  1892 15:48:27    -2397.915515        0.212719
MDMin:  1893 15:48:29    -2397.915155        0.979935
MDMin:  1894 15:48:30    -2397.915523        0.211922
MDMin:  1895 15:48:31    -2397.915526        0.212180
MDMin:  1896 15:48:32    -2397.915513        0.212980
MDMin:  1897 15:48:34    -2397.915340        0.980636
MDMin:  1898 15:48:36    -2397.915530        0.211491
MDMin:  1899 15:48:38    -2397.915532        0.211734
MDMin:  1900 15:48:40    -2397.915530        0.212490
MDMin:  1901 15:48:43    -2397.915502        0.213770
MDMin:  1902 15:48:45    -2397.915203        0.982173
MDMin:  1903 15:48:47    -2397.915530        0.212978
MDMin:  1904 15:48:50    -2397.915531        0.213232
MDMin:  1905 15:48:52    -2397.915535        0.214019
MDMin:  1906 15:48:54    -2397.915396        0.982857
MDMin:  1907 15:48:56    -2397.915518        0.212599
MDMin:  1908 15:48:58    -2397.915520        0.212837
MDMin:  1909 15:49:00    -2397.915526        0.213583
MDMin:  1910 15:49:02    -2397.915535        0.214905
MDMin:  1911 15:49:04    -2397.915203        0.984482
MDMin:  1912 15:49:06    -2397.915534        0.214288
MDMin:  1913 15:49:08    -2397.915537        0.214540
MDMin:  1914 15:49:10    -2397.915533        0.215324
MDMin:  1915 15:49:12    -2397.915358        0.985229
MDMin:  1916 15:49:14    -2397.915541        0.213943
MDMin:  1917 15:49:16    -2397.915544        0.214180
MDMin:  1918 15:49:17    -2397.915529        0.214923
MDMin:  1919 15:49:18    -2397.915539        0.216228
MDMin:  1920 15:49:20    -2397.915160        0.986868
MDMin:  1921 15:49:22    -2397.915542        0.215594
MDMin:  1922 15:49:23    -2397.915545        0.215845
MDMin:  1923 15:49:25    -2397.915536        0.216625
MDMin:  1924 15:49:27    -2397.915311        0.987637
MDMin:  1925 15:49:29    -2397.915549        0.215253
MDMin:  1926 15:49:31    -2397.915552        0.215489
MDMin:  1927 15:49:32    -2397.915533        0.216228
MDMin:  1928 15:49:34    -2397.915542        0.217527
MDMin:  1929 15:49:36    -2397.915101        0.989300
MDMin:  1930 15:49:38    -2397.915551        0.216894
MDMin:  1931 15:49:40    -2397.915554        0.217145
MDMin:  1932 15:49:41    -2397.915540        0.217921
MDMin:  1933 15:49:43    -2397.915246        0.990091
MDMin:  1934 15:49:44    -2397.915558        0.216552
MDMin:  1935 15:49:46    -2397.915559        0.216786
MDMin:  1936 15:49:48    -2397.915559        0.217518
MDMin:  1937 15:49:50    -2397.915521        0.990722
MDMin:  1938 15:49:52    -2397.915546        0.216390
MDMin:  1939 15:49:54    -2397.915547        0.216609
MDMin:  1940 15:49:56    -2397.915553        0.217301
MDMin:  1941 15:49:57    -2397.915562        0.218553
MDMin:  1942 15:49:58    -2397.915274        0.992343
MDMin:  1943 15:50:00    -2397.915559        0.218115
MDMin:  1944 15:50:02    -2397.915562        0.218355
MDMin:  1945 15:50:03    -2397.915560        0.219105
MDMin:  1946 15:50:05    -2397.915395        0.993139
MDMin:  1947 15:50:06    -2397.915566        0.217909
MDMin:  1948 15:50:08    -2397.915569        0.218133
MDMin:  1949 15:50:10    -2397.915556        0.218841
MDMin:  1950 15:50:11    -2397.915565        0.220097
MDMin:  1951 15:50:13    -2397.915147        0.994816
MDMin:  1952 15:50:15    -2397.915568        0.219570
MDMin:  1953 15:50:17    -2397.915571        0.219812
MDMin:  1954 15:50:19    -2397.915563        0.220567
MDMin:  1955 15:50:20    -2397.915270        0.995647
MDMin:  1956 15:50:22    -2397.915575        0.219308
MDMin:  1957 15:50:24    -2397.915578        0.219535
MDMin:  1958 15:50:26    -2397.915560        0.220247
MDMin:  1959 15:50:28    -2397.915513        0.996343
MDMin:  1960 15:50:30    -2397.915583        0.219229
MDMin:  1961 15:50:32    -2397.915578        0.219440
MDMin:  1962 15:50:34    -2397.915583        0.220108
MDMin:  1963 15:50:35    -2397.915549        0.221279
MDMin:  1964 15:50:36    -2397.915269        0.997925
MDMin:  1965 15:50:38    -2397.915576        0.220789
MDMin:  1966 15:50:39    -2397.915578        0.221021
MDMin:  1967 15:50:41    -2397.915584        0.221747
MDMin:  1968 15:50:42    -2397.915387        0.998747
MDMin:  1969 15:50:44    -2397.915585        0.220654
MDMin:  1970 15:50:45    -2397.915588        0.220870
MDMin:  1971 15:50:47    -2397.915580        0.221554
MDMin:  1972 15:50:48    -2397.915589        0.222778
MDMin:  1973 15:50:50    -2397.915106        1.000448
MDMin:  1974 15:50:51    -2397.915588        0.222290
MDMin:  1975 15:50:53    -2397.915591        0.222526
MDMin:  1976 15:50:55    -2397.915577        1.000609
MDMin:  1977 15:50:57    -2397.915598        0.220942
MDMin:  1978 15:50:59    -2397.915598        0.221132
MDMin:  1979 15:51:00    -2397.915599        0.221742
MDMin:  1980 15:51:02    -2397.915568        0.222837
MDMin:  1981 15:51:04    -2397.915426        1.002060
MDMin:  1982 15:51:06    -2397.915596        0.222497
MDMin:  1983 15:51:09    -2397.915598        0.222715
MDMin:  1984 15:51:11    -2397.915603        0.223402
MDMin:  1985 15:51:13    -2397.915524        1.002873
MDMin:  1986 15:51:15    -2397.915601        0.222471
MDMin:  1987 15:51:16    -2397.915604        0.222673
MDMin:  1988 15:51:18    -2397.915599        0.223320
MDMin:  1989 15:51:20    -2397.915608        0.224492
MDMin:  1990 15:51:22    -2397.915214        1.004549
MDMin:  1991 15:51:24    -2397.915604        0.224098
MDMin:  1992 15:51:26    -2397.915607        0.224324
MDMin:  1993 15:51:28    -2397.915606        0.225034
MDMin:  1994 15:51:30    -2397.915308        1.005429
MDMin:  1995 15:51:32    -2397.915611        0.223943
MDMin:  1996 15:51:34    -2397.915614        0.224153
MDMin:  1997 15:51:36    -2397.915602        0.224819
MDMin:  1998 15:51:38    -2397.915523        1.006184
MDMin:  1999 15:51:39    -2397.915619        0.224707
MDMin:  2000 15:51:41    -2397.915621        0.225008
MDMin:  2001 15:51:43    -2397.915620        0.225912
MDMin:  2002 15:51:44    -2397.915591        0.227387
MDMin:  2003 15:51:46    -2397.915226        1.007790
MDMin:  2004 15:51:47    -2397.915619        0.229882
MDMin:  2005 15:51:49    -2397.915621        0.230193
MDMin:  2006 15:51:51    -2397.915626        0.231129
MDMin:  2007 15:51:53    -2397.915322        1.008665
MDMin:  2008 15:51:55    -2397.915623        0.233170
MDMin:  2009 15:51:57    -2397.915626        0.233487
MDMin:  2010 15:51:59    -2397.915623        0.234440
MDMin:  2011 15:52:00    -2397.915527        1.009425
MDMin:  2012 15:52:02    -2397.915631        0.236505
MDMin:  2013 15:52:04    -2397.915634        0.236826
MDMin:  2014 15:52:05    -2397.915619        0.237795
MDMin:  2015 15:52:07    -2397.915628        0.239411
MDMin:  2016 15:52:09    -2397.915191        1.011064
MDMin:  2017 15:52:10    -2397.915635        0.242124
MDMin:  2018 15:52:12    -2397.915637        0.242453
MDMin:  2019 15:52:14    -2397.915627        0.243446
MDMin:  2020 15:52:16    -2397.915274        1.011956
MDMin:  2021 15:52:17    -2397.915643        0.245599
MDMin:  2022 15:52:19    -2397.915645        0.245933
MDMin:  2023 15:52:21    -2397.915624        0.246938
MDMin:  2024 15:52:23    -2397.915477        1.012733
MDMin:  2025 15:52:25    -2397.915650        0.249116
MDMin:  2026 15:52:26    -2397.915650        0.249453
MDMin:  2027 15:52:28    -2397.915630        0.250454
MDMin:  2028 15:52:30    -2397.915640        0.252131
MDMin:  2029 15:52:31    -2397.915141        1.014353
MDMin:  2030 15:52:34    -2397.915652        0.254953
MDMin:  2031 15:52:35    -2397.915654        0.255296
MDMin:  2032 15:52:37    -2397.915612        1.014600
MDMin:  2033 15:52:39    -2397.915657        0.256909
MDMin:  2034 15:52:41    -2397.915659        0.257253
MDMin:  2035 15:52:43    -2397.915660        0.258290
MDMin:  2036 15:52:45    -2397.915629        0.259976
MDMin:  2037 15:52:47    -2397.915387        1.016030
MDMin:  2038 15:52:49    -2397.915657        0.262806
MDMin:  2039 15:52:51    -2397.915659        0.263154
MDMin:  2040 15:52:53    -2397.915664        0.264200
MDMin:  2041 15:52:55    -2397.915462        1.016880
MDMin:  2042 15:52:56    -2397.915664        0.266471
MDMin:  2043 15:52:57    -2397.915667        0.266819
MDMin:  2044 15:52:59    -2397.915661        0.267868
MDMin:  2045 15:53:00    -2397.915647        1.017632
MDMin:  2046 15:53:02    -2397.915672        0.270132
MDMin:  2047 15:53:04    -2397.915675        0.270482
MDMin:  2048 15:53:06    -2397.915658        0.271531
MDMin:  2049 15:53:08    -2397.915668        0.273272
MDMin:  2050 15:53:10    -2397.915270        1.019209
MDMin:  2051 15:53:12    -2397.915677        0.276174
MDMin:  2052 15:53:14    -2397.915680        0.276522
MDMin:  2053 15:53:16    -2397.915666        0.277567
MDMin:  2054 15:53:17    -2397.915341        1.020111
MDMin:  2055 15:53:19    -2397.915686        0.279824
MDMin:  2056 15:53:21    -2397.915686        0.280170
MDMin:  2057 15:53:23    -2397.915687        0.281206
MDMin:  2058 15:53:25    -2397.915538        1.020891
MDMin:  2059 15:53:27    -2397.915673        0.283406
MDMin:  2060 15:53:29    -2397.915675        0.283749
MDMin:  2061 15:53:30    -2397.915681        0.284780
MDMin:  2062 15:53:32    -2397.915690        0.286494
MDMin:  2063 15:53:34    -2397.915146        1.022501
MDMin:  2064 15:53:36    -2397.915692        0.289333
MDMin:  2065 15:53:38    -2397.915695        0.289670
MDMin:  2066 15:53:40    -2397.915620        1.022804
MDMin:  2067 15:53:41    -2397.915702        0.291248
MDMin:  2068 15:53:43    -2397.915701        0.291582
MDMin:  2069 15:53:45    -2397.915704        0.292580
MDMin:  2070 15:53:46    -2397.915671        0.294198
MDMin:  2071 15:53:48    -2397.915359        1.024211
MDMin:  2072 15:53:50    -2397.915700        0.296883
MDMin:  2073 15:53:52    -2397.915701        0.297206
MDMin:  2074 15:53:54    -2397.915707        0.298176
MDMin:  2075 15:53:56    -2397.915428        1.025075
MDMin:  2076 15:53:58    -2397.915710        0.300264
MDMin:  2077 15:53:59    -2397.915713        0.300580
MDMin:  2078 15:54:01    -2397.915705        0.301526
MDMin:  2079 15:54:03    -2397.915604        1.025847
MDMin:  2080 15:54:04    -2397.915718        0.303550
MDMin:  2081 15:54:05    -2397.915721        0.303857
MDMin:  2082 15:54:07    -2397.915703        0.304776
MDMin:  2083 15:54:09    -2397.915712        0.306284
MDMin:  2084 15:54:11    -2397.915198        1.027387
MDMin:  2085 15:54:12    -2397.915724        0.308757
MDMin:  2086 15:54:14    -2397.915727        0.309047
MDMin:  2087 15:54:16    -2397.915676        1.027713
MDMin:  2088 15:54:18    -2397.915731        0.310400
MDMin:  2089 15:54:20    -2397.915733        0.310683
MDMin:  2090 15:54:22    -2397.915733        0.311529
MDMin:  2091 15:54:24    -2397.915703        0.312889
MDMin:  2092 15:54:26    -2397.915389        1.029078
MDMin:  2093 15:54:27    -2397.915732        0.315110
MDMin:  2094 15:54:29    -2397.915734        0.315373
MDMin:  2095 15:54:31    -2397.915739        0.316154
MDMin:  2096 15:54:33    -2397.915451        1.029940
MDMin:  2097 15:54:35    -2397.915740        0.317819
MDMin:  2098 15:54:37    -2397.915743        0.318067
MDMin:  2099 15:54:39    -2397.915737        0.318805
MDMin:  2100 15:54:41    -2397.915619        1.030714
MDMin:  2101 15:54:43    -2397.915749        0.320365
MDMin:  2102 15:54:45    -2397.915752        0.320597
MDMin:  2103 15:54:47    -2397.915736        0.321287
MDMin:  2104 15:54:48    -2397.915745        0.322407
MDMin:  2105 15:54:49    -2397.915193        1.032219
MDMin:  2106 15:54:51    -2397.915756        0.324198
MDMin:  2107 15:54:53    -2397.915758        0.324402
MDMin:  2108 15:54:55    -2397.915674        1.032576
MDMin:  2109 15:54:57    -2397.915764        0.325345
MDMin:  2110 15:54:59    -2397.915766        0.325539
MDMin:  2111 15:55:01    -2397.915746        0.326107
MDMin:  2112 15:55:03    -2397.915755        0.327026
MDMin:  2113 15:55:04    -2397.915356        1.033922
MDMin:  2114 15:55:06    -2397.915770        0.328474
MDMin:  2115 15:55:08    -2397.915773        0.328637
MDMin:  2116 15:55:10    -2397.915755        0.329116
MDMin:  2117 15:55:12    -2397.915409        1.034791
MDMin:  2118 15:55:13    -2397.915779        0.330105
MDMin:  2119 15:55:15    -2397.915775        0.330247
MDMin:  2120 15:55:17    -2397.915781        0.330664
MDMin:  2121 15:55:18    -2397.915571        1.035575
MDMin:  2122 15:55:20    -2397.915779        0.331517
MDMin:  2123 15:55:21    -2397.915782        0.331638
MDMin:  2124 15:55:23    -2397.915779        0.331992
MDMin:  2125 15:55:25    -2397.915724        1.036293
MDMin:  2126 15:55:27    -2397.915788        0.332702
MDMin:  2127 15:55:29    -2397.915791        0.332801
MDMin:  2128 15:55:32    -2397.915778        0.333089
MDMin:  2129 15:55:33    -2397.915787        0.333531
MDMin:  2130 15:55:34    -2397.915269        1.037688
MDMin:  2131 15:55:36    -2397.915795        0.334156
MDMin:  2132 15:55:38    -2397.915798        0.334218
MDMin:  2133 15:55:40    -2397.915746        1.038066
MDMin:  2134 15:55:42    -2397.915806        0.334483
MDMin:  2135 15:55:44    -2397.915800        0.334532
MDMin:  2136 15:55:46    -2397.915806        0.334670
MDMin:  2137 15:55:48    -2397.915806        0.334860
MDMin:  2138 15:55:50    -2397.915402        1.039336
MDMin:  2139 15:55:52    -2397.915783        0.335053
MDMin:  2140 15:55:54    -2397.915785        0.335064
MDMin:  2141 15:55:56    -2397.915791        0.335085
MDMin:  2142 15:55:58    -2397.915433        1.040199
MDMin:  2143 15:55:59    -2397.915818        0.335066
MDMin:  2144 15:56:01    -2397.915820        0.335053
MDMin:  2145 15:56:03    -2397.915822        0.335002
MDMin:  2146 15:56:05    -2397.915586        1.040976
MDMin:  2147 15:56:06    -2397.915810        0.334829
MDMin:  2148 15:56:08    -2397.915811        0.334792
MDMin:  2149 15:56:10    -2397.915817        0.334671
MDMin:  2150 15:56:11    -2397.915718        1.041694
MDMin:  2151 15:56:12    -2397.915833        0.334340
MDMin:  2152 15:56:14    -2397.915836        0.334280
MDMin:  2153 15:56:16    -2397.915817        0.334087
MDMin:  2154 15:56:17    -2397.915826        0.333729
MDMin:  2155 15:56:19    -2397.915236        1.043045
MDMin:  2156 15:56:21    -2397.915842        0.333006
MDMin:  2157 15:56:23    -2397.915845        0.332907
MDMin:  2158 15:56:25    -2397.915707        1.043459
MDMin:  2159 15:56:26    -2397.915847        0.332415
MDMin:  2160 15:56:28    -2397.915849        0.332304
MDMin:  2161 15:56:30    -2397.915852        0.331960
MDMin:  2162 15:56:31    -2397.915821        0.331359
MDMin:  2163 15:56:33    -2397.915341        1.044690
MDMin:  2164 15:56:34    -2397.915851        0.330236
MDMin:  2165 15:56:35    -2397.915853        0.330088
MDMin:  2166 15:56:36    -2397.915810        1.045089
MDMin:  2167 15:56:38    -2397.915863        0.329365
MDMin:  2168 15:56:40    -2397.915866        0.329206
MDMin:  2169 15:56:42    -2397.915851        0.328717
MDMin:  2170 15:56:44    -2397.915860        0.327869
MDMin:  2171 15:56:45    -2397.915419        1.046254
MDMin:  2172 15:56:47    -2397.915872        0.326337
MDMin:  2173 15:56:49    -2397.915875        0.326143
MDMin:  2174 15:56:50    -2397.915862        0.325551
MDMin:  2175 15:56:51    -2397.915431        1.047099
MDMin:  2176 15:56:53    -2397.915882        0.324205
MDMin:  2177 15:56:55    -2397.915883        0.323991
MDMin:  2178 15:56:56    -2397.915885        0.323341
MDMin:  2179 15:56:57    -2397.915564        1.047872
MDMin:  2180 15:56:59    -2397.915873        0.321891
MDMin:  2181 15:57:01    -2397.915875        0.321659
MDMin:  2182 15:57:03    -2397.915880        0.320951
MDMin:  2183 15:57:05    -2397.915674        1.048585
MDMin:  2184 15:57:07    -2397.915897        0.319356
MDMin:  2185 15:57:09    -2397.915900        0.319105
MDMin:  2186 15:57:11    -2397.915881        0.318343
MDMin:  2187 15:57:13    -2397.915782        1.049249
MDMin:  2188 15:57:14    -2397.915908        0.316639
MDMin:  2189 15:57:16    -2397.915901        0.316370
MDMin:  2190 15:57:18    -2397.915907        0.315559
MDMin:  2191 15:57:19    -2397.915883        1.049876
MDMin:  2192 15:57:21    -2397.915909        0.313744
MDMin:  2193 15:57:23    -2397.915912        0.313460
MDMin:  2194 15:57:24    -2397.915907        0.312598
MDMin:  2195 15:57:25    -2397.915916        0.311139
MDMin:  2196 15:57:27    -2397.915343        1.051056
MDMin:  2197 15:57:29    -2397.915918        0.308616
MDMin:  2198 15:57:31    -2397.915921        0.308307
MDMin:  2199 15:57:32    -2397.915788        1.051506
MDMin:  2200 15:57:34    -2397.915929        0.306836
MDMin:  2201 15:57:36    -2397.915931        0.306519
MDMin:  2202 15:57:38    -2397.915932        0.305565
MDMin:  2203 15:57:40    -2397.915905        0.303979
MDMin:  2204 15:57:42    -2397.915373        1.052634
MDMin:  2205 15:57:44    -2397.915934        0.301250
MDMin:  2206 15:57:46    -2397.915936        0.300914
MDMin:  2207 15:57:48    -2397.915818        1.053078
MDMin:  2208 15:57:49    -2397.915945        0.299312
MDMin:  2209 15:57:51    -2397.915948        0.298970
MDMin:  2210 15:57:53    -2397.915935        0.297935
MDMin:  2211 15:57:55    -2397.915945        0.296195
MDMin:  2212 15:57:57    -2397.915379        1.054168
MDMin:  2213 15:57:58    -2397.915956        0.293231
MDMin:  2214 15:57:59    -2397.915959        0.292872
MDMin:  2215 15:58:01    -2397.915811        1.054617
MDMin:  2216 15:58:03    -2397.915967        0.291170
MDMin:  2217 15:58:05    -2397.915961        0.290806
MDMin:  2218 15:58:07    -2397.915967        0.289710
MDMin:  2219 15:58:08    -2397.915969        0.287863
MDMin:  2220 15:58:10    -2397.915372        1.055681
MDMin:  2221 15:58:11    -2397.915947        0.284802
MDMin:  2222 15:58:13    -2397.915949        0.284425
MDMin:  2223 15:58:15    -2397.915795        1.056137
MDMin:  2224 15:58:17    -2397.915975        0.282641
MDMin:  2225 15:58:19    -2397.915977        0.282260
MDMin:  2226 15:58:20    -2397.915983        0.281114
MDMin:  2227 15:58:22    -2397.915984        1.056705
MDMin:  2228 15:58:24    -2397.915989        0.278610
MDMin:  2229 15:58:26    -2397.915992        0.278224
MDMin:  2230 15:58:28    -2397.915984        0.277060
MDMin:  2231 15:58:29    -2397.915993        0.275114
MDMin:  2232 15:58:31    -2397.915394        1.057716
MDMin:  2233 15:58:33    -2397.916000        0.271840
MDMin:  2234 15:58:34    -2397.916003        0.271445
MDMin:  2235 15:58:36    -2397.915812        1.058188
MDMin:  2236 15:58:38    -2397.916012        0.269588
MDMin:  2237 15:58:40    -2397.916010        0.269234
MDMin:  2238 15:58:41    -2397.916014        0.269683
MDMin:  2239 15:58:42    -2397.915984        0.270416
MDMin:  2240 15:58:44    -2397.915355        1.059220
MDMin:  2241 15:58:46    -2397.916014        0.271637
MDMin:  2242 15:58:48    -2397.916016        0.271785
MDMin:  2243 15:58:50    -2397.915776        1.059699
MDMin:  2244 15:58:52    -2397.916030        0.272480
MDMin:  2245 15:58:53    -2397.916033        0.272627
MDMin:  2246 15:58:54    -2397.916016        0.273069
MDMin:  2247 15:58:56    -2397.915954        1.060267
MDMin:  2248 15:58:58    -2397.916042        0.274019
MDMin:  2249 15:58:59    -2397.916037        0.274165
MDMin:  2250 15:59:01    -2397.916043        0.274602
MDMin:  2251 15:59:02    -2397.915999        1.060789
MDMin:  2252 15:59:04    -2397.916045        0.275544
MDMin:  2253 15:59:06    -2397.916048        0.275688
MDMin:  2254 15:59:07    -2397.916045        0.276122
MDMin:  2255 15:59:09    -2397.916038        1.061313
MDMin:  2256 15:59:11    -2397.916057        0.277053
MDMin:  2257 15:59:12    -2397.916060        0.277196
MDMin:  2258 15:59:13    -2397.916047        0.277625
MDMin:  2259 15:59:15    -2397.916057        0.278335
MDMin:  2260 15:59:17    -2397.915412        1.062278
MDMin:  2261 15:59:19    -2397.916070        0.279510
MDMin:  2262 15:59:21    -2397.916072        0.279651
MDMin:  2263 15:59:22    -2397.915811        1.062782
MDMin:  2264 15:59:24    -2397.916081        0.280308
MDMin:  2265 15:59:26    -2397.916081        0.280447
MDMin:  2266 15:59:27    -2397.916064        0.280861
MDMin:  2267 15:59:29    -2397.915974        1.063366
MDMin:  2268 15:59:31    -2397.916091        0.281754
MDMin:  2269 15:59:33    -2397.916085        0.281892
MDMin:  2270 15:59:35    -2397.916092        0.282304
MDMin:  2271 15:59:37    -2397.916004        1.063896
MDMin:  2272 15:59:38    -2397.916095        0.283191
MDMin:  2273 15:59:40    -2397.916098        0.283327
MDMin:  2274 15:59:42    -2397.916094        0.283734
MDMin:  2275 15:59:44    -2397.916028        1.064425
MDMin:  2276 15:59:45    -2397.916107        0.284607
MDMin:  2277 15:59:47    -2397.916110        0.284741
MDMin:  2278 15:59:48    -2397.916096        0.285143
MDMin:  2279 15:59:50    -2397.916048        1.064956
MDMin:  2280 15:59:51    -2397.916120        0.286002
MDMin:  2281 15:59:52    -2397.916118        0.286135
MDMin:  2282 15:59:54    -2397.916123        0.286530
MDMin:  2283 15:59:56    -2397.916073        1.065484
MDMin:  2284 15:59:58    -2397.916111        0.287364
MDMin:  2285 16:00:00    -2397.916113        0.287494
MDMin:  2286 16:00:02    -2397.916119        0.287884
MDMin:  2287 16:00:04    -2397.916080        1.066013
MDMin:  2288 16:00:06    -2397.916140        0.288718
MDMin:  2289 16:00:08    -2397.916141        0.288846
MDMin:  2290 16:00:10    -2397.916143        0.289228
MDMin:  2291 16:00:11    -2397.916097        1.066542
MDMin:  2292 16:00:13    -2397.916134        0.290035
MDMin:  2293 16:00:15    -2397.916136        0.290160
MDMin:  2294 16:00:16    -2397.916143        0.290537
MDMin:  2295 16:00:17    -2397.916098        1.067072
MDMin:  2296 16:00:19    -2397.916160        0.291341
MDMin:  2297 16:00:21    -2397.916163        0.291465
MDMin:  2298 16:00:23    -2397.916146        0.291834
MDMin:  2299 16:00:25    -2397.916099        1.067606
MDMin:  2300 16:00:26    -2397.916174        0.292620
MDMin:  2301 16:00:28    -2397.916168        0.292741
MDMin:  2302 16:00:29    -2397.916174        0.293102
MDMin:  2303 16:00:31    -2397.916099        1.068141
MDMin:  2304 16:00:33    -2397.916179        0.293873
MDMin:  2305 16:00:34    -2397.916182        0.293992
MDMin:  2306 16:00:36    -2397.916177        0.294346
MDMin:  2307 16:00:38    -2397.916095        1.068676
MDMin:  2308 16:00:39    -2397.916192        0.295099
MDMin:  2309 16:00:41    -2397.916195        0.295214
MDMin:  2310 16:00:43    -2397.916181        0.295561
MDMin:  2311 16:00:45    -2397.916090        1.069213
MDMin:  2312 16:00:47    -2397.916206        0.296296
MDMin:  2313 16:00:49    -2397.916203        0.296409
MDMin:  2314 16:00:50    -2397.916209        0.296746
MDMin:  2315 16:00:52    -2397.916081        1.069750
MDMin:  2316 16:00:54    -2397.916211        0.297464
MDMin:  2317 16:00:56    -2397.916214        0.297574
MDMin:  2318 16:00:57    -2397.916213        0.297903
MDMin:  2319 16:00:58    -2397.916070        1.070288
MDMin:  2320 16:01:00    -2397.916224        0.298601
MDMin:  2321 16:01:02    -2397.916227        0.298708
MDMin:  2322 16:01:04    -2397.916216        0.299028
MDMin:  2323 16:01:06    -2397.916057        1.070826
MDMin:  2324 16:01:08    -2397.916238        0.299705
MDMin:  2325 16:01:09    -2397.916239        0.299809
MDMin:  2326 16:01:10    -2397.916242        0.300119
MDMin:  2327 16:01:12    -2397.916051        1.071362
MDMin:  2328 16:01:13    -2397.916233        0.300767
MDMin:  2329 16:01:14    -2397.916235        0.300868
MDMin:  2330 16:01:16    -2397.916242        0.301169
MDMin:  2331 16:01:17    -2397.916029        1.071896
MDMin:  2332 16:01:19    -2397.916261        0.301807
MDMin:  2333 16:01:21    -2397.916264        0.301904
MDMin:  2334 16:01:23    -2397.916246        0.302195
MDMin:  2335 16:01:25    -2397.916009        1.072433
MDMin:  2336 16:01:27    -2397.916275        0.302808
MDMin:  2337 16:01:29    -2397.916276        0.302902
MDMin:  2338 16:01:31    -2397.916259        0.303180
MDMin:  2339 16:01:32    -2397.915994        1.072969
MDMin:  2340 16:01:34    -2397.916287        0.303768
MDMin:  2341 16:01:36    -2397.916282        0.303858
MDMin:  2342 16:01:38    -2397.916289        0.304127
MDMin:  2343 16:01:40    -2397.915973        1.073504
MDMin:  2344 16:01:42    -2397.916294        0.304695
MDMin:  2345 16:01:44    -2397.916297        0.304782
MDMin:  2346 16:01:46    -2397.916293        0.305040
MDMin:  2347 16:01:48    -2397.915948        1.074039
MDMin:  2348 16:01:50    -2397.916308        0.305583
MDMin:  2349 16:01:51    -2397.916311        0.305666
MDMin:  2350 16:01:53    -2397.916298        0.305913
MDMin:  2351 16:01:55    -2397.915922        1.074575
MDMin:  2352 16:01:56    -2397.916323        0.306430
MDMin:  2353 16:01:57    -2397.916321        0.306509
MDMin:  2354 16:01:59    -2397.916327        0.306743
MDMin:  2355 16:02:00    -2397.915893        1.075111
MDMin:  2356 16:02:01    -2397.916330        0.307236
MDMin:  2357 16:02:03    -2397.916333        0.307311
MDMin:  2358 16:02:05    -2397.916332        0.307533
MDMin:  2359 16:02:06    -2397.915863        1.075647
MDMin:  2360 16:02:08    -2397.916345        0.307998
MDMin:  2361 16:02:10    -2397.916348        0.308069
MDMin:  2362 16:02:12    -2397.916323        1.076097
MDMin:  2363 16:02:14    -2397.916357        0.308392
MDMin:  2364 16:02:16    -2397.916358        0.308460
MDMin:  2365 16:02:18    -2397.916342        0.308661
MDMin:  2366 16:02:19    -2397.916354        0.308990
MDMin:  2367 16:02:21    -2397.915728        1.076475
MDMin:  2368 16:02:22    -2397.916374        0.309509
MDMin:  2369 16:02:24    -2397.916343        1.076898
MDMin:  2370 16:02:26    -2397.916378        0.309684
MDMin:  2371 16:02:28    -2397.916381        0.309744
MDMin:  2372 16:02:29    -2397.916378        0.309922
MDMin:  2373 16:02:31    -2397.916390        0.310209
MDMin:  2374 16:02:33    -2397.915875        1.077233
MDMin:  2375 16:02:35    -2397.916396        0.310658
MDMin:  2376 16:02:36    -2397.916399        0.310711
MDMin:  2377 16:02:37    -2397.916181        1.077684
MDMin:  2378 16:02:39    -2397.916409        0.310949
MDMin:  2379 16:02:41    -2397.916411        0.310999
MDMin:  2380 16:02:43    -2397.916414        0.311146
MDMin:  2381 16:02:44    -2397.916274        1.078087
MDMin:  2382 16:02:46    -2397.916407        0.311443
MDMin:  2383 16:02:47    -2397.916409        0.311488
MDMin:  2384 16:02:49    -2397.916417        0.311622
MDMin:  2385 16:02:51    -2397.916209        1.078448
MDMin:  2386 16:02:52    -2397.916436        0.311893
MDMin:  2387 16:02:54    -2397.916439        0.311933
MDMin:  2388 16:02:55    -2397.916423        0.312052
MDMin:  2389 16:02:57    -2397.916148        1.078855
MDMin:  2390 16:02:58    -2397.916452        0.312292
MDMin:  2391 16:03:00    -2397.916453        0.312328
MDMin:  2392 16:03:01    -2397.916438        0.312431
MDMin:  2393 16:03:03    -2397.916093        1.079296
MDMin:  2394 16:03:05    -2397.916466        0.312639
MDMin:  2395 16:03:07    -2397.916461        0.312670
MDMin:  2396 16:03:09    -2397.916468        0.312759
MDMin:  2397 16:03:10    -2397.916034        1.079758
MDMin:  2398 16:03:11    -2397.916475        0.312937
MDMin:  2399 16:03:13    -2397.916478        0.312963
MDMin:  2400 16:03:15    -2397.916470        1.080209
MDMin:  2401 16:03:16    -2397.916488        0.313076
MDMin:  2402 16:03:18    -2397.916489        0.313099
MDMin:  2403 16:03:20    -2397.916493        0.313166
MDMin:  2404 16:03:22    -2397.916468        0.313266
MDMin:  2405 16:03:24    -2397.915852        1.080468
MDMin:  2406 16:03:25    -2397.916500        0.313407
MDMin:  2407 16:03:27    -2397.916450        1.080926
MDMin:  2408 16:03:29    -2397.916516        0.313449
MDMin:  2409 16:03:31    -2397.916519        0.313462
MDMin:  2410 16:03:33    -2397.916503        0.313500
MDMin:  2411 16:03:34    -2397.916516        0.313555
MDMin:  2412 16:03:36    -2397.915958        1.081168
MDMin:  2413 16:03:38    -2397.916538        0.313618
MDMin:  2414 16:03:40    -2397.916539        1.081616
MDMin:  2415 16:03:42    -2397.916543        0.313633
MDMin:  2416 16:03:44    -2397.916546        0.313637
MDMin:  2417 16:03:45    -2397.916542        0.313646
MDMin:  2418 16:03:46    -2397.916555        0.313652
MDMin:  2419 16:03:48    -2397.916038        1.081809
MDMin:  2420 16:03:50    -2397.916564        0.313638
MDMin:  2421 16:03:52    -2397.916567        0.313634
MDMin:  2422 16:03:53    -2397.916311        1.082260
MDMin:  2423 16:03:55    -2397.916578        0.313609
MDMin:  2424 16:03:56    -2397.916578        0.313602
MDMin:  2425 16:03:58    -2397.916583        0.313579
MDMin:  2426 16:04:00    -2397.916377        1.082640
MDMin:  2427 16:04:02    -2397.916576        0.313518
MDMin:  2428 16:04:04    -2397.916578        0.313507
MDMin:  2429 16:04:06    -2397.916586        0.313469
MDMin:  2430 16:04:08    -2397.916282        1.082969
MDMin:  2431 16:04:09    -2397.916609        0.313377
MDMin:  2432 16:04:10    -2397.916610        0.313361
MDMin:  2433 16:04:12    -2397.916614        0.313309
MDMin:  2434 16:04:13    -2397.916199        1.083354
MDMin:  2435 16:04:14    -2397.916608        0.313189
MDMin:  2436 16:04:16    -2397.916610        0.313168
MDMin:  2437 16:04:17    -2397.916611        1.083801
MDMin:  2438 16:04:19    -2397.916636        0.313066
MDMin:  2439 16:04:21    -2397.916633        0.313042
MDMin:  2440 16:04:23    -2397.916640        0.312970
MDMin:  2441 16:04:25    -2397.916645        0.312840
MDMin:  2442 16:04:26    -2397.915963        1.083942
MDMin:  2443 16:04:27    -2397.916630        0.312610
MDMin:  2444 16:04:28    -2397.916529        1.084421
MDMin:  2445 16:04:30    -2397.916655        0.312521
MDMin:  2446 16:04:31    -2397.916658        0.312489
MDMin:  2447 16:04:32    -2397.916666        0.312391
MDMin:  2448 16:04:34    -2397.916678        0.312218
MDMin:  2449 16:04:35    -2397.916011        1.084598
MDMin:  2450 16:04:38    -2397.916671        1.085085
MDMin:  2451 16:04:40    -2397.916688        0.311794
MDMin:  2452 16:04:42    -2397.916691        0.311754
MDMin:  2453 16:04:44    -2397.916701        0.311631
MDMin:  2454 16:04:46    -2397.916700        0.311417
MDMin:  2455 16:04:47    -2397.916718        0.311102
MDMin:  2456 16:04:48    -2397.915938        1.084908
MDMin:  2457 16:04:49    -2397.916534        1.085386
MDMin:  2458 16:04:51    -2397.916735        0.310467
MDMin:  2459 16:04:53    -2397.916739        0.310415
MDMin:  2460 16:04:55    -2397.916748        0.310260
MDMin:  2461 16:04:56    -2397.916744        0.309992
MDMin:  2462 16:04:58    -2397.916664        1.085633
MDMin:  2463 16:05:00    -2397.916773        0.309543
MDMin:  2464 16:05:02    -2397.916771        0.309486
MDMin:  2465 16:05:03    -2397.916779        0.309313
MDMin:  2466 16:05:05    -2397.916369        1.085957
MDMin:  2467 16:05:07    -2397.916785        0.308937
MDMin:  2468 16:05:09    -2397.916788        0.308877
MDMin:  2469 16:05:10    -2397.916762        1.086477
MDMin:  2470 16:05:12    -2397.916800        0.308595
MDMin:  2471 16:05:14    -2397.916803        0.308533
MDMin:  2472 16:05:16    -2397.916806        0.308345
MDMin:  2473 16:05:18    -2397.916786        0.308033
MDMin:  2474 16:05:20    -2397.916081        1.086677
MDMin:  2475 16:05:22    -2397.916739        1.087216
MDMin:  2476 16:05:24    -2397.916835        0.307304
MDMin:  2477 16:05:26    -2397.916839        0.307237
MDMin:  2478 16:05:27    -2397.916838        0.307034
MDMin:  2479 16:05:29    -2397.916851        0.306692
MDMin:  2480 16:05:30    -2397.916862        0.306201
MDMin:  2481 16:05:31    -2397.916001        1.087112
MDMin:  2482 16:05:32    -2397.916596        1.087631
MDMin:  2483 16:05:34    -2397.916876        0.305277
MDMin:  2484 16:05:35    -2397.916879        0.305204
MDMin:  2485 16:05:37    -2397.916887        0.304983
MDMin:  2486 16:05:39    -2397.916901        0.304611
MDMin:  2487 16:05:41    -2397.916711        1.087886
MDMin:  2488 16:05:43    -2397.916917        0.304000
MDMin:  2489 16:05:45    -2397.916920        0.303924
MDMin:  2490 16:05:47    -2397.916909        1.088249
MDMin:  2491 16:05:48    -2397.916932        0.303572
MDMin:  2492 16:05:50    -2397.916928        0.303495
MDMin:  2493 16:05:51    -2397.916937        0.303263
MDMin:  2494 16:05:53    -2397.916916        1.088481
MDMin:  2495 16:05:55    -2397.916947        0.302769
MDMin:  2496 16:05:57    -2397.916950        0.302690
MDMin:  2497 16:05:58    -2397.916947        0.302453
MDMin:  2498 16:06:00    -2397.916759        1.088684
MDMin:  2499 16:06:01    -2397.916968        0.301950
MDMin:  2500 16:06:03    -2397.916972        0.301870
MDMin:  2501 16:06:05    -2397.916958        0.301628
MDMin:  2502 16:06:06    -2397.916608        1.088977
MDMin:  2503 16:06:07    -2397.916989        0.301116
MDMin:  2504 16:06:09    -2397.916991        0.301035
MDMin:  2505 16:06:10    -2397.916978        0.300792
MDMin:  2506 16:06:12    -2397.916468        1.089336
MDMin:  2507 16:06:14    -2397.917009        0.300273
MDMin:  2508 16:06:16    -2397.917011        0.300191
MDMin:  2509 16:06:18    -2397.916846        1.089841
MDMin:  2510 16:06:20    -2397.917017        0.299812
MDMin:  2511 16:06:22    -2397.917020        0.299729
MDMin:  2512 16:06:24    -2397.917028        0.299477
MDMin:  2513 16:06:26    -2397.916854        1.090013
MDMin:  2514 16:06:28    -2397.917037        0.298946
MDMin:  2515 16:06:30    -2397.917041        0.298861
MDMin:  2516 16:06:31    -2397.917040        0.298607
MDMin:  2517 16:06:33    -2397.916693        1.090166
MDMin:  2518 16:06:35    -2397.917059        0.298069
MDMin:  2519 16:06:37    -2397.917063        0.297984
MDMin:  2520 16:06:39    -2397.917051        0.297726
MDMin:  2521 16:06:41    -2397.916537        1.090419
MDMin:  2522 16:06:42    -2397.917082        0.297182
MDMin:  2523 16:06:44    -2397.917078        0.297096
MDMin:  2524 16:06:46    -2397.916903        1.090885
MDMin:  2525 16:06:48    -2397.917092        0.296698
MDMin:  2526 16:06:50    -2397.917096        0.296611
MDMin:  2527 16:06:52    -2397.917088        0.296349
MDMin:  2528 16:06:53    -2397.916910        1.091000
MDMin:  2529 16:06:55    -2397.917115        0.295798
MDMin:  2530 16:06:57    -2397.917114        0.295710
MDMin:  2531 16:06:59    -2397.917123        0.295446
MDMin:  2532 16:07:01    -2397.916742        1.091102
MDMin:  2533 16:07:04    -2397.917132        0.294888
MDMin:  2534 16:07:06    -2397.917135        0.294799
MDMin:  2535 16:07:08    -2397.917096        1.091506
MDMin:  2536 16:07:10    -2397.917148        0.294393
MDMin:  2537 16:07:12    -2397.917150        0.294304
MDMin:  2538 16:07:14    -2397.917156        0.294036
MDMin:  2539 16:07:16    -2397.917099        1.091531
MDMin:  2540 16:07:18    -2397.917153        0.293480
MDMin:  2541 16:07:19    -2397.917156        0.293390
MDMin:  2542 16:07:21    -2397.917164        0.293119
MDMin:  2543 16:07:23    -2397.916919        1.091556
MDMin:  2544 16:07:25    -2397.917192        0.292549
MDMin:  2545 16:07:26    -2397.917191        0.292458
MDMin:  2546 16:07:28    -2397.917200        0.292186
MDMin:  2547 16:07:30    -2397.916744        1.091714
MDMin:  2548 16:07:31    -2397.917209        0.291610
MDMin:  2549 16:07:33    -2397.917213        0.291519
MDMin:  2550 16:07:35    -2397.917094        1.092152
MDMin:  2551 16:07:37    -2397.917226        0.291100
MDMin:  2552 16:07:39    -2397.917228        0.291008
MDMin:  2553 16:07:40    -2397.917234        0.290732
MDMin:  2554 16:07:42    -2397.917093        1.092217
MDMin:  2555 16:07:44    -2397.917231        0.290159
MDMin:  2556 16:07:45    -2397.917234        0.290066
MDMin:  2557 16:07:47    -2397.917243        0.289787
MDMin:  2558 16:07:49    -2397.916909        1.092269
MDMin:  2559 16:07:51    -2397.917271        0.289199
MDMin:  2560 16:07:53    -2397.917270        0.289105
MDMin:  2561 16:07:55    -2397.917251        1.092664
MDMin:  2562 16:07:57    -2397.917282        0.288677
MDMin:  2563 16:07:58    -2397.917286        0.288583
MDMin:  2564 16:08:00    -2397.917281        0.288300
MDMin:  2565 16:08:01    -2397.917239        1.092657
MDMin:  2566 16:08:03    -2397.917307        0.287706
MDMin:  2567 16:08:05    -2397.917308        0.287611
MDMin:  2568 16:08:07    -2397.917316        0.287326
MDMin:  2569 16:08:08    -2397.917057        1.092665
MDMin:  2570 16:08:10    -2397.917312        0.286734
MDMin:  2571 16:08:12    -2397.917315        0.286638
MDMin:  2572 16:08:14    -2397.917324        0.286349
MDMin:  2573 16:08:16    -2397.916870        1.092799
MDMin:  2574 16:08:19    -2397.917354        0.285740
MDMin:  2575 16:08:20    -2397.917352        0.285643
MDMin:  2576 16:08:22    -2397.917210        1.093240
MDMin:  2577 16:08:24    -2397.917366        0.285200
MDMin:  2578 16:08:26    -2397.917369        0.285102
MDMin:  2579 16:08:27    -2397.917364        0.284808
MDMin:  2580 16:08:29    -2397.917197        1.093289
MDMin:  2581 16:08:31    -2397.917392        0.284192
MDMin:  2582 16:08:33    -2397.917391        0.284093
MDMin:  2583 16:08:35    -2397.917400        0.283796
MDMin:  2584 16:08:37    -2397.917002        1.093330
MDMin:  2585 16:08:39    -2397.917411        0.283171
MDMin:  2586 16:08:41    -2397.917415        0.283071
MDMin:  2587 16:08:42    -2397.917335        1.093734
MDMin:  2588 16:08:44    -2397.917429        0.282613
MDMin:  2589 16:08:45    -2397.917430        0.282513
MDMin:  2590 16:08:47    -2397.917439        0.282210
MDMin:  2591 16:08:49    -2397.917321        1.093730
MDMin:  2592 16:08:51    -2397.917435        0.281582
MDMin:  2593 16:08:53    -2397.917438        0.281480
MDMin:  2594 16:08:54    -2397.917448        0.281172
MDMin:  2595 16:08:56    -2397.917120        1.093719
MDMin:  2596 16:08:57    -2397.917479        0.280524
MDMin:  2597 16:08:59    -2397.917476        0.280421
MDMin:  2598 16:09:01    -2397.917447        1.094106
MDMin:  2599 16:09:04    -2397.917491        0.279947
MDMin:  2600 16:09:06    -2397.917495        0.279842
MDMin:  2601 16:09:08    -2397.917488        0.279527
MDMin:  2602 16:09:09    -2397.917423        1.094065
MDMin:  2603 16:09:11    -2397.917519        0.278866
MDMin:  2604 16:09:13    -2397.917516        0.278760
MDMin:  2605 16:09:15    -2397.917525        0.278440
MDMin:  2606 16:09:17    -2397.917215        1.094034
MDMin:  2607 16:09:19    -2397.917540        0.277766
MDMin:  2608 16:09:21    -2397.917544        0.277658
MDMin:  2609 16:09:23    -2397.917537        1.094416
MDMin:  2610 16:09:25    -2397.917559        0.277164
MDMin:  2611 16:09:27    -2397.917557        0.277054
MDMin:  2612 16:09:29    -2397.917566        0.276726
MDMin:  2613 16:09:31    -2397.917503        1.094362
MDMin:  2614 16:09:33    -2397.917581        0.276034
MDMin:  2615 16:09:35    -2397.917584        0.275923
MDMin:  2616 16:09:37    -2397.917582        0.275587
MDMin:  2617 16:09:39    -2397.917289        1.094323
MDMin:  2618 16:09:41    -2397.917609        0.274882
MDMin:  2619 16:09:43    -2397.917610        0.274769
MDMin:  2620 16:09:44    -2397.917608        1.094708
MDMin:  2621 16:09:46    -2397.917622        0.274250
MDMin:  2622 16:09:48    -2397.917626        0.274135
MDMin:  2623 16:09:49    -2397.917624        0.273789
MDMin:  2624 16:09:51    -2397.917576        1.094653
MDMin:  2625 16:09:52    -2397.917651        0.273063
MDMin:  2626 16:09:54    -2397.917652        0.272946
MDMin:  2627 16:09:56    -2397.917661        0.272593
MDMin:  2628 16:09:58    -2397.917368        1.094612
MDMin:  2629 16:10:00    -2397.917659        0.271860
MDMin:  2630 16:10:02    -2397.917662        0.271741
MDMin:  2631 16:10:04    -2397.917672        0.271380
MDMin:  2632 16:10:06    -2397.917157        1.094710
MDMin:  2633 16:10:07    -2397.917705        0.270618
MDMin:  2634 16:10:09    -2397.917707        0.270496
MDMin:  2635 16:10:12    -2397.917481        1.095163
MDMin:  2636 16:10:13    -2397.917717        0.269939
MDMin:  2637 16:10:15    -2397.917720        0.269816
MDMin:  2638 16:10:17    -2397.917729        0.269442
MDMin:  2639 16:10:19    -2397.917447        1.095197
MDMin:  2640 16:10:21    -2397.917745        0.268654
MDMin:  2641 16:10:23    -2397.917749        0.268527
MDMin:  2642 16:10:24    -2397.917746        0.268145
MDMin:  2643 16:10:26    -2397.917231        1.095214
MDMin:  2644 16:10:28    -2397.917775        0.267339
MDMin:  2645 16:10:30    -2397.917775        0.267209
MDMin:  2646 16:10:32    -2397.917548        1.095636
MDMin:  2647 16:10:33    -2397.917789        0.266615
MDMin:  2648 16:10:35    -2397.917793        0.266483
MDMin:  2649 16:10:37    -2397.917790        0.266086
MDMin:  2650 16:10:39    -2397.917515        1.095621
MDMin:  2651 16:10:41    -2397.917819        0.265251
MDMin:  2652 16:10:43    -2397.917819        0.265116
MDMin:  2653 16:10:44    -2397.917821        1.095943
MDMin:  2654 16:10:46    -2397.917834        0.264501
MDMin:  2655 16:10:48    -2397.917838        0.264364
MDMin:  2656 16:10:50    -2397.917834        0.263951
MDMin:  2657 16:10:51    -2397.917781        1.095775
MDMin:  2658 16:10:53    -2397.917865        0.263085
MDMin:  2659 16:10:54    -2397.917864        0.262945
MDMin:  2660 16:10:55    -2397.917873        0.262523
MDMin:  2661 16:10:57    -2397.917549        1.095637
MDMin:  2662 16:10:59    -2397.917890        0.261632
MDMin:  2663 16:11:01    -2397.917894        0.261489
MDMin:  2664 16:11:03    -2397.917852        1.095996
MDMin:  2665 16:11:05    -2397.917911        0.260833
MDMin:  2666 16:11:07    -2397.917908        0.260688
MDMin:  2667 16:11:09    -2397.917918        0.260249
MDMin:  2668 16:11:11    -2397.917803        1.095883
MDMin:  2669 16:11:13    -2397.917937        0.259324
MDMin:  2670 16:11:14    -2397.917941        0.259175
MDMin:  2671 16:11:16    -2397.917936        0.258724
MDMin:  2672 16:11:18    -2397.917569        1.095787
MDMin:  2673 16:11:20    -2397.917969        0.257776
MDMin:  2674 16:11:22    -2397.917966        0.257623
MDMin:  2675 16:11:24    -2397.917871        1.096171
MDMin:  2676 16:11:26    -2397.917984        0.256924
MDMin:  2677 16:11:28    -2397.917989        0.256769
MDMin:  2678 16:11:30    -2397.917983        0.256300
MDMin:  2679 16:11:31    -2397.917825        1.096090
MDMin:  2680 16:11:32    -2397.918016        0.255317
MDMin:  2681 16:11:34    -2397.918019        0.255158
MDMin:  2682 16:11:35    -2397.918027        0.254677
MDMin:  2683 16:11:36    -2397.917599        1.096017
MDMin:  2684 16:11:37    -2397.918029        0.253682
MDMin:  2685 16:11:39    -2397.918032        0.253519
MDMin:  2686 16:11:41    -2397.917901        1.096410
MDMin:  2687 16:11:42    -2397.918063        0.253987
MDMin:  2688 16:11:44    -2397.918066        0.253672
MDMin:  2689 16:11:46    -2397.918076        0.252794
MDMin:  2690 16:11:48    -2397.917862        1.096342
MDMin:  2691 16:11:50    -2397.918076        0.253254
MDMin:  2692 16:11:52    -2397.918079        0.252966
MDMin:  2693 16:11:53    -2397.918090        0.252165
MDMin:  2694 16:11:55    -2397.917625        1.096257
MDMin:  2695 16:11:56    -2397.918124        0.252611
MDMin:  2696 16:11:58    -2397.918127        0.252347
MDMin:  2697 16:12:00    -2397.917921        1.096653
MDMin:  2698 16:12:02    -2397.918142        0.253856
MDMin:  2699 16:12:04    -2397.918147        0.253537
MDMin:  2700 16:12:06    -2397.918144        0.252646
MDMin:  2701 16:12:08    -2397.917872        1.096584
MDMin:  2702 16:12:10    -2397.918177        0.253075
MDMin:  2703 16:12:12    -2397.918175        0.252784
MDMin:  2704 16:12:14    -2397.918160        1.096894
MDMin:  2705 16:12:16    -2397.918193        0.254369
MDMin:  2706 16:12:17    -2397.918198        0.254025
MDMin:  2707 16:12:19    -2397.918192        0.253061
MDMin:  2708 16:12:20    -2397.918105        1.096692
MDMin:  2709 16:12:22    -2397.918226        0.253476
MDMin:  2710 16:12:24    -2397.918229        0.253165
MDMin:  2711 16:12:26    -2397.918239        0.252293
MDMin:  2712 16:12:28    -2397.917865        1.096526
MDMin:  2713 16:12:29    -2397.918240        0.252779
MDMin:  2714 16:12:31    -2397.918244        0.252492
MDMin:  2715 16:12:33    -2397.918155        1.096887
MDMin:  2716 16:12:35    -2397.918275        0.254083
MDMin:  2717 16:12:37    -2397.918279        0.253742
MDMin:  2718 16:12:39    -2397.918289        0.252787
MDMin:  2719 16:12:41    -2397.918096        1.096754
MDMin:  2720 16:12:42    -2397.918309        0.253207
MDMin:  2721 16:12:44    -2397.918313        0.252897
MDMin:  2722 16:12:46    -2397.918310        0.252029
MDMin:  2723 16:12:47    -2397.917844        1.096630
MDMin:  2724 16:12:49    -2397.918344        0.252490
MDMin:  2725 16:12:51    -2397.918348        0.252204
MDMin:  2726 16:12:53    -2397.918132        1.097020
MDMin:  2727 16:12:55    -2397.918361        0.253798
MDMin:  2728 16:12:57    -2397.918365        0.253460
MDMin:  2729 16:12:59    -2397.918366        0.252508
MDMin:  2730 16:13:01    -2397.918074        1.096932
MDMin:  2731 16:13:03    -2397.918397        0.252938
MDMin:  2732 16:13:05    -2397.918397        0.252628
MDMin:  2733 16:13:07    -2397.918353        1.097241
MDMin:  2734 16:13:09    -2397.918415        0.254285
MDMin:  2735 16:13:10    -2397.918420        0.253924
MDMin:  2736 16:13:11    -2397.918416        0.252904
MDMin:  2737 16:13:13    -2397.918290        1.097028
MDMin:  2738 16:13:15    -2397.918451        0.253316
MDMin:  2739 16:13:17    -2397.918454        0.252987
MDMin:  2740 16:13:19    -2397.918464        0.252062
MDMin:  2741 16:13:21    -2397.918040        1.096849
MDMin:  2742 16:13:22    -2397.918467        0.252558
MDMin:  2743 16:13:23    -2397.918470        0.252253
MDMin:  2744 16:13:25    -2397.918323        1.097216
MDMin:  2745 16:13:27    -2397.918502        0.253912
MDMin:  2746 16:13:29    -2397.918506        0.253556
MDMin:  2747 16:13:30    -2397.918516        0.252550
MDMin:  2748 16:13:32    -2397.918257        1.097080
MDMin:  2749 16:13:34    -2397.918539        0.252969
MDMin:  2750 16:13:35    -2397.918544        0.252643
MDMin:  2751 16:13:37    -2397.918527        1.097372
MDMin:  2752 16:13:39    -2397.918560        0.254342
MDMin:  2753 16:13:41    -2397.918563        0.253966
MDMin:  2754 16:13:42    -2397.918574        0.252902
MDMin:  2755 16:13:45    -2397.918453        1.097129
MDMin:  2756 16:13:47    -2397.918595        0.253303
MDMin:  2757 16:13:48    -2397.918600        0.252960
MDMin:  2758 16:13:50    -2397.918597        0.251994
MDMin:  2759 16:13:52    -2397.918184        1.096921
MDMin:  2760 16:13:54    -2397.918632        0.252453
MDMin:  2761 16:13:56    -2397.918635        0.252137
MDMin:  2762 16:13:58    -2397.918457        1.097286
MDMin:  2763 16:14:00    -2397.918652        0.253844
MDMin:  2764 16:14:02    -2397.918657        0.253477
MDMin:  2765 16:14:03    -2397.918656        0.252438
MDMin:  2766 16:14:05    -2397.918388        1.097153
MDMin:  2767 16:14:07    -2397.918691        0.252863
MDMin:  2768 16:14:09    -2397.918695        0.252526
MDMin:  2769 16:14:11    -2397.918653        1.097448
MDMin:  2770 16:14:12    -2397.918709        0.254277
MDMin:  2771 16:14:14    -2397.918714        0.253891
MDMin:  2772 16:14:16    -2397.918715        0.252795
MDMin:  2773 16:14:17    -2397.918579        1.097209
MDMin:  2774 16:14:19    -2397.918750        0.253198
MDMin:  2775 16:14:21    -2397.918748        0.252845
MDMin:  2776 16:14:22    -2397.918759        0.251847
MDMin:  2777 16:14:24    -2397.918304        1.096995
MDMin:  2778 16:14:26    -2397.918786        0.252304
MDMin:  2779 16:14:28    -2397.918791        0.251978
MDMin:  2780 16:14:30    -2397.918572        1.097363
MDMin:  2781 16:14:32    -2397.918804        0.253714
MDMin:  2782 16:14:34    -2397.918808        0.253338
MDMin:  2783 16:14:36    -2397.918819        0.252270
MDMin:  2784 16:14:37    -2397.918494        1.097229
MDMin:  2785 16:14:39    -2397.918846        0.252689
MDMin:  2786 16:14:40    -2397.918851        0.252343
MDMin:  2787 16:14:42    -2397.918754        1.097530
MDMin:  2788 16:14:43    -2397.918865        0.254119
MDMin:  2789 16:14:45    -2397.918869        0.253724
MDMin:  2790 16:14:47    -2397.918880        0.252603
MDMin:  2791 16:14:49    -2397.918673        1.097292
MDMin:  2792 16:14:50    -2397.918907        0.252999
MDMin:  2793 16:14:52    -2397.918912        0.252638
MDMin:  2794 16:14:54    -2397.918905        0.251612
MDMin:  2795 16:14:55    -2397.918393        1.097081
MDMin:  2796 16:14:56    -2397.918941        0.252075
MDMin:  2797 16:14:58    -2397.918944        0.251740
MDMin:  2798 16:15:00    -2397.918657        1.097457
MDMin:  2799 16:15:02    -2397.918969        0.253524
MDMin:  2800 16:15:04    -2397.918974        0.253139
MDMin:  2801 16:15:07    -2397.918967        0.252044
MDMin:  2802 16:15:08    -2397.918581        1.097331
MDMin:  2803 16:15:10    -2397.919003        0.252467
MDMin:  2804 16:15:12    -2397.919007        0.252112
MDMin:  2805 16:15:14    -2397.918839        1.097637
MDMin:  2806 16:15:16    -2397.919032        0.253934
MDMin:  2807 16:15:18    -2397.919037        0.253531
MDMin:  2808 16:15:20    -2397.919048        0.252382
MDMin:  2809 16:15:21    -2397.918770        1.097417
MDMin:  2810 16:15:22    -2397.919053        0.252838
MDMin:  2811 16:15:24    -2397.919057        0.252466
MDMin:  2812 16:15:26    -2397.919026        1.097678
MDMin:  2813 16:15:27    -2397.919090        0.254327
MDMin:  2814 16:15:29    -2397.919094        0.253907
MDMin:  2815 16:15:30    -2397.919106        0.252709
MDMin:  2816 16:15:32    -2397.918940        1.097364
MDMin:  2817 16:15:34    -2397.919137        0.253083
MDMin:  2818 16:15:36    -2397.919139        0.252699
MDMin:  2819 16:15:37    -2397.919151        0.251603
MDMin:  2820 16:15:39    -2397.918649        1.097090
MDMin:  2821 16:15:41    -2397.919177        0.252055
MDMin:  2822 16:15:42    -2397.919182        0.251699
MDMin:  2823 16:15:44    -2397.918904        1.097445
MDMin:  2824 16:15:46    -2397.919199        0.253547
MDMin:  2825 16:15:48    -2397.919203        0.253143
MDMin:  2826 16:15:51    -2397.919214        0.251987
MDMin:  2827 16:15:52    -2397.918817        1.097283
MDMin:  2828 16:15:54    -2397.919243        0.252400
MDMin:  2829 16:15:56    -2397.919248        0.252026
MDMin:  2830 16:15:58    -2397.919066        1.097579
MDMin:  2831 16:16:00    -2397.919266        0.253916
MDMin:  2832 16:16:01    -2397.919271        0.253495
MDMin:  2833 16:16:02    -2397.919272        0.252292
MDMin:  2834 16:16:04    -2397.918979        1.097329
MDMin:  2835 16:16:06    -2397.919309        0.252683
MDMin:  2836 16:16:08    -2397.919313        0.252296
MDMin:  2837 16:16:10    -2397.919222        1.097586
MDMin:  2838 16:16:12    -2397.919334        0.254215
MDMin:  2839 16:16:14    -2397.919339        0.253781
MDMin:  2840 16:16:16    -2397.919337        0.252540
MDMin:  2841 16:16:18    -2397.919130        1.097276
MDMin:  2842 16:16:20    -2397.919374        0.252913
MDMin:  2843 16:16:22    -2397.919378        0.252515
MDMin:  2844 16:16:24    -2397.919369        1.097509
MDMin:  2845 16:16:26    -2397.919403        0.254461
MDMin:  2846 16:16:28    -2397.919409        0.254017
MDMin:  2847 16:16:30    -2397.919403        0.252744
MDMin:  2848 16:16:32    -2397.919273        1.097161
MDMin:  2849 16:16:34    -2397.919440        0.253106
MDMin:  2850 16:16:36    -2397.919444        0.252698
MDMin:  2851 16:16:38    -2397.919456        0.251530
MDMin:  2852 16:16:40    -2397.918969        1.096856
MDMin:  2853 16:16:42    -2397.919493        0.251979
MDMin:  2854 16:16:44    -2397.919491        0.251600
MDMin:  2855 16:16:46    -2397.919214        1.097208
MDMin:  2856 16:16:48    -2397.919517        0.253546
MDMin:  2857 16:16:50    -2397.919523        0.253120
MDMin:  2858 16:16:52    -2397.919517        0.251899
MDMin:  2859 16:16:54    -2397.919122        1.097037
MDMin:  2860 16:16:56    -2397.919555        0.252309
MDMin:  2861 16:16:57    -2397.919559        0.251914
MDMin:  2862 16:16:58    -2397.919361        1.097333
MDMin:  2863 16:16:59    -2397.919589        0.253881
MDMin:  2864 16:17:01    -2397.919591        0.253441
MDMin:  2865 16:17:03    -2397.919603        0.252178
MDMin:  2866 16:17:05    -2397.919266        1.097075
MDMin:  2867 16:17:07    -2397.919634        0.252560
MDMin:  2868 16:17:09    -2397.919638        0.252154
MDMin:  2869 16:17:10    -2397.919500        1.097335
MDMin:  2870 16:17:12    -2397.919659        0.254143
MDMin:  2871 16:17:13    -2397.919665        0.253692
MDMin:  2872 16:17:15    -2397.919664        0.252395
MDMin:  2873 16:17:17    -2397.919401        1.097023
MDMin:  2874 16:17:19    -2397.919702        0.252761
MDMin:  2875 16:17:21    -2397.919706        0.252344
MDMin:  2876 16:17:22    -2397.919632        1.097261
MDMin:  2877 16:17:24    -2397.919734        0.254357
MDMin:  2878 16:17:26    -2397.919738        0.253896
MDMin:  2879 16:17:27    -2397.919751        0.252571
MDMin:  2880 16:17:29    -2397.919529        1.096914
MDMin:  2881 16:17:31    -2397.919780        0.252924
MDMin:  2882 16:17:32    -2397.919786        0.252499
MDMin:  2883 16:17:33    -2397.919755        1.097139
MDMin:  2884 16:17:35    -2397.919803        0.254521
MDMin:  2885 16:17:36    -2397.919807        0.254053
MDMin:  2886 16:17:38    -2397.919820        0.252705
MDMin:  2887 16:17:39    -2397.919646        1.096771
MDMin:  2888 16:17:40    -2397.919856        0.253051
MDMin:  2889 16:17:41    -2397.919856        0.252620
MDMin:  2890 16:17:43    -2397.919868        0.251377
MDMin:  2891 16:17:44    -2397.919330        1.096448
MDMin:  2892 16:17:46    -2397.919903        0.251826
MDMin:  2893 16:17:48    -2397.919885        1.097137
MDMin:  2894 16:17:50    -2397.919918        0.255575
MDMin:  2895 16:17:51    -2397.919924        0.255076
MDMin:  2896 16:17:53    -2397.919925        0.253635
MDMin:  2897 16:17:54    -2397.919947        0.251434
MDMin:  2898 16:17:56    -2397.919214        1.096042
MDMin:  2899 16:17:58    -2397.919797        1.096780
MDMin:  2900 16:17:59    -2397.920018        0.257849
MDMin:  2901 16:18:01    -2397.920024        0.257294
MDMin:  2902 16:18:03    -2397.920031        0.255687
MDMin:  2903 16:18:05    -2397.920053        0.253217
MDMin:  2904 16:18:07    -2397.919801        1.095945
MDMin:  2905 16:18:09    -2397.920098        0.252358
MDMin:  2906 16:18:10    -2397.920103        0.251935
MDMin:  2907 16:18:12    -2397.919949        1.096185
MDMin:  2908 16:18:13    -2397.920132        0.254034
MDMin:  2909 16:18:14    -2397.920136        0.253569
MDMin:  2910 16:18:16    -2397.920149        0.252224
MDMin:  2911 16:18:18    -2397.919833        1.095991
MDMin:  2912 16:18:20    -2397.920182        0.252615
MDMin:  2913 16:18:22    -2397.920186        0.252182
MDMin:  2914 16:18:24    -2397.920054        1.096287
MDMin:  2915 16:18:25    -2397.920210        0.254283
MDMin:  2916 16:18:27    -2397.920217        0.253808
MDMin:  2917 16:18:29    -2397.920216        0.252434
MDMin:  2918 16:18:31    -2397.919939        1.096022
MDMin:  2919 16:18:33    -2397.920255        0.252796
MDMin:  2920 16:18:35    -2397.920260        0.252355
MDMin:  2921 16:18:37    -2397.920156        1.096289
MDMin:  2922 16:18:39    -2397.920294        0.254467
MDMin:  2923 16:18:41    -2397.920294        0.253984
MDMin:  2924 16:18:42    -2397.920307        0.252585
MDMin:  2925 16:18:44    -2397.920040        1.095978
MDMin:  2926 16:18:45    -2397.920346        0.252933
MDMin:  2927 16:18:47    -2397.920350        0.252484
MDMin:  2928 16:18:49    -2397.920255        1.096228
MDMin:  2929 16:18:51    -2397.920373        0.254609
MDMin:  2930 16:18:53    -2397.920380        0.254119
MDMin:  2931 16:18:55    -2397.920381        0.252701
MDMin:  2932 16:18:56    -2397.920136        1.095887
MDMin:  2933 16:18:58    -2397.920420        0.253034
MDMin:  2934 16:18:59    -2397.920425        0.252579
MDMin:  2935 16:19:01    -2397.920348        1.096126
MDMin:  2936 16:19:02    -2397.920459        0.254718
MDMin:  2937 16:19:04    -2397.920459        0.254223
MDMin:  2938 16:19:06    -2397.920473        0.252785
MDMin:  2939 16:19:08    -2397.920227        1.095767
MDMin:  2940 16:19:10    -2397.920512        0.253115
MDMin:  2941 16:19:12    -2397.920516        0.252654
MDMin:  2942 16:19:14    -2397.920438        1.096000
MDMin:  2943 16:19:16    -2397.920541        0.254807
MDMin:  2944 16:19:18    -2397.920548        0.254306
MDMin:  2945 16:19:21    -2397.920548        0.252855
MDMin:  2946 16:19:23    -2397.920315        1.095629
MDMin:  2947 16:19:25    -2397.920588        0.253174
MDMin:  2948 16:19:27    -2397.920593        0.252709
MDMin:  2949 16:19:29    -2397.920523        1.095859
MDMin:  2950 16:19:31    -2397.920629        0.254876
MDMin:  2951 16:19:34    -2397.920633        0.254371
MDMin:  2952 16:19:36    -2397.920647        0.252906
MDMin:  2953 16:19:38    -2397.920399        1.095483
MDMin:  2954 16:19:40    -2397.920684        0.253229
MDMin:  2955 16:19:42    -2397.920686        0.252759
MDMin:  2956 16:19:43    -2397.920606        1.095711
MDMin:  2957 16:19:44    -2397.920715        0.254935
MDMin:  2958 16:19:46    -2397.920721        0.254427
MDMin:  2959 16:19:47    -2397.920734        0.252947
MDMin:  2960 16:19:49    -2397.920478        1.095330
MDMin:  2961 16:19:50    -2397.920771        0.253264
MDMin:  2962 16:19:53    -2397.920773        0.252791
MDMin:  2963 16:19:55    -2397.920684        1.095558
MDMin:  2964 16:19:57    -2397.920803        0.254980
MDMin:  2965 16:19:58    -2397.920809        0.254467
MDMin:  2966 16:20:00    -2397.920823        0.252977
MDMin:  2967 16:20:01    -2397.920555        1.095176
MDMin:  2968 16:20:03    -2397.920860        0.253292
MDMin:  2969 16:20:05    -2397.920862        0.252815
MDMin:  2970 16:20:06    -2397.920759        1.095405
MDMin:  2971 16:20:07    -2397.920892        0.255016
MDMin:  2972 16:20:10    -2397.920898        0.254500
MDMin:  2973 16:20:12    -2397.920912        0.252999
MDMin:  2974 16:20:14    -2397.920628        1.095022
MDMin:  2975 16:20:15    -2397.920950        0.253313
MDMin:  2976 16:20:17    -2397.920952        0.252832
MDMin:  2977 16:20:20    -2397.920831        1.095252
MDMin:  2978 16:20:22    -2397.920983        0.255045
MDMin:  2979 16:20:24    -2397.920988        0.254526
MDMin:  2980 16:20:25    -2397.921002        0.253015
MDMin:  2981 16:20:27    -2397.920699        1.094869
MDMin:  2982 16:20:29    -2397.921042        0.253327
MDMin:  2983 16:20:31    -2397.921042        0.252844
MDMin:  2984 16:20:32    -2397.920901        1.095101
MDMin:  2985 16:20:34    -2397.921075        0.255067
MDMin:  2986 16:20:35    -2397.921079        0.254546
MDMin:  2987 16:20:36    -2397.921093        0.253026
MDMin:  2988 16:20:39    -2397.920767        1.094719
MDMin:  2989 16:20:41    -2397.921134        0.253337
MDMin:  2990 16:20:43    -2397.921138        0.252850
MDMin:  2991 16:20:45    -2397.920969        1.094954
MDMin:  2992 16:20:46    -2397.921166        0.255090
MDMin:  2993 16:20:48    -2397.921174        0.254565
MDMin:  2994 16:20:50    -2397.921174        0.253038
MDMin:  2995 16:20:51    -2397.920834        1.094571
MDMin:  2996 16:20:54    -2397.921216        0.253340
MDMin:  2997 16:20:55    -2397.921221        0.252851
MDMin:  2998 16:20:57    -2397.921034        1.094807
MDMin:  2999 16:20:58    -2397.921258        0.255102
MDMin:  3000 16:21:00    -2397.921263        0.254574
MDMin:  3001 16:21:01    -2397.921277        0.253039
MDMin:  3002 16:21:03    -2397.920899        1.094428
MDMin:  3003 16:21:05    -2397.921319        0.253354
MDMin:  3004 16:21:07    -2397.921324        0.252861
MDMin:  3005 16:21:08    -2397.921100        1.094667
MDMin:  3006 16:21:10    -2397.921359        0.255123
MDMin:  3007 16:21:12    -2397.921361        0.254593
MDMin:  3008 16:21:14    -2397.921376        0.253045
MDMin:  3009 16:21:15    -2397.920963        1.094285
MDMin:  3010 16:21:17    -2397.921417        0.253355
MDMin:  3011 16:21:19    -2397.921422        0.252859
MDMin:  3012 16:21:21    -2397.921162        1.094525
MDMin:  3013 16:21:22    -2397.921455        0.255132
MDMin:  3014 16:21:24    -2397.921460        0.254599
MDMin:  3015 16:21:26    -2397.921474        0.253043
MDMin:  3016 16:21:28    -2397.921025        1.094144
MDMin:  3017 16:21:29    -2397.921516        0.253353
MDMin:  3018 16:21:30    -2397.921521        0.252854
MDMin:  3019 16:21:32    -2397.921223        1.094386
MDMin:  3020 16:21:34    -2397.921553        0.255138
MDMin:  3021 16:21:36    -2397.921559        0.254603
MDMin:  3022 16:21:38    -2397.921574        0.253038
MDMin:  3023 16:21:39    -2397.921085        1.094005
MDMin:  3024 16:21:41    -2397.921616        0.253348
MDMin:  3025 16:21:42    -2397.921607        1.094680
MDMin:  3026 16:21:44    -2397.921635        0.257661
MDMin:  3027 16:21:45    -2397.921643        0.257077
MDMin:  3028 16:21:47    -2397.921651        0.255369
MDMin:  3029 16:21:49    -2397.921675        1.094138
MDMin:  3030 16:21:50    -2397.921693        0.255471
MDMin:  3031 16:21:52    -2397.921698        0.254928
MDMin:  3032 16:21:55    -2397.921713        0.253344
MDMin:  3033 16:21:57    -2397.921303        1.093463
MDMin:  3034 16:21:58    -2397.921756        0.253661
MDMin:  3035 16:22:00    -2397.921761        0.253152
MDMin:  3036 16:22:01    -2397.921497        1.093716
MDMin:  3037 16:22:02    -2397.921800        0.255470
MDMin:  3038 16:22:04    -2397.921805        0.254926
MDMin:  3039 16:22:06    -2397.921820        0.253336
MDMin:  3040 16:22:07    -2397.921353        1.093348
MDMin:  3041 16:22:09    -2397.921863        0.253649
MDMin:  3042 16:22:10    -2397.921868        0.253138
MDMin:  3043 16:22:12    -2397.921547        1.093601
MDMin:  3044 16:22:14    -2397.921907        0.255463
MDMin:  3045 16:22:16    -2397.921912        0.254917
MDMin:  3046 16:22:18    -2397.921927        0.253321
MDMin:  3047 16:22:20    -2397.921403        1.093229
MDMin:  3048 16:22:22    -2397.921970        0.253634
MDMin:  3049 16:22:24    -2397.921923        1.093918
MDMin:  3050 16:22:26    -2397.921993        0.258015
MDMin:  3051 16:22:28    -2397.922001        0.257422
MDMin:  3052 16:22:30    -2397.922007        0.255687
MDMin:  3053 16:22:32    -2397.921984        1.093382
MDMin:  3054 16:22:34    -2397.922051        0.255774
MDMin:  3055 16:22:36    -2397.922056        0.255222
MDMin:  3056 16:22:38    -2397.922072        0.253608
MDMin:  3057 16:22:40    -2397.921605        1.092705
MDMin:  3058 16:22:42    -2397.922116        0.253921
MDMin:  3059 16:22:44    -2397.922121        0.253402
MDMin:  3060 16:22:46    -2397.921796        1.092967
MDMin:  3061 16:22:48    -2397.922161        0.255753
MDMin:  3062 16:22:50    -2397.922166        0.255200
MDMin:  3063 16:22:52    -2397.922181        0.253582
MDMin:  3064 16:22:54    -2397.921646        1.092604
MDMin:  3065 16:22:56    -2397.922226        0.253892
MDMin:  3066 16:22:58    -2397.922163        1.093303
MDMin:  3067 16:23:00    -2397.922261        0.258317
MDMin:  3068 16:23:02    -2397.922267        0.257719
MDMin:  3069 16:23:04    -2397.922282        0.255965
MDMin:  3070 16:23:05    -2397.922221        1.092779
MDMin:  3071 16:23:07    -2397.922326        0.256069
MDMin:  3072 16:23:08    -2397.922331        0.255510
MDMin:  3073 16:23:09    -2397.922347        0.253874
MDMin:  3074 16:23:10    -2397.921840        1.092102
MDMin:  3075 16:23:12    -2397.922391        0.254182
MDMin:  3076 16:23:13    -2397.922356        1.092808
MDMin:  3077 16:23:14    -2397.922423        0.258638
MDMin:  3078 16:23:15    -2397.922428        0.258035
MDMin:  3079 16:23:17    -2397.922444        0.256262
MDMin:  3080 16:23:18    -2397.922406        1.092288
MDMin:  3081 16:23:19    -2397.922488        0.256350
MDMin:  3082 16:23:21    -2397.922493        0.255787
MDMin:  3083 16:23:23    -2397.922509        0.254138
MDMin:  3084 16:23:25    -2397.922019        1.091615
MDMin:  3085 16:23:27    -2397.922554        0.254441
MDMin:  3086 16:23:29    -2397.922533        1.092328
MDMin:  3087 16:23:31    -2397.922589        0.258920
MDMin:  3088 16:23:33    -2397.922592        0.258314
MDMin:  3089 16:23:35    -2397.922608        0.256531
MDMin:  3090 16:23:37    -2397.922578        1.091815
MDMin:  3091 16:23:39    -2397.922653        0.256611
MDMin:  3092 16:23:41    -2397.922658        0.256045
MDMin:  3093 16:23:43    -2397.922674        0.254385
MDMin:  3094 16:23:44    -2397.922187        1.091144
MDMin:  3095 16:23:46    -2397.922720        0.254684
MDMin:  3096 16:23:48    -2397.922700        1.091864
MDMin:  3097 16:23:49    -2397.922756        0.259180
MDMin:  3098 16:23:51    -2397.922762        0.258571
MDMin:  3099 16:23:52    -2397.922778        0.256785
MDMin:  3100 16:23:53    -2397.922744        1.091361
MDMin:  3101 16:23:54    -2397.922823        0.256870
MDMin:  3102 16:23:55    -2397.922829        0.256300
MDMin:  3103 16:23:57    -2397.922845        0.254630
MDMin:  3104 16:23:58    -2397.922349        1.090690
MDMin:  3105 16:23:59    -2397.922891        0.254924
MDMin:  3106 16:24:01    -2397.922861        1.091417
MDMin:  3107 16:24:02    -2397.922928        0.259434
MDMin:  3108 16:24:04    -2397.922933        0.258824
MDMin:  3109 16:24:06    -2397.922950        0.257030
MDMin:  3110 16:24:07    -2397.922901        1.090916
MDMin:  3111 16:24:09    -2397.922996        0.257109
MDMin:  3112 16:24:11    -2397.923001        0.256537
MDMin:  3113 16:24:12    -2397.923017        0.254858
MDMin:  3114 16:24:14    -2397.922503        1.090244
MDMin:  3115 16:24:15    -2397.923064        0.255147
MDMin:  3116 16:24:16    -2397.923013        1.090978
MDMin:  3117 16:24:18    -2397.923102        0.259669
MDMin:  3118 16:24:20    -2397.923107        0.259057
MDMin:  3119 16:24:22    -2397.923124        0.257257
MDMin:  3120 16:24:24    -2397.923051        1.090480
MDMin:  3121 16:24:26    -2397.923170        0.257331
MDMin:  3122 16:24:27    -2397.923176        0.256757
MDMin:  3123 16:24:29    -2397.923192        0.255071
MDMin:  3124 16:24:30    -2397.922650        1.089808
MDMin:  3125 16:24:32    -2397.923240        0.255357
MDMin:  3126 16:24:34    -2397.923159        1.090550
MDMin:  3127 16:24:36    -2397.923277        0.259888
MDMin:  3128 16:24:38    -2397.923283        0.259275
MDMin:  3129 16:24:39    -2397.923300        0.257470
MDMin:  3130 16:24:42    -2397.923193        1.090055
MDMin:  3131 16:24:44    -2397.923347        0.257540
MDMin:  3132 16:24:46    -2397.923352        0.256964
MDMin:  3133 16:24:48    -2397.923352        1.090149
MDMin:  3134 16:24:49    -2397.923395        0.259302
MDMin:  3135 16:24:51    -2397.923401        0.258700
MDMin:  3136 16:24:53    -2397.923418        0.256927
MDMin:  3137 16:24:55    -2397.923167        1.089502
MDMin:  3138 16:24:57    -2397.923466        0.257066
MDMin:  3139 16:24:59    -2397.923471        0.256499
MDMin:  3140 16:25:00    -2397.923330        1.089669
MDMin:  3141 16:25:02    -2397.923514        0.258865
MDMin:  3142 16:25:04    -2397.923520        0.258270
MDMin:  3143 16:25:06    -2397.923537        0.256521
MDMin:  3144 16:25:08    -2397.923145        1.089129
MDMin:  3145 16:25:09    -2397.923586        0.256706
MDMin:  3146 16:25:12    -2397.923591        0.256145
MDMin:  3147 16:25:13    -2397.923311        1.089343
MDMin:  3148 16:25:15    -2397.923635        0.258528
MDMin:  3149 16:25:17    -2397.923641        0.257940
MDMin:  3150 16:25:19    -2397.923658        0.256207
MDMin:  3151 16:25:21    -2397.923127        1.088872
MDMin:  3152 16:25:22    -2397.923707        0.256424
MDMin:  3153 16:25:24    -2397.923629        1.089602
MDMin:  3154 16:25:26    -2397.923746        0.260976
MDMin:  3155 16:25:28    -2397.923752        0.260352
MDMin:  3156 16:25:30    -2397.923770        0.258514
MDMin:  3157 16:25:32    -2397.923657        1.089015
MDMin:  3158 16:25:34    -2397.923819        0.258532
MDMin:  3159 16:25:36    -2397.923824        0.257945
MDMin:  3160 16:25:37    -2397.923809        1.089079
MDMin:  3161 16:25:39    -2397.923869        0.260270
MDMin:  3162 16:25:41    -2397.923875        0.259659
MDMin:  3163 16:25:43    -2397.923892        0.257859
MDMin:  3164 16:25:45    -2397.923615        1.088372
MDMin:  3165 16:25:47    -2397.923942        0.257960
MDMin:  3166 16:25:48    -2397.923948        0.257384
MDMin:  3167 16:25:50    -2397.923771        1.088524
MDMin:  3168 16:25:52    -2397.923993        0.259742
MDMin:  3169 16:25:54    -2397.923999        0.259141
MDMin:  3170 16:25:55    -2397.924017        0.257368
MDMin:  3171 16:25:57    -2397.923577        1.087948
MDMin:  3172 16:25:58    -2397.924067        0.257525
MDMin:  3173 16:25:59    -2397.924072        1.088668
MDMin:  3174 16:26:00    -2397.924107        0.262089
MDMin:  3175 16:26:02    -2397.924113        0.261456
MDMin:  3176 16:26:05    -2397.924131        0.259590
MDMin:  3177 16:26:06    -2397.924090        1.088010
MDMin:  3178 16:26:07    -2397.924182        0.259557
MDMin:  3179 16:26:09    -2397.924188        0.258962
MDMin:  3180 16:26:11    -2397.924206        0.257208
MDMin:  3181 16:26:13    -2397.923665        1.087209
MDMin:  3182 16:26:15    -2397.924258        0.257410
MDMin:  3183 16:26:16    -2397.924164        1.087963
MDMin:  3184 16:26:18    -2397.924298        0.261975
MDMin:  3185 16:26:20    -2397.924304        0.261348
MDMin:  3186 16:26:22    -2397.924323        0.259497
MDMin:  3187 16:26:24    -2397.924177        1.087395
MDMin:  3188 16:26:26    -2397.924374        0.259496
MDMin:  3189 16:26:28    -2397.924380        0.258905
MDMin:  3190 16:26:29    -2397.924322        1.087474
MDMin:  3191 16:26:31    -2397.924427        0.261223
MDMin:  3192 16:26:33    -2397.924433        0.260609
MDMin:  3193 16:26:35    -2397.924452        0.258797
MDMin:  3194 16:26:37    -2397.924116        1.086776
MDMin:  3195 16:26:39    -2397.924504        0.258881
MDMin:  3196 16:26:41    -2397.924510        0.258301
MDMin:  3197 16:26:43    -2397.924266        1.086943
MDMin:  3198 16:26:45    -2397.924557        0.260652
MDMin:  3199 16:26:47    -2397.924564        0.260048
MDMin:  3200 16:26:48    -2397.924583        0.258265
MDMin:  3201 16:26:50    -2397.924061        1.086376
MDMin:  3202 16:26:52    -2397.924636        0.258407
MDMin:  3203 16:26:54    -2397.924553        1.087120
MDMin:  3204 16:26:56    -2397.924677        0.262962
MDMin:  3205 16:26:58    -2397.924684        0.262329
MDMin:  3206 16:26:59    -2397.924703        0.260460
MDMin:  3207 16:27:01    -2397.924561        1.086472
MDMin:  3208 16:27:03    -2397.924756        0.260414
MDMin:  3209 16:27:04    -2397.924763        0.259817
MDMin:  3210 16:27:06    -2397.924700        1.086524
MDMin:  3211 16:27:07    -2397.924810        0.262110
MDMin:  3212 16:27:09    -2397.924817        0.261492
MDMin:  3213 16:27:11    -2397.924837        0.259666
MDMin:  3214 16:27:14    -2397.924487        1.085775
MDMin:  3215 16:27:15    -2397.924891        0.259717
MDMin:  3216 16:27:17    -2397.924897        0.259132
MDMin:  3217 16:27:19    -2397.924631        1.085928
MDMin:  3218 16:27:21    -2397.924946        0.261464
MDMin:  3219 16:27:23    -2397.924952        0.260856
MDMin:  3220 16:27:25    -2397.924972        0.259063
MDMin:  3221 16:27:27    -2397.924418        1.085330
MDMin:  3222 16:27:28    -2397.925020        1.086269
MDMin:  3223 16:27:30    -2397.925088        0.267926
MDMin:  3224 16:27:31    -2397.925094        0.267244
MDMin:  3225 16:27:32    -2397.925114        0.265221
MDMin:  3226 16:27:33    -2397.925149        0.261955
MDMin:  3227 16:27:35    -2397.924906        1.084372
MDMin:  3228 16:27:36    -2397.925217        0.260446
MDMin:  3229 16:27:38    -2397.925224        0.259861
MDMin:  3230 16:27:40    -2397.925007        1.084512
MDMin:  3231 16:27:41    -2397.925274        0.262191
MDMin:  3232 16:27:43    -2397.925281        0.261584
MDMin:  3233 16:27:45    -2397.925302        0.259793
MDMin:  3234 16:27:47    -2397.924780        1.083982
MDMin:  3235 16:27:49    -2397.925358        0.259907
MDMin:  3236 16:27:51    -2397.925268        1.084760
MDMin:  3237 16:27:53    -2397.925401        0.264431
MDMin:  3238 16:27:54    -2397.925408        0.263799
MDMin:  3239 16:27:56    -2397.925430        0.261931
MDMin:  3240 16:27:58    -2397.925256        1.084143
MDMin:  3241 16:28:00    -2397.925486        0.261858
MDMin:  3242 16:28:02    -2397.925493        0.261260
MDMin:  3243 16:28:04    -2397.925386        1.084217
MDMin:  3244 16:28:05    -2397.925544        0.263520
MDMin:  3245 16:28:07    -2397.925551        0.262903
MDMin:  3246 16:28:09    -2397.925572        0.261079
MDMin:  3247 16:28:11    -2397.925156        1.083483
MDMin:  3248 16:28:12    -2397.925630        0.261104
MDMin:  3249 16:28:14    -2397.925635        1.084228
MDMin:  3250 16:28:16    -2397.925674        0.265597
MDMin:  3251 16:28:18    -2397.925681        0.264959
MDMin:  3252 16:28:20    -2397.925703        0.263069
MDMin:  3253 16:28:22    -2397.925619        1.083471
MDMin:  3254 16:28:24    -2397.925761        0.262929
MDMin:  3255 16:28:25    -2397.925768        0.262326
MDMin:  3256 16:28:27    -2397.925741        1.083492
MDMin:  3257 16:28:29    -2397.925820        0.264543
MDMin:  3258 16:28:31    -2397.925827        0.263922
MDMin:  3259 16:28:33    -2397.925849        0.262082
MDMin:  3260 16:28:35    -2397.925503        1.082670
MDMin:  3261 16:28:37    -2397.925908        0.262057
MDMin:  3262 16:28:39    -2397.925916        0.261467
MDMin:  3263 16:28:41    -2397.925632        1.082815
MDMin:  3264 16:28:43    -2397.925968        0.263732
MDMin:  3265 16:28:44    -2397.925975        0.263124
MDMin:  3266 16:28:46    -2397.925977        1.083154
MDMin:  3267 16:28:48    -2397.926027        0.265301
MDMin:  3268 16:28:50    -2397.926035        0.264675
MDMin:  3269 16:28:52    -2397.926057        0.262824
MDMin:  3270 16:28:54    -2397.925738        1.082227
MDMin:  3271 16:28:56    -2397.926117        0.262753
MDMin:  3272 16:28:58    -2397.926125        0.262160
MDMin:  3273 16:29:00    -2397.925863        1.082332
MDMin:  3274 16:29:02    -2397.926178        0.264394
MDMin:  3275 16:29:04    -2397.926186        0.263783
MDMin:  3276 16:29:05    -2397.926205        1.082640
MDMin:  3277 16:29:07    -2397.926238        0.265931
MDMin:  3278 16:29:09    -2397.926246        0.265305
MDMin:  3279 16:29:11    -2397.926269        0.263447
MDMin:  3280 16:29:12    -2397.925961        1.081656
MDMin:  3281 16:29:14    -2397.926330        0.263348
MDMin:  3282 16:29:16    -2397.926338        0.262753
MDMin:  3283 16:29:18    -2397.926082        1.081743
MDMin:  3284 16:29:20    -2397.926392        0.264964
MDMin:  3285 16:29:22    -2397.926400        0.264352
MDMin:  3286 16:29:24    -2397.926421        1.082037
MDMin:  3287 16:29:26    -2397.926453        0.266476
MDMin:  3288 16:29:27    -2397.926461        0.265850
MDMin:  3289 16:29:29    -2397.926485        0.263991
MDMin:  3290 16:29:30    -2397.926172        1.081022
MDMin:  3291 16:29:32    -2397.926547        0.263872
MDMin:  3292 16:29:34    -2397.926555        0.263277
MDMin:  3293 16:29:36    -2397.926290        1.081100
MDMin:  3294 16:29:37    -2397.926610        0.265467
MDMin:  3295 16:29:39    -2397.926618        0.264856
MDMin:  3296 16:29:41    -2397.926625        1.081389
MDMin:  3297 16:29:43    -2397.926672        0.266960
MDMin:  3298 16:29:44    -2397.926680        0.266334
MDMin:  3299 16:29:47    -2397.926705        0.264478
MDMin:  3300 16:29:49    -2397.926372        1.080356
MDMin:  3301 16:29:51    -2397.926768        0.264344
MDMin:  3302 16:29:53    -2397.926776        0.263750
MDMin:  3303 16:29:55    -2397.926487        1.080431
MDMin:  3304 16:29:57    -2397.926832        0.265921
MDMin:  3305 16:29:59    -2397.926840        0.265311
MDMin:  3306 16:30:00    -2397.926820        1.080721
MDMin:  3307 16:30:01    -2397.926895        0.267396
MDMin:  3308 16:30:03    -2397.926903        0.266772
MDMin:  3309 16:30:05    -2397.926928        0.264920
MDMin:  3310 16:30:08    -2397.926562        1.079677
MDMin:  3311 16:30:09    -2397.926993        0.264776
MDMin:  3312 16:30:11    -2397.927001        0.264183
MDMin:  3313 16:30:13    -2397.926675        1.079752
MDMin:  3314 16:30:15    -2397.927058        0.266337
MDMin:  3315 16:30:17    -2397.927066        0.265728
MDMin:  3316 16:30:19    -2397.927005        1.080046
MDMin:  3317 16:30:21    -2397.927122        0.267796
MDMin:  3318 16:30:23    -2397.927131        0.267174
MDMin:  3319 16:30:25    -2397.927156        0.265328
MDMin:  3320 16:30:26    -2397.926743        1.078994
MDMin:  3321 16:30:28    -2397.927222        0.265177
MDMin:  3322 16:30:29    -2397.927205        1.079732
MDMin:  3323 16:30:31    -2397.927270        0.269481
MDMin:  3324 16:30:32    -2397.927279        0.268847
MDMin:  3325 16:30:34    -2397.927304        0.266963
MDMin:  3326 16:30:36    -2397.927154        1.078763
MDMin:  3327 16:30:38    -2397.927371        0.266690
MDMin:  3328 16:30:39    -2397.927379        0.266087
MDMin:  3329 16:30:40    -2397.927255        1.078722
MDMin:  3330 16:30:42    -2397.927437        0.268150
MDMin:  3331 16:30:43    -2397.927446        0.267534
MDMin:  3332 16:30:44    -2397.927472        0.265707
MDMin:  3333 16:30:46    -2397.926981        1.077759
MDMin:  3334 16:30:47    -2397.927540        0.265573
MDMin:  3335 16:30:50    -2397.927444        1.078526
MDMin:  3336 16:30:52    -2397.927589        0.269842
MDMin:  3337 16:30:53    -2397.927597        0.269214
MDMin:  3338 16:30:55    -2397.927624        0.267349
MDMin:  3339 16:30:57    -2397.927385        1.077620
MDMin:  3340 16:30:58    -2397.927692        0.267087
MDMin:  3341 16:31:00    -2397.927701        0.266490
MDMin:  3342 16:31:02    -2397.927484        1.077607
MDMin:  3343 16:31:04    -2397.927760        0.268537
MDMin:  3344 16:31:06    -2397.927769        0.267928
MDMin:  3345 16:31:08    -2397.927796        0.266118
MDMin:  3346 16:31:10    -2397.927205        1.076679
MDMin:  3347 16:31:11    -2397.927784        1.077694
MDMin:  3348 16:31:14    -2397.927934        0.274083
MDMin:  3349 16:31:16    -2397.927943        0.273429
MDMin:  3350 16:31:18    -2397.927971        0.271480
MDMin:  3351 16:31:20    -2397.928017        0.268296
MDMin:  3352 16:31:22    -2397.927550        1.075384
MDMin:  3353 16:31:24    -2397.928101        1.076362
MDMin:  3354 16:31:26    -2397.928174        0.274569
MDMin:  3355 16:31:28    -2397.928184        0.273920
MDMin:  3356 16:31:30    -2397.928212        0.271987
MDMin:  3357 16:31:32    -2397.928259        0.268829
MDMin:  3358 16:31:34    -2397.927813        1.074158
MDMin:  3359 16:31:35    -2397.928350        0.267222
MDMin:  3360 16:31:37    -2397.928244        1.074938
MDMin:  3361 16:31:39    -2397.928401        0.271380
MDMin:  3362 16:31:41    -2397.928411        0.270767
MDMin:  3363 16:31:43    -2397.928440        0.268944
MDMin:  3364 16:31:44    -2397.928156        1.074184
MDMin:  3365 16:31:46    -2397.928512        0.268681
MDMin:  3366 16:31:48    -2397.928522        0.268097
MDMin:  3367 16:31:49    -2397.928244        1.074239
MDMin:  3368 16:31:50    -2397.928585        0.270080
MDMin:  3369 16:31:52    -2397.928594        0.269484
MDMin:  3370 16:31:54    -2397.928550        1.074542
MDMin:  3371 16:31:56    -2397.928657        0.271384
MDMin:  3372 16:31:58    -2397.928666        0.270778
MDMin:  3373 16:32:00    -2397.928696        0.268978
MDMin:  3374 16:32:03    -2397.928248        1.073422
MDMin:  3375 16:32:05    -2397.928770        0.268736
MDMin:  3376 16:32:07    -2397.928697        1.074203
MDMin:  3377 16:32:09    -2397.928822        0.272797
MDMin:  3378 16:32:10    -2397.928832        0.272185
MDMin:  3379 16:32:12    -2397.928862        0.270361
MDMin:  3380 16:32:14    -2397.928609        1.073200
MDMin:  3381 16:32:16    -2397.928937        0.270018
MDMin:  3382 16:32:18    -2397.928947        0.269433
MDMin:  3383 16:32:20    -2397.928689        1.073164
MDMin:  3384 16:32:22    -2397.929011        0.271339
MDMin:  3385 16:32:24    -2397.929021        0.270745
MDMin:  3386 16:32:26    -2397.928989        1.073391
MDMin:  3387 16:32:28    -2397.929085        0.272572
MDMin:  3388 16:32:30    -2397.929095        0.271970
MDMin:  3389 16:32:31    -2397.929126        0.270176
MDMin:  3390 16:32:33    -2397.928678        1.072137
MDMin:  3391 16:32:35    -2397.929203        0.269882
MDMin:  3392 16:32:37    -2397.929122        1.072907
MDMin:  3393 16:32:39    -2397.929256        0.273860
MDMin:  3394 16:32:40    -2397.929266        0.273252
MDMin:  3395 16:32:42    -2397.929297        0.271441
MDMin:  3396 16:32:43    -2397.929025        1.071811
MDMin:  3397 16:32:45    -2397.929374        0.271059
MDMin:  3398 16:32:47    -2397.929385        0.270478
MDMin:  3399 16:32:48    -2397.929098        1.071743
MDMin:  3400 16:32:50    -2397.929450        0.272326
MDMin:  3401 16:32:52    -2397.929461        0.271737
MDMin:  3402 16:32:55    -2397.929392        1.071949
MDMin:  3403 16:32:57    -2397.929527        0.273509
MDMin:  3404 16:32:58    -2397.929537        0.272913
MDMin:  3405 16:33:00    -2397.929569        0.271135
MDMin:  3406 16:33:02    -2397.929072        1.070640
MDMin:  3407 16:33:05    -2397.929632        1.071677
MDMin:  3408 16:33:07    -2397.929721        0.278266
MDMin:  3409 16:33:08    -2397.929732        0.277641
MDMin:  3410 16:33:09    -2397.929764        0.275773
MDMin:  3411 16:33:11    -2397.929819        0.272701
MDMin:  3412 16:33:12    -2397.929315        1.068908
MDMin:  3413 16:33:14    -2397.929861        1.069944
MDMin:  3414 16:33:16    -2397.929994        0.278332
MDMin:  3415 16:33:18    -2397.930005        0.277716
MDMin:  3416 16:33:20    -2397.930038        0.275876
MDMin:  3417 16:33:22    -2397.930095        0.272852
MDMin:  3418 16:33:24    -2397.929499        1.067467
MDMin:  3419 16:33:26    -2397.930045        1.068531
MDMin:  3420 16:33:27    -2397.930273        0.278455
MDMin:  3421 16:33:29    -2397.930284        0.277848
MDMin:  3422 16:33:31    -2397.930318        0.276034
MDMin:  3423 16:33:33    -2397.930376        0.273054
MDMin:  3424 16:33:35    -2397.929672        1.066231
MDMin:  3425 16:33:37    -2397.930217        1.067318
MDMin:  3426 16:33:38    -2397.930557        0.278610
MDMin:  3427 16:33:40    -2397.930568        0.278012
MDMin:  3428 16:33:41    -2397.930603        0.276222
MDMin:  3429 16:33:43    -2397.930662        0.273282
MDMin:  3430 16:33:45    -2397.929836        1.065116
MDMin:  3431 16:33:46    -2397.930381        1.066221
MDMin:  3432 16:33:48    -2397.930846        0.278784
MDMin:  3433 16:33:49    -2397.930858        0.278193
MDMin:  3434 16:33:51    -2397.930894        0.276426
MDMin:  3435 16:33:52    -2397.930892        1.065985
MDMin:  3436 16:33:54    -2397.930979        0.275855
MDMin:  3437 16:33:56    -2397.930991        0.275288
MDMin:  3438 16:33:58    -2397.930935        1.065736
MDMin:  3439 16:34:00    -2397.931063        0.276873
MDMin:  3440 16:34:02    -2397.931075        0.276301
MDMin:  3441 16:34:04    -2397.931112        0.274595
MDMin:  3442 16:34:06    -2397.930572        1.064349
MDMin:  3443 16:34:07    -2397.931123        1.065440
MDMin:  3444 16:34:09    -2397.931275        0.281098
MDMin:  3445 16:34:11    -2397.931288        0.280507
MDMin:  3446 16:34:13    -2397.931324        0.278736
MDMin:  3447 16:34:15    -2397.931387        0.275814
MDMin:  3448 16:34:17    -2397.930735        1.062560
MDMin:  3449 16:34:19    -2397.931276        1.063662
MDMin:  3450 16:34:21    -2397.931578        0.280935
MDMin:  3451 16:34:23    -2397.931591        0.280354
MDMin:  3452 16:34:25    -2397.931629        0.278615
MDMin:  3453 16:34:27    -2397.931693        0.275747
MDMin:  3454 16:34:30    -2397.930853        1.061103
MDMin:  3455 16:34:31    -2397.931395        1.062235
MDMin:  3456 16:34:33    -2397.931887        0.280849
MDMin:  3457 16:34:35    -2397.931900        0.280277
MDMin:  3458 16:34:37    -2397.931939        0.278567
MDMin:  3459 16:34:39    -2397.931878        1.061893
MDMin:  3460 16:34:41    -2397.932030        0.277961
MDMin:  3461 16:34:43    -2397.932043        0.277411
MDMin:  3462 16:34:45    -2397.931910        1.061606
MDMin:  3463 16:34:47    -2397.932119        0.278868
MDMin:  3464 16:34:49    -2397.932132        0.278314
MDMin:  3465 16:34:51    -2397.932161        1.061646
MDMin:  3466 16:34:53    -2397.932208        0.279715
MDMin:  3467 16:34:55    -2397.932221        0.279159
MDMin:  3468 16:34:56    -2397.932261        0.277498
MDMin:  3469 16:34:58    -2397.931773        1.059953
MDMin:  3470 16:35:00    -2397.932312        1.061047
MDMin:  3471 16:35:01    -2397.932433        0.283431
MDMin:  3472 16:35:03    -2397.932446        0.282862
MDMin:  3473 16:35:05    -2397.932487        0.281158
MDMin:  3474 16:35:07    -2397.932555        0.278337
MDMin:  3475 16:35:10    -2397.931870        1.057798
MDMin:  3476 16:35:11    -2397.932407        1.058930
MDMin:  3477 16:35:12    -2397.932758        0.283023
MDMin:  3478 16:35:14    -2397.932772        0.282466
MDMin:  3479 16:35:16    -2397.932813        0.280797
MDMin:  3480 16:35:18    -2397.932865        1.058341
MDMin:  3481 16:35:19    -2397.932909        0.280138
MDMin:  3482 16:35:21    -2397.932923        0.279600
MDMin:  3483 16:35:23    -2397.932886        1.057970
MDMin:  3484 16:35:25    -2397.933002        0.280923
MDMin:  3485 16:35:26    -2397.933016        0.280383
MDMin:  3486 16:35:28    -2397.933058        0.278769
MDMin:  3487 16:35:30    -2397.932474        1.056310
MDMin:  3488 16:35:32    -2397.933012        1.057438
MDMin:  3489 16:35:34    -2397.933237        0.284424
MDMin:  3490 16:35:36    -2397.933251        0.283875
MDMin:  3491 16:35:38    -2397.933294        0.282227
MDMin:  3492 16:35:40    -2397.933366        0.279495
MDMin:  3493 16:35:41    -2397.932536        1.054212
MDMin:  3494 16:35:43    -2397.933072        1.055377
MDMin:  3495 16:35:45    -2397.933577        0.283946
MDMin:  3496 16:35:46    -2397.933591        0.283408
MDMin:  3497 16:35:48    -2397.933635        0.281795
MDMin:  3498 16:35:50    -2397.933510        1.054825
MDMin:  3499 16:35:52    -2397.933736        0.281139
MDMin:  3500 16:35:54    -2397.933751        0.280618
MDMin:  3501 16:35:55    -2397.933524        1.054461
MDMin:  3502 16:35:56    -2397.933833        0.281869
MDMin:  3503 16:35:57    -2397.933848        0.281347
MDMin:  3504 16:35:59    -2397.933752        1.054445
MDMin:  3505 16:36:01    -2397.933931        0.282552
MDMin:  3506 16:36:03    -2397.933946        0.282029
MDMin:  3507 16:36:05    -2397.933978        1.054321
MDMin:  3508 16:36:07    -2397.934028        0.283191
MDMin:  3509 16:36:09    -2397.934043        0.282668
MDMin:  3510 16:36:11    -2397.934089        0.281101
MDMin:  3511 16:36:13    -2397.933548        1.052296
MDMin:  3512 16:36:14    -2397.934076        1.053419
MDMin:  3513 16:36:16    -2397.934275        0.286272
MDMin:  3514 16:36:18    -2397.934290        0.285744
MDMin:  3515 16:36:20    -2397.934335        0.284159
MDMin:  3516 16:36:22    -2397.934413        0.281522
MDMin:  3517 16:36:23    -2397.933558        1.049754
MDMin:  3518 16:36:25    -2397.934090        1.050938
MDMin:  3519 16:36:26    -2397.934634        0.285589
MDMin:  3520 16:36:28    -2397.934650        0.285073
MDMin:  3521 16:36:29    -2397.934697        0.283524
MDMin:  3522 16:36:31    -2397.934502        1.050248
MDMin:  3523 16:36:32    -2397.934804        0.282844
MDMin:  3524 16:36:34    -2397.934819        0.282342
MDMin:  3525 16:36:35    -2397.934505        1.049835
MDMin:  3526 16:36:36    -2397.934906        0.283474
MDMin:  3527 16:36:37    -2397.934922        0.282972
MDMin:  3528 16:36:39    -2397.934719        1.049779
MDMin:  3529 16:36:41    -2397.935009        0.284062
MDMin:  3530 16:36:43    -2397.935025        0.283561
MDMin:  3531 16:36:45    -2397.934931        1.049623
MDMin:  3532 16:36:47    -2397.935112        0.284613
MDMin:  3533 16:36:49    -2397.935128        0.284112
MDMin:  3534 16:36:51    -2397.935141        1.049381
MDMin:  3535 16:36:53    -2397.935215        0.285130
MDMin:  3536 16:36:55    -2397.935231        0.284630
MDMin:  3537 16:36:56    -2397.935280        0.283129
MDMin:  3538 16:36:57    -2397.934685        1.047125
MDMin:  3539 16:36:59    -2397.935210        1.048269
MDMin:  3540 16:37:00    -2397.935475        0.287850
MDMin:  3541 16:37:02    -2397.935492        0.287349
MDMin:  3542 16:37:05    -2397.935541        0.285842
MDMin:  3543 16:37:07    -2397.935608        1.046983
MDMin:  3544 16:37:09    -2397.935652        0.285099
MDMin:  3545 16:37:11    -2397.935669        0.284608
MDMin:  3546 16:37:13    -2397.935602        1.046377
MDMin:  3547 16:37:14    -2397.935759        0.285589
MDMin:  3548 16:37:16    -2397.935775        0.285100
MDMin:  3549 16:37:17    -2397.935799        1.046137
MDMin:  3550 16:37:19    -2397.935865        0.286050
MDMin:  3551 16:37:21    -2397.935882        0.285562
MDMin:  3552 16:37:23    -2397.935932        0.284098
MDMin:  3553 16:37:25    -2397.935323        1.043852
MDMin:  3554 16:37:27    -2397.935846        1.045014
MDMin:  3555 16:37:29    -2397.936133        0.288591
MDMin:  3556 16:37:32    -2397.936150        0.288105
MDMin:  3557 16:37:33    -2397.936201        0.286640
MDMin:  3558 16:37:34    -2397.936224        1.043720
MDMin:  3559 16:37:36    -2397.936316        0.285895
MDMin:  3560 16:37:38    -2397.936333        0.285418
MDMin:  3561 16:37:40    -2397.936211        1.043107
MDMin:  3562 16:37:42    -2397.936426        0.286339
MDMin:  3563 16:37:44    -2397.936443        0.285863
MDMin:  3564 16:37:46    -2397.936399        1.042865
MDMin:  3565 16:37:48    -2397.936535        0.286754
MDMin:  3566 16:37:50    -2397.936553        0.286280
MDMin:  3567 16:37:52    -2397.936586        1.042549
MDMin:  3568 16:37:53    -2397.936645        0.287144
MDMin:  3569 16:37:55    -2397.936663        0.286672
MDMin:  3570 16:37:57    -2397.936716        0.285253
MDMin:  3571 16:37:59    -2397.936094        1.040116
MDMin:  3572 16:38:00    -2397.936613        1.041292
MDMin:  3573 16:38:02    -2397.936922        0.289472
MDMin:  3574 16:38:03    -2397.936940        0.289003
MDMin:  3575 16:38:04    -2397.936993        0.287589
MDMin:  3576 16:38:05    -2397.936973        1.039902
MDMin:  3577 16:38:07    -2397.937113        0.286839
MDMin:  3578 16:38:08    -2397.937131        0.286377
MDMin:  3579 16:38:10    -2397.936951        1.039253
MDMin:  3580 16:38:12    -2397.937226        0.287223
MDMin:  3581 16:38:14    -2397.937244        0.286763
MDMin:  3582 16:38:16    -2397.937129        1.038983
MDMin:  3583 16:38:17    -2397.937340        0.287583
MDMin:  3584 16:38:19    -2397.937358        0.287125
MDMin:  3585 16:38:21    -2397.937306        1.038643
MDMin:  3586 16:38:23    -2397.937454        0.287921
MDMin:  3587 16:38:25    -2397.937472        0.287465
MDMin:  3588 16:38:26    -2397.937481        1.038244
MDMin:  3589 16:38:27    -2397.937568        0.288238
MDMin:  3590 16:38:30    -2397.937587        0.287784
MDMin:  3591 16:38:31    -2397.937642        0.286417
MDMin:  3592 16:38:33    -2397.936970        1.035647
MDMin:  3593 16:38:36    -2397.937486        1.036839
MDMin:  3594 16:38:37    -2397.937856        0.290335
MDMin:  3595 16:38:38    -2397.937874        0.289886
MDMin:  3596 16:38:40    -2397.937931        0.288530
MDMin:  3597 16:38:42    -2397.937823        1.035341
MDMin:  3598 16:38:44    -2397.938056        0.287779
MDMin:  3599 16:38:46    -2397.938075        0.287334
MDMin:  3600 16:38:48    -2397.937793        1.034652
MDMin:  3601 16:38:50    -2397.938173        0.288100
MDMin:  3602 16:38:52    -2397.938192        0.287657
MDMin:  3603 16:38:54    -2397.937959        1.034351
MDMin:  3604 16:38:56    -2397.938291        0.288401
MDMin:  3605 16:38:58    -2397.938310        0.287960
MDMin:  3606 16:39:00    -2397.938125        1.033983
MDMin:  3607 16:39:02    -2397.938410        0.288683
MDMin:  3608 16:39:04    -2397.938429        0.288245
MDMin:  3609 16:39:06    -2397.938289        1.033561
MDMin:  3610 16:39:08    -2397.938529        0.288947
MDMin:  3611 16:39:10    -2397.938548        0.288511
MDMin:  3612 16:39:12    -2397.938452        1.033092
MDMin:  3613 16:39:14    -2397.938648        0.289195
MDMin:  3614 16:39:16    -2397.938668        0.288761
MDMin:  3615 16:39:18    -2397.938612        1.032583
MDMin:  3616 16:39:20    -2397.938768        0.289428
MDMin:  3617 16:39:22    -2397.938788        0.288996
MDMin:  3618 16:39:24    -2397.938771        1.032040
MDMin:  3619 16:39:26    -2397.938889        0.289646
MDMin:  3620 16:39:28    -2397.938908        0.289216
MDMin:  3621 16:39:30    -2397.938927        1.031469
MDMin:  3622 16:39:32    -2397.939010        0.289850
MDMin:  3623 16:39:34    -2397.939030        0.289422
MDMin:  3624 16:39:36    -2397.939081        1.030872
MDMin:  3625 16:39:38    -2397.939131        0.290042
MDMin:  3626 16:39:40    -2397.939151        0.289616
MDMin:  3627 16:39:42    -2397.939211        0.288335
MDMin:  3628 16:39:44    -2397.938535        1.027915
MDMin:  3629 16:39:45    -2397.939046        1.029120
MDMin:  3630 16:39:47    -2397.939437        0.291749
MDMin:  3631 16:39:49    -2397.939457        0.291331
MDMin:  3632 16:39:51    -2397.939517        0.290068
MDMin:  3633 16:39:53    -2397.939343        1.027362
MDMin:  3634 16:39:55    -2397.939651        0.289309
MDMin:  3635 16:39:57    -2397.939672        0.288893
MDMin:  3636 16:39:58    -2397.939297        1.026580
MDMin:  3637 16:40:00    -2397.939776        0.289523
MDMin:  3638 16:40:02    -2397.939797        0.289109
MDMin:  3639 16:40:04    -2397.939442        1.026198
MDMin:  3640 16:40:05    -2397.939902        0.289723
MDMin:  3641 16:40:07    -2397.939923        0.289311
MDMin:  3642 16:40:09    -2397.939587        1.025760
MDMin:  3643 16:40:10    -2397.940028        0.289910
MDMin:  3644 16:40:12    -2397.940049        0.289501
MDMin:  3645 16:40:14    -2397.939732        1.025276
MDMin:  3646 16:40:16    -2397.940154        0.290084
MDMin:  3647 16:40:18    -2397.940175        0.289678
MDMin:  3648 16:40:20    -2397.939875        1.024753
MDMin:  3649 16:40:21    -2397.940282        0.290247
MDMin:  3650 16:40:23    -2397.940303        0.289843
MDMin:  3651 16:40:25    -2397.940017        1.024198
MDMin:  3652 16:40:27    -2397.940409        0.290399
MDMin:  3653 16:40:29    -2397.940430        0.289997
MDMin:  3654 16:40:31    -2397.940157        1.023616
MDMin:  3655 16:40:33    -2397.940537        0.290541
MDMin:  3656 16:40:35    -2397.940559        0.290140
MDMin:  3657 16:40:37    -2397.940295        1.023009
MDMin:  3658 16:40:38    -2397.940666        0.290672
MDMin:  3659 16:40:40    -2397.940688        0.290274
MDMin:  3660 16:40:42    -2397.940431        1.022382
MDMin:  3661 16:40:43    -2397.940795        0.290794
MDMin:  3662 16:40:45    -2397.940817        0.290398
MDMin:  3663 16:40:47    -2397.940566        1.021737
MDMin:  3664 16:40:49    -2397.940925        0.290907
MDMin:  3665 16:40:51    -2397.940947        0.290513
MDMin:  3666 16:40:53    -2397.940698        1.021077
MDMin:  3667 16:40:55    -2397.941056        0.291012
MDMin:  3668 16:40:56    -2397.941078        0.290620
MDMin:  3669 16:40:58    -2397.940829        1.020404
MDMin:  3670 16:40:59    -2397.941187        0.291108
MDMin:  3671 16:41:01    -2397.941209        0.290719
MDMin:  3672 16:41:02    -2397.940958        1.019719
MDMin:  3673 16:41:03    -2397.941319        0.291197
MDMin:  3674 16:41:05    -2397.941341        0.290810
MDMin:  3675 16:41:06    -2397.941085        1.019024
MDMin:  3676 16:41:08    -2397.941451        0.291280
MDMin:  3677 16:41:11    -2397.941473        0.290894
MDMin:  3678 16:41:12    -2397.941211        1.018321
MDMin:  3679 16:41:14    -2397.941584        0.291355
MDMin:  3680 16:41:16    -2397.941606        0.290972
MDMin:  3681 16:41:18    -2397.941334        1.017610
MDMin:  3682 16:41:20    -2397.941717        0.291424
MDMin:  3683 16:41:22    -2397.941739        0.291043
MDMin:  3684 16:41:24    -2397.941457        1.016892
MDMin:  3685 16:41:26    -2397.941851        0.291487
MDMin:  3686 16:41:28    -2397.941874        0.291108
MDMin:  3687 16:41:30    -2397.941577        1.016168
MDMin:  3688 16:41:31    -2397.941986        0.291544
MDMin:  3689 16:41:32    -2397.942008        0.291167
MDMin:  3690 16:41:33    -2397.941696        1.015439
MDMin:  3691 16:41:35    -2397.942121        0.291595
MDMin:  3692 16:41:37    -2397.942144        0.291221
MDMin:  3693 16:41:38    -2397.941813        1.014706
MDMin:  3694 16:41:39    -2397.942257        0.291641
MDMin:  3695 16:41:41    -2397.942280        0.291269
MDMin:  3696 16:41:43    -2397.941929        1.013968
MDMin:  3697 16:41:45    -2397.942393        0.291683
MDMin:  3698 16:41:47    -2397.942416        0.291312
MDMin:  3699 16:41:48    -2397.942043        1.013228
MDMin:  3700 16:41:49    -2397.942531        0.291719
MDMin:  3701 16:41:51    -2397.942554        0.291351
MDMin:  3702 16:41:52    -2397.942156        1.012484
MDMin:  3703 16:41:53    -2397.942668        0.291751
MDMin:  3704 16:41:55    -2397.942686        1.013442
MDMin:  3705 16:41:57    -2397.942751        0.293297
MDMin:  3706 16:41:59    -2397.942774        0.292937
MDMin:  3707 16:42:01    -2397.942844        0.291845
MDMin:  3708 16:42:04    -2397.942308        1.009771
MDMin:  3709 16:42:06    -2397.942804        1.010954
MDMin:  3710 16:42:07    -2397.943096        0.294249
MDMin:  3711 16:42:09    -2397.943120        0.293898
MDMin:  3712 16:42:11    -2397.943191        0.292831
MDMin:  3713 16:42:14    -2397.943019        1.008268
MDMin:  3714 16:42:15    -2397.943345        0.292064
MDMin:  3715 16:42:17    -2397.943368        1.008836
MDMin:  3716 16:42:19    -2397.943429        0.293538
MDMin:  3717 16:42:22    -2397.943452        0.293186
MDMin:  3718 16:42:24    -2397.943524        0.292120
MDMin:  3719 16:42:25    -2397.942954        1.005295
MDMin:  3720 16:42:27    -2397.943448        1.006500
MDMin:  3721 16:42:29    -2397.943782        0.294399
MDMin:  3722 16:42:31    -2397.943806        0.294057
MDMin:  3723 16:42:33    -2397.943879        0.293017
MDMin:  3724 16:42:35    -2397.943639        1.003907
MDMin:  3725 16:42:37    -2397.944036        0.292255
MDMin:  3726 16:42:39    -2397.943985        1.004497
MDMin:  3727 16:42:41    -2397.944121        0.293668
MDMin:  3728 16:42:43    -2397.944146        0.293326
MDMin:  3729 16:42:45    -2397.944220        0.292286
MDMin:  3730 16:42:47    -2397.943554        1.000986
MDMin:  3731 16:42:49    -2397.944047        1.002212
MDMin:  3732 16:42:52    -2397.944482        0.294460
MDMin:  3733 16:42:53    -2397.944507        0.294127
MDMin:  3734 16:42:54    -2397.944581        0.293113
MDMin:  3735 16:42:56    -2397.944221        0.999653
MDMin:  3736 16:42:58    -2397.944709        1.000834
MDMin:  3737 16:43:00    -2397.944846        0.296503
MDMin:  3738 16:43:02    -2397.944871        0.294827
MDMin:  3739 16:43:04    -2397.944947        0.293835
MDMin:  3740 16:43:06    -2397.944879        0.997833
MDMin:  3741 16:43:07    -2397.945110        0.293071
MDMin:  3742 16:43:09    -2397.945135        0.292735
MDMin:  3743 16:43:11    -2397.944777        0.996618
MDMin:  3744 16:43:12    -2397.945259        0.292994
MDMin:  3745 16:43:14    -2397.945284        0.292660
MDMin:  3746 16:43:16    -2397.944847        0.995831
MDMin:  3747 16:43:18    -2397.945409        0.292919
MDMin:  3748 16:43:19    -2397.945356        0.996814
MDMin:  3749 16:43:21    -2397.945497        0.294201
MDMin:  3750 16:43:23    -2397.945522        0.293876
MDMin:  3751 16:43:25    -2397.945600        0.292890
MDMin:  3752 16:43:27    -2397.944907        0.993002
MDMin:  3753 16:43:29    -2397.945396        0.994232
MDMin:  3754 16:43:31    -2397.945872        0.295484
MDMin:  3755 16:43:32    -2397.945898        0.294516
MDMin:  3756 16:43:35    -2397.945977        0.293552
MDMin:  3757 16:43:36    -2397.945540        0.991458
MDMin:  3758 16:43:38    -2397.946024        0.992648
MDMin:  3759 16:43:40    -2397.946251        0.301459
MDMin:  3760 16:43:42    -2397.946278        0.298021
MDMin:  3761 16:43:44    -2397.946357        0.294126
MDMin:  3762 16:43:46    -2397.946162        0.989489
MDMin:  3763 16:43:48    -2397.946527        0.293369
MDMin:  3764 16:43:49    -2397.946496        0.990030
MDMin:  3765 16:43:51    -2397.946617        0.294553
MDMin:  3766 16:43:53    -2397.946644        0.294240
MDMin:  3767 16:43:55    -2397.946725        0.293288
MDMin:  3768 16:43:56    -2397.946012        0.986107
MDMin:  3769 16:43:58    -2397.946497        0.987344
MDMin:  3770 16:43:59    -2397.947005        0.299531
MDMin:  3771 16:44:01    -2397.947032        0.296161
MDMin:  3772 16:44:03    -2397.947113        0.293822
MDMin:  3773 16:44:05    -2397.946610        0.984477
MDMin:  3774 16:44:07    -2397.947091        0.985678
MDMin:  3775 16:44:09    -2397.947396        0.305029
MDMin:  3776 16:44:10    -2397.947423        0.301584
MDMin:  3777 16:44:12    -2397.947506        0.294287
MDMin:  3778 16:44:13    -2397.947201        0.982443
MDMin:  3779 16:44:15    -2397.947679        0.983618
MDMin:  3780 16:44:16    -2397.947791        0.309639
MDMin:  3781 16:44:18    -2397.947819        0.306140
MDMin:  3782 16:44:19    -2397.947902        0.295815
MDMin:  3783 16:44:20    -2397.947779        0.980125
MDMin:  3784 16:44:21    -2397.948080        0.293927
MDMin:  3785 16:44:23    -2397.948104        0.980632
MDMin:  3786 16:44:25    -2397.948173        0.300042
MDMin:  3787 16:44:27    -2397.948201        0.296723
MDMin:  3788 16:44:28    -2397.948286        0.293784
MDMin:  3789 16:44:29    -2397.947586        0.976463
MDMin:  3790 16:44:31    -2397.948066        0.977702
MDMin:  3791 16:44:33    -2397.948576        0.305754
MDMin:  3792 16:44:35    -2397.948605        0.302354
MDMin:  3793 16:44:37    -2397.948690        0.294163
MDMin:  3794 16:44:39    -2397.948140        0.974645
MDMin:  3795 16:44:41    -2397.948616        0.975853
MDMin:  3796 16:44:43    -2397.948984        0.310467
MDMin:  3797 16:44:45    -2397.949013        0.307006
MDMin:  3798 16:44:47    -2397.949099        0.296792
MDMin:  3799 16:44:48    -2397.948688        0.972473
MDMin:  3800 16:44:50    -2397.949161        0.973659
MDMin:  3801 16:44:52    -2397.949395        0.314416
MDMin:  3802 16:44:54    -2397.949424        0.310912
MDMin:  3803 16:44:56    -2397.949512        0.300566
MDMin:  3804 16:44:58    -2397.949225        0.970054
MDMin:  3805 16:45:00    -2397.949695        0.971226
MDMin:  3806 16:45:01    -2397.949811        0.317766
MDMin:  3807 16:45:02    -2397.949840        0.314231
MDMin:  3808 16:45:03    -2397.949929        0.303788
MDMin:  3809 16:45:05    -2397.949747        0.967460
MDMin:  3810 16:45:07    -2397.950117        0.295561
MDMin:  3811 16:45:08    -2397.950063        0.967944
MDMin:  3812 16:45:10    -2397.950214        0.307284
MDMin:  3813 16:45:12    -2397.950244        0.303936
MDMin:  3814 16:45:13    -2397.950289        0.966943
MDMin:  3815 16:45:16    -2397.950384        0.305009
MDMin:  3816 16:45:18    -2397.950413        0.301704
MDMin:  3817 16:45:20    -2397.950295        0.965488
MDMin:  3818 16:45:22    -2397.950554        0.302952
MDMin:  3819 16:45:24    -2397.950584        0.299687
MDMin:  3820 16:45:25    -2397.950299        0.964122
MDMin:  3821 16:45:26    -2397.950725        0.301090
MDMin:  3822 16:45:28    -2397.950756        0.297860
MDMin:  3823 16:45:30    -2397.950302        0.962831
MDMin:  3824 16:45:31    -2397.950897        0.299398
MDMin:  3825 16:45:33    -2397.950766        0.963666
MDMin:  3826 16:45:35    -2397.950996        0.310926
MDMin:  3827 16:45:37    -2397.951026        0.307546
MDMin:  3828 16:45:39    -2397.950995        0.962535
MDMin:  3829 16:45:40    -2397.951169        0.308381
MDMin:  3830 16:45:42    -2397.951199        0.305049
MDMin:  3831 16:45:43    -2397.950998        0.960977
MDMin:  3832 16:45:45    -2397.951342        0.306085
MDMin:  3833 16:45:46    -2397.951373        0.302796
MDMin:  3834 16:45:48    -2397.950997        0.959524
MDMin:  3835 16:45:49    -2397.951517        0.304008
MDMin:  3836 16:45:51    -2397.951454        0.960296
MDMin:  3837 16:45:53    -2397.951616        0.315337
MDMin:  3838 16:45:55    -2397.951647        0.311912
MDMin:  3839 16:45:57    -2397.951677        0.959034
MDMin:  3840 16:45:59    -2397.951791        0.312477
MDMin:  3841 16:46:01    -2397.951822        0.309105
MDMin:  3842 16:46:03    -2397.951673        0.957369
MDMin:  3843 16:46:05    -2397.951967        0.309896
MDMin:  3844 16:46:07    -2397.951998        0.306571
MDMin:  3845 16:46:09    -2397.951665        0.955825
MDMin:  3846 16:46:11    -2397.952144        0.307558
MDMin:  3847 16:46:13    -2397.952116        0.956560
MDMin:  3848 16:46:14    -2397.952244        0.318731
MDMin:  3849 16:46:16    -2397.952276        0.315280
MDMin:  3850 16:46:18    -2397.952331        0.955223
MDMin:  3851 16:46:19    -2397.952422        0.315656
MDMin:  3852 16:46:20    -2397.952453        0.312261
MDMin:  3853 16:46:22    -2397.952320        0.953494
MDMin:  3854 16:46:23    -2397.952600        0.312875
MDMin:  3855 16:46:25    -2397.952632        0.309530
MDMin:  3856 16:46:26    -2397.952303        0.951893
MDMin:  3857 16:46:28    -2397.952779        0.310353
MDMin:  3858 16:46:30    -2397.952749        0.952608
MDMin:  3859 16:46:32    -2397.952881        0.321398
MDMin:  3860 16:46:34    -2397.952913        0.317933
MDMin:  3861 16:46:36    -2397.952957        0.951225
MDMin:  3862 16:46:38    -2397.953061        0.318169
MDMin:  3863 16:46:39    -2397.953093        0.314761
MDMin:  3864 16:46:40    -2397.952938        0.949457
MDMin:  3865 16:46:42    -2397.953242        0.315244
MDMin:  3866 16:46:43    -2397.953274        0.311888
MDMin:  3867 16:46:44    -2397.952914        0.947821
MDMin:  3868 16:46:46    -2397.953423        0.312588
MDMin:  3869 16:46:48    -2397.953355        0.948524
MDMin:  3870 16:46:50    -2397.953526        0.323523
MDMin:  3871 16:46:52    -2397.953559        0.320052
MDMin:  3872 16:46:54    -2397.953556        0.947115
MDMin:  3873 16:46:56    -2397.953709        0.320183
MDMin:  3874 16:46:58    -2397.953741        0.316771
MDMin:  3875 16:47:00    -2397.953530        0.945321
MDMin:  3876 16:47:02    -2397.953892        0.317153
MDMin:  3877 16:47:03    -2397.953925        0.313794
MDMin:  3878 16:47:05    -2397.953498        0.943663
MDMin:  3879 16:47:07    -2397.954076        0.314399
MDMin:  3880 16:47:08    -2397.953936        0.944360
MDMin:  3881 16:47:09    -2397.954180        0.325236
MDMin:  3882 16:47:10    -2397.954213        0.321765
MDMin:  3883 16:47:12    -2397.954129        0.942935
MDMin:  3884 16:47:13    -2397.954365        0.321814
MDMin:  3885 16:47:15    -2397.954398        0.318402
MDMin:  3886 16:47:16    -2397.954096        0.941126
MDMin:  3887 16:47:18    -2397.954551        0.318707
MDMin:  3888 16:47:20    -2397.954527        0.941761
MDMin:  3889 16:47:22    -2397.954656        0.329359
MDMin:  3890 16:47:24    -2397.954689        0.325847
MDMin:  3891 16:47:25    -2397.954717        0.940212
MDMin:  3892 16:47:26    -2397.954842        0.325648
MDMin:  3893 16:47:28    -2397.954876        0.322199
MDMin:  3894 16:47:31    -2397.954679        0.938304
MDMin:  3895 16:47:33    -2397.955029        0.322276
MDMin:  3896 16:47:35    -2397.955063        0.318884
MDMin:  3897 16:47:37    -2397.954635        0.936546
MDMin:  3898 16:47:39    -2397.955217        0.937988
MDMin:  3899 16:47:41    -2397.955353        0.345070
MDMin:  3900 16:47:42    -2397.955387        0.341366
MDMin:  3901 16:47:44    -2397.955489        0.330386
MDMin:  3902 16:47:45    -2397.955317        0.933250
MDMin:  3903 16:47:47    -2397.955703        0.320653
MDMin:  3904 16:47:49    -2397.955607        0.933577
MDMin:  3905 16:47:51    -2397.955810        0.331200
MDMin:  3906 16:47:53    -2397.955844        0.327713
MDMin:  3907 16:47:54    -2397.955770        0.932115
MDMin:  3908 16:47:55    -2397.956001        0.327485
MDMin:  3909 16:47:57    -2397.956035        0.324059
MDMin:  3910 16:47:59    -2397.955713        0.930263
MDMin:  3911 16:48:01    -2397.956193        0.324095
MDMin:  3912 16:48:03    -2397.956132        0.930881
MDMin:  3913 16:48:04    -2397.956301        0.334473
MDMin:  3914 16:48:06    -2397.956335        0.330958
MDMin:  3915 16:48:07    -2397.956299        0.929300
MDMin:  3916 16:48:08    -2397.956493        0.330522
MDMin:  3917 16:48:10    -2397.956528        0.327070
MDMin:  3918 16:48:11    -2397.956239        0.927355
MDMin:  3919 16:48:13    -2397.956687        0.326917
MDMin:  3920 16:48:15    -2397.956654        0.927937
MDMin:  3921 16:48:17    -2397.956795        0.337160
MDMin:  3922 16:48:18    -2397.956830        0.333626
MDMin:  3923 16:48:20    -2397.956818        0.926282
MDMin:  3924 16:48:22    -2397.956990        0.333034
MDMin:  3925 16:48:24    -2397.957025        0.329566
MDMin:  3926 16:48:26    -2397.956754        0.924279
MDMin:  3927 16:48:28    -2397.957185        0.329268
MDMin:  3928 16:48:30    -2397.957165        0.924838
MDMin:  3929 16:48:31    -2397.957295        0.339397
MDMin:  3930 16:48:33    -2397.957330        0.335851
MDMin:  3931 16:48:34    -2397.957324        0.923136
MDMin:  3932 16:48:36    -2397.957491        0.335138
MDMin:  3933 16:48:38    -2397.957526        0.331659
MDMin:  3934 16:48:39    -2397.957255        0.921094
MDMin:  3935 16:48:41    -2397.957688        0.331248
MDMin:  3936 16:48:43    -2397.957661        0.921636
MDMin:  3937 16:48:45    -2397.957798        0.341275
MDMin:  3938 16:48:47    -2397.957834        0.337724
MDMin:  3939 16:48:49    -2397.957815        0.919904
MDMin:  3940 16:48:51    -2397.957996        0.336913
MDMin:  3941 16:48:53    -2397.958032        0.333429
MDMin:  3942 16:48:55    -2397.957740        0.917835
MDMin:  3943 16:48:56    -2397.958195        0.332925
MDMin:  3944 16:48:58    -2397.958143        0.918367
MDMin:  3945 16:49:00    -2397.958306        0.342863
MDMin:  3946 16:49:02    -2397.958342        0.339309
MDMin:  3947 16:49:04    -2397.958291        0.916613
MDMin:  3948 16:49:06    -2397.958506        0.338420
MDMin:  3949 16:49:08    -2397.958542        0.334934
MDMin:  3950 16:49:09    -2397.958211        0.914526
MDMin:  3951 16:49:11    -2397.958706        0.334355
MDMin:  3952 16:49:12    -2397.958610        0.915051
MDMin:  3953 16:49:14    -2397.958819        0.344212
MDMin:  3954 16:49:15    -2397.958855        0.340659
MDMin:  3955 16:49:16    -2397.958753        0.913284
MDMin:  3956 16:49:18    -2397.959020        0.339705
MDMin:  3957 16:49:20    -2397.959057        0.336220
MDMin:  3958 16:49:22    -2397.958667        0.911185
MDMin:  3959 16:49:23    -2397.959222        0.912542
MDMin:  3960 16:49:24    -2397.959365        0.359959
MDMin:  3961 16:49:26    -2397.959401        0.356222
MDMin:  3962 16:49:28    -2397.959512        0.345125
MDMin:  3963 16:49:30    -2397.959229        0.907263
MDMin:  3964 16:49:32    -2397.959665        0.908336
MDMin:  3965 16:49:34    -2397.959875        0.357069
MDMin:  3966 16:49:36    -2397.959912        0.353392
MDMin:  3967 16:49:38    -2397.960024        0.342475
MDMin:  3968 16:49:40    -2397.959505        0.903162
MDMin:  3969 16:49:42    -2397.959942        0.904268
MDMin:  3970 16:49:43    -2397.960390        0.354742
MDMin:  3971 16:49:45    -2397.960427        0.351114
MDMin:  3972 16:49:48    -2397.960541        0.340341
MDMin:  3973 16:49:50    -2397.959763        0.899353
MDMin:  3974 16:49:52    -2397.960201        0.900485
MDMin:  3975 16:49:54    -2397.960909        0.352834
MDMin:  3976 16:49:56    -2397.960947        0.349247
MDMin:  3977 16:49:57    -2397.960853        0.899963
MDMin:  3978 16:49:59    -2397.961118        0.347830
MDMin:  3979 16:50:00    -2397.961156        0.344315
MDMin:  3980 16:50:02    -2397.960748        0.897715
MDMin:  3981 16:50:03    -2397.961289        0.899032
MDMin:  3982 16:50:05    -2397.961473        0.366869
MDMin:  3983 16:50:07    -2397.961511        0.363129
MDMin:  3984 16:50:08    -2397.961627        0.352011
MDMin:  3985 16:50:10    -2397.961251        0.893528
MDMin:  3986 16:50:11    -2397.961680        0.894587
MDMin:  3987 16:50:13    -2397.962002        0.363119
MDMin:  3988 16:50:15    -2397.962041        0.359447
MDMin:  3989 16:50:17    -2397.962157        0.348532
MDMin:  3990 16:50:19    -2397.961477        0.889269
MDMin:  3991 16:50:21    -2397.961908        0.890366
MDMin:  3992 16:50:23    -2397.962535        0.360047
MDMin:  3993 16:50:25    -2397.962574        0.356429
MDMin:  3994 16:50:26    -2397.962536        0.889667
MDMin:  3995 16:50:28    -2397.962749        0.354640
MDMin:  3996 16:50:29    -2397.962788        0.351097
MDMin:  3997 16:50:30    -2397.962413        0.887307
MDMin:  3998 16:50:32    -2397.962943        0.888586
MDMin:  3999 16:50:33    -2397.963112        0.372705
MDMin:  4000 16:50:34    -2397.963152        0.368958
MDMin:  4001 16:50:35    -2397.963271        0.357811
MDMin:  4002 16:50:37    -2397.962865        0.882906
MDMin:  4003 16:50:38    -2397.963289        0.883950
MDMin:  4004 16:50:39    -2397.963655        0.368237
MDMin:  4005 16:50:41    -2397.963695        0.364564
MDMin:  4006 16:50:43    -2397.963815        0.353638
MDMin:  4007 16:50:45    -2397.963051        0.878515
MDMin:  4008 16:50:47    -2397.963477        0.879601
MDMin:  4009 16:50:48    -2397.964203        0.364539
MDMin:  4010 16:50:50    -2397.964243        0.360925
MDMin:  4011 16:50:52    -2397.964082        0.878849
MDMin:  4012 16:50:54    -2397.964422        0.358930
MDMin:  4013 16:50:56    -2397.964437        0.879132
MDMin:  4014 16:50:58    -2397.964544        0.367557
MDMin:  4015 16:50:59    -2397.964584        0.363920
MDMin:  4016 16:51:01    -2397.964526        0.876925
MDMin:  4017 16:51:02    -2397.964764        0.361762
MDMin:  4018 16:51:04    -2397.964805        0.358201
MDMin:  4019 16:51:05    -2397.964383        0.874467
MDMin:  4020 16:51:07    -2397.964901        0.875710
MDMin:  4021 16:51:09    -2397.965138        0.378794
MDMin:  4022 16:51:11    -2397.965178        0.375050
MDMin:  4023 16:51:13    -2397.965301        0.363902
MDMin:  4024 16:51:15    -2397.964777        0.869884
MDMin:  4025 16:51:17    -2397.965194        0.870912
MDMin:  4026 16:51:19    -2397.965698        0.373606
MDMin:  4027 16:51:21    -2397.965739        0.369940
MDMin:  4028 16:51:23    -2397.965779        0.869877
MDMin:  4029 16:51:25    -2397.965921        0.367475
MDMin:  4030 16:51:27    -2397.965963        0.363887
MDMin:  4031 16:51:29    -2397.965625        0.867317
MDMin:  4032 16:51:31    -2397.966134        0.868520
MDMin:  4033 16:51:33    -2397.966300        0.383736
MDMin:  4034 16:51:34    -2397.966342        0.379980
MDMin:  4035 16:51:36    -2397.966467        0.368789
MDMin:  4036 16:51:37    -2397.965984        0.862530
MDMin:  4037 16:51:38    -2397.966397        0.863540
MDMin:  4038 16:51:40    -2397.966870        0.377943
MDMin:  4039 16:51:42    -2397.966912        0.374270
MDMin:  4040 16:51:43    -2397.966964        0.862429
MDMin:  4041 16:51:45    -2397.967097        0.371608
MDMin:  4042 16:51:46    -2397.967139        0.368013
MDMin:  4043 16:51:48    -2397.966797        0.859827
MDMin:  4044 16:51:50    -2397.967299        0.861009
MDMin:  4045 16:51:52    -2397.967482        0.387298
MDMin:  4046 16:51:54    -2397.967524        0.383544
MDMin:  4047 16:51:56    -2397.967652        0.372358
MDMin:  4048 16:51:58    -2397.967121        0.854959
MDMin:  4049 16:51:59    -2397.967531        0.855958
MDMin:  4050 16:52:00    -2397.968061        0.381109
MDMin:  4051 16:52:02    -2397.968104        0.377441
MDMin:  4052 16:52:03    -2397.968081        0.854818
MDMin:  4053 16:52:04    -2397.968292        0.374649
MDMin:  4054 16:52:06    -2397.968335        0.371057
MDMin:  4055 16:52:07    -2397.967903        0.852202
MDMin:  4056 16:52:09    -2397.968399        0.853372
MDMin:  4057 16:52:11    -2397.968683        0.389893
MDMin:  4058 16:52:13    -2397.968726        0.386153
MDMin:  4059 16:52:14    -2397.968856        0.374999
MDMin:  4060 16:52:16    -2397.968195        0.847315
MDMin:  4061 16:52:18    -2397.968601        0.848309
MDMin:  4062 16:52:20    -2397.969272        0.383441
MDMin:  4063 16:52:22    -2397.969315        0.379785
MDMin:  4064 16:52:24    -2397.969136        0.847165
MDMin:  4065 16:52:25    -2397.969507        0.376906
MDMin:  4066 16:52:27    -2397.969456        0.847312
MDMin:  4067 16:52:29    -2397.969637        0.384637
MDMin:  4068 16:52:30    -2397.969681        0.380980
MDMin:  4069 16:52:31    -2397.969493        0.844902
MDMin:  4070 16:52:33    -2397.969873        0.378053
MDMin:  4071 16:52:35    -2397.969810        0.845043
MDMin:  4072 16:52:37    -2397.970003        0.385728
MDMin:  4073 16:52:39    -2397.970047        0.382071
MDMin:  4074 16:52:41    -2397.969843        0.842629
MDMin:  4075 16:52:43    -2397.970240        0.379101
MDMin:  4076 16:52:45    -2397.970157        0.842767
MDMin:  4077 16:52:47    -2397.970372        0.386724
MDMin:  4078 16:52:48    -2397.970416        0.383068
MDMin:  4079 16:52:49    -2397.970185        0.840350
MDMin:  4080 16:52:51    -2397.970610        0.380059
MDMin:  4081 16:52:52    -2397.970497        0.840483
MDMin:  4082 16:52:53    -2397.970742        0.387633
MDMin:  4083 16:52:55    -2397.970786        0.383979
MDMin:  4084 16:52:57    -2397.970522        0.838065
MDMin:  4085 16:52:59    -2397.970981        0.380936
MDMin:  4086 16:53:01    -2397.970832        0.838196
MDMin:  4087 16:53:03    -2397.971114        0.388463
MDMin:  4088 16:53:05    -2397.971158        0.384811
MDMin:  4089 16:53:06    -2397.970852        0.835777
MDMin:  4090 16:53:08    -2397.971326        0.836841
MDMin:  4091 16:53:10    -2397.971517        0.401910
MDMin:  4092 16:53:12    -2397.971562        0.398141
MDMin:  4093 16:53:14    -2397.971697        0.386888
MDMin:  4094 16:53:16    -2397.971081        0.830353
MDMin:  4095 16:53:18    -2397.971476        0.831292
MDMin:  4096 16:53:19    -2397.972129        0.394033
MDMin:  4097 16:53:22    -2397.972174        0.390358
MDMin:  4098 16:53:23    -2397.971972        0.829949
MDMin:  4099 16:53:25    -2397.972372        0.387028
MDMin:  4100 16:53:26    -2397.972272        0.830023
MDMin:  4101 16:53:28    -2397.972507        0.394283
MDMin:  4102 16:53:30    -2397.972552        0.390617
MDMin:  4103 16:53:32    -2397.972281        0.827520
MDMin:  4104 16:53:34    -2397.972745        0.828545
MDMin:  4105 16:53:36    -2397.972917        0.407009
MDMin:  4106 16:53:38    -2397.972962        0.403237
MDMin:  4107 16:53:40    -2397.973100        0.391970
MDMin:  4108 16:53:42    -2397.972474        0.821950
MDMin:  4109 16:53:44    -2397.972863        0.822868
MDMin:  4110 16:53:46    -2397.973540        0.398586
MDMin:  4111 16:53:47    -2397.973586        0.394911
MDMin:  4112 16:53:49    -2397.973339        0.821466
MDMin:  4113 16:53:50    -2397.973787        0.391407
MDMin:  4114 16:53:52    -2397.973631        0.821517
MDMin:  4115 16:53:53    -2397.973924        0.398457
MDMin:  4116 16:53:55    -2397.973970        0.394794
MDMin:  4117 16:53:56    -2397.973626        0.818993
MDMin:  4118 16:53:57    -2397.974083        0.819997
MDMin:  4119 16:53:59    -2397.974341        0.410665
MDMin:  4120 16:54:01    -2397.974387        0.406904
MDMin:  4121 16:54:03    -2397.974528        0.395663
MDMin:  4122 16:54:05    -2397.973782        0.813399
MDMin:  4123 16:54:07    -2397.974168        0.814303
MDMin:  4124 16:54:08    -2397.974975        0.401901
MDMin:  4125 16:54:10    -2397.975022        0.398236
MDMin:  4126 16:54:12    -2397.974625        0.812888
MDMin:  4127 16:54:14    -2397.975077        0.813870
MDMin:  4128 16:54:16    -2397.975397        0.413687
MDMin:  4129 16:54:18    -2397.975444        0.409932
MDMin:  4130 16:54:20    -2397.975586        0.398702
MDMin:  4131 16:54:22    -2397.974759        0.807235
MDMin:  4132 16:54:24    -2397.975141        0.808127
MDMin:  4133 16:54:26    -2397.976039        0.404631
MDMin:  4134 16:54:28    -2397.976086        0.809593
MDMin:  4135 16:54:30    -2397.976180        0.411135
MDMin:  4136 16:54:32    -2397.976227        0.407423
MDMin:  4137 16:54:34    -2397.976086        0.806791
MDMin:  4138 16:54:36    -2397.976435        0.403403
MDMin:  4139 16:54:38    -2397.976353        0.806688
MDMin:  4140 16:54:40    -2397.976578        0.409720
MDMin:  4141 16:54:42    -2397.976625        0.406032
MDMin:  4142 16:54:44    -2397.976328        0.804001
MDMin:  4143 16:54:46    -2397.976768        0.804927
MDMin:  4144 16:54:48    -2397.975194        0.659069
MDMin:  4145 16:54:51    -2397.973018        0.651839
MDMin:  4146 16:54:53    -2397.969754        0.641155
MDMin:  4147 16:54:55    -2397.965456        0.627278
MDMin:  4148 16:54:57    -2397.960223        0.610495
MDMin:  4149 16:54:59    -2397.954200        0.591139
MDMin:  4150 16:55:01    -2397.947564        0.569685
MDMin:  4151 16:55:03    -2397.940520        0.546756
MDMin:  4152 16:55:05    -2397.933272        0.525075
MDMin:  4153 16:55:06    -2397.926010        0.509961
MDMin:  4154 16:55:08    -2397.918896        0.493155
MDMin:  4155 16:55:10    -2397.912056        0.474894
MDMin:  4156 16:55:12    -2397.905581        0.455476
MDMin:  4157 16:55:14    -2397.899535        0.435238
MDMin:  4158 16:55:16    -2397.893961        0.414531
MDMin:  4159 16:55:18    -2397.888897        0.393704
MDMin:  4160 16:55:20    -2397.884381        0.406070
MDMin:  4161 16:55:22    -2397.880453        0.417342
MDMin:  4162 16:55:24    -2397.877158        0.425057
MDMin:  4163 16:55:26    -2397.874536        0.428889
MDMin:  4164 16:55:28    -2397.872616        0.428634
MDMin:  4165 16:55:30    -2397.871404        0.424252
MDMin:  4166 16:55:32    -2397.870877        0.415899
MDMin:  4167 16:55:34    -2397.870975        0.403944
MDMin:  4168 16:55:36    -2397.871614        0.388956
MDMin:  4169 16:55:38    -2397.872661        0.400865
MDMin:  4170 16:55:40    -2397.871159        1.168178
MDMin:  4171 16:55:42    -2397.865536        0.431514
MDMin:  4172 16:55:44    -2397.865551        0.435149
MDMin:  4173 16:55:46    -2397.865584        0.439769
MDMin:  4174 16:55:48    -2397.865650        0.445235
MDMin:  4175 16:55:50    -2397.865767        0.451397
MDMin:  4176 16:55:52    -2397.865949        0.458066
MDMin:  4177 16:55:54    -2397.866211        0.464997
MDMin:  4178 16:55:56    -2397.866563        0.471877
MDMin:  4179 16:55:57    -2397.867012        0.478316
MDMin:  4180 16:55:58    -2397.867562        0.483841
MDMin:  4181 16:56:00    -2397.868213        0.487897
MDMin:  4182 16:56:02    -2397.868961        0.489855
MDMin:  4183 16:56:04    -2397.869799        0.491771
MDMin:  4184 16:56:05    -2397.870564        1.198488
MDMin:  4185 16:56:07    -2397.862797        0.512909
MDMin:  4186 16:56:09    -2397.862803        0.497718
MDMin:  4187 16:56:11    -2397.862824        0.498069
MDMin:  4188 16:56:13    -2397.862878        0.497888
MDMin:  4189 16:56:15    -2397.862986        0.496815
MDMin:  4190 16:56:17    -2397.863163        0.494414
MDMin:  4191 16:56:19    -2397.863424        0.490171
MDMin:  4192 16:56:21    -2397.863780        0.483508
MDMin:  4193 16:56:22    -2397.864237        0.473814
MDMin:  4194 16:56:24    -2397.864801        0.475138
MDMin:  4195 16:56:26    -2397.865471        0.477517
MDMin:  4196 16:56:28    -2397.866243        0.476718
MDMin:  4197 16:56:30    -2397.867110        0.472300
MDMin:  4198 16:56:32    -2397.868057        0.464049
MDMin:  4199 16:56:33    -2397.869068        0.452033
MDMin:  4200 16:56:35    -2397.870118        0.436682
MDMin:  4201 16:56:37    -2397.871174        0.418828
MDMin:  4202 16:56:39    -2397.872194        0.417864
MDMin:  4203 16:56:41    -2397.873124        0.416664
MDMin:  4204 16:56:43    -2397.873898        0.414945
MDMin:  4205 16:56:45    -2397.874438        0.414318
MDMin:  4206 16:56:47    -2397.874661        0.414775
MDMin:  4207 16:56:49    -2397.874498        0.411583
MDMin:  4208 16:56:51    -2397.873864        0.526427
MDMin:  4209 16:56:53    -2397.870061        1.280949
MDMin:  4210 16:56:55    -2397.872482        1.082311
MDMin:  4211 16:56:57    -2397.872417        0.915487
MDMin:  4212 16:56:59    -2397.872294        0.652155
MDMin:  4213 16:57:02    -2397.872097        0.399116
MDMin:  4214 16:57:04    -2397.871833        0.409706
MDMin:  4215 16:57:06    -2397.871523        0.421998
MDMin:  4216 16:57:07    -2397.871161        0.434732
MDMin:  4217 16:57:09    -2397.870741        0.445913
MDMin:  4218 16:57:11    -2397.870257        0.452380
MDMin:  4219 16:57:13    -2397.869702        0.449658
MDMin:  4220 16:57:15    -2397.869064        0.432160
MDMin:  4221 16:57:17    -2397.868329        0.394662
MDMin:  4222 16:57:18    -2397.867477        0.338702
MDMin:  4223 16:57:20    -2397.866483        0.287093
MDMin:  4224 16:57:22    -2397.865332        0.240782
MDMin:  4225 16:57:24    -2397.864009        0.231040
MDMin:  4226 16:57:25    -2397.862498        0.240434
MDMin:  4227 16:57:27    -2397.860797        0.251754
MDMin:  4228 16:57:29    -2397.858948        0.264865
MDMin:  4229 16:57:31    -2397.857199        0.278269
MDMin:  4230 16:57:33    -2397.855568        0.291174
MDMin:  4231 16:57:35    -2397.853884        0.305247
MDMin:  4232 16:57:37    -2397.852065        0.320949
MDMin:  4233 16:57:38    -2397.850093        0.338357
MDMin:  4234 16:57:40    -2397.847981        0.357170
MDMin:  4235 16:57:42    -2397.845731        0.376722
MDMin:  4236 16:57:44    -2397.843488        0.395470
MDMin:  4237 16:57:46    -2397.841466        0.467886
MDMin:  4238 16:57:48    -2397.840154        0.419726
MDMin:  4239 16:57:50    -2397.839036        0.426500
MDMin:  4240 16:57:52    -2397.837847        0.433079
MDMin:  4241 16:57:53    -2397.836513        0.439399
MDMin:  4242 16:57:55    -2397.835036        0.445064
MDMin:  4243 16:57:57    -2397.833403        0.449560
MDMin:  4244 16:57:58    -2397.831611        0.452299
MDMin:  4245 16:58:00    -2397.829647        0.452638
MDMin:  4246 16:58:02    -2397.827502        0.449959
MDMin:  4247 16:58:04    -2397.825158        0.452486
MDMin:  4248 16:58:06    -2397.822602        0.452428
MDMin:  4249 16:58:08    -2397.819805        0.446624
MDMin:  4250 16:58:09    -2397.816760        0.434445
MDMin:  4251 16:58:10    -2397.813437        0.416066
MDMin:  4252 16:58:12    -2397.809974        0.393157
MDMin:  4253 16:58:13    -2397.806725        0.515632
MDMin:  4254 16:58:15    -2397.804775        0.397008
MDMin:  4255 16:58:17    -2397.803314        0.347030
MDMin:  4256 16:58:18    -2397.801687        0.336064
MDMin:  4257 16:58:21    -2397.799823        0.323752
MDMin:  4258 16:58:23    -2397.797713        0.310170
MDMin:  4259 16:58:24    -2397.795341        0.295438
MDMin:  4260 16:58:26    -2397.792690        0.283928
MDMin:  4261 16:58:28    -2397.789739        0.282194
MDMin:  4262 16:58:30    -2397.786467        0.279441
MDMin:  4263 16:58:32    -2397.782848        0.275630
MDMin:  4264 16:58:34    -2397.778857        0.270786
MDMin:  4265 16:58:36    -2397.774463        0.265013
MDMin:  4266 16:58:38    -2397.769649        0.258508
MDMin:  4267 16:58:40    -2397.764399        0.251578
MDMin:  4268 16:58:42    -2397.758900        0.320366
MDMin:  4269 16:58:44    -2397.753886        0.491951
MDMin:  4270 16:58:46    -2397.751307        0.323722
MDMin:  4271 16:58:48    -2397.749370        0.271364
MDMin:  4272 16:58:50    -2397.747157        0.278442
MDMin:  4273 16:58:52    -2397.744630        0.286794
MDMin:  4274 16:58:54    -2397.741781        0.296509
MDMin:  4275 16:58:56    -2397.738603        0.307642
MDMin:  4276 16:58:58    -2397.735089        0.320168
MDMin:  4277 16:59:00    -2397.731231        0.333922
MDMin:  4278 16:59:02    -2397.727027        0.348509
MDMin:  4279 16:59:04    -2397.722471        0.363189
MDMin:  4280 16:59:06    -2397.717561        0.376759
MDMin:  4281 16:59:08    -2397.712293        0.387462
MDMin:  4282 16:59:10    -2397.706660        0.393022
MDMin:  4283 16:59:12    -2397.700648        0.390873
MDMin:  4284 16:59:14    -2397.694240        0.378670
MDMin:  4285 16:59:15    -2397.687405        0.375263
MDMin:  4286 16:59:17    -2397.680124        0.402934
MDMin:  4287 16:59:19    -2397.672383        0.425540
MDMin:  4288 16:59:21    -2397.664331        0.441993
MDMin:  4289 16:59:23    -2397.656614        0.451849
MDMin:  4290 16:59:25    -2397.652182        0.473044
MDMin:  4291 16:59:27    -2397.650358        0.455264
MDMin:  4292 16:59:29    -2397.648057        0.456156
MDMin:  4293 16:59:31    -2397.645463        0.457282
MDMin:  4294 16:59:33    -2397.642598        0.458691
MDMin:  4295 16:59:35    -2397.639516        0.460438
MDMin:  4296 16:59:37    -2397.636297        0.462585
MDMin:  4297 16:59:39    -2397.633055        0.465183
MDMin:  4298 16:59:40    -2397.629956        0.468243
MDMin:  4299 16:59:41    -2397.627234        0.471677
MDMin:  4300 16:59:43    -2397.625203        0.475214
MDMin:  4301 16:59:45    -2397.624269        0.478264
MDMin:  4302 16:59:47    -2397.624911        0.479741
MDMin:  4303 16:59:49    -2397.627632        0.477886
MDMin:  4304 16:59:51    -2397.632855        0.470143
MDMin:  4305 16:59:53    -2397.640785        0.453070
MDMin:  4306 16:59:55    -2397.651267        0.422867
MDMin:  4307 16:59:57    -2397.663732        0.469719
MDMin:  4308 16:59:59    -2397.677277        0.512254
MDMin:  4309 17:00:01    -2397.690946        0.487853
MDMin:  4310 17:00:04    -2397.704122        0.308775
MDMin:  4311 17:00:06    -2397.716743        1.032882
MDMin:  4312 17:00:08    -2397.720734        1.358975
MDMin:  4313 17:00:10    -2397.723755        1.422585
MDMin:  4314 17:00:11    -2397.726959        1.252391
MDMin:  4315 17:00:14    -2397.730502        1.007000
MDMin:  4316 17:00:16    -2397.734394        0.746392
MDMin:  4317 17:00:18    -2397.738553        0.495174
MDMin:  4318 17:00:19    -2397.742803        0.445316
MDMin:  4319 17:00:21    -2397.746905        0.432205
MDMin:  4320 17:00:23    -2397.750672        0.391964
MDMin:  4321 17:00:24    -2397.754031        0.327984
MDMin:  4322 17:00:26    -2397.756885        0.378604
MDMin:  4323 17:00:27    -2397.758561        0.484557
MDMin:  4324 17:00:29    -2397.759122        0.377270
MDMin:  4325 17:00:30    -2397.759849        0.390143
MDMin:  4326 17:00:31    -2397.760668        0.403665
MDMin:  4327 17:00:32    -2397.761576        0.417417
MDMin:  4328 17:00:34    -2397.762570        0.430939
MDMin:  4329 17:00:35    -2397.763648        0.443741
MDMin:  4330 17:00:36    -2397.764811        0.455252
MDMin:  4331 17:00:37    -2397.766062        0.464768
MDMin:  4332 17:00:38    -2397.767407        0.471200
MDMin:  4333 17:00:40    -2397.768858        0.472818
MDMin:  4334 17:00:43    -2397.770430        0.467015
MDMin:  4335 17:00:44    -2397.772143        0.450324
MDMin:  4336 17:00:46    -2397.774022        0.419248
MDMin:  4337 17:00:48    -2397.776102        0.444200
MDMin:  4338 17:00:49    -2397.775905        0.483921
MDMin:  4339 17:00:51    -2397.777520        0.470695
MDMin:  4340 17:00:53    -2397.778753        0.448268
MDMin:  4341 17:00:55    -2397.777630        0.413627
MDMin:  4342 17:00:56    -2397.779650        0.387434
MDMin:  4343 17:00:57    -2397.780176        0.364539
MDMin:  4344 17:00:59    -2397.780156        0.349093
MDMin:  4345 17:01:00    -2397.780681        0.334907
MDMin:  4346 17:01:02    -2397.779739        0.328489
MDMin:  4347 17:01:03    -2397.781145        0.304383
MDMin:  4348 17:01:04    -2397.780773        0.320360
MDMin:  4349 17:01:05    -2397.781448        0.284931
MDMin:  4350 17:01:06    -2397.781442        0.314724
MDMin:  4351 17:01:08    -2397.781695        0.269558
MDMin:  4352 17:01:10    -2397.781977        0.311912
MDMin:  4353 17:01:13    -2397.781926        0.256201
MDMin:  4354 17:01:14    -2397.782297        0.249766
MDMin:  4355 17:01:15    -2397.781102        0.306178
MDMin:  4356 17:01:17    -2397.782679        0.234081
MDMin:  4357 17:01:18    -2397.781745        0.302262
MDMin:  4358 17:01:20    -2397.782953        0.222994
MDMin:  4359 17:01:22    -2397.782199        0.300978
MDMin:  4360 17:01:23    -2397.783200        0.213495
MDMin:  4361 17:01:25    -2397.782589        0.299364
MDMin:  4362 17:01:27    -2397.783441        0.204866
MDMin:  4363 17:01:28    -2397.782945        0.297578
MDMin:  4364 17:01:30    -2397.783682        0.196891
MDMin:  4365 17:01:31    -2397.783278        0.295696
MDMin:  4366 17:01:33    -2397.783924        0.189473
MDMin:  4367 17:01:34    -2397.783590        0.293762
MDMin:  4368 17:01:36    -2397.784169        0.188939
MDMin:  4369 17:01:37    -2397.783883        0.291800
MDMin:  4370 17:01:38    -2397.784416        0.191040
MDMin:  4371 17:01:40    -2397.784158        0.289828
MDMin:  4372 17:01:41    -2397.784665        0.193081
MDMin:  4373 17:01:43    -2397.784415        0.287856
MDMin:  4374 17:01:45    -2397.784916        0.195067
MDMin:  4375 17:01:47    -2397.784657        0.285892
MDMin:  4376 17:01:49    -2397.785171        0.197003
MDMin:  4377 17:01:51    -2397.784883        0.283940
MDMin:  4378 17:01:53    -2397.785428        0.198892
MDMin:  4379 17:01:55    -2397.785095        0.282001
MDMin:  4380 17:01:56    -2397.785689        0.200738
MDMin:  4381 17:01:58    -2397.785292        0.280078
MDMin:  4382 17:02:00    -2397.785953        0.202545
MDMin:  4383 17:02:02    -2397.785476        0.278171
MDMin:  4384 17:02:05    -2397.786220        0.204314
MDMin:  4385 17:02:06    -2397.785648        0.276281
MDMin:  4386 17:02:08    -2397.786490        0.206049
MDMin:  4387 17:02:10    -2397.785806        0.274407
MDMin:  4388 17:02:12    -2397.786764        0.207752
MDMin:  4389 17:02:13    -2397.785953        0.272550
MDMin:  4390 17:02:15    -2397.787000        0.276313
MDMin:  4391 17:02:16    -2397.786894        0.216690
MDMin:  4392 17:02:18    -2397.787345        0.212806
MDMin:  4393 17:02:20    -2397.785837        0.263396
MDMin:  4394 17:02:22    -2397.787185        0.268978
MDMin:  4395 17:02:24    -2397.787757        0.222113
MDMin:  4396 17:02:26    -2397.787899        0.267140
MDMin:  4397 17:02:28    -2397.788165        0.222764
MDMin:  4398 17:02:30    -2397.788045        0.264722
MDMin:  4399 17:02:31    -2397.788472        0.223946
MDMin:  4400 17:02:32    -2397.788107        0.262412
MDMin:  4401 17:02:34    -2397.788769        0.225195
MDMin:  4402 17:02:36    -2397.788152        0.260259
MDMin:  4403 17:02:38    -2397.789067        0.226451
MDMin:  4404 17:02:40    -2397.788186        0.258235
MDMin:  4405 17:02:42    -2397.789149        0.262026
MDMin:  4406 17:02:44    -2397.789252        0.234984
MDMin:  4407 17:02:46    -2397.789566        0.259459
MDMin:  4408 17:02:47    -2397.789631        0.235462
MDMin:  4409 17:02:48    -2397.789607        0.256757
MDMin:  4410 17:02:50    -2397.789946        0.236374
MDMin:  4411 17:02:51    -2397.789597        0.254287
MDMin:  4412 17:02:53    -2397.790256        0.237348
MDMin:  4413 17:02:54    -2397.789576        0.252039
MDMin:  4414 17:02:56    -2397.790499        0.255791
MDMin:  4415 17:02:58    -2397.790463        0.245601
MDMin:  4416 17:03:00    -2397.790857        0.253217
MDMin:  4417 17:03:01    -2397.790852        0.245799
MDMin:  4418 17:03:02    -2397.790840        0.250442
MDMin:  4419 17:03:04    -2397.791176        0.246485
MDMin:  4420 17:03:05    -2397.790778        0.247923
MDMin:  4421 17:03:06    -2397.791497        0.247243
MDMin:  4422 17:03:07    -2397.790707        0.245648
MDMin:  4423 17:03:09    -2397.791596        0.249427
MDMin:  4424 17:03:10    -2397.791728        0.255269
MDMin:  4425 17:03:12    -2397.791901        0.247004
MDMin:  4426 17:03:14    -2397.792126        0.255251
MDMin:  4427 17:03:16    -2397.791833        0.244235
MDMin:  4428 17:03:18    -2397.792461        0.255756
MDMin:  4429 17:03:20    -2397.791726        0.241723
MDMin:  4430 17:03:22    -2397.792588        0.245436
MDMin:  4431 17:03:24    -2397.792707        0.263543
MDMin:  4432 17:03:25    -2397.792853        0.242926
MDMin:  4433 17:03:27    -2397.793111        0.263319
MDMin:  4434 17:03:29    -2397.792745        0.240059
MDMin:  4435 17:03:30    -2397.793453        0.263649
MDMin:  4436 17:03:32    -2397.792601        0.237480
MDMin:  4437 17:03:33    -2397.793439        0.241184
MDMin:  4438 17:03:34    -2397.793714        0.271227
MDMin:  4439 17:03:36    -2397.793666        0.238739
MDMin:  4440 17:03:38    -2397.794124        0.270834
MDMin:  4441 17:03:40    -2397.793521        0.235851
MDMin:  4442 17:03:42    -2397.794343        0.239427
MDMin:  4443 17:03:44    -2397.794397        0.278139
MDMin:  4444 17:03:46    -2397.794542        0.236716
MDMin:  4445 17:03:48    -2397.794808        0.277550
MDMin:  4446 17:03:50    -2397.794367        0.233655
MDMin:  4447 17:03:51    -2397.795159        0.277564
MDMin:  4448 17:03:53    -2397.794162        0.230936
MDMin:  4449 17:03:55    -2397.794961        0.234597
MDMin:  4450 17:03:57    -2397.795441        0.284740
MDMin:  4451 17:03:59    -2397.795125        0.232236
MDMin:  4452 17:04:01    -2397.795858        0.284048
MDMin:  4453 17:04:03    -2397.794918        0.229296
MDMin:  4454 17:04:06    -2397.795702        0.232851
MDMin:  4455 17:04:08    -2397.796150        0.290982
MDMin:  4456 17:04:10    -2397.795842        0.230293
MDMin:  4457 17:04:12    -2397.796569        0.290132
MDMin:  4458 17:04:13    -2397.795609        0.228716
MDMin:  4459 17:04:15    -2397.796377        0.230713
MDMin:  4460 17:04:17    -2397.796866        0.296866
MDMin:  4461 17:04:18    -2397.796491        0.228114
MDMin:  4462 17:04:20    -2397.797276        0.231486
MDMin:  4463 17:04:21    -2397.797221        0.302926
MDMin:  4464 17:04:22    -2397.797390        0.228372
MDMin:  4465 17:04:24    -2397.797641        0.301705
MDMin:  4466 17:04:26    -2397.797111        0.227665
MDMin:  4467 17:04:27    -2397.797851        0.228255
MDMin:  4468 17:04:28    -2397.797943        0.308002
MDMin:  4469 17:04:30    -2397.797922        0.225820
MDMin:  4470 17:04:31    -2397.798361        0.306727
MDMin:  4471 17:04:32    -2397.797620        0.228692
MDMin:  4472 17:04:33    -2397.798346        0.225520
MDMin:  4473 17:04:35    -2397.798667        0.312893
MDMin:  4474 17:04:36    -2397.798396        0.226595
MDMin:  4475 17:04:38    -2397.799087        0.311540
MDMin:  4476 17:04:40    -2397.798072        0.229392
MDMin:  4477 17:04:42    -2397.798785        0.225378
MDMin:  4478 17:04:44    -2397.799397        0.317577
MDMin:  4479 17:04:46    -2397.798815        0.227170
MDMin:  4480 17:04:48    -2397.799540        0.223857
MDMin:  4481 17:04:49    -2397.799758        0.322943
MDMin:  4482 17:04:50    -2397.799567        0.225760
MDMin:  4483 17:04:52    -2397.800179        0.321332
MDMin:  4484 17:04:54    -2397.799205        0.228853
MDMin:  4485 17:04:56    -2397.799895        0.225083
MDMin:  4486 17:04:57    -2397.800491        0.327019
MDMin:  4487 17:04:59    -2397.799889        0.227057
MDMin:  4488 17:05:01    -2397.800588        0.223475
MDMin:  4489 17:05:03    -2397.800851        0.332046
MDMin:  4490 17:05:05    -2397.800578        0.225903
MDMin:  4491 17:05:07    -2397.801266        0.222540
MDMin:  4492 17:05:08    -2397.801209        0.336831
MDMin:  4493 17:05:09    -2397.801239        0.225259
MDMin:  4494 17:05:11    -2397.801626        0.334902
MDMin:  4495 17:05:12    -2397.800825        0.228584
MDMin:  4496 17:05:13    -2397.801484        0.225082
MDMin:  4497 17:05:15    -2397.801937        0.340093
MDMin:  4498 17:05:17    -2397.801430        0.227159
MDMin:  4499 17:05:19    -2397.802094        0.223810
MDMin:  4500 17:05:21    -2397.802292        0.344651
MDMin:  4501 17:05:23    -2397.802036        0.226238
MDMin:  4502 17:05:25    -2397.802691        0.223066
MDMin:  4503 17:05:27    -2397.802644        0.349962
MDMin:  4504 17:05:29    -2397.802616        0.225722
MDMin:  4505 17:05:31    -2397.803058        0.346841
MDMin:  4506 17:05:34    -2397.802155        0.229082
MDMin:  4507 17:05:35    -2397.802787        0.225732
MDMin:  4508 17:05:37    -2397.803367        0.351852
MDMin:  4509 17:05:39    -2397.802690        0.227728
MDMin:  4510 17:05:41    -2397.803324        0.224526
MDMin:  4511 17:05:43    -2397.803715        0.358132
MDMin:  4512 17:05:45    -2397.803222        0.226850
MDMin:  4513 17:05:47    -2397.803848        0.223807
MDMin:  4514 17:05:49    -2397.804060        0.363830
MDMin:  4515 17:05:50    -2397.803732        0.226346
MDMin:  4516 17:05:52    -2397.804348        0.223419
MDMin:  4517 17:05:53    -2397.804401        0.369119
MDMin:  4518 17:05:55    -2397.804219        0.226075
MDMin:  4519 17:05:57    -2397.804811        0.362764
MDMin:  4520 17:05:58    -2397.803702        0.229511
MDMin:  4521 17:05:59    -2397.804300        0.226351
MDMin:  4522 17:06:01    -2397.805114        0.369961
MDMin:  4523 17:06:02    -2397.804153        0.228293
MDMin:  4524 17:06:03    -2397.804753        0.225270
MDMin:  4525 17:06:04    -2397.805452        0.375577
MDMin:  4526 17:06:05    -2397.804600        0.227501
MDMin:  4527 17:06:07    -2397.805191        0.224613
MDMin:  4528 17:06:08    -2397.805786        0.380698
MDMin:  4529 17:06:10    -2397.805026        0.227034
MDMin:  4530 17:06:12    -2397.805610        0.224246
MDMin:  4531 17:06:14    -2397.806116        0.385464
MDMin:  4532 17:06:16    -2397.805432        0.226774
MDMin:  4533 17:06:18    -2397.806008        0.224060
MDMin:  4534 17:06:20    -2397.806442        0.389955
MDMin:  4535 17:06:22    -2397.805818        0.226644
MDMin:  4536 17:06:24    -2397.806387        0.223989
MDMin:  4537 17:06:26    -2397.806765        0.394222
MDMin:  4538 17:06:27    -2397.806186        0.226598
MDMin:  4539 17:06:29    -2397.806748        0.223991
MDMin:  4540 17:06:30    -2397.807084        0.398302
MDMin:  4541 17:06:31    -2397.806536        0.226607
MDMin:  4542 17:06:33    -2397.807090        0.224042
MDMin:  4543 17:06:35    -2397.807399        0.402217
MDMin:  4544 17:06:37    -2397.806868        0.226652
MDMin:  4545 17:06:40    -2397.807416        0.224123
MDMin:  4546 17:06:42    -2397.807710        0.405988
MDMin:  4547 17:06:43    -2397.807183        0.226722
MDMin:  4548 17:06:45    -2397.807725        0.224225
MDMin:  4549 17:06:47    -2397.808019        0.409627
MDMin:  4550 17:06:49    -2397.807482        0.226807
MDMin:  4551 17:06:50    -2397.808017        0.224340
MDMin:  4552 17:06:51    -2397.808323        0.413146
MDMin:  4553 17:06:53    -2397.807765        0.226904
MDMin:  4554 17:06:55    -2397.808294        0.224464
MDMin:  4555 17:06:57    -2397.808624        0.416554
MDMin:  4556 17:06:59    -2397.808033        0.227009
MDMin:  4557 17:07:00    -2397.808555        0.224594
MDMin:  4558 17:07:02    -2397.808922        0.419857
MDMin:  4559 17:07:04    -2397.808285        0.227118
MDMin:  4560 17:07:05    -2397.808802        0.224727
MDMin:  4561 17:07:06    -2397.809217        0.423063
MDMin:  4562 17:07:08    -2397.808523        0.227232
MDMin:  4563 17:07:10    -2397.809034        0.224864
MDMin:  4564 17:07:11    -2397.809508        0.426177
MDMin:  4565 17:07:13    -2397.808747        0.227349
MDMin:  4566 17:07:15    -2397.809253        0.225002
MDMin:  4567 17:07:17    -2397.809797        0.429203
MDMin:  4568 17:07:18    -2397.808957        0.227467
MDMin:  4569 17:07:20    -2397.809458        0.225141
MDMin:  4570 17:07:21    -2397.810082        0.432147
MDMin:  4571 17:07:23    -2397.809154        0.227587
MDMin:  4572 17:07:25    -2397.809649        0.225280
MDMin:  4573 17:07:26    -2397.810364        0.435012
MDMin:  4574 17:07:27    -2397.809338        0.227708
MDMin:  4575 17:07:29    -2397.809828        0.225419
MDMin:  4576 17:07:31    -2397.810642        0.437801
MDMin:  4577 17:07:33    -2397.809509        0.227830
MDMin:  4578 17:07:34    -2397.809995        0.225559
MDMin:  4579 17:07:35    -2397.810917        0.221659
MDMin:  4580 17:07:37    -2397.810747        0.453254
MDMin:  4581 17:07:38    -2397.810967        0.223745
MDMin:  4582 17:07:39    -2397.811145        0.445415
MDMin:  4583 17:07:41    -2397.810230        0.227885
MDMin:  4584 17:07:43    -2397.810703        0.225676
MDMin:  4585 17:07:44    -2397.811398        0.448246
MDMin:  4586 17:07:45    -2397.810355        0.228029
MDMin:  4587 17:07:46    -2397.810824        0.225830
MDMin:  4588 17:07:48    -2397.811663        0.450639
MDMin:  4589 17:07:50    -2397.810470        0.228167
MDMin:  4590 17:07:52    -2397.810935        0.225984
MDMin:  4591 17:07:54    -2397.811827        0.222175
MDMin:  4592 17:07:56    -2397.811739        0.465273
MDMin:  4593 17:07:57    -2397.811847        0.224087
MDMin:  4594 17:07:59    -2397.812129        0.457572
MDMin:  4595 17:08:01    -2397.811075        0.228218
MDMin:  4596 17:08:03    -2397.811528        0.226088
MDMin:  4597 17:08:04    -2397.812373        0.459944
MDMin:  4598 17:08:06    -2397.811150        0.228385
MDMin:  4599 17:08:07    -2397.811600        0.226265
MDMin:  4600 17:08:08    -2397.812471        0.222523
MDMin:  4601 17:08:10    -2397.812428        0.473980
MDMin:  4602 17:08:12    -2397.812468        0.224322
MDMin:  4603 17:08:14    -2397.812814        0.466378
MDMin:  4604 17:08:16    -2397.811671        0.228449
MDMin:  4605 17:08:18    -2397.812110        0.226376
MDMin:  4606 17:08:20    -2397.812966        0.222690
MDMin:  4607 17:08:21    -2397.812847        0.480158
MDMin:  4608 17:08:22    -2397.812948        0.224424
MDMin:  4609 17:08:24    -2397.813229        0.472608
MDMin:  4610 17:08:25    -2397.812132        0.228546
MDMin:  4611 17:08:26    -2397.812563        0.226514
MDMin:  4612 17:08:27    -2397.813405        0.222875
MDMin:  4613 17:08:29    -2397.813250        0.485928
MDMin:  4614 17:08:30    -2397.813372        0.224548
MDMin:  4615 17:08:31    -2397.813629        0.478437
MDMin:  4616 17:08:33    -2397.812540        0.228668
MDMin:  4617 17:08:34    -2397.812961        0.226675
MDMin:  4618 17:08:35    -2397.813791        0.223078
MDMin:  4619 17:08:36    -2397.813639        0.491334
MDMin:  4620 17:08:38    -2397.813744        0.224691
MDMin:  4621 17:08:39    -2397.814016        0.483905
MDMin:  4622 17:08:40    -2397.812896        0.228812
MDMin:  4623 17:08:41    -2397.813309        0.226853
MDMin:  4624 17:08:42    -2397.814127        0.223294
MDMin:  4625 17:08:44    -2397.814015        0.496411
MDMin:  4626 17:08:45    -2397.814067        0.224850
MDMin:  4627 17:08:46    -2397.814390        0.489048
MDMin:  4628 17:08:47    -2397.813204        0.228974
MDMin:  4629 17:08:48    -2397.813609        0.227047
MDMin:  4630 17:08:50    -2397.814416        0.223521
MDMin:  4631 17:08:52    -2397.814379        0.501191
MDMin:  4632 17:08:54    -2397.814344        0.225023
MDMin:  4633 17:08:55    -2397.814740        0.223438
MDMin:  4634 17:08:57    -2397.814594        0.501092
MDMin:  4635 17:08:59    -2397.814256        0.226353
MDMin:  4636 17:09:01    -2397.814650        0.224678
MDMin:  4637 17:09:03    -2397.814809        0.501272
MDMin:  4638 17:09:05    -2397.814164        0.227346
MDMin:  4639 17:09:07    -2397.814555        0.225612
MDMin:  4640 17:09:09    -2397.815023        0.501679
MDMin:  4641 17:09:10    -2397.814067        0.228109
MDMin:  4642 17:09:12    -2397.814456        0.226336
MDMin:  4643 17:09:14    -2397.815235        0.502245
MDMin:  4644 17:09:15    -2397.813965        0.228714
MDMin:  4645 17:09:17    -2397.814352        0.226916
MDMin:  4646 17:09:18    -2397.815131        0.223567
MDMin:  4647 17:09:19    -2397.815197        0.513334
MDMin:  4648 17:09:21    -2397.815029        0.225095
MDMin:  4649 17:09:22    -2397.815407        0.223591
MDMin:  4650 17:09:23    -2397.815396        0.512975
MDMin:  4651 17:09:25    -2397.814891        0.226519
MDMin:  4652 17:09:26    -2397.815267        0.224922
MDMin:  4653 17:09:28    -2397.815602        0.512810
MDMin:  4654 17:09:30    -2397.814750        0.227592
MDMin:  4655 17:09:32    -2397.815124        0.225932
MDMin:  4656 17:09:34    -2397.815806        0.512895
MDMin:  4657 17:09:36    -2397.814605        0.228423
MDMin:  4658 17:09:38    -2397.814978        0.226721
MDMin:  4659 17:09:40    -2397.815735        0.223510
MDMin:  4660 17:09:42    -2397.815746        0.523141
MDMin:  4661 17:09:43    -2397.815607        0.225063
MDMin:  4662 17:09:46    -2397.815971        0.223621
MDMin:  4663 17:09:48    -2397.815935        0.522553
MDMin:  4664 17:09:50    -2397.815429        0.226560
MDMin:  4665 17:09:52    -2397.815792        0.225025
MDMin:  4666 17:09:54    -2397.816134        0.522102
MDMin:  4667 17:09:56    -2397.815249        0.227700
MDMin:  4668 17:09:58    -2397.815610        0.226099
MDMin:  4669 17:10:00    -2397.816331        0.521917
MDMin:  4670 17:10:02    -2397.815066        0.228589
MDMin:  4671 17:10:04    -2397.815426        0.226944
MDMin:  4672 17:10:06    -2397.816164        0.223800
MDMin:  4673 17:10:08    -2397.816253        0.531585
MDMin:  4674 17:10:10    -2397.816013        0.225295
MDMin:  4675 17:10:12    -2397.816366        0.223894
MDMin:  4676 17:10:14    -2397.816434        0.530865
MDMin:  4677 17:10:16    -2397.815801        0.226808
MDMin:  4678 17:10:18    -2397.816151        0.225316
MDMin:  4679 17:10:20    -2397.816627        0.530211
MDMin:  4680 17:10:22    -2397.815585        0.227973
MDMin:  4681 17:10:24    -2397.815935        0.226416
MDMin:  4682 17:10:26    -2397.816657        0.223417
MDMin:  4683 17:10:29    -2397.816535        0.539121
MDMin:  4684 17:10:31    -2397.816484        0.225011
MDMin:  4685 17:10:33    -2397.816827        0.223666
MDMin:  4686 17:10:35    -2397.816710        0.538170
MDMin:  4687 17:10:36    -2397.816242        0.226623
MDMin:  4688 17:10:38    -2397.816583        0.225184
MDMin:  4689 17:10:39    -2397.816900        0.537265
MDMin:  4690 17:10:41    -2397.815997        0.227871
MDMin:  4691 17:10:42    -2397.816337        0.226364
MDMin:  4692 17:10:43    -2397.817045        0.223432
MDMin:  4693 17:10:45    -2397.816797        0.545679
MDMin:  4694 17:10:46    -2397.816853        0.225022
MDMin:  4695 17:10:47    -2397.817161        0.538662
MDMin:  4696 17:10:49    -2397.815847        0.229289
MDMin:  4697 17:10:50    -2397.816182        0.227723
MDMin:  4698 17:10:51    -2397.816884        0.224651
MDMin:  4699 17:10:53    -2397.817071        0.547040
MDMin:  4700 17:10:54    -2397.816690        0.225967
MDMin:  4701 17:10:55    -2397.817021        0.224622
MDMin:  4702 17:10:56    -2397.817239        0.546134
MDMin:  4703 17:10:58    -2397.816412        0.227451
MDMin:  4704 17:10:59    -2397.816741        0.226028
MDMin:  4705 17:11:00    -2397.817425        0.545153
MDMin:  4706 17:11:01    -2397.816131        0.228625
MDMin:  4707 17:11:03    -2397.816460        0.227143
MDMin:  4708 17:11:04    -2397.817150        0.224218
MDMin:  4709 17:11:06    -2397.817308        0.553227
MDMin:  4710 17:11:07    -2397.816940        0.225676
MDMin:  4711 17:11:08    -2397.817263        0.224386
MDMin:  4712 17:11:09    -2397.817472        0.552113
MDMin:  4713 17:11:11    -2397.816638        0.227284
MDMin:  4714 17:11:13    -2397.816959        0.225909
MDMin:  4715 17:11:15    -2397.817637        0.223185
MDMin:  4716 17:11:17    -2397.817347        0.559333
MDMin:  4717 17:11:19    -2397.817406        0.224884
MDMin:  4718 17:11:21    -2397.817714        0.552375
MDMin:  4719 17:11:23    -2397.816360        0.229214
MDMin:  4720 17:11:25    -2397.816677        0.227752
MDMin:  4721 17:11:27    -2397.817350        0.224825
MDMin:  4722 17:11:28    -2397.817609        0.559702
MDMin:  4723 17:11:30    -2397.817118        0.226157
MDMin:  4724 17:11:31    -2397.817433        0.224879
MDMin:  4725 17:11:32    -2397.817770        0.558552
MDMin:  4726 17:11:33    -2397.816788        0.227713
MDMin:  4727 17:11:35    -2397.817100        0.226359
MDMin:  4728 17:11:36    -2397.817765        0.223648
MDMin:  4729 17:11:37    -2397.817637        0.565473
MDMin:  4730 17:11:38    -2397.817516        0.225266
MDMin:  4731 17:11:40    -2397.817825        0.224059
MDMin:  4732 17:11:41    -2397.817797        0.564007
MDMin:  4733 17:11:42    -2397.817164        0.227029
MDMin:  4734 17:11:44    -2397.817470        0.225734
MDMin:  4735 17:11:45    -2397.817982        0.562431
MDMin:  4736 17:11:46    -2397.816809        0.228437
MDMin:  4737 17:11:48    -2397.817116        0.227073
MDMin:  4738 17:11:50    -2397.817772        0.224320
MDMin:  4739 17:11:51    -2397.817844        0.569315
MDMin:  4740 17:11:52    -2397.817511        0.225800
MDMin:  4741 17:11:53    -2397.817815        0.224591
MDMin:  4742 17:11:55    -2397.818002        0.567879
MDMin:  4743 17:11:56    -2397.817142        0.227497
MDMin:  4744 17:11:57    -2397.817443        0.226209
MDMin:  4745 17:11:59    -2397.818088        0.223597
MDMin:  4746 17:12:00    -2397.817860        0.574144
MDMin:  4747 17:12:01    -2397.817811        0.225248
MDMin:  4748 17:12:03    -2397.818110        0.224086
MDMin:  4749 17:12:04    -2397.818019        0.572494
MDMin:  4750 17:12:05    -2397.817423        0.227070
MDMin:  4751 17:12:06    -2397.817719        0.225822
MDMin:  4752 17:12:08    -2397.818205        0.570698
MDMin:  4753 17:12:09    -2397.817032        0.228539
MDMin:  4754 17:12:10    -2397.817327        0.227222
MDMin:  4755 17:12:11    -2397.817966        0.224532
MDMin:  4756 17:12:13    -2397.818061        0.577080
MDMin:  4757 17:12:14    -2397.817681        0.225995
MDMin:  4758 17:12:15    -2397.817975        0.224819
MDMin:  4759 17:12:17    -2397.818219        0.575520
MDMin:  4760 17:12:19    -2397.817278        0.227716
MDMin:  4761 17:12:22    -2397.817569        0.226466
MDMin:  4762 17:12:23    -2397.818199        0.223901
MDMin:  4763 17:12:26    -2397.818072        0.581361
MDMin:  4764 17:12:27    -2397.817898        0.225519
MDMin:  4765 17:12:29    -2397.818187        0.224385
MDMin:  4766 17:12:31    -2397.818230        0.579614
MDMin:  4767 17:12:33    -2397.817478        0.227354
MDMin:  4768 17:12:35    -2397.817764        0.226139
MDMin:  4769 17:12:36    -2397.818386        0.223636
MDMin:  4770 17:12:38    -2397.818082        0.585116
MDMin:  4771 17:12:40    -2397.818072        0.225311
MDMin:  4772 17:12:42    -2397.818357        0.224200
MDMin:  4773 17:12:44    -2397.818242        0.583256
MDMin:  4774 17:12:46    -2397.817636        0.227194
MDMin:  4775 17:12:48    -2397.817918        0.226002
MDMin:  4776 17:12:50    -2397.818432        0.581205
MDMin:  4777 17:12:52    -2397.817197        0.228732
MDMin:  4778 17:12:54    -2397.817479        0.227471
MDMin:  4779 17:12:56    -2397.818097        0.224857
MDMin:  4780 17:12:58    -2397.818284        0.586981
MDMin:  4781 17:13:00    -2397.817778        0.226298
MDMin:  4782 17:13:02    -2397.818059        0.225163
MDMin:  4783 17:13:04    -2397.818443        0.585273
MDMin:  4784 17:13:07    -2397.817330        0.228046
MDMin:  4785 17:13:08    -2397.817609        0.226843
MDMin:  4786 17:13:10    -2397.818219        0.224336
MDMin:  4787 17:13:12    -2397.818294        0.590595
MDMin:  4788 17:13:14    -2397.817887        0.225914
MDMin:  4789 17:13:16    -2397.818164        0.224814
MDMin:  4790 17:13:18    -2397.818455        0.588734
MDMin:  4791 17:13:21    -2397.817425        0.227762
MDMin:  4792 17:13:22    -2397.817699        0.226588
MDMin:  4793 17:13:24    -2397.818302        0.224136
MDMin:  4794 17:13:26    -2397.818305        0.593776
MDMin:  4795 17:13:28    -2397.817958        0.225764
MDMin:  4796 17:13:30    -2397.818232        0.224684
MDMin:  4797 17:13:32    -2397.818468        0.591823
MDMin:  4798 17:13:33    -2397.817483        0.227655
MDMin:  4799 17:13:34    -2397.817754        0.226500
MDMin:  4800 17:13:36    -2397.818351        0.224079
MDMin:  4801 17:13:38    -2397.818318        0.596665
MDMin:  4802 17:13:40    -2397.817996        0.225724
MDMin:  4803 17:13:42    -2397.818266        0.224658
MDMin:  4804 17:13:44    -2397.818483        0.594652
MDMin:  4805 17:13:46    -2397.817507        0.227635
MDMin:  4806 17:13:48    -2397.817774        0.226495
MDMin:  4807 17:13:50    -2397.818365        0.224096
MDMin:  4808 17:13:52    -2397.818334        0.599333
MDMin:  4809 17:13:54    -2397.818000        0.225743
MDMin:  4810 17:13:56    -2397.818268        0.224688
MDMin:  4811 17:13:58    -2397.818501        0.597274
MDMin:  4812 17:14:00    -2397.817499        0.227665
MDMin:  4813 17:14:01    -2397.817763        0.226537
MDMin:  4814 17:14:03    -2397.818349        0.224155
MDMin:  4815 17:14:05    -2397.818353        0.601819
MDMin:  4816 17:14:07    -2397.817974        0.225799
MDMin:  4817 17:14:09    -2397.818239        0.224753
MDMin:  4818 17:14:10    -2397.818522        0.599726
MDMin:  4819 17:14:12    -2397.817461        0.227727
MDMin:  4820 17:14:14    -2397.817723        0.226610
MDMin:  4821 17:14:16    -2397.818303        0.224242
MDMin:  4822 17:14:18    -2397.818376        0.604151
MDMin:  4823 17:14:20    -2397.817919        0.225879
MDMin:  4824 17:14:21    -2397.818181        0.224841
MDMin:  4825 17:14:23    -2397.818546        0.602029
MDMin:  4826 17:14:24    -2397.817395        0.227811
MDMin:  4827 17:14:26    -2397.817654        0.226704
MDMin:  4828 17:14:28    -2397.818229        0.224349
MDMin:  4829 17:14:29    -2397.818402        0.606348
MDMin:  4830 17:14:31    -2397.817837        0.225978
MDMin:  4831 17:14:33    -2397.818096        0.224948
MDMin:  4832 17:14:35    -2397.818574        0.604203
MDMin:  4833 17:14:37    -2397.817302        0.227911
MDMin:  4834 17:14:39    -2397.817558        0.226814
MDMin:  4835 17:14:40    -2397.818129        0.224471
MDMin:  4836 17:14:42    -2397.818432        0.608425
MDMin:  4837 17:14:43    -2397.817728        0.226090
MDMin:  4838 17:14:44    -2397.817985        0.225067
MDMin:  4839 17:14:45    -2397.818552        0.222904
MDMin:  4840 17:14:47    -2397.818250        0.612630
MDMin:  4841 17:14:49    -2397.818139        0.224817
MDMin:  4842 17:14:51    -2397.818392        0.223852
MDMin:  4843 17:14:53    -2397.818428        0.610172
MDMin:  4844 17:14:55    -2397.817579        0.226962
MDMin:  4845 17:14:56    -2397.817829        0.225918
MDMin:  4846 17:14:58    -2397.818388        0.223681
MDMin:  4847 17:15:00    -2397.818290        0.613875
MDMin:  4848 17:15:02    -2397.817963        0.225435
MDMin:  4849 17:15:03    -2397.818214        0.224448
MDMin:  4850 17:15:05    -2397.818471        0.611517
MDMin:  4851 17:15:06    -2397.817394        0.227468
MDMin:  4852 17:15:08    -2397.817642        0.226412
MDMin:  4853 17:15:09    -2397.818198        0.224143
MDMin:  4854 17:15:10    -2397.818336        0.615293
MDMin:  4855 17:15:12    -2397.817767        0.225814
MDMin:  4856 17:15:14    -2397.818016        0.224822
MDMin:  4857 17:15:16    -2397.818519        0.612981
MDMin:  4858 17:15:18    -2397.817190        0.227800
MDMin:  4859 17:15:19    -2397.817435        0.226743
MDMin:  4860 17:15:21    -2397.817988        0.224464
MDMin:  4861 17:15:23    -2397.818386        0.616758
MDMin:  4862 17:15:25    -2397.817551        0.226094
MDMin:  4863 17:15:27    -2397.817798        0.225102
MDMin:  4864 17:15:29    -2397.818348        0.222985
MDMin:  4865 17:15:30    -2397.818212        0.620599
MDMin:  4866 17:15:32    -2397.817900        0.224887
MDMin:  4867 17:15:34    -2397.818144        0.223948
MDMin:  4868 17:15:36    -2397.818401        0.618040
MDMin:  4869 17:15:39    -2397.817302        0.227047
MDMin:  4870 17:15:40    -2397.817542        0.226036
MDMin:  4871 17:15:42    -2397.818084        0.223844
MDMin:  4872 17:15:44    -2397.818274        0.621401
MDMin:  4873 17:15:46    -2397.817626        0.225584
MDMin:  4874 17:15:48    -2397.817868        0.224623
MDMin:  4875 17:15:50    -2397.818408        0.222563
MDMin:  4876 17:15:52    -2397.818106        0.624927
MDMin:  4877 17:15:53    -2397.817941        0.224527
MDMin:  4878 17:15:55    -2397.818180        0.223610
MDMin:  4879 17:15:57    -2397.818301        0.622255
MDMin:  4880 17:15:58    -2397.817322        0.226737
MDMin:  4881 17:16:00    -2397.817557        0.225746
MDMin:  4882 17:16:02    -2397.818091        0.223593
MDMin:  4883 17:16:04    -2397.818181        0.625381
MDMin:  4884 17:16:06    -2397.817615        0.225363
MDMin:  4885 17:16:08    -2397.817852        0.224417
MDMin:  4886 17:16:10    -2397.818379        0.622856
MDMin:  4887 17:16:11    -2397.816989        0.227434
MDMin:  4888 17:16:13    -2397.817223        0.226426
MDMin:  4889 17:16:14    -2397.817754        0.224227
MDMin:  4890 17:16:15    -2397.818262        0.626132
MDMin:  4891 17:16:17    -2397.817275        0.225894
MDMin:  4892 17:16:18    -2397.817511        0.224939
MDMin:  4893 17:16:20    -2397.818041        0.222881
MDMin:  4894 17:16:21    -2397.818102        0.629561
MDMin:  4895 17:16:23    -2397.817553        0.224790
MDMin:  4896 17:16:24    -2397.817786        0.223881
MDMin:  4897 17:16:25    -2397.818305        0.626881
MDMin:  4898 17:16:26    -2397.816909        0.226976
MDMin:  4899 17:16:27    -2397.817139        0.225999
MDMin:  4900 17:16:29    -2397.817662        0.223861
MDMin:  4901 17:16:31    -2397.818195        0.629872
MDMin:  4902 17:16:32    -2397.817165        0.225598
MDMin:  4903 17:16:33    -2397.817397        0.224665
MDMin:  4904 17:16:35    -2397.817919        0.222647
MDMin:  4905 17:16:36    -2397.818041        0.633087
MDMin:  4906 17:16:37    -2397.817414        0.224592
MDMin:  4907 17:16:39    -2397.817643        0.223699
MDMin:  4908 17:16:41    -2397.818159        0.221769
MDMin:  4909 17:16:43    -2397.817891        0.635933
MDMin:  4910 17:16:45    -2397.817641        0.223855
MDMin:  4911 17:16:47    -2397.817867        0.222989
MDMin:  4912 17:16:49    -2397.818105        0.633030
MDMin:  4913 17:16:51    -2397.816968        0.226167
MDMin:  4914 17:16:53    -2397.817191        0.225227
MDMin:  4915 17:16:55    -2397.817701        0.223162
MDMin:  4916 17:16:56    -2397.818006        0.635631
MDMin:  4917 17:16:57    -2397.817177        0.224986
MDMin:  4918 17:16:59    -2397.817402        0.224079
MDMin:  4919 17:17:00    -2397.817912        0.222113
MDMin:  4920 17:17:02    -2397.817864        0.638530
MDMin:  4921 17:17:04    -2397.817380        0.224109
MDMin:  4922 17:17:05    -2397.817603        0.223238
MDMin:  4923 17:17:07    -2397.818083        0.635662
MDMin:  4924 17:17:09    -2397.816693        0.226368
MDMin:  4925 17:17:10    -2397.816913        0.225429
MDMin:  4926 17:17:12    -2397.817416        0.223358
MDMin:  4927 17:17:14    -2397.817992        0.638240
MDMin:  4928 17:17:15    -2397.816879        0.225139
MDMin:  4929 17:17:17    -2397.817101        0.224235
MDMin:  4930 17:17:19    -2397.817604        0.222268
MDMin:  4931 17:17:20    -2397.817856        0.641105
MDMin:  4932 17:17:22    -2397.817060        0.224233
MDMin:  4933 17:17:24    -2397.817281        0.223366
MDMin:  4934 17:17:25    -2397.817778        0.221477
MDMin:  4935 17:17:27    -2397.817723        0.643647
MDMin:  4936 17:17:28    -2397.817222        0.223569
MDMin:  4937 17:17:30    -2397.817440        0.222724
MDMin:  4938 17:17:32    -2397.817933        0.220885
MDMin:  4939 17:17:34    -2397.817596        0.645952
MDMin:  4940 17:17:36    -2397.817364        0.223055
MDMin:  4941 17:17:37    -2397.817580        0.222226
MDMin:  4942 17:17:40    -2397.817830        0.642858
MDMin:  4943 17:17:41    -2397.816642        0.225436
MDMin:  4944 17:17:43    -2397.816855        0.224535
MDMin:  4945 17:17:45    -2397.817343        0.222539
MDMin:  4946 17:17:47    -2397.817755        0.645034
MDMin:  4947 17:17:49    -2397.816771        0.224407
MDMin:  4948 17:17:51    -2397.816986        0.223532
MDMin:  4949 17:17:53    -2397.817475        0.221620
MDMin:  4950 17:17:55    -2397.817635        0.647565
MDMin:  4951 17:17:57    -2397.816898        0.223636
MDMin:  4952 17:17:59    -2397.817111        0.222791
MDMin:  4953 17:18:01    -2397.817594        0.220944
MDMin:  4954 17:18:03    -2397.817519        0.649828
MDMin:  4955 17:18:05    -2397.817006        0.223066
MDMin:  4956 17:18:07    -2397.817217        0.222241
MDMin:  4957 17:18:09    -2397.817696        0.220435
MDMin:  4958 17:18:11    -2397.817408        0.651895
MDMin:  4959 17:18:13    -2397.817097        0.222622
MDMin:  4960 17:18:15    -2397.817306        0.221810
MDMin:  4961 17:18:16    -2397.817655        0.648718
MDMin:  4962 17:18:17    -2397.816345        0.225022
MDMin:  4963 17:18:19    -2397.816551        0.224139
MDMin:  4964 17:18:21    -2397.817026        0.222176
MDMin:  4965 17:18:22    -2397.817596        0.650686
MDMin:  4966 17:18:24    -2397.816425        0.224056
MDMin:  4967 17:18:25    -2397.816634        0.223196
MDMin:  4968 17:18:27    -2397.817109        0.221310
MDMin:  4969 17:18:29    -2397.817491        0.653030
MDMin:  4970 17:18:31    -2397.816504        0.223330
MDMin:  4971 17:18:32    -2397.816711        0.222499
MDMin:  4972 17:18:34    -2397.817182        0.220674
MDMin:  4973 17:18:36    -2397.817390        0.655128
MDMin:  4974 17:18:38    -2397.816566        0.222794
MDMin:  4975 17:18:40    -2397.816771        0.221981
MDMin:  4976 17:18:42    -2397.817238        0.220196
MDMin:  4977 17:18:43    -2397.817294        0.657046
MDMin:  4978 17:18:44    -2397.816613        0.222377
MDMin:  4979 17:18:46    -2397.816816        0.221576
MDMin:  4980 17:18:47    -2397.817279        0.219816
MDMin:  4981 17:18:48    -2397.817204        0.658829
MDMin:  4982 17:18:50    -2397.816644        0.222036
MDMin:  4983 17:18:51    -2397.816846        0.221243
MDMin:  4984 17:18:53    -2397.817305        0.219501
MDMin:  4985 17:18:56    -2397.817118        0.660510
MDMin:  4986 17:18:57    -2397.816661        0.221747
MDMin:  4987 17:19:00    -2397.816861        0.220961
MDMin:  4988 17:19:02    -2397.817316        0.219232
MDMin:  4989 17:19:03    -2397.817036        0.662105
MDMin:  4990 17:19:06    -2397.816663        0.221496
MDMin:  4991 17:19:07    -2397.816862        0.220714
MDMin:  4992 17:19:10    -2397.817307        0.658753
MDMin:  4993 17:19:12    -2397.815860        0.223953
MDMin:  4994 17:19:14    -2397.816055        0.223103
MDMin:  4995 17:19:16    -2397.816508        0.221202
MDMin:  4996 17:19:17    -2397.817209        0.218493
MDMin:  4997 17:19:19    -2397.816808        0.666799
MDMin:  4998 17:19:22    -2397.816882        0.219743
MDMin:  4999 17:19:24    -2397.817081        0.219009
MDMin:  5000 17:19:26    -2397.817040        0.663791
