       Step     Time          Energy          fmax
MDMin:    0 00:54:30    -2394.096632        7.458950
MDMin:    1 00:54:33    -2394.100171        7.421569
MDMin:    2 00:54:35    -2394.110536        6.964322
MDMin:    3 00:54:37    -2394.127098        7.193461
MDMin:    4 00:54:39    -2394.149244        6.293702
MDMin:    5 00:54:41    -2394.176841        6.537692
MDMin:    6 00:54:43    -2394.210092        5.368480
MDMin:    7 00:54:45    -2394.250689        5.381814
MDMin:    8 00:54:46    -2394.300605        3.359286
MDMin:    9 00:54:48    -2394.373367        4.546943
MDMin:   10 00:54:49    -2394.468189        2.709956
MDMin:   11 00:54:51    -2394.623151        1.515520
MDMin:   12 00:54:52    -2394.738892        2.242303
MDMin:   13 00:54:54    -2394.818106        2.689922
MDMin:   14 00:54:55    -2394.898554        2.693830
MDMin:   15 00:54:56    -2394.997918        2.124383
MDMin:   16 00:54:58    -2395.144075        1.661482
MDMin:   17 00:55:00    -2395.371537        2.008982
MDMin:   18 00:55:02    -2395.680468        2.173725
MDMin:   19 00:55:03    -2395.995983        1.945614
MDMin:   20 00:55:05    -2396.115233        1.655503
MDMin:   21 00:55:07    -2396.203175        1.549584
MDMin:   22 00:55:09    -2396.276955        1.520819
MDMin:   23 00:55:11    -2396.334663        1.489993
MDMin:   24 00:55:12    -2396.391495        1.430266
MDMin:   25 00:55:15    -2396.454901        1.444176
MDMin:   26 00:55:16    -2396.528461        1.484664
MDMin:   27 00:55:18    -2396.615046        1.535872
MDMin:   28 00:55:19    -2396.716423        1.584319
MDMin:   29 00:55:21    -2396.830437        1.598960
MDMin:   30 00:55:22    -2396.947297        1.546194
MDMin:   31 00:55:24    -2397.050538        1.428449
MDMin:   32 00:55:26    -2397.123841        1.302548
MDMin:   33 00:55:27    -2397.167904        1.213349
MDMin:   34 00:55:28    -2397.182932        1.137314
MDMin:   35 00:55:30    -2397.196202        1.038362
MDMin:   36 00:55:32    -2397.209547        0.936202
MDMin:   37 00:55:34    -2397.222763        0.835345
MDMin:   38 00:55:36    -2397.235515        0.740084
MDMin:   39 00:55:37    -2397.244636        0.653097
MDMin:   40 00:55:39    -2397.249332        0.577017
MDMin:   41 00:55:41    -2397.253281        0.536904
MDMin:   42 00:55:43    -2397.255783        0.532501
MDMin:   43 00:55:44    -2397.257520        0.530689
MDMin:   44 00:55:46    -2397.259319        0.529576
MDMin:   45 00:55:48    -2397.261259        0.529025
MDMin:   46 00:55:49    -2397.263325        0.528883
MDMin:   47 00:55:51    -2397.265498        0.528809
MDMin:   48 00:55:53    -2397.267753        0.528276
MDMin:   49 00:55:55    -2397.270069        0.526656
MDMin:   50 00:55:57    -2397.272426        0.523345
MDMin:   51 00:55:59    -2397.274802        0.517853
MDMin:   52 00:56:00    -2397.277164        0.509842
MDMin:   53 00:56:02    -2397.279425        0.499359
MDMin:   54 00:56:04    -2397.281298        0.488319
MDMin:   55 00:56:05    -2397.282431        0.480637
MDMin:   56 00:56:06    -2397.283290        0.474240
MDMin:   57 00:56:08    -2397.284204        0.466799
MDMin:   58 00:56:10    -2397.285208        0.457864
MDMin:   59 00:56:12    -2397.286302        0.447258
MDMin:   60 00:56:13    -2397.287481        0.434876
MDMin:   61 00:56:15    -2397.288742        0.420693
MDMin:   62 00:56:17    -2397.290081        0.404787
MDMin:   63 00:56:19    -2397.291494        0.388238
MDMin:   64 00:56:20    -2397.292978        0.410439
MDMin:   65 00:56:22    -2397.294526        0.432874
MDMin:   66 00:56:24    -2397.296131        0.455004
MDMin:   67 00:56:25    -2397.297760        0.475984
MDMin:   68 00:56:27    -2397.299301        0.493982
MDMin:   69 00:56:28    -2397.300483        0.506020
MDMin:   70 00:56:29    -2397.301228        0.512668
MDMin:   71 00:56:31    -2397.301934        0.518548
MDMin:   72 00:56:33    -2397.302712        0.524548
MDMin:   73 00:56:34    -2397.303574        0.530452
MDMin:   74 00:56:36    -2397.304519        0.535824
MDMin:   75 00:56:38    -2397.305548        0.540071
MDMin:   76 00:56:40    -2397.306659        0.542431
MDMin:   77 00:56:41    -2397.307853        0.541970
MDMin:   78 00:56:43    -2397.309128        0.537600
MDMin:   79 00:56:44    -2397.310485        0.528161
MDMin:   80 00:56:45    -2397.311923        0.512638
MDMin:   81 00:56:46    -2397.313435        0.490578
MDMin:   82 00:56:47    -2397.314989        0.480009
MDMin:   83 00:56:49    -2397.316456        0.481442
MDMin:   84 00:56:50    -2397.317535        0.481289
MDMin:   85 00:56:52    -2397.318239        0.480739
MDMin:   86 00:56:54    -2397.318962        0.479915
MDMin:   87 00:56:56    -2397.319773        0.478835
MDMin:   88 00:56:58    -2397.320681        0.477639
MDMin:   89 00:57:00    -2397.321690        0.476587
MDMin:   90 00:57:02    -2397.322803        0.476051
MDMin:   91 00:57:04    -2397.323719        0.476491
MDMin:   92 00:57:06    -2397.324743        0.478357
MDMin:   93 00:57:08    -2397.325883        0.482014
MDMin:   94 00:57:09    -2397.327145        0.487603
MDMin:   95 00:57:11    -2397.328533        0.494893
MDMin:   96 00:57:13    -2397.330043        0.503165
MDMin:   97 00:57:14    -2397.331626        0.511182
MDMin:   98 00:57:16    -2397.333085        0.517331
MDMin:   99 00:57:18    -2397.334121        0.520856
MDMin:  100 00:57:20    -2397.334953        0.523249
MDMin:  101 00:57:22    -2397.335860        0.525473
MDMin:  102 00:57:23    -2397.336897        0.527535
MDMin:  103 00:57:25    -2397.338085        0.529269
MDMin:  104 00:57:26    -2397.339439        0.530418
MDMin:  105 00:57:27    -2397.340978        0.530608
MDMin:  106 00:57:29    -2397.342721        0.529302
MDMin:  107 00:57:31    -2397.344692        0.525813
MDMin:  108 00:57:33    -2397.346916        0.519449
MDMin:  109 00:57:35    -2397.349417        0.509852
MDMin:  110 00:57:36    -2397.352208        0.497502
MDMin:  111 00:57:38    -2397.355258        0.484207
MDMin:  112 00:57:40    -2397.358387        0.473045
MDMin:  113 00:57:41    -2397.361140        0.501689
MDMin:  114 00:57:43    -2397.363262        0.522841
MDMin:  115 00:57:45    -2397.365269        0.541318
MDMin:  116 00:57:46    -2397.367485        0.560293
MDMin:  117 00:57:48    -2397.369999        0.580150
MDMin:  118 00:57:50    -2397.372851        0.600672
MDMin:  119 00:57:52    -2397.376077        0.621543
MDMin:  120 00:57:53    -2397.379709        0.642439
MDMin:  121 00:57:54    -2397.383785        0.663067
MDMin:  122 00:57:55    -2397.388345        0.683155
MDMin:  123 00:57:57    -2397.393431        0.702455
MDMin:  124 00:57:59    -2397.399081        0.720728
MDMin:  125 00:58:01    -2397.405303        0.737731
MDMin:  126 00:58:02    -2397.412018        0.753120
MDMin:  127 00:58:04    -2397.418880        0.766292
MDMin:  128 00:58:06    -2397.425134        0.776398
MDMin:  129 00:58:07    -2397.430280        0.783621
MDMin:  130 00:58:09    -2397.435045        0.789718
MDMin:  131 00:58:10    -2397.440144        0.795862
MDMin:  132 00:58:12    -2397.445834        0.802371
MDMin:  133 00:58:14    -2397.452220        0.809313
MDMin:  134 00:58:16    -2397.459369        0.816686
MDMin:  135 00:58:17    -2397.467338        0.824443
MDMin:  136 00:58:19    -2397.476174        0.832495
MDMin:  137 00:58:21    -2397.485901        0.840851
MDMin:  138 00:58:22    -2397.495863        0.849125
MDMin:  139 00:58:24    -2397.504930        0.856559
MDMin:  140 00:58:26    -2397.514203        0.862206
MDMin:  141 00:58:28    -2397.522782        0.865414
MDMin:  142 00:58:29    -2397.523726        1.707471
MDMin:  143 00:58:30    -2397.527628        1.642428
MDMin:  144 00:58:32    -2397.532801        1.556922
MDMin:  145 00:58:33    -2397.538327        0.769857
MDMin:  146 00:58:35    -2397.537377        1.465034
MDMin:  147 00:58:37    -2397.539280        1.432865
MDMin:  148 00:58:39    -2397.542239        1.382071
MDMin:  149 00:58:41    -2397.546047        1.314839
MDMin:  150 00:58:43    -2397.550286        0.814533
MDMin:  151 00:58:45    -2397.548966        1.240396
MDMin:  152 00:58:47    -2397.550478        1.211963
MDMin:  153 00:58:48    -2397.552745        1.168156
MDMin:  154 00:58:50    -2397.555600        1.110708
MDMin:  155 00:58:52    -2397.558845        1.091283
MDMin:  156 00:58:54    -2397.562297        1.136258
MDMin:  157 00:58:56    -2397.565843        1.167978
MDMin:  158 00:58:57    -2397.569469        1.179309
MDMin:  159 00:58:59    -2397.573246        1.165780
MDMin:  160 00:59:00    -2397.577266        1.126359
MDMin:  161 00:59:02    -2397.581573        1.062798
MDMin:  162 00:59:04    -2397.586146        0.978120
MDMin:  163 00:59:06    -2397.590919        0.876115
MDMin:  164 00:59:08    -2397.595798        0.786082
MDMin:  165 00:59:09    -2397.600684        0.926210
MDMin:  166 00:59:10    -2397.605480        1.070295
MDMin:  167 00:59:11    -2397.610123        1.192690
MDMin:  168 00:59:13    -2397.614587        1.262597
MDMin:  169 00:59:14    -2397.618874        1.261082
MDMin:  170 00:59:15    -2397.622985        1.194014
MDMin:  171 00:59:17    -2397.626912        1.085996
MDMin:  172 00:59:18    -2397.630646        0.958259
MDMin:  173 00:59:20    -2397.625809        0.815310
MDMin:  174 00:59:22    -2397.631162        0.857873
MDMin:  175 00:59:24    -2397.611518        0.954165
MDMin:  176 00:59:26    -2397.617314        1.048752
MDMin:  177 00:59:27    -2397.621585        1.133784
MDMin:  178 00:59:29    -2397.625814        1.178968
MDMin:  179 00:59:31    -2397.629699        1.153872
MDMin:  180 00:59:33    -2397.630210        1.080305
MDMin:  181 00:59:34    -2397.626492        1.046786
MDMin:  182 00:59:36    -2397.627561        1.014179
MDMin:  183 00:59:37    -2397.628768        0.974583
MDMin:  184 00:59:38    -2397.630107        0.928103
MDMin:  185 00:59:39    -2397.630250        0.875173
MDMin:  186 00:59:41    -2397.624016        0.830604
MDMin:  187 00:59:43    -2397.625343        0.787329
MDMin:  188 00:59:44    -2397.626766        0.739349
MDMin:  189 00:59:46    -2397.628291        0.686970
MDMin:  190 00:59:47    -2397.629918        0.630429
MDMin:  191 00:59:48    -2397.629646        0.633838
MDMin:  192 00:59:49    -2397.623199        0.643484
MDMin:  193 00:59:51    -2397.624524        0.655007
MDMin:  194 00:59:53    -2397.625908        0.670955
MDMin:  195 00:59:54    -2397.627357        0.692410
MDMin:  196 00:59:55    -2397.628866        0.720209
MDMin:  197 00:59:56    -2397.629815        0.754358
MDMin:  198 00:59:58    -2397.622813        0.780704
MDMin:  199 01:00:00    -2397.623966        0.805538
MDMin:  200 01:00:01    -2397.625160        0.831357
MDMin:  201 01:00:03    -2397.626402        0.855744
MDMin:  202 01:00:05    -2397.627690        0.875419
MDMin:  203 01:00:07    -2397.629024        0.886761
MDMin:  204 01:00:09    -2397.630175        0.886639
MDMin:  205 01:00:11    -2397.622980        0.878208
MDMin:  206 01:00:13    -2397.624074        0.864236
MDMin:  207 01:00:15    -2397.625204        0.843049
MDMin:  208 01:00:16    -2397.626382        0.813810
MDMin:  209 01:00:18    -2397.627608        0.775921
MDMin:  210 01:00:20    -2397.628878        0.729316
MDMin:  211 01:00:22    -2397.630188        0.674392
MDMin:  212 01:00:23    -2397.631370        0.611973
MDMin:  213 01:00:25    -2397.624029        0.568341
MDMin:  214 01:00:27    -2397.625045        0.527125
MDMin:  215 01:00:29    -2397.626077        0.482670
MDMin:  216 01:00:30    -2397.627141        0.459106
MDMin:  217 01:00:32    -2397.628235        0.468387
MDMin:  218 01:00:33    -2397.629350        0.483488
MDMin:  219 01:00:34    -2397.630476        0.506325
MDMin:  220 01:00:36    -2397.631597        0.538176
MDMin:  221 01:00:38    -2397.632697        0.578496
MDMin:  222 01:00:40    -2397.633752        0.623522
MDMin:  223 01:00:42    -2397.634707        0.665325
MDMin:  224 01:00:43    -2397.635406        0.692910
MDMin:  225 01:00:45    -2397.635748        0.704244
MDMin:  226 01:00:47    -2397.636053        0.712941
MDMin:  227 01:00:48    -2397.636389        0.720675
MDMin:  228 01:00:49    -2397.636756        0.726532
MDMin:  229 01:00:51    -2397.637149        0.729285
MDMin:  230 01:00:52    -2397.637567        0.727542
MDMin:  231 01:00:53    -2397.638005        0.719840
MDMin:  232 01:00:55    -2397.638461        0.705040
MDMin:  233 01:00:57    -2397.638930        0.682922
MDMin:  234 01:00:59    -2397.639408        0.654731
MDMin:  235 01:01:01    -2397.639891        0.623243
MDMin:  236 01:01:02    -2397.640371        0.592051
MDMin:  237 01:01:04    -2397.640841        0.564461
MDMin:  238 01:01:06    -2397.641286        0.542173
MDMin:  239 01:01:08    -2397.641672        0.525709
MDMin:  240 01:01:09    -2397.641905        0.516365
MDMin:  241 01:01:10    -2397.641997        0.512628
MDMin:  242 01:01:12    -2397.642102        0.508330
MDMin:  243 01:01:14    -2397.642218        0.503528
MDMin:  244 01:01:15    -2397.642344        0.498198
MDMin:  245 01:01:17    -2397.642475        0.492266
MDMin:  246 01:01:19    -2397.642611        0.485600
MDMin:  247 01:01:21    -2397.642749        0.478013
MDMin:  248 01:01:23    -2397.642885        0.469268
MDMin:  249 01:01:25    -2397.643018        0.459090
MDMin:  250 01:01:27    -2397.643145        0.447191
MDMin:  251 01:01:28    -2397.643264        0.433306
MDMin:  252 01:01:31    -2397.643374        0.441928
MDMin:  253 01:01:33    -2397.643474        0.473964
MDMin:  254 01:01:35    -2397.643565        0.512997
MDMin:  255 01:01:36    -2397.643647        0.557116
MDMin:  256 01:01:38    -2397.643722        0.602624
MDMin:  257 01:01:40    -2397.643793        0.644421
MDMin:  258 01:01:42    -2397.643864        0.677199
MDMin:  259 01:01:44    -2397.643936        0.696055
MDMin:  260 01:01:46    -2397.644009        0.697587
MDMin:  261 01:01:47    -2397.644062        0.689125
MDMin:  262 01:01:49    -2397.644091        0.682170
MDMin:  263 01:01:50    -2397.644126        0.672345
MDMin:  264 01:01:51    -2397.644167        0.658863
MDMin:  265 01:01:52    -2397.644216        0.641204
MDMin:  266 01:01:54    -2397.644274        0.619165
MDMin:  267 01:01:55    -2397.644342        0.592990
MDMin:  268 01:01:57    -2397.644422        0.563432
MDMin:  269 01:01:58    -2397.644516        0.531673
MDMin:  270 01:01:59    -2397.644626        0.499109
MDMin:  271 01:02:00    -2397.644755        0.467069
MDMin:  272 01:02:02    -2397.644905        0.436574
MDMin:  273 01:02:04    -2397.645082        0.408245
MDMin:  274 01:02:06    -2397.645287        0.382393
MDMin:  275 01:02:08    -2397.645526        0.359176
MDMin:  276 01:02:09    -2397.645799        0.338875
MDMin:  277 01:02:10    -2397.646080        0.336424
MDMin:  278 01:02:11    -2397.646223        0.330007
MDMin:  279 01:02:13    -2397.646286        0.329497
MDMin:  280 01:02:14    -2397.646370        0.329025
MDMin:  281 01:02:15    -2397.646471        0.328768
MDMin:  282 01:02:16    -2397.646590        0.328902
MDMin:  283 01:02:18    -2397.646727        0.329649
MDMin:  284 01:02:19    -2397.646885        0.331291
MDMin:  285 01:02:21    -2397.647063        0.334181
MDMin:  286 01:02:22    -2397.647264        0.338752
MDMin:  287 01:02:24    -2397.647489        0.345532
MDMin:  288 01:02:27    -2397.647739        0.355143
MDMin:  289 01:02:28    -2397.648015        0.368288
MDMin:  290 01:02:29    -2397.648317        0.385708
MDMin:  291 01:02:31    -2397.648647        0.408079
MDMin:  292 01:02:32    -2397.649004        0.435839
MDMin:  293 01:02:35    -2397.649387        0.468916
MDMin:  294 01:02:36    -2397.649794        0.506416
MDMin:  295 01:02:38    -2397.650225        0.546404
MDMin:  296 01:02:40    -2397.650679        0.585995
MDMin:  297 01:02:41    -2397.651155        0.621823
MDMin:  298 01:02:43    -2397.651653        0.650487
MDMin:  299 01:02:45    -2397.652170        0.668432
MDMin:  300 01:02:47    -2397.652677        0.672306
MDMin:  301 01:02:49    -2397.653051        0.665526
MDMin:  302 01:02:50    -2397.653228        0.659565
MDMin:  303 01:02:52    -2397.653422        0.651268
MDMin:  304 01:02:53    -2397.653646        0.639711
MDMin:  305 01:02:55    -2397.653900        0.624357
MDMin:  306 01:02:57    -2397.654186        0.604909
MDMin:  307 01:02:59    -2397.654505        0.581420
MDMin:  308 01:03:00    -2397.654857        0.554356
MDMin:  309 01:03:02    -2397.655244        0.524584
MDMin:  310 01:03:03    -2397.655668        0.493158
MDMin:  311 01:03:05    -2397.656129        0.461123
MDMin:  312 01:03:06    -2397.656627        0.429333
MDMin:  313 01:03:07    -2397.657162        0.405271
MDMin:  314 01:03:08    -2397.657604        0.918466
MDMin:  315 01:03:10    -2397.657410        0.396962
MDMin:  316 01:03:11    -2397.657424        0.394711
MDMin:  317 01:03:13    -2397.657460        0.392394
MDMin:  318 01:03:15    -2397.657521        0.390137
MDMin:  319 01:03:17    -2397.657615        0.388100
MDMin:  320 01:03:19    -2397.657561        0.886565
MDMin:  321 01:03:21    -2397.657457        0.385957
MDMin:  322 01:03:23    -2397.657441        0.385575
MDMin:  323 01:03:25    -2397.657432        0.385317
MDMin:  324 01:03:27    -2397.657437        0.385296
MDMin:  325 01:03:28    -2397.657460        0.385643
MDMin:  326 01:03:29    -2397.657483        0.874231
MDMin:  327 01:03:31    -2397.657254        0.387069
MDMin:  328 01:03:32    -2397.657232        0.387756
MDMin:  329 01:03:34    -2397.657213        0.388766
MDMin:  330 01:03:35    -2397.657203        0.390200
MDMin:  331 01:03:37    -2397.657206        0.392180
MDMin:  332 01:03:38    -2397.657227        0.394843
MDMin:  333 01:03:39    -2397.657254        0.873297
MDMin:  334 01:03:41    -2397.657022        0.400102
MDMin:  335 01:03:42    -2397.657000        0.402030
MDMin:  336 01:03:43    -2397.656982        0.404557
MDMin:  337 01:03:44    -2397.656973        0.407773
MDMin:  338 01:03:46    -2397.656977        0.411779
MDMin:  339 01:03:47    -2397.657000        0.416675
MDMin:  340 01:03:49    -2397.657017        0.872039
MDMin:  341 01:03:50    -2397.656795        0.425440
MDMin:  342 01:03:51    -2397.656773        0.428493
MDMin:  343 01:03:52    -2397.656757        0.432332
MDMin:  344 01:03:54    -2397.656749        0.436998
MDMin:  345 01:03:56    -2397.656756        0.442522
MDMin:  346 01:03:57    -2397.656783        0.448907
MDMin:  347 01:03:59    -2397.656779        0.870681
MDMin:  348 01:04:00    -2397.656574        0.459624
MDMin:  349 01:04:02    -2397.656553        0.463227
MDMin:  350 01:04:05    -2397.656538        0.467545
MDMin:  351 01:04:06    -2397.656533        0.472509
MDMin:  352 01:04:08    -2397.656544        0.478001
MDMin:  353 01:04:09    -2397.656576        0.483837
MDMin:  354 01:04:11    -2397.656542        0.869149
MDMin:  355 01:04:12    -2397.656360        0.492458
MDMin:  356 01:04:13    -2397.656338        0.495017
MDMin:  357 01:04:15    -2397.656323        0.497746
MDMin:  358 01:04:16    -2397.656321        0.500417
MDMin:  359 01:04:18    -2397.656338        0.502743
MDMin:  360 01:04:19    -2397.656378        0.504376
MDMin:  361 01:04:20    -2397.656309        0.867421
MDMin:  362 01:04:22    -2397.656153        0.504618
MDMin:  363 01:04:23    -2397.656131        0.503910
MDMin:  364 01:04:24    -2397.656119        0.502590
MDMin:  365 01:04:26    -2397.656121        0.500457
MDMin:  366 01:04:27    -2397.656145        0.497321
MDMin:  367 01:04:28    -2397.656195        0.493030
MDMin:  368 01:04:30    -2397.656080        0.865486
MDMin:  369 01:04:32    -2397.655966        0.506350
MDMin:  370 01:04:34    -2397.655947        0.514838
MDMin:  371 01:04:35    -2397.655939        0.525375
MDMin:  372 01:04:36    -2397.655948        0.538330
MDMin:  373 01:04:38    -2397.655982        0.554201
MDMin:  374 01:04:39    -2397.655986        0.857189
MDMin:  375 01:04:41    -2397.655728        0.585878
MDMin:  376 01:04:43    -2397.655707        0.599322
MDMin:  377 01:04:45    -2397.655696        0.616155
MDMin:  378 01:04:47    -2397.655703        0.636878
MDMin:  379 01:04:49    -2397.655734        0.661970
MDMin:  380 01:04:51    -2397.655793        0.691742
MDMin:  381 01:04:53    -2397.655791        0.857821
MDMin:  382 01:04:54    -2397.655536        0.747822
MDMin:  383 01:04:56    -2397.655520        0.770084
MDMin:  384 01:04:59    -2397.655519        0.794728
MDMin:  385 01:05:01    -2397.655541        0.820312
MDMin:  386 01:05:02    -2397.655591        0.844507
MDMin:  387 01:05:03    -2397.655674        0.863938
MDMin:  388 01:05:05    -2397.655599        0.874134
MDMin:  389 01:05:06    -2397.655397        0.873299
MDMin:  390 01:05:08    -2397.655381        0.865579
MDMin:  391 01:05:10    -2397.655390        0.848144
MDMin:  392 01:05:12    -2397.655431        0.817899
MDMin:  393 01:05:14    -2397.655515        0.772404
MDMin:  394 01:05:16    -2397.655502        0.850111
MDMin:  395 01:05:17    -2397.655233        0.673257
MDMin:  396 01:05:18    -2397.655224        0.635293
MDMin:  397 01:05:19    -2397.655241        0.591829
MDMin:  398 01:05:21    -2397.655295        0.544168
MDMin:  399 01:05:23    -2397.655399        0.494186
MDMin:  400 01:05:26    -2397.655410        0.846167
MDMin:  401 01:05:27    -2397.655244        0.425687
MDMin:  402 01:05:28    -2397.655269        0.409616
MDMin:  403 01:05:30    -2397.655312        0.393942
MDMin:  404 01:05:32    -2397.655379        0.388524
MDMin:  405 01:05:34    -2397.655430        0.833310
MDMin:  406 01:05:35    -2397.655271        0.380318
MDMin:  407 01:05:37    -2397.655296        0.378143
MDMin:  408 01:05:38    -2397.655335        0.375404
MDMin:  409 01:05:39    -2397.655390        0.372160
MDMin:  410 01:05:41    -2397.655420        0.828415
MDMin:  411 01:05:42    -2397.655308        0.367057
MDMin:  412 01:05:44    -2397.655333        0.365614
MDMin:  413 01:05:46    -2397.655370        0.363702
MDMin:  414 01:05:48    -2397.655424        0.361369
MDMin:  415 01:05:50    -2397.655395        0.826478
MDMin:  416 01:05:51    -2397.655356        0.357634
MDMin:  417 01:05:53    -2397.655381        0.356557
MDMin:  418 01:05:54    -2397.655420        0.355092
MDMin:  419 01:05:56    -2397.655412        0.820654
MDMin:  420 01:05:58    -2397.655352        0.352506
MDMin:  421 01:06:00    -2397.655374        0.351660
MDMin:  422 01:06:02    -2397.655410        0.350469
MDMin:  423 01:06:04    -2397.655423        0.817062
MDMin:  424 01:06:05    -2397.655342        0.348316
MDMin:  425 01:06:08    -2397.655364        0.347597
MDMin:  426 01:06:10    -2397.655398        0.346571
MDMin:  427 01:06:12    -2397.655433        0.814227
MDMin:  428 01:06:14    -2397.655331        0.344701
MDMin:  429 01:06:16    -2397.655352        0.344077
MDMin:  430 01:06:17    -2397.655386        0.343176
MDMin:  431 01:06:19    -2397.655434        0.342019
MDMin:  432 01:06:21    -2397.655402        0.816768
MDMin:  433 01:06:23    -2397.655379        0.340107
MDMin:  434 01:06:24    -2397.655403        0.339551
MDMin:  435 01:06:26    -2397.655442        0.338750
MDMin:  436 01:06:28    -2397.655414        0.813113
MDMin:  437 01:06:30    -2397.655386        0.337282
MDMin:  438 01:06:32    -2397.655409        0.336798
MDMin:  439 01:06:33    -2397.655446        0.336082
MDMin:  440 01:06:35    -2397.655422        0.810751
MDMin:  441 01:06:36    -2397.655391        0.334738
MDMin:  442 01:06:37    -2397.655414        0.334284
MDMin:  443 01:06:38    -2397.655451        0.333604
MDMin:  444 01:06:40    -2397.655429        0.808785
MDMin:  445 01:06:42    -2397.655398        0.332304
MDMin:  446 01:06:43    -2397.655421        0.331861
MDMin:  447 01:06:44    -2397.655458        0.331186
MDMin:  448 01:06:45    -2397.655437        0.807062
MDMin:  449 01:06:47    -2397.655406        0.329876
MDMin:  450 01:06:48    -2397.655429        0.329425
MDMin:  451 01:06:50    -2397.655467        0.328730
MDMin:  452 01:06:52    -2397.655444        0.805529
MDMin:  453 01:06:55    -2397.655417        0.327361
MDMin:  454 01:06:57    -2397.655441        0.326887
MDMin:  455 01:06:59    -2397.655479        0.326149
MDMin:  456 01:07:01    -2397.655451        0.804152
MDMin:  457 01:07:02    -2397.655431        0.324683
MDMin:  458 01:07:03    -2397.655455        0.324173
MDMin:  459 01:07:05    -2397.655486        0.798678
MDMin:  460 01:07:07    -2397.655401        0.322953
MDMin:  461 01:07:08    -2397.655423        0.322443
MDMin:  462 01:07:09    -2397.655459        0.321627
MDMin:  463 01:07:11    -2397.655491        0.798854
MDMin:  464 01:07:13    -2397.655410        0.319965
MDMin:  465 01:07:15    -2397.655434        0.319380
MDMin:  466 01:07:17    -2397.655472        0.318453
MDMin:  467 01:07:19    -2397.655499        0.798281
MDMin:  468 01:07:21    -2397.655426        0.316579
MDMin:  469 01:07:23    -2397.655451        0.315930
MDMin:  470 01:07:24    -2397.655490        0.314898
MDMin:  471 01:07:25    -2397.655507        0.797650
MDMin:  472 01:07:27    -2397.655448        0.312816
MDMin:  473 01:07:28    -2397.655473        0.312099
MDMin:  474 01:07:29    -2397.655513        0.310957
MDMin:  475 01:07:30    -2397.655514        0.797032
MDMin:  476 01:07:31    -2397.655474        0.308657
MDMin:  477 01:07:33    -2397.655500        0.307870
MDMin:  478 01:07:34    -2397.655542        0.306615
MDMin:  479 01:07:35    -2397.655520        0.796438
MDMin:  480 01:07:37    -2397.655506        0.304093
MDMin:  481 01:07:39    -2397.655532        0.303237
MDMin:  482 01:07:40    -2397.655552        0.791565
MDMin:  483 01:07:42    -2397.655489        0.301153
MDMin:  484 01:07:43    -2397.655513        0.300298
MDMin:  485 01:07:45    -2397.655554        0.298908
MDMin:  486 01:07:47    -2397.655555        0.792263
MDMin:  487 01:07:49    -2397.655519        0.296103
MDMin:  488 01:07:50    -2397.655545        0.295153
MDMin:  489 01:07:52    -2397.655588        0.787788
MDMin:  490 01:07:54    -2397.655503        0.292832
MDMin:  491 01:07:56    -2397.655528        0.291888
MDMin:  492 01:07:57    -2397.655569        0.290351
MDMin:  493 01:07:59    -2397.655591        0.788853
MDMin:  494 01:08:01    -2397.655537        0.287268
MDMin:  495 01:08:02    -2397.655563        0.286238
MDMin:  496 01:08:03    -2397.655607        0.284584
MDMin:  497 01:08:05    -2397.655598        0.789116
MDMin:  498 01:08:06    -2397.655579        0.281310
MDMin:  499 01:08:07    -2397.655607        0.280238
MDMin:  500 01:08:09    -2397.655629        0.784799
MDMin:  501 01:08:11    -2397.655570        0.277623
MDMin:  502 01:08:12    -2397.655596        0.276576
MDMin:  503 01:08:14    -2397.655639        0.274867
MDMin:  504 01:08:16    -2397.655632        0.786039
MDMin:  505 01:08:18    -2397.655614        0.271473
MDMin:  506 01:08:19    -2397.655642        0.270363
MDMin:  507 01:08:21    -2397.655662        0.781994
MDMin:  508 01:08:22    -2397.655608        0.267652
MDMin:  509 01:08:24    -2397.655635        0.266575
MDMin:  510 01:08:25    -2397.655679        0.264813
MDMin:  511 01:08:27    -2397.655665        0.783468
MDMin:  512 01:08:29    -2397.655658        0.261331
MDMin:  513 01:08:30    -2397.655687        0.260207
MDMin:  514 01:08:31    -2397.655696        0.779595
MDMin:  515 01:08:33    -2397.655656        0.260307
MDMin:  516 01:08:34    -2397.655683        0.260923
MDMin:  517 01:08:36    -2397.655722        0.776654
MDMin:  518 01:08:38    -2397.655651        0.262448
MDMin:  519 01:08:39    -2397.655678        0.263050
MDMin:  520 01:08:41    -2397.655724        0.264036
MDMin:  521 01:08:43    -2397.655726        0.778646
MDMin:  522 01:08:45    -2397.655707        0.265956
MDMin:  523 01:08:47    -2397.655736        0.266559
MDMin:  524 01:08:49    -2397.655756        0.775095
MDMin:  525 01:08:51    -2397.655708        0.268030
MDMin:  526 01:08:53    -2397.655736        0.268599
MDMin:  527 01:08:55    -2397.655783        0.772414
MDMin:  528 01:08:56    -2397.655709        0.270013
MDMin:  529 01:08:58    -2397.655737        0.270566
MDMin:  530 01:08:59    -2397.655783        0.271474
MDMin:  531 01:09:00    -2397.655787        0.774723
MDMin:  532 01:09:02    -2397.655772        0.273236
MDMin:  533 01:09:03    -2397.655802        0.273780
MDMin:  534 01:09:04    -2397.655817        0.771401
MDMin:  535 01:09:05    -2397.655779        0.275113
MDMin:  536 01:09:07    -2397.655808        0.275623
MDMin:  537 01:09:08    -2397.655843        0.768905
MDMin:  538 01:09:09    -2397.655785        0.276893
MDMin:  539 01:09:10    -2397.655814        0.277384
MDMin:  540 01:09:12    -2397.655863        0.278194
MDMin:  541 01:09:14    -2397.655847        0.771440
MDMin:  542 01:09:15    -2397.655858        0.279754
MDMin:  543 01:09:17    -2397.655889        0.280228
MDMin:  544 01:09:18    -2397.655876        0.768288
MDMin:  545 01:09:20    -2397.655872        0.281390
MDMin:  546 01:09:21    -2397.655902        0.281830
MDMin:  547 01:09:22    -2397.655902        0.765931
MDMin:  548 01:09:24    -2397.655885        0.282926
MDMin:  549 01:09:26    -2397.655915        0.283344
MDMin:  550 01:09:28    -2397.655928        0.763754
MDMin:  551 01:09:30    -2397.655898        0.284386
MDMin:  552 01:09:31    -2397.655929        0.284783
MDMin:  553 01:09:33    -2397.655955        0.761713
MDMin:  554 01:09:36    -2397.655913        0.285771
MDMin:  555 01:09:37    -2397.655944        0.286145
MDMin:  556 01:09:39    -2397.655982        0.759789
MDMin:  557 01:09:41    -2397.655929        0.287077
MDMin:  558 01:09:43    -2397.655960        0.287428
MDMin:  559 01:09:45    -2397.656009        0.757971
MDMin:  560 01:09:47    -2397.655947        0.288303
MDMin:  561 01:09:49    -2397.655978        0.288631
MDMin:  562 01:09:51    -2397.656031        0.289172
MDMin:  563 01:09:52    -2397.656014        0.761362
MDMin:  564 01:09:54    -2397.656038        0.290194
MDMin:  565 01:09:56    -2397.656060        0.755034
MDMin:  566 01:09:59    -2397.656014        0.290717
MDMin:  567 01:10:01    -2397.656045        0.290984
MDMin:  568 01:10:04    -2397.656083        0.753977
MDMin:  569 01:10:05    -2397.656036        0.291657
MDMin:  570 01:10:07    -2397.656068        0.291907
MDMin:  571 01:10:08    -2397.656110        0.752460
MDMin:  572 01:10:09    -2397.656061        0.292525
MDMin:  573 01:10:11    -2397.656094        0.292751
MDMin:  574 01:10:12    -2397.656138        0.750992
MDMin:  575 01:10:14    -2397.656089        0.293305
MDMin:  576 01:10:16    -2397.656122        0.293505
MDMin:  577 01:10:18    -2397.656165        0.749588
MDMin:  578 01:10:19    -2397.656119        0.293993
MDMin:  579 01:10:21    -2397.656152        0.294167
MDMin:  580 01:10:23    -2397.656193        0.748245
MDMin:  581 01:10:25    -2397.656151        0.294590
MDMin:  582 01:10:27    -2397.656184        0.294738
MDMin:  583 01:10:29    -2397.656221        0.746958
MDMin:  584 01:10:31    -2397.656185        0.295094
MDMin:  585 01:10:32    -2397.656219        0.295216
MDMin:  586 01:10:34    -2397.656249        0.745723
MDMin:  587 01:10:36    -2397.656222        0.295504
MDMin:  588 01:10:38    -2397.656256        0.295600
MDMin:  589 01:10:40    -2397.656276        0.744537
MDMin:  590 01:10:42    -2397.656261        0.295819
MDMin:  591 01:10:44    -2397.656296        0.295889
MDMin:  592 01:10:45    -2397.656304        0.743397
MDMin:  593 01:10:47    -2397.656303        0.296040
MDMin:  594 01:10:48    -2397.656338        0.296083
MDMin:  595 01:10:49    -2397.656331        0.742299
MDMin:  596 01:10:51    -2397.656347        0.296166
MDMin:  597 01:10:52    -2397.656374        0.737248
MDMin:  598 01:10:54    -2397.656335        0.296190
MDMin:  599 01:10:55    -2397.656370        0.296193
MDMin:  600 01:10:56    -2397.656399        0.737027
MDMin:  601 01:10:58    -2397.656381        0.296172
MDMin:  602 01:10:59    -2397.656417        0.296150
MDMin:  603 01:11:01    -2397.656427        0.736298
MDMin:  604 01:11:02    -2397.656431        0.296060
MDMin:  605 01:11:03    -2397.656468        0.296011
MDMin:  606 01:11:05    -2397.656456        0.735555
MDMin:  607 01:11:07    -2397.656484        0.295853
MDMin:  608 01:11:09    -2397.656499        0.730711
MDMin:  609 01:11:11    -2397.656478        0.295710
MDMin:  610 01:11:13    -2397.656515        0.295624
MDMin:  611 01:11:15    -2397.656524        0.730770
MDMin:  612 01:11:17    -2397.656533        0.295366
MDMin:  613 01:11:18    -2397.656568        0.726106
MDMin:  614 01:11:20    -2397.656530        0.295152
MDMin:  615 01:11:22    -2397.656567        0.295029
MDMin:  616 01:11:23    -2397.656594        0.726399
MDMin:  617 01:11:25    -2397.656589        0.294671
MDMin:  618 01:11:27    -2397.656627        0.294519
MDMin:  619 01:11:29    -2397.656624        0.726165
MDMin:  620 01:11:30    -2397.656653        0.294091
MDMin:  621 01:11:32    -2397.656668        0.721605
MDMin:  622 01:11:34    -2397.656654        0.293762
MDMin:  623 01:11:36    -2397.656693        0.293577
MDMin:  624 01:11:37    -2397.656695        0.722059
MDMin:  625 01:11:39    -2397.656721        0.293055
MDMin:  626 01:11:41    -2397.656739        0.717641
MDMin:  627 01:11:43    -2397.656725        0.292657
MDMin:  628 01:11:46    -2397.656765        0.292437
MDMin:  629 01:11:48    -2397.656767        0.718273
MDMin:  630 01:11:50    -2397.656797        0.291819
MDMin:  631 01:11:51    -2397.656812        0.713964
MDMin:  632 01:11:53    -2397.656805        0.291356
MDMin:  633 01:11:54    -2397.656845        0.291101
MDMin:  634 01:11:56    -2397.656840        0.714749
MDMin:  635 01:11:57    -2397.656881        0.290389
MDMin:  636 01:11:59    -2397.656885        0.710535
MDMin:  637 01:12:01    -2397.656892        0.289861
MDMin:  638 01:12:02    -2397.656927        0.706948
MDMin:  639 01:12:04    -2397.656903        0.289320
MDMin:  640 01:12:06    -2397.656944        0.289021
MDMin:  641 01:12:08    -2397.656956        0.708076
MDMin:  642 01:12:10    -2397.656987        0.288188
MDMin:  643 01:12:12    -2397.657002        0.704058
MDMin:  644 01:12:14    -2397.657002        0.287578
MDMin:  645 01:12:15    -2397.657044        0.287247
MDMin:  646 01:12:17    -2397.657032        0.705257
MDMin:  647 01:12:18    -2397.657085        0.698619
MDMin:  648 01:12:19    -2397.657043        0.285723
MDMin:  649 01:12:21    -2397.657095        0.285285
MDMin:  650 01:12:22    -2397.657164        0.695707
MDMin:  651 01:12:24    -2397.657156        0.284190
MDMin:  652 01:12:25    -2397.657201        0.283799
MDMin:  653 01:12:26    -2397.657201        0.696750
MDMin:  654 01:12:28    -2397.657255        0.690259
MDMin:  655 01:12:29    -2397.657219        0.282030
MDMin:  656 01:12:31    -2397.657273        0.281535
MDMin:  657 01:12:33    -2397.657337        0.687749
MDMin:  658 01:12:35    -2397.657344        0.280294
MDMin:  659 01:12:36    -2397.657387        0.684165
MDMin:  660 01:12:38    -2397.657374        0.279473
MDMin:  661 01:12:39    -2397.657420        0.279035
MDMin:  662 01:12:40    -2397.657420        0.686170
MDMin:  663 01:12:42    -2397.657476        0.679892
MDMin:  664 01:12:43    -2397.657462        0.277022
MDMin:  665 01:12:44    -2397.657518        0.276467
MDMin:  666 01:12:45    -2397.657560        0.677893
MDMin:  667 01:12:46    -2397.657600        0.275073
MDMin:  668 01:12:48    -2397.657612        0.674556
MDMin:  669 01:12:49    -2397.657639        0.274154
MDMin:  670 01:12:50    -2397.657659        0.671821
MDMin:  671 01:12:51    -2397.657679        0.273232
MDMin:  672 01:12:52    -2397.657706        0.669168
MDMin:  673 01:12:54    -2397.657721        0.272296
MDMin:  674 01:12:55    -2397.657753        0.666582
MDMin:  675 01:12:57    -2397.657765        0.271346
MDMin:  676 01:12:58    -2397.657801        0.664059
MDMin:  677 01:13:00    -2397.657810        0.270382
MDMin:  678 01:13:01    -2397.657850        0.661596
MDMin:  679 01:13:03    -2397.657856        0.269405
MDMin:  680 01:13:05    -2397.657899        0.659189
MDMin:  681 01:13:07    -2397.657905        0.268414
MDMin:  682 01:13:08    -2397.657948        0.656837
MDMin:  683 01:13:09    -2397.657955        0.267411
MDMin:  684 01:13:10    -2397.657998        0.654536
MDMin:  685 01:13:12    -2397.658007        0.266396
MDMin:  686 01:13:14    -2397.658048        0.652285
MDMin:  687 01:13:15    -2397.658060        0.265368
MDMin:  688 01:13:17    -2397.658098        0.650080
MDMin:  689 01:13:18    -2397.658116        0.264329
MDMin:  690 01:13:20    -2397.658149        0.647921
MDMin:  691 01:13:21    -2397.658173        0.263278
MDMin:  692 01:13:23    -2397.658200        0.645804
MDMin:  693 01:13:25    -2397.658232        0.262216
MDMin:  694 01:13:27    -2397.658252        0.643729
MDMin:  695 01:13:29    -2397.658292        0.261144
MDMin:  696 01:13:31    -2397.658303        0.641694
MDMin:  697 01:13:33    -2397.658354        0.260061
MDMin:  698 01:13:35    -2397.658356        0.639697
MDMin:  699 01:13:37    -2397.658413        0.634610
MDMin:  700 01:13:39    -2397.658444        0.266600
MDMin:  701 01:13:41    -2397.658506        0.264032
MDMin:  702 01:13:42    -2397.658510        0.635155
MDMin:  703 01:13:45    -2397.658574        0.629654
MDMin:  704 01:13:46    -2397.658664        0.269675
MDMin:  705 01:13:48    -2397.658687        0.623584
MDMin:  706 01:13:49    -2397.658748        0.270227
MDMin:  707 01:13:50    -2397.658743        0.621907
MDMin:  708 01:13:52    -2397.658804        0.617064
MDMin:  709 01:13:54    -2397.658868        0.276717
MDMin:  710 01:13:56    -2397.658916        0.611860
MDMin:  711 01:13:58    -2397.658957        0.277053
MDMin:  712 01:14:00    -2397.658975        0.610452
MDMin:  713 01:14:02    -2397.659037        0.605764
MDMin:  714 01:14:04    -2397.659093        0.282988
MDMin:  715 01:14:06    -2397.659154        0.600938
MDMin:  716 01:14:08    -2397.659189        0.283135
MDMin:  717 01:14:09    -2397.659215        0.599755
MDMin:  718 01:14:11    -2397.659278        0.283610
MDMin:  719 01:14:13    -2397.659275        0.598627
MDMin:  720 01:14:14    -2397.659339        0.594085
MDMin:  721 01:14:16    -2397.659435        0.289084
MDMin:  722 01:14:17    -2397.659460        0.589584
MDMin:  723 01:14:18    -2397.659527        0.585098
MDMin:  724 01:14:20    -2397.659613        0.293850
MDMin:  725 01:14:22    -2397.659651        0.580849
MDMin:  726 01:14:24    -2397.659720        0.576472
MDMin:  727 01:14:26    -2397.659805        0.298218
MDMin:  728 01:14:28    -2397.659848        0.572501
MDMin:  729 01:14:29    -2397.659918        0.568225
MDMin:  730 01:14:31    -2397.660008        0.302239
MDMin:  731 01:14:33    -2397.660049        0.564506
MDMin:  732 01:14:35    -2397.660121        0.560324
MDMin:  733 01:14:36    -2397.660224        0.305950
MDMin:  734 01:14:37    -2397.660255        0.556836
MDMin:  735 01:14:38    -2397.660329        0.552741
MDMin:  736 01:14:39    -2397.660452        0.309379
MDMin:  737 01:14:40    -2397.660466        0.549465
MDMin:  738 01:14:42    -2397.660541        0.545451
MDMin:  739 01:14:43    -2397.660683        0.537981
MDMin:  740 01:14:44    -2397.660865        0.317712
MDMin:  741 01:14:45    -2397.660895        0.532352
MDMin:  742 01:14:46    -2397.660975        0.528474
MDMin:  743 01:14:48    -2397.661125        0.521327
MDMin:  744 01:14:49    -2397.661335        0.324505
MDMin:  745 01:14:50    -2397.661348        0.516351
MDMin:  746 01:14:51    -2397.661432        0.512641
MDMin:  747 01:14:52    -2397.661588        0.505825
MDMin:  748 01:14:54    -2397.661822        0.496092
MDMin:  749 01:14:55    -2397.662138        0.483714
MDMin:  750 01:14:56    -2397.662544        0.469026
MDMin:  751 01:14:57    -2397.663046        0.452404
MDMin:  752 01:14:58    -2397.663656        0.434240
MDMin:  753 01:14:59    -2397.664383        0.414921
MDMin:  754 01:15:00    -2397.665238        0.394820
MDMin:  755 01:15:02    -2397.666232        0.374277
MDMin:  756 01:15:04    -2397.667375        0.353601
MDMin:  757 01:15:06    -2397.668674        0.333060
MDMin:  758 01:15:08    -2397.670136        0.312888
MDMin:  759 01:15:10    -2397.671761        0.302473
MDMin:  760 01:15:12    -2397.673548        0.310519
MDMin:  761 01:15:13    -2397.675488        0.319556
MDMin:  762 01:15:15    -2397.677568        0.329508
MDMin:  763 01:15:17    -2397.679769        0.340093
MDMin:  764 01:15:19    -2397.682065        0.350778
MDMin:  765 01:15:21    -2397.684431        0.360813
MDMin:  766 01:15:23    -2397.683210        0.369196
MDMin:  767 01:15:25    -2397.683923        0.358951
MDMin:  768 01:15:27    -2397.684235        0.349105
MDMin:  769 01:15:29    -2397.682306        0.353294
MDMin:  770 01:15:30    -2397.682435        0.346957
MDMin:  771 01:15:32    -2397.682515        0.339682
MDMin:  772 01:15:33    -2397.682529        0.331664
MDMin:  773 01:15:35    -2397.680497        0.509571
MDMin:  774 01:15:36    -2397.680658        0.496045
MDMin:  775 01:15:37    -2397.680890        0.480161
MDMin:  776 01:15:39    -2397.681208        0.462322
MDMin:  777 01:15:41    -2397.681630        0.442365
MDMin:  778 01:15:43    -2397.682178        0.420085
MDMin:  779 01:15:44    -2397.682231        0.355098
MDMin:  780 01:15:45    -2397.682308        0.354685
MDMin:  781 01:15:47    -2397.682471        0.396956
MDMin:  782 01:15:49    -2397.682510        0.354130
MDMin:  783 01:15:50    -2397.682359        0.395673
MDMin:  784 01:15:52    -2397.682435        0.393420
MDMin:  785 01:15:54    -2397.682540        0.355548
MDMin:  786 01:15:56    -2397.682450        0.389257
MDMin:  787 01:15:58    -2397.682529        0.387015
MDMin:  788 01:16:00    -2397.682542        0.356977
MDMin:  789 01:16:01    -2397.682552        0.382947
MDMin:  790 01:16:03    -2397.682618        0.357091
MDMin:  791 01:16:05    -2397.682460        0.381645
MDMin:  792 01:16:07    -2397.682537        0.379548
MDMin:  793 01:16:08    -2397.682636        0.358365
MDMin:  794 01:16:10    -2397.682562        0.375789
MDMin:  795 01:16:12    -2397.682641        0.373694
MDMin:  796 01:16:14    -2397.682627        0.359631
MDMin:  797 01:16:16    -2397.682673        0.370003
MDMin:  798 01:16:18    -2397.682698        0.359720
MDMin:  799 01:16:20    -2397.682588        0.368935
MDMin:  800 01:16:22    -2397.682665        0.366973
MDMin:  801 01:16:24    -2397.682707        0.360827
MDMin:  802 01:16:26    -2397.682697        0.363551
MDMin:  803 01:16:28    -2397.682775        0.360920
MDMin:  804 01:16:30    -2397.682615        0.362621
MDMin:  805 01:16:32    -2397.682692        0.360726
MDMin:  806 01:16:34    -2397.682778        0.361971
MDMin:  807 01:16:35    -2397.682727        0.357485
MDMin:  808 01:16:38    -2397.682807        0.355579
MDMin:  809 01:16:39    -2397.682755        0.363011
MDMin:  810 01:16:40    -2397.682849        0.352370
MDMin:  811 01:16:42    -2397.682818        0.363065
MDMin:  812 01:16:43    -2397.682771        0.351602
MDMin:  813 01:16:44    -2397.682848        0.349815
MDMin:  814 01:16:46    -2397.682813        0.363947
MDMin:  815 01:16:48    -2397.682889        0.346828
MDMin:  816 01:16:49    -2397.682874        0.363998
MDMin:  817 01:16:51    -2397.682813        0.346166
MDMin:  818 01:16:53    -2397.682890        0.344431
MDMin:  819 01:16:55    -2397.682865        0.364826
MDMin:  820 01:16:56    -2397.682933        0.341584
MDMin:  821 01:16:57    -2397.682923        0.364872
MDMin:  822 01:16:59    -2397.682859        0.341013
MDMin:  823 01:17:00    -2397.682935        0.339326
MDMin:  824 01:17:02    -2397.682909        0.365643
MDMin:  825 01:17:04    -2397.682980        0.336603
MDMin:  826 01:17:06    -2397.682965        0.365682
MDMin:  827 01:17:08    -2397.682907        0.336113
MDMin:  828 01:17:10    -2397.682984        0.334469
MDMin:  829 01:17:11    -2397.682948        0.366395
MDMin:  830 01:17:13    -2397.683030        0.331859
MDMin:  831 01:17:15    -2397.683001        0.366426
MDMin:  832 01:17:17    -2397.682958        0.331441
MDMin:  833 01:17:18    -2397.683034        0.329838
MDMin:  834 01:17:19    -2397.682980        0.367081
MDMin:  835 01:17:21    -2397.683077        0.366806
MDMin:  836 01:17:22    -2397.682786        0.329961
MDMin:  837 01:17:24    -2397.682844        0.328718
MDMin:  838 01:17:25    -2397.682993        0.325546
MDMin:  839 01:17:26    -2397.683042        0.368051
MDMin:  840 01:17:28    -2397.683119        0.367839
MDMin:  841 01:17:30    -2397.682872        0.323826
MDMin:  842 01:17:32    -2397.682932        0.322573
MDMin:  843 01:17:33    -2397.683084        0.319448
MDMin:  844 01:17:35    -2397.683051        0.368971
MDMin:  845 01:17:37    -2397.683126        0.368764
MDMin:  846 01:17:38    -2397.682972        0.317830
MDMin:  847 01:17:40    -2397.683031        0.316623
MDMin:  848 01:17:43    -2397.683182        0.313594
MDMin:  849 01:17:45    -2397.683049        0.369713
MDMin:  850 01:17:46    -2397.683123        0.369511
MDMin:  851 01:17:48    -2397.683074        0.312144
MDMin:  852 01:17:50    -2397.683133        0.310980
MDMin:  853 01:17:52    -2397.683195        0.369641
MDMin:  854 01:17:54    -2397.683163        0.309206
MDMin:  855 01:17:56    -2397.683239        0.307723
MDMin:  856 01:17:58    -2397.683132        0.370083
MDMin:  857 01:18:00    -2397.683222        0.369867
MDMin:  858 01:18:02    -2397.683013        0.308434
MDMin:  859 01:18:03    -2397.683067        0.307346
MDMin:  860 01:18:05    -2397.683211        0.304496
MDMin:  861 01:18:06    -2397.683153        0.370594
MDMin:  862 01:18:07    -2397.683224        0.370427
MDMin:  863 01:18:09    -2397.683103        0.303478
MDMin:  864 01:18:10    -2397.683159        0.302369
MDMin:  865 01:18:12    -2397.683286        0.370530
MDMin:  866 01:18:14    -2397.683188        0.300759
MDMin:  867 01:18:15    -2397.683263        0.299329
MDMin:  868 01:18:17    -2397.683215        0.370886
MDMin:  869 01:18:19    -2397.683302        0.370704
MDMin:  870 01:18:21    -2397.683042        0.300302
MDMin:  871 01:18:23    -2397.683094        0.299263
MDMin:  872 01:18:25    -2397.683235        0.296512
MDMin:  873 01:18:27    -2397.683218        0.371282
MDMin:  874 01:18:29    -2397.683287        0.371139
MDMin:  875 01:18:31    -2397.683129        0.295750
MDMin:  876 01:18:32    -2397.683184        0.294688
MDMin:  877 01:18:34    -2397.683326        0.291958
MDMin:  878 01:18:36    -2397.683174        0.371622
MDMin:  879 01:18:38    -2397.683241        0.371478
MDMin:  880 01:18:39    -2397.683227        0.291211
MDMin:  881 01:18:41    -2397.683281        0.290182
MDMin:  882 01:18:42    -2397.683291        0.371473
MDMin:  883 01:18:44    -2397.683309        0.288765
MDMin:  884 01:18:46    -2397.683327        0.371434
MDMin:  885 01:18:47    -2397.683245        0.288935
MDMin:  886 01:18:49    -2397.683313        0.287637
MDMin:  887 01:18:51    -2397.683268        0.371617
MDMin:  888 01:18:52    -2397.683352        0.371476
MDMin:  889 01:18:54    -2397.683093        0.288996
MDMin:  890 01:18:56    -2397.683142        0.288025
MDMin:  891 01:18:58    -2397.683277        0.285406
MDMin:  892 01:18:59    -2397.683252        0.371835
MDMin:  893 01:19:00    -2397.683317        0.371724
MDMin:  894 01:19:03    -2397.683173        0.284962
MDMin:  895 01:19:04    -2397.683225        0.283962
MDMin:  896 01:19:06    -2397.683360        0.371727
MDMin:  897 01:19:08    -2397.683250        0.282639
MDMin:  898 01:19:10    -2397.683320        0.281317
MDMin:  899 01:19:12    -2397.683272        0.371876
MDMin:  900 01:19:13    -2397.683353        0.371755
MDMin:  901 01:19:15    -2397.683108        0.282721
MDMin:  902 01:19:17    -2397.683155        0.281784
MDMin:  903 01:19:18    -2397.683287        0.279236
MDMin:  904 01:19:20    -2397.683243        0.371988
MDMin:  905 01:19:22    -2397.683306        0.371892
MDMin:  906 01:19:24    -2397.683183        0.278938
MDMin:  907 01:19:26    -2397.683233        0.277972
MDMin:  908 01:19:28    -2397.683344        0.371857
MDMin:  909 01:19:30    -2397.683257        0.276732
MDMin:  910 01:19:32    -2397.683325        0.275446
MDMin:  911 01:19:34    -2397.683251        0.371936
MDMin:  912 01:19:36    -2397.683331        0.371833
MDMin:  913 01:19:38    -2397.683115        0.276962
MDMin:  914 01:19:40    -2397.683161        0.276057
MDMin:  915 01:19:42    -2397.683289        0.273575
MDMin:  916 01:19:43    -2397.683212        0.371953
MDMin:  917 01:19:45    -2397.683275        0.371872
MDMin:  918 01:19:47    -2397.683185        0.273408
MDMin:  919 01:19:49    -2397.683233        0.272473
MDMin:  920 01:19:51    -2397.683307        0.371806
MDMin:  921 01:19:53    -2397.683255        0.271307
MDMin:  922 01:19:55    -2397.683322        0.270050
MDMin:  923 01:19:57    -2397.683210        0.371823
MDMin:  924 01:19:59    -2397.683289        0.371737
MDMin:  925 01:20:00    -2397.683114        0.271666
MDMin:  926 01:20:02    -2397.683158        0.270790
MDMin:  927 01:20:04    -2397.683283        0.268364
MDMin:  928 01:20:06    -2397.683164        0.371759
MDMin:  929 01:20:07    -2397.683225        0.371692
MDMin:  930 01:20:09    -2397.683179        0.268315
MDMin:  931 01:20:11    -2397.683226        0.267406
MDMin:  932 01:20:12    -2397.683253        0.371603
MDMin:  933 01:20:13    -2397.683246        0.266305
MDMin:  934 01:20:14    -2397.683280        0.371552
MDMin:  935 01:20:16    -2397.683182        0.266690
MDMin:  936 01:20:18    -2397.683243        0.265970
MDMin:  937 01:20:20    -2397.683202        0.371520
MDMin:  938 01:20:22    -2397.683280        0.371465
MDMin:  939 01:20:24    -2397.683030        0.267323
MDMin:  940 01:20:25    -2397.683072        0.266462
MDMin:  941 01:20:26    -2397.683193        0.266439
MDMin:  942 01:20:28    -2397.683149        0.371442
MDMin:  943 01:20:30    -2397.683209        0.371396
MDMin:  944 01:20:32    -2397.683087        0.266422
MDMin:  945 01:20:33    -2397.683132        0.266752
MDMin:  946 01:20:34    -2397.683233        0.371315
MDMin:  947 01:20:36    -2397.683150        0.267133
MDMin:  948 01:20:38    -2397.683213        0.267590
MDMin:  949 01:20:40    -2397.683129        0.371242
MDMin:  950 01:20:42    -2397.683206        0.371199
MDMin:  951 01:20:44    -2397.683007        0.266941
MDMin:  952 01:20:45    -2397.683049        0.267237
MDMin:  953 01:20:46    -2397.683166        0.268085
MDMin:  954 01:20:48    -2397.683069        0.371086
MDMin:  955 01:20:49    -2397.683128        0.371051
MDMin:  956 01:20:51    -2397.683060        0.268080
MDMin:  957 01:20:53    -2397.683104        0.268391
MDMin:  958 01:20:54    -2397.683150        0.370945
MDMin:  959 01:20:55    -2397.683120        0.268753
MDMin:  960 01:20:57    -2397.683173        0.370896
MDMin:  961 01:20:58    -2397.683056        0.268588
MDMin:  962 01:21:00    -2397.683114        0.268995
MDMin:  963 01:21:01    -2397.683089        0.370792
MDMin:  964 01:21:03    -2397.683150        0.269487
MDMin:  965 01:21:04    -2397.683107        0.370732
MDMin:  966 01:21:05    -2397.683086        0.269341
MDMin:  967 01:21:06    -2397.683144        0.269742
MDMin:  968 01:21:07    -2397.683022        0.370596
MDMin:  969 01:21:09    -2397.683098        0.370577
MDMin:  970 01:21:10    -2397.682934        0.269100
MDMin:  971 01:21:12    -2397.682974        0.269369
MDMin:  972 01:21:13    -2397.683087        0.270150
MDMin:  973 01:21:14    -2397.682957        0.370378
MDMin:  974 01:21:16    -2397.683016        0.370362
MDMin:  975 01:21:17    -2397.682980        0.270137
MDMin:  976 01:21:18    -2397.683021        0.270421
MDMin:  977 01:21:20    -2397.683034        0.370246
MDMin:  978 01:21:22    -2397.683035        0.270751
MDMin:  979 01:21:23    -2397.683055        0.370199
MDMin:  980 01:21:24    -2397.682971        0.270593
MDMin:  981 01:21:26    -2397.683027        0.270968
MDMin:  982 01:21:27    -2397.682968        0.370048
MDMin:  983 01:21:28    -2397.683043        0.370055
MDMin:  984 01:21:30    -2397.682818        0.270332
MDMin:  985 01:21:32    -2397.682856        0.270583
MDMin:  986 01:21:34    -2397.682966        0.271317
MDMin:  987 01:21:36    -2397.682899        0.369828
MDMin:  988 01:21:38    -2397.682956        0.369831
MDMin:  989 01:21:39    -2397.682857        0.271289
MDMin:  990 01:21:41    -2397.682898        0.271556
MDMin:  991 01:21:42    -2397.682972        0.369727
MDMin:  992 01:21:44    -2397.682910        0.271862
MDMin:  993 01:21:46    -2397.682967        0.272241
MDMin:  994 01:21:47    -2397.682861        0.369528
MDMin:  995 01:21:48    -2397.682934        0.369544
MDMin:  996 01:21:50    -2397.682765        0.271688
MDMin:  997 01:21:51    -2397.682802        0.271926
MDMin:  998 01:21:53    -2397.682910        0.272625
MDMin:  999 01:21:55    -2397.682786        0.369249
MDMin:  1000 01:21:57    -2397.682843        0.369261
MDMin:  1001 01:21:59    -2397.682801        0.272613
MDMin:  1002 01:22:01    -2397.682841        0.272865
MDMin:  1003 01:22:03    -2397.682857        0.369141
MDMin:  1004 01:22:05    -2397.682852        0.273156
MDMin:  1005 01:22:07    -2397.682876        0.369099
MDMin:  1006 01:22:09    -2397.682787        0.273009
MDMin:  1007 01:22:11    -2397.682840        0.273345
MDMin:  1008 01:22:12    -2397.682787        0.368896
MDMin:  1009 01:22:14    -2397.682860        0.368937
MDMin:  1010 01:22:15    -2397.682634        0.272765
MDMin:  1011 01:22:16    -2397.682670        0.272987
MDMin:  1012 01:22:18    -2397.682775        0.273640
MDMin:  1013 01:22:19    -2397.682710        0.368623
MDMin:  1014 01:22:21    -2397.682767        0.368652
MDMin:  1015 01:22:23    -2397.682664        0.273608
MDMin:  1016 01:22:25    -2397.682702        0.273845
MDMin:  1017 01:22:27    -2397.682780        0.368548
MDMin:  1018 01:22:29    -2397.682711        0.274113
MDMin:  1019 01:22:30    -2397.682766        0.274451
MDMin:  1020 01:22:32    -2397.682666        0.368291
MDMin:  1021 01:22:33    -2397.682738        0.368341
MDMin:  1022 01:22:35    -2397.682567        0.273951
MDMin:  1023 01:22:36    -2397.682602        0.274162
MDMin:  1024 01:22:38    -2397.682705        0.274782
MDMin:  1025 01:22:40    -2397.682585        0.367967
MDMin:  1026 01:22:42    -2397.682642        0.368005
MDMin:  1027 01:22:44    -2397.682595        0.274769
MDMin:  1028 01:22:45    -2397.682632        0.274992
MDMin:  1029 01:22:47    -2397.682653        0.367889
MDMin:  1030 01:22:49    -2397.682640        0.275247
MDMin:  1031 01:22:50    -2397.682671        0.367855
MDMin:  1032 01:22:52    -2397.682576        0.275112
MDMin:  1033 01:22:54    -2397.682627        0.275409
MDMin:  1034 01:22:56    -2397.682579        0.367609
MDMin:  1035 01:22:57    -2397.682652        0.367683
MDMin:  1036 01:22:59    -2397.682423        0.274883
MDMin:  1037 01:23:00    -2397.682457        0.275078
MDMin:  1038 01:23:02    -2397.682557        0.275656
MDMin:  1039 01:23:04    -2397.682498        0.367297
MDMin:  1040 01:23:05    -2397.682555        0.367352
MDMin:  1041 01:23:07    -2397.682446        0.275623
MDMin:  1042 01:23:08    -2397.682483        0.275832
MDMin:  1043 01:23:09    -2397.682565        0.367253
MDMin:  1044 01:23:10    -2397.682489        0.276065
MDMin:  1045 01:23:12    -2397.682542        0.276365
MDMin:  1046 01:23:14    -2397.682450        0.366947
MDMin:  1047 01:23:15    -2397.682521        0.367030
MDMin:  1048 01:23:17    -2397.682345        0.275915
MDMin:  1049 01:23:18    -2397.682378        0.276100
MDMin:  1050 01:23:20    -2397.682477        0.276649
MDMin:  1051 01:23:22    -2397.682365        0.366592
MDMin:  1052 01:23:24    -2397.682421        0.366656
MDMin:  1053 01:23:26    -2397.682366        0.276635
MDMin:  1054 01:23:27    -2397.682402        0.276832
MDMin:  1055 01:23:29    -2397.682430        0.366549
MDMin:  1056 01:23:30    -2397.682407        0.277054
MDMin:  1057 01:23:31    -2397.682448        0.366525
MDMin:  1058 01:23:33    -2397.682344        0.276930
MDMin:  1059 01:23:35    -2397.682393        0.277193
MDMin:  1060 01:23:37    -2397.682354        0.366242
MDMin:  1061 01:23:38    -2397.682416        0.277511
MDMin:  1062 01:23:40    -2397.682367        0.366202
MDMin:  1063 01:23:42    -2397.682355        0.277408
MDMin:  1064 01:23:43    -2397.682403        0.366212
MDMin:  1065 01:23:44    -2397.682288        0.277265
MDMin:  1066 01:23:46    -2397.682336        0.277520
MDMin:  1067 01:23:47    -2397.682310        0.365928
MDMin:  1068 01:23:48    -2397.682359        0.277824
MDMin:  1069 01:23:50    -2397.682323        0.365892
MDMin:  1070 01:23:51    -2397.682297        0.277721
MDMin:  1071 01:23:53    -2397.682345        0.277972
MDMin:  1072 01:23:55    -2397.682228        0.365584
MDMin:  1073 01:23:56    -2397.682300        0.365699
MDMin:  1074 01:23:58    -2397.682146        0.277542
MDMin:  1075 01:24:00    -2397.682178        0.277705
MDMin:  1076 01:24:02    -2397.682274        0.278188
MDMin:  1077 01:24:04    -2397.682143        0.366798
MDMin:  1078 01:24:05    -2397.682200        0.365478
MDMin:  1079 01:24:07    -2397.682162        0.278168
MDMin:  1080 01:24:09    -2397.682197        0.278341
MDMin:  1081 01:24:11    -2397.682208        0.365493
MDMin:  1082 01:24:13    -2397.682201        0.278533
MDMin:  1083 01:24:15    -2397.682225        0.365194
MDMin:  1084 01:24:16    -2397.682139        0.278419
MDMin:  1085 01:24:18    -2397.682186        0.278651
MDMin:  1086 01:24:19    -2397.682130        0.367606
MDMin:  1087 01:24:21    -2397.682202        0.365913
MDMin:  1088 01:24:23    -2397.681988        0.278219
MDMin:  1089 01:24:24    -2397.682020        0.278370
MDMin:  1090 01:24:25    -2397.682113        0.278817
MDMin:  1091 01:24:26    -2397.682043        0.370009
MDMin:  1092 01:24:28    -2397.682100        0.368656
MDMin:  1093 01:24:30    -2397.682001        0.278782
MDMin:  1094 01:24:32    -2397.682035        0.278944
MDMin:  1095 01:24:34    -2397.682107        0.368628
MDMin:  1096 01:24:35    -2397.682039        0.279117
MDMin:  1097 01:24:36    -2397.682088        0.279350
MDMin:  1098 01:24:37    -2397.681991        0.371563
MDMin:  1099 01:24:39    -2397.682062        0.369845
MDMin:  1100 01:24:40    -2397.681897        0.278992
MDMin:  1101 01:24:42    -2397.681928        0.279135
MDMin:  1102 01:24:44    -2397.682021        0.279558
MDMin:  1103 01:24:46    -2397.681901        0.373940
MDMin:  1104 01:24:48    -2397.681958        0.372546
MDMin:  1105 01:24:50    -2397.681909        0.279547
MDMin:  1106 01:24:52    -2397.681943        0.279699
MDMin:  1107 01:24:54    -2397.681965        0.372457
MDMin:  1108 01:24:56    -2397.681946        0.279865
MDMin:  1109 01:24:58    -2397.681982        0.372074
MDMin:  1110 01:25:00    -2397.681885        0.279764
MDMin:  1111 01:25:03    -2397.681931        0.279966
MDMin:  1112 01:25:05    -2397.681886        0.374498
MDMin:  1113 01:25:07    -2397.681951        0.280210
MDMin:  1114 01:25:08    -2397.681898        0.374209
MDMin:  1115 01:25:09    -2397.681891        0.280130
MDMin:  1116 01:25:10    -2397.681932        0.373377
MDMin:  1117 01:25:12    -2397.681827        0.280015
MDMin:  1118 01:25:14    -2397.681872        0.280210
MDMin:  1119 01:25:16    -2397.681838        0.375774
MDMin:  1120 01:25:17    -2397.681891        0.280442
MDMin:  1121 01:25:19    -2397.681850        0.375473
MDMin:  1122 01:25:21    -2397.681832        0.280362
MDMin:  1123 01:25:23    -2397.681877        0.280555
MDMin:  1124 01:25:25    -2397.681754        0.377888
MDMin:  1125 01:25:26    -2397.681826        0.376073
MDMin:  1126 01:25:28    -2397.681685        0.280222
MDMin:  1127 01:25:30    -2397.681716        0.280346
MDMin:  1128 01:25:32    -2397.681806        0.280710
MDMin:  1129 01:25:33    -2397.681665        0.380118
MDMin:  1130 01:25:35    -2397.681723        0.378650
MDMin:  1131 01:25:36    -2397.681696        0.280699
MDMin:  1132 01:25:37    -2397.681729        0.280831
MDMin:  1133 01:25:39    -2397.681728        0.378472
MDMin:  1134 01:25:40    -2397.681731        0.280971
MDMin:  1135 01:25:42    -2397.681745        0.378035
MDMin:  1136 01:25:43    -2397.681672        0.280881
MDMin:  1137 01:25:45    -2397.681716        0.281056
MDMin:  1138 01:25:47    -2397.681649        0.380453
MDMin:  1139 01:25:48    -2397.681721        0.378602
MDMin:  1140 01:25:49    -2397.681526        0.280718
MDMin:  1141 01:25:51    -2397.681557        0.280831
MDMin:  1142 01:25:53    -2397.681646        0.281163
MDMin:  1143 01:25:55    -2397.681559        0.382666
MDMin:  1144 01:25:56    -2397.681617        0.381161
MDMin:  1145 01:25:58    -2397.681536        0.281136
MDMin:  1146 01:26:00    -2397.681568        0.281257
MDMin:  1147 01:26:01    -2397.681622        0.380954
MDMin:  1148 01:26:02    -2397.681571        0.281381
MDMin:  1149 01:26:04    -2397.681617        0.281555
MDMin:  1150 01:26:06    -2397.681505        0.383874
MDMin:  1151 01:26:08    -2397.681577        0.381995
MDMin:  1152 01:26:10    -2397.681434        0.281287
MDMin:  1153 01:26:13    -2397.681464        0.281394
MDMin:  1154 01:26:15    -2397.681552        0.281704
MDMin:  1155 01:26:16    -2397.681413        0.386069
MDMin:  1156 01:26:19    -2397.681472        0.384518
MDMin:  1157 01:26:21    -2397.681444        0.281706
MDMin:  1158 01:26:23    -2397.681476        0.281818
MDMin:  1159 01:26:25    -2397.681476        0.384258
MDMin:  1160 01:26:27    -2397.681479        0.281937
MDMin:  1161 01:26:28    -2397.681493        0.383765
MDMin:  1162 01:26:29    -2397.681421        0.281860
MDMin:  1163 01:26:31    -2397.681465        0.282008
MDMin:  1164 01:26:33    -2397.681396        0.386183
MDMin:  1165 01:26:35    -2397.681469        0.384248
MDMin:  1166 01:26:36    -2397.681280        0.281720
MDMin:  1167 01:26:38    -2397.681310        0.281815
MDMin:  1168 01:26:40    -2397.681398        0.282094
MDMin:  1169 01:26:41    -2397.681305        0.388326
MDMin:  1170 01:26:43    -2397.681364        0.386734
MDMin:  1171 01:26:45    -2397.681289        0.282076
MDMin:  1172 01:26:46    -2397.681322        0.282178
MDMin:  1173 01:26:48    -2397.681368        0.386451
MDMin:  1174 01:26:50    -2397.681325        0.282280
MDMin:  1175 01:26:52    -2397.681370        0.282426
MDMin:  1176 01:26:54    -2397.681252        0.389366
MDMin:  1177 01:26:56    -2397.681324        0.387400
MDMin:  1178 01:26:58    -2397.681191        0.282205
MDMin:  1179 01:26:59    -2397.681222        0.282294
MDMin:  1180 01:27:01    -2397.681309        0.282552
MDMin:  1181 01:27:02    -2397.681159        0.391492
MDMin:  1182 01:27:04    -2397.681218        0.389852
MDMin:  1183 01:27:06    -2397.681202        0.282563
MDMin:  1184 01:27:08    -2397.681235        0.282657
MDMin:  1185 01:27:09    -2397.681222        0.389520
MDMin:  1186 01:27:11    -2397.681238        0.282755
MDMin:  1187 01:27:13    -2397.681239        0.388972
MDMin:  1188 01:27:15    -2397.681182        0.282690
MDMin:  1189 01:27:17    -2397.681226        0.282812
MDMin:  1190 01:27:19    -2397.681142        0.391399
MDMin:  1191 01:27:21    -2397.681215        0.389376
MDMin:  1192 01:27:23    -2397.681046        0.282571
MDMin:  1193 01:27:25    -2397.681077        0.282650
MDMin:  1194 01:27:26    -2397.681163        0.282876
MDMin:  1195 01:27:28    -2397.681049        0.393488
MDMin:  1196 01:27:30    -2397.681109        0.391804
MDMin:  1197 01:27:32    -2397.681058        0.282869
MDMin:  1198 01:27:33    -2397.681091        0.282953
MDMin:  1199 01:27:34    -2397.681113        0.391456
MDMin:  1200 01:27:36    -2397.681094        0.283034
MDMin:  1201 01:27:38    -2397.681130        0.390886
MDMin:  1202 01:27:40    -2397.681040        0.282970
MDMin:  1203 01:27:42    -2397.681083        0.283079
MDMin:  1204 01:27:43    -2397.681032        0.393328
MDMin:  1205 01:27:45    -2397.681101        0.283212
MDMin:  1206 01:27:47    -2397.681046        0.392836
MDMin:  1207 01:27:49    -2397.681048        0.283171
MDMin:  1208 01:27:51    -2397.681078        0.391833
MDMin:  1209 01:27:53    -2397.680992        0.283102
MDMin:  1210 01:27:55    -2397.681035        0.283206
MDMin:  1211 01:27:57    -2397.680981        0.394260
MDMin:  1212 01:28:00    -2397.681053        0.283331
MDMin:  1213 01:28:02    -2397.680995        0.393755
MDMin:  1214 01:28:04    -2397.681000        0.283291
MDMin:  1215 01:28:06    -2397.681027        0.392744
MDMin:  1216 01:28:08    -2397.680945        0.283224
MDMin:  1217 01:28:10    -2397.680988        0.283323
MDMin:  1218 01:28:12    -2397.680929        0.395176
MDMin:  1219 01:28:13    -2397.681003        0.393074
MDMin:  1220 01:28:15    -2397.680814        0.283106
MDMin:  1221 01:28:16    -2397.680845        0.283170
MDMin:  1222 01:28:17    -2397.680932        0.283350
MDMin:  1223 01:28:18    -2397.680835        0.397256
MDMin:  1224 01:28:19    -2397.680896        0.395481
MDMin:  1225 01:28:21    -2397.680830        0.283343
MDMin:  1226 01:28:23    -2397.680863        0.283412
MDMin:  1227 01:28:24    -2397.680899        0.395096
MDMin:  1228 01:28:25    -2397.680868        0.283475
MDMin:  1229 01:28:28    -2397.680913        0.283572
MDMin:  1230 01:28:30    -2397.680784        0.398008
MDMin:  1231 01:28:32    -2397.680858        0.395866
MDMin:  1232 01:28:34    -2397.680745        0.283431
MDMin:  1233 01:28:36    -2397.680776        0.283490
MDMin:  1234 01:28:37    -2397.680863        0.283653
MDMin:  1235 01:28:38    -2397.680687        0.400069
MDMin:  1236 01:28:40    -2397.680750        0.398236
MDMin:  1237 01:28:41    -2397.680763        0.283688
MDMin:  1238 01:28:43    -2397.680797        0.283748
MDMin:  1239 01:28:45    -2397.680752        0.397807
MDMin:  1240 01:28:46    -2397.680803        0.283812
MDMin:  1241 01:28:47    -2397.680770        0.397157
MDMin:  1242 01:28:49    -2397.680753        0.283769
MDMin:  1243 01:28:52    -2397.680796        0.283847
MDMin:  1244 01:28:53    -2397.680671        0.399624
MDMin:  1245 01:28:55    -2397.680746        0.397424
MDMin:  1246 01:28:57    -2397.680629        0.283693
MDMin:  1247 01:28:58    -2397.680662        0.283741
MDMin:  1248 01:29:00    -2397.680748        0.283876
MDMin:  1249 01:29:01    -2397.680574        0.401677
MDMin:  1250 01:29:03    -2397.680638        0.399789
MDMin:  1251 01:29:05    -2397.680651        0.283895
MDMin:  1252 01:29:07    -2397.680685        0.283947
MDMin:  1253 01:29:08    -2397.680640        0.399355
MDMin:  1254 01:29:10    -2397.680693        0.283995
MDMin:  1255 01:29:11    -2397.680658        0.398683
MDMin:  1256 01:29:12    -2397.680645        0.283953
MDMin:  1257 01:29:14    -2397.680688        0.284019
MDMin:  1258 01:29:16    -2397.680558        0.401173
MDMin:  1259 01:29:17    -2397.680634        0.398925
MDMin:  1260 01:29:19    -2397.680525        0.283876
MDMin:  1261 01:29:21    -2397.680558        0.283917
MDMin:  1262 01:29:23    -2397.680646        0.284028
MDMin:  1263 01:29:25    -2397.680460        0.403245
MDMin:  1264 01:29:27    -2397.680525        0.401297
MDMin:  1265 01:29:29    -2397.680552        0.284049
MDMin:  1266 01:29:31    -2397.680586        0.284092
MDMin:  1267 01:29:32    -2397.680526        0.400856
MDMin:  1268 01:29:34    -2397.680595        0.284131
MDMin:  1269 01:29:35    -2397.680545        0.400159
MDMin:  1270 01:29:36    -2397.680549        0.284093
MDMin:  1271 01:29:38    -2397.680576        0.399100
MDMin:  1272 01:29:39    -2397.680502        0.284033
MDMin:  1273 01:29:40    -2397.680545        0.284084
MDMin:  1274 01:29:41    -2397.680476        0.401627
MDMin:  1275 01:29:43    -2397.680553        0.399336
MDMin:  1276 01:29:44    -2397.680387        0.283914
MDMin:  1277 01:29:46    -2397.680421        0.283946
MDMin:  1278 01:29:47    -2397.680509        0.284034
MDMin:  1279 01:29:49    -2397.680376        0.403773
MDMin:  1280 01:29:50    -2397.680443        0.401766
MDMin:  1281 01:29:52    -2397.680419        0.284033
MDMin:  1282 01:29:53    -2397.680455        0.284069
MDMin:  1283 01:29:55    -2397.680443        0.401347
MDMin:  1284 01:29:56    -2397.680465        0.284095
MDMin:  1285 01:29:58    -2397.680462        0.400633
MDMin:  1286 01:29:59    -2397.680422        0.284055
MDMin:  1287 01:30:01    -2397.680466        0.284101
MDMin:  1288 01:30:03    -2397.680361        0.403184
MDMin:  1289 01:30:05    -2397.680439        0.400836
MDMin:  1290 01:30:06    -2397.680313        0.283980
MDMin:  1291 01:30:07    -2397.680348        0.284007
MDMin:  1292 01:30:09    -2397.680437        0.284082
MDMin:  1293 01:30:10    -2397.680260        0.405334
MDMin:  1294 01:30:12    -2397.680328        0.403255
MDMin:  1295 01:30:14    -2397.680351        0.284111
MDMin:  1296 01:30:16    -2397.680388        0.284141
MDMin:  1297 01:30:17    -2397.680327        0.402826
MDMin:  1298 01:30:19    -2397.680401        0.284166
MDMin:  1299 01:30:21    -2397.680346        0.402081
MDMin:  1300 01:30:22    -2397.680359        0.284137
MDMin:  1301 01:30:24    -2397.680377        0.401012
MDMin:  1302 01:30:25    -2397.680317        0.284085
MDMin:  1303 01:30:27    -2397.680362        0.284118
MDMin:  1304 01:30:28    -2397.680275        0.403604
MDMin:  1305 01:30:30    -2397.680355        0.401205
MDMin:  1306 01:30:31    -2397.680215        0.283982
MDMin:  1307 01:30:32    -2397.680251        0.284000
MDMin:  1308 01:30:33    -2397.680342        0.284054
MDMin:  1309 01:30:35    -2397.680172        0.405831
MDMin:  1310 01:30:37    -2397.680242        0.403679
MDMin:  1311 01:30:39    -2397.680261        0.284071
MDMin:  1312 01:30:41    -2397.680299        0.284093
MDMin:  1313 01:30:42    -2397.680240        0.403275
MDMin:  1314 01:30:44    -2397.680314        0.284108
MDMin:  1315 01:30:46    -2397.680260        0.402509
MDMin:  1316 01:30:47    -2397.680276        0.284078
MDMin:  1317 01:30:48    -2397.680290        0.401442
MDMin:  1318 01:30:50    -2397.680237        0.284027
MDMin:  1319 01:30:51    -2397.680283        0.284052
MDMin:  1320 01:30:53    -2397.680188        0.404078
MDMin:  1321 01:30:55    -2397.680268        0.401620
MDMin:  1322 01:30:57    -2397.680143        0.283924
MDMin:  1323 01:30:58    -2397.680181        0.283936
MDMin:  1324 01:30:59    -2397.680273        0.283974
MDMin:  1325 01:31:00    -2397.680082        0.406371
MDMin:  1326 01:31:02    -2397.680154        0.404138
MDMin:  1327 01:31:03    -2397.680198        0.283996
MDMin:  1328 01:31:05    -2397.680237        0.284013
MDMin:  1329 01:31:06    -2397.680151        0.403756
MDMin:  1330 01:31:08    -2397.680234        0.401224
MDMin:  1331 01:31:10    -2397.680091        0.283855
MDMin:  1332 01:31:12    -2397.680130        0.283863
MDMin:  1333 01:31:13    -2397.680224        0.283888
MDMin:  1334 01:31:15    -2397.680047        0.406035
MDMin:  1335 01:31:17    -2397.680121        0.403751
MDMin:  1336 01:31:18    -2397.680153        0.283891
MDMin:  1337 01:31:19    -2397.680193        0.283904
MDMin:  1338 01:31:21    -2397.680117        0.403404
MDMin:  1339 01:31:22    -2397.680201        0.400841
MDMin:  1340 01:31:23    -2397.680053        0.283737
MDMin:  1341 01:31:25    -2397.680094        0.283741
MDMin:  1342 01:31:27    -2397.680190        0.283760
MDMin:  1343 01:31:29    -2397.680010        0.405768
MDMin:  1344 01:31:31    -2397.680086        0.403428
MDMin:  1345 01:31:33    -2397.680123        0.283758
MDMin:  1346 01:31:35    -2397.680165        0.283769
MDMin:  1347 01:31:37    -2397.680081        0.403113
MDMin:  1348 01:31:39    -2397.680166        0.400515
MDMin:  1349 01:31:40    -2397.680031        0.283601
MDMin:  1350 01:31:42    -2397.680073        0.283603
MDMin:  1351 01:31:43    -2397.680171        0.283618
MDMin:  1352 01:31:45    -2397.679972        0.405557
MDMin:  1353 01:31:47    -2397.680050        0.403156
MDMin:  1354 01:31:49    -2397.680109        0.283618
MDMin:  1355 01:31:51    -2397.680153        0.283627
MDMin:  1356 01:31:53    -2397.680043        0.402871
MDMin:  1357 01:31:55    -2397.680130        0.400236
MDMin:  1358 01:31:56    -2397.680026        0.283462
MDMin:  1359 01:31:58    -2397.680069        0.283463
MDMin:  1360 01:32:00    -2397.680132        0.399796
MDMin:  1361 01:32:02    -2397.680097        0.283402
MDMin:  1362 01:32:04    -2397.680148        0.283416
MDMin:  1363 01:32:06    -2397.680017        0.402833
MDMin:  1364 01:32:07    -2397.680104        0.400191
MDMin:  1365 01:32:08    -2397.680034        0.283287
MDMin:  1366 01:32:10    -2397.680078        0.283290
MDMin:  1367 01:32:12    -2397.680104        0.399809
MDMin:  1368 01:32:13    -2397.680109        0.283243
MDMin:  1369 01:32:14    -2397.680126        0.398995
MDMin:  1370 01:32:15    -2397.680085        0.283179
MDMin:  1371 01:32:17    -2397.680137        0.283192
MDMin:  1372 01:32:19    -2397.680018        0.401841
MDMin:  1373 01:32:21    -2397.680106        0.399167
MDMin:  1374 01:32:23    -2397.680027        0.283045
MDMin:  1375 01:32:24    -2397.680074        0.283048
MDMin:  1376 01:32:26    -2397.680104        0.398855
MDMin:  1377 01:32:28    -2397.680108        0.282998
MDMin:  1378 01:32:30    -2397.680127        0.398034
MDMin:  1379 01:32:32    -2397.680087        0.282930
MDMin:  1380 01:32:33    -2397.680139        0.282944
MDMin:  1381 01:32:35    -2397.680018        0.400918
MDMin:  1382 01:32:37    -2397.680107        0.398209
MDMin:  1383 01:32:39    -2397.680036        0.282788
MDMin:  1384 01:32:41    -2397.680084        0.282792
MDMin:  1385 01:32:43    -2397.680103        0.397966
MDMin:  1386 01:32:45    -2397.680121        0.282742
MDMin:  1387 01:32:46    -2397.680127        0.397135
MDMin:  1388 01:32:47    -2397.680103        0.282674
MDMin:  1389 01:32:49    -2397.680155        0.396165
MDMin:  1390 01:32:51    -2397.680086        0.282590
MDMin:  1391 01:32:52    -2397.680139        0.282605
MDMin:  1392 01:32:54    -2397.680045        0.399109
MDMin:  1393 01:32:55    -2397.680135        0.396367
MDMin:  1394 01:32:56    -2397.680044        0.282406
MDMin:  1395 01:32:58    -2397.680095        0.282414
MDMin:  1396 01:32:59    -2397.680129        0.396231
MDMin:  1397 01:33:00    -2397.680137        0.282358
MDMin:  1398 01:33:02    -2397.680153        0.395395
MDMin:  1399 01:33:04    -2397.680122        0.282282
MDMin:  1400 01:33:05    -2397.680177        0.282302
MDMin:  1401 01:33:07    -2397.680042        0.398367
MDMin:  1402 01:33:08    -2397.680134        0.395582
MDMin:  1403 01:33:09    -2397.680089        0.282118
MDMin:  1404 01:33:10    -2397.680142        0.282129
MDMin:  1405 01:33:12    -2397.680125        0.395509
MDMin:  1406 01:33:13    -2397.680188        0.282082
MDMin:  1407 01:33:14    -2397.680150        0.394655
MDMin:  1408 01:33:15    -2397.680177        0.282011
MDMin:  1409 01:33:17    -2397.680178        0.393716
MDMin:  1410 01:33:19    -2397.680167        0.281923
MDMin:  1411 01:33:21    -2397.680206        0.392792
MDMin:  1412 01:33:23    -2397.680158        0.281823
MDMin:  1413 01:33:25    -2397.680215        0.281845
MDMin:  1414 01:33:26    -2397.680093        0.395842
MDMin:  1415 01:33:27    -2397.680187        0.393016
MDMin:  1416 01:33:29    -2397.680138        0.281599
MDMin:  1417 01:33:31    -2397.680193        0.281615
MDMin:  1418 01:33:33    -2397.680176        0.393087
MDMin:  1419 01:33:35    -2397.680246        0.281561
MDMin:  1420 01:33:37    -2397.680201        0.392228
MDMin:  1421 01:33:39    -2397.680240        0.281478
MDMin:  1422 01:33:41    -2397.680229        0.391319
MDMin:  1423 01:33:43    -2397.680236        0.281381
MDMin:  1424 01:33:45    -2397.680257        0.390425
MDMin:  1425 01:33:47    -2397.680232        0.281271
MDMin:  1426 01:33:49    -2397.680285        0.389546
MDMin:  1427 01:33:51    -2397.680229        0.281151
MDMin:  1428 01:33:53    -2397.680288        0.281182
MDMin:  1429 01:33:55    -2397.680169        0.392680
MDMin:  1430 01:33:57    -2397.680267        0.389804
MDMin:  1431 01:33:58    -2397.680225        0.280879
MDMin:  1432 01:34:00    -2397.680285        0.280907
MDMin:  1433 01:34:01    -2397.680251        0.390044
MDMin:  1434 01:34:03    -2397.680345        0.280853
MDMin:  1435 01:34:05    -2397.680278        0.389175
MDMin:  1436 01:34:07    -2397.680346        0.280761
MDMin:  1437 01:34:08    -2397.680305        0.388301
MDMin:  1438 01:34:09    -2397.680348        0.280656
MDMin:  1439 01:34:11    -2397.680333        0.387442
MDMin:  1440 01:34:12    -2397.680351        0.280540
MDMin:  1441 01:34:13    -2397.680360        0.386596
MDMin:  1442 01:34:15    -2397.680355        0.280413
MDMin:  1443 01:34:16    -2397.680387        0.385764
MDMin:  1444 01:34:19    -2397.680360        0.280278
MDMin:  1445 01:34:21    -2397.680415        0.384943
MDMin:  1446 01:34:22    -2397.680365        0.280135
MDMin:  1447 01:34:24    -2397.680428        0.280185
MDMin:  1448 01:34:26    -2397.680296        0.388182
MDMin:  1449 01:34:28    -2397.680398        0.385242
MDMin:  1450 01:34:29    -2397.680386        0.279805
MDMin:  1451 01:34:31    -2397.680450        0.279855
MDMin:  1452 01:34:33    -2397.680376        0.385708
MDMin:  1453 01:34:34    -2397.680479        0.382768
MDMin:  1454 01:34:36    -2397.680416        0.279387
MDMin:  1455 01:34:37    -2397.680482        0.279443
MDMin:  1456 01:34:39    -2397.680456        0.383343
MDMin:  1457 01:34:40    -2397.680558        0.279382
MDMin:  1458 01:34:41    -2397.680485        0.382475
MDMin:  1459 01:34:43    -2397.680571        0.279264
MDMin:  1460 01:34:45    -2397.680512        0.381679
MDMin:  1461 01:34:46    -2397.680585        0.279136
MDMin:  1462 01:34:48    -2397.680539        0.380894
MDMin:  1463 01:34:50    -2397.680600        0.278999
MDMin:  1464 01:34:51    -2397.680566        0.380121
MDMin:  1465 01:34:53    -2397.680617        0.278855
MDMin:  1466 01:34:55    -2397.680593        0.379359
MDMin:  1467 01:34:57    -2397.680634        0.278704
MDMin:  1468 01:34:59    -2397.680620        0.378607
MDMin:  1469 01:35:01    -2397.680652        0.278548
MDMin:  1470 01:35:03    -2397.680647        0.377865
MDMin:  1471 01:35:04    -2397.680672        0.278387
MDMin:  1472 01:35:07    -2397.680673        0.377132
MDMin:  1473 01:35:08    -2397.680692        0.278221
MDMin:  1474 01:35:10    -2397.680700        0.376407
MDMin:  1475 01:35:12    -2397.680714        0.278052
MDMin:  1476 01:35:13    -2397.680727        0.375691
MDMin:  1477 01:35:14    -2397.680736        0.277879
MDMin:  1478 01:35:16    -2397.680754        0.374983
MDMin:  1479 01:35:18    -2397.680760        0.277704
MDMin:  1480 01:35:20    -2397.680780        0.374283
MDMin:  1481 01:35:22    -2397.680785        0.277527
MDMin:  1482 01:35:24    -2397.680807        0.373590
MDMin:  1483 01:35:26    -2397.680811        0.277348
MDMin:  1484 01:35:28    -2397.680834        0.372905
MDMin:  1485 01:35:30    -2397.680838        0.277167
MDMin:  1486 01:35:31    -2397.680860        0.372226
MDMin:  1487 01:35:33    -2397.680866        0.276985
MDMin:  1488 01:35:35    -2397.680887        0.371554
MDMin:  1489 01:35:37    -2397.680895        0.276801
MDMin:  1490 01:35:39    -2397.680913        0.370889
MDMin:  1491 01:35:41    -2397.680925        0.276616
MDMin:  1492 01:35:43    -2397.680940        0.370230
MDMin:  1493 01:35:45    -2397.680956        0.276431
MDMin:  1494 01:35:47    -2397.680966        0.369577
MDMin:  1495 01:35:49    -2397.680988        0.276245
MDMin:  1496 01:35:51    -2397.680993        0.368930
MDMin:  1497 01:35:53    -2397.681022        0.276058
MDMin:  1498 01:35:55    -2397.681019        0.368290
MDMin:  1499 01:35:56    -2397.681056        0.275871
MDMin:  1500 01:35:58    -2397.681045        0.367654
MDMin:  1501 01:35:59    -2397.681092        0.275684
MDMin:  1502 01:36:00    -2397.681072        0.367025
MDMin:  1503 01:36:02    -2397.681128        0.275496
MDMin:  1504 01:36:03    -2397.681098        0.366400
MDMin:  1505 01:36:05    -2397.681166        0.275308
MDMin:  1506 01:36:06    -2397.681124        0.366057
MDMin:  1507 01:36:08    -2397.681205        0.275120
MDMin:  1508 01:36:09    -2397.681150        0.366220
MDMin:  1509 01:36:11    -2397.681244        0.274931
MDMin:  1510 01:36:12    -2397.681177        0.366382
MDMin:  1511 01:36:14    -2397.681285        0.274743
MDMin:  1512 01:36:16    -2397.681203        0.366545
MDMin:  1513 01:36:18    -2397.681314        0.366820
MDMin:  1514 01:36:20    -2397.681267        0.273743
MDMin:  1515 01:36:21    -2397.681352        0.273950
MDMin:  1516 01:36:23    -2397.681260        0.367052
MDMin:  1517 01:36:25    -2397.681384        0.367335
MDMin:  1518 01:36:27    -2397.681409        0.273076
MDMin:  1519 01:36:29    -2397.681496        0.273314
MDMin:  1520 01:36:31    -2397.681336        0.367607
MDMin:  1521 01:36:33    -2397.681462        0.367870
MDMin:  1522 01:36:35    -2397.681562        0.272454
MDMin:  1523 01:36:37    -2397.681587        0.368266
MDMin:  1524 01:36:39    -2397.681624        0.272230
MDMin:  1525 01:36:40    -2397.681615        0.368435
MDMin:  1526 01:36:43    -2397.681676        0.271992
MDMin:  1527 01:36:45    -2397.681641        0.368599
MDMin:  1528 01:36:47    -2397.681729        0.271762
MDMin:  1529 01:36:49    -2397.681666        0.368763
MDMin:  1530 01:36:50    -2397.681783        0.368941
MDMin:  1531 01:36:51    -2397.681740        0.270534
MDMin:  1532 01:36:53    -2397.681830        0.270844
MDMin:  1533 01:36:55    -2397.681716        0.369299
MDMin:  1534 01:36:57    -2397.681849        0.369477
MDMin:  1535 01:36:59    -2397.681917        0.269802
MDMin:  1536 01:37:00    -2397.681974        0.369816
MDMin:  1537 01:37:02    -2397.681989        0.269572
MDMin:  1538 01:37:03    -2397.682002        0.369992
MDMin:  1539 01:37:05    -2397.682048        0.269321
MDMin:  1540 01:37:06    -2397.682028        0.370163
MDMin:  1541 01:37:08    -2397.682108        0.269901
MDMin:  1542 01:37:09    -2397.682053        0.370332
MDMin:  1543 01:37:10    -2397.682168        0.272084
MDMin:  1544 01:37:13    -2397.682079        0.370501
MDMin:  1545 01:37:15    -2397.682200        0.370584
MDMin:  1546 01:37:17    -2397.682198        0.276316
MDMin:  1547 01:37:19    -2397.682290        0.277687
MDMin:  1548 01:37:20    -2397.682120        0.371082
MDMin:  1549 01:37:22    -2397.682263        0.371151
MDMin:  1550 01:37:24    -2397.682393        0.283613
MDMin:  1551 01:37:26    -2397.682387        0.371425
MDMin:  1552 01:37:28    -2397.682472        0.286336
MDMin:  1553 01:37:29    -2397.682416        0.371606
MDMin:  1554 01:37:31    -2397.682536        0.288806
MDMin:  1555 01:37:34    -2397.682442        0.371783
MDMin:  1556 01:37:36    -2397.682567        0.371779
MDMin:  1557 01:37:38    -2397.682575        0.293527
MDMin:  1558 01:37:39    -2397.682668        0.295094
MDMin:  1559 01:37:40    -2397.682476        0.372425
MDMin:  1560 01:37:42    -2397.682627        0.372386
MDMin:  1561 01:37:44    -2397.682776        0.301749
MDMin:  1562 01:37:45    -2397.682752        0.372610
MDMin:  1563 01:37:47    -2397.682858        0.304855
MDMin:  1564 01:37:48    -2397.682782        0.372798
MDMin:  1565 01:37:50    -2397.682912        0.372707
MDMin:  1566 01:37:53    -2397.682902        0.310039
MDMin:  1567 01:37:55    -2397.682993        0.311787
MDMin:  1568 01:37:57    -2397.682811        0.373513
MDMin:  1569 01:37:59    -2397.682970        0.373363
MDMin:  1570 01:38:01    -2397.683100        0.319091
MDMin:  1571 01:38:02    -2397.683094        0.373545
MDMin:  1572 01:38:04    -2397.683181        0.322545
MDMin:  1573 01:38:06    -2397.683125        0.373740
MDMin:  1574 01:38:08    -2397.683243        0.325583
MDMin:  1575 01:38:10    -2397.683150        0.373933
MDMin:  1576 01:38:11    -2397.683285        0.373732
MDMin:  1577 01:38:13    -2397.683287        0.331234
MDMin:  1578 01:38:15    -2397.683373        0.333184
MDMin:  1579 01:38:17    -2397.683170        0.374723
MDMin:  1580 01:38:19    -2397.683341        0.374425
MDMin:  1581 01:38:20    -2397.683473        0.341182
MDMin:  1582 01:38:22    -2397.683464        0.374554
MDMin:  1583 01:38:24    -2397.683550        0.345018
MDMin:  1584 01:38:26    -2397.683496        0.374750
MDMin:  1585 01:38:28    -2397.683609        0.348329
MDMin:  1586 01:38:29    -2397.683521        0.374948
MDMin:  1587 01:38:30    -2397.683664        0.374619
MDMin:  1588 01:38:31    -2397.683649        0.354365
MDMin:  1589 01:38:32    -2397.683730        0.356479
MDMin:  1590 01:38:34    -2397.683534        0.375823
MDMin:  1591 01:38:36    -2397.683717        0.375349
MDMin:  1592 01:38:38    -2397.683820        0.364956
MDMin:  1593 01:38:40    -2397.683839        0.375424
MDMin:  1594 01:38:42    -2397.683892        0.369061
MDMin:  1595 01:38:44    -2397.683873        0.375617
MDMin:  1596 01:38:45    -2397.683947        0.372529
MDMin:  1597 01:38:47    -2397.683898        0.375818
MDMin:  1598 01:38:48    -2397.683999        0.375931
MDMin:  1599 01:38:49    -2397.683922        0.377681
MDMin:  1600 01:38:51    -2397.684050        0.379320
MDMin:  1601 01:38:52    -2397.683946        0.381065
MDMin:  1602 01:38:53    -2397.684098        0.382698
MDMin:  1603 01:38:54    -2397.684086        0.385409
MDMin:  1604 01:38:56    -2397.684160        0.387562
MDMin:  1605 01:38:57    -2397.683949        0.390754
MDMin:  1606 01:38:59    -2397.684150        0.392805
MDMin:  1607 01:39:01    -2397.684241        0.395864
MDMin:  1608 01:39:03    -2397.684271        0.398128
MDMin:  1609 01:39:05    -2397.684309        0.399870
MDMin:  1610 01:39:06    -2397.684308        0.401586
MDMin:  1611 01:39:08    -2397.684360        0.403132
MDMin:  1612 01:39:10    -2397.684333        0.404746
MDMin:  1613 01:39:12    -2397.684409        0.406235
MDMin:  1614 01:39:14    -2397.684358        0.407801
MDMin:  1615 01:39:15    -2397.684457        0.409248
MDMin:  1616 01:39:16    -2397.684381        0.410769
MDMin:  1617 01:39:18    -2397.684505        0.412171
MDMin:  1618 01:39:19    -2397.684405        0.413642
MDMin:  1619 01:39:20    -2397.684553        0.414995
MDMin:  1620 01:39:22    -2397.684429        0.416411
MDMin:  1621 01:39:23    -2397.684596        0.417710
MDMin:  1622 01:39:25    -2397.684596        0.419747
MDMin:  1623 01:39:26    -2397.684661        0.421381
MDMin:  1624 01:39:28    -2397.684421        0.423649
MDMin:  1625 01:39:29    -2397.684645        0.425107
MDMin:  1626 01:39:31    -2397.684748        0.427119
MDMin:  1627 01:39:32    -2397.684766        0.428582
MDMin:  1628 01:39:34    -2397.684818        0.429659
MDMin:  1629 01:39:36    -2397.684806        0.430666
MDMin:  1630 01:39:37    -2397.684872        0.431525
MDMin:  1631 01:39:40    -2397.684833        0.432377
MDMin:  1632 01:39:41    -2397.684923        0.433122
MDMin:  1633 01:39:43    -2397.684857        0.433862
MDMin:  1634 01:39:46    -2397.684975        0.434505
MDMin:  1635 01:39:48    -2397.684881        0.435136
MDMin:  1636 01:39:49    -2397.685026        0.435675
MDMin:  1637 01:39:51    -2397.684905        0.436193
MDMin:  1638 01:39:52    -2397.685079        0.436625
MDMin:  1639 01:39:54    -2397.684930        0.437027
MDMin:  1640 01:39:55    -2397.685109        0.437348
MDMin:  1641 01:39:56    -2397.685145        0.437746
MDMin:  1642 01:39:58    -2397.685193        0.437975
MDMin:  1643 01:40:00    -2397.685214        0.438087
MDMin:  1644 01:40:01    -2397.685229        0.438129
MDMin:  1645 01:40:03    -2397.685273        0.438104
MDMin:  1646 01:40:04    -2397.685254        0.438012
MDMin:  1647 01:40:05    -2397.685330        0.437866
MDMin:  1648 01:40:07    -2397.685278        0.437647
MDMin:  1649 01:40:09    -2397.685388        0.437381
MDMin:  1650 01:40:11    -2397.685302        0.437034
MDMin:  1651 01:40:13    -2397.685447        0.436648
MDMin:  1652 01:40:15    -2397.685326        0.436174
MDMin:  1653 01:40:18    -2397.685506        0.435670
MDMin:  1654 01:40:19    -2397.685350        0.435071
MDMin:  1655 01:40:21    -2397.685536        0.434450
MDMin:  1656 01:40:22    -2397.685599        0.433375
MDMin:  1657 01:40:23    -2397.685618        0.432335
MDMin:  1658 01:40:24    -2397.685676        0.431397
MDMin:  1659 01:40:25    -2397.685653        0.430386
MDMin:  1660 01:40:27    -2397.685743        0.429406
MDMin:  1661 01:40:28    -2397.685679        0.428319
MDMin:  1662 01:40:29    -2397.685809        0.427252
MDMin:  1663 01:40:31    -2397.685702        0.426066
MDMin:  1664 01:40:32    -2397.685876        0.424904
MDMin:  1665 01:40:34    -2397.685725        0.423618
MDMin:  1666 01:40:36    -2397.685914        0.422363
MDMin:  1667 01:40:38    -2397.685992        0.420332
MDMin:  1668 01:40:40    -2397.685995        0.418485
MDMin:  1669 01:40:42    -2397.686077        0.416891
MDMin:  1670 01:40:43    -2397.686030        0.415243
MDMin:  1671 01:40:45    -2397.686152        0.413697
MDMin:  1672 01:40:46    -2397.686054        0.412038
MDMin:  1673 01:40:48    -2397.686226        0.410452
MDMin:  1674 01:40:49    -2397.686077        0.408736
MDMin:  1675 01:40:51    -2397.686268        0.407094
MDMin:  1676 01:40:52    -2397.686364        0.404494
MDMin:  1677 01:40:54    -2397.686347        0.402183
MDMin:  1678 01:40:56    -2397.686456        0.400220
MDMin:  1679 01:40:57    -2397.686380        0.398224
MDMin:  1680 01:40:59    -2397.686538        0.396377
MDMin:  1681 01:41:01    -2397.686404        0.394421
MDMin:  1682 01:41:03    -2397.686596        0.394588
MDMin:  1683 01:41:04    -2397.686696        0.395065
MDMin:  1684 01:41:06    -2397.686674        0.395428
MDMin:  1685 01:41:07    -2397.686794        0.395693
MDMin:  1686 01:41:08    -2397.686707        0.395924
MDMin:  1687 01:41:09    -2397.686883        0.396106
MDMin:  1688 01:41:11    -2397.686730        0.396265
MDMin:  1689 01:41:12    -2397.686922        0.396385
MDMin:  1690 01:41:13    -2397.687059        0.396517
MDMin:  1691 01:41:14    -2397.686998        0.396576
MDMin:  1692 01:41:16    -2397.687165        0.396585
MDMin:  1693 01:41:18    -2397.687030        0.396558
MDMin:  1694 01:41:20    -2397.687226        0.396500
MDMin:  1695 01:41:21    -2397.687361        0.396355
MDMin:  1696 01:41:23    -2397.687303        0.396170
MDMin:  1697 01:41:25    -2397.687473        0.395973
MDMin:  1698 01:41:26    -2397.687334        0.395739
MDMin:  1699 01:41:28    -2397.687531        0.395491
MDMin:  1700 01:41:29    -2397.687685        0.395050
MDMin:  1701 01:41:31    -2397.687606        0.394610
MDMin:  1702 01:41:33    -2397.687804        0.394199
MDMin:  1703 01:41:35    -2397.687636        0.393751
MDMin:  1704 01:41:36    -2397.687832        0.393306
MDMin:  1705 01:41:37    -2397.688033        0.392562
MDMin:  1706 01:41:39    -2397.687906        0.391861
MDMin:  1707 01:41:40    -2397.688121        0.391231
MDMin:  1708 01:41:41    -2397.688296        0.390223
MDMin:  1709 01:41:43    -2397.688203        0.389312
MDMin:  1710 01:41:45    -2397.688421        0.388517
MDMin:  1711 01:41:46    -2397.688580        0.387269
MDMin:  1712 01:41:48    -2397.688504        0.386164
MDMin:  1713 01:41:49    -2397.688720        0.385210
MDMin:  1714 01:41:51    -2397.688532        0.384236
MDMin:  1715 01:41:53    -2397.688728        0.383312
MDMin:  1716 01:41:54    -2397.688994        0.381838
MDMin:  1717 01:41:56    -2397.688799        0.380523
MDMin:  1718 01:41:57    -2397.689012        0.379378
MDMin:  1719 01:41:58    -2397.689306        0.377611
MDMin:  1720 01:42:00    -2397.689089        0.376080
MDMin:  1721 01:42:02    -2397.689306        0.374775
MDMin:  1722 01:42:04    -2397.689623        0.372782
MDMin:  1723 01:42:06    -2397.689887        0.370020
MDMin:  1724 01:42:08    -2397.689750        0.367873
MDMin:  1725 01:42:10    -2397.689989        0.366189
MDMin:  1726 01:42:12    -2397.690289        0.363713
MDMin:  1727 01:42:13    -2397.690074        0.361673
MDMin:  1728 01:42:16    -2397.690294        0.359985
MDMin:  1729 01:42:17    -2397.690614        0.357461
MDMin:  1730 01:42:19    -2397.690972        0.354037
MDMin:  1731 01:42:21    -2397.690736        0.351443
MDMin:  1732 01:42:23    -2397.690973        0.349428
MDMin:  1733 01:42:25    -2397.691309        0.346505
MDMin:  1734 01:42:27    -2397.691741        0.342619
MDMin:  1735 01:42:29    -2397.690990        0.337712
MDMin:  1736 01:42:31    -2397.690629        0.332300
MDMin:  1737 01:42:33    -2397.690215        0.325771
MDMin:  1738 01:42:35    -2397.689750        0.318090
MDMin:  1739 01:42:36    -2397.689239        0.309259
MDMin:  1740 01:42:37    -2397.688683        0.299336
MDMin:  1741 01:42:39    -2397.688084        0.288431
MDMin:  1742 01:42:40    -2397.687439        0.289563
MDMin:  1743 01:42:41    -2397.685550        0.294371
MDMin:  1744 01:42:43    -2397.684923        0.298974
MDMin:  1745 01:42:44    -2397.684263        0.303652
MDMin:  1746 01:42:45    -2397.683574        0.308243
MDMin:  1747 01:42:47    -2397.682856        0.312546
MDMin:  1748 01:42:48    -2397.682111        0.316329
MDMin:  1749 01:42:49    -2397.681338        0.319335
MDMin:  1750 01:42:50    -2397.680540        0.321289
MDMin:  1751 01:42:51    -2397.679718        0.321914
MDMin:  1752 01:42:53    -2397.678876        0.320947
MDMin:  1753 01:42:55    -2397.678020        0.318156
MDMin:  1754 01:42:57    -2397.677153        0.313367
MDMin:  1755 01:42:58    -2397.676284        0.306481
MDMin:  1756 01:42:59    -2397.675418        0.297521
MDMin:  1757 01:43:00    -2397.674575        0.295362
MDMin:  1758 01:43:02    -2397.673850        0.394781
MDMin:  1759 01:43:03    -2397.673510        0.298495
MDMin:  1760 01:43:04    -2397.673342        0.298595
MDMin:  1761 01:43:06    -2397.673138        0.298612
MDMin:  1762 01:43:08    -2397.672906        0.299445
MDMin:  1763 01:43:09    -2397.672647        0.300420
MDMin:  1764 01:43:11    -2397.672362        0.301450
MDMin:  1765 01:43:12    -2397.672053        0.302505
MDMin:  1766 01:43:14    -2397.671721        0.303549
MDMin:  1767 01:43:15    -2397.671368        0.304533
MDMin:  1768 01:43:16    -2397.670996        0.305414
MDMin:  1769 01:43:18    -2397.670606        0.306146
MDMin:  1770 01:43:20    -2397.670199        0.306636
MDMin:  1771 01:43:22    -2397.669776        0.306763
MDMin:  1772 01:43:24    -2397.669340        0.306377
MDMin:  1773 01:43:26    -2397.668890        0.305294
MDMin:  1774 01:43:28    -2397.668426        0.303292
MDMin:  1775 01:43:29    -2397.667950        0.300113
MDMin:  1776 01:43:31    -2397.667460        0.295509
MDMin:  1777 01:43:32    -2397.666962        0.304848
MDMin:  1778 01:43:33    -2397.666500        0.468653
MDMin:  1779 01:43:35    -2397.666237        0.465418
MDMin:  1780 01:43:36    -2397.666123        0.327462
MDMin:  1781 01:43:38    -2397.665981        0.331055
MDMin:  1782 01:43:39    -2397.665816        0.335178
MDMin:  1783 01:43:41    -2397.665629        0.339788
MDMin:  1784 01:43:42    -2397.665420        0.344826
MDMin:  1785 01:43:44    -2397.665189        0.350210
MDMin:  1786 01:43:46    -2397.664937        0.355836
MDMin:  1787 01:43:48    -2397.664664        0.361579
MDMin:  1788 01:43:50    -2397.664371        0.367287
MDMin:  1789 01:43:51    -2397.664059        0.372794
MDMin:  1790 01:43:52    -2397.663730        0.377917
MDMin:  1791 01:43:54    -2397.663385        0.382474
MDMin:  1792 01:43:55    -2397.663025        0.386286
MDMin:  1793 01:43:57    -2397.662654        0.389196
MDMin:  1794 01:43:59    -2397.662275        0.397292
MDMin:  1795 01:44:01    -2397.661891        0.407651
MDMin:  1796 01:44:03    -2397.661507        0.417992
MDMin:  1797 01:44:04    -2397.661133        0.428090
MDMin:  1798 01:44:06    -2397.660811        0.533227
MDMin:  1799 01:44:09    -2397.660664        0.440704
MDMin:  1800 01:44:10    -2397.660592        0.442597
MDMin:  1801 01:44:12    -2397.660503        0.444950
MDMin:  1802 01:44:14    -2397.660403        0.447660
MDMin:  1803 01:44:16    -2397.660291        0.450708
MDMin:  1804 01:44:17    -2397.660170        0.454061
MDMin:  1805 01:44:19    -2397.660041        0.457675
MDMin:  1806 01:44:20    -2397.659905        0.461485
MDMin:  1807 01:44:21    -2397.659764        0.465400
MDMin:  1808 01:44:23    -2397.659621        0.469324
MDMin:  1809 01:44:25    -2397.659476        0.473130
MDMin:  1810 01:44:26    -2397.659334        0.476617
MDMin:  1811 01:44:27    -2397.659195        0.479517
MDMin:  1812 01:44:29    -2397.659062        0.481479
MDMin:  1813 01:44:30    -2397.658936        0.482057
MDMin:  1814 01:44:32    -2397.658821        0.480700
MDMin:  1815 01:44:33    -2397.658717        0.476734
MDMin:  1816 01:44:34    -2397.658627        0.469235
MDMin:  1817 01:44:35    -2397.658551        0.457371
MDMin:  1818 01:44:37    -2397.658491        0.440546
MDMin:  1819 01:44:38    -2397.658450        0.419275
MDMin:  1820 01:44:40    -2397.658430        0.605404
MDMin:  1821 01:44:41    -2397.658425        0.428972
MDMin:  1822 01:44:43    -2397.658421        0.432872
MDMin:  1823 01:44:44    -2397.658418        0.437034
MDMin:  1824 01:44:46    -2397.658417        0.441307
MDMin:  1825 01:44:47    -2397.658420        0.445509
MDMin:  1826 01:44:49    -2397.658426        0.449434
MDMin:  1827 01:44:51    -2397.658437        0.452859
MDMin:  1828 01:44:53    -2397.658453        0.455564
MDMin:  1829 01:44:55    -2397.658476        0.457346
MDMin:  1830 01:44:56    -2397.658506        0.458040
MDMin:  1831 01:44:58    -2397.658544        0.457537
MDMin:  1832 01:45:00    -2397.658591        0.455797
MDMin:  1833 01:45:02    -2397.658647        0.452855
MDMin:  1834 01:45:03    -2397.658714        0.448823
MDMin:  1835 01:45:05    -2397.658792        0.443878
MDMin:  1836 01:45:07    -2397.658881        0.438277
MDMin:  1837 01:45:09    -2397.658974        0.432570
MDMin:  1838 01:45:11    -2397.659042        0.519737
MDMin:  1839 01:45:13    -2397.659072        0.426620
MDMin:  1840 01:45:14    -2397.659109        0.424441
MDMin:  1841 01:45:16    -2397.659153        0.425749
MDMin:  1842 01:45:17    -2397.659203        0.432098
MDMin:  1843 01:45:19    -2397.659261        0.439498
MDMin:  1844 01:45:21    -2397.659327        0.448035
MDMin:  1845 01:45:22    -2397.659401        0.457804
MDMin:  1846 01:45:24    -2397.659483        0.468854
MDMin:  1847 01:45:25    -2397.659576        0.481194
MDMin:  1848 01:45:27    -2397.659678        0.494817
MDMin:  1849 01:45:28    -2397.659791        0.509623
MDMin:  1850 01:45:29    -2397.659915        0.525386
MDMin:  1851 01:45:31    -2397.660050        0.541720
MDMin:  1852 01:45:33    -2397.660198        0.558019
MDMin:  1853 01:45:35    -2397.660358        0.573420
MDMin:  1854 01:45:37    -2397.660531        0.586770
MDMin:  1855 01:45:39    -2397.660717        0.596482
MDMin:  1856 01:45:41    -2397.660910        0.600767
MDMin:  1857 01:45:43    -2397.661088        0.599148
MDMin:  1858 01:45:44    -2397.661200        0.615695
MDMin:  1859 01:45:46    -2397.661277        0.628603
MDMin:  1860 01:45:47    -2397.661362        0.641918
MDMin:  1861 01:45:48    -2397.661459        0.655874
MDMin:  1862 01:45:50    -2397.661570        0.669858
MDMin:  1863 01:45:52    -2397.661694        0.683072
MDMin:  1864 01:45:54    -2397.661832        0.694639
MDMin:  1865 01:45:56    -2397.661986        0.703732
MDMin:  1866 01:45:58    -2397.662157        0.709727
MDMin:  1867 01:45:59    -2397.662346        0.712319
MDMin:  1868 01:46:01    -2397.662554        0.711565
MDMin:  1869 01:46:03    -2397.662783        0.707849
MDMin:  1870 01:46:05    -2397.663034        0.701830
MDMin:  1871 01:46:06    -2397.663306        0.694376
MDMin:  1872 01:46:08    -2397.663594        0.686660
MDMin:  1873 01:46:09    -2397.663854        0.680444
MDMin:  1874 01:46:11    -2397.664004        0.677309
MDMin:  1875 01:46:14    -2397.664115        0.675324
MDMin:  1876 01:46:16    -2397.664239        0.673487
MDMin:  1877 01:46:18    -2397.664381        0.671895
MDMin:  1878 01:46:19    -2397.664542        0.670753
MDMin:  1879 01:46:20    -2397.664722        0.670309
MDMin:  1880 01:46:21    -2397.664922        0.670849
MDMin:  1881 01:46:22    -2397.665143        0.672702
MDMin:  1882 01:46:23    -2397.665385        0.676243
MDMin:  1883 01:46:24    -2397.665649        0.681887
MDMin:  1884 01:46:26    -2397.665935        0.690103
MDMin:  1885 01:46:28    -2397.666243        0.701409
MDMin:  1886 01:46:30    -2397.666571        0.716360
MDMin:  1887 01:46:32    -2397.666915        0.735347
MDMin:  1888 01:46:34    -2397.667251        0.757461
MDMin:  1889 01:46:35    -2397.667510        0.776901
MDMin:  1890 01:46:36    -2397.667657        0.788992
MDMin:  1891 01:46:38    -2397.667805        0.801923
MDMin:  1892 01:46:40    -2397.667969        0.817508
MDMin:  1893 01:46:41    -2397.668152        0.836343
MDMin:  1894 01:46:42    -2397.668353        0.858994
MDMin:  1895 01:46:44    -2397.668571        0.886083
MDMin:  1896 01:46:45    -2397.668807        0.918295
MDMin:  1897 01:46:46    -2397.669058        0.956309
MDMin:  1898 01:46:48    -2397.669324        1.000668
MDMin:  1899 01:46:49    -2397.669604        1.051518
MDMin:  1900 01:46:51    -2397.669894        1.108269
MDMin:  1901 01:46:52    -2397.670195        1.169313
MDMin:  1902 01:46:53    -2397.670503        1.232091
MDMin:  1903 01:46:55    -2397.670517        1.293550
MDMin:  1904 01:46:56    -2397.670288        1.350410
MDMin:  1905 01:46:57    -2397.670067        1.398963
MDMin:  1906 01:46:58    -2397.669863        1.435457
MDMin:  1907 01:47:00    -2397.669691        1.458385
MDMin:  1908 01:47:01    -2397.669548        1.471297
MDMin:  1909 01:47:03    -2397.669417        1.479197
MDMin:  1910 01:47:04    -2397.669284        1.483989
MDMin:  1911 01:47:06    -2397.669143        1.485835
MDMin:  1912 01:47:08    -2397.668994        1.484428
MDMin:  1913 01:47:10    -2397.668835        1.479368
MDMin:  1914 01:47:12    -2397.668667        1.470697
MDMin:  1915 01:47:14    -2397.668489        1.458665
MDMin:  1916 01:47:15    -2397.668303        1.442507
MDMin:  1917 01:47:17    -2397.668109        1.419245
MDMin:  1918 01:47:19    -2397.667916        1.385740
MDMin:  1919 01:47:21    -2397.667740        1.344632
MDMin:  1920 01:47:22    -2397.667601        1.305945
MDMin:  1921 01:47:23    -2397.667486        1.271226
MDMin:  1922 01:47:25    -2397.667370        1.235147
MDMin:  1923 01:47:27    -2397.667243        1.195184
MDMin:  1924 01:47:29    -2397.667103        1.151057
MDMin:  1925 01:47:30    -2397.666947        1.103388
MDMin:  1926 01:47:32    -2397.666777        1.053297
MDMin:  1927 01:47:34    -2397.666592        1.002408
MDMin:  1928 01:47:35    -2397.666396        0.953041
MDMin:  1929 01:47:36    -2397.666204        0.919040
MDMin:  1930 01:47:38    -2397.666045        0.897259
MDMin:  1931 01:47:39    -2397.665934        0.880591
MDMin:  1932 01:47:40    -2397.665830        0.864218
MDMin:  1933 01:47:41    -2397.665716        0.845155
MDMin:  1934 01:47:42    -2397.665587        0.822509
MDMin:  1935 01:47:44    -2397.665443        0.795721
MDMin:  1936 01:47:45    -2397.665284        0.764368
MDMin:  1937 01:47:47    -2397.665107        0.728274
MDMin:  1938 01:47:48    -2397.664913        0.687762
MDMin:  1939 01:47:50    -2397.664702        0.648357
MDMin:  1940 01:47:51    -2397.664483        0.615505
MDMin:  1941 01:47:53    -2397.664289        0.587552
MDMin:  1942 01:47:55    -2397.664170        0.571195
MDMin:  1943 01:47:57    -2397.664076        0.558516
MDMin:  1944 01:47:59    -2397.663972        0.544872
MDMin:  1945 01:48:01    -2397.663854        0.529799
MDMin:  1946 01:48:02    -2397.663721        0.513317
MDMin:  1947 01:48:04    -2397.663573        0.495491
MDMin:  1948 01:48:05    -2397.663410        0.476412
MDMin:  1949 01:48:07    -2397.663231        0.456196
MDMin:  1950 01:48:09    -2397.663036        0.435009
MDMin:  1951 01:48:11    -2397.662825        0.413114
MDMin:  1952 01:48:12    -2397.662604        0.391078
MDMin:  1953 01:48:14    -2397.662389        0.370804
MDMin:  1954 01:48:16    -2397.662242        0.387728
MDMin:  1955 01:48:18    -2397.662169        0.351075
MDMin:  1956 01:48:20    -2397.662088        0.344020
MDMin:  1957 01:48:22    -2397.661995        0.336076
MDMin:  1958 01:48:24    -2397.661890        0.328977
MDMin:  1959 01:48:26    -2397.661773        0.322527
MDMin:  1960 01:48:28    -2397.661645        0.315466
MDMin:  1961 01:48:30    -2397.661506        0.307797
MDMin:  1962 01:48:31    -2397.661357        0.299530
MDMin:  1963 01:48:33    -2397.661198        0.290680
MDMin:  1964 01:48:35    -2397.661029        0.284907
MDMin:  1965 01:48:37    -2397.660853        0.279911
MDMin:  1966 01:48:39    -2397.660671        0.274644
MDMin:  1967 01:48:40    -2397.660484        0.269170
MDMin:  1968 01:48:42    -2397.660299        0.263669
MDMin:  1969 01:48:43    -2397.660144        0.396850
MDMin:  1970 01:48:44    -2397.660081        0.257045
MDMin:  1971 01:48:46    -2397.660033        0.255583
MDMin:  1972 01:48:47    -2397.659979        0.253929
MDMin:  1973 01:48:49    -2397.659919        0.252088
MDMin:  1974 01:48:51    -2397.659853        0.250079
MDMin:  1975 01:48:52    -2397.659782        0.247928
MDMin:  1976 01:48:53    -2397.659707        0.245664
MDMin:  1977 01:48:55    -2397.659627        0.243322
MDMin:  1978 01:48:57    -2397.659546        0.240939
MDMin:  1979 01:48:58    -2397.659462        0.238561
MDMin:  1980 01:49:00    -2397.659378        0.236236
MDMin:  1981 01:49:03    -2397.659294        0.234017
MDMin:  1982 01:49:04    -2397.659212        0.231957
MDMin:  1983 01:49:06    -2397.659134        0.230111
MDMin:  1984 01:49:08    -2397.659060        0.228540
MDMin:  1985 01:49:10    -2397.658993        0.227302
MDMin:  1986 01:49:12    -2397.658938        0.270785
MDMin:  1987 01:49:14    -2397.658908        0.290790
MDMin:  1988 01:49:16    -2397.658896        0.225981
MDMin:  1989 01:49:18    -2397.658882        0.225854
MDMin:  1990 01:49:19    -2397.658867        0.225752
MDMin:  1991 01:49:20    -2397.658851        0.225692
MDMin:  1992 01:49:22    -2397.658835        0.225691
MDMin:  1993 01:49:23    -2397.658819        0.225767
MDMin:  1994 01:49:24    -2397.658804        0.225936
MDMin:  1995 01:49:26    -2397.658790        0.226213
MDMin:  1996 01:49:28    -2397.658779        0.226609
MDMin:  1997 01:49:30    -2397.658770        0.227133
MDMin:  1998 01:49:32    -2397.658764        0.227786
MDMin:  1999 01:49:34    -2397.658763        0.228567
MDMin:  2000 01:49:36    -2397.658766        0.229461
MDMin:  2001 01:49:37    -2397.658774        0.230446
MDMin:  2002 01:49:39    -2397.658788        0.231483
MDMin:  2003 01:49:41    -2397.658809        0.232519
MDMin:  2004 01:49:43    -2397.658837        0.233476
MDMin:  2005 01:49:45    -2397.658871        0.234231
MDMin:  2006 01:49:47    -2397.658900        0.366054
MDMin:  2007 01:49:49    -2397.658912        0.234690
MDMin:  2008 01:49:50    -2397.658926        0.234762
MDMin:  2009 01:49:52    -2397.658944        0.234802
MDMin:  2010 01:49:54    -2397.658965        0.234789
MDMin:  2011 01:49:55    -2397.658989        0.234694
MDMin:  2012 01:49:56    -2397.659018        0.234483
MDMin:  2013 01:49:57    -2397.659051        0.234113
MDMin:  2014 01:49:58    -2397.659089        0.233533
MDMin:  2015 01:50:00    -2397.659133        0.232685
MDMin:  2016 01:50:01    -2397.659182        0.231496
MDMin:  2017 01:50:02    -2397.659238        0.229882
MDMin:  2018 01:50:03    -2397.659302        0.227753
MDMin:  2019 01:50:05    -2397.659374        0.225012
MDMin:  2020 01:50:06    -2397.659455        0.221556
MDMin:  2021 01:50:08    -2397.659546        0.217289
MDMin:  2022 01:50:09    -2397.659647        0.212156
MDMin:  2023 01:50:10    -2397.659754        0.233110
MDMin:  2024 01:50:12    -2397.659833        0.363420
MDMin:  2025 01:50:14    -2397.659858        0.209132
MDMin:  2026 01:50:15    -2397.659892        0.208980
MDMin:  2027 01:50:16    -2397.659933        0.208777
MDMin:  2028 01:50:18    -2397.659980        0.208509
MDMin:  2029 01:50:19    -2397.660033        0.208163
MDMin:  2030 01:50:20    -2397.660095        0.207723
MDMin:  2031 01:50:22    -2397.660164        0.207174
MDMin:  2032 01:50:24    -2397.660242        0.206500
MDMin:  2033 01:50:26    -2397.660329        0.205684
MDMin:  2034 01:50:27    -2397.660426        0.204712
MDMin:  2035 01:50:29    -2397.660534        0.203570
MDMin:  2036 01:50:30    -2397.660654        0.202249
MDMin:  2037 01:50:31    -2397.660787        0.200741
MDMin:  2038 01:50:32    -2397.660933        0.199045
MDMin:  2039 01:50:34    -2397.661095        0.197165
MDMin:  2040 01:50:36    -2397.661272        0.195126
MDMin:  2041 01:50:38    -2397.661457        0.193030
MDMin:  2042 01:50:39    -2397.661600        0.335515
MDMin:  2043 01:50:41    -2397.661647        0.190852
MDMin:  2044 01:50:43    -2397.661708        0.190147
MDMin:  2045 01:50:44    -2397.661780        0.189350
MDMin:  2046 01:50:45    -2397.661861        0.188466
MDMin:  2047 01:50:47    -2397.661955        0.187500
MDMin:  2048 01:50:49    -2397.662059        0.186463
MDMin:  2049 01:50:51    -2397.662176        0.185363
MDMin:  2050 01:50:52    -2397.662306        0.184213
MDMin:  2051 01:50:54    -2397.662449        0.183028
MDMin:  2052 01:50:55    -2397.662606        0.181825
MDMin:  2053 01:50:58    -2397.662778        0.181717
MDMin:  2054 01:50:59    -2397.662966        0.184251
MDMin:  2055 01:51:01    -2397.663170        0.186736
MDMin:  2056 01:51:02    -2397.663390        0.189101
MDMin:  2057 01:51:04    -2397.663625        0.191254
MDMin:  2058 01:51:06    -2397.663857        0.192997
MDMin:  2059 01:51:08    -2397.664019        0.253272
MDMin:  2060 01:51:10    -2397.664089        0.194232
MDMin:  2061 01:51:11    -2397.664174        0.194574
MDMin:  2062 01:51:12    -2397.664272        0.194928
MDMin:  2063 01:51:14    -2397.664383        0.195279
MDMin:  2064 01:51:16    -2397.664507        0.195610
MDMin:  2065 01:51:18    -2397.664646        0.195899
MDMin:  2066 01:51:19    -2397.664799        0.196122
MDMin:  2067 01:51:21    -2397.664966        0.196252
MDMin:  2068 01:51:23    -2397.665148        0.196261
MDMin:  2069 01:51:25    -2397.665344        0.196120
MDMin:  2070 01:51:27    -2397.665555        0.195798
MDMin:  2071 01:51:29    -2397.665782        0.195267
MDMin:  2072 01:51:30    -2397.666023        0.194499
MDMin:  2073 01:51:31    -2397.666278        0.193465
MDMin:  2074 01:51:33    -2397.666549        0.192139
MDMin:  2075 01:51:35    -2397.666834        0.190505
MDMin:  2076 01:51:37    -2397.667130        0.188561
MDMin:  2077 01:51:39    -2397.667418        0.204066
MDMin:  2078 01:51:41    -2397.667619        0.280081
MDMin:  2079 01:51:42    -2397.667703        0.183903
MDMin:  2080 01:51:43    -2397.667804        0.182939
MDMin:  2081 01:51:45    -2397.667920        0.183348
MDMin:  2082 01:51:47    -2397.668051        0.184008
MDMin:  2083 01:51:49    -2397.667948        0.184761
MDMin:  2084 01:51:50    -2397.667795        0.185608
MDMin:  2085 01:51:52    -2397.667631        0.186548
MDMin:  2086 01:51:53    -2397.667457        0.187578
MDMin:  2087 01:51:54    -2397.667272        0.188690
MDMin:  2088 01:51:56    -2397.667078        0.189873
MDMin:  2089 01:51:58    -2397.666874        0.191110
MDMin:  2090 01:52:00    -2397.666660        0.192377
MDMin:  2091 01:52:02    -2397.666437        0.193643
MDMin:  2092 01:52:04    -2397.666204        0.194865
MDMin:  2093 01:52:06    -2397.665961        0.195990
MDMin:  2094 01:52:07    -2397.665711        0.196947
MDMin:  2095 01:52:09    -2397.665461        0.197635
MDMin:  2096 01:52:11    -2397.665264        0.308932
MDMin:  2097 01:52:13    -2397.665194        0.197947
MDMin:  2098 01:52:15    -2397.665118        0.197940
MDMin:  2099 01:52:16    -2397.665031        0.197890
MDMin:  2100 01:52:18    -2397.664932        0.197777
MDMin:  2101 01:52:20    -2397.664823        0.197573
MDMin:  2102 01:52:21    -2397.664704        0.197249
MDMin:  2103 01:52:23    -2397.664573        0.196765
MDMin:  2104 01:52:25    -2397.664433        0.196080
MDMin:  2105 01:52:27    -2397.664282        0.195142
MDMin:  2106 01:52:29    -2397.664121        0.193895
MDMin:  2107 01:52:30    -2397.663951        0.192277
MDMin:  2108 01:52:31    -2397.663771        0.190221
MDMin:  2109 01:52:33    -2397.663582        0.187656
MDMin:  2110 01:52:34    -2397.663385        0.184514
MDMin:  2111 01:52:35    -2397.663180        0.180741
MDMin:  2112 01:52:37    -2397.662973        0.176402
MDMin:  2113 01:52:38    -2397.662797        0.268530
MDMin:  2114 01:52:39    -2397.662721        0.170366
MDMin:  2115 01:52:41    -2397.662660        0.168787
MDMin:  2116 01:52:43    -2397.662591        0.166941
MDMin:  2117 01:52:45    -2397.662512        0.164793
MDMin:  2118 01:52:47    -2397.662424        0.162324
MDMin:  2119 01:52:48    -2397.662328        0.159519
MDMin:  2120 01:52:49    -2397.662222        0.156359
MDMin:  2121 01:52:51    -2397.662109        0.152825
MDMin:  2122 01:52:53    -2397.661987        0.152023
MDMin:  2123 01:52:54    -2397.661858        0.152213
MDMin:  2124 01:52:55    -2397.661721        0.152340
MDMin:  2125 01:52:57    -2397.661577        0.152388
MDMin:  2126 01:52:59    -2397.661427        0.152343
MDMin:  2127 01:53:02    -2397.661271        0.152191
MDMin:  2128 01:53:04    -2397.661112        0.151922
MDMin:  2129 01:53:06    -2397.660956        0.151544
MDMin:  2130 01:53:08    -2397.660835        0.234139
MDMin:  2131 01:53:10    -2397.660786        0.151395
MDMin:  2132 01:53:12    -2397.660736        0.152483
MDMin:  2133 01:53:14    -2397.660679        0.153742
MDMin:  2134 01:53:16    -2397.660615        0.155176
MDMin:  2135 01:53:18    -2397.660545        0.156786
MDMin:  2136 01:53:20    -2397.660469        0.158565
MDMin:  2137 01:53:22    -2397.660388        0.160503
MDMin:  2138 01:53:24    -2397.660301        0.162584
MDMin:  2139 01:53:26    -2397.660211        0.164785
MDMin:  2140 01:53:28    -2397.660116        0.167076
MDMin:  2141 01:53:29    -2397.660018        0.169420
MDMin:  2142 01:53:30    -2397.659918        0.171774
MDMin:  2143 01:53:32    -2397.659817        0.174089
MDMin:  2144 01:53:33    -2397.659716        0.176304
MDMin:  2145 01:53:35    -2397.659616        0.178340
MDMin:  2146 01:53:37    -2397.659525        0.180021
MDMin:  2147 01:53:39    -2397.659463        0.214524
MDMin:  2148 01:53:40    -2397.659436        0.181328
MDMin:  2149 01:53:42    -2397.659406        0.181697
MDMin:  2150 01:53:44    -2397.659373        0.182083
MDMin:  2151 01:53:46    -2397.659337        0.182472
MDMin:  2152 01:53:48    -2397.659298        0.182850
MDMin:  2153 01:53:50    -2397.659258        0.183196
MDMin:  2154 01:53:51    -2397.659216        0.183490
MDMin:  2155 01:53:53    -2397.659174        0.183707
MDMin:  2156 01:53:55    -2397.659131        0.183822
MDMin:  2157 01:53:56    -2397.659089        0.183809
MDMin:  2158 01:53:58    -2397.659048        0.183642
MDMin:  2159 01:54:00    -2397.659010        0.183295
MDMin:  2160 01:54:02    -2397.658974        0.182744
MDMin:  2161 01:54:04    -2397.658942        0.181965
MDMin:  2162 01:54:06    -2397.658915        0.184184
MDMin:  2163 01:54:08    -2397.658893        0.186796
MDMin:  2164 01:54:10    -2397.658877        0.187488
MDMin:  2165 01:54:12    -2397.658868        0.232038
MDMin:  2166 01:54:13    -2397.658866        0.185267
MDMin:  2167 01:54:15    -2397.658865        0.184325
MDMin:  2168 01:54:17    -2397.658864        0.183112
MDMin:  2169 01:54:19    -2397.658865        0.181587
MDMin:  2170 01:54:20    -2397.658867        0.179767
MDMin:  2171 01:54:22    -2397.658871        0.177714
MDMin:  2172 01:54:24    -2397.658877        0.175530
MDMin:  2173 01:54:26    -2397.658886        0.173347
MDMin:  2174 01:54:28    -2397.658898        0.171295
MDMin:  2175 01:54:30    -2397.658915        0.169471
MDMin:  2176 01:54:32    -2397.658936        0.167909
MDMin:  2177 01:54:33    -2397.658962        0.166564
MDMin:  2178 01:54:35    -2397.658995        0.165323
MDMin:  2179 01:54:37    -2397.659035        0.164033
MDMin:  2180 01:54:39    -2397.659082        0.162529
MDMin:  2181 01:54:40    -2397.659136        0.160711
MDMin:  2182 01:54:42    -2397.659185        0.245704
MDMin:  2183 01:54:44    -2397.659206        0.157968
MDMin:  2184 01:54:45    -2397.659228        0.157059
MDMin:  2185 01:54:46    -2397.659253        0.155979
MDMin:  2186 01:54:48    -2397.659283        0.154710
MDMin:  2187 01:54:49    -2397.659318        0.153234
MDMin:  2188 01:54:51    -2397.659358        0.151534
MDMin:  2189 01:54:53    -2397.659403        0.149595
       Step     Time          Energy          fmax
MDMin:    0 04:19:56    -2394.096632        7.458950
MDMin:    1 04:19:58    -2394.100171        7.421569
MDMin:    2 04:20:00    -2394.110536        6.964322
MDMin:    3 04:20:02    -2394.127098        7.193461
MDMin:    4 04:20:04    -2394.149244        6.293702
MDMin:    5 04:20:06    -2394.176841        6.537692
MDMin:    6 04:20:08    -2394.210092        5.368480
MDMin:    7 04:20:10    -2394.250689        5.381814
MDMin:    8 04:20:11    -2394.300605        3.359286
MDMin:    9 04:20:12    -2394.373367        4.546943
MDMin:   10 04:20:14    -2394.468189        2.709956
MDMin:   11 04:20:15    -2394.623151        1.515520
MDMin:   12 04:20:17    -2394.738892        2.242303
MDMin:   13 04:20:19    -2394.818106        2.689922
MDMin:   14 04:20:21    -2394.898554        2.693830
MDMin:   15 04:20:23    -2394.997918        2.124383
MDMin:   16 04:20:25    -2395.144075        1.661482
MDMin:   17 04:20:26    -2395.371537        2.008982
MDMin:   18 04:20:28    -2395.680468        2.173725
MDMin:   19 04:20:30    -2395.995983        1.945614
MDMin:   20 04:20:31    -2396.115233        1.655503
MDMin:   21 04:20:33    -2396.203175        1.549584
MDMin:   22 04:20:34    -2396.276955        1.520819
MDMin:   23 04:20:36    -2396.334663        1.489993
MDMin:   24 04:20:38    -2396.391495        1.430266
MDMin:   25 04:20:39    -2396.454901        1.444176
MDMin:   26 04:20:41    -2396.528461        1.484664
MDMin:   27 04:20:42    -2396.615046        1.535872
MDMin:   28 04:20:44    -2396.716423        1.584319
MDMin:   29 04:20:45    -2396.830437        1.598960
MDMin:   30 04:20:47    -2396.947297        1.546194
MDMin:   31 04:20:49    -2397.050538        1.428449
MDMin:   32 04:20:50    -2397.123841        1.302548
MDMin:   33 04:20:51    -2397.167904        1.213349
MDMin:   34 04:20:52    -2397.182932        1.137314
MDMin:   35 04:20:54    -2397.196202        1.038362
MDMin:   36 04:20:55    -2397.209547        0.936202
MDMin:   37 04:20:57    -2397.222763        0.835345
MDMin:   38 04:20:59    -2397.235515        0.740084
MDMin:   39 04:21:01    -2397.244636        0.653097
MDMin:   40 04:21:02    -2397.249332        0.577017
MDMin:   41 04:21:03    -2397.253281        0.536904
MDMin:   42 04:21:05    -2397.255783        0.532501
MDMin:   43 04:21:07    -2397.257520        0.530689
MDMin:   44 04:21:09    -2397.259319        0.529576
MDMin:   45 04:21:11    -2397.261259        0.529025
MDMin:   46 04:21:13    -2397.263325        0.528883
MDMin:   47 04:21:15    -2397.265498        0.528809
MDMin:   48 04:21:17    -2397.267753        0.528276
MDMin:   49 04:21:18    -2397.270069        0.526656
MDMin:   50 04:21:19    -2397.272426        0.523345
MDMin:   51 04:21:21    -2397.274802        0.517853
MDMin:   52 04:21:23    -2397.277164        0.509842
MDMin:   53 04:21:25    -2397.279425        0.499359
MDMin:   54 04:21:26    -2397.281298        0.488319
MDMin:   55 04:21:27    -2397.282431        0.480637
MDMin:   56 04:21:28    -2397.283290        0.474240
MDMin:   57 04:21:30    -2397.284204        0.466799
MDMin:   58 04:21:31    -2397.285208        0.457864
MDMin:   59 04:21:33    -2397.286302        0.447258
MDMin:   60 04:21:35    -2397.287481        0.434876
MDMin:   61 04:21:37    -2397.288742        0.420693
MDMin:   62 04:21:39    -2397.290081        0.404787
MDMin:   63 04:21:41    -2397.291494        0.388238
MDMin:   64 04:21:42    -2397.292978        0.410439
MDMin:   65 04:21:44    -2397.294526        0.432874
MDMin:   66 04:21:46    -2397.296131        0.455004
MDMin:   67 04:21:48    -2397.297760        0.475984
MDMin:   68 04:21:50    -2397.299301        0.493982
MDMin:   69 04:21:52    -2397.300483        0.506020
MDMin:   70 04:21:53    -2397.301228        0.512668
MDMin:   71 04:21:55    -2397.301934        0.518548
MDMin:   72 04:21:56    -2397.302712        0.524548
MDMin:   73 04:21:57    -2397.303574        0.530452
MDMin:   74 04:21:59    -2397.304519        0.535824
MDMin:   75 04:22:00    -2397.305548        0.540071
MDMin:   76 04:22:03    -2397.306659        0.542431
MDMin:   77 04:22:05    -2397.307853        0.541970
MDMin:   78 04:22:07    -2397.309128        0.537600
MDMin:   79 04:22:09    -2397.310485        0.528161
MDMin:   80 04:22:11    -2397.311923        0.512638
MDMin:   81 04:22:13    -2397.313435        0.490578
MDMin:   82 04:22:15    -2397.314989        0.480009
MDMin:   83 04:22:17    -2397.316456        0.481442
MDMin:   84 04:22:19    -2397.317535        0.481289
MDMin:   85 04:22:21    -2397.318239        0.480739
MDMin:   86 04:22:22    -2397.318962        0.479915
MDMin:   87 04:22:24    -2397.319773        0.478835
MDMin:   88 04:22:25    -2397.320681        0.477639
MDMin:   89 04:22:27    -2397.321690        0.476587
MDMin:   90 04:22:29    -2397.322803        0.476051
MDMin:   91 04:22:30    -2397.323719        0.476491
MDMin:   92 04:22:32    -2397.324743        0.478357
MDMin:   93 04:22:34    -2397.325883        0.482014
MDMin:   94 04:22:36    -2397.327145        0.487603
MDMin:   95 04:22:37    -2397.328533        0.494893
MDMin:   96 04:22:39    -2397.330043        0.503165
MDMin:   97 04:22:40    -2397.331626        0.511182
MDMin:   98 04:22:42    -2397.333085        0.517331
MDMin:   99 04:22:44    -2397.334121        0.520856
MDMin:  100 04:22:46    -2397.334953        0.523249
MDMin:  101 04:22:47    -2397.335860        0.525473
MDMin:  102 04:22:48    -2397.336897        0.527535
MDMin:  103 04:22:50    -2397.338085        0.529269
MDMin:  104 04:22:52    -2397.339439        0.530418
MDMin:  105 04:22:53    -2397.340978        0.530608
MDMin:  106 04:22:54    -2397.342721        0.529302
MDMin:  107 04:22:56    -2397.344692        0.525813
MDMin:  108 04:22:57    -2397.346916        0.519449
MDMin:  109 04:22:59    -2397.349417        0.509852
MDMin:  110 04:23:00    -2397.352208        0.497502
MDMin:  111 04:23:01    -2397.355258        0.484207
MDMin:  112 04:23:03    -2397.358387        0.473045
MDMin:  113 04:23:05    -2397.361140        0.501689
MDMin:  114 04:23:07    -2397.363262        0.522841
MDMin:  115 04:23:09    -2397.365269        0.541318
MDMin:  116 04:23:11    -2397.367485        0.560293
MDMin:  117 04:23:13    -2397.369999        0.580150
MDMin:  118 04:23:15    -2397.372851        0.600672
MDMin:  119 04:23:17    -2397.376077        0.621543
MDMin:  120 04:23:19    -2397.379709        0.642439
MDMin:  121 04:23:21    -2397.383785        0.663067
MDMin:  122 04:23:23    -2397.388345        0.683155
MDMin:  123 04:23:24    -2397.393431        0.702455
MDMin:  124 04:23:26    -2397.399081        0.720728
MDMin:  125 04:23:28    -2397.405303        0.737731
MDMin:  126 04:23:30    -2397.412018        0.753120
MDMin:  127 04:23:32    -2397.418880        0.766292
MDMin:  128 04:23:33    -2397.425134        0.776398
MDMin:  129 04:23:35    -2397.430280        0.783621
MDMin:  130 04:23:36    -2397.435045        0.789718
MDMin:  131 04:23:38    -2397.440144        0.795862
MDMin:  132 04:23:40    -2397.445834        0.802371
MDMin:  133 04:23:42    -2397.452220        0.809313
MDMin:  134 04:23:43    -2397.459369        0.816686
MDMin:  135 04:23:45    -2397.467338        0.824443
MDMin:  136 04:23:47    -2397.476174        0.832495
MDMin:  137 04:23:49    -2397.485901        0.840851
MDMin:  138 04:23:51    -2397.495863        0.849125
MDMin:  139 04:23:53    -2397.504930        0.856559
MDMin:  140 04:23:55    -2397.514203        0.862206
MDMin:  141 04:23:57    -2397.522782        0.865414
MDMin:  142 04:23:59    -2397.523726        1.707471
MDMin:  143 04:24:01    -2397.527628        1.642428
MDMin:  144 04:24:03    -2397.532801        1.556922
MDMin:  145 04:24:05    -2397.538327        0.769857
MDMin:  146 04:24:06    -2397.537377        1.465034
MDMin:  147 04:24:08    -2397.539280        1.432865
MDMin:  148 04:24:09    -2397.542239        1.382071
MDMin:  149 04:24:10    -2397.546047        1.314839
MDMin:  150 04:24:12    -2397.550286        0.814533
MDMin:  151 04:24:14    -2397.548966        1.240396
MDMin:  152 04:24:15    -2397.550478        1.211963
MDMin:  153 04:24:17    -2397.552745        1.168156
MDMin:  154 04:24:19    -2397.555600        1.110708
MDMin:  155 04:24:20    -2397.558845        1.091283
MDMin:  156 04:24:22    -2397.562297        1.136258
MDMin:  157 04:24:23    -2397.565843        1.167978
MDMin:  158 04:24:25    -2397.569469        1.179309
MDMin:  159 04:24:27    -2397.573246        1.165780
MDMin:  160 04:24:29    -2397.577266        1.126359
MDMin:  161 04:24:31    -2397.581573        1.062798
MDMin:  162 04:24:32    -2397.586146        0.978120
MDMin:  163 04:24:33    -2397.590919        0.876115
MDMin:  164 04:24:35    -2397.595798        0.786082
MDMin:  165 04:24:37    -2397.600684        0.926210
MDMin:  166 04:24:38    -2397.605480        1.070295
MDMin:  167 04:24:40    -2397.610123        1.192690
MDMin:  168 04:24:41    -2397.614587        1.262597
MDMin:  169 04:24:43    -2397.618874        1.261082
MDMin:  170 04:24:45    -2397.622985        1.194014
MDMin:  171 04:24:46    -2397.626912        1.085996
MDMin:  172 04:24:47    -2397.630646        0.958259
MDMin:  173 04:24:49    -2397.625809        0.815310
MDMin:  174 04:24:50    -2397.631162        0.857873
MDMin:  175 04:24:51    -2397.611518        0.954165
MDMin:  176 04:24:53    -2397.617314        1.048752
MDMin:  177 04:24:55    -2397.621585        1.133784
MDMin:  178 04:24:57    -2397.625814        1.178968
MDMin:  179 04:24:59    -2397.629699        1.153872
MDMin:  180 04:25:00    -2397.630210        1.080305
MDMin:  181 04:25:02    -2397.626492        1.046786
MDMin:  182 04:25:04    -2397.627561        1.014179
MDMin:  183 04:25:05    -2397.628768        0.974583
MDMin:  184 04:25:07    -2397.630107        0.928103
MDMin:  185 04:25:09    -2397.630250        0.875173
MDMin:  186 04:25:11    -2397.624016        0.830604
MDMin:  187 04:25:13    -2397.625343        0.787329
MDMin:  188 04:25:15    -2397.626766        0.739349
MDMin:  189 04:25:17    -2397.628291        0.686970
MDMin:  190 04:25:19    -2397.629918        0.630429
MDMin:  191 04:25:20    -2397.629646        0.633838
MDMin:  192 04:25:22    -2397.623199        0.643484
MDMin:  193 04:25:24    -2397.624524        0.655007
MDMin:  194 04:25:25    -2397.625908        0.670955
MDMin:  195 04:25:27    -2397.627357        0.692410
MDMin:  196 04:25:29    -2397.628866        0.720209
MDMin:  197 04:25:30    -2397.629815        0.754358
MDMin:  198 04:25:32    -2397.622813        0.780704
MDMin:  199 04:25:34    -2397.623966        0.805538
MDMin:  200 04:25:36    -2397.625160        0.831357
MDMin:  201 04:25:38    -2397.626402        0.855744
MDMin:  202 04:25:40    -2397.627690        0.875419
MDMin:  203 04:25:41    -2397.629024        0.886761
MDMin:  204 04:25:43    -2397.630175        0.886639
MDMin:  205 04:25:45    -2397.622980        0.878208
MDMin:  206 04:25:46    -2397.624074        0.864236
MDMin:  207 04:25:48    -2397.625204        0.843049
MDMin:  208 04:25:50    -2397.626382        0.813810
MDMin:  209 04:25:52    -2397.627608        0.775921
MDMin:  210 04:25:54    -2397.628878        0.729316
MDMin:  211 04:25:56    -2397.630188        0.674392
MDMin:  212 04:25:58    -2397.631370        0.611973
MDMin:  213 04:26:00    -2397.624029        0.568341
MDMin:  214 04:26:02    -2397.625045        0.527125
MDMin:  215 04:26:04    -2397.626077        0.482670
MDMin:  216 04:26:06    -2397.627141        0.459106
MDMin:  217 04:26:08    -2397.628235        0.468387
MDMin:  218 04:26:09    -2397.629350        0.483488
MDMin:  219 04:26:11    -2397.630476        0.506325
MDMin:  220 04:26:12    -2397.631597        0.538176
MDMin:  221 04:26:14    -2397.632697        0.578496
MDMin:  222 04:26:15    -2397.633752        0.623522
MDMin:  223 04:26:17    -2397.634707        0.665325
MDMin:  224 04:26:19    -2397.635406        0.692910
MDMin:  225 04:26:21    -2397.635748        0.704244
MDMin:  226 04:26:23    -2397.636053        0.712941
MDMin:  227 04:26:25    -2397.636389        0.720675
MDMin:  228 04:26:27    -2397.636756        0.726532
MDMin:  229 04:26:29    -2397.637149        0.729285
MDMin:  230 04:26:30    -2397.637567        0.727542
MDMin:  231 04:26:31    -2397.638005        0.719840
MDMin:  232 04:26:33    -2397.638461        0.705040
MDMin:  233 04:26:35    -2397.638930        0.682922
MDMin:  234 04:26:37    -2397.639408        0.654731
MDMin:  235 04:26:38    -2397.639891        0.623243
MDMin:  236 04:26:40    -2397.640371        0.592051
MDMin:  237 04:26:42    -2397.640841        0.564461
MDMin:  238 04:26:44    -2397.641286        0.542173
MDMin:  239 04:26:46    -2397.641672        0.525709
MDMin:  240 04:26:48    -2397.641905        0.516365
MDMin:  241 04:26:50    -2397.641997        0.512628
MDMin:  242 04:26:52    -2397.642102        0.508330
MDMin:  243 04:26:54    -2397.642218        0.503528
MDMin:  244 04:26:56    -2397.642344        0.498198
MDMin:  245 04:26:58    -2397.642475        0.492266
MDMin:  246 04:26:59    -2397.642611        0.485600
MDMin:  247 04:27:01    -2397.642749        0.478013
MDMin:  248 04:27:03    -2397.642885        0.469268
MDMin:  249 04:27:05    -2397.643018        0.459090
MDMin:  250 04:27:07    -2397.643145        0.447191
MDMin:  251 04:27:09    -2397.643264        0.433306
MDMin:  252 04:27:11    -2397.643374        0.441928
MDMin:  253 04:27:13    -2397.643474        0.473964
MDMin:  254 04:27:15    -2397.643565        0.512997
MDMin:  255 04:27:16    -2397.643647        0.557116
MDMin:  256 04:27:17    -2397.643722        0.602624
MDMin:  257 04:27:19    -2397.643793        0.644421
MDMin:  258 04:27:21    -2397.643864        0.677199
MDMin:  259 04:27:22    -2397.643936        0.696055
MDMin:  260 04:27:23    -2397.644009        0.697587
MDMin:  261 04:27:25    -2397.644062        0.689125
MDMin:  262 04:27:27    -2397.644091        0.682170
MDMin:  263 04:27:29    -2397.644126        0.672345
MDMin:  264 04:27:31    -2397.644167        0.658863
MDMin:  265 04:27:32    -2397.644216        0.641204
MDMin:  266 04:27:34    -2397.644274        0.619165
MDMin:  267 04:27:36    -2397.644342        0.592990
MDMin:  268 04:27:38    -2397.644422        0.563432
MDMin:  269 04:27:40    -2397.644516        0.531673
MDMin:  270 04:27:42    -2397.644626        0.499109
MDMin:  271 04:27:43    -2397.644755        0.467069
MDMin:  272 04:27:45    -2397.644905        0.436574
MDMin:  273 04:27:46    -2397.645082        0.408245
MDMin:  274 04:27:48    -2397.645287        0.382393
MDMin:  275 04:27:49    -2397.645526        0.359176
MDMin:  276 04:27:51    -2397.645799        0.338875
MDMin:  277 04:27:53    -2397.646080        0.336424
MDMin:  278 04:27:55    -2397.646223        0.330007
MDMin:  279 04:27:57    -2397.646286        0.329497
MDMin:  280 04:27:59    -2397.646370        0.329025
MDMin:  281 04:28:00    -2397.646471        0.328768
MDMin:  282 04:28:02    -2397.646590        0.328902
MDMin:  283 04:28:04    -2397.646727        0.329649
MDMin:  284 04:28:06    -2397.646885        0.331291
MDMin:  285 04:28:07    -2397.647063        0.334181
MDMin:  286 04:28:09    -2397.647264        0.338752
MDMin:  287 04:28:10    -2397.647489        0.345532
MDMin:  288 04:28:12    -2397.647739        0.355143
MDMin:  289 04:28:13    -2397.648015        0.368288
MDMin:  290 04:28:15    -2397.648317        0.385708
MDMin:  291 04:28:16    -2397.648647        0.408079
MDMin:  292 04:28:19    -2397.649004        0.435839
MDMin:  293 04:28:20    -2397.649387        0.468916
MDMin:  294 04:28:21    -2397.649794        0.506417
MDMin:  295 04:28:23    -2397.650225        0.546404
MDMin:  296 04:28:25    -2397.650679        0.585996
MDMin:  297 04:28:26    -2397.651155        0.621823
MDMin:  298 04:28:27    -2397.651653        0.650487
MDMin:  299 04:28:29    -2397.652170        0.668432
MDMin:  300 04:28:30    -2397.652677        0.672306
MDMin:  301 04:28:32    -2397.653052        0.665525
MDMin:  302 04:28:34    -2397.653228        0.659565
MDMin:  303 04:28:36    -2397.653422        0.651267
MDMin:  304 04:28:38    -2397.653646        0.639709
MDMin:  305 04:28:39    -2397.653900        0.624355
MDMin:  306 04:28:41    -2397.654186        0.604907
MDMin:  307 04:28:42    -2397.654505        0.581419
MDMin:  308 04:28:44    -2397.654857        0.554355
MDMin:  309 04:28:46    -2397.655244        0.524582
MDMin:  310 04:28:48    -2397.655668        0.493156
MDMin:  311 04:28:49    -2397.656129        0.461121
MDMin:  312 04:28:51    -2397.656627        0.429332
MDMin:  313 04:28:52    -2397.657162        0.405270
MDMin:  314 04:28:53    -2397.657604        0.918466
MDMin:  315 04:28:54    -2397.657410        0.396962
MDMin:  316 04:28:56    -2397.657424        0.394711
MDMin:  317 04:28:57    -2397.657460        0.392394
MDMin:  318 04:28:58    -2397.657521        0.390136
MDMin:  319 04:29:00    -2397.657615        0.388100
MDMin:  320 04:29:02    -2397.657561        0.886566
MDMin:  321 04:29:04    -2397.657457        0.385957
MDMin:  322 04:29:06    -2397.657441        0.385575
MDMin:  323 04:29:08    -2397.657432        0.385317
MDMin:  324 04:29:10    -2397.657437        0.385296
MDMin:  325 04:29:11    -2397.657460        0.385643
MDMin:  326 04:29:13    -2397.657483        0.874231
MDMin:  327 04:29:14    -2397.657254        0.387069
MDMin:  328 04:29:16    -2397.657232        0.387756
MDMin:  329 04:29:18    -2397.657213        0.388766
MDMin:  330 04:29:20    -2397.657203        0.390200
MDMin:  331 04:29:22    -2397.657206        0.392180
MDMin:  332 04:29:24    -2397.657227        0.394843
MDMin:  333 04:29:26    -2397.657254        0.873297
MDMin:  334 04:29:28    -2397.657022        0.400102
MDMin:  335 04:29:29    -2397.657000        0.402030
MDMin:  336 04:29:31    -2397.656982        0.404557
MDMin:  337 04:29:33    -2397.656973        0.407774
MDMin:  338 04:29:34    -2397.656977        0.411779
MDMin:  339 04:29:35    -2397.657000        0.416675
MDMin:  340 04:29:36    -2397.657017        0.872039
MDMin:  341 04:29:38    -2397.656795        0.425440
MDMin:  342 04:29:40    -2397.656773        0.428494
MDMin:  343 04:29:41    -2397.656757        0.432332
MDMin:  344 04:29:42    -2397.656749        0.436999
MDMin:  345 04:29:44    -2397.656756        0.442522
MDMin:  346 04:29:45    -2397.656783        0.448907
MDMin:  347 04:29:46    -2397.656779        0.870681
MDMin:  348 04:29:47    -2397.656574        0.459624
MDMin:  349 04:29:48    -2397.656553        0.463227
MDMin:  350 04:29:50    -2397.656538        0.467545
MDMin:  351 04:29:51    -2397.656533        0.472509
MDMin:  352 04:29:52    -2397.656544        0.478001
MDMin:  353 04:29:54    -2397.656576        0.483838
MDMin:  354 04:29:55    -2397.656542        0.869149
MDMin:  355 04:29:57    -2397.656360        0.492458
MDMin:  356 04:29:59    -2397.656338        0.495017
MDMin:  357 04:30:00    -2397.656323        0.497746
MDMin:  358 04:30:02    -2397.656322        0.500418
MDMin:  359 04:30:03    -2397.656338        0.502743
MDMin:  360 04:30:05    -2397.656378        0.504376
MDMin:  361 04:30:07    -2397.656309        0.867421
MDMin:  362 04:30:09    -2397.656153        0.504618
MDMin:  363 04:30:11    -2397.656131        0.503910
MDMin:  364 04:30:13    -2397.656119        0.502590
MDMin:  365 04:30:14    -2397.656121        0.500457
MDMin:  366 04:30:15    -2397.656145        0.497321
MDMin:  367 04:30:16    -2397.656195        0.493030
MDMin:  368 04:30:18    -2397.656080        0.865486
MDMin:  369 04:30:19    -2397.655966        0.506351
MDMin:  370 04:30:21    -2397.655947        0.514839
MDMin:  371 04:30:22    -2397.655939        0.525376
MDMin:  372 04:30:23    -2397.655949        0.538331
MDMin:  373 04:30:25    -2397.655982        0.554202
MDMin:  374 04:30:27    -2397.655986        0.857189
MDMin:  375 04:30:29    -2397.655729        0.585879
MDMin:  376 04:30:31    -2397.655707        0.599323
MDMin:  377 04:30:33    -2397.655696        0.616157
MDMin:  378 04:30:35    -2397.655703        0.636879
MDMin:  379 04:30:36    -2397.655734        0.661972
MDMin:  380 04:30:38    -2397.655793        0.691744
MDMin:  381 04:30:40    -2397.655791        0.857821
MDMin:  382 04:30:42    -2397.655536        0.747824
MDMin:  383 04:30:44    -2397.655520        0.770086
MDMin:  384 04:30:46    -2397.655519        0.794730
MDMin:  385 04:30:47    -2397.655541        0.820314
MDMin:  386 04:30:49    -2397.655591        0.844508
MDMin:  387 04:30:51    -2397.655674        0.863939
MDMin:  388 04:30:53    -2397.655599        0.874134
MDMin:  389 04:30:55    -2397.655397        0.873299
MDMin:  390 04:30:57    -2397.655381        0.865578
MDMin:  391 04:30:58    -2397.655390        0.848142
MDMin:  392 04:31:00    -2397.655432        0.817896
MDMin:  393 04:31:02    -2397.655515        0.772400
MDMin:  394 04:31:04    -2397.655502        0.850111
MDMin:  395 04:31:06    -2397.655233        0.673253
MDMin:  396 04:31:08    -2397.655224        0.635289
MDMin:  397 04:31:09    -2397.655241        0.591825
MDMin:  398 04:31:11    -2397.655296        0.544164
MDMin:  399 04:31:12    -2397.655399        0.494183
MDMin:  400 04:31:13    -2397.655410        0.846167
MDMin:  401 04:31:15    -2397.655244        0.425685
MDMin:  402 04:31:16    -2397.655269        0.409614
MDMin:  403 04:31:17    -2397.655312        0.393942
MDMin:  404 04:31:19    -2397.655379        0.388524
MDMin:  405 04:31:21    -2397.655430        0.833310
MDMin:  406 04:31:22    -2397.655271        0.380318
MDMin:  407 04:31:24    -2397.655296        0.378142
MDMin:  408 04:31:26    -2397.655335        0.375404
MDMin:  409 04:31:28    -2397.655390        0.372160
MDMin:  410 04:31:30    -2397.655420        0.828415
MDMin:  411 04:31:32    -2397.655308        0.367056
MDMin:  412 04:31:33    -2397.655333        0.365613
MDMin:  413 04:31:35    -2397.655370        0.363702
MDMin:  414 04:31:37    -2397.655424        0.361369
MDMin:  415 04:31:39    -2397.655395        0.826478
MDMin:  416 04:31:41    -2397.655356        0.357634
MDMin:  417 04:31:42    -2397.655381        0.356557
MDMin:  418 04:31:44    -2397.655420        0.355092
MDMin:  419 04:31:46    -2397.655412        0.820654
MDMin:  420 04:31:47    -2397.655352        0.352506
MDMin:  421 04:31:48    -2397.655375        0.351660
MDMin:  422 04:31:49    -2397.655410        0.350469
MDMin:  423 04:31:51    -2397.655423        0.817062
MDMin:  424 04:31:52    -2397.655342        0.348316
MDMin:  425 04:31:53    -2397.655364        0.347597
MDMin:  426 04:31:54    -2397.655398        0.346571
MDMin:  427 04:31:56    -2397.655433        0.814227
MDMin:  428 04:31:57    -2397.655331        0.344701
MDMin:  429 04:31:59    -2397.655353        0.344077
MDMin:  430 04:32:01    -2397.655386        0.343176
MDMin:  431 04:32:03    -2397.655434        0.342019
MDMin:  432 04:32:05    -2397.655402        0.816768
MDMin:  433 04:32:07    -2397.655379        0.340107
MDMin:  434 04:32:08    -2397.655403        0.339551
MDMin:  435 04:32:10    -2397.655442        0.338750
MDMin:  436 04:32:11    -2397.655414        0.813113
MDMin:  437 04:32:13    -2397.655386        0.337282
MDMin:  438 04:32:15    -2397.655409        0.336798
MDMin:  439 04:32:17    -2397.655446        0.336082
MDMin:  440 04:32:18    -2397.655422        0.810751
MDMin:  441 04:32:21    -2397.655391        0.334738
MDMin:  442 04:32:23    -2397.655414        0.334284
MDMin:  443 04:32:25    -2397.655451        0.333604
MDMin:  444 04:32:27    -2397.655429        0.808785
MDMin:  445 04:32:28    -2397.655398        0.332304
MDMin:  446 04:32:30    -2397.655421        0.331861
MDMin:  447 04:32:32    -2397.655458        0.331186
MDMin:  448 04:32:33    -2397.655437        0.807062
MDMin:  449 04:32:35    -2397.655406        0.329876
MDMin:  450 04:32:36    -2397.655429        0.329425
MDMin:  451 04:32:38    -2397.655467        0.328730
MDMin:  452 04:32:39    -2397.655444        0.805529
MDMin:  453 04:32:41    -2397.655417        0.327361
MDMin:  454 04:32:43    -2397.655441        0.326887
MDMin:  455 04:32:45    -2397.655479        0.326149
MDMin:  456 04:32:47    -2397.655451        0.804152
MDMin:  457 04:32:49    -2397.655431        0.324683
MDMin:  458 04:32:51    -2397.655455        0.324173
MDMin:  459 04:32:52    -2397.655486        0.798678
MDMin:  460 04:32:53    -2397.655401        0.322953
MDMin:  461 04:32:55    -2397.655423        0.322443
MDMin:  462 04:32:56    -2397.655459        0.321627
MDMin:  463 04:32:57    -2397.655491        0.798854
MDMin:  464 04:32:58    -2397.655410        0.319965
MDMin:  465 04:33:01    -2397.655434        0.319380
MDMin:  466 04:33:02    -2397.655472        0.318452
MDMin:  467 04:33:04    -2397.655499        0.798281
MDMin:  468 04:33:06    -2397.655427        0.316579
MDMin:  469 04:33:08    -2397.655451        0.315930
MDMin:  470 04:33:10    -2397.655490        0.314898
MDMin:  471 04:33:12    -2397.655507        0.797650
MDMin:  472 04:33:13    -2397.655448        0.312816
MDMin:  473 04:33:15    -2397.655473        0.312099
MDMin:  474 04:33:18    -2397.655513        0.310957
MDMin:  475 04:33:19    -2397.655514        0.797032
MDMin:  476 04:33:22    -2397.655474        0.308657
MDMin:  477 04:33:23    -2397.655500        0.307870
MDMin:  478 04:33:25    -2397.655542        0.306614
MDMin:  479 04:33:26    -2397.655520        0.796438
MDMin:  480 04:33:28    -2397.655506        0.304093
MDMin:  481 04:33:30    -2397.655532        0.303237
MDMin:  482 04:33:32    -2397.655552        0.791565
MDMin:  483 04:33:34    -2397.655489        0.301153
MDMin:  484 04:33:35    -2397.655513        0.300298
MDMin:  485 04:33:37    -2397.655554        0.298908
MDMin:  486 04:33:39    -2397.655555        0.792263
MDMin:  487 04:33:41    -2397.655519        0.296103
MDMin:  488 04:33:43    -2397.655545        0.295153
MDMin:  489 04:33:44    -2397.655588        0.787788
MDMin:  490 04:33:45    -2397.655503        0.292832
MDMin:  491 04:33:47    -2397.655528        0.291888
MDMin:  492 04:33:48    -2397.655569        0.290351
MDMin:  493 04:33:50    -2397.655591        0.788853
MDMin:  494 04:33:52    -2397.655537        0.287268
MDMin:  495 04:33:53    -2397.655563        0.286238
MDMin:  496 04:33:54    -2397.655607        0.284584
MDMin:  497 04:33:56    -2397.655598        0.789116
MDMin:  498 04:33:57    -2397.655579        0.281310
MDMin:  499 04:33:59    -2397.655607        0.280238
MDMin:  500 04:34:01    -2397.655629        0.784799
MDMin:  501 04:34:03    -2397.655570        0.277623
MDMin:  502 04:34:05    -2397.655596        0.276576
MDMin:  503 04:34:07    -2397.655639        0.274867
MDMin:  504 04:34:08    -2397.655632        0.786039
MDMin:  505 04:34:09    -2397.655615        0.271473
MDMin:  506 04:34:11    -2397.655642        0.270363
MDMin:  507 04:34:13    -2397.655662        0.781994
MDMin:  508 04:34:15    -2397.655608        0.267652
MDMin:  509 04:34:17    -2397.655635        0.266575
MDMin:  510 04:34:19    -2397.655679        0.264812
MDMin:  511 04:34:21    -2397.655665        0.783468
MDMin:  512 04:34:23    -2397.655658        0.261331
MDMin:  513 04:34:25    -2397.655687        0.260207
MDMin:  514 04:34:27    -2397.655695        0.779595
MDMin:  515 04:34:29    -2397.655656        0.260308
MDMin:  516 04:34:30    -2397.655683        0.260923
MDMin:  517 04:34:32    -2397.655722        0.776654
MDMin:  518 04:34:33    -2397.655651        0.262448
MDMin:  519 04:34:35    -2397.655678        0.263050
MDMin:  520 04:34:37    -2397.655724        0.264036
MDMin:  521 04:34:39    -2397.655726        0.778646
MDMin:  522 04:34:41    -2397.655707        0.265956
MDMin:  523 04:34:43    -2397.655736        0.266559
MDMin:  524 04:34:45    -2397.655756        0.775095
MDMin:  525 04:34:48    -2397.655708        0.268030
MDMin:  526 04:34:50    -2397.655736        0.268599
MDMin:  527 04:34:52    -2397.655783        0.772414
MDMin:  528 04:34:53    -2397.655709        0.270013
MDMin:  529 04:34:55    -2397.655737        0.270566
MDMin:  530 04:34:57    -2397.655783        0.271475
MDMin:  531 04:34:59    -2397.655787        0.774723
MDMin:  532 04:35:01    -2397.655772        0.273236
MDMin:  533 04:35:03    -2397.655802        0.273781
MDMin:  534 04:35:05    -2397.655817        0.771401
MDMin:  535 04:35:06    -2397.655779        0.275113
MDMin:  536 04:35:07    -2397.655808        0.275623
MDMin:  537 04:35:09    -2397.655843        0.768905
MDMin:  538 04:35:10    -2397.655785        0.276893
MDMin:  539 04:35:12    -2397.655814        0.277384
MDMin:  540 04:35:14    -2397.655863        0.278194
MDMin:  541 04:35:16    -2397.655847        0.771440
MDMin:  542 04:35:18    -2397.655858        0.279754
MDMin:  543 04:35:20    -2397.655889        0.280228
MDMin:  544 04:35:22    -2397.655876        0.768288
MDMin:  545 04:35:24    -2397.655872        0.281390
MDMin:  546 04:35:26    -2397.655902        0.281830
MDMin:  547 04:35:28    -2397.655902        0.765931
MDMin:  548 04:35:29    -2397.655885        0.282926
MDMin:  549 04:35:31    -2397.655915        0.283344
MDMin:  550 04:35:32    -2397.655928        0.763754
MDMin:  551 04:35:34    -2397.655898        0.284386
MDMin:  552 04:35:35    -2397.655929        0.284783
MDMin:  553 04:35:37    -2397.655955        0.761713
MDMin:  554 04:35:38    -2397.655913        0.285771
MDMin:  555 04:35:40    -2397.655944        0.286145
MDMin:  556 04:35:41    -2397.655982        0.759789
MDMin:  557 04:35:42    -2397.655929        0.287077
MDMin:  558 04:35:44    -2397.655960        0.287428
MDMin:  559 04:35:46    -2397.656009        0.757971
MDMin:  560 04:35:47    -2397.655947        0.288303
MDMin:  561 04:35:48    -2397.655978        0.288631
MDMin:  562 04:35:50    -2397.656031        0.289173
MDMin:  563 04:35:51    -2397.656014        0.761362
MDMin:  564 04:35:53    -2397.656038        0.290194
MDMin:  565 04:35:55    -2397.656060        0.755034
MDMin:  566 04:35:57    -2397.656014        0.290717
MDMin:  567 04:35:59    -2397.656045        0.290984
MDMin:  568 04:36:01    -2397.656083        0.753977
MDMin:  569 04:36:03    -2397.656036        0.291657
MDMin:  570 04:36:05    -2397.656068        0.291907
MDMin:  571 04:36:06    -2397.656110        0.752460
MDMin:  572 04:36:07    -2397.656061        0.292525
MDMin:  573 04:36:08    -2397.656094        0.292751
MDMin:  574 04:36:10    -2397.656138        0.750992
MDMin:  575 04:36:12    -2397.656089        0.293305
MDMin:  576 04:36:13    -2397.656122        0.293505
MDMin:  577 04:36:15    -2397.656165        0.749588
MDMin:  578 04:36:17    -2397.656119        0.293993
MDMin:  579 04:36:19    -2397.656152        0.294168
MDMin:  580 04:36:21    -2397.656193        0.748245
MDMin:  581 04:36:23    -2397.656151        0.294590
MDMin:  582 04:36:24    -2397.656184        0.294738
MDMin:  583 04:36:26    -2397.656221        0.746958
MDMin:  584 04:36:28    -2397.656185        0.295094
MDMin:  585 04:36:30    -2397.656219        0.295216
MDMin:  586 04:36:32    -2397.656249        0.745723
MDMin:  587 04:36:34    -2397.656222        0.295504
MDMin:  588 04:36:35    -2397.656256        0.295600
MDMin:  589 04:36:37    -2397.656276        0.744537
MDMin:  590 04:36:39    -2397.656261        0.295819
MDMin:  591 04:36:41    -2397.656296        0.295889
MDMin:  592 04:36:43    -2397.656304        0.743397
MDMin:  593 04:36:45    -2397.656303        0.296040
MDMin:  594 04:36:46    -2397.656338        0.296083
MDMin:  595 04:36:47    -2397.656331        0.742299
MDMin:  596 04:36:49    -2397.656347        0.296166
MDMin:  597 04:36:50    -2397.656374        0.737248
MDMin:  598 04:36:52    -2397.656335        0.296190
MDMin:  599 04:36:54    -2397.656370        0.296193
MDMin:  600 04:36:56    -2397.656399        0.737027
MDMin:  601 04:36:58    -2397.656381        0.296172
MDMin:  602 04:37:00    -2397.656417        0.296150
MDMin:  603 04:37:02    -2397.656427        0.736298
MDMin:  604 04:37:03    -2397.656431        0.296060
MDMin:  605 04:37:04    -2397.656468        0.296011
MDMin:  606 04:37:05    -2397.656456        0.735555
MDMin:  607 04:37:08    -2397.656484        0.295853
MDMin:  608 04:37:10    -2397.656499        0.730711
MDMin:  609 04:37:11    -2397.656478        0.295710
MDMin:  610 04:37:13    -2397.656515        0.295624
MDMin:  611 04:37:15    -2397.656524        0.730770
MDMin:  612 04:37:16    -2397.656533        0.295366
MDMin:  613 04:37:18    -2397.656568        0.726106
MDMin:  614 04:37:20    -2397.656530        0.295152
MDMin:  615 04:37:22    -2397.656567        0.295029
MDMin:  616 04:37:23    -2397.656594        0.726399
MDMin:  617 04:37:26    -2397.656589        0.294671
MDMin:  618 04:37:28    -2397.656627        0.294519
MDMin:  619 04:37:30    -2397.656624        0.726165
MDMin:  620 04:37:32    -2397.656653        0.294091
MDMin:  621 04:37:33    -2397.656668        0.721605
MDMin:  622 04:37:35    -2397.656654        0.293762
MDMin:  623 04:37:36    -2397.656693        0.293577
MDMin:  624 04:37:37    -2397.656695        0.722059
MDMin:  625 04:37:39    -2397.656721        0.293054
MDMin:  626 04:37:40    -2397.656739        0.717641
MDMin:  627 04:37:43    -2397.656725        0.292657
MDMin:  628 04:37:44    -2397.656765        0.292437
MDMin:  629 04:37:46    -2397.656767        0.718273
MDMin:  630 04:37:48    -2397.656797        0.291819
MDMin:  631 04:37:50    -2397.656812        0.713964
MDMin:  632 04:37:51    -2397.656805        0.291356
MDMin:  633 04:37:52    -2397.656845        0.291101
MDMin:  634 04:37:53    -2397.656840        0.714748
MDMin:  635 04:37:55    -2397.656881        0.290389
MDMin:  636 04:37:56    -2397.656885        0.710535
MDMin:  637 04:37:58    -2397.656892        0.289861
MDMin:  638 04:37:59    -2397.656927        0.706948
MDMin:  639 04:38:00    -2397.656903        0.289320
MDMin:  640 04:38:01    -2397.656944        0.289021
MDMin:  641 04:38:02    -2397.656956        0.708076
MDMin:  642 04:38:04    -2397.656987        0.288188
MDMin:  643 04:38:05    -2397.657002        0.704058
MDMin:  644 04:38:07    -2397.657002        0.287578
MDMin:  645 04:38:09    -2397.657044        0.287247
MDMin:  646 04:38:10    -2397.657032        0.705257
MDMin:  647 04:38:12    -2397.657085        0.698619
MDMin:  648 04:38:14    -2397.657043        0.285723
MDMin:  649 04:38:16    -2397.657095        0.285285
MDMin:  650 04:38:18    -2397.657164        0.695707
MDMin:  651 04:38:19    -2397.657156        0.284190
MDMin:  652 04:38:21    -2397.657201        0.283799
MDMin:  653 04:38:23    -2397.657201        0.696750
MDMin:  654 04:38:25    -2397.657255        0.690259
MDMin:  655 04:38:26    -2397.657219        0.282030
MDMin:  656 04:38:28    -2397.657273        0.281534
MDMin:  657 04:38:30    -2397.657337        0.687749
MDMin:  658 04:38:32    -2397.657344        0.280294
MDMin:  659 04:38:35    -2397.657387        0.684165
MDMin:  660 04:38:37    -2397.657374        0.279473
MDMin:  661 04:38:39    -2397.657420        0.279035
MDMin:  662 04:38:40    -2397.657420        0.686170
MDMin:  663 04:38:42    -2397.657476        0.679892
MDMin:  664 04:38:43    -2397.657462        0.277022
MDMin:  665 04:38:45    -2397.657518        0.276467
MDMin:  666 04:38:47    -2397.657560        0.677892
MDMin:  667 04:38:48    -2397.657600        0.275072
MDMin:  668 04:38:50    -2397.657612        0.674556
MDMin:  669 04:38:51    -2397.657639        0.274154
MDMin:  670 04:38:53    -2397.657659        0.671821
MDMin:  671 04:38:55    -2397.657679        0.273232
MDMin:  672 04:38:57    -2397.657706        0.669168
MDMin:  673 04:38:59    -2397.657721        0.272296
MDMin:  674 04:39:01    -2397.657753        0.666582
MDMin:  675 04:39:03    -2397.657765        0.271345
MDMin:  676 04:39:04    -2397.657801        0.664059
MDMin:  677 04:39:05    -2397.657810        0.270382
MDMin:  678 04:39:07    -2397.657850        0.661596
MDMin:  679 04:39:08    -2397.657856        0.269404
MDMin:  680 04:39:10    -2397.657899        0.659189
MDMin:  681 04:39:12    -2397.657905        0.268414
MDMin:  682 04:39:13    -2397.657948        0.656837
MDMin:  683 04:39:14    -2397.657955        0.267411
MDMin:  684 04:39:16    -2397.657998        0.654536
MDMin:  685 04:39:17    -2397.658007        0.266396
MDMin:  686 04:39:18    -2397.658048        0.652285
MDMin:  687 04:39:19    -2397.658061        0.265368
MDMin:  688 04:39:20    -2397.658098        0.650080
MDMin:  689 04:39:21    -2397.658116        0.264329
MDMin:  690 04:39:23    -2397.658149        0.647921
MDMin:  691 04:39:24    -2397.658173        0.263278
MDMin:  692 04:39:25    -2397.658200        0.645804
MDMin:  693 04:39:27    -2397.658232        0.262216
MDMin:  694 04:39:28    -2397.658252        0.643729
MDMin:  695 04:39:30    -2397.658292        0.261143
MDMin:  696 04:39:32    -2397.658303        0.641694
MDMin:  697 04:39:34    -2397.658354        0.260060
MDMin:  698 04:39:36    -2397.658356        0.639697
MDMin:  699 04:39:38    -2397.658413        0.634610
MDMin:  700 04:39:40    -2397.658444        0.266600
MDMin:  701 04:39:41    -2397.658506        0.264032
MDMin:  702 04:39:44    -2397.658510        0.635155
MDMin:  703 04:39:46    -2397.658574        0.629654
MDMin:  704 04:39:48    -2397.658664        0.269675
MDMin:  705 04:39:50    -2397.658687        0.623584
MDMin:  706 04:39:52    -2397.658748        0.270227
MDMin:  707 04:39:54    -2397.658743        0.621907
MDMin:  708 04:39:56    -2397.658804        0.617064
MDMin:  709 04:39:58    -2397.658868        0.276717
MDMin:  710 04:40:00    -2397.658916        0.611860
MDMin:  711 04:40:02    -2397.658957        0.277053
MDMin:  712 04:40:04    -2397.658975        0.610452
MDMin:  713 04:40:06    -2397.659037        0.605764
MDMin:  714 04:40:08    -2397.659093        0.282988
MDMin:  715 04:40:10    -2397.659154        0.600938
MDMin:  716 04:40:11    -2397.659189        0.283135
MDMin:  717 04:40:13    -2397.659215        0.599755
MDMin:  718 04:40:15    -2397.659278        0.283610
MDMin:  719 04:40:17    -2397.659275        0.598627
MDMin:  720 04:40:18    -2397.659339        0.594085
MDMin:  721 04:40:20    -2397.659435        0.289084
MDMin:  722 04:40:21    -2397.659460        0.589584
MDMin:  723 04:40:23    -2397.659527        0.585098
MDMin:  724 04:40:24    -2397.659613        0.293850
MDMin:  725 04:40:26    -2397.659651        0.580849
MDMin:  726 04:40:27    -2397.659720        0.576472
MDMin:  727 04:40:29    -2397.659805        0.298218
MDMin:  728 04:40:30    -2397.659848        0.572501
MDMin:  729 04:40:31    -2397.659918        0.568225
MDMin:  730 04:40:32    -2397.660008        0.302239
MDMin:  731 04:40:34    -2397.660049        0.564506
MDMin:  732 04:40:35    -2397.660121        0.560324
MDMin:  733 04:40:36    -2397.660224        0.305950
MDMin:  734 04:40:37    -2397.660255        0.556836
MDMin:  735 04:40:39    -2397.660329        0.552741
MDMin:  736 04:40:41    -2397.660452        0.309379
MDMin:  737 04:40:42    -2397.660466        0.549465
MDMin:  738 04:40:44    -2397.660541        0.545451
MDMin:  739 04:40:45    -2397.660683        0.537981
MDMin:  740 04:40:46    -2397.660865        0.317712
MDMin:  741 04:40:47    -2397.660895        0.532352
MDMin:  742 04:40:49    -2397.660975        0.528474
MDMin:  743 04:40:51    -2397.661125        0.521327
MDMin:  744 04:40:53    -2397.661335        0.324505
MDMin:  745 04:40:56    -2397.661348        0.516351
MDMin:  746 04:40:57    -2397.661432        0.512641
MDMin:  747 04:40:58    -2397.661588        0.505825
MDMin:  748 04:40:59    -2397.661822        0.496092
MDMin:  749 04:41:00    -2397.662138        0.483714
MDMin:  750 04:41:02    -2397.662544        0.469026
MDMin:  751 04:41:03    -2397.663046        0.452404
MDMin:  752 04:41:04    -2397.663656        0.434240
MDMin:  753 04:41:05    -2397.664383        0.414921
MDMin:  754 04:41:07    -2397.665238        0.394820
MDMin:  755 04:41:08    -2397.666232        0.374277
MDMin:  756 04:41:11    -2397.667375        0.353601
MDMin:  757 04:41:13    -2397.668674        0.333060
MDMin:  758 04:41:15    -2397.670136        0.312888
MDMin:  759 04:41:17    -2397.671761        0.302473
MDMin:  760 04:41:19    -2397.673548        0.310519
MDMin:  761 04:41:20    -2397.675488        0.319556
MDMin:  762 04:41:22    -2397.677568        0.329508
MDMin:  763 04:41:23    -2397.679769        0.340093
MDMin:  764 04:41:25    -2397.682065        0.350778
MDMin:  765 04:41:27    -2397.684431        0.360813
MDMin:  766 04:41:29    -2397.683211        0.369196
MDMin:  767 04:41:31    -2397.683923        0.358951
MDMin:  768 04:41:32    -2397.684235        0.349105
MDMin:  769 04:41:33    -2397.682307        0.353294
MDMin:  770 04:41:34    -2397.682435        0.346957
MDMin:  771 04:41:36    -2397.682515        0.339682
MDMin:  772 04:41:38    -2397.682529        0.331664
MDMin:  773 04:41:40    -2397.680497        0.509570
MDMin:  774 04:41:41    -2397.680658        0.496045
MDMin:  775 04:41:42    -2397.680890        0.480161
MDMin:  776 04:41:45    -2397.681208        0.462322
MDMin:  777 04:41:46    -2397.681630        0.442365
MDMin:  778 04:41:48    -2397.682178        0.420085
MDMin:  779 04:41:50    -2397.682231        0.355098
MDMin:  780 04:41:52    -2397.682308        0.354685
MDMin:  781 04:41:54    -2397.682471        0.396956
MDMin:  782 04:41:55    -2397.682510        0.354130
MDMin:  783 04:41:56    -2397.682359        0.395673
MDMin:  784 04:41:58    -2397.682435        0.393420
MDMin:  785 04:41:59    -2397.682540        0.355548
MDMin:  786 04:42:00    -2397.682450        0.389257
MDMin:  787 04:42:01    -2397.682529        0.387015
MDMin:  788 04:42:02    -2397.682542        0.356977
MDMin:  789 04:42:04    -2397.682552        0.382947
MDMin:  790 04:42:06    -2397.682618        0.357091
MDMin:  791 04:42:07    -2397.682460        0.381645
MDMin:  792 04:42:09    -2397.682537        0.379548
MDMin:  793 04:42:11    -2397.682636        0.358365
MDMin:  794 04:42:12    -2397.682562        0.375788
MDMin:  795 04:42:13    -2397.682641        0.373694
MDMin:  796 04:42:15    -2397.682627        0.359631
MDMin:  797 04:42:16    -2397.682673        0.370003
MDMin:  798 04:42:18    -2397.682698        0.359720
MDMin:  799 04:42:20    -2397.682588        0.368935
MDMin:  800 04:42:22    -2397.682665        0.366973
MDMin:  801 04:42:24    -2397.682707        0.360826
MDMin:  802 04:42:26    -2397.682697        0.363551
MDMin:  803 04:42:28    -2397.682775        0.360920
MDMin:  804 04:42:30    -2397.682615        0.362621
MDMin:  805 04:42:31    -2397.682692        0.360726
MDMin:  806 04:42:33    -2397.682778        0.361971
MDMin:  807 04:42:35    -2397.682728        0.357485
MDMin:  808 04:42:37    -2397.682808        0.355579
MDMin:  809 04:42:38    -2397.682754        0.363011
MDMin:  810 04:42:40    -2397.682849        0.352370
MDMin:  811 04:42:42    -2397.682818        0.363065
MDMin:  812 04:42:45    -2397.682771        0.351602
MDMin:  813 04:42:47    -2397.682848        0.349815
MDMin:  814 04:42:48    -2397.682813        0.363947
MDMin:  815 04:42:49    -2397.682889        0.346828
MDMin:  816 04:42:50    -2397.682874        0.363998
MDMin:  817 04:42:51    -2397.682813        0.346166
MDMin:  818 04:42:53    -2397.682890        0.344431
MDMin:  819 04:42:55    -2397.682865        0.364826
MDMin:  820 04:42:58    -2397.682933        0.341584
MDMin:  821 04:43:00    -2397.682923        0.364872
MDMin:  822 04:43:01    -2397.682859        0.341013
MDMin:  823 04:43:03    -2397.682936        0.339326
MDMin:  824 04:43:04    -2397.682909        0.365643
MDMin:  825 04:43:06    -2397.682980        0.336603
MDMin:  826 04:43:07    -2397.682965        0.365682
MDMin:  827 04:43:09    -2397.682907        0.336113
MDMin:  828 04:43:11    -2397.682984        0.334469
MDMin:  829 04:43:13    -2397.682948        0.366395
MDMin:  830 04:43:15    -2397.683030        0.331859
MDMin:  831 04:43:17    -2397.683001        0.366425
MDMin:  832 04:43:18    -2397.682958        0.331441
MDMin:  833 04:43:20    -2397.683034        0.329838
MDMin:  834 04:43:21    -2397.682980        0.367081
MDMin:  835 04:43:22    -2397.683077        0.366806
MDMin:  836 04:43:23    -2397.682786        0.329961
MDMin:  837 04:43:25    -2397.682844        0.328718
MDMin:  838 04:43:27    -2397.682993        0.325546
MDMin:  839 04:43:29    -2397.683042        0.368051
MDMin:  840 04:43:30    -2397.683119        0.367839
MDMin:  841 04:43:32    -2397.682872        0.323826
MDMin:  842 04:43:34    -2397.682932        0.322573
MDMin:  843 04:43:36    -2397.683084        0.319448
MDMin:  844 04:43:37    -2397.683051        0.368971
MDMin:  845 04:43:39    -2397.683126        0.368764
MDMin:  846 04:43:41    -2397.682972        0.317830
MDMin:  847 04:43:43    -2397.683031        0.316623
MDMin:  848 04:43:45    -2397.683182        0.313594
MDMin:  849 04:43:47    -2397.683049        0.369713
MDMin:  850 04:43:49    -2397.683123        0.369511
MDMin:  851 04:43:51    -2397.683074        0.312144
MDMin:  852 04:43:53    -2397.683133        0.310980
MDMin:  853 04:43:55    -2397.683195        0.369641
MDMin:  854 04:43:57    -2397.683163        0.309206
MDMin:  855 04:43:58    -2397.683239        0.307723
MDMin:  856 04:44:00    -2397.683132        0.370083
MDMin:  857 04:44:02    -2397.683222        0.369867
MDMin:  858 04:44:03    -2397.683013        0.308434
MDMin:  859 04:44:04    -2397.683067        0.307346
MDMin:  860 04:44:06    -2397.683211        0.304496
MDMin:  861 04:44:07    -2397.683153        0.370594
MDMin:  862 04:44:09    -2397.683224        0.370427
MDMin:  863 04:44:12    -2397.683103        0.303478
MDMin:  864 04:44:13    -2397.683159        0.302369
MDMin:  865 04:44:15    -2397.683286        0.370530
MDMin:  866 04:44:17    -2397.683188        0.300759
MDMin:  867 04:44:19    -2397.683263        0.299329
MDMin:  868 04:44:21    -2397.683215        0.370886
MDMin:  869 04:44:23    -2397.683302        0.370704
MDMin:  870 04:44:24    -2397.683042        0.300302
MDMin:  871 04:44:25    -2397.683094        0.299263
MDMin:  872 04:44:27    -2397.683235        0.296512
MDMin:  873 04:44:29    -2397.683218        0.371282
MDMin:  874 04:44:31    -2397.683287        0.371139
MDMin:  875 04:44:33    -2397.683129        0.295750
MDMin:  876 04:44:35    -2397.683184        0.294688
MDMin:  877 04:44:37    -2397.683326        0.291958
MDMin:  878 04:44:39    -2397.683174        0.371621
MDMin:  879 04:44:40    -2397.683241        0.371478
MDMin:  880 04:44:41    -2397.683227        0.291211
MDMin:  881 04:44:42    -2397.683281        0.290182
MDMin:  882 04:44:44    -2397.683291        0.371473
MDMin:  883 04:44:46    -2397.683309        0.288765
MDMin:  884 04:44:48    -2397.683327        0.371434
MDMin:  885 04:44:49    -2397.683245        0.288935
MDMin:  886 04:44:51    -2397.683313        0.287637
MDMin:  887 04:44:52    -2397.683268        0.371617
MDMin:  888 04:44:54    -2397.683352        0.371476
MDMin:  889 04:44:56    -2397.683093        0.288996
MDMin:  890 04:44:57    -2397.683142        0.288025
MDMin:  891 04:44:59    -2397.683277        0.285406
MDMin:  892 04:45:01    -2397.683252        0.371835
MDMin:  893 04:45:03    -2397.683317        0.371724
MDMin:  894 04:45:04    -2397.683173        0.284962
MDMin:  895 04:45:06    -2397.683225        0.283962
MDMin:  896 04:45:08    -2397.683360        0.371727
MDMin:  897 04:45:10    -2397.683250        0.282639
MDMin:  898 04:45:11    -2397.683320        0.281317
MDMin:  899 04:45:13    -2397.683272        0.371876
MDMin:  900 04:45:15    -2397.683353        0.371755
MDMin:  901 04:45:17    -2397.683108        0.282721
MDMin:  902 04:45:19    -2397.683155        0.281784
MDMin:  903 04:45:21    -2397.683287        0.279236
MDMin:  904 04:45:24    -2397.683242        0.371988
MDMin:  905 04:45:25    -2397.683306        0.371892
MDMin:  906 04:45:26    -2397.683183        0.278938
MDMin:  907 04:45:28    -2397.683233        0.277972
MDMin:  908 04:45:30    -2397.683344        0.371857
MDMin:  909 04:45:31    -2397.683257        0.276732
MDMin:  910 04:45:33    -2397.683325        0.275446
MDMin:  911 04:45:34    -2397.683251        0.371936
MDMin:  912 04:45:35    -2397.683331        0.371833
MDMin:  913 04:45:36    -2397.683115        0.276962
MDMin:  914 04:45:38    -2397.683161        0.276057
MDMin:  915 04:45:40    -2397.683289        0.273575
MDMin:  916 04:45:42    -2397.683212        0.371953
MDMin:  917 04:45:43    -2397.683275        0.371872
MDMin:  918 04:45:45    -2397.683185        0.273408
MDMin:  919 04:45:47    -2397.683233        0.272473
MDMin:  920 04:45:49    -2397.683307        0.371806
MDMin:  921 04:45:50    -2397.683256        0.271307
MDMin:  922 04:45:52    -2397.683322        0.270050
MDMin:  923 04:45:54    -2397.683210        0.371823
MDMin:  924 04:45:56    -2397.683289        0.371737
MDMin:  925 04:45:57    -2397.683114        0.271666
MDMin:  926 04:45:59    -2397.683158        0.270789
MDMin:  927 04:46:01    -2397.683283        0.268364
MDMin:  928 04:46:03    -2397.683164        0.371759
MDMin:  929 04:46:04    -2397.683225        0.371692
MDMin:  930 04:46:06    -2397.683179        0.268315
MDMin:  931 04:46:08    -2397.683226        0.267406
MDMin:  932 04:46:09    -2397.683253        0.371603
MDMin:  933 04:46:11    -2397.683246        0.266305
MDMin:  934 04:46:12    -2397.683280        0.371552
MDMin:  935 04:46:14    -2397.683182        0.266690
MDMin:  936 04:46:16    -2397.683243        0.265970
MDMin:  937 04:46:18    -2397.683202        0.371520
MDMin:  938 04:46:20    -2397.683280        0.371465
MDMin:  939 04:46:22    -2397.683030        0.267323
MDMin:  940 04:46:23    -2397.683072        0.266462
MDMin:  941 04:46:24    -2397.683193        0.266439
MDMin:  942 04:46:25    -2397.683149        0.371442
MDMin:  943 04:46:27    -2397.683209        0.371396
MDMin:  944 04:46:28    -2397.683087        0.266422
MDMin:  945 04:46:29    -2397.683132        0.266752
MDMin:  946 04:46:31    -2397.683233        0.371315
MDMin:  947 04:46:32    -2397.683150        0.267133
MDMin:  948 04:46:33    -2397.683213        0.267590
MDMin:  949 04:46:35    -2397.683129        0.371242
MDMin:  950 04:46:37    -2397.683206        0.371199
MDMin:  951 04:46:39    -2397.683007        0.266941
MDMin:  952 04:46:41    -2397.683049        0.267237
MDMin:  953 04:46:43    -2397.683166        0.268085
MDMin:  954 04:46:45    -2397.683069        0.371086
MDMin:  955 04:46:47    -2397.683128        0.371051
MDMin:  956 04:46:48    -2397.683060        0.268080
MDMin:  957 04:46:50    -2397.683104        0.268391
MDMin:  958 04:46:52    -2397.683150        0.370945
MDMin:  959 04:46:54    -2397.683120        0.268753
MDMin:  960 04:46:56    -2397.683173        0.370896
MDMin:  961 04:46:58    -2397.683056        0.268588
MDMin:  962 04:47:00    -2397.683114        0.268995
MDMin:  963 04:47:02    -2397.683089        0.370792
MDMin:  964 04:47:03    -2397.683150        0.269487
MDMin:  965 04:47:05    -2397.683107        0.370732
MDMin:  966 04:47:06    -2397.683086        0.269341
MDMin:  967 04:47:07    -2397.683144        0.269742
MDMin:  968 04:47:09    -2397.683022        0.370596
MDMin:  969 04:47:10    -2397.683098        0.370577
MDMin:  970 04:47:11    -2397.682934        0.269100
MDMin:  971 04:47:13    -2397.682974        0.269369
MDMin:  972 04:47:14    -2397.683087        0.270150
MDMin:  973 04:47:16    -2397.682957        0.370378
MDMin:  974 04:47:17    -2397.683016        0.370362
MDMin:  975 04:47:19    -2397.682980        0.270137
MDMin:  976 04:47:21    -2397.683022        0.270421
MDMin:  977 04:47:23    -2397.683034        0.370246
MDMin:  978 04:47:25    -2397.683035        0.270751
MDMin:  979 04:47:27    -2397.683055        0.370199
MDMin:  980 04:47:28    -2397.682971        0.270593
MDMin:  981 04:47:30    -2397.683027        0.270968
MDMin:  982 04:47:32    -2397.682968        0.370048
MDMin:  983 04:47:34    -2397.683043        0.370055
MDMin:  984 04:47:36    -2397.682818        0.270332
MDMin:  985 04:47:38    -2397.682856        0.270583
MDMin:  986 04:47:40    -2397.682966        0.271317
MDMin:  987 04:47:42    -2397.682899        0.369828
MDMin:  988 04:47:44    -2397.682956        0.369831
MDMin:  989 04:47:45    -2397.682857        0.271289
MDMin:  990 04:47:47    -2397.682898        0.271556
MDMin:  991 04:47:48    -2397.682972        0.369727
MDMin:  992 04:47:49    -2397.682910        0.271862
MDMin:  993 04:47:51    -2397.682967        0.272241
MDMin:  994 04:47:53    -2397.682861        0.369528
MDMin:  995 04:47:55    -2397.682934        0.369544
MDMin:  996 04:47:56    -2397.682765        0.271688
MDMin:  997 04:47:58    -2397.682802        0.271926
MDMin:  998 04:48:00    -2397.682910        0.272625
MDMin:  999 04:48:01    -2397.682786        0.369249
MDMin:  1000 04:48:03    -2397.682843        0.369261
MDMin:  1001 04:48:05    -2397.682801        0.272613
MDMin:  1002 04:48:07    -2397.682841        0.272865
MDMin:  1003 04:48:09    -2397.682857        0.369141
MDMin:  1004 04:48:11    -2397.682852        0.273156
MDMin:  1005 04:48:13    -2397.682876        0.369099
MDMin:  1006 04:48:14    -2397.682787        0.273009
MDMin:  1007 04:48:16    -2397.682840        0.273345
MDMin:  1008 04:48:17    -2397.682787        0.368896
MDMin:  1009 04:48:19    -2397.682860        0.368937
MDMin:  1010 04:48:21    -2397.682634        0.272765
MDMin:  1011 04:48:23    -2397.682670        0.272987
MDMin:  1012 04:48:25    -2397.682775        0.273640
MDMin:  1013 04:48:27    -2397.682710        0.368623
MDMin:  1014 04:48:28    -2397.682767        0.368652
MDMin:  1015 04:48:30    -2397.682664        0.273609
MDMin:  1016 04:48:32    -2397.682703        0.273845
MDMin:  1017 04:48:33    -2397.682779        0.368548
MDMin:  1018 04:48:35    -2397.682711        0.274113
MDMin:  1019 04:48:37    -2397.682766        0.274451
MDMin:  1020 04:48:39    -2397.682666        0.368291
MDMin:  1021 04:48:41    -2397.682738        0.368341
MDMin:  1022 04:48:43    -2397.682567        0.273951
MDMin:  1023 04:48:44    -2397.682602        0.274162
MDMin:  1024 04:48:46    -2397.682705        0.274783
MDMin:  1025 04:48:47    -2397.682585        0.367967
MDMin:  1026 04:48:49    -2397.682642        0.368005
MDMin:  1027 04:48:50    -2397.682595        0.274769
MDMin:  1028 04:48:52    -2397.682632        0.274992
MDMin:  1029 04:48:53    -2397.682653        0.367889
MDMin:  1030 04:48:54    -2397.682640        0.275247
MDMin:  1031 04:48:56    -2397.682671        0.367855
MDMin:  1032 04:48:57    -2397.682576        0.275112
MDMin:  1033 04:48:59    -2397.682627        0.275410
MDMin:  1034 04:49:00    -2397.682579        0.367609
MDMin:  1035 04:49:01    -2397.682652        0.367683
MDMin:  1036 04:49:02    -2397.682423        0.274883
MDMin:  1037 04:49:04    -2397.682457        0.275078
MDMin:  1038 04:49:06    -2397.682557        0.275656
MDMin:  1039 04:49:08    -2397.682498        0.367297
MDMin:  1040 04:49:11    -2397.682555        0.367352
MDMin:  1041 04:49:12    -2397.682446        0.275623
MDMin:  1042 04:49:13    -2397.682483        0.275832
MDMin:  1043 04:49:15    -2397.682565        0.367253
MDMin:  1044 04:49:17    -2397.682489        0.276065
MDMin:  1045 04:49:19    -2397.682542        0.276365
MDMin:  1046 04:49:21    -2397.682450        0.366947
MDMin:  1047 04:49:23    -2397.682521        0.367030
MDMin:  1048 04:49:25    -2397.682345        0.275915
MDMin:  1049 04:49:27    -2397.682378        0.276101
MDMin:  1050 04:49:29    -2397.682477        0.276649
MDMin:  1051 04:49:31    -2397.682365        0.366592
MDMin:  1052 04:49:33    -2397.682421        0.366656
MDMin:  1053 04:49:35    -2397.682366        0.276636
MDMin:  1054 04:49:37    -2397.682402        0.276832
MDMin:  1055 04:49:38    -2397.682430        0.366549
MDMin:  1056 04:49:40    -2397.682407        0.277054
MDMin:  1057 04:49:42    -2397.682448        0.366525
MDMin:  1058 04:49:44    -2397.682344        0.276930
MDMin:  1059 04:49:46    -2397.682393        0.277193
MDMin:  1060 04:49:48    -2397.682354        0.366242
MDMin:  1061 04:49:50    -2397.682416        0.277511
MDMin:  1062 04:49:51    -2397.682367        0.366202
MDMin:  1063 04:49:53    -2397.682355        0.277408
MDMin:  1064 04:49:54    -2397.682403        0.366212
MDMin:  1065 04:49:56    -2397.682288        0.277265
MDMin:  1066 04:49:57    -2397.682336        0.277520
MDMin:  1067 04:49:59    -2397.682310        0.365928
MDMin:  1068 04:50:01    -2397.682359        0.277824
MDMin:  1069 04:50:03    -2397.682323        0.365892
MDMin:  1070 04:50:05    -2397.682297        0.277721
MDMin:  1071 04:50:06    -2397.682345        0.277973
MDMin:  1072 04:50:08    -2397.682228        0.365584
MDMin:  1073 04:50:09    -2397.682300        0.365699
MDMin:  1074 04:50:10    -2397.682146        0.277542
MDMin:  1075 04:50:11    -2397.682178        0.277705
MDMin:  1076 04:50:14    -2397.682274        0.278188
MDMin:  1077 04:50:16    -2397.682143        0.366798
MDMin:  1078 04:50:17    -2397.682200        0.365478
MDMin:  1079 04:50:19    -2397.682162        0.278168
MDMin:  1080 04:50:20    -2397.682197        0.278341
MDMin:  1081 04:50:22    -2397.682208        0.365493
MDMin:  1082 04:50:23    -2397.682201        0.278533
MDMin:  1083 04:50:25    -2397.682225        0.365193
MDMin:  1084 04:50:27    -2397.682139        0.278419
MDMin:  1085 04:50:28    -2397.682186        0.278651
MDMin:  1086 04:50:29    -2397.682130        0.367606
MDMin:  1087 04:50:31    -2397.682202        0.365913
MDMin:  1088 04:50:33    -2397.681988        0.278219
MDMin:  1089 04:50:35    -2397.682020        0.278370
MDMin:  1090 04:50:37    -2397.682113        0.278817
MDMin:  1091 04:50:39    -2397.682043        0.370009
MDMin:  1092 04:50:41    -2397.682100        0.368656
MDMin:  1093 04:50:43    -2397.682001        0.278782
MDMin:  1094 04:50:45    -2397.682035        0.278944
MDMin:  1095 04:50:47    -2397.682107        0.368628
MDMin:  1096 04:50:48    -2397.682039        0.279117
MDMin:  1097 04:50:50    -2397.682088        0.279351
MDMin:  1098 04:50:52    -2397.681991        0.371564
MDMin:  1099 04:50:54    -2397.682062        0.369845
MDMin:  1100 04:50:56    -2397.681897        0.278992
MDMin:  1101 04:50:58    -2397.681928        0.279135
MDMin:  1102 04:51:00    -2397.682021        0.279558
MDMin:  1103 04:51:02    -2397.681901        0.373940
MDMin:  1104 04:51:04    -2397.681958        0.372546
MDMin:  1105 04:51:06    -2397.681909        0.279547
MDMin:  1106 04:51:08    -2397.681943        0.279699
MDMin:  1107 04:51:10    -2397.681965        0.372458
MDMin:  1108 04:51:12    -2397.681946        0.279865
MDMin:  1109 04:51:13    -2397.681982        0.372074
MDMin:  1110 04:51:15    -2397.681885        0.279764
MDMin:  1111 04:51:17    -2397.681931        0.279966
MDMin:  1112 04:51:19    -2397.681886        0.374498
MDMin:  1113 04:51:21    -2397.681951        0.280210
MDMin:  1114 04:51:23    -2397.681898        0.374209
MDMin:  1115 04:51:26    -2397.681891        0.280130
MDMin:  1116 04:51:28    -2397.681932        0.373377
MDMin:  1117 04:51:29    -2397.681827        0.280016
MDMin:  1118 04:51:31    -2397.681872        0.280210
MDMin:  1119 04:51:33    -2397.681838        0.375774
MDMin:  1120 04:51:35    -2397.681891        0.280442
MDMin:  1121 04:51:37    -2397.681850        0.375474
MDMin:  1122 04:51:39    -2397.681832        0.280362
MDMin:  1123 04:51:41    -2397.681877        0.280555
MDMin:  1124 04:51:43    -2397.681754        0.377888
MDMin:  1125 04:51:44    -2397.681826        0.376073
MDMin:  1126 04:51:46    -2397.681685        0.280222
MDMin:  1127 04:51:48    -2397.681716        0.280346
MDMin:  1128 04:51:50    -2397.681806        0.280710
MDMin:  1129 04:51:52    -2397.681665        0.380118
MDMin:  1130 04:51:54    -2397.681722        0.378650
MDMin:  1131 04:51:56    -2397.681696        0.280700
MDMin:  1132 04:51:57    -2397.681729        0.280831
MDMin:  1133 04:51:59    -2397.681728        0.378472
MDMin:  1134 04:52:00    -2397.681731        0.280971
MDMin:  1135 04:52:02    -2397.681745        0.378035
MDMin:  1136 04:52:03    -2397.681672        0.280881
MDMin:  1137 04:52:04    -2397.681716        0.281056
MDMin:  1138 04:52:06    -2397.681649        0.380453
MDMin:  1139 04:52:07    -2397.681721        0.378602
MDMin:  1140 04:52:09    -2397.681526        0.280718
MDMin:  1141 04:52:11    -2397.681557        0.280831
MDMin:  1142 04:52:13    -2397.681646        0.281163
MDMin:  1143 04:52:14    -2397.681559        0.382667
MDMin:  1144 04:52:16    -2397.681617        0.381161
MDMin:  1145 04:52:18    -2397.681536        0.281136
MDMin:  1146 04:52:20    -2397.681568        0.281257
MDMin:  1147 04:52:22    -2397.681622        0.380954
MDMin:  1148 04:52:24    -2397.681571        0.281381
MDMin:  1149 04:52:25    -2397.681617        0.281555
MDMin:  1150 04:52:27    -2397.681505        0.383874
MDMin:  1151 04:52:29    -2397.681577        0.381995
MDMin:  1152 04:52:31    -2397.681434        0.281287
MDMin:  1153 04:52:33    -2397.681464        0.281394
MDMin:  1154 04:52:35    -2397.681552        0.281704
MDMin:  1155 04:52:37    -2397.681413        0.386069
MDMin:  1156 04:52:39    -2397.681472        0.384518
MDMin:  1157 04:52:40    -2397.681444        0.281706
MDMin:  1158 04:52:42    -2397.681476        0.281818
MDMin:  1159 04:52:44    -2397.681476        0.384258
MDMin:  1160 04:52:46    -2397.681479        0.281937
MDMin:  1161 04:52:48    -2397.681493        0.383765
MDMin:  1162 04:52:50    -2397.681421        0.281860
MDMin:  1163 04:52:51    -2397.681465        0.282008
MDMin:  1164 04:52:53    -2397.681396        0.386183
MDMin:  1165 04:52:54    -2397.681469        0.384248
MDMin:  1166 04:52:56    -2397.681280        0.281720
MDMin:  1167 04:52:58    -2397.681310        0.281815
MDMin:  1168 04:53:00    -2397.681398        0.282094
MDMin:  1169 04:53:01    -2397.681305        0.388326
MDMin:  1170 04:53:02    -2397.681364        0.386734
MDMin:  1171 04:53:03    -2397.681289        0.282076
MDMin:  1172 04:53:05    -2397.681322        0.282178
MDMin:  1173 04:53:07    -2397.681368        0.386451
MDMin:  1174 04:53:09    -2397.681325        0.282280
MDMin:  1175 04:53:10    -2397.681370        0.282426
MDMin:  1176 04:53:12    -2397.681252        0.389366
MDMin:  1177 04:53:14    -2397.681324        0.387400
MDMin:  1178 04:53:15    -2397.681191        0.282205
MDMin:  1179 04:53:17    -2397.681222        0.282294
MDMin:  1180 04:53:19    -2397.681309        0.282552
MDMin:  1181 04:53:21    -2397.681159        0.391492
MDMin:  1182 04:53:23    -2397.681218        0.389852
MDMin:  1183 04:53:24    -2397.681202        0.282563
MDMin:  1184 04:53:26    -2397.681235        0.282657
MDMin:  1185 04:53:28    -2397.681222        0.389520
MDMin:  1186 04:53:30    -2397.681238        0.282755
MDMin:  1187 04:53:32    -2397.681239        0.388972
MDMin:  1188 04:53:34    -2397.681183        0.282690
MDMin:  1189 04:53:37    -2397.681226        0.282813
MDMin:  1190 04:53:39    -2397.681142        0.391399
MDMin:  1191 04:53:41    -2397.681215        0.389376
MDMin:  1192 04:53:42    -2397.681046        0.282572
MDMin:  1193 04:53:43    -2397.681077        0.282650
MDMin:  1194 04:53:45    -2397.681163        0.282876
MDMin:  1195 04:53:46    -2397.681049        0.393489
MDMin:  1196 04:53:48    -2397.681109        0.391804
MDMin:  1197 04:53:50    -2397.681058        0.282869
MDMin:  1198 04:53:52    -2397.681091        0.282953
MDMin:  1199 04:53:54    -2397.681113        0.391456
MDMin:  1200 04:53:56    -2397.681094        0.283034
MDMin:  1201 04:53:58    -2397.681130        0.390886
MDMin:  1202 04:54:00    -2397.681040        0.282970
MDMin:  1203 04:54:02    -2397.681083        0.283079
MDMin:  1204 04:54:04    -2397.681032        0.393328
MDMin:  1205 04:54:06    -2397.681101        0.283212
MDMin:  1206 04:54:08    -2397.681046        0.392836
MDMin:  1207 04:54:10    -2397.681048        0.283171
MDMin:  1208 04:54:12    -2397.681078        0.391833
MDMin:  1209 04:54:14    -2397.680992        0.283102
MDMin:  1210 04:54:16    -2397.681035        0.283206
MDMin:  1211 04:54:18    -2397.680981        0.394260
MDMin:  1212 04:54:20    -2397.681053        0.283331
MDMin:  1213 04:54:22    -2397.680995        0.393755
MDMin:  1214 04:54:23    -2397.681000        0.283291
MDMin:  1215 04:54:25    -2397.681027        0.392744
MDMin:  1216 04:54:27    -2397.680945        0.283224
MDMin:  1217 04:54:28    -2397.680988        0.283323
MDMin:  1218 04:54:30    -2397.680929        0.395176
MDMin:  1219 04:54:31    -2397.681003        0.393074
MDMin:  1220 04:54:34    -2397.680814        0.283106
MDMin:  1221 04:54:36    -2397.680845        0.283170
MDMin:  1222 04:54:38    -2397.680932        0.283350
MDMin:  1223 04:54:40    -2397.680835        0.397256
MDMin:  1224 04:54:42    -2397.680896        0.395481
MDMin:  1225 04:54:44    -2397.680830        0.283343
MDMin:  1226 04:54:45    -2397.680863        0.283412
MDMin:  1227 04:54:46    -2397.680899        0.395096
MDMin:  1228 04:54:47    -2397.680868        0.283475
MDMin:  1229 04:54:48    -2397.680913        0.283572
MDMin:  1230 04:54:49    -2397.680784        0.398009
MDMin:  1231 04:54:52    -2397.680858        0.395866
MDMin:  1232 04:54:53    -2397.680745        0.283431
MDMin:  1233 04:54:55    -2397.680776        0.283490
MDMin:  1234 04:54:57    -2397.680863        0.283653
MDMin:  1235 04:54:59    -2397.680687        0.400069
MDMin:  1236 04:55:01    -2397.680750        0.398236
MDMin:  1237 04:55:03    -2397.680763        0.283688
MDMin:  1238 04:55:04    -2397.680797        0.283748
MDMin:  1239 04:55:06    -2397.680752        0.397807
MDMin:  1240 04:55:08    -2397.680803        0.283812
MDMin:  1241 04:55:10    -2397.680770        0.397157
MDMin:  1242 04:55:11    -2397.680753        0.283769
MDMin:  1243 04:55:14    -2397.680796        0.283847
MDMin:  1244 04:55:16    -2397.680671        0.399624
MDMin:  1245 04:55:17    -2397.680746        0.397424
MDMin:  1246 04:55:18    -2397.680629        0.283693
MDMin:  1247 04:55:19    -2397.680662        0.283741
MDMin:  1248 04:55:21    -2397.680748        0.283876
MDMin:  1249 04:55:23    -2397.680574        0.401677
MDMin:  1250 04:55:25    -2397.680638        0.399790
MDMin:  1251 04:55:27    -2397.680651        0.283895
MDMin:  1252 04:55:29    -2397.680685        0.283947
MDMin:  1253 04:55:31    -2397.680640        0.399355
MDMin:  1254 04:55:33    -2397.680693        0.283995
MDMin:  1255 04:55:35    -2397.680658        0.398683
MDMin:  1256 04:55:37    -2397.680645        0.283953
MDMin:  1257 04:55:38    -2397.680688        0.284019
MDMin:  1258 04:55:40    -2397.680558        0.401173
MDMin:  1259 04:55:43    -2397.680634        0.398925
MDMin:  1260 04:55:44    -2397.680525        0.283876
MDMin:  1261 04:55:46    -2397.680558        0.283917
MDMin:  1262 04:55:48    -2397.680646        0.284028
MDMin:  1263 04:55:50    -2397.680460        0.403245
MDMin:  1264 04:55:52    -2397.680525        0.401297
MDMin:  1265 04:55:54    -2397.680552        0.284049
MDMin:  1266 04:55:56    -2397.680586        0.284092
MDMin:  1267 04:55:57    -2397.680526        0.400856
MDMin:  1268 04:55:58    -2397.680595        0.284131
MDMin:  1269 04:56:00    -2397.680545        0.400159
MDMin:  1270 04:56:01    -2397.680549        0.284094
MDMin:  1271 04:56:03    -2397.680576        0.399100
MDMin:  1272 04:56:04    -2397.680502        0.284033
MDMin:  1273 04:56:05    -2397.680545        0.284084
MDMin:  1274 04:56:07    -2397.680476        0.401627
MDMin:  1275 04:56:09    -2397.680553        0.399336
MDMin:  1276 04:56:11    -2397.680387        0.283914
MDMin:  1277 04:56:13    -2397.680421        0.283946
MDMin:  1278 04:56:15    -2397.680509        0.284034
MDMin:  1279 04:56:17    -2397.680376        0.403773
MDMin:  1280 04:56:19    -2397.680443        0.401766
MDMin:  1281 04:56:21    -2397.680419        0.284033
MDMin:  1282 04:56:23    -2397.680455        0.284069
MDMin:  1283 04:56:25    -2397.680443        0.401347
MDMin:  1284 04:56:27    -2397.680466        0.284095
MDMin:  1285 04:56:29    -2397.680462        0.400633
MDMin:  1286 04:56:31    -2397.680422        0.284055
MDMin:  1287 04:56:33    -2397.680466        0.284101
MDMin:  1288 04:56:35    -2397.680361        0.403184
MDMin:  1289 04:56:36    -2397.680439        0.400836
MDMin:  1290 04:56:38    -2397.680313        0.283980
MDMin:  1291 04:56:39    -2397.680348        0.284007
MDMin:  1292 04:56:40    -2397.680437        0.284082
MDMin:  1293 04:56:41    -2397.680260        0.405334
MDMin:  1294 04:56:43    -2397.680328        0.403255
MDMin:  1295 04:56:45    -2397.680351        0.284111
MDMin:  1296 04:56:47    -2397.680388        0.284141
MDMin:  1297 04:56:49    -2397.680327        0.402826
MDMin:  1298 04:56:51    -2397.680401        0.284166
MDMin:  1299 04:56:53    -2397.680346        0.402081
MDMin:  1300 04:56:54    -2397.680359        0.284137
MDMin:  1301 04:56:55    -2397.680377        0.401012
MDMin:  1302 04:56:56    -2397.680317        0.284085
MDMin:  1303 04:56:58    -2397.680362        0.284118
MDMin:  1304 04:56:59    -2397.680275        0.403604
MDMin:  1305 04:57:01    -2397.680355        0.401205
MDMin:  1306 04:57:02    -2397.680215        0.283982
MDMin:  1307 04:57:03    -2397.680251        0.284000
MDMin:  1308 04:57:05    -2397.680342        0.284054
MDMin:  1309 04:57:07    -2397.680172        0.405831
MDMin:  1310 04:57:09    -2397.680242        0.403680
MDMin:  1311 04:57:10    -2397.680261        0.284071
MDMin:  1312 04:57:12    -2397.680299        0.284094
MDMin:  1313 04:57:13    -2397.680240        0.403275
MDMin:  1314 04:57:15    -2397.680314        0.284108
MDMin:  1315 04:57:16    -2397.680260        0.402509
MDMin:  1316 04:57:19    -2397.680276        0.284078
MDMin:  1317 04:57:21    -2397.680290        0.401442
MDMin:  1318 04:57:23    -2397.680237        0.284027
MDMin:  1319 04:57:25    -2397.680283        0.284052
MDMin:  1320 04:57:26    -2397.680187        0.404078
MDMin:  1321 04:57:27    -2397.680268        0.401620
MDMin:  1322 04:57:28    -2397.680143        0.283924
MDMin:  1323 04:57:30    -2397.680181        0.283936
MDMin:  1324 04:57:32    -2397.680273        0.283974
MDMin:  1325 04:57:34    -2397.680082        0.406371
MDMin:  1326 04:57:35    -2397.680154        0.404138
MDMin:  1327 04:57:37    -2397.680198        0.283996
MDMin:  1328 04:57:39    -2397.680237        0.284013
MDMin:  1329 04:57:40    -2397.680151        0.403756
MDMin:  1330 04:57:43    -2397.680234        0.401224
MDMin:  1331 04:57:45    -2397.680091        0.283855
MDMin:  1332 04:57:47    -2397.680130        0.283863
MDMin:  1333 04:57:48    -2397.680224        0.283888
MDMin:  1334 04:57:49    -2397.680047        0.406035
MDMin:  1335 04:57:51    -2397.680121        0.403751
MDMin:  1336 04:57:53    -2397.680153        0.283891
MDMin:  1337 04:57:55    -2397.680193        0.283904
MDMin:  1338 04:57:56    -2397.680117        0.403404
MDMin:  1339 04:57:57    -2397.680201        0.400841
MDMin:  1340 04:57:59    -2397.680053        0.283737
MDMin:  1341 04:58:01    -2397.680094        0.283741
MDMin:  1342 04:58:03    -2397.680190        0.283760
MDMin:  1343 04:58:05    -2397.680010        0.405768
MDMin:  1344 04:58:06    -2397.680086        0.403428
MDMin:  1345 04:58:08    -2397.680123        0.283758
MDMin:  1346 04:58:09    -2397.680165        0.283769
MDMin:  1347 04:58:10    -2397.680081        0.403113
MDMin:  1348 04:58:11    -2397.680166        0.400515
MDMin:  1349 04:58:13    -2397.680031        0.283601
MDMin:  1350 04:58:15    -2397.680073        0.283603
MDMin:  1351 04:58:17    -2397.680171        0.283618
MDMin:  1352 04:58:19    -2397.679972        0.405557
MDMin:  1353 04:58:21    -2397.680049        0.403157
MDMin:  1354 04:58:22    -2397.680109        0.283618
MDMin:  1355 04:58:24    -2397.680153        0.283627
MDMin:  1356 04:58:26    -2397.680043        0.402871
MDMin:  1357 04:58:28    -2397.680130        0.400236
MDMin:  1358 04:58:30    -2397.680026        0.283462
MDMin:  1359 04:58:32    -2397.680069        0.283463
MDMin:  1360 04:58:34    -2397.680132        0.399796
MDMin:  1361 04:58:36    -2397.680098        0.283402
MDMin:  1362 04:58:38    -2397.680148        0.283416
MDMin:  1363 04:58:40    -2397.680017        0.402833
MDMin:  1364 04:58:41    -2397.680104        0.400191
MDMin:  1365 04:58:43    -2397.680034        0.283287
MDMin:  1366 04:58:45    -2397.680078        0.283290
MDMin:  1367 04:58:46    -2397.680104        0.399809
MDMin:  1368 04:58:48    -2397.680109        0.283243
MDMin:  1369 04:58:50    -2397.680126        0.398995
MDMin:  1370 04:58:52    -2397.680085        0.283179
MDMin:  1371 04:58:54    -2397.680137        0.283192
MDMin:  1372 04:58:56    -2397.680018        0.401842
MDMin:  1373 04:58:58    -2397.680106        0.399167
MDMin:  1374 04:58:59    -2397.680027        0.283045
MDMin:  1375 04:59:01    -2397.680074        0.283048
MDMin:  1376 04:59:03    -2397.680104        0.398855
MDMin:  1377 04:59:05    -2397.680108        0.282998
MDMin:  1378 04:59:07    -2397.680127        0.398034
MDMin:  1379 04:59:09    -2397.680087        0.282930
MDMin:  1380 04:59:10    -2397.680139        0.282945
MDMin:  1381 04:59:12    -2397.680018        0.400918
MDMin:  1382 04:59:14    -2397.680107        0.398209
MDMin:  1383 04:59:16    -2397.680036        0.282788
MDMin:  1384 04:59:19    -2397.680084        0.282792
MDMin:  1385 04:59:20    -2397.680103        0.397967
MDMin:  1386 04:59:21    -2397.680121        0.282742
MDMin:  1387 04:59:23    -2397.680127        0.397135
MDMin:  1388 04:59:24    -2397.680103        0.282674
MDMin:  1389 04:59:26    -2397.680155        0.396165
MDMin:  1390 04:59:28    -2397.680086        0.282590
MDMin:  1391 04:59:30    -2397.680139        0.282605
MDMin:  1392 04:59:32    -2397.680045        0.399109
MDMin:  1393 04:59:33    -2397.680135        0.396367
MDMin:  1394 04:59:35    -2397.680044        0.282406
MDMin:  1395 04:59:37    -2397.680095        0.282414
MDMin:  1396 04:59:39    -2397.680129        0.396232
MDMin:  1397 04:59:41    -2397.680137        0.282358
MDMin:  1398 04:59:42    -2397.680153        0.395395
MDMin:  1399 04:59:44    -2397.680122        0.282282
MDMin:  1400 04:59:45    -2397.680177        0.282302
MDMin:  1401 04:59:47    -2397.680042        0.398367
MDMin:  1402 04:59:49    -2397.680134        0.395582
MDMin:  1403 04:59:50    -2397.680089        0.282118
MDMin:  1404 04:59:52    -2397.680142        0.282129
MDMin:  1405 04:59:54    -2397.680125        0.395509
MDMin:  1406 04:59:56    -2397.680188        0.282082
MDMin:  1407 04:59:57    -2397.680150        0.394656
MDMin:  1408 04:59:58    -2397.680177        0.282011
MDMin:  1409 05:00:00    -2397.680178        0.393716
MDMin:  1410 05:00:01    -2397.680167        0.281923
MDMin:  1411 05:00:02    -2397.680206        0.392792
MDMin:  1412 05:00:03    -2397.680158        0.281823
MDMin:  1413 05:00:05    -2397.680215        0.281845
MDMin:  1414 05:00:07    -2397.680093        0.395842
MDMin:  1415 05:00:09    -2397.680187        0.393016
MDMin:  1416 05:00:11    -2397.680138        0.281599
MDMin:  1417 05:00:13    -2397.680193        0.281615
MDMin:  1418 05:00:15    -2397.680176        0.393087
MDMin:  1419 05:00:17    -2397.680246        0.281561
MDMin:  1420 05:00:18    -2397.680201        0.392228
MDMin:  1421 05:00:20    -2397.680240        0.281478
MDMin:  1422 05:00:22    -2397.680229        0.391319
MDMin:  1423 05:00:24    -2397.680236        0.281381
MDMin:  1424 05:00:26    -2397.680257        0.390425
MDMin:  1425 05:00:28    -2397.680232        0.281271
MDMin:  1426 05:00:30    -2397.680285        0.389546
MDMin:  1427 05:00:31    -2397.680229        0.281151
MDMin:  1428 05:00:33    -2397.680288        0.281182
MDMin:  1429 05:00:35    -2397.680169        0.392680
MDMin:  1430 05:00:36    -2397.680267        0.389804
MDMin:  1431 05:00:37    -2397.680225        0.280879
MDMin:  1432 05:00:38    -2397.680285        0.280907
MDMin:  1433 05:00:40    -2397.680251        0.390044
MDMin:  1434 05:00:42    -2397.680345        0.280853
MDMin:  1435 05:00:44    -2397.680278        0.389175
MDMin:  1436 05:00:45    -2397.680346        0.280761
MDMin:  1437 05:00:47    -2397.680305        0.388301
MDMin:  1438 05:00:48    -2397.680348        0.280656
MDMin:  1439 05:00:50    -2397.680333        0.387442
MDMin:  1440 05:00:51    -2397.680351        0.280540
MDMin:  1441 05:00:53    -2397.680360        0.386597
MDMin:  1442 05:00:55    -2397.680355        0.280413
MDMin:  1443 05:00:57    -2397.680387        0.385764
MDMin:  1444 05:00:58    -2397.680360        0.280278
MDMin:  1445 05:01:00    -2397.680415        0.384943
MDMin:  1446 05:01:02    -2397.680365        0.280135
MDMin:  1447 05:01:04    -2397.680428        0.280185
MDMin:  1448 05:01:06    -2397.680296        0.388182
MDMin:  1449 05:01:08    -2397.680398        0.385243
MDMin:  1450 05:01:10    -2397.680386        0.279805
MDMin:  1451 05:01:12    -2397.680450        0.279855
MDMin:  1452 05:01:14    -2397.680376        0.385708
MDMin:  1453 05:01:15    -2397.680479        0.382768
MDMin:  1454 05:01:18    -2397.680416        0.279387
MDMin:  1455 05:01:19    -2397.680482        0.279443
MDMin:  1456 05:01:20    -2397.680456        0.383344
MDMin:  1457 05:01:22    -2397.680558        0.279382
MDMin:  1458 05:01:23    -2397.680485        0.382475
MDMin:  1459 05:01:24    -2397.680571        0.279264
MDMin:  1460 05:01:26    -2397.680512        0.381679
MDMin:  1461 05:01:28    -2397.680585        0.279136
MDMin:  1462 05:01:30    -2397.680539        0.380894
MDMin:  1463 05:01:32    -2397.680600        0.278999
MDMin:  1464 05:01:33    -2397.680566        0.380122
MDMin:  1465 05:01:35    -2397.680617        0.278855
MDMin:  1466 05:01:37    -2397.680593        0.379359
MDMin:  1467 05:01:39    -2397.680634        0.278704
MDMin:  1468 05:01:40    -2397.680620        0.378607
MDMin:  1469 05:01:41    -2397.680652        0.278548
MDMin:  1470 05:01:42    -2397.680647        0.377865
MDMin:  1471 05:01:43    -2397.680672        0.278387
MDMin:  1472 05:01:45    -2397.680673        0.377132
MDMin:  1473 05:01:47    -2397.680692        0.278221
MDMin:  1474 05:01:48    -2397.680700        0.376407
MDMin:  1475 05:01:50    -2397.680714        0.278052
MDMin:  1476 05:01:51    -2397.680727        0.375691
MDMin:  1477 05:01:53    -2397.680736        0.277880
MDMin:  1478 05:01:55    -2397.680754        0.374983
MDMin:  1479 05:01:57    -2397.680760        0.277704
MDMin:  1480 05:01:59    -2397.680780        0.374283
MDMin:  1481 05:02:01    -2397.680785        0.277527
MDMin:  1482 05:02:03    -2397.680807        0.373590
MDMin:  1483 05:02:05    -2397.680811        0.277348
MDMin:  1484 05:02:06    -2397.680834        0.372905
MDMin:  1485 05:02:08    -2397.680838        0.277167
MDMin:  1486 05:02:10    -2397.680860        0.372226
MDMin:  1487 05:02:12    -2397.680866        0.276985
MDMin:  1488 05:02:15    -2397.680887        0.371554
MDMin:  1489 05:02:16    -2397.680895        0.276801
MDMin:  1490 05:02:19    -2397.680913        0.370889
MDMin:  1491 05:02:21    -2397.680925        0.276616
MDMin:  1492 05:02:23    -2397.680940        0.370230
MDMin:  1493 05:02:25    -2397.680956        0.276431
MDMin:  1494 05:02:27    -2397.680966        0.369577
MDMin:  1495 05:02:29    -2397.680988        0.276245
MDMin:  1496 05:02:31    -2397.680993        0.368931
MDMin:  1497 05:02:32    -2397.681022        0.276058
MDMin:  1498 05:02:34    -2397.681019        0.368290
MDMin:  1499 05:02:36    -2397.681056        0.275871
MDMin:  1500 05:02:38    -2397.681045        0.367654
MDMin:  1501 05:02:40    -2397.681092        0.275684
MDMin:  1502 05:02:41    -2397.681072        0.367025
MDMin:  1503 05:02:42    -2397.681128        0.275496
MDMin:  1504 05:02:44    -2397.681098        0.366401
MDMin:  1505 05:02:45    -2397.681166        0.275308
MDMin:  1506 05:02:47    -2397.681124        0.366057
MDMin:  1507 05:02:48    -2397.681205        0.275120
MDMin:  1508 05:02:50    -2397.681150        0.366220
MDMin:  1509 05:02:52    -2397.681245        0.274931
MDMin:  1510 05:02:54    -2397.681177        0.366382
MDMin:  1511 05:02:56    -2397.681285        0.274743
MDMin:  1512 05:02:58    -2397.681203        0.366545
MDMin:  1513 05:03:00    -2397.681314        0.366820
MDMin:  1514 05:03:02    -2397.681267        0.273743
MDMin:  1515 05:03:04    -2397.681352        0.273950
MDMin:  1516 05:03:06    -2397.681260        0.367052
MDMin:  1517 05:03:07    -2397.681384        0.367335
MDMin:  1518 05:03:09    -2397.681409        0.273076
MDMin:  1519 05:03:10    -2397.681496        0.273314
MDMin:  1520 05:03:11    -2397.681336        0.367607
MDMin:  1521 05:03:13    -2397.681462        0.367870
MDMin:  1522 05:03:15    -2397.681562        0.272454
MDMin:  1523 05:03:17    -2397.681587        0.368266
MDMin:  1524 05:03:19    -2397.681624        0.272230
MDMin:  1525 05:03:21    -2397.681615        0.368435
MDMin:  1526 05:03:23    -2397.681676        0.271992
MDMin:  1527 05:03:25    -2397.681641        0.368599
MDMin:  1528 05:03:26    -2397.681729        0.271762
MDMin:  1529 05:03:28    -2397.681666        0.368763
MDMin:  1530 05:03:30    -2397.681783        0.368941
MDMin:  1531 05:03:31    -2397.681740        0.270534
MDMin:  1532 05:03:33    -2397.681830        0.270844
MDMin:  1533 05:03:35    -2397.681716        0.369299
MDMin:  1534 05:03:37    -2397.681849        0.369477
MDMin:  1535 05:03:39    -2397.681917        0.269802
MDMin:  1536 05:03:40    -2397.681974        0.369816
MDMin:  1537 05:03:41    -2397.681989        0.269572
MDMin:  1538 05:03:43    -2397.682002        0.369992
MDMin:  1539 05:03:45    -2397.682049        0.269321
MDMin:  1540 05:03:47    -2397.682028        0.370163
MDMin:  1541 05:03:49    -2397.682108        0.269902
MDMin:  1542 05:03:51    -2397.682053        0.370332
MDMin:  1543 05:03:54    -2397.682168        0.272085
MDMin:  1544 05:03:55    -2397.682079        0.370501
MDMin:  1545 05:03:57    -2397.682200        0.370584
MDMin:  1546 05:03:59    -2397.682198        0.276317
MDMin:  1547 05:04:01    -2397.682291        0.277689
MDMin:  1548 05:04:03    -2397.682120        0.371082
MDMin:  1549 05:04:05    -2397.682263        0.371151
MDMin:  1550 05:04:07    -2397.682393        0.283615
MDMin:  1551 05:04:09    -2397.682387        0.371425
MDMin:  1552 05:04:11    -2397.682472        0.286338
MDMin:  1553 05:04:13    -2397.682416        0.371606
MDMin:  1554 05:04:14    -2397.682536        0.288808
MDMin:  1555 05:04:16    -2397.682442        0.371783
MDMin:  1556 05:04:18    -2397.682567        0.371779
MDMin:  1557 05:04:20    -2397.682575        0.293528
MDMin:  1558 05:04:21    -2397.682668        0.295096
MDMin:  1559 05:04:23    -2397.682476        0.372425
MDMin:  1560 05:04:25    -2397.682627        0.372386
MDMin:  1561 05:04:27    -2397.682776        0.301751
MDMin:  1562 05:04:29    -2397.682752        0.372610
MDMin:  1563 05:04:31    -2397.682858        0.304857
MDMin:  1564 05:04:34    -2397.682782        0.372798
MDMin:  1565 05:04:36    -2397.682912        0.372707
MDMin:  1566 05:04:38    -2397.682902        0.310041
MDMin:  1567 05:04:40    -2397.682993        0.311788
MDMin:  1568 05:04:42    -2397.682810        0.373513
MDMin:  1569 05:04:44    -2397.682970        0.373363
MDMin:  1570 05:04:46    -2397.683100        0.319092
MDMin:  1571 05:04:48    -2397.683094        0.373545
MDMin:  1572 05:04:50    -2397.683181        0.322547
MDMin:  1573 05:04:52    -2397.683125        0.373740
MDMin:  1574 05:04:54    -2397.683244        0.325585
MDMin:  1575 05:04:55    -2397.683150        0.373933
MDMin:  1576 05:04:57    -2397.683285        0.373732
MDMin:  1577 05:04:59    -2397.683287        0.331236
MDMin:  1578 05:05:01    -2397.683373        0.333186
MDMin:  1579 05:05:03    -2397.683170        0.374723
MDMin:  1580 05:05:05    -2397.683341        0.374425
MDMin:  1581 05:05:06    -2397.683473        0.341184
MDMin:  1582 05:05:08    -2397.683464        0.374554
MDMin:  1583 05:05:10    -2397.683550        0.345020
MDMin:  1584 05:05:12    -2397.683496        0.374750
MDMin:  1585 05:05:14    -2397.683609        0.348331
MDMin:  1586 05:05:16    -2397.683521        0.374948
MDMin:  1587 05:05:18    -2397.683664        0.374619
MDMin:  1588 05:05:20    -2397.683649        0.354367
MDMin:  1589 05:05:22    -2397.683730        0.356481
MDMin:  1590 05:05:23    -2397.683534        0.375823
MDMin:  1591 05:05:25    -2397.683717        0.375349
MDMin:  1592 05:05:26    -2397.683820        0.364958
MDMin:  1593 05:05:28    -2397.683839        0.375424
MDMin:  1594 05:05:30    -2397.683892        0.369063
MDMin:  1595 05:05:31    -2397.683873        0.375617
MDMin:  1596 05:05:33    -2397.683947        0.372531
MDMin:  1597 05:05:34    -2397.683898        0.375818
MDMin:  1598 05:05:36    -2397.683999        0.375933
MDMin:  1599 05:05:38    -2397.683922        0.377683
MDMin:  1600 05:05:40    -2397.684050        0.379322
MDMin:  1601 05:05:42    -2397.683946        0.381067
MDMin:  1602 05:05:44    -2397.684098        0.382700
MDMin:  1603 05:05:45    -2397.684086        0.385411
MDMin:  1604 05:05:47    -2397.684160        0.387564
MDMin:  1605 05:05:49    -2397.683949        0.390756
MDMin:  1606 05:05:51    -2397.684150        0.392807
MDMin:  1607 05:05:53    -2397.684241        0.395866
MDMin:  1608 05:05:54    -2397.684271        0.398130
MDMin:  1609 05:05:57    -2397.684309        0.399872
MDMin:  1610 05:05:59    -2397.684308        0.401588
MDMin:  1611 05:06:01    -2397.684360        0.403134
MDMin:  1612 05:06:03    -2397.684333        0.404748
MDMin:  1613 05:06:04    -2397.684409        0.406237
MDMin:  1614 05:06:06    -2397.684358        0.407803
MDMin:  1615 05:06:07    -2397.684457        0.409250
MDMin:  1616 05:06:09    -2397.684381        0.410770
MDMin:  1617 05:06:11    -2397.684505        0.412173
MDMin:  1618 05:06:13    -2397.684405        0.413644
MDMin:  1619 05:06:14    -2397.684553        0.414997
MDMin:  1620 05:06:15    -2397.684429        0.416413
MDMin:  1621 05:06:17    -2397.684596        0.417711
MDMin:  1622 05:06:18    -2397.684596        0.419749
MDMin:  1623 05:06:20    -2397.684661        0.421382
MDMin:  1624 05:06:22    -2397.684421        0.423650
MDMin:  1625 05:06:24    -2397.684645        0.425108
MDMin:  1626 05:06:26    -2397.684749        0.427120
MDMin:  1627 05:06:28    -2397.684766        0.428583
MDMin:  1628 05:06:29    -2397.684818        0.429660
MDMin:  1629 05:06:31    -2397.684806        0.430667
MDMin:  1630 05:06:32    -2397.684872        0.431526
MDMin:  1631 05:06:34    -2397.684833        0.432378
MDMin:  1632 05:06:36    -2397.684923        0.433123
MDMin:  1633 05:06:38    -2397.684857        0.433863
MDMin:  1634 05:06:40    -2397.684975        0.434506
MDMin:  1635 05:06:42    -2397.684881        0.435136
MDMin:  1636 05:06:44    -2397.685026        0.435675
MDMin:  1637 05:06:45    -2397.684905        0.436194
MDMin:  1638 05:06:47    -2397.685079        0.436625
MDMin:  1639 05:06:48    -2397.684930        0.437027
MDMin:  1640 05:06:49    -2397.685109        0.437349
MDMin:  1641 05:06:51    -2397.685145        0.437746
MDMin:  1642 05:06:52    -2397.685193        0.437975
MDMin:  1643 05:06:53    -2397.685214        0.438087
MDMin:  1644 05:06:54    -2397.685229        0.438129
MDMin:  1645 05:06:55    -2397.685273        0.438104
MDMin:  1646 05:06:57    -2397.685254        0.438012
MDMin:  1647 05:06:58    -2397.685330        0.437866
MDMin:  1648 05:07:00    -2397.685278        0.437646
MDMin:  1649 05:07:01    -2397.685388        0.437380
MDMin:  1650 05:07:03    -2397.685302        0.437033
MDMin:  1651 05:07:05    -2397.685447        0.436647
MDMin:  1652 05:07:06    -2397.685326        0.436174
MDMin:  1653 05:07:08    -2397.685506        0.435670
MDMin:  1654 05:07:10    -2397.685350        0.435070
MDMin:  1655 05:07:12    -2397.685536        0.434449
MDMin:  1656 05:07:13    -2397.685599        0.433373
MDMin:  1657 05:07:15    -2397.685618        0.432334
MDMin:  1658 05:07:17    -2397.685676        0.431395
MDMin:  1659 05:07:19    -2397.685653        0.430384
MDMin:  1660 05:07:21    -2397.685743        0.429404
MDMin:  1661 05:07:22    -2397.685679        0.428318
MDMin:  1662 05:07:23    -2397.685809        0.427251
MDMin:  1663 05:07:24    -2397.685702        0.426065
MDMin:  1664 05:07:26    -2397.685876        0.424903
MDMin:  1665 05:07:27    -2397.685725        0.423617
MDMin:  1666 05:07:28    -2397.685914        0.422362
MDMin:  1667 05:07:30    -2397.685992        0.420330
MDMin:  1668 05:07:32    -2397.685995        0.418483
MDMin:  1669 05:07:35    -2397.686077        0.416889
MDMin:  1670 05:07:37    -2397.686030        0.415241
MDMin:  1671 05:07:39    -2397.686152        0.413695
MDMin:  1672 05:07:41    -2397.686054        0.412036
MDMin:  1673 05:07:43    -2397.686226        0.410450
MDMin:  1674 05:07:45    -2397.686077        0.408734
MDMin:  1675 05:07:47    -2397.686268        0.407092
MDMin:  1676 05:07:48    -2397.686364        0.404492
MDMin:  1677 05:07:50    -2397.686347        0.402181
MDMin:  1678 05:07:52    -2397.686456        0.400218
MDMin:  1679 05:07:54    -2397.686380        0.398222
MDMin:  1680 05:07:56    -2397.686538        0.396375
MDMin:  1681 05:07:58    -2397.686404        0.394419
MDMin:  1682 05:07:59    -2397.686596        0.394588
MDMin:  1683 05:08:01    -2397.686696        0.395065
MDMin:  1684 05:08:02    -2397.686674        0.395428
MDMin:  1685 05:08:04    -2397.686795        0.395693
MDMin:  1686 05:08:06    -2397.686707        0.395925
MDMin:  1687 05:08:08    -2397.686883        0.396106
MDMin:  1688 05:08:10    -2397.686730        0.396265
MDMin:  1689 05:08:12    -2397.686922        0.396385
MDMin:  1690 05:08:14    -2397.687059        0.396517
MDMin:  1691 05:08:16    -2397.686998        0.396576
MDMin:  1692 05:08:18    -2397.687165        0.396585
MDMin:  1693 05:08:20    -2397.687030        0.396558
MDMin:  1694 05:08:21    -2397.687226        0.396500
MDMin:  1695 05:08:22    -2397.687361        0.396354
MDMin:  1696 05:08:24    -2397.687303        0.396169
MDMin:  1697 05:08:25    -2397.687473        0.395973
MDMin:  1698 05:08:26    -2397.687334        0.395738
MDMin:  1699 05:08:27    -2397.687531        0.395490
MDMin:  1700 05:08:29    -2397.687685        0.395050
MDMin:  1701 05:08:30    -2397.687606        0.394610
MDMin:  1702 05:08:31    -2397.687804        0.394199
MDMin:  1703 05:08:32    -2397.687636        0.393750
MDMin:  1704 05:08:33    -2397.687832        0.393305
MDMin:  1705 05:08:34    -2397.688033        0.392561
MDMin:  1706 05:08:36    -2397.687906        0.391860
MDMin:  1707 05:08:38    -2397.688121        0.391230
MDMin:  1708 05:08:40    -2397.688296        0.390222
MDMin:  1709 05:08:43    -2397.688203        0.389312
MDMin:  1710 05:08:45    -2397.688421        0.388516
MDMin:  1711 05:08:47    -2397.688580        0.387268
MDMin:  1712 05:08:48    -2397.688504        0.386163
MDMin:  1713 05:08:50    -2397.688720        0.385209
MDMin:  1714 05:08:51    -2397.688532        0.384235
MDMin:  1715 05:08:53    -2397.688728        0.383311
MDMin:  1716 05:08:55    -2397.688994        0.381837
MDMin:  1717 05:08:57    -2397.688799        0.380521
MDMin:  1718 05:08:59    -2397.689012        0.379377
MDMin:  1719 05:09:01    -2397.689306        0.377610
MDMin:  1720 05:09:03    -2397.689089        0.376079
MDMin:  1721 05:09:05    -2397.689306        0.374774
MDMin:  1722 05:09:07    -2397.689623        0.372780
MDMin:  1723 05:09:09    -2397.689887        0.370019
MDMin:  1724 05:09:11    -2397.689750        0.367872
MDMin:  1725 05:09:14    -2397.689989        0.366188
MDMin:  1726 05:09:15    -2397.690289        0.363711
MDMin:  1727 05:09:17    -2397.690074        0.361672
MDMin:  1728 05:09:19    -2397.690294        0.359984
MDMin:  1729 05:09:21    -2397.690614        0.357460
MDMin:  1730 05:09:23    -2397.690972        0.354035
MDMin:  1731 05:09:25    -2397.690736        0.351441
MDMin:  1732 05:09:27    -2397.690973        0.349426
MDMin:  1733 05:09:29    -2397.691309        0.346503
MDMin:  1734 05:09:31    -2397.691741        0.342617
MDMin:  1735 05:09:33    -2397.690990        0.337710
MDMin:  1736 05:09:35    -2397.690629        0.332298
MDMin:  1737 05:09:37    -2397.690215        0.325769
MDMin:  1738 05:09:39    -2397.689750        0.318088
MDMin:  1739 05:09:40    -2397.689239        0.309257
MDMin:  1740 05:09:42    -2397.688683        0.299334
MDMin:  1741 05:09:44    -2397.688084        0.288429
MDMin:  1742 05:09:46    -2397.687439        0.289564
MDMin:  1743 05:09:48    -2397.685550        0.294372
MDMin:  1744 05:09:50    -2397.684923        0.298974
MDMin:  1745 05:09:52    -2397.684263        0.303653
MDMin:  1746 05:09:54    -2397.683574        0.308243
MDMin:  1747 05:09:56    -2397.682856        0.312546
MDMin:  1748 05:09:58    -2397.682111        0.316330
MDMin:  1749 05:09:59    -2397.681338        0.319336
MDMin:  1750 05:10:01    -2397.680540        0.321289
MDMin:  1751 05:10:03    -2397.679718        0.321914
MDMin:  1752 05:10:05    -2397.678876        0.320946
MDMin:  1753 05:10:07    -2397.678020        0.318156
MDMin:  1754 05:10:09    -2397.677153        0.313367
MDMin:  1755 05:10:11    -2397.676284        0.306480
MDMin:  1756 05:10:13    -2397.675418        0.297520
MDMin:  1757 05:10:15    -2397.674575        0.295362
MDMin:  1758 05:10:16    -2397.673850        0.394777
MDMin:  1759 05:10:17    -2397.673510        0.298495
MDMin:  1760 05:10:19    -2397.673342        0.298595
MDMin:  1761 05:10:20    -2397.673138        0.298612
MDMin:  1762 05:10:22    -2397.672906        0.299446
MDMin:  1763 05:10:24    -2397.672647        0.300420
MDMin:  1764 05:10:26    -2397.672362        0.301450
MDMin:  1765 05:10:28    -2397.672053        0.302506
MDMin:  1766 05:10:29    -2397.671721        0.303550
MDMin:  1767 05:10:31    -2397.671368        0.304533
MDMin:  1768 05:10:33    -2397.670996        0.305414
MDMin:  1769 05:10:35    -2397.670606        0.306147
MDMin:  1770 05:10:36    -2397.670199        0.306636
MDMin:  1771 05:10:38    -2397.669777        0.306763
MDMin:  1772 05:10:40    -2397.669340        0.306377
MDMin:  1773 05:10:42    -2397.668890        0.305294
MDMin:  1774 05:10:44    -2397.668426        0.303292
MDMin:  1775 05:10:46    -2397.667950        0.300113
MDMin:  1776 05:10:48    -2397.667460        0.295509
MDMin:  1777 05:10:50    -2397.666962        0.304849
MDMin:  1778 05:10:52    -2397.666500        0.468622
MDMin:  1779 05:10:53    -2397.666237        0.465490
MDMin:  1780 05:10:55    -2397.666123        0.327463
MDMin:  1781 05:10:57    -2397.665981        0.331056
MDMin:  1782 05:10:58    -2397.665816        0.335179
MDMin:  1783 05:11:01    -2397.665629        0.339789
MDMin:  1784 05:11:03    -2397.665420        0.344826
MDMin:  1785 05:11:05    -2397.665189        0.350210
MDMin:  1786 05:11:06    -2397.664937        0.355837
MDMin:  1787 05:11:08    -2397.664664        0.361579
MDMin:  1788 05:11:09    -2397.664371        0.367287
MDMin:  1789 05:11:11    -2397.664060        0.372794
MDMin:  1790 05:11:13    -2397.663730        0.377917
MDMin:  1791 05:11:14    -2397.663385        0.382474
MDMin:  1792 05:11:16    -2397.663025        0.386286
MDMin:  1793 05:11:17    -2397.662654        0.389196
MDMin:  1794 05:11:19    -2397.662275        0.397291
MDMin:  1795 05:11:21    -2397.661891        0.407650
MDMin:  1796 05:11:23    -2397.661507        0.417991
MDMin:  1797 05:11:25    -2397.661133        0.428090
MDMin:  1798 05:11:27    -2397.660811        0.533116
MDMin:  1799 05:11:28    -2397.660664        0.440706
MDMin:  1800 05:11:30    -2397.660592        0.442599
MDMin:  1801 05:11:31    -2397.660503        0.444951
MDMin:  1802 05:11:33    -2397.660403        0.447661
MDMin:  1803 05:11:34    -2397.660291        0.450708
MDMin:  1804 05:11:35    -2397.660170        0.454061
MDMin:  1805 05:11:37    -2397.660041        0.457675
MDMin:  1806 05:11:38    -2397.659905        0.461484
MDMin:  1807 05:11:39    -2397.659764        0.465398
MDMin:  1808 05:11:40    -2397.659621        0.469322
MDMin:  1809 05:11:42    -2397.659477        0.473128
MDMin:  1810 05:11:44    -2397.659334        0.476616
MDMin:  1811 05:11:46    -2397.659195        0.479516
MDMin:  1812 05:11:48    -2397.659062        0.481479
MDMin:  1813 05:11:49    -2397.658936        0.482057
MDMin:  1814 05:11:52    -2397.658821        0.480702
MDMin:  1815 05:11:54    -2397.658717        0.476738
MDMin:  1816 05:11:56    -2397.658627        0.469243
MDMin:  1817 05:11:57    -2397.658551        0.457382
MDMin:  1818 05:11:59    -2397.658492        0.440559
MDMin:  1819 05:12:00    -2397.658450        0.419278
MDMin:  1820 05:12:02    -2397.658430        0.605295
MDMin:  1821 05:12:04    -2397.658425        0.429041
MDMin:  1822 05:12:06    -2397.658421        0.432937
MDMin:  1823 05:12:08    -2397.658418        0.437094
MDMin:  1824 05:12:10    -2397.658418        0.441361
MDMin:  1825 05:12:11    -2397.658420        0.445556
MDMin:  1826 05:12:13    -2397.658426        0.449473
MDMin:  1827 05:12:15    -2397.658437        0.452889
MDMin:  1828 05:12:17    -2397.658453        0.455584
MDMin:  1829 05:12:19    -2397.658476        0.457357
MDMin:  1830 05:12:21    -2397.658506        0.458041
MDMin:  1831 05:12:23    -2397.658544        0.457529
MDMin:  1832 05:12:25    -2397.658591        0.455781
MDMin:  1833 05:12:27    -2397.658648        0.452832
MDMin:  1834 05:12:28    -2397.658715        0.448795
MDMin:  1835 05:12:30    -2397.658793        0.443853
MDMin:  1836 05:12:31    -2397.658881        0.438290
MDMin:  1837 05:12:32    -2397.658970        0.472780
MDMin:  1838 05:12:34    -2397.659027        0.442080
MDMin:  1839 05:12:35    -2397.659056        0.427464
MDMin:  1840 05:12:36    -2397.659093        0.425325
MDMin:  1841 05:12:38    -2397.659135        0.423425
MDMin:  1842 05:12:40    -2397.659184        0.429581
MDMin:  1843 05:12:42    -2397.659241        0.436772
MDMin:  1844 05:12:43    -2397.659305        0.445082
MDMin:  1845 05:12:45    -2397.659377        0.454612
MDMin:  1846 05:12:47    -2397.659458        0.465423
MDMin:  1847 05:12:49    -2397.659549        0.477534
MDMin:  1848 05:12:51    -2397.659649        0.490940
MDMin:  1849 05:12:53    -2397.659760        0.505573
MDMin:  1850 05:12:55    -2397.659882        0.521237
MDMin:  1851 05:12:57    -2397.660015        0.537585
MDMin:  1852 05:12:59    -2397.660161        0.554061
MDMin:  1853 05:13:01    -2397.660319        0.569859
MDMin:  1854 05:13:03    -2397.660490        0.583885
MDMin:  1855 05:13:05    -2397.660673        0.594666
MDMin:  1856 05:13:07    -2397.660867        0.600348
MDMin:  1857 05:13:08    -2397.661054        0.599872
MDMin:  1858 05:13:10    -2397.661187        0.613568
MDMin:  1859 05:13:12    -2397.661263        0.626227
MDMin:  1860 05:13:13    -2397.661343        0.639002
MDMin:  1861 05:13:15    -2397.661436        0.652577
MDMin:  1862 05:13:17    -2397.661541        0.666400
MDMin:  1863 05:13:19    -2397.661660        0.679720
MDMin:  1864 05:13:21    -2397.661793        0.691684
MDMin:  1865 05:13:23    -2397.661941        0.701447
MDMin:  1866 05:13:24    -2397.662106        0.708318
MDMin:  1867 05:13:26    -2397.662288        0.711887
MDMin:  1868 05:13:27    -2397.662489        0.712099
MDMin:  1869 05:13:29    -2397.662711        0.709234
MDMin:  1870 05:13:31    -2397.662954        0.703856
MDMin:  1871 05:13:32    -2397.663220        0.696741
MDMin:  1872 05:13:34    -2397.663510        0.688858
MDMin:  1873 05:13:36    -2397.663814        0.681462
MDMin:  1874 05:13:38    -2397.664082        0.688813
MDMin:  1875 05:13:40    -2397.664215        0.674095
MDMin:  1876 05:13:42    -2397.664318        0.672758
MDMin:  1877 05:13:43    -2397.664439        0.671578
MDMin:  1878 05:13:45    -2397.664578        0.670719
MDMin:  1879 05:13:47    -2397.664735        0.670391
MDMin:  1880 05:13:49    -2397.664912        0.670838
MDMin:  1881 05:13:50    -2397.665109        0.672345
MDMin:  1882 05:13:52    -2397.665327        0.675232
MDMin:  1883 05:13:53    -2397.665566        0.679864
MDMin:  1884 05:13:54    -2397.665826        0.686652
MDMin:  1885 05:13:56    -2397.666108        0.696063
MDMin:  1886 05:13:58    -2397.666412        0.708632
MDMin:  1887 05:13:59    -2397.666737        0.724994
MDMin:  1888 05:14:00    -2397.667082        0.745902
MDMin:  1889 05:14:01    -2397.667448        0.772245
MDMin:  1890 05:14:03    -2397.667828        0.804949
MDMin:  1891 05:14:05    -2397.668212        0.844054
MDMin:  1892 05:14:06    -2397.668548        0.883875
MDMin:  1893 05:14:07    -2397.668734        0.908378
MDMin:  1894 05:14:09    -2397.668861        0.926150
MDMin:  1895 05:14:11    -2397.669005        0.947538
MDMin:  1896 05:14:13    -2397.669167        0.973224
MDMin:  1897 05:14:15    -2397.669347        1.003627
MDMin:  1898 05:14:16    -2397.669544        1.039051
MDMin:  1899 05:14:18    -2397.669756        1.079562
MDMin:  1900 05:14:19    -2397.669984        1.124826
MDMin:  1901 05:14:20    -2397.670225        1.173980
MDMin:  1902 05:14:21    -2397.670479        1.225632
MDMin:  1903 05:14:23    -2397.670608        1.278022
MDMin:  1904 05:14:25    -2397.670405        1.329189
MDMin:  1905 05:14:27    -2397.670200        1.376975
MDMin:  1906 05:14:28    -2397.669991        1.418974
MDMin:  1907 05:14:31    -2397.669779        1.452937
MDMin:  1908 05:14:33    -2397.669564        1.477586
MDMin:  1909 05:14:35    -2397.669345        1.492657
MDMin:  1910 05:14:36    -2397.669122        1.498195
MDMin:  1911 05:14:38    -2397.668893        1.494398
MDMin:  1912 05:14:40    -2397.668658        1.482324
MDMin:  1913 05:14:42    -2397.668415        1.463510
MDMin:  1914 05:14:44    -2397.668167        1.434699
MDMin:  1915 05:14:46    -2397.667937        1.391136
MDMin:  1916 05:14:48    -2397.667788        1.351386
MDMin:  1917 05:14:50    -2397.667706        1.326754
MDMin:  1918 05:14:51    -2397.667614        1.298859
MDMin:  1919 05:14:53    -2397.667508        1.265982
MDMin:  1920 05:14:55    -2397.667388        1.227837
MDMin:  1921 05:14:57    -2397.667252        1.184478
MDMin:  1922 05:14:59    -2397.667100        1.136456
MDMin:  1923 05:15:00    -2397.666931        1.084764
MDMin:  1924 05:15:02    -2397.666744        1.030733
MDMin:  1925 05:15:04    -2397.666538        0.975879
MDMin:  1926 05:15:06    -2397.666312        0.930153
MDMin:  1927 05:15:07    -2397.666064        0.896437
MDMin:  1928 05:15:09    -2397.665795        0.853726
MDMin:  1929 05:15:11    -2397.665516        0.802959
MDMin:  1930 05:15:13    -2397.665312        1.057269
MDMin:  1931 05:15:15    -2397.665265        0.752973
MDMin:  1932 05:15:17    -2397.665194        0.738426
MDMin:  1933 05:15:19    -2397.665109        0.720809
MDMin:  1934 05:15:21    -2397.665010        0.700122
MDMin:  1935 05:15:23    -2397.664896        0.676382
MDMin:  1936 05:15:24    -2397.664766        0.649732
MDMin:  1937 05:15:25    -2397.664621        0.627499
MDMin:  1938 05:15:26    -2397.664458        0.604061
MDMin:  1939 05:15:28    -2397.664279        0.579019
MDMin:  1940 05:15:29    -2397.664081        0.552532
MDMin:  1941 05:15:30    -2397.663864        0.524749
MDMin:  1942 05:15:31    -2397.663627        0.495817
MDMin:  1943 05:15:33    -2397.663370        0.465916
MDMin:  1944 05:15:35    -2397.663091        0.435306
MDMin:  1945 05:15:38    -2397.662792        0.404354
MDMin:  1946 05:15:40    -2397.662474        0.373608
MDMin:  1947 05:15:42    -2397.662160        0.517349
MDMin:  1948 05:15:44    -2397.662012        0.589473
MDMin:  1949 05:15:46    -2397.662001        0.478944
MDMin:  1950 05:15:48    -2397.661976        0.330847
MDMin:  1951 05:15:50    -2397.661936        0.328697
MDMin:  1952 05:15:52    -2397.661882        0.325770
MDMin:  1953 05:15:54    -2397.661816        0.322199
MDMin:  1954 05:15:56    -2397.661739        0.318009
MDMin:  1955 05:15:58    -2397.661651        0.313204
MDMin:  1956 05:15:59    -2397.661551        0.307790
MDMin:  1957 05:16:01    -2397.661441        0.301774
MDMin:  1958 05:16:04    -2397.661321        0.295166
MDMin:  1959 05:16:06    -2397.661190        0.288399
MDMin:  1960 05:16:07    -2397.661050        0.284522
MDMin:  1961 05:16:10    -2397.660901        0.280346
MDMin:  1962 05:16:11    -2397.660745        0.275889
MDMin:  1963 05:16:13    -2397.660583        0.271184
MDMin:  1964 05:16:16    -2397.660415        0.266270
MDMin:  1965 05:16:17    -2397.660244        0.261208
MDMin:  1966 05:16:20    -2397.660072        0.256076
MDMin:  1967 05:16:22    -2397.659901        0.250973
MDMin:  1968 05:16:24    -2397.659733        0.246013
MDMin:  1969 05:16:26    -2397.659570        0.241326
MDMin:  1970 05:16:28    -2397.659417        0.237054
MDMin:  1971 05:16:30    -2397.659278        0.233403
MDMin:  1972 05:16:32    -2397.659187        0.531463
MDMin:  1973 05:16:34    -2397.659176        0.315679
MDMin:  1974 05:16:36    -2397.659159        0.230448
MDMin:  1975 05:16:37    -2397.659136        0.229898
MDMin:  1976 05:16:39    -2397.659110        0.229297
MDMin:  1977 05:16:41    -2397.659081        0.228668
MDMin:  1978 05:16:42    -2397.659050        0.228033
MDMin:  1979 05:16:43    -2397.659017        0.227417
MDMin:  1980 05:16:44    -2397.658984        0.226848
MDMin:  1981 05:16:45    -2397.658950        0.226350
MDMin:  1982 05:16:47    -2397.658917        0.225953
MDMin:  1983 05:16:48    -2397.658885        0.225680
MDMin:  1984 05:16:50    -2397.658856        0.225557
MDMin:  1985 05:16:51    -2397.658829        0.225604
MDMin:  1986 05:16:52    -2397.658805        0.225837
MDMin:  1987 05:16:54    -2397.658786        0.226267
MDMin:  1988 05:16:56    -2397.658772        0.226896
MDMin:  1989 05:16:58    -2397.658763        0.227717
MDMin:  1990 05:17:00    -2397.658761        0.228711
MDMin:  1991 05:17:02    -2397.658767        0.229842
MDMin:  1992 05:17:04    -2397.658780        0.231056
MDMin:  1993 05:17:06    -2397.658802        0.232269
MDMin:  1994 05:17:08    -2397.658831        0.240288
MDMin:  1995 05:17:09    -2397.658855        0.412484
MDMin:  1996 05:17:11    -2397.658862        0.234025
MDMin:  1997 05:17:12    -2397.658873        0.234182
MDMin:  1998 05:17:14    -2397.658886        0.234341
MDMin:  1999 05:17:16    -2397.658902        0.234489
MDMin:  2000 05:17:17    -2397.658920        0.234605
MDMin:  2001 05:17:19    -2397.658942        0.234664
MDMin:  2002 05:17:20    -2397.658968        0.234635
MDMin:  2003 05:17:23    -2397.658998        0.234477
MDMin:  2004 05:17:24    -2397.659033        0.234145
MDMin:  2005 05:17:25    -2397.659074        0.233580
MDMin:  2006 05:17:27    -2397.659120        0.232717
MDMin:  2007 05:17:28    -2397.659172        0.231475
MDMin:  2008 05:17:29    -2397.659232        0.229762
MDMin:  2009 05:17:30    -2397.659299        0.227478
MDMin:  2010 05:17:31    -2397.659376        0.224516
MDMin:  2011 05:17:33    -2397.659462        0.220766
MDMin:  2012 05:17:35    -2397.659558        0.216125
MDMin:  2013 05:17:37    -2397.659666        0.210532
MDMin:  2014 05:17:39    -2397.659780        0.241465
MDMin:  2015 05:17:41    -2397.659863        0.391245
MDMin:  2016 05:17:42    -2397.659884        0.209017
MDMin:  2017 05:17:44    -2397.659915        0.208853
MDMin:  2018 05:17:46    -2397.659952        0.208636
MDMin:  2019 05:17:48    -2397.659996        0.208357
MDMin:  2020 05:17:50    -2397.660046        0.208002
MDMin:  2021 05:17:52    -2397.660104        0.207558
MDMin:  2022 05:17:54    -2397.660170        0.207011
MDMin:  2023 05:17:56    -2397.660244        0.206346
MDMin:  2024 05:17:58    -2397.660327        0.205547
MDMin:  2025 05:17:59    -2397.660419        0.204601
MDMin:  2026 05:18:01    -2397.660523        0.203494
MDMin:  2027 05:18:03    -2397.660637        0.202217
MDMin:  2028 05:18:04    -2397.660764        0.200764
MDMin:  2029 05:18:06    -2397.660905        0.199129
MDMin:  2030 05:18:08    -2397.661060        0.197316
MDMin:  2031 05:18:09    -2397.661231        0.195335
MDMin:  2032 05:18:11    -2397.661419        0.193207
MDMin:  2033 05:18:13    -2397.661625        0.190966
MDMin:  2034 05:18:15    -2397.661845        0.188701
MDMin:  2035 05:18:17    -2397.662031        0.362993
MDMin:  2036 05:18:19    -2397.662082        0.186325
MDMin:  2037 05:18:21    -2397.662148        0.185668
MDMin:  2038 05:18:23    -2397.662225        0.184932
MDMin:  2039 05:18:24    -2397.662313        0.184126
MDMin:  2040 05:18:27    -2397.662412        0.183259
MDMin:  2041 05:18:28    -2397.662524        0.182344
MDMin:  2042 05:18:30    -2397.662649        0.181393
MDMin:  2043 05:18:32    -2397.662787        0.182140
MDMin:  2044 05:18:34    -2397.662939        0.184127
MDMin:  2045 05:18:35    -2397.663106        0.186142
MDMin:  2046 05:18:37    -2397.663288        0.188137
MDMin:  2047 05:18:38    -2397.663485        0.190063
MDMin:  2048 05:18:39    -2397.663699        0.191861
MDMin:  2049 05:18:40    -2397.663930        0.193471
MDMin:  2050 05:18:42    -2397.664176        0.194829
MDMin:  2051 05:18:43    -2397.664433        0.195851
MDMin:  2052 05:18:45    -2397.664662        0.248143
MDMin:  2053 05:18:46    -2397.664778        0.196502
MDMin:  2054 05:18:48    -2397.664856        0.196517
MDMin:  2055 05:18:50    -2397.664948        0.196506
MDMin:  2056 05:18:51    -2397.665054        0.196457
MDMin:  2057 05:18:52    -2397.665173        0.196355
MDMin:  2058 05:18:53    -2397.665307        0.196186
MDMin:  2059 05:18:54    -2397.665454        0.195931
MDMin:  2060 05:18:55    -2397.665616        0.195569
MDMin:  2061 05:18:57    -2397.665792        0.195078
MDMin:  2062 05:18:58    -2397.665983        0.194433
MDMin:  2063 05:19:00    -2397.666188        0.193611
MDMin:  2064 05:19:02    -2397.666408        0.192585
MDMin:  2065 05:19:04    -2397.666643        0.191330
MDMin:  2066 05:19:06    -2397.666892        0.189829
MDMin:  2067 05:19:07    -2397.667157        0.188051
MDMin:  2068 05:19:08    -2397.667437        0.185958
MDMin:  2069 05:19:10    -2397.667732        0.183505
MDMin:  2070 05:19:12    -2397.668043        0.184139
MDMin:  2071 05:19:13    -2397.667730        0.185820
MDMin:  2072 05:19:15    -2397.667479        0.295978
MDMin:  2073 05:19:17    -2397.667374        0.187850
MDMin:  2074 05:19:19    -2397.667291        0.188331
MDMin:  2075 05:19:20    -2397.667195        0.188889
MDMin:  2076 05:19:22    -2397.667088        0.189524
MDMin:  2077 05:19:23    -2397.666968        0.190233
MDMin:  2078 05:19:24    -2397.666837        0.191010
MDMin:  2079 05:19:25    -2397.666694        0.191847
MDMin:  2080 05:19:27    -2397.666540        0.192730
MDMin:  2081 05:19:28    -2397.666375        0.193642
MDMin:  2082 05:19:29    -2397.666200        0.194559
MDMin:  2083 05:19:31    -2397.666014        0.195452
MDMin:  2084 05:19:32    -2397.665817        0.196282
MDMin:  2085 05:19:33    -2397.665610        0.197003
MDMin:  2086 05:19:34    -2397.665393        0.197555
MDMin:  2087 05:19:35    -2397.665167        0.197869
MDMin:  2088 05:19:37    -2397.664933        0.197854
MDMin:  2089 05:19:38    -2397.664700        0.197434
MDMin:  2090 05:19:40    -2397.664519        0.295328
MDMin:  2091 05:19:42    -2397.664453        0.196420
MDMin:  2092 05:19:43    -2397.664381        0.196002
MDMin:  2093 05:19:44    -2397.664298        0.195466
MDMin:  2094 05:19:45    -2397.664204        0.194786
MDMin:  2095 05:19:47    -2397.664101        0.193932
MDMin:  2096 05:19:49    -2397.663987        0.192868
MDMin:  2097 05:19:51    -2397.663863        0.191554
MDMin:  2098 05:19:53    -2397.663729        0.189944
MDMin:  2099 05:19:55    -2397.663586        0.187990
MDMin:  2100 05:19:57    -2397.663433        0.185638
MDMin:  2101 05:19:59    -2397.663271        0.182836
MDMin:  2102 05:20:01    -2397.663100        0.179529
MDMin:  2103 05:20:03    -2397.662921        0.175667
MDMin:  2104 05:20:05    -2397.662734        0.171209
MDMin:  2105 05:20:07    -2397.662540        0.166137
MDMin:  2106 05:20:09    -2397.662342        0.160548
MDMin:  2107 05:20:11    -2397.662167        0.249233
MDMin:  2108 05:20:12    -2397.662083        0.152562
MDMin:  2109 05:20:14    -2397.662033        0.152021
MDMin:  2110 05:20:16    -2397.661974        0.152122
MDMin:  2111 05:20:17    -2397.661907        0.152220
MDMin:  2112 05:20:19    -2397.661831        0.152308
MDMin:  2113 05:20:20    -2397.661747        0.152378
MDMin:  2114 05:20:22    -2397.661654        0.152419
MDMin:  2115 05:20:24    -2397.661554        0.152422
MDMin:  2116 05:20:26    -2397.661447        0.152377
MDMin:  2117 05:20:27    -2397.661333        0.152273
MDMin:  2118 05:20:29    -2397.661212        0.152100
MDMin:  2119 05:20:31    -2397.661085        0.151848
MDMin:  2120 05:20:33    -2397.660952        0.151510
MDMin:  2121 05:20:34    -2397.660814        0.151078
MDMin:  2122 05:20:35    -2397.660673        0.153651
MDMin:  2123 05:20:37    -2397.660528        0.157185
MDMin:  2124 05:20:38    -2397.660380        0.160848
MDMin:  2125 05:20:40    -2397.660233        0.164548
MDMin:  2126 05:20:42    -2397.660090        0.168084
MDMin:  2127 05:20:44    -2397.659981        0.276839
MDMin:  2128 05:20:45    -2397.659949        0.171308
MDMin:  2129 05:20:47    -2397.659910        0.172112
MDMin:  2130 05:20:49    -2397.659866        0.173014
MDMin:  2131 05:20:51    -2397.659818        0.174004
MDMin:  2132 05:20:53    -2397.659765        0.175069
MDMin:  2133 05:20:55    -2397.659709        0.176191
MDMin:  2134 05:20:57    -2397.659649        0.177349
MDMin:  2135 05:20:59    -2397.659586        0.178517
MDMin:  2136 05:21:01    -2397.659521        0.179665
MDMin:  2137 05:21:03    -2397.659455        0.180758
MDMin:  2138 05:21:05    -2397.659389        0.181761
MDMin:  2139 05:21:07    -2397.659322        0.182636
MDMin:  2140 05:21:09    -2397.659257        0.183345
MDMin:  2141 05:21:11    -2397.659193        0.183850
MDMin:  2142 05:21:13    -2397.659133        0.184116
MDMin:  2143 05:21:15    -2397.659076        0.184112
MDMin:  2144 05:21:16    -2397.659025        0.183810
MDMin:  2145 05:21:18    -2397.658980        0.183206
MDMin:  2146 05:21:20    -2397.658949        0.244511
MDMin:  2147 05:21:22    -2397.658937        0.181970
MDMin:  2148 05:21:23    -2397.658927        0.182381
MDMin:  2149 05:21:25    -2397.658917        0.183806
MDMin:  2150 05:21:27    -2397.658907        0.185184
MDMin:  2151 05:21:29    -2397.658897        0.186379
MDMin:  2152 05:21:30    -2397.658887        0.187222
MDMin:  2153 05:21:31    -2397.658879        0.187521
MDMin:  2154 05:21:32    -2397.658872        0.187091
MDMin:  2155 05:21:34    -2397.658867        0.185795
MDMin:  2156 05:21:35    -2397.658865        0.183617
MDMin:  2157 05:21:37    -2397.658867        0.180710
MDMin:  2158 05:21:38    -2397.658872        0.177400
MDMin:  2159 05:21:39    -2397.658882        0.174113
MDMin:  2160 05:21:40    -2397.658898        0.171225
MDMin:  2161 05:21:42    -2397.658921        0.168933
MDMin:  2162 05:21:44    -2397.658950        0.167203
MDMin:  2163 05:21:46    -2397.658986        0.165838
MDMin:  2164 05:21:47    -2397.659019        0.256917
MDMin:  2165 05:21:50    -2397.659034        0.164217
MDMin:  2166 05:21:51    -2397.659049        0.163664
MDMin:  2167 05:21:53    -2397.659068        0.162999
MDMin:  2168 05:21:55    -2397.659090        0.162203
MDMin:  2169 05:21:57    -2397.659116        0.161254
MDMin:  2170 05:21:59    -2397.659147        0.160125
MDMin:  2171 05:22:01    -2397.659182        0.158783
MDMin:  2172 05:22:03    -2397.659223        0.157197
MDMin:  2173 05:22:04    -2397.659270        0.155330
MDMin:  2174 05:22:05    -2397.659324        0.153152
MDMin:  2175 05:22:07    -2397.659386        0.150635
MDMin:  2176 05:22:08    -2397.659456        0.147765
