       Step     Time          Energy          fmax
MDMin:    0 01:50:45    -2393.617267        8.233306
MDMin:    1 01:50:48    -2393.621247        8.153216
MDMin:    2 01:50:50    -2393.632527        7.562584
MDMin:    3 01:50:52    -2393.649234        7.310166
MDMin:    4 01:50:54    -2393.669056        7.239199
MDMin:    5 01:50:56    -2393.690126        4.821182
MDMin:    6 01:50:57    -2393.704795        5.190532
MDMin:    7 01:50:59    -2393.715736        4.476883
MDMin:    8 01:51:00    -2393.725710        1.933349
MDMin:    9 01:51:01    -2393.736062        1.826021
MDMin:   10 01:51:02    -2393.746338        2.117084
MDMin:   11 01:51:05    -2393.756987        1.873513
MDMin:   12 01:51:06    -2393.766753        1.585251
MDMin:   13 01:51:08    -2393.772294        1.286503
MDMin:   14 01:51:10    -2393.778754        1.081130
MDMin:   15 01:51:12    -2393.785667        2.080189
MDMin:   16 01:51:14    -2393.788387        1.218287
MDMin:   17 01:51:16    -2393.789915        1.211660
MDMin:   18 01:51:18    -2393.791944        1.195230
MDMin:   19 01:51:19    -2393.794482        1.165967
MDMin:   20 01:51:21    -2393.797607        1.122350
MDMin:   21 01:51:23    -2393.801436        1.064686
MDMin:   22 01:51:25    -2393.806124        0.994688
MDMin:   23 01:51:26    -2393.811877        0.976089
MDMin:   24 01:51:28    -2393.818966        0.960757
MDMin:   25 01:51:29    -2393.827755        0.928006
MDMin:   26 01:51:31    -2393.838728        0.881559
MDMin:   27 01:51:32    -2393.852513        0.830411
MDMin:   28 01:51:34    -2393.869921        0.789112
MDMin:   29 01:51:35    -2393.892015        0.791564
MDMin:   30 01:51:37    -2393.920252        0.798433
MDMin:   31 01:51:39    -2393.956705        0.811681
MDMin:   32 01:51:41    -2394.004363        0.833768
MDMin:   33 01:51:43    -2394.067474        0.942381
MDMin:   34 01:51:45    -2394.151618        1.090518
MDMin:   35 01:51:47    -2394.262239        1.256751
MDMin:   36 01:51:49    -2394.399962        1.421956
MDMin:   37 01:51:50    -2394.555385        1.560851
MDMin:   38 01:51:52    -2394.716241        1.657135
MDMin:   39 01:51:54    -2394.886441        1.704013
MDMin:   40 01:51:56    -2395.022457        1.690322
MDMin:   41 01:51:58    -2395.137464        1.617945
MDMin:   42 01:52:00    -2395.200918        1.320157
MDMin:   43 01:52:02    -2395.221833        1.057000
MDMin:   44 01:52:03    -2395.242060        1.042043
MDMin:   45 01:52:04    -2395.259116        1.429381
MDMin:   46 01:52:05    -2395.267271        1.029177
MDMin:   47 01:52:07    -2395.272446        1.014589
MDMin:   48 01:52:08    -2395.278401        0.993363
MDMin:   49 01:52:10    -2395.285079        0.964695
MDMin:   50 01:52:12    -2395.292459        0.928299
MDMin:   51 01:52:14    -2395.300523        0.884746
MDMin:   52 01:52:16    -2395.309259        0.835489
MDMin:   53 01:52:18    -2395.318657        0.782717
MDMin:   54 01:52:19    -2395.328712        0.728975
MDMin:   55 01:52:20    -2395.339431        0.676746
MDMin:   56 01:52:21    -2395.350845        0.628229
MDMin:   57 01:52:23    -2395.363015        0.584561
MDMin:   58 01:52:24    -2395.376051        0.546311
MDMin:   59 01:52:26    -2395.389899        0.535432
MDMin:   60 01:52:28    -2395.401866        0.528621
MDMin:   61 01:52:30    -2395.413552        0.639405
MDMin:   62 01:52:32    -2395.422997        0.990062
MDMin:   63 01:52:34    -2395.427867        0.576724
MDMin:   64 01:52:36    -2395.432255        0.595173
MDMin:   65 01:52:38    -2395.437275        0.617672
MDMin:   66 01:52:40    -2395.443022        0.644982
MDMin:   67 01:52:42    -2395.449555        0.677490
MDMin:   68 01:52:43    -2395.456956        0.715087
MDMin:   69 01:52:45    -2395.465337        0.756654
MDMin:   70 01:52:46    -2395.474855        0.799361
MDMin:   71 01:52:47    -2395.485736        0.838092
MDMin:   72 01:52:48    -2395.498317        0.865736
MDMin:   73 01:52:50    -2395.513110        0.875133
MDMin:   74 01:52:51    -2395.530903        0.862304
MDMin:   75 01:52:52    -2395.552908        0.828776
MDMin:   76 01:52:54    -2395.580946        0.780771
MDMin:   77 01:52:55    -2395.617606        0.874374
MDMin:   78 01:52:57    -2395.665903        0.973591
MDMin:   79 01:53:00    -2395.726985        1.051482
MDMin:   80 01:53:01    -2395.791644        1.196612
MDMin:   81 01:53:03    -2395.835826        1.169250
MDMin:   82 01:53:05    -2395.861038        1.037900
MDMin:   83 01:53:07    -2395.886755        1.007411
MDMin:   84 01:53:09    -2395.914769        0.964804
MDMin:   85 01:53:10    -2395.944294        0.910748
MDMin:   86 01:53:12    -2395.974428        0.848784
MDMin:   87 01:53:14    -2396.004493        0.784684
MDMin:   88 01:53:16    -2396.034193        0.724542
MDMin:   89 01:53:18    -2396.063584        0.672352
MDMin:   90 01:53:20    -2396.092883        0.688374
MDMin:   91 01:53:21    -2396.122245        0.720964
MDMin:   92 01:53:22    -2396.151593        0.757141
MDMin:   93 01:53:24    -2396.180371        0.791721
MDMin:   94 01:53:25    -2396.206381        0.990034
MDMin:   95 01:53:26    -2396.224052        1.273181
MDMin:   96 01:53:27    -2396.232278        0.828036
MDMin:   97 01:53:29    -2396.240096        0.828780
MDMin:   98 01:53:31    -2396.248708        0.835473
MDMin:   99 01:53:33    -2396.255406        0.839594
MDMin:  100 01:53:34    -2396.266330        0.874326
MDMin:  101 01:53:35    -2396.276655        0.912888
MDMin:  102 01:53:36    -2396.287163        0.944940
MDMin:  103 01:53:38    -2396.298302        0.963459
MDMin:  104 01:53:39    -2396.309947        0.961418
MDMin:  105 01:53:40    -2396.322733        0.937127
MDMin:  106 01:53:41    -2396.336015        0.929068
MDMin:  107 01:53:43    -2396.349989        0.946584
MDMin:  108 01:53:45    -2396.364220        0.975015
MDMin:  109 01:53:47    -2396.378536        0.989617
MDMin:  110 01:53:48    -2396.392209        0.991714
MDMin:  111 01:53:50    -2396.404540        0.985912
MDMin:  112 01:53:52    -2396.415621        0.976487
MDMin:  113 01:53:53    -2396.425646        0.965797
MDMin:  114 01:53:55    -2396.435146        0.954711
MDMin:  115 01:53:57    -2396.444370        0.943684
MDMin:  116 01:53:59    -2396.453454        0.933068
MDMin:  117 01:54:01    -2396.462252        0.923328
MDMin:  118 01:54:04    -2396.470594        0.914755
MDMin:  119 01:54:06    -2396.478415        0.907289
MDMin:  120 01:54:08    -2396.485905        0.900493
MDMin:  121 01:54:09    -2396.493301        0.893899
MDMin:  122 01:54:11    -2396.500742        0.887150
MDMin:  123 01:54:13    -2396.508218        0.880002
MDMin:  124 01:54:14    -2396.515595        0.872310
MDMin:  125 01:54:15    -2396.522711        0.864010
MDMin:  126 01:54:17    -2396.529522        0.854977
MDMin:  127 01:54:18    -2396.536145        0.844873
MDMin:  128 01:54:20    -2396.542733        0.833244
MDMin:  129 01:54:22    -2396.549370        0.819724
MDMin:  130 01:54:23    -2396.556020        0.804240
MDMin:  131 01:54:25    -2396.562569        0.787116
MDMin:  132 01:54:27    -2396.568908        0.768884
MDMin:  133 01:54:28    -2396.575040        0.749825
MDMin:  134 01:54:30    -2396.581068        0.729823
MDMin:  135 01:54:31    -2396.587101        0.708689
MDMin:  136 01:54:33    -2396.593168        0.686530
MDMin:  137 01:54:34    -2396.599213        0.663849
MDMin:  138 01:54:35    -2396.605135        0.656205
MDMin:  139 01:54:37    -2396.610880        0.648990
MDMin:  140 01:54:38    -2396.616491        0.639064
MDMin:  141 01:54:39    -2396.622066        0.625617
MDMin:  142 01:54:41    -2396.627662        0.607991
MDMin:  143 01:54:42    -2396.633268        0.585602
MDMin:  144 01:54:44    -2396.638807        0.558913
MDMin:  145 01:54:46    -2396.644209        0.550410
MDMin:  146 01:54:48    -2396.649476        0.551862
MDMin:  147 01:54:50    -2396.654676        0.552640
MDMin:  148 01:54:51    -2396.659877        0.552839
MDMin:  149 01:54:53    -2396.665089        0.552537
MDMin:  150 01:54:55    -2396.670256        0.551834
MDMin:  151 01:54:56    -2396.675306        0.550837
MDMin:  152 01:54:58    -2396.680217        0.549645
MDMin:  153 01:55:01    -2396.685044        0.548295
MDMin:  154 01:55:02    -2396.689849        0.546806
MDMin:  155 01:55:04    -2396.694645        0.545169
MDMin:  156 01:55:06    -2396.699361        0.543396
MDMin:  157 01:55:08    -2396.703856        0.541402
MDMin:  158 01:55:10    -2396.707902        0.538986
MDMin:  159 01:55:12    -2396.711286        0.535991
MDMin:  160 01:55:14    -2396.714314        0.533240
MDMin:  161 01:55:15    -2396.717503        0.530867
MDMin:  162 01:55:17    -2396.721026        0.528363
MDMin:  163 01:55:19    -2396.724653        0.532038
MDMin:  164 01:55:20    -2396.727920        0.536561
MDMin:  165 01:55:22    -2396.730870        0.540774
MDMin:  166 01:55:23    -2396.733987        0.544997
MDMin:  167 01:55:25    -2396.737463        0.549977
MDMin:  168 01:55:27    -2396.741055        0.555740
MDMin:  169 01:55:28    -2396.744042        0.561129
MDMin:  170 01:55:31    -2396.746367        0.565197
MDMin:  171 01:55:32    -2396.748953        0.569439
MDMin:  172 01:55:34    -2396.752087        0.574763
MDMin:  173 01:55:36    -2396.755607        0.581044
MDMin:  174 01:55:38    -2396.758909        0.587309
MDMin:  175 01:55:40    -2396.761581        0.592731
MDMin:  176 01:55:42    -2396.764172        0.597844
MDMin:  177 01:55:44    -2396.767149        0.603447
MDMin:  178 01:55:46    -2396.770541        0.609759
MDMin:  179 01:55:48    -2396.774026        0.616318
MDMin:  180 01:55:49    -2396.777105        0.622094
MDMin:  181 01:55:50    -2396.779806        0.626529
MDMin:  182 01:55:52    -2396.782628        0.630430
MDMin:  183 01:55:53    -2396.785784        0.634256
MDMin:  184 01:55:55    -2396.789156        0.637767
MDMin:  185 01:55:57    -2396.792423        0.640569
MDMin:  186 01:55:59    -2396.795462        0.642593
MDMin:  187 01:56:01    -2396.798518        0.643937
MDMin:  188 01:56:03    -2396.801806        0.644558
MDMin:  189 01:56:05    -2396.805296        0.644287
MDMin:  190 01:56:07    -2396.808744        0.643112
MDMin:  191 01:56:09    -2396.811937        0.641162
MDMin:  192 01:56:11    -2396.815011        0.638401
MDMin:  193 01:56:13    -2396.818232        0.634597
MDMin:  194 01:56:15    -2396.821675        0.629649
MDMin:  195 01:56:17    -2396.825175        0.623811
MDMin:  196 01:56:19    -2396.828488        0.617656
MDMin:  197 01:56:21    -2396.831630        0.611267
MDMin:  198 01:56:22    -2396.834851        0.604169
MDMin:  199 01:56:24    -2396.838292        0.596061
MDMin:  200 01:56:26    -2396.841857        0.587246
MDMin:  201 01:56:28    -2396.845294        0.578477
MDMin:  202 01:56:30    -2396.848518        0.570092
MDMin:  203 01:56:32    -2396.851743        0.561515
MDMin:  204 01:56:34    -2396.855172        0.552249
MDMin:  205 01:56:35    -2396.858781        0.542427
MDMin:  206 01:56:37    -2396.862346        0.532787
MDMin:  207 01:56:38    -2396.865695        0.527288
MDMin:  208 01:56:40    -2396.868973        0.526875
MDMin:  209 01:56:42    -2396.872419        0.526290
MDMin:  210 01:56:43    -2396.876081        0.525451
MDMin:  211 01:56:44    -2396.879784        0.524335
MDMin:  212 01:56:46    -2396.883308        0.523041
MDMin:  213 01:56:48    -2396.886700        0.521665
MDMin:  214 01:56:49    -2396.890205        0.520152
MDMin:  215 01:56:50    -2396.893938        0.518397
MDMin:  216 01:56:52    -2396.897791        0.516385
MDMin:  217 01:56:53    -2396.901538        0.514238
MDMin:  218 01:56:55    -2396.905127        0.512066
MDMin:  219 01:56:57    -2396.908761        0.509825
MDMin:  220 01:56:59    -2396.912608        0.507364
MDMin:  221 01:57:00    -2396.916636        0.504647
MDMin:  222 01:57:02    -2396.920657        0.501763
MDMin:  223 01:57:03    -2396.924546        0.498874
MDMin:  224 01:57:05    -2396.928418        0.495954
MDMin:  225 01:57:06    -2396.932457        0.492867
MDMin:  226 01:57:07    -2396.936712        0.489493
MDMin:  227 01:57:08    -2396.941062        0.488089
MDMin:  228 01:57:10    -2396.945355        0.493018
MDMin:  229 01:57:11    -2396.949599        0.499124
MDMin:  230 01:57:13    -2396.953945        0.505617
MDMin:  231 01:57:14    -2396.958497        0.511862
MDMin:  232 01:57:15    -2396.963222        0.518711
MDMin:  233 01:57:17    -2396.967993        0.525805
MDMin:  234 01:57:18    -2396.972732        0.531733
MDMin:  235 01:57:20    -2396.977507        0.537608
MDMin:  236 01:57:21    -2396.982433        0.543728
MDMin:  237 01:57:23    -2396.987554        0.549459
MDMin:  238 01:57:24    -2396.992807        0.555454
MDMin:  239 01:57:26    -2396.998089        0.560815
MDMin:  240 01:57:27    -2397.003369        0.566059
MDMin:  241 01:57:29    -2397.008717        0.570469
MDMin:  242 01:57:31    -2397.014208        0.574756
MDMin:  243 01:57:33    -2397.019850        0.578359
MDMin:  244 01:57:34    -2397.025574        0.581766
MDMin:  245 01:57:36    -2397.031300        0.584275
MDMin:  246 01:57:38    -2397.037012        0.586255
MDMin:  247 01:57:40    -2397.042761        0.587160
MDMin:  248 01:57:42    -2397.048592        0.587466
MDMin:  249 01:57:44    -2397.054491        0.586771
MDMin:  250 01:57:45    -2397.060391        0.585444
MDMin:  251 01:57:46    -2397.066228        0.583023
MDMin:  252 01:57:47    -2397.071994        0.579758
MDMin:  253 01:57:48    -2397.077723        0.575309
MDMin:  254 01:57:50    -2397.083435        0.570010
MDMin:  255 01:57:51    -2397.089108        0.563686
MDMin:  256 01:57:52    -2397.094683        0.556658
MDMin:  257 01:57:53    -2397.100126        0.548715
MDMin:  258 01:57:54    -2397.105440        0.540072
MDMin:  259 01:57:56    -2397.110652        0.530620
MDMin:  260 01:57:57    -2397.115764        0.520665
MDMin:  261 01:57:58    -2397.120759        0.510233
MDMin:  262 01:57:59    -2397.125606        0.499591
MDMin:  263 01:58:00    -2397.130305        0.488676
MDMin:  264 01:58:02    -2397.134870        0.477690
MDMin:  265 01:58:04    -2397.139316        0.466660
MDMin:  266 01:58:06    -2397.143644        0.455823
MDMin:  267 01:58:08    -2397.147846        0.445202
MDMin:  268 01:58:10    -2397.151923        0.434914
MDMin:  269 01:58:11    -2397.155888        0.424931
MDMin:  270 01:58:13    -2397.159748        0.415378
MDMin:  271 01:58:15    -2397.163511        0.406260
MDMin:  272 01:58:17    -2397.167178        0.397642
MDMin:  273 01:58:19    -2397.170755        0.389468
MDMin:  274 01:58:20    -2397.174249        0.381775
MDMin:  275 01:58:21    -2397.177665        0.374538
MDMin:  276 01:58:23    -2397.181007        0.367783
MDMin:  277 01:58:24    -2397.184281        0.361453
MDMin:  278 01:58:25    -2397.187491        0.355542
MDMin:  279 01:58:27    -2397.190643        0.350006
MDMin:  280 01:58:29    -2397.193739        0.344845
MDMin:  281 01:58:31    -2397.196785        0.340014
MDMin:  282 01:58:33    -2397.199782        0.335497
MDMin:  283 01:58:34    -2397.202736        0.331256
MDMin:  284 01:58:37    -2397.205648        0.327280
MDMin:  285 01:58:38    -2397.208523        0.323536
MDMin:  286 01:58:40    -2397.211362        0.320008
MDMin:  287 01:58:42    -2397.214170        0.316667
MDMin:  288 01:58:44    -2397.216946        0.313503
MDMin:  289 01:58:45    -2397.219694        0.310490
MDMin:  290 01:58:47    -2397.222415        0.307617
MDMin:  291 01:58:48    -2397.225112        0.304862
MDMin:  292 01:58:49    -2397.227785        0.302218
MDMin:  293 01:58:50    -2397.230437        0.299665
MDMin:  294 01:58:51    -2397.233066        0.297196
MDMin:  295 01:58:53    -2397.235676        0.294794
MDMin:  296 01:58:55    -2397.238266        0.292455
MDMin:  297 01:58:57    -2397.240838        0.290161
MDMin:  298 01:58:58    -2397.243389        0.287914
MDMin:  299 01:59:00    -2397.245925        0.285693
MDMin:  300 01:59:01    -2397.248440        0.283504
MDMin:  301 01:59:03    -2397.250940        0.281324
MDMin:  302 01:59:04    -2397.253419        0.279168
MDMin:  303 01:59:06    -2397.255883        0.277003
MDMin:  304 01:59:08    -2397.258326        0.274857
MDMin:  305 01:59:10    -2397.260755        0.273688
MDMin:  306 01:59:12    -2397.263160        0.274100
MDMin:  307 01:59:13    -2397.265555        0.282113
MDMin:  308 01:59:15    -2397.267923        0.278602
MDMin:  309 01:59:17    -2397.270287        0.310844
MDMin:  310 01:59:19    -2397.272632        0.306892
MDMin:  311 01:59:21    -2397.274988        0.295048
MDMin:  312 01:59:23    -2397.277391        0.301347
MDMin:  313 01:59:25    -2397.279910        0.313036
MDMin:  314 01:59:27    -2397.282501        0.316085
MDMin:  315 01:59:29    -2397.285064        0.324215
MDMin:  316 01:59:30    -2397.287736        0.333295
MDMin:  317 01:59:32    -2397.289899        0.434098
MDMin:  318 01:59:33    -2397.292374        0.419063
MDMin:  319 01:59:34    -2397.294578        0.399438
MDMin:  320 01:59:36    -2397.296998        0.375171
MDMin:  321 01:59:38    -2397.299504        0.388632
MDMin:  322 01:59:40    -2397.300821        1.375107
MDMin:  323 01:59:42    -2397.300905        1.369448
MDMin:  324 01:59:44    -2397.301085        1.355366
MDMin:  325 01:59:46    -2397.301427        1.332720
MDMin:  326 01:59:47    -2397.301992        1.302724
MDMin:  327 01:59:48    -2397.302830        1.263389
MDMin:  328 01:59:49    -2397.303989        1.197821
MDMin:  329 01:59:51    -2397.305515        1.068188
MDMin:  330 01:59:52    -2397.307467        0.880398
MDMin:  331 01:59:54    -2397.309881        0.738995
MDMin:  332 01:59:55    -2397.312714        0.659309
MDMin:  333 01:59:57    -2397.315929        0.592327
MDMin:  334 01:59:58    -2397.319459        0.539882
MDMin:  335 02:00:00    -2397.323216        0.560414
MDMin:  336 02:00:01    -2397.326682        0.477875
MDMin:  337 02:00:03    -2397.328058        0.456197
MDMin:  338 02:00:04    -2397.330106        0.430996
MDMin:  339 02:00:05    -2397.332811        0.403839
MDMin:  340 02:00:07    -2397.336058        0.376889
MDMin:  341 02:00:09    -2397.337466        0.737181
MDMin:  342 02:00:11    -2397.338300        0.714710
MDMin:  343 02:00:13    -2397.339238        0.332689
MDMin:  344 02:00:15    -2397.339390        0.327241
MDMin:  345 02:00:17    -2397.339555        0.327154
MDMin:  346 02:00:19    -2397.339737        0.326485
MDMin:  347 02:00:21    -2397.339943        0.325046
MDMin:  348 02:00:22    -2397.340180        0.322633
MDMin:  349 02:00:23    -2397.340458        0.319035
MDMin:  350 02:00:25    -2397.340787        0.314057
MDMin:  351 02:00:27    -2397.341173        0.307636
MDMin:  352 02:00:29    -2397.341579        0.478775
MDMin:  353 02:00:30    -2397.341835        0.444981
MDMin:  354 02:00:31    -2397.341959        0.293620
MDMin:  355 02:00:33    -2397.342120        0.290690
MDMin:  356 02:00:34    -2397.342315        0.287149
MDMin:  357 02:00:36    -2397.342548        0.282947
MDMin:  358 02:00:37    -2397.342821        0.278040
MDMin:  359 02:00:38    -2397.343139        0.272399
MDMin:  360 02:00:39    -2397.343204        0.745818
MDMin:  361 02:00:41    -2397.343336        0.716091
MDMin:  362 02:00:42    -2397.343538        0.680073
MDMin:  363 02:00:43    -2397.343831        0.639396
MDMin:  364 02:00:45    -2397.344232        0.276618
MDMin:  365 02:00:46    -2397.344391        0.606851
MDMin:  366 02:00:47    -2397.344539        0.278847
MDMin:  367 02:00:49    -2397.344627        0.598098
MDMin:  368 02:00:51    -2397.344712        0.280068
MDMin:  369 02:00:52    -2397.344799        0.280677
MDMin:  370 02:00:54    -2397.344886        0.599583
MDMin:  371 02:00:56    -2397.345003        0.282092
MDMin:  372 02:00:58    -2397.345070        0.593823
MDMin:  373 02:00:59    -2397.345162        0.283181
MDMin:  374 02:01:01    -2397.345236        0.589228
MDMin:  375 02:01:03    -2397.345316        0.284218
MDMin:  376 02:01:05    -2397.345402        0.584915
MDMin:  377 02:01:07    -2397.345472        0.285251
MDMin:  378 02:01:09    -2397.345562        0.285843
MDMin:  379 02:01:11    -2397.345655        0.587186
MDMin:  380 02:01:13    -2397.345779        0.287250
MDMin:  381 02:01:15    -2397.345842        0.581849
MDMin:  382 02:01:17    -2397.345951        0.288351
MDMin:  383 02:01:19    -2397.346013        0.577522
MDMin:  384 02:01:20    -2397.346119        0.289401
MDMin:  385 02:01:21    -2397.346184        0.573439
MDMin:  386 02:01:23    -2397.346289        0.290444
MDMin:  387 02:01:24    -2397.346356        0.569470
MDMin:  388 02:01:25    -2397.346462        0.291487
MDMin:  389 02:01:26    -2397.346530        0.565590
MDMin:  390 02:01:28    -2397.346638        0.292531
MDMin:  391 02:01:29    -2397.346707        0.561795
MDMin:  392 02:01:31    -2397.346817        0.293574
MDMin:  393 02:01:32    -2397.346886        0.558082
MDMin:  394 02:01:33    -2397.347000        0.550171
MDMin:  395 02:01:35    -2397.347135        0.295359
MDMin:  396 02:01:36    -2397.347279        0.296152
MDMin:  397 02:01:37    -2397.347417        0.551002
MDMin:  398 02:01:38    -2397.347565        0.541036
MDMin:  399 02:01:39    -2397.347756        0.298680
MDMin:  400 02:01:41    -2397.347908        0.532741
MDMin:  401 02:01:43    -2397.348031        0.300063
MDMin:  402 02:01:44    -2397.348132        0.528779
MDMin:  403 02:01:46    -2397.348255        0.301147
MDMin:  404 02:01:48    -2397.348335        0.525615
MDMin:  405 02:01:50    -2397.348459        0.518363
MDMin:  406 02:01:52    -2397.348630        0.302892
MDMin:  407 02:01:54    -2397.348776        0.512356
MDMin:  408 02:01:55    -2397.348910        0.304135
MDMin:  409 02:01:57    -2397.349006        0.509097
MDMin:  410 02:01:59    -2397.349137        0.502075
MDMin:  411 02:02:00    -2397.349324        0.305877
MDMin:  412 02:02:01    -2397.349472        0.496531
MDMin:  413 02:02:03    -2397.349620        0.489099
MDMin:  414 02:02:04    -2397.349821        0.307824
MDMin:  415 02:02:05    -2397.349986        0.483532
MDMin:  416 02:02:06    -2397.350143        0.476262
MDMin:  417 02:02:07    -2397.350361        0.309766
MDMin:  418 02:02:09    -2397.350526        0.471039
MDMin:  419 02:02:10    -2397.350687        0.467584
MDMin:  420 02:02:12    -2397.350713        0.311651
MDMin:  421 02:02:13    -2397.350710        0.312358
MDMin:  422 02:02:14    -2397.350706        0.313293
MDMin:  423 02:02:16    -2397.350701        0.314439
MDMin:  424 02:02:17    -2397.350695        0.315772
MDMin:  425 02:02:18    -2397.350689        0.317253
MDMin:  426 02:02:20    -2397.350683        0.318834
MDMin:  427 02:02:21    -2397.350680        0.320446
MDMin:  428 02:02:22    -2397.350679        0.322000
MDMin:  429 02:02:24    -2397.350685        0.323382
MDMin:  430 02:02:25    -2397.350698        0.324453
MDMin:  431 02:02:27    -2397.350721        0.325041
MDMin:  432 02:02:29    -2397.350759        0.324947
MDMin:  433 02:02:30    -2397.350812        0.323946
MDMin:  434 02:02:32    -2397.350886        0.321792
MDMin:  435 02:02:34    -2397.350983        0.318228
MDMin:  436 02:02:36    -2397.351106        0.313000
MDMin:  437 02:02:38    -2397.351259        0.305876
MDMin:  438 02:02:40    -2397.351447        0.296704
MDMin:  439 02:02:42    -2397.351672        0.285373
MDMin:  440 02:02:44    -2397.351940        0.271822
MDMin:  441 02:02:46    -2397.351464        0.785770
MDMin:  442 02:02:47    -2397.351540        0.754611
MDMin:  443 02:02:49    -2397.351671        0.716658
MDMin:  444 02:02:51    -2397.351885        0.673722
MDMin:  445 02:02:53    -2397.352211        0.627678
MDMin:  446 02:02:55    -2397.352680        0.282643
MDMin:  447 02:02:57    -2397.352738        0.283814
MDMin:  448 02:02:59    -2397.352814        0.285335
MDMin:  449 02:03:01    -2397.352907        0.287234
MDMin:  450 02:03:03    -2397.353021        0.289544
MDMin:  451 02:03:04    -2397.353147        0.645231
MDMin:  452 02:03:06    -2397.353188        0.292942
MDMin:  453 02:03:08    -2397.353217        0.293529
MDMin:  454 02:03:09    -2397.353264        0.294484
MDMin:  455 02:03:10    -2397.353296        0.648535
MDMin:  456 02:03:12    -2397.353355        0.296334
MDMin:  457 02:03:13    -2397.353377        0.642233
MDMin:  458 02:03:15    -2397.353404        0.297326
MDMin:  459 02:03:16    -2397.353430        0.297863
MDMin:  460 02:03:18    -2397.353465        0.642062
MDMin:  461 02:03:19    -2397.353499        0.299271
MDMin:  462 02:03:21    -2397.353526        0.299836
MDMin:  463 02:03:23    -2397.353558        0.641395
MDMin:  464 02:03:24    -2397.353598        0.301298
MDMin:  465 02:03:26    -2397.353626        0.301879
MDMin:  466 02:03:27    -2397.353650        0.640714
MDMin:  467 02:03:28    -2397.353699        0.303381
MDMin:  468 02:03:30    -2397.353728        0.303979
MDMin:  469 02:03:32    -2397.353743        0.640039
MDMin:  470 02:03:34    -2397.353802        0.305523
MDMin:  471 02:03:36    -2397.353821        0.634655
MDMin:  472 02:03:38    -2397.353856        0.306627
MDMin:  473 02:03:39    -2397.353885        0.307234
MDMin:  474 02:03:41    -2397.353913        0.634811
MDMin:  475 02:03:43    -2397.353961        0.308825
MDMin:  476 02:03:45    -2397.353992        0.309466
MDMin:  477 02:03:46    -2397.354010        0.634415
MDMin:  478 02:03:48    -2397.354071        0.311120
MDMin:  479 02:03:50    -2397.354092        0.629156
MDMin:  480 02:03:52    -2397.354128        0.312305
MDMin:  481 02:03:54    -2397.354159        0.312956
MDMin:  482 02:03:55    -2397.354188        0.629541
MDMin:  483 02:03:56    -2397.354240        0.314659
MDMin:  484 02:03:57    -2397.354272        0.624430
MDMin:  485 02:03:59    -2397.354299        0.315895
MDMin:  486 02:04:00    -2397.354331        0.316576
MDMin:  487 02:04:01    -2397.354372        0.625029
MDMin:  488 02:04:03    -2397.354415        0.318350
MDMin:  489 02:04:05    -2397.354449        0.319071
MDMin:  490 02:04:08    -2397.354478        0.625041
MDMin:  491 02:04:10    -2397.354536        0.320917
MDMin:  492 02:04:12    -2397.354565        0.619972
MDMin:  493 02:04:14    -2397.354599        0.322243
MDMin:  494 02:04:16    -2397.354633        0.322973
MDMin:  495 02:04:18    -2397.354669        0.620730
MDMin:  496 02:04:20    -2397.354723        0.324870
MDMin:  497 02:04:21    -2397.354758        0.615785
MDMin:  498 02:04:23    -2397.354788        0.326252
MDMin:  499 02:04:24    -2397.354824        0.327012
MDMin:  500 02:04:26    -2397.354865        0.616725
MDMin:  501 02:04:28    -2397.354916        0.328986
MDMin:  502 02:04:30    -2397.354954        0.329791
MDMin:  503 02:04:32    -2397.354979        0.617052
MDMin:  504 02:04:34    -2397.355051        0.331843
MDMin:  505 02:04:35    -2397.355070        0.612108
MDMin:  506 02:04:37    -2397.355120        0.333321
MDMin:  507 02:04:38    -2397.355157        0.607991
MDMin:  508 02:04:39    -2397.355189        0.334787
MDMin:  509 02:04:41    -2397.355228        0.335609
MDMin:  510 02:04:42    -2397.355271        0.609289
MDMin:  511 02:04:43    -2397.355328        0.337733
MDMin:  512 02:04:45    -2397.355367        0.604567
MDMin:  513 02:04:47    -2397.355402        0.339288
MDMin:  514 02:04:48    -2397.355442        0.340142
MDMin:  515 02:04:50    -2397.355484        0.605966
MDMin:  516 02:04:52    -2397.355546        0.342342
MDMin:  517 02:04:53    -2397.355583        0.601290
MDMin:  518 02:04:55    -2397.355623        0.343953
MDMin:  519 02:04:57    -2397.355665        0.344836
MDMin:  520 02:04:58    -2397.355703        0.602811
MDMin:  521 02:05:00    -2397.355774        0.347105
MDMin:  522 02:05:02    -2397.355804        0.598178
MDMin:  523 02:05:04    -2397.355854        0.348769
MDMin:  524 02:05:06    -2397.355897        0.349680
MDMin:  525 02:05:08    -2397.355927        0.599814
MDMin:  526 02:05:10    -2397.356010        0.352014
MDMin:  527 02:05:12    -2397.356030        0.595216
MDMin:  528 02:05:14    -2397.356094        0.353726
MDMin:  529 02:05:16    -2397.356127        0.591435
MDMin:  530 02:05:18    -2397.356177        0.355412
MDMin:  531 02:05:20    -2397.356223        0.356355
MDMin:  532 02:05:22    -2397.356256        0.593401
MDMin:  533 02:05:24    -2397.356343        0.358761
MDMin:  534 02:05:26    -2397.356364        0.588928
MDMin:  535 02:05:28    -2397.356432        0.360530
MDMin:  536 02:05:30    -2397.356465        0.585274
MDMin:  537 02:05:32    -2397.356520        0.362266
MDMin:  538 02:05:34    -2397.356567        0.581768
MDMin:  539 02:05:36    -2397.356609        0.364010
MDMin:  540 02:05:38    -2397.356659        0.364985
MDMin:  541 02:05:40    -2397.356707        0.584154
MDMin:  542 02:05:42    -2397.356788        0.367457
MDMin:  543 02:05:43    -2397.356822        0.579860
MDMin:  544 02:05:45    -2397.356885        0.369277
MDMin:  545 02:05:47    -2397.356929        0.576387
MDMin:  546 02:05:49    -2397.356980        0.371051
MDMin:  547 02:05:51    -2397.357033        0.372038
MDMin:  548 02:05:53    -2397.357074        0.578968
MDMin:  549 02:05:55    -2397.357170        0.374525
MDMin:  550 02:05:56    -2397.357194        0.574735
MDMin:  551 02:05:58    -2397.357273        0.376356
MDMin:  552 02:06:00    -2397.357305        0.571334
MDMin:  553 02:06:02    -2397.357375        0.378130
MDMin:  554 02:06:04    -2397.357417        0.568082
MDMin:  555 02:06:06    -2397.357478        0.379896
MDMin:  556 02:06:08    -2397.357532        0.564915
MDMin:  557 02:06:10    -2397.357583        0.381658
MDMin:  558 02:06:12    -2397.357642        0.382635
MDMin:  559 02:06:14    -2397.357690        0.567967
MDMin:  560 02:06:16    -2397.357792        0.559820
MDMin:  561 02:06:18    -2397.357887        0.386518
MDMin:  562 02:06:20    -2397.357971        0.387818
MDMin:  563 02:06:22    -2397.358064        0.559930
MDMin:  564 02:06:23    -2397.358158        0.390583
MDMin:  565 02:06:25    -2397.358211        0.555553
MDMin:  566 02:06:26    -2397.358283        0.392356
MDMin:  567 02:06:28    -2397.358337        0.552453
MDMin:  568 02:06:29    -2397.358403        0.394004
MDMin:  569 02:06:31    -2397.358464        0.549546
MDMin:  570 02:06:33    -2397.358526        0.395614
MDMin:  571 02:06:34    -2397.358593        0.546715
MDMin:  572 02:06:36    -2397.358650        0.397191
MDMin:  573 02:06:38    -2397.358720        0.398055
MDMin:  574 02:06:40    -2397.358772        0.550451
MDMin:  575 02:06:42    -2397.358885        0.542206
MDMin:  576 02:06:43    -2397.359008        0.401362
MDMin:  577 02:06:45    -2397.359109        0.402457
MDMin:  578 02:06:47    -2397.359188        0.543445
MDMin:  579 02:06:49    -2397.359316        0.534394
MDMin:  580 02:06:51    -2397.359456        0.405842
MDMin:  581 02:06:53    -2397.359569        0.406845
MDMin:  582 02:06:55    -2397.359650        0.535832
MDMin:  583 02:06:57    -2397.359786        0.526586
MDMin:  584 02:06:59    -2397.359947        0.409801
MDMin:  585 02:07:01    -2397.360061        0.519524
MDMin:  586 02:07:03    -2397.360150        0.411162
MDMin:  587 02:07:05    -2397.360235        0.516568
MDMin:  588 02:07:07    -2397.360318        0.412164
MDMin:  589 02:07:09    -2397.360396        0.514228
MDMin:  590 02:07:11    -2397.360484        0.413050
MDMin:  591 02:07:13    -2397.360556        0.512005
MDMin:  592 02:07:15    -2397.360652        0.413853
MDMin:  593 02:07:16    -2397.360717        0.509822
MDMin:  594 02:07:18    -2397.360824        0.414575
MDMin:  595 02:07:20    -2397.360881        0.507667
MDMin:  596 02:07:22    -2397.361000        0.419462
MDMin:  597 02:07:24    -2397.361047        0.505536
MDMin:  598 02:07:26    -2397.361168        0.498572
MDMin:  599 02:07:28    -2397.361318        0.428960
MDMin:  600 02:07:29    -2397.361438        0.493957
MDMin:  601 02:07:30    -2397.361551        0.436050
MDMin:  602 02:07:32    -2397.361636        0.491609
MDMin:  603 02:07:34    -2397.361756        0.442340
MDMin:  604 02:07:36    -2397.361821        0.489675
MDMin:  605 02:07:38    -2397.361952        0.482736
MDMin:  606 02:07:40    -2397.362112        0.453248
MDMin:  607 02:07:41    -2397.362244        0.478645
MDMin:  608 02:07:42    -2397.362374        0.461439
MDMin:  609 02:07:44    -2397.362461        0.476532
MDMin:  610 02:07:45    -2397.362604        0.469491
MDMin:  611 02:07:46    -2397.362774        0.473886
MDMin:  612 02:07:47    -2397.362918        0.479265
MDMin:  613 02:07:48    -2397.363066        0.483116
MDMin:  614 02:07:50    -2397.363153        0.487693
MDMin:  615 02:07:51    -2397.363306        0.491335
MDMin:  616 02:07:52    -2397.363507        0.497050
MDMin:  617 02:07:53    -2397.363639        0.503065
MDMin:  618 02:07:55    -2397.363816        0.507422
MDMin:  619 02:07:57    -2397.364041        0.513968
MDMin:  620 02:07:59    -2397.364189        0.520760
MDMin:  621 02:08:01    -2397.364381        0.525634
MDMin:  622 02:08:02    -2397.364633        0.532813
MDMin:  623 02:08:03    -2397.364781        0.540270
MDMin:  624 02:08:04    -2397.364986        0.545652
MDMin:  625 02:08:06    -2397.365281        0.553454
MDMin:  626 02:08:07    -2397.365410        0.561587
MDMin:  627 02:08:08    -2397.365628        0.567510
MDMin:  628 02:08:10    -2397.365941        0.575968
MDMin:  629 02:08:12    -2397.366352        0.587079
MDMin:  630 02:08:14    -2397.366527        0.598101
MDMin:  631 02:08:16    -2397.366802        0.605817
MDMin:  632 02:08:18    -2397.365990        0.616251
MDMin:  633 02:08:20    -2397.365071        0.629696
MDMin:  634 02:08:22    -2397.363991        0.646020
MDMin:  635 02:08:24    -2397.362758        0.665277
MDMin:  636 02:08:26    -2397.361388        0.687461
MDMin:  637 02:08:27    -2397.359894        0.712446
MDMin:  638 02:08:28    -2397.358295        0.739927
MDMin:  639 02:08:30    -2397.356609        0.769315
MDMin:  640 02:08:32    -2397.354858        0.799645
MDMin:  641 02:08:33    -2397.353063        0.829473
MDMin:  642 02:08:34    -2397.351246        0.856818
MDMin:  643 02:08:35    -2397.349425        0.879368
MDMin:  644 02:08:37    -2397.347619        0.894793
MDMin:  645 02:08:38    -2397.345845        0.901253
MDMin:  646 02:08:39    -2397.344116        0.897887
MDMin:  647 02:08:41    -2397.342446        0.885023
MDMin:  648 02:08:42    -2397.340850        0.863874
MDMin:  649 02:08:43    -2397.339337        0.835920
MDMin:  650 02:08:44    -2397.337921        0.802396
MDMin:  651 02:08:46    -2397.336611        0.764026
MDMin:  652 02:08:47    -2397.335421        0.721445
MDMin:  653 02:08:48    -2397.334362        0.675698
MDMin:  654 02:08:50    -2397.333445        0.628488
MDMin:  655 02:08:51    -2397.332681        0.581964
MDMin:  656 02:08:52    -2397.332073        0.538306
MDMin:  657 02:08:54    -2397.331623        0.512194
MDMin:  658 02:08:55    -2397.331327        0.531089
MDMin:  659 02:08:57    -2397.331180        1.037515
MDMin:  660 02:08:59    -2397.331149        1.340299
MDMin:  661 02:09:01    -2397.331146        0.940616
MDMin:  662 02:09:03    -2397.331144        0.577714
MDMin:  663 02:09:04    -2397.331144        0.582286
MDMin:  664 02:09:06    -2397.331149        0.589120
MDMin:  665 02:09:08    -2397.331162        0.599882
MDMin:  666 02:09:10    -2397.331186        0.611893
MDMin:  667 02:09:11    -2397.331224        0.624893
MDMin:  668 02:09:13    -2397.331280        0.638493
MDMin:  669 02:09:15    -2397.331357        0.652131
MDMin:  670 02:09:17    -2397.331458        0.665015
MDMin:  671 02:09:19    -2397.331588        0.676077
MDMin:  672 02:09:21    -2397.331748        0.683952
MDMin:  673 02:09:23    -2397.331944        0.687024
MDMin:  674 02:09:25    -2397.332179        0.683557
MDMin:  675 02:09:27    -2397.332457        0.671867
MDMin:  676 02:09:29    -2397.332784        0.650412
MDMin:  677 02:09:31    -2397.333166        0.617688
MDMin:  678 02:09:33    -2397.333610        0.572187
MDMin:  679 02:09:34    -2397.334119        0.520382
MDMin:  680 02:09:36    -2397.334628        1.220631
MDMin:  681 02:09:38    -2397.334766        0.506928
MDMin:  682 02:09:40    -2397.334869        0.503835
MDMin:  683 02:09:42    -2397.334999        0.499681
MDMin:  684 02:09:44    -2397.335156        0.494321
MDMin:  685 02:09:46    -2397.335341        0.487565
MDMin:  686 02:09:48    -2397.335557        0.479242
MDMin:  687 02:09:50    -2397.335806        0.469230
MDMin:  688 02:09:52    -2397.336090        0.457494
MDMin:  689 02:09:54    -2397.336414        0.457759
MDMin:  690 02:09:56    -2397.336780        0.470165
MDMin:  691 02:09:57    -2397.337194        0.484260
MDMin:  692 02:09:58    -2397.337658        0.500167
MDMin:  693 02:10:00    -2397.338179        0.518033
MDMin:  694 02:10:02    -2397.338761        0.538054
MDMin:  695 02:10:03    -2397.339410        0.560522
MDMin:  696 02:10:05    -2397.340132        0.585834
MDMin:  697 02:10:06    -2397.340927        0.614352
MDMin:  698 02:10:08    -2397.341746        0.644659
MDMin:  699 02:10:11    -2397.342291        0.808392
MDMin:  700 02:10:13    -2397.342425        0.669887
MDMin:  701 02:10:15    -2397.342630        0.677556
MDMin:  702 02:10:17    -2397.342881        0.687174
MDMin:  703 02:10:19    -2397.343178        0.698875
MDMin:  704 02:10:21    -2397.343522        0.712902
MDMin:  705 02:10:22    -2397.343915        0.729552
MDMin:  706 02:10:24    -2397.344358        0.749204
MDMin:  707 02:10:26    -2397.344853        0.772341
MDMin:  708 02:10:28    -2397.345399        0.799588
MDMin:  709 02:10:30    -2397.345998        0.831753
MDMin:  710 02:10:32    -2397.346649        0.869859
MDMin:  711 02:10:33    -2397.347349        0.915121
MDMin:  712 02:10:35    -2397.348096        0.968779
MDMin:  713 02:10:37    -2397.348885        1.031592
MDMin:  714 02:10:39    -2397.349712        1.102885
MDMin:  715 02:10:40    -2397.350570        1.179352
MDMin:  716 02:10:42    -2397.351456        1.254550
MDMin:  717 02:10:45    -2397.352364        1.320203
MDMin:  718 02:10:46    -2397.353294        1.368985
MDMin:  719 02:10:48    -2397.354246        1.396417
MDMin:  720 02:10:49    -2397.354677        1.398936
MDMin:  721 02:10:51    -2397.355247        1.368990
MDMin:  722 02:10:53    -2397.355649        1.293673
MDMin:  723 02:10:54    -2397.355887        1.173887
MDMin:  724 02:10:56    -2397.355989        1.070303
MDMin:  725 02:10:58    -2397.356048        0.977230
MDMin:  726 02:11:00    -2397.356101        0.953291
MDMin:  727 02:11:02    -2397.356142        0.966589
MDMin:  728 02:11:04    -2397.356168        0.938073
MDMin:  729 02:11:06    -2397.356169        0.803061
MDMin:  730 02:11:08    -2397.356137        0.480871
MDMin:  731 02:11:10    -2397.356065        0.906764
MDMin:  732 02:11:12    -2397.356029        0.767088
MDMin:  733 02:11:14    -2397.355979        0.566855
MDMin:  734 02:11:16    -2397.355908        0.653685
MDMin:  735 02:11:18    -2397.355842        0.872877
MDMin:  736 02:11:20    -2397.355776        0.366860
MDMin:  737 02:11:22    -2397.355686        0.321531
MDMin:  738 02:11:24    -2397.355573        0.282867
MDMin:  739 02:11:26    -2397.355450        0.298459
MDMin:  740 02:11:28    -2397.355318        0.377296
MDMin:  741 02:11:30    -2397.355171        0.406757
MDMin:  742 02:11:32    -2397.355007        0.395677
MDMin:  743 02:11:34    -2397.354819        0.345132
MDMin:  744 02:11:35    -2397.354603        0.257916
MDMin:  745 02:11:38    -2397.354351        0.244240
MDMin:  746 02:11:40    -2397.354063        0.250798
MDMin:  747 02:11:41    -2397.353746        0.258629
MDMin:  748 02:11:44    -2397.353404        0.267591
MDMin:  749 02:11:45    -2397.353044        0.277203
MDMin:  750 02:11:47    -2397.352673        0.286540
MDMin:  751 02:11:49    -2397.352298        0.294208
MDMin:  752 02:11:51    -2397.351922        0.298498
MDMin:  753 02:11:52    -2397.351557        0.297820
MDMin:  754 02:11:54    -2397.351244        0.448008
MDMin:  755 02:11:56    -2397.351099        0.316496
MDMin:  756 02:11:58    -2397.351021        0.285169
MDMin:  757 02:11:59    -2397.350925        0.281414
MDMin:  758 02:12:01    -2397.350815        0.276592
MDMin:  759 02:12:03    -2397.350691        0.270529
MDMin:  760 02:12:04    -2397.350553        0.263061
MDMin:  761 02:12:06    -2397.350401        0.254060
MDMin:  762 02:12:08    -2397.350237        0.243455
MDMin:  763 02:12:10    -2397.350062        0.238824
MDMin:  764 02:12:12    -2397.349875        0.245411
MDMin:  765 02:12:14    -2397.349679        0.252932
MDMin:  766 02:12:16    -2397.349474        0.261469
MDMin:  767 02:12:18    -2397.349261        0.271057
MDMin:  768 02:12:20    -2397.349042        0.281634
MDMin:  769 02:12:21    -2397.348818        0.292962
MDMin:  770 02:12:23    -2397.348591        0.304536
MDMin:  771 02:12:25    -2397.348361        0.315471
MDMin:  772 02:12:26    -2397.348131        0.324406
MDMin:  773 02:12:28    -2397.347910        0.329553
MDMin:  774 02:12:30    -2397.347740        0.506645
MDMin:  775 02:12:32    -2397.347669        0.328767
MDMin:  776 02:12:34    -2397.347597        0.326976
MDMin:  777 02:12:36    -2397.347517        0.324137
MDMin:  778 02:12:37    -2397.347428        0.319893
MDMin:  779 02:12:39    -2397.347330        0.313863
MDMin:  780 02:12:40    -2397.347225        0.305667
MDMin:  781 02:12:42    -2397.347112        0.294979
MDMin:  782 02:12:44    -2397.346993        0.281577
MDMin:  783 02:12:46    -2397.346868        0.271361
MDMin:  784 02:12:47    -2397.346738        0.271004
MDMin:  785 02:12:49    -2397.346604        0.269806
MDMin:  786 02:12:50    -2397.346467        0.267669
MDMin:  787 02:12:52    -2397.346328        0.264512
MDMin:  788 02:12:53    -2397.346198        0.313144
MDMin:  789 02:12:55    -2397.346107        0.436454
MDMin:  790 02:12:56    -2397.346069        0.260604
MDMin:  791 02:12:57    -2397.346026        0.262364
MDMin:  792 02:12:59    -2397.345978        0.264314
MDMin:  793 02:13:01    -2397.345924        0.266398
MDMin:  794 02:13:03    -2397.345866        0.268529
MDMin:  795 02:13:05    -2397.345803        0.270588
MDMin:  796 02:13:07    -2397.345736        0.272408
MDMin:  797 02:13:08    -2397.345665        0.273760
MDMin:  798 02:13:10    -2397.345592        0.274342
MDMin:  799 02:13:11    -2397.345516        0.273762
MDMin:  800 02:13:12    -2397.345439        0.271547
MDMin:  801 02:13:14    -2397.345362        0.267156
MDMin:  802 02:13:16    -2397.345284        0.260043
MDMin:  803 02:13:18    -2397.345208        0.249875
MDMin:  804 02:13:20    -2397.345139        0.289862
MDMin:  805 02:13:23    -2397.345095        0.433490
MDMin:  806 02:13:24    -2397.345084        0.225110
MDMin:  807 02:13:26    -2397.345069        0.221189
MDMin:  808 02:13:27    -2397.345050        0.216426
MDMin:  809 02:13:29    -2397.345030        0.210784
MDMin:  810 02:13:30    -2397.345008        0.204231
MDMin:  811 02:13:32    -2397.344984        0.196751
MDMin:  812 02:13:34    -2397.344959        0.188349
MDMin:  813 02:13:35    -2397.344934        0.179063
MDMin:  814 02:13:37    -2397.344908        0.168965
MDMin:  815 02:13:39    -2397.344882        0.158168
MDMin:  816 02:13:40    -2397.344858        0.152137
MDMin:  817 02:13:42    -2397.344835        0.152438
MDMin:  818 02:13:43    -2397.344814        0.152769
MDMin:  819 02:13:44    -2397.344797        0.153129
MDMin:  820 02:13:46    -2397.344783        0.153521
MDMin:  821 02:13:48    -2397.344774        0.153947
MDMin:  822 02:13:49    -2397.344771        0.154404
MDMin:  823 02:13:51    -2397.344774        0.154884
MDMin:  824 02:13:53    -2397.344784        0.270073
MDMin:  825 02:13:55    -2397.344793        0.400325
MDMin:  826 02:13:56    -2397.344794        0.226404
MDMin:  827 02:13:58    -2397.344797        0.155676
MDMin:  828 02:13:59    -2397.344802        0.155747
MDMin:  829 02:14:01    -2397.344808        0.155831
MDMin:  830 02:14:03    -2397.344815        0.155928
MDMin:  831 02:14:04    -2397.344824        0.156039
MDMin:  832 02:14:05    -2397.344835        0.156165
MDMin:  833 02:14:06    -2397.344849        0.156305
MDMin:  834 02:14:08    -2397.344866        0.156459
MDMin:  835 02:14:09    -2397.344886        0.156624
MDMin:  836 02:14:10    -2397.344910        0.156796
MDMin:  837 02:14:11    -2397.344938        0.156969
MDMin:  838 02:14:13    -2397.344972        0.157134
MDMin:  839 02:14:14    -2397.345012        0.157279
MDMin:  840 02:14:16    -2397.345058        0.157390
MDMin:  841 02:14:18    -2397.345112        0.157451
MDMin:  842 02:14:20    -2397.345175        0.157442
MDMin:  843 02:14:22    -2397.345247        0.157682
MDMin:  844 02:14:24    -2397.345330        0.160405
MDMin:  845 02:14:26    -2397.345425        0.163126
MDMin:  846 02:14:28    -2397.345525        0.274159
MDMin:  847 02:14:29    -2397.345585        0.317960
MDMin:  848 02:14:31    -2397.345603        0.167058
MDMin:  849 02:14:33    -2397.345630        0.167506
MDMin:  850 02:14:35    -2397.345663        0.168028
MDMin:  851 02:14:37    -2397.345703        0.168607
MDMin:  852 02:14:39    -2397.345749        0.169222
MDMin:  853 02:14:41    -2397.345803        0.169846
MDMin:  854 02:14:43    -2397.345865        0.170446
MDMin:  855 02:14:45    -2397.345935        0.170979
MDMin:  856 02:14:46    -2397.346016        0.171394
MDMin:  857 02:14:48    -2397.346107        0.171628
MDMin:  858 02:14:50    -2397.346211        0.171612
MDMin:  859 02:14:52    -2397.346328        0.171263
MDMin:  860 02:14:54    -2397.346459        0.170496
MDMin:  861 02:14:56    -2397.346607        0.169219
MDMin:  862 02:14:58    -2397.346774        0.167341
MDMin:  863 02:15:00    -2397.346961        0.164777
MDMin:  864 02:15:02    -2397.347172        0.161459
MDMin:  865 02:15:04    -2397.347408        0.157354
MDMin:  866 02:15:06    -2397.347664        0.170143
MDMin:  867 02:15:08    -2397.347891        0.344302
MDMin:  868 02:15:09    -2397.347978        0.160484
MDMin:  869 02:15:11    -2397.348068        0.161638
MDMin:  870 02:15:12    -2397.348173        0.162924
MDMin:  871 02:15:13    -2397.348296        0.164329
MDMin:  872 02:15:15    -2397.348437        0.165837
MDMin:  873 02:15:16    -2397.348598        0.167428
MDMin:  874 02:15:18    -2397.348780        0.169083
MDMin:  875 02:15:20    -2397.348985        0.170782
MDMin:  876 02:15:22    -2397.349216        0.172503
MDMin:  877 02:15:24    -2397.349474        0.174228
MDMin:  878 02:15:26    -2397.349761        0.175940
MDMin:  879 02:15:27    -2397.350082        0.177624
MDMin:  880 02:15:30    -2397.350438        0.179273
MDMin:  881 02:15:32    -2397.350829        0.180875
MDMin:  882 02:15:34    -2397.351243        0.182376
MDMin:  883 02:15:36    -2397.351600        0.279803
MDMin:  884 02:15:38    -2397.351781        0.183972
MDMin:  885 02:15:40    -2397.351946        0.184389
MDMin:  886 02:15:42    -2397.352135        0.184873
MDMin:  887 02:15:43    -2397.352354        0.185438
MDMin:  888 02:15:45    -2397.352603        0.186093
MDMin:  889 02:15:47    -2397.352885        0.186852
MDMin:  890 02:15:48    -2397.353201        0.187732
MDMin:  891 02:15:50    -2397.353553        0.188755
MDMin:  892 02:15:52    -2397.353945        0.189950
MDMin:  893 02:15:54    -2397.354377        0.191354
MDMin:  894 02:15:55    -2397.354852        0.193011
MDMin:  895 02:15:57    -2397.355372        0.194975
MDMin:  896 02:15:59    -2397.355933        0.197290
MDMin:  897 02:16:00    -2397.356516        0.199911
MDMin:  898 02:16:02    -2397.356973        0.249253
MDMin:  899 02:16:03    -2397.357167        0.203714
MDMin:  900 02:16:05    -2397.357302        0.204916
MDMin:  901 02:16:06    -2397.357200        0.206251
MDMin:  902 02:16:08    -2397.357369        0.207809
MDMin:  903 02:16:10    -2397.357546        0.209697
MDMin:  904 02:16:12    -2397.357727        0.211964
MDMin:  905 02:16:14    -2397.357909        0.214663
MDMin:  906 02:16:16    -2397.358089        0.217860
MDMin:  907 02:16:18    -2397.358264        0.221625
MDMin:  908 02:16:20    -2397.358434        0.226039
MDMin:  909 02:16:21    -2397.358596        0.231191
MDMin:  910 02:16:23    -2397.358750        0.237175
MDMin:  911 02:16:25    -2397.358896        0.244084
MDMin:  912 02:16:26    -2397.359032        0.251987
MDMin:  913 02:16:28    -2397.359159        0.260834
MDMin:  914 02:16:30    -2397.359270        0.269978
MDMin:  915 02:16:32    -2397.359344        0.276880
MDMin:  916 02:16:34    -2397.359379        0.280305
MDMin:  917 02:16:35    -2397.359415        0.284025
MDMin:  918 02:16:37    -2397.359455        0.288375
MDMin:  919 02:16:40    -2397.359499        0.293382
MDMin:  920 02:16:41    -2397.359546        0.299042
MDMin:  921 02:16:44    -2397.359596        0.305325
MDMin:  922 02:16:45    -2397.359650        0.312161
MDMin:  923 02:16:47    -2397.359705        0.319426
MDMin:  924 02:16:49    -2397.359763        0.326927
MDMin:  925 02:16:51    -2397.359823        0.334386
MDMin:  926 02:16:53    -2397.359884        0.341421
MDMin:  927 02:16:55    -2397.359948        0.347524
MDMin:  928 02:16:57    -2397.360013        0.352064
MDMin:  929 02:16:59    -2397.360079        0.354311
MDMin:  930 02:17:01    -2397.360141        0.353739
MDMin:  931 02:17:02    -2397.360186        0.351251
MDMin:  932 02:17:04    -2397.360214        0.348804
MDMin:  933 02:17:06    -2397.360242        0.345849
MDMin:  934 02:17:08    -2397.360273        0.341955
MDMin:  935 02:17:09    -2397.360308        0.336858
MDMin:  936 02:17:11    -2397.360347        0.330293
MDMin:  937 02:17:13    -2397.360391        0.321992
MDMin:  938 02:17:15    -2397.360438        0.311704
MDMin:  939 02:17:17    -2397.360490        0.299221
MDMin:  940 02:17:19    -2397.360546        0.284415
MDMin:  941 02:17:20    -2397.360606        0.267285
MDMin:  942 02:17:22    -2397.360672        0.263478
MDMin:  943 02:17:23    -2397.360741        0.269670
MDMin:  944 02:17:24    -2397.360810        0.272326
MDMin:  945 02:17:26    -2397.360867        0.310259
MDMin:  946 02:17:28    -2397.360900        0.269614
MDMin:  947 02:17:30    -2397.360931        0.267421
MDMin:  948 02:17:32    -2397.360966        0.264482
MDMin:  949 02:17:34    -2397.361006        0.260552
MDMin:  950 02:17:35    -2397.361052        0.255390
MDMin:  951 02:17:36    -2397.361103        0.248761
MDMin:  952 02:17:37    -2397.361160        0.240464
MDMin:  953 02:17:39    -2397.361224        0.230377
MDMin:  954 02:17:41    -2397.361294        0.218493
MDMin:  955 02:17:43    -2397.361371        0.204996
MDMin:  956 02:17:45    -2397.361454        0.197386
MDMin:  957 02:17:47    -2397.361538        0.222872
MDMin:  958 02:17:48    -2397.361601        0.289428
MDMin:  959 02:17:49    -2397.361633        0.189920
MDMin:  960 02:17:50    -2397.361669        0.188187
MDMin:  961 02:17:51    -2397.361709        0.186130
MDMin:  962 02:17:53    -2397.361756        0.183727
MDMin:  963 02:17:54    -2397.361809        0.180968
MDMin:  964 02:17:56    -2397.361867        0.177851
MDMin:  965 02:17:57    -2397.361933        0.174387
MDMin:  966 02:17:58    -2397.362005        0.170603
MDMin:  967 02:18:00    -2397.362083        0.166537
MDMin:  968 02:18:02    -2397.362169        0.162249
MDMin:  969 02:18:03    -2397.362261        0.157820
MDMin:  970 02:18:04    -2397.362358        0.153397
MDMin:  971 02:18:06    -2397.362451        0.228659
MDMin:  972 02:18:07    -2397.362512        0.243089
MDMin:  973 02:18:09    -2397.362542        0.145837
       Step     Time          Energy          fmax
MDMin:    0 04:35:27    -2393.617267        8.233306
MDMin:    1 04:35:30    -2393.621247        8.153216
MDMin:    2 04:35:31    -2393.632527        7.562584
MDMin:    3 04:35:32    -2393.649234        7.310166
MDMin:    4 04:35:34    -2393.669056        7.239199
MDMin:    5 04:35:36    -2393.690126        4.821182
MDMin:    6 04:35:38    -2393.704795        5.190532
MDMin:    7 04:35:40    -2393.715736        4.476883
MDMin:    8 04:35:41    -2393.725710        1.933349
MDMin:    9 04:35:43    -2393.736062        1.826021
MDMin:   10 04:35:45    -2393.746338        2.117084
MDMin:   11 04:35:46    -2393.756987        1.873513
MDMin:   12 04:35:48    -2393.766753        1.585251
MDMin:   13 04:35:49    -2393.772294        1.286503
MDMin:   14 04:35:50    -2393.778754        1.081130
MDMin:   15 04:35:52    -2393.785667        2.080189
MDMin:   16 04:35:54    -2393.788387        1.218287
MDMin:   17 04:35:56    -2393.789915        1.211660
MDMin:   18 04:35:58    -2393.791944        1.195230
MDMin:   19 04:35:59    -2393.794482        1.165967
MDMin:   20 04:36:00    -2393.797607        1.122350
MDMin:   21 04:36:02    -2393.801436        1.064686
MDMin:   22 04:36:04    -2393.806124        0.994688
MDMin:   23 04:36:06    -2393.811877        0.976089
MDMin:   24 04:36:08    -2393.818966        0.960757
MDMin:   25 04:36:10    -2393.827755        0.928006
MDMin:   26 04:36:11    -2393.838728        0.881559
MDMin:   27 04:36:13    -2393.852513        0.830411
MDMin:   28 04:36:15    -2393.869921        0.789112
MDMin:   29 04:36:16    -2393.892015        0.791564
MDMin:   30 04:36:18    -2393.920252        0.798433
MDMin:   31 04:36:19    -2393.956705        0.811681
MDMin:   32 04:36:21    -2394.004363        0.833768
MDMin:   33 04:36:24    -2394.067474        0.942381
MDMin:   34 04:36:25    -2394.151618        1.090518
MDMin:   35 04:36:27    -2394.262239        1.256751
MDMin:   36 04:36:29    -2394.399962        1.421956
MDMin:   37 04:36:31    -2394.555385        1.560851
MDMin:   38 04:36:33    -2394.716241        1.657135
MDMin:   39 04:36:35    -2394.886441        1.704013
MDMin:   40 04:36:37    -2395.022457        1.690322
MDMin:   41 04:36:39    -2395.137464        1.617945
MDMin:   42 04:36:40    -2395.200918        1.320157
MDMin:   43 04:36:41    -2395.221833        1.057000
MDMin:   44 04:36:43    -2395.242060        1.042043
MDMin:   45 04:36:44    -2395.259116        1.429381
MDMin:   46 04:36:46    -2395.267271        1.029177
MDMin:   47 04:36:47    -2395.272446        1.014589
MDMin:   48 04:36:49    -2395.278401        0.993363
MDMin:   49 04:36:51    -2395.285079        0.964695
MDMin:   50 04:36:53    -2395.292459        0.928299
MDMin:   51 04:36:54    -2395.300523        0.884746
MDMin:   52 04:36:56    -2395.309259        0.835489
MDMin:   53 04:36:58    -2395.318657        0.782717
MDMin:   54 04:37:00    -2395.328712        0.728975
MDMin:   55 04:37:01    -2395.339431        0.676746
MDMin:   56 04:37:03    -2395.350845        0.628229
MDMin:   57 04:37:05    -2395.363015        0.584561
MDMin:   58 04:37:06    -2395.376051        0.546311
MDMin:   59 04:37:07    -2395.389899        0.535432
MDMin:   60 04:37:08    -2395.401866        0.528621
MDMin:   61 04:37:10    -2395.413552        0.639405
MDMin:   62 04:37:11    -2395.422997        0.990062
MDMin:   63 04:37:12    -2395.427867        0.576724
MDMin:   64 04:37:14    -2395.432255        0.595173
MDMin:   65 04:37:15    -2395.437275        0.617672
MDMin:   66 04:37:17    -2395.443022        0.644982
MDMin:   67 04:37:19    -2395.449555        0.677490
MDMin:   68 04:37:21    -2395.456956        0.715087
MDMin:   69 04:37:23    -2395.465337        0.756654
MDMin:   70 04:37:26    -2395.474855        0.799361
MDMin:   71 04:37:27    -2395.485736        0.838092
MDMin:   72 04:37:29    -2395.498317        0.865736
MDMin:   73 04:37:31    -2395.513110        0.875133
MDMin:   74 04:37:33    -2395.530903        0.862304
MDMin:   75 04:37:34    -2395.552908        0.828776
MDMin:   76 04:37:35    -2395.580946        0.780771
MDMin:   77 04:37:36    -2395.617606        0.874374
MDMin:   78 04:37:37    -2395.665903        0.973591
MDMin:   79 04:37:39    -2395.726985        1.051482
MDMin:   80 04:37:40    -2395.791644        1.196612
MDMin:   81 04:37:41    -2395.835826        1.169250
MDMin:   82 04:37:43    -2395.861038        1.037900
MDMin:   83 04:37:45    -2395.886755        1.007411
MDMin:   84 04:37:47    -2395.914769        0.964804
MDMin:   85 04:37:49    -2395.944294        0.910748
MDMin:   86 04:37:51    -2395.974428        0.848784
MDMin:   87 04:37:53    -2396.004493        0.784684
MDMin:   88 04:37:55    -2396.034193        0.724542
MDMin:   89 04:37:56    -2396.063584        0.672352
MDMin:   90 04:37:58    -2396.092883        0.688374
MDMin:   91 04:38:00    -2396.122245        0.720964
MDMin:   92 04:38:01    -2396.151593        0.757141
MDMin:   93 04:38:02    -2396.180371        0.791721
MDMin:   94 04:38:04    -2396.206381        0.990034
MDMin:   95 04:38:06    -2396.224052        1.273181
MDMin:   96 04:38:08    -2396.232278        0.828036
MDMin:   97 04:38:10    -2396.240096        0.828780
MDMin:   98 04:38:12    -2396.248708        0.835473
MDMin:   99 04:38:14    -2396.255406        0.839594
MDMin:  100 04:38:16    -2396.266330        0.874326
MDMin:  101 04:38:17    -2396.276655        0.912888
MDMin:  102 04:38:19    -2396.287163        0.944940
MDMin:  103 04:38:21    -2396.298302        0.963459
MDMin:  104 04:38:23    -2396.309947        0.961418
MDMin:  105 04:38:25    -2396.322733        0.937127
MDMin:  106 04:38:27    -2396.336015        0.929068
MDMin:  107 04:38:29    -2396.349989        0.946584
MDMin:  108 04:38:31    -2396.364220        0.975015
MDMin:  109 04:38:33    -2396.378536        0.989617
MDMin:  110 04:38:35    -2396.392209        0.991714
MDMin:  111 04:38:36    -2396.404540        0.985912
MDMin:  112 04:38:38    -2396.415621        0.976487
MDMin:  113 04:38:40    -2396.425646        0.965797
MDMin:  114 04:38:41    -2396.435146        0.954711
MDMin:  115 04:38:43    -2396.444370        0.943684
MDMin:  116 04:38:45    -2396.453454        0.933068
MDMin:  117 04:38:47    -2396.462252        0.923328
MDMin:  118 04:38:48    -2396.470594        0.914755
MDMin:  119 04:38:50    -2396.478415        0.907289
MDMin:  120 04:38:51    -2396.485905        0.900493
MDMin:  121 04:38:53    -2396.493301        0.893899
MDMin:  122 04:38:54    -2396.500742        0.887150
MDMin:  123 04:38:55    -2396.508218        0.880002
MDMin:  124 04:38:57    -2396.515595        0.872310
MDMin:  125 04:38:59    -2396.522711        0.864010
MDMin:  126 04:39:01    -2396.529522        0.854977
MDMin:  127 04:39:02    -2396.536145        0.844873
MDMin:  128 04:39:03    -2396.542733        0.833244
MDMin:  129 04:39:05    -2396.549370        0.819724
MDMin:  130 04:39:07    -2396.556020        0.804240
MDMin:  131 04:39:08    -2396.562569        0.787116
MDMin:  132 04:39:10    -2396.568908        0.768884
MDMin:  133 04:39:12    -2396.575040        0.749825
MDMin:  134 04:39:14    -2396.581068        0.729823
MDMin:  135 04:39:16    -2396.587101        0.708689
MDMin:  136 04:39:17    -2396.593168        0.686530
MDMin:  137 04:39:19    -2396.599213        0.663849
MDMin:  138 04:39:21    -2396.605135        0.656205
MDMin:  139 04:39:23    -2396.610880        0.648990
MDMin:  140 04:39:25    -2396.616491        0.639064
MDMin:  141 04:39:26    -2396.622066        0.625617
MDMin:  142 04:39:28    -2396.627662        0.607991
MDMin:  143 04:39:29    -2396.633268        0.585602
MDMin:  144 04:39:30    -2396.638807        0.558913
MDMin:  145 04:39:32    -2396.644209        0.550410
MDMin:  146 04:39:34    -2396.649476        0.551862
MDMin:  147 04:39:36    -2396.654676        0.552640
MDMin:  148 04:39:38    -2396.659877        0.552839
MDMin:  149 04:39:39    -2396.665089        0.552537
MDMin:  150 04:39:40    -2396.670256        0.551834
MDMin:  151 04:39:41    -2396.675306        0.550837
MDMin:  152 04:39:43    -2396.680217        0.549645
MDMin:  153 04:39:44    -2396.685044        0.548295
MDMin:  154 04:39:45    -2396.689849        0.546806
MDMin:  155 04:39:46    -2396.694645        0.545169
MDMin:  156 04:39:48    -2396.699361        0.543396
MDMin:  157 04:39:49    -2396.703856        0.541402
MDMin:  158 04:39:50    -2396.707902        0.538986
MDMin:  159 04:39:52    -2396.711286        0.535991
MDMin:  160 04:39:53    -2396.714314        0.533240
MDMin:  161 04:39:55    -2396.717503        0.530867
MDMin:  162 04:39:56    -2396.721026        0.528363
MDMin:  163 04:39:57    -2396.724653        0.532038
MDMin:  164 04:39:58    -2396.727920        0.536561
MDMin:  165 04:40:00    -2396.730870        0.540774
MDMin:  166 04:40:01    -2396.733987        0.544997
MDMin:  167 04:40:02    -2396.737463        0.549977
MDMin:  168 04:40:04    -2396.741055        0.555740
MDMin:  169 04:40:06    -2396.744042        0.561129
MDMin:  170 04:40:08    -2396.746367        0.565197
MDMin:  171 04:40:09    -2396.748953        0.569439
MDMin:  172 04:40:11    -2396.752087        0.574763
MDMin:  173 04:40:12    -2396.755607        0.581044
MDMin:  174 04:40:13    -2396.758909        0.587309
MDMin:  175 04:40:15    -2396.761581        0.592731
MDMin:  176 04:40:17    -2396.764172        0.597844
MDMin:  177 04:40:18    -2396.767149        0.603447
MDMin:  178 04:40:20    -2396.770541        0.609759
MDMin:  179 04:40:21    -2396.774026        0.616318
MDMin:  180 04:40:23    -2396.777105        0.622094
MDMin:  181 04:40:25    -2396.779806        0.626529
MDMin:  182 04:40:26    -2396.782628        0.630430
MDMin:  183 04:40:27    -2396.785784        0.634256
MDMin:  184 04:40:28    -2396.789156        0.637767
MDMin:  185 04:40:30    -2396.792423        0.640569
MDMin:  186 04:40:31    -2396.795462        0.642593
MDMin:  187 04:40:32    -2396.798518        0.643937
MDMin:  188 04:40:33    -2396.801806        0.644558
MDMin:  189 04:40:35    -2396.805296        0.644287
MDMin:  190 04:40:36    -2396.808744        0.643112
MDMin:  191 04:40:37    -2396.811937        0.641162
MDMin:  192 04:40:38    -2396.815011        0.638401
MDMin:  193 04:40:39    -2396.818232        0.634597
MDMin:  194 04:40:41    -2396.821675        0.629649
MDMin:  195 04:40:42    -2396.825175        0.623811
MDMin:  196 04:40:44    -2396.828488        0.617656
MDMin:  197 04:40:46    -2396.831630        0.611267
MDMin:  198 04:40:48    -2396.834851        0.604169
MDMin:  199 04:40:50    -2396.838292        0.596061
MDMin:  200 04:40:52    -2396.841857        0.587246
MDMin:  201 04:40:54    -2396.845294        0.578477
MDMin:  202 04:40:57    -2396.848518        0.570092
MDMin:  203 04:40:58    -2396.851743        0.561515
MDMin:  204 04:41:00    -2396.855172        0.552249
MDMin:  205 04:41:02    -2396.858781        0.542427
MDMin:  206 04:41:04    -2396.862346        0.532787
MDMin:  207 04:41:06    -2396.865695        0.527288
MDMin:  208 04:41:08    -2396.868973        0.526875
MDMin:  209 04:41:09    -2396.872419        0.526290
MDMin:  210 04:41:11    -2396.876081        0.525451
MDMin:  211 04:41:12    -2396.879784        0.524335
MDMin:  212 04:41:14    -2396.883308        0.523041
MDMin:  213 04:41:15    -2396.886700        0.521665
MDMin:  214 04:41:17    -2396.890205        0.520152
MDMin:  215 04:41:18    -2396.893938        0.518397
MDMin:  216 04:41:20    -2396.897791        0.516385
MDMin:  217 04:41:22    -2396.901538        0.514238
MDMin:  218 04:41:23    -2396.905127        0.512066
MDMin:  219 04:41:24    -2396.908761        0.509825
MDMin:  220 04:41:26    -2396.912608        0.507364
MDMin:  221 04:41:28    -2396.916636        0.504647
MDMin:  222 04:41:30    -2396.920657        0.501763
MDMin:  223 04:41:32    -2396.924546        0.498874
MDMin:  224 04:41:34    -2396.928418        0.495954
MDMin:  225 04:41:36    -2396.932457        0.492867
MDMin:  226 04:41:37    -2396.936712        0.489493
MDMin:  227 04:41:38    -2396.941062        0.488089
MDMin:  228 04:41:40    -2396.945355        0.493018
MDMin:  229 04:41:42    -2396.949599        0.499124
MDMin:  230 04:41:44    -2396.953945        0.505617
MDMin:  231 04:41:46    -2396.958497        0.511862
MDMin:  232 04:41:48    -2396.963222        0.518711
MDMin:  233 04:41:50    -2396.967993        0.525805
MDMin:  234 04:41:52    -2396.972732        0.531733
MDMin:  235 04:41:54    -2396.977507        0.537608
MDMin:  236 04:41:55    -2396.982433        0.543728
MDMin:  237 04:41:57    -2396.987554        0.549459
MDMin:  238 04:41:58    -2396.992807        0.555454
MDMin:  239 04:41:59    -2396.998089        0.560815
MDMin:  240 04:42:01    -2397.003369        0.566059
MDMin:  241 04:42:03    -2397.008717        0.570469
MDMin:  242 04:42:05    -2397.014208        0.574756
MDMin:  243 04:42:07    -2397.019850        0.578359
MDMin:  244 04:42:08    -2397.025574        0.581766
MDMin:  245 04:42:10    -2397.031300        0.584275
MDMin:  246 04:42:11    -2397.037012        0.586255
MDMin:  247 04:42:12    -2397.042761        0.587160
MDMin:  248 04:42:13    -2397.048592        0.587466
MDMin:  249 04:42:14    -2397.054491        0.586771
MDMin:  250 04:42:16    -2397.060391        0.585444
MDMin:  251 04:42:17    -2397.066228        0.583023
MDMin:  252 04:42:18    -2397.071994        0.579758
MDMin:  253 04:42:19    -2397.077723        0.575309
MDMin:  254 04:42:21    -2397.083435        0.570010
MDMin:  255 04:42:22    -2397.089108        0.563686
MDMin:  256 04:42:23    -2397.094683        0.556658
MDMin:  257 04:42:25    -2397.100126        0.548715
MDMin:  258 04:42:27    -2397.105440        0.540072
MDMin:  259 04:42:28    -2397.110652        0.530620
MDMin:  260 04:42:30    -2397.115764        0.520665
MDMin:  261 04:42:32    -2397.120759        0.510233
MDMin:  262 04:42:34    -2397.125606        0.499591
MDMin:  263 04:42:36    -2397.130305        0.488676
MDMin:  264 04:42:38    -2397.134870        0.477690
MDMin:  265 04:42:39    -2397.139316        0.466660
MDMin:  266 04:42:40    -2397.143644        0.455823
MDMin:  267 04:42:42    -2397.147846        0.445202
MDMin:  268 04:42:43    -2397.151923        0.434914
MDMin:  269 04:42:45    -2397.155888        0.424931
MDMin:  270 04:42:46    -2397.159748        0.415378
MDMin:  271 04:42:48    -2397.163511        0.406260
MDMin:  272 04:42:50    -2397.167178        0.397642
MDMin:  273 04:42:52    -2397.170755        0.389468
MDMin:  274 04:42:53    -2397.174249        0.381775
MDMin:  275 04:42:55    -2397.177665        0.374538
MDMin:  276 04:42:57    -2397.181007        0.367783
MDMin:  277 04:42:59    -2397.184281        0.361453
MDMin:  278 04:43:00    -2397.187491        0.355542
MDMin:  279 04:43:02    -2397.190643        0.350006
MDMin:  280 04:43:03    -2397.193739        0.344845
MDMin:  281 04:43:04    -2397.196785        0.340014
MDMin:  282 04:43:06    -2397.199782        0.335497
MDMin:  283 04:43:07    -2397.202736        0.331256
MDMin:  284 04:43:09    -2397.205648        0.327280
MDMin:  285 04:43:11    -2397.208523        0.323536
MDMin:  286 04:43:12    -2397.211362        0.320008
MDMin:  287 04:43:14    -2397.214170        0.316667
MDMin:  288 04:43:16    -2397.216946        0.313503
MDMin:  289 04:43:17    -2397.219694        0.310490
MDMin:  290 04:43:18    -2397.222415        0.307617
MDMin:  291 04:43:19    -2397.225112        0.304862
MDMin:  292 04:43:21    -2397.227785        0.302218
MDMin:  293 04:43:22    -2397.230437        0.299665
MDMin:  294 04:43:24    -2397.233066        0.297196
MDMin:  295 04:43:25    -2397.235676        0.294794
MDMin:  296 04:43:27    -2397.238266        0.292455
MDMin:  297 04:43:28    -2397.240838        0.290161
MDMin:  298 04:43:30    -2397.243389        0.287914
MDMin:  299 04:43:31    -2397.245925        0.285693
MDMin:  300 04:43:32    -2397.248440        0.283504
MDMin:  301 04:43:34    -2397.250940        0.281324
MDMin:  302 04:43:36    -2397.253419        0.279168
MDMin:  303 04:43:38    -2397.255883        0.277003
MDMin:  304 04:43:40    -2397.258326        0.274857
MDMin:  305 04:43:42    -2397.260755        0.273687
MDMin:  306 04:43:43    -2397.263160        0.274100
MDMin:  307 04:43:45    -2397.265555        0.282113
MDMin:  308 04:43:47    -2397.267923        0.278602
MDMin:  309 04:43:49    -2397.270287        0.310844
MDMin:  310 04:43:51    -2397.272632        0.306890
MDMin:  311 04:43:53    -2397.274988        0.295048
MDMin:  312 04:43:55    -2397.277391        0.301347
MDMin:  313 04:43:57    -2397.279910        0.313036
MDMin:  314 04:43:58    -2397.282501        0.316085
MDMin:  315 04:44:00    -2397.285063        0.324215
MDMin:  316 04:44:02    -2397.287736        0.333295
MDMin:  317 04:44:04    -2397.289894        0.434072
MDMin:  318 04:44:06    -2397.292374        0.419124
MDMin:  319 04:44:08    -2397.294578        0.399500
MDMin:  320 04:44:10    -2397.296998        0.375171
MDMin:  321 04:44:12    -2397.299503        0.388630
MDMin:  322 04:44:14    -2397.300822        1.375118
MDMin:  323 04:44:16    -2397.300905        1.369459
MDMin:  324 04:44:18    -2397.301086        1.355379
MDMin:  325 04:44:19    -2397.301428        1.332737
MDMin:  326 04:44:20    -2397.301992        1.302744
MDMin:  327 04:44:22    -2397.302830        1.263416
MDMin:  328 04:44:23    -2397.303989        1.197872
MDMin:  329 04:44:24    -2397.305514        1.068283
MDMin:  330 04:44:26    -2397.307466        0.880504
MDMin:  331 04:44:27    -2397.309879        0.739057
MDMin:  332 04:44:28    -2397.312712        0.659350
MDMin:  333 04:44:30    -2397.315927        0.592368
MDMin:  334 04:44:32    -2397.319457        0.539891
MDMin:  335 04:44:34    -2397.323214        0.560419
MDMin:  336 04:44:36    -2397.326680        0.477891
MDMin:  337 04:44:38    -2397.328056        0.456217
MDMin:  338 04:44:40    -2397.330104        0.431017
MDMin:  339 04:44:41    -2397.332809        0.403858
MDMin:  340 04:44:42    -2397.336057        0.376901
MDMin:  341 04:44:44    -2397.337464        0.737170
MDMin:  342 04:44:45    -2397.338299        0.714669
MDMin:  343 04:44:46    -2397.339240        0.332668
MDMin:  344 04:44:48    -2397.339392        0.327242
MDMin:  345 04:44:49    -2397.339557        0.327154
MDMin:  346 04:44:50    -2397.339739        0.326482
MDMin:  347 04:44:51    -2397.339945        0.325039
MDMin:  348 04:44:53    -2397.340182        0.322621
MDMin:  349 04:44:54    -2397.340460        0.319017
MDMin:  350 04:44:55    -2397.340790        0.314034
MDMin:  351 04:44:56    -2397.341175        0.307620
MDMin:  352 04:44:58    -2397.341577        0.489420
MDMin:  353 04:44:59    -2397.341822        0.423202
MDMin:  354 04:45:01    -2397.341947        0.293840
MDMin:  355 04:45:02    -2397.342109        0.290900
MDMin:  356 04:45:03    -2397.342305        0.287347
MDMin:  357 04:45:04    -2397.342538        0.283133
MDMin:  358 04:45:06    -2397.342812        0.278211
MDMin:  359 04:45:08    -2397.343131        0.272553
MDMin:  360 04:45:09    -2397.343205        0.745617
MDMin:  361 04:45:10    -2397.343338        0.715818
MDMin:  362 04:45:12    -2397.343540        0.679741
MDMin:  363 04:45:14    -2397.343834        0.639022
MDMin:  364 04:45:15    -2397.344225        0.276564
MDMin:  365 04:45:16    -2397.344397        0.606472
MDMin:  366 04:45:17    -2397.344533        0.278796
MDMin:  367 04:45:19    -2397.344633        0.597722
MDMin:  368 04:45:20    -2397.344706        0.280018
MDMin:  369 04:45:21    -2397.344793        0.280627
MDMin:  370 04:45:23    -2397.344893        0.599219
MDMin:  371 04:45:25    -2397.344997        0.282043
MDMin:  372 04:45:27    -2397.345077        0.593469
MDMin:  373 04:45:29    -2397.345156        0.283132
MDMin:  374 04:45:31    -2397.345244        0.588881
MDMin:  375 04:45:33    -2397.345311        0.284169
MDMin:  376 04:45:35    -2397.345399        0.284760
MDMin:  377 04:45:37    -2397.345493        0.591025
MDMin:  378 04:45:39    -2397.345611        0.286163
MDMin:  379 04:45:40    -2397.345678        0.585578
MDMin:  380 04:45:42    -2397.345781        0.287260
MDMin:  381 04:45:44    -2397.345847        0.581161
MDMin:  382 04:45:45    -2397.345946        0.288308
MDMin:  383 04:45:46    -2397.346015        0.576993
MDMin:  384 04:45:48    -2397.346112        0.289349
MDMin:  385 04:45:49    -2397.346185        0.572943
MDMin:  386 04:45:51    -2397.346281        0.290391
MDMin:  387 04:45:53    -2397.346358        0.568986
MDMin:  388 04:45:55    -2397.346454        0.291434
MDMin:  389 04:45:57    -2397.346533        0.565116
MDMin:  390 04:45:58    -2397.346630        0.292478
MDMin:  391 04:46:00    -2397.346710        0.561331
MDMin:  392 04:46:02    -2397.346810        0.293522
MDMin:  393 04:46:04    -2397.346890        0.557629
MDMin:  394 04:46:05    -2397.346993        0.294564
MDMin:  395 04:46:06    -2397.347071        0.554006
MDMin:  396 04:46:08    -2397.347180        0.295605
MDMin:  397 04:46:09    -2397.347254        0.550460
MDMin:  398 04:46:11    -2397.347370        0.542716
MDMin:  399 04:46:12    -2397.347511        0.297383
MDMin:  400 04:46:13    -2397.347661        0.298169
MDMin:  401 04:46:15    -2397.347796        0.543782
MDMin:  402 04:46:16    -2397.347947        0.534019
MDMin:  403 04:46:17    -2397.348157        0.300673
MDMin:  404 04:46:18    -2397.348295        0.525990
MDMin:  405 04:46:20    -2397.348439        0.517562
MDMin:  406 04:46:22    -2397.348617        0.302832
MDMin:  407 04:46:23    -2397.348785        0.510780
MDMin:  408 04:46:24    -2397.348912        0.304137
MDMin:  409 04:46:26    -2397.349022        0.507413
MDMin:  410 04:46:28    -2397.349155        0.500384
MDMin:  411 04:46:30    -2397.349331        0.305895
MDMin:  412 04:46:32    -2397.349493        0.494877
MDMin:  413 04:46:33    -2397.349636        0.307110
MDMin:  414 04:46:35    -2397.349736        0.491969
MDMin:  415 04:46:36    -2397.349873        0.485298
MDMin:  416 04:46:37    -2397.350085        0.308793
MDMin:  417 04:46:39    -2397.350223        0.480293
MDMin:  418 04:46:41    -2397.350377        0.473228
MDMin:  419 04:46:42    -2397.350622        0.467540
MDMin:  420 04:46:43    -2397.350715        0.311599
MDMin:  421 04:46:45    -2397.350711        0.312468
MDMin:  422 04:46:46    -2397.350707        0.313558
MDMin:  423 04:46:48    -2397.350701        0.314850
MDMin:  424 04:46:50    -2397.350695        0.316312
MDMin:  425 04:46:52    -2397.350688        0.317899
MDMin:  426 04:46:54    -2397.350683        0.319552
MDMin:  427 04:46:55    -2397.350679        0.321190
MDMin:  428 04:46:57    -2397.350681        0.322710
MDMin:  429 04:46:58    -2397.350689        0.323982
MDMin:  430 04:47:00    -2397.350707        0.324846
MDMin:  431 04:47:02    -2397.350736        0.325113
MDMin:  432 04:47:04    -2397.350782        0.324565
MDMin:  433 04:47:06    -2397.350846        0.322961
MDMin:  434 04:47:07    -2397.350932        0.320044
MDMin:  435 04:47:08    -2397.351044        0.315556
MDMin:  436 04:47:10    -2397.351184        0.309247
MDMin:  437 04:47:11    -2397.351357        0.300924
MDMin:  438 04:47:13    -2397.351567        0.290469
MDMin:  439 04:47:15    -2397.351818        0.277793
MDMin:  440 04:47:16    -2397.351885        0.781597
MDMin:  441 04:47:18    -2397.351963        0.750807
MDMin:  442 04:47:20    -2397.352097        0.713215
MDMin:  443 04:47:22    -2397.352305        0.275256
MDMin:  444 04:47:24    -2397.352319        0.675719
MDMin:  445 04:47:25    -2397.352363        0.276382
MDMin:  446 04:47:27    -2397.352383        0.669474
MDMin:  447 04:47:29    -2397.352400        0.277102
MDMin:  448 04:47:31    -2397.352420        0.277496
MDMin:  449 04:47:33    -2397.352453        0.668614
MDMin:  450 04:47:34    -2397.352474        0.278533
MDMin:  451 04:47:35    -2397.352495        0.278945
MDMin:  452 04:47:36    -2397.352527        0.667198
MDMin:  453 04:47:38    -2397.352550        0.280017
MDMin:  454 04:47:40    -2397.352571        0.280440
MDMin:  455 04:47:41    -2397.352603        0.665753
MDMin:  456 04:47:43    -2397.352627        0.281538
MDMin:  457 04:47:44    -2397.352649        0.281972
MDMin:  458 04:47:45    -2397.352679        0.664314
MDMin:  459 04:47:46    -2397.352706        0.283098
MDMin:  460 04:47:48    -2397.352729        0.283542
MDMin:  461 04:47:50    -2397.352756        0.662893
MDMin:  462 04:47:52    -2397.352787        0.284697
MDMin:  463 04:47:53    -2397.352810        0.285153
MDMin:  464 04:47:55    -2397.352833        0.661497
MDMin:  465 04:47:57    -2397.352870        0.286337
MDMin:  466 04:47:59    -2397.352893        0.286804
MDMin:  467 04:48:00    -2397.352911        0.660130
MDMin:  468 04:48:02    -2397.352954        0.288019
MDMin:  469 04:48:04    -2397.352978        0.288499
MDMin:  470 04:48:06    -2397.352989        0.658795
MDMin:  471 04:48:07    -2397.353041        0.289745
MDMin:  472 04:48:08    -2397.353059        0.653046
MDMin:  473 04:48:10    -2397.353085        0.290632
MDMin:  474 04:48:12    -2397.353109        0.291120
MDMin:  475 04:48:15    -2397.353138        0.652577
MDMin:  476 04:48:16    -2397.353173        0.292403
MDMin:  477 04:48:19    -2397.353199        0.292916
MDMin:  478 04:48:20    -2397.353223        0.651590
MDMin:  479 04:48:22    -2397.353265        0.294246
MDMin:  480 04:48:24    -2397.353291        0.294774
MDMin:  481 04:48:26    -2397.353308        0.650596
MDMin:  482 04:48:27    -2397.353358        0.296140
MDMin:  483 04:48:28    -2397.353382        0.645036
MDMin:  484 04:48:30    -2397.353406        0.297115
MDMin:  485 04:48:32    -2397.353432        0.297651
MDMin:  486 04:48:34    -2397.353467        0.644876
MDMin:  487 04:48:35    -2397.353501        0.299059
MDMin:  488 04:48:36    -2397.353529        0.299624
MDMin:  489 04:48:38    -2397.353558        0.644181
MDMin:  490 04:48:39    -2397.353600        0.301086
MDMin:  491 04:48:41    -2397.353629        0.301667
MDMin:  492 04:48:43    -2397.353649        0.643461
MDMin:  493 04:48:45    -2397.353702        0.303170
MDMin:  494 04:48:47    -2397.353726        0.638046
MDMin:  495 04:48:48    -2397.353754        0.304243
MDMin:  496 04:48:50    -2397.353782        0.304834
MDMin:  497 04:48:52    -2397.353816        0.638144
MDMin:  498 04:48:54    -2397.353857        0.306382
MDMin:  499 04:48:56    -2397.353887        0.307005
MDMin:  500 04:48:57    -2397.353911        0.637690
MDMin:  501 04:48:59    -2397.353965        0.308614
MDMin:  502 04:49:00    -2397.353991        0.632398
MDMin:  503 04:49:02    -2397.354020        0.309766
MDMin:  504 04:49:03    -2397.354050        0.310400
MDMin:  505 04:49:05    -2397.354086        0.632720
MDMin:  506 04:49:07    -2397.354130        0.312058
MDMin:  507 04:49:08    -2397.354162        0.312727
MDMin:  508 04:49:09    -2397.354186        0.632473
MDMin:  509 04:49:11    -2397.354244        0.314451
MDMin:  510 04:49:13    -2397.354269        0.627278
MDMin:  511 04:49:14    -2397.354303        0.315687
MDMin:  512 04:49:16    -2397.354335        0.316366
MDMin:  513 04:49:18    -2397.354367        0.627794
MDMin:  514 04:49:20    -2397.354419        0.318141
MDMin:  515 04:49:22    -2397.354452        0.622736
MDMin:  516 04:49:24    -2397.354480        0.319429
MDMin:  517 04:49:25    -2397.354514        0.320139
MDMin:  518 04:49:26    -2397.354554        0.623451
MDMin:  519 04:49:28    -2397.354601        0.321986
MDMin:  520 04:49:29    -2397.354637        0.322737
MDMin:  521 04:49:31    -2397.354663        0.623568
MDMin:  522 04:49:34    -2397.354727        0.324659
MDMin:  523 04:49:35    -2397.354751        0.618534
MDMin:  524 04:49:37    -2397.354793        0.326040
MDMin:  525 04:49:38    -2397.354828        0.326800
MDMin:  526 04:49:40    -2397.354856        0.619389
MDMin:  527 04:49:41    -2397.354921        0.328772
MDMin:  528 04:49:43    -2397.354946        0.614474
MDMin:  529 04:49:45    -2397.354989        0.330210
MDMin:  530 04:49:46    -2397.355026        0.331000
MDMin:  531 04:49:48    -2397.355055        0.615502
MDMin:  532 04:49:50    -2397.355123        0.333048
MDMin:  533 04:49:52    -2397.355148        0.610662
MDMin:  534 04:49:53    -2397.355193        0.334544
MDMin:  535 04:49:55    -2397.355232        0.335365
MDMin:  536 04:49:56    -2397.355260        0.611845
MDMin:  537 04:49:57    -2397.355332        0.337489
MDMin:  538 04:49:59    -2397.355355        0.607068
MDMin:  539 04:50:00    -2397.355406        0.339041
MDMin:  540 04:50:02    -2397.355445        0.603088
MDMin:  541 04:50:03    -2397.355479        0.340580
MDMin:  542 04:50:05    -2397.355520        0.341442
MDMin:  543 04:50:06    -2397.355564        0.604641
MDMin:  544 04:50:08    -2397.355626        0.343663
MDMin:  545 04:50:10    -2397.355664        0.600023
MDMin:  546 04:50:12    -2397.355704        0.345292
MDMin:  547 04:50:14    -2397.355746        0.346185
MDMin:  548 04:50:16    -2397.355787        0.601647
MDMin:  549 04:50:18    -2397.355857        0.348476
MDMin:  550 04:50:20    -2397.355889        0.597059
MDMin:  551 04:50:22    -2397.355938        0.350156
MDMin:  552 04:50:23    -2397.355983        0.351076
MDMin:  553 04:50:25    -2397.356014        0.598785
MDMin:  554 04:50:27    -2397.356097        0.353429
MDMin:  555 04:50:29    -2397.356119        0.594224
MDMin:  556 04:50:31    -2397.356183        0.355156
MDMin:  557 04:50:33    -2397.356216        0.590480
MDMin:  558 04:50:34    -2397.356267        0.356855
MDMin:  559 04:50:35    -2397.356314        0.357804
MDMin:  560 04:50:37    -2397.356347        0.592522
MDMin:  561 04:50:39    -2397.356435        0.360225
MDMin:  562 04:50:40    -2397.356456        0.588078
MDMin:  563 04:50:42    -2397.356526        0.362006
MDMin:  564 04:50:44    -2397.356558        0.584453
MDMin:  565 04:50:45    -2397.356615        0.363750
MDMin:  566 04:50:46    -2397.356662        0.580977
MDMin:  567 04:50:48    -2397.356706        0.365503
MDMin:  568 04:50:50    -2397.356757        0.366481
MDMin:  569 04:50:52    -2397.356803        0.583425
MDMin:  570 04:50:54    -2397.356888        0.368959
MDMin:  571 04:50:55    -2397.356920        0.579151
MDMin:  572 04:50:57    -2397.356986        0.370784
MDMin:  573 04:50:59    -2397.357028        0.575700
MDMin:  574 04:51:01    -2397.357083        0.372560
MDMin:  575 04:51:03    -2397.357137        0.572395
MDMin:  576 04:51:04    -2397.357182        0.374336
MDMin:  577 04:51:06    -2397.357237        0.375324
MDMin:  578 04:51:07    -2397.357288        0.575181
MDMin:  579 04:51:09    -2397.357379        0.377806
MDMin:  580 04:51:11    -2397.357411        0.571037
MDMin:  581 04:51:12    -2397.357486        0.379633
MDMin:  582 04:51:14    -2397.357525        0.567722
MDMin:  583 04:51:15    -2397.357591        0.381398
MDMin:  584 04:51:16    -2397.357640        0.564553
MDMin:  585 04:51:17    -2397.357698        0.383150
MDMin:  586 04:51:19    -2397.357758        0.561466
MDMin:  587 04:51:20    -2397.357807        0.384892
MDMin:  588 04:51:22    -2397.357869        0.385857
MDMin:  589 04:51:23    -2397.357921        0.564677
MDMin:  590 04:51:24    -2397.358025        0.556516
MDMin:  591 04:51:26    -2397.358122        0.389665
MDMin:  592 04:51:28    -2397.358210        0.390939
MDMin:  593 04:51:29    -2397.358304        0.556875
MDMin:  594 04:51:31    -2397.358403        0.393633
MDMin:  595 04:51:33    -2397.358454        0.552536
MDMin:  596 04:51:35    -2397.358534        0.395354
MDMin:  597 04:51:37    -2397.358584        0.549483
MDMin:  598 04:51:38    -2397.358659        0.396943
MDMin:  599 04:51:40    -2397.358714        0.546627
MDMin:  600 04:51:42    -2397.358786        0.398487
MDMin:  601 04:51:43    -2397.358845        0.543846
MDMin:  602 04:51:45    -2397.358916        0.399992
MDMin:  603 04:51:46    -2397.358979        0.541123
MDMin:  604 04:51:47    -2397.359048        0.401457
MDMin:  605 04:51:49    -2397.359115        0.538453
MDMin:  606 04:51:51    -2397.359183        0.402877
MDMin:  607 04:51:53    -2397.359253        0.535833
MDMin:  608 04:51:55    -2397.359322        0.404249
MDMin:  609 04:51:57    -2397.359394        0.533261
MDMin:  610 04:51:59    -2397.359463        0.405569
MDMin:  611 04:52:01    -2397.359536        0.530734
MDMin:  612 04:52:03    -2397.359607        0.406835
MDMin:  613 04:52:05    -2397.359681        0.528249
MDMin:  614 04:52:07    -2397.359754        0.408042
MDMin:  615 04:52:08    -2397.359828        0.525805
MDMin:  616 04:52:10    -2397.359905        0.409186
MDMin:  617 04:52:11    -2397.359978        0.523400
MDMin:  618 04:52:13    -2397.360059        0.410265
MDMin:  619 04:52:14    -2397.360129        0.521031
MDMin:  620 04:52:15    -2397.360216        0.411275
MDMin:  621 04:52:17    -2397.360283        0.518697
MDMin:  622 04:52:18    -2397.360377        0.412214
MDMin:  623 04:52:20    -2397.360438        0.516397
MDMin:  624 04:52:22    -2397.360542        0.413076
MDMin:  625 04:52:24    -2397.360596        0.514128
MDMin:  626 04:52:26    -2397.360711        0.413861
MDMin:  627 04:52:28    -2397.360756        0.511888
MDMin:  628 04:52:30    -2397.360873        0.504909
MDMin:  629 04:52:31    -2397.361016        0.419076
MDMin:  630 04:52:33    -2397.361136        0.500084
MDMin:  631 04:52:34    -2397.361238        0.425748
MDMin:  632 04:52:36    -2397.361327        0.497649
MDMin:  633 04:52:38    -2397.361433        0.431655
MDMin:  634 04:52:40    -2397.361506        0.495634
MDMin:  635 04:52:42    -2397.361628        0.437576
MDMin:  636 04:52:44    -2397.361685        0.493703
MDMin:  637 04:52:46    -2397.361813        0.486765
MDMin:  638 04:52:48    -2397.361975        0.448144
MDMin:  639 04:52:49    -2397.362099        0.482553
MDMin:  640 04:52:51    -2397.362231        0.456089
MDMin:  641 04:52:52    -2397.362312        0.480379
MDMin:  642 04:52:54    -2397.362452        0.473329
MDMin:  643 04:52:55    -2397.362623        0.468178
MDMin:  644 04:52:57    -2397.362761        0.473401
MDMin:  645 04:52:59    -2397.362907        0.477130
MDMin:  646 04:53:01    -2397.362991        0.481566
MDMin:  647 04:53:03    -2397.363141        0.485094
MDMin:  648 04:53:04    -2397.363338        0.490654
MDMin:  649 04:53:06    -2397.363469        0.496492
MDMin:  650 04:53:07    -2397.363643        0.500708
MDMin:  651 04:53:08    -2397.363858        0.507071
MDMin:  652 04:53:10    -2397.364010        0.513659
MDMin:  653 04:53:11    -2397.364199        0.518372
MDMin:  654 04:53:12    -2397.364435        0.525346
MDMin:  655 04:53:14    -2397.364592        0.532577
MDMin:  656 04:53:15    -2397.364793        0.537778
MDMin:  657 04:53:17    -2397.365066        0.545355
MDMin:  658 04:53:19    -2397.365210        0.553243
MDMin:  659 04:53:20    -2397.365424        0.558967
MDMin:  660 04:53:22    -2397.365732        0.567183
MDMin:  661 04:53:23    -2397.366108        0.578013
MDMin:  662 04:53:24    -2397.366311        0.588731
MDMin:  663 04:53:26    -2397.366581        0.596195
MDMin:  664 04:53:27    -2397.366752        0.606343
MDMin:  665 04:53:29    -2397.365826        0.619474
MDMin:  666 04:53:30    -2397.364735        0.635470
MDMin:  667 04:53:32    -2397.363489        0.654408
MDMin:  668 04:53:34    -2397.362102        0.676312
MDMin:  669 04:53:37    -2397.360589        0.701103
MDMin:  670 04:53:39    -2397.358968        0.728539
MDMin:  671 04:53:41    -2397.357258        0.758118
MDMin:  672 04:53:42    -2397.355480        0.788974
MDMin:  673 04:53:44    -2397.353656        0.819784
MDMin:  674 04:53:45    -2397.351809        0.848663
MDMin:  675 04:53:47    -2397.349958        0.873306
MDMin:  676 04:53:49    -2397.348121        0.891286
MDMin:  677 04:53:51    -2397.346316        0.900531
MDMin:  678 04:53:53    -2397.344556        0.899865
MDMin:  679 04:53:55    -2397.342856        0.889333
MDMin:  680 04:53:57    -2397.341228        0.870029
MDMin:  681 04:53:59    -2397.339685        0.843457
MDMin:  682 04:54:01    -2397.338237        0.811005
MDMin:  683 04:54:02    -2397.336896        0.773521
MDMin:  684 04:54:04    -2397.335673        0.731628
MDMin:  685 04:54:06    -2397.334580        0.686257
MDMin:  686 04:54:07    -2397.333630        0.638986
MDMin:  687 04:54:09    -2397.332831        0.591922
MDMin:  688 04:54:11    -2397.332189        0.547305
MDMin:  689 04:54:12    -2397.331707        0.512308
MDMin:  690 04:54:14    -2397.331380        0.524988
MDMin:  691 04:54:15    -2397.331207        1.044601
MDMin:  692 04:54:17    -2397.331165        1.320718
MDMin:  693 04:54:19    -2397.331160        0.928162
MDMin:  694 04:54:21    -2397.331155        0.572652
MDMin:  695 04:54:23    -2397.331151        0.577385
MDMin:  696 04:54:24    -2397.331151        0.582960
MDMin:  697 04:54:25    -2397.331158        0.591359
MDMin:  698 04:54:27    -2397.331175        0.603550
MDMin:  699 04:54:29    -2397.331206        0.616842
MDMin:  700 04:54:31    -2397.331254        0.630900
MDMin:  701 04:54:33    -2397.331323        0.645219
MDMin:  702 04:54:35    -2397.331416        0.659078
MDMin:  703 04:54:36    -2397.331537        0.671484
MDMin:  704 04:54:38    -2397.331688        0.681131
MDMin:  705 04:54:39    -2397.331875        0.686422
MDMin:  706 04:54:40    -2397.332100        0.685579
MDMin:  707 04:54:42    -2397.332368        0.676820
MDMin:  708 04:54:43    -2397.332684        0.658514
MDMin:  709 04:54:44    -2397.333054        0.629126
MDMin:  710 04:54:46    -2397.333486        0.587089
MDMin:  711 04:54:47    -2397.333983        0.531530
MDMin:  712 04:54:48    -2397.334513        0.988705
MDMin:  713 04:54:50    -2397.334741        0.908528
MDMin:  714 04:54:52    -2397.334769        0.729901
MDMin:  715 04:54:54    -2397.334822        0.506121
MDMin:  716 04:54:56    -2397.334905        0.503636
MDMin:  717 04:54:58    -2397.335017        0.500113
MDMin:  718 04:54:59    -2397.335154        0.495492
MDMin:  719 04:55:01    -2397.335320        0.489606
MDMin:  720 04:55:03    -2397.335514        0.482282
MDMin:  721 04:55:05    -2397.335740        0.473378
MDMin:  722 04:55:06    -2397.336001        0.462812
MDMin:  723 04:55:08    -2397.336298        0.452064
MDMin:  724 04:55:10    -2397.336636        0.463311
MDMin:  725 04:55:11    -2397.337018        0.476153
MDMin:  726 04:55:12    -2397.337448        0.490706
MDMin:  727 04:55:14    -2397.337930        0.507098
MDMin:  728 04:55:16    -2397.338471        0.525492
MDMin:  729 04:55:18    -2397.339075        0.546113
MDMin:  730 04:55:20    -2397.339748        0.569286
MDMin:  731 04:55:22    -2397.340496        0.595455
MDMin:  732 04:55:23    -2397.341316        0.624981
MDMin:  733 04:55:25    -2397.342152        0.656107
MDMin:  734 04:55:27    -2397.342678        0.768560
MDMin:  735 04:55:29    -2397.342815        0.680919
MDMin:  736 04:55:31    -2397.343022        0.688746
MDMin:  737 04:55:32    -2397.343275        0.698600
MDMin:  738 04:55:33    -2397.343575        0.710622
MDMin:  739 04:55:34    -2397.343923        0.725069
MDMin:  740 04:55:35    -2397.344321        0.742261
MDMin:  741 04:55:37    -2397.344769        0.762602
MDMin:  742 04:55:39    -2397.345269        0.786613
MDMin:  743 04:55:41    -2397.345820        0.814962
MDMin:  744 04:55:43    -2397.346424        0.848506
MDMin:  745 04:55:44    -2397.347078        0.888307
MDMin:  746 04:55:45    -2397.347782        0.935566
MDMin:  747 04:55:47    -2397.348530        0.991371
MDMin:  748 04:55:49    -2397.349320        1.056081
MDMin:  749 04:55:51    -2397.350146        1.128289
MDMin:  750 04:55:52    -2397.351003        1.203812
MDMin:  751 04:55:54    -2397.351887        1.275671
MDMin:  752 04:55:55    -2397.352793        1.335886
MDMin:  753 04:55:57    -2397.353722        1.378108
MDMin:  754 04:55:58    -2397.354675        1.398650
MDMin:  755 04:56:00    -2397.354371        1.393258
MDMin:  756 04:56:02    -2397.354947        1.352188
MDMin:  757 04:56:04    -2397.355363        1.256471
MDMin:  758 04:56:06    -2397.355625        1.089748
MDMin:  759 04:56:08    -2397.355738        0.963470
MDMin:  760 04:56:09    -2397.355785        0.969974
MDMin:  761 04:56:11    -2397.355827        0.969740
MDMin:  762 04:56:12    -2397.355859        0.946376
MDMin:  763 04:56:14    -2397.355877        0.863753
MDMin:  764 04:56:15    -2397.355873        0.718619
MDMin:  765 04:56:16    -2397.355836        0.648522
MDMin:  766 04:56:18    -2397.355763        0.433042
MDMin:  767 04:56:20    -2397.355662        0.361962
MDMin:  768 04:56:22    -2397.355578        0.493440
MDMin:  769 04:56:23    -2397.355485        0.566235
MDMin:  770 04:56:24    -2397.355378        0.553225
MDMin:  771 04:56:26    -2397.355251        0.483848
MDMin:  772 04:56:27    -2397.355095        0.344875
MDMin:  773 04:56:28    -2397.354902        0.347102
MDMin:  774 04:56:29    -2397.354730        0.331451
MDMin:  775 04:56:30    -2397.354641        0.234807
MDMin:  776 04:56:32    -2397.354541        0.236669
MDMin:  777 04:56:33    -2397.354431        0.238793
MDMin:  778 04:56:34    -2397.354303        0.241361
MDMin:  779 04:56:35    -2397.354156        0.244466
MDMin:  780 04:56:37    -2397.353988        0.248206
MDMin:  781 04:56:38    -2397.353799        0.252665
MDMin:  782 04:56:39    -2397.353589        0.257894
MDMin:  783 04:56:40    -2397.353359        0.263885
MDMin:  784 04:56:41    -2397.353112        0.270531
MDMin:  785 04:56:44    -2397.352849        0.277586
MDMin:  786 04:56:46    -2397.352572        0.284613
MDMin:  787 04:56:48    -2397.352284        0.290953
MDMin:  788 04:56:50    -2397.351987        0.295714
MDMin:  789 04:56:52    -2397.351682        0.297816
MDMin:  790 04:56:53    -2397.351376        0.296193
MDMin:  791 04:56:55    -2397.351101        0.379636
MDMin:  792 04:56:57    -2397.350940        0.332122
MDMin:  793 04:56:59    -2397.350852        0.282543
MDMin:  794 04:57:00    -2397.350751        0.278311
MDMin:  795 04:57:02    -2397.350635        0.272928
MDMin:  796 04:57:03    -2397.350506        0.266223
MDMin:  797 04:57:05    -2397.350363        0.258047
MDMin:  798 04:57:07    -2397.350208        0.248299
MDMin:  799 04:57:08    -2397.350040        0.236946
MDMin:  800 04:57:10    -2397.349862        0.242125
MDMin:  801 04:57:12    -2397.349673        0.249175
MDMin:  802 04:57:13    -2397.349475        0.257206
MDMin:  803 04:57:14    -2397.349268        0.266279
MDMin:  804 04:57:16    -2397.349056        0.276385
MDMin:  805 04:57:18    -2397.348837        0.287379
MDMin:  806 04:57:20    -2397.348614        0.298895
MDMin:  807 04:57:22    -2397.348389        0.310236
MDMin:  808 04:57:24    -2397.348163        0.320250
MDMin:  809 04:57:26    -2397.347945        0.327236
MDMin:  810 04:57:28    -2397.347774        0.502360
MDMin:  811 04:57:30    -2397.347700        0.329475
MDMin:  812 04:57:31    -2397.347632        0.328737
MDMin:  813 04:57:33    -2397.347556        0.327222
MDMin:  814 04:57:34    -2397.347471        0.324592
MDMin:  815 04:57:36    -2397.347377        0.320462
MDMin:  816 04:57:38    -2397.347276        0.314416
MDMin:  817 04:57:40    -2397.347166        0.306050
MDMin:  818 04:57:42    -2397.347050        0.295019
MDMin:  819 04:57:44    -2397.346928        0.281106
MDMin:  820 04:57:46    -2397.346800        0.271269
MDMin:  821 04:57:48    -2397.346667        0.270829
MDMin:  822 04:57:50    -2397.346530        0.269490
MDMin:  823 04:57:51    -2397.346391        0.267152
MDMin:  824 04:57:52    -2397.346250        0.263709
MDMin:  825 04:57:54    -2397.346115        0.279641
MDMin:  826 04:57:57    -2397.346012        0.489803
MDMin:  827 04:57:59    -2397.345974        0.262874
MDMin:  828 04:58:01    -2397.345934        0.264476
MDMin:  829 04:58:02    -2397.345888        0.266243
MDMin:  830 04:58:03    -2397.345837        0.268114
MDMin:  831 04:58:05    -2397.345781        0.269998
MDMin:  832 04:58:06    -2397.345721        0.271767
MDMin:  833 04:58:08    -2397.345657        0.273245
MDMin:  834 04:58:10    -2397.345589        0.274192
MDMin:  835 04:58:12    -2397.345519        0.274298
MDMin:  836 04:58:14    -2397.345447        0.273167
MDMin:  837 04:58:15    -2397.345374        0.270329
MDMin:  838 04:58:16    -2397.345299        0.265265
MDMin:  839 04:58:18    -2397.345225        0.257479
MDMin:  840 04:58:19    -2397.345153        0.246747
MDMin:  841 04:58:20    -2397.345089        0.315934
MDMin:  842 04:58:21    -2397.345053        0.377899
MDMin:  843 04:58:23    -2397.345041        0.222767
MDMin:  844 04:58:24    -2397.345026        0.218798
MDMin:  845 04:58:26    -2397.345009        0.213986
MDMin:  846 04:58:27    -2397.344989        0.208298
MDMin:  847 04:58:29    -2397.344968        0.201706
MDMin:  848 04:58:31    -2397.344945        0.194198
MDMin:  849 04:58:33    -2397.344921        0.185786
MDMin:  850 04:58:35    -2397.344897        0.176512
MDMin:  851 04:58:36    -2397.344872        0.166452
MDMin:  852 04:58:38    -2397.344848        0.155721
MDMin:  853 04:58:39    -2397.344825        0.152219
MDMin:  854 04:58:40    -2397.344804        0.152523
MDMin:  855 04:58:42    -2397.344785        0.152856
MDMin:  856 04:58:43    -2397.344769        0.153220
MDMin:  857 04:58:44    -2397.344757        0.153616
MDMin:  858 04:58:46    -2397.344750        0.154045
MDMin:  859 04:58:48    -2397.344748        0.154505
MDMin:  860 04:58:50    -2397.344753        0.154989
MDMin:  861 04:58:52    -2397.344765        0.246850
MDMin:  862 04:58:54    -2397.344776        0.428824
MDMin:  863 04:58:56    -2397.344778        0.229138
MDMin:  864 04:58:58    -2397.344782        0.155832
MDMin:  865 04:59:00    -2397.344787        0.155907
MDMin:  866 04:59:01    -2397.344794        0.155994
MDMin:  867 04:59:03    -2397.344803        0.156093
MDMin:  868 04:59:04    -2397.344813        0.156207
MDMin:  869 04:59:06    -2397.344826        0.156334
MDMin:  870 04:59:08    -2397.344841        0.156475
MDMin:  871 04:59:10    -2397.344860        0.156628
MDMin:  872 04:59:12    -2397.344882        0.156791
MDMin:  873 04:59:14    -2397.344909        0.156957
MDMin:  874 04:59:16    -2397.344940        0.157120
MDMin:  875 04:59:17    -2397.344977        0.157271
MDMin:  876 04:59:19    -2397.345020        0.157396
MDMin:  877 04:59:21    -2397.345070        0.157480
MDMin:  878 04:59:23    -2397.345128        0.157506
MDMin:  879 04:59:25    -2397.345195        0.157455
MDMin:  880 04:59:27    -2397.345273        0.158984
MDMin:  881 04:59:28    -2397.345362        0.161710
MDMin:  882 04:59:29    -2397.345464        0.164416
MDMin:  883 04:59:31    -2397.345581        0.166973
MDMin:  884 04:59:33    -2397.345715        0.169209
MDMin:  885 04:59:35    -2397.345865        0.181070
MDMin:  886 04:59:37    -2397.345996        0.431304
MDMin:  887 04:59:38    -2397.346027        0.171744
MDMin:  888 04:59:40    -2397.346073        0.171812
MDMin:  889 04:59:42    -2397.346128        0.171827
MDMin:  890 04:59:44    -2397.346191        0.171757
MDMin:  891 04:59:45    -2397.346264        0.171563
MDMin:  892 04:59:47    -2397.346347        0.171198
MDMin:  893 04:59:48    -2397.346442        0.170608
MDMin:  894 04:59:50    -2397.346550        0.169732
MDMin:  895 04:59:52    -2397.346672        0.168505
MDMin:  896 04:59:53    -2397.346809        0.166859
MDMin:  897 04:59:55    -2397.346964        0.164728
MDMin:  898 04:59:56    -2397.347138        0.162052
MDMin:  899 04:59:58    -2397.347331        0.158791
MDMin:  900 05:00:00    -2397.347543        0.154988
MDMin:  901 05:00:02    -2397.347754        0.221063
MDMin:  902 05:00:04    -2397.347901        0.224225
MDMin:  903 05:00:05    -2397.347984        0.160246
MDMin:  904 05:00:07    -2397.348078        0.161441
MDMin:  905 05:00:09    -2397.348189        0.162770
MDMin:  906 05:00:11    -2397.348317        0.164217
MDMin:  907 05:00:12    -2397.348463        0.165767
MDMin:  908 05:00:14    -2397.348630        0.167399
MDMin:  909 05:00:16    -2397.348818        0.169094
MDMin:  910 05:00:18    -2397.349030        0.170829
MDMin:  911 05:00:20    -2397.349269        0.172585
MDMin:  912 05:00:21    -2397.349535        0.174341
MDMin:  913 05:00:22    -2397.349832        0.176080
MDMin:  914 05:00:24    -2397.350162        0.177789
MDMin:  915 05:00:26    -2397.350528        0.179456
MDMin:  916 05:00:27    -2397.350926        0.181057
MDMin:  917 05:00:29    -2397.351323        0.190518
MDMin:  918 05:00:30    -2397.351595        0.204014
MDMin:  919 05:00:32    -2397.351728        0.183609
MDMin:  920 05:00:34    -2397.351887        0.184021
MDMin:  921 05:00:36    -2397.352074        0.184505
MDMin:  922 05:00:38    -2397.352290        0.185070
MDMin:  923 05:00:39    -2397.352537        0.185724
MDMin:  924 05:00:41    -2397.352815        0.186477
MDMin:  925 05:00:43    -2397.353129        0.187346
MDMin:  926 05:00:45    -2397.353478        0.188352
MDMin:  927 05:00:47    -2397.353866        0.189523
MDMin:  928 05:00:48    -2397.354295        0.190893
MDMin:  929 05:00:50    -2397.354767        0.192506
MDMin:  930 05:00:52    -2397.355285        0.194420
MDMin:  931 05:00:54    -2397.355851        0.196701
MDMin:  932 05:00:55    -2397.356467        0.199433
MDMin:  933 05:00:57    -2397.356883        0.202705
MDMin:  934 05:00:59    -2397.357347        0.206361
MDMin:  935 05:01:01    -2397.357706        0.252076
MDMin:  936 05:01:02    -2397.357879        0.250327
MDMin:  937 05:01:04    -2397.357949        0.213660
MDMin:  938 05:01:06    -2397.358035        0.215084
MDMin:  939 05:01:08    -2397.358130        0.216842
MDMin:  940 05:01:10    -2397.358233        0.218977
MDMin:  941 05:01:12    -2397.358342        0.221539
MDMin:  942 05:01:14    -2397.358455        0.224584
MDMin:  943 05:01:15    -2397.358570        0.228173
MDMin:  944 05:01:17    -2397.358685        0.232377
MDMin:  945 05:01:19    -2397.358800        0.237269
MDMin:  946 05:01:20    -2397.358912        0.242930
MDMin:  947 05:01:22    -2397.359023        0.249439
MDMin:  948 05:01:23    -2397.359129        0.256872
MDMin:  949 05:01:25    -2397.359233        0.265287
MDMin:  950 05:01:27    -2397.359333        0.274713
MDMin:  951 05:01:28    -2397.359430        0.285106
MDMin:  952 05:01:30    -2397.359522        0.296235
MDMin:  953 05:01:32    -2397.359606        0.307129
MDMin:  954 05:01:34    -2397.359663        0.314639
MDMin:  955 05:01:36    -2397.359686        0.317686
MDMin:  956 05:01:38    -2397.359713        0.321103
MDMin:  957 05:01:40    -2397.359743        0.325002
MDMin:  958 05:01:42    -2397.359777        0.329314
MDMin:  959 05:01:44    -2397.359814        0.333924
MDMin:  960 05:01:46    -2397.359854        0.338664
MDMin:  961 05:01:48    -2397.359898        0.343305
MDMin:  962 05:01:50    -2397.359945        0.347539
MDMin:  963 05:01:51    -2397.359994        0.350980
MDMin:  964 05:01:53    -2397.360047        0.353154
MDMin:  965 05:01:55    -2397.360103        0.353513
MDMin:  966 05:01:56    -2397.360161        0.351453
MDMin:  967 05:01:58    -2397.360223        0.346367
MDMin:  968 05:01:59    -2397.360288        0.337783
MDMin:  969 05:02:01    -2397.360357        0.325364
MDMin:  970 05:02:03    -2397.360428        0.309138
MDMin:  971 05:02:05    -2397.360498        0.290588
MDMin:  972 05:02:07    -2397.360549        0.355957
MDMin:  973 05:02:09    -2397.360573        0.268388
MDMin:  974 05:02:11    -2397.360600        0.260277
MDMin:  975 05:02:13    -2397.360631        0.261900
MDMin:  976 05:02:14    -2397.360667        0.264933
MDMin:  977 05:02:16    -2397.360707        0.267557
MDMin:  978 05:02:18    -2397.360753        0.269392
MDMin:  979 05:02:19    -2397.360803        0.269991
MDMin:  980 05:02:21    -2397.360859        0.268861
MDMin:  981 05:02:22    -2397.360921        0.265492
MDMin:  982 05:02:24    -2397.360990        0.259413
MDMin:  983 05:02:26    -2397.361064        0.250264
MDMin:  984 05:02:27    -2397.361147        0.237907
MDMin:  985 05:02:29    -2397.361236        0.222620
MDMin:  986 05:02:30    -2397.361327        0.247141
MDMin:  987 05:02:31    -2397.361395        0.378395
MDMin:  988 05:02:33    -2397.361419        0.197750
MDMin:  989 05:02:35    -2397.361451        0.196502
MDMin:  990 05:02:36    -2397.361487        0.194944
MDMin:  991 05:02:38    -2397.361530        0.193035
MDMin:  992 05:02:40    -2397.361579        0.190739
MDMin:  993 05:02:42    -2397.361633        0.188029
MDMin:  994 05:02:44    -2397.361694        0.184888
MDMin:  995 05:02:46    -2397.361762        0.181313
MDMin:  996 05:02:48    -2397.361836        0.177320
MDMin:  997 05:02:50    -2397.361917        0.172948
MDMin:  998 05:02:51    -2397.362006        0.168258
MDMin:  999 05:02:53    -2397.362101        0.163339
MDMin:  1000 05:02:55    -2397.362203        0.158343
MDMin:  1001 05:02:57    -2397.362303        0.232263
MDMin:  1002 05:02:58    -2397.362369        0.287885
MDMin:  1003 05:02:59    -2397.362394        0.149776
