       Step     Time          Energy          fmax
MDMin:    0 09:30:40    -2393.420514        6.470637
MDMin:    1 09:30:42    -2393.425012        6.363413
MDMin:    2 09:30:43    -2393.437908        7.112163
MDMin:    3 09:30:45    -2393.457291        7.671560
MDMin:    4 09:30:46    -2393.480608        5.880280
MDMin:    5 09:30:47    -2393.507840        3.868998
MDMin:    6 09:30:48    -2393.536264        5.478959
MDMin:    7 09:30:50    -2393.559896        5.642382
MDMin:    8 09:30:51    -2393.581315        2.332887
MDMin:    9 09:30:53    -2393.598914        1.851986
MDMin:   10 09:30:55    -2393.613285        1.908269
MDMin:   11 09:30:57    -2393.626521        1.935919
MDMin:   12 09:30:59    -2393.639070        2.288925
MDMin:   13 09:31:00    -2393.651100        2.651247
MDMin:   14 09:31:02    -2393.662731        2.126110
MDMin:   15 09:31:03    -2393.675156        1.454472
MDMin:   16 09:31:05    -2393.689082        1.654100
MDMin:   17 09:31:06    -2393.700938        3.231820
MDMin:   18 09:31:07    -2393.704626        1.142031
MDMin:   19 09:31:09    -2393.708794        1.113940
MDMin:   20 09:31:10    -2393.713740        1.144412
MDMin:   21 09:31:11    -2393.719499        1.169067
MDMin:   22 09:31:13    -2393.725999        1.178731
MDMin:   23 09:31:15    -2393.728061        1.163835
MDMin:   24 09:31:17    -2393.730241        1.178071
MDMin:   25 09:31:18    -2393.732522        1.230786
MDMin:   26 09:31:20    -2393.734883        1.289864
MDMin:   27 09:31:21    -2393.737307        1.327712
MDMin:   28 09:31:22    -2393.739789        1.305664
MDMin:   29 09:31:24    -2393.742346        1.204312
MDMin:   30 09:31:25    -2393.745012        1.266917
MDMin:   31 09:31:27    -2393.747837        1.244284
MDMin:   32 09:31:29    -2393.750924        1.096468
MDMin:   33 09:31:30    -2393.754440        0.893258
MDMin:   34 09:31:32    -2393.758550        0.722169
MDMin:   35 09:31:34    -2393.763333        0.656449
MDMin:   36 09:31:36    -2393.768708        1.196352
MDMin:   37 09:31:37    -2393.772498        2.396851
MDMin:   38 09:31:38    -2393.772582        2.285541
MDMin:   39 09:31:40    -2393.772837        1.940907
MDMin:   40 09:31:41    -2393.773297        1.370186
MDMin:   41 09:31:43    -2393.774029        0.704598
MDMin:   42 09:31:44    -2393.775051        0.710987
MDMin:   43 09:31:45    -2393.776276        0.720458
MDMin:   44 09:31:46    -2393.777704        0.730667
MDMin:   45 09:31:48    -2393.779346        0.741259
MDMin:   46 09:31:49    -2393.781217        0.751812
MDMin:   47 09:31:50    -2393.783333        0.761860
MDMin:   48 09:31:51    -2393.785717        0.770954
MDMin:   49 09:31:52    -2393.788391        0.778723
MDMin:   50 09:31:53    -2393.791386        0.784959
MDMin:   51 09:31:55    -2393.794736        0.789702
MDMin:   52 09:31:56    -2393.798481        0.793330
MDMin:   53 09:31:57    -2393.802672        0.796661
MDMin:   54 09:31:58    -2393.807371        0.801051
MDMin:   55 09:32:00    -2393.812652        0.808481
MDMin:   56 09:32:01    -2393.818607        0.821572
MDMin:   57 09:32:02    -2393.825349        0.843536
MDMin:   58 09:32:03    -2393.833013        0.878813
MDMin:   59 09:32:05    -2393.841753        0.934286
MDMin:   60 09:32:06    -2393.851739        1.021183
MDMin:   61 09:32:08    -2393.862933        1.155584
MDMin:   62 09:32:09    -2393.874570        1.340233
MDMin:   63 09:32:10    -2393.884433        1.517157
MDMin:   64 09:32:11    -2393.892105        1.632113
MDMin:   65 09:32:13    -2393.899755        1.691586
MDMin:   66 09:32:14    -2393.908654        1.677823
MDMin:   67 09:32:15    -2393.919313        1.578331
MDMin:   68 09:32:16    -2393.932358        1.416744
MDMin:   69 09:32:18    -2393.948554        1.236131
MDMin:   70 09:32:20    -2393.968887        1.158893
MDMin:   71 09:32:21    -2393.994795        1.197582
MDMin:   72 09:32:22    -2394.028579        1.242235
MDMin:   73 09:32:23    -2394.073549        1.301770
MDMin:   74 09:32:25    -2394.133950        1.393788
MDMin:   75 09:32:27    -2394.214943        1.543573
MDMin:   76 09:32:29    -2394.322995        1.759031
MDMin:   77 09:32:30    -2394.467024        1.959878
MDMin:   78 09:32:32    -2394.663454        1.998281
MDMin:   79 09:32:34    -2394.939271        2.458819
MDMin:   80 09:32:36    -2395.269789        2.520330
MDMin:   81 09:32:38    -2395.633509        2.415893
MDMin:   82 09:32:40    -2395.963509        2.318529
MDMin:   83 09:32:41    -2396.095769        2.382327
MDMin:   84 09:32:42    -2396.216843        1.581840
MDMin:   85 09:32:43    -2396.359831        1.444762
MDMin:   86 09:32:44    -2396.499205        1.605514
MDMin:   87 09:32:45    -2396.598553        1.809478
MDMin:   88 09:32:47    -2396.656525        1.928818
MDMin:   89 09:32:48    -2396.676307        1.929527
MDMin:   90 09:32:49    -2396.694762        1.824083
MDMin:   91 09:32:50    -2396.713734        1.604934
MDMin:   92 09:32:51    -2396.734044        1.313404
MDMin:   93 09:32:53    -2396.756068        1.025085
MDMin:   94 09:32:54    -2396.779114        0.810171
MDMin:   95 09:32:55    -2396.799764        1.243892
MDMin:   96 09:32:56    -2396.810923        0.727505
MDMin:   97 09:32:57    -2396.818762        0.626788
MDMin:   98 09:32:59    -2396.827913        0.599876
MDMin:   99 09:33:00    -2396.838417        0.571972
MDMin:  100 09:33:01    -2396.850318        0.544858
MDMin:  101 09:33:02    -2396.863670        0.549232
MDMin:  102 09:33:03    -2396.878534        0.554008
MDMin:  103 09:33:04    -2396.894957        0.558280
MDMin:  104 09:33:06    -2396.912950        0.560513
MDMin:  105 09:33:07    -2396.932441        0.558398
MDMin:  106 09:33:08    -2396.953205        0.549016
MDMin:  107 09:33:09    -2396.974809        0.529321
MDMin:  108 09:33:10    -2396.996489        0.497168
MDMin:  109 09:33:12    -2397.016228        0.770900
MDMin:  110 09:33:13    -2397.026462        1.088946
MDMin:  111 09:33:14    -2397.027670        0.704044
MDMin:  112 09:33:15    -2397.029805        0.421989
MDMin:  113 09:33:17    -2397.032858        0.413827
MDMin:  114 09:33:18    -2397.036562        0.403617
MDMin:  115 09:33:19    -2397.040821        0.391482
MDMin:  116 09:33:20    -2397.045578        0.377477
MDMin:  117 09:33:21    -2397.050766        0.361720
MDMin:  118 09:33:23    -2397.056314        0.344404
MDMin:  119 09:33:24    -2397.062151        0.325802
MDMin:  120 09:33:25    -2397.068204        0.306258
MDMin:  121 09:33:26    -2397.074405        0.286174
MDMin:  122 09:33:27    -2397.080688        0.265979
MDMin:  123 09:33:28    -2397.086995        0.246101
MDMin:  124 09:33:30    -2397.093270        0.226931
MDMin:  125 09:33:31    -2397.099465        0.215870
MDMin:  126 09:33:32    -2397.105537        0.210647
MDMin:  127 09:33:33    -2397.111446        0.212298
MDMin:  128 09:33:35    -2397.117160        0.222308
MDMin:  129 09:33:36    -2397.122650        0.235480
MDMin:  130 09:33:37    -2397.127891        0.252148
MDMin:  131 09:33:38    -2397.132097        0.490539
MDMin:  132 09:33:40    -2397.134829        0.658007
MDMin:  133 09:33:42    -2397.135211        0.372505
MDMin:  134 09:33:44    -2397.135809        0.286528
MDMin:  135 09:33:46    -2397.136573        0.290670
MDMin:  136 09:33:47    -2397.137461        0.295598
MDMin:  137 09:33:49    -2397.138466        0.301294
MDMin:  138 09:33:51    -2397.139331        0.431297
MDMin:  139 09:33:53    -2397.140493        0.312796
MDMin:  140 09:33:55    -2397.141456        0.318578
MDMin:  141 09:33:57    -2397.142518        0.324870
MDMin:  142 09:33:58    -2397.143361        0.404921
MDMin:  143 09:34:00    -2397.144628        0.336469
MDMin:  144 09:34:02    -2397.145598        0.341635
MDMin:  145 09:34:04    -2397.146653        0.346672
MDMin:  146 09:34:05    -2397.147582        0.377573
MDMin:  147 09:34:08    -2397.148753        0.354104
MDMin:  148 09:34:10    -2397.149698        0.356327
MDMin:  149 09:34:12    -2397.150722        0.357524
MDMin:  150 09:34:13    -2397.151820        0.357339
MDMin:  151 09:34:15    -2397.152752        0.355413
MDMin:  152 09:34:17    -2397.153998        0.352447
MDMin:  153 09:34:19    -2397.154951        0.347957
MDMin:  154 09:34:21    -2397.155980        0.341783
MDMin:  155 09:34:22    -2397.157081        0.333851
MDMin:  156 09:34:24    -2397.158251        0.324199
MDMin:  157 09:34:25    -2397.159272        0.313701
MDMin:  158 09:34:26    -2397.160577        0.321440
MDMin:  159 09:34:27    -2397.161572        0.330586
MDMin:  160 09:34:28    -2397.162653        0.340420
MDMin:  161 09:34:29    -2397.163815        0.350889
MDMin:  162 09:34:31    -2397.165052        0.361902
MDMin:  163 09:34:33    -2397.166357        0.373299
MDMin:  164 09:34:35    -2397.167701        0.384738
MDMin:  165 09:34:37    -2397.168909        0.483259
MDMin:  166 09:34:39    -2397.169479        0.399303
MDMin:  167 09:34:41    -2397.169825        0.402046
MDMin:  168 09:34:43    -2397.170249        0.405370
MDMin:  169 09:34:45    -2397.170745        0.409202
MDMin:  170 09:34:47    -2397.171313        0.413519
MDMin:  171 09:34:49    -2397.171955        0.418323
MDMin:  172 09:34:50    -2397.172670        0.423599
MDMin:  173 09:34:52    -2397.173462        0.429323
MDMin:  174 09:34:54    -2397.174333        0.435468
MDMin:  175 09:34:55    -2397.175284        0.442007
MDMin:  176 09:34:56    -2397.176321        0.448907
MDMin:  177 09:34:57    -2397.177448        0.456164
MDMin:  178 09:34:59    -2397.178672        0.463918
MDMin:  179 09:35:00    -2397.180001        0.472193
MDMin:  180 09:35:01    -2397.181445        0.480981
MDMin:  181 09:35:02    -2397.183015        0.490249
MDMin:  182 09:35:03    -2397.184722        0.499905
MDMin:  183 09:35:04    -2397.186546        0.509647
MDMin:  184 09:35:05    -2397.188300        0.518349
MDMin:  185 09:35:07    -2397.189381        0.523360
MDMin:  186 09:35:08    -2397.190022        0.526185
MDMin:  187 09:35:09    -2397.190793        0.529449
MDMin:  188 09:35:10    -2397.191703        0.533097
MDMin:  189 09:35:11    -2397.192763        0.537037
MDMin:  190 09:35:12    -2397.193984        0.541130
MDMin:  191 09:35:14    -2397.195381        0.545176
MDMin:  192 09:35:15    -2397.196972        0.548881
MDMin:  193 09:35:16    -2397.198778        0.551836
MDMin:  194 09:35:18    -2397.200823        0.553487
MDMin:  195 09:35:19    -2397.203138        0.562359
MDMin:  196 09:35:20    -2397.205758        0.573159
MDMin:  197 09:35:21    -2397.208722        0.584173
MDMin:  198 09:35:22    -2397.212079        0.595185
MDMin:  199 09:35:23    -2397.215878        0.605845
MDMin:  200 09:35:25    -2397.220175        0.615603
MDMin:  201 09:35:26    -2397.225022        0.623647
MDMin:  202 09:35:28    -2397.230465        0.628883
MDMin:  203 09:35:29    -2397.236506        0.629924
MDMin:  204 09:35:30    -2397.242906        0.625578
MDMin:  205 09:35:31    -2397.247836        0.836199
MDMin:  206 09:35:33    -2397.249373        0.615508
MDMin:  207 09:35:34    -2397.251487        0.611056
MDMin:  208 09:35:36    -2397.253946        0.605248
MDMin:  209 09:35:37    -2397.256773        0.597771
MDMin:  210 09:35:38    -2397.259974        0.588351
MDMin:  211 09:35:39    -2397.263551        0.576734
MDMin:  212 09:35:41    -2397.267501        0.562680
MDMin:  213 09:35:43    -2397.271817        0.546004
MDMin:  214 09:35:45    -2397.276485        0.526610
MDMin:  215 09:35:47    -2397.281479        0.504514
MDMin:  216 09:35:49    -2397.286762        0.479938
MDMin:  217 09:35:50    -2397.292264        0.453398
MDMin:  218 09:35:52    -2397.297777        0.426069
MDMin:  219 09:35:53    -2397.302442        0.615904
MDMin:  220 09:35:54    -2397.304508        0.392072
MDMin:  221 09:35:55    -2397.306023        0.384380
MDMin:  222 09:35:56    -2397.307790        0.375367
MDMin:  223 09:35:58    -2397.309800        0.365054
MDMin:  224 09:35:59    -2397.312037        0.353504
MDMin:  225 09:36:00    -2397.314481        0.340790
MDMin:  226 09:36:01    -2397.317111        0.327001
MDMin:  227 09:36:02    -2397.319898        0.312240
MDMin:  228 09:36:04    -2397.322813        0.296625
MDMin:  229 09:36:05    -2397.325822        0.289554
MDMin:  230 09:36:06    -2397.328890        0.295070
MDMin:  231 09:36:08    -2397.331979        0.301603
MDMin:  232 09:36:10    -2397.335051        0.309420
MDMin:  233 09:36:11    -2397.338070        0.318864
MDMin:  234 09:36:13    -2397.340992        0.330326
MDMin:  235 09:36:15    -2397.343729        0.343960
MDMin:  236 09:36:17    -2397.345818        0.595452
MDMin:  237 09:36:19    -2397.346500        0.361912
MDMin:  238 09:36:20    -2397.347196        0.367300
MDMin:  239 09:36:22    -2397.347976        0.373800
MDMin:  240 09:36:24    -2397.348832        0.381547
MDMin:  241 09:36:26    -2397.349754        0.390668
MDMin:  242 09:36:28    -2397.350731        0.401287
MDMin:  243 09:36:29    -2397.351752        0.413498
MDMin:  244 09:36:31    -2397.352808        0.427335
MDMin:  245 09:36:33    -2397.353887        0.442720
MDMin:  246 09:36:35    -2397.354982        0.459402
MDMin:  247 09:36:37    -2397.356083        0.476868
MDMin:  248 09:36:39    -2397.357186        0.494263
MDMin:  249 09:36:41    -2397.358282        0.510275
MDMin:  250 09:36:43    -2397.359355        0.523117
MDMin:  251 09:36:44    -2397.360338        0.530843
MDMin:  252 09:36:46    -2397.361012        0.533147
MDMin:  253 09:36:48    -2397.361359        0.533273
MDMin:  254 09:36:50    -2397.361735        0.532594
MDMin:  255 09:36:52    -2397.362161        0.530790
MDMin:  256 09:36:54    -2397.362634        0.527495
MDMin:  257 09:36:56    -2397.363155        0.522369
MDMin:  258 09:36:58    -2397.363720        0.515144
MDMin:  259 09:36:59    -2397.364331        0.505679
MDMin:  260 09:37:01    -2397.364754        0.494000
MDMin:  261 09:37:03    -2397.364580        0.480381
MDMin:  262 09:37:05    -2397.364351        0.465146
MDMin:  263 09:37:06    -2397.364068        0.448831
MDMin:  264 09:37:07    -2397.363732        0.432109
MDMin:  265 09:37:08    -2397.363357        0.416064
MDMin:  266 09:37:09    -2397.363023        0.480873
MDMin:  267 09:37:10    -2397.362857        0.398253
MDMin:  268 09:37:12    -2397.362700        0.393317
MDMin:  269 09:37:14    -2397.362519        0.387847
MDMin:  270 09:37:16    -2397.362310        0.381849
MDMin:  271 09:37:18    -2397.362073        0.375389
MDMin:  272 09:37:20    -2397.361808        0.368546
MDMin:  273 09:37:21    -2397.361515        0.361394
MDMin:  274 09:37:22    -2397.361196        0.354048
MDMin:  275 09:37:24    -2397.360850        0.354387
MDMin:  276 09:37:26    -2397.360482        0.356253
MDMin:  277 09:37:28    -2397.360095        0.358186
MDMin:  278 09:37:30    -2397.359701        0.360127
MDMin:  279 09:37:32    -2397.359336        0.361858
MDMin:  280 09:37:34    -2397.359100        0.362864
MDMin:  281 09:37:36    -2397.358877        0.747100
MDMin:  282 09:37:38    -2397.358916        0.730655
MDMin:  283 09:37:40    -2397.358924        0.363662
MDMin:  284 09:37:42    -2397.358892        0.363834
MDMin:  285 09:37:43    -2397.358796        0.709066
MDMin:  286 09:37:45    -2397.358837        0.364171
MDMin:  287 09:37:47    -2397.358787        0.698108
MDMin:  288 09:37:49    -2397.358812        0.364361
MDMin:  289 09:37:50    -2397.358781        0.689409
MDMin:  290 09:37:52    -2397.358794        0.364535
MDMin:  291 09:37:53    -2397.358781        0.364630
MDMin:  292 09:37:55    -2397.358710        0.683513
MDMin:  293 09:37:56    -2397.358758        0.364858
MDMin:  294 09:37:57    -2397.358717        0.674708
MDMin:  295 09:37:59    -2397.358748        0.365010
MDMin:  296 09:38:01    -2397.358726        0.667151
MDMin:  297 09:38:02    -2397.358743        0.365150
MDMin:  298 09:38:04    -2397.358736        0.365225
MDMin:  299 09:38:06    -2397.358681        0.662864
MDMin:  300 09:38:08    -2397.358729        0.365403
MDMin:  301 09:38:10    -2397.358701        0.655046
MDMin:  302 09:38:12    -2397.358731        0.365517
MDMin:  303 09:38:13    -2397.358722        0.648315
MDMin:  304 09:38:14    -2397.358736        0.365619
MDMin:  305 09:38:16    -2397.358735        0.365672
MDMin:  306 09:38:17    -2397.358698        0.645233
MDMin:  307 09:38:18    -2397.358741        0.365794
MDMin:  308 09:38:20    -2397.358728        0.638184
MDMin:  309 09:38:22    -2397.358752        0.365866
MDMin:  310 09:38:24    -2397.358753        0.365900
MDMin:  311 09:38:26    -2397.358716        0.635609
MDMin:  312 09:38:28    -2397.358767        0.365974
MDMin:  313 09:38:30    -2397.358751        0.628931
MDMin:  314 09:38:32    -2397.358782        0.366009
MDMin:  315 09:38:34    -2397.358786        0.366022
MDMin:  316 09:38:35    -2397.358748        0.626823
MDMin:  317 09:38:36    -2397.358805        0.366042
MDMin:  318 09:38:37    -2397.358788        0.620647
MDMin:  319 09:38:38    -2397.358825        0.366038
MDMin:  320 09:38:40    -2397.358827        0.620408
MDMin:  321 09:38:41    -2397.358847        0.366020
MDMin:  322 09:38:42    -2397.358854        0.366005
MDMin:  323 09:38:43    -2397.358837        0.621083
MDMin:  324 09:38:44    -2397.358883        0.365948
MDMin:  325 09:38:45    -2397.358883        0.620935
MDMin:  326 09:38:47    -2397.358908        0.365888
MDMin:  327 09:38:48    -2397.358917        0.365850
MDMin:  328 09:38:49    -2397.358899        0.621840
MDMin:  329 09:38:51    -2397.358950        0.365732
MDMin:  330 09:38:52    -2397.358949        0.621802
MDMin:  331 09:38:53    -2397.358979        0.365628
MDMin:  332 09:38:55    -2397.358988        0.365566
MDMin:  333 09:38:57    -2397.358971        0.622903
MDMin:  334 09:38:58    -2397.359025        0.365383
MDMin:  335 09:39:00    -2397.359023        0.622947
MDMin:  336 09:39:02    -2397.359057        0.365234
MDMin:  337 09:39:04    -2397.359068        0.365147
MDMin:  338 09:39:06    -2397.359049        0.624215
MDMin:  339 09:39:08    -2397.359108        0.364897
MDMin:  340 09:39:10    -2397.359103        0.624317
MDMin:  341 09:39:12    -2397.359142        0.364701
MDMin:  342 09:39:14    -2397.359154        0.364589
MDMin:  343 09:39:15    -2397.359134        0.625723
MDMin:  344 09:39:16    -2397.359198        0.364269
MDMin:  345 09:39:17    -2397.359190        0.625861
MDMin:  346 09:39:19    -2397.359234        0.364024
MDMin:  347 09:39:21    -2397.359244        0.626066
MDMin:  348 09:39:23    -2397.359272        0.363765
MDMin:  349 09:39:25    -2397.359285        0.363620
MDMin:  350 09:39:26    -2397.359282        0.627697
MDMin:  351 09:39:28    -2397.359335        0.363205
MDMin:  352 09:39:30    -2397.359341        0.627875
MDMin:  353 09:39:31    -2397.359375        0.362894
MDMin:  354 09:39:33    -2397.359389        0.362723
MDMin:  355 09:39:34    -2397.359382        0.629587
MDMin:  356 09:39:35    -2397.359441        0.362234
MDMin:  357 09:39:36    -2397.359443        0.629748
MDMin:  358 09:39:38    -2397.359483        0.361873
MDMin:  359 09:39:40    -2397.359498        0.361676
MDMin:  360 09:39:42    -2397.359486        0.631524
MDMin:  361 09:39:44    -2397.359552        0.361112
MDMin:  362 09:39:46    -2397.359547        0.631653
MDMin:  363 09:39:48    -2397.359595        0.360701
MDMin:  364 09:39:49    -2397.359607        0.631821
MDMin:  365 09:39:51    -2397.359640        0.360276
MDMin:  366 09:39:53    -2397.359656        0.360044
MDMin:  367 09:39:54    -2397.359655        0.633736
MDMin:  368 09:39:56    -2397.359715        0.359380
MDMin:  369 09:39:58    -2397.359719        0.633812
MDMin:  370 09:39:59    -2397.359761        0.358902
MDMin:  371 09:40:00    -2397.359778        0.358645
MDMin:  372 09:40:01    -2397.359769        0.635755
MDMin:  373 09:40:03    -2397.359839        0.357905
MDMin:  374 09:40:04    -2397.359833        0.635760
MDMin:  375 09:40:05    -2397.359886        0.357377
MDMin:  376 09:40:06    -2397.359896        0.635793
MDMin:  377 09:40:07    -2397.359935        0.356835
MDMin:  378 09:40:08    -2397.359953        0.356544
MDMin:  379 09:40:10    -2397.359950        0.637835
MDMin:  380 09:40:11    -2397.360018        0.355706
MDMin:  381 09:40:13    -2397.360016        0.637736
MDMin:  382 09:40:15    -2397.360068        0.355113
MDMin:  383 09:40:16    -2397.360080        0.637658
MDMin:  384 09:40:17    -2397.360119        0.354506
MDMin:  385 09:40:18    -2397.360138        0.354183
MDMin:  386 09:40:19    -2397.360137        0.639776
MDMin:  387 09:40:21    -2397.360207        0.353247
MDMin:  388 09:40:23    -2397.360204        0.639544
MDMin:  389 09:40:25    -2397.360259        0.352590
MDMin:  390 09:40:26    -2397.360270        0.639327
MDMin:  391 09:40:28    -2397.360314        0.351919
MDMin:  392 09:40:29    -2397.360333        0.351566
MDMin:  393 09:40:30    -2397.360330        0.641506
MDMin:  394 09:40:31    -2397.360402        0.639794
MDMin:  395 09:40:33    -2397.360479        0.349846
MDMin:  396 09:40:34    -2397.360503        0.349439
MDMin:  397 09:40:35    -2397.360539        0.640667
MDMin:  398 09:40:37    -2397.360584        0.348306
MDMin:  399 09:40:38    -2397.360605        0.347914
MDMin:  400 09:40:39    -2397.360605        0.642895
MDMin:  401 09:40:41    -2397.360678        0.640785
MDMin:  402 09:40:43    -2397.360761        0.346002
MDMin:  403 09:40:45    -2397.360786        0.345565
MDMin:  404 09:40:47    -2397.360819        0.641300
MDMin:  405 09:40:49    -2397.360871        0.344327
MDMin:  406 09:40:51    -2397.360891        0.640496
MDMin:  407 09:40:52    -2397.360935        0.343495
MDMin:  408 09:40:54    -2397.360958        0.343065
MDMin:  409 09:40:56    -2397.360961        0.642948
MDMin:  410 09:40:58    -2397.361034        0.640277
MDMin:  411 09:41:00    -2397.361127        0.340938
MDMin:  412 09:41:02    -2397.361153        0.340473
MDMin:  413 09:41:03    -2397.361181        0.640320
MDMin:  414 09:41:04    -2397.361245        0.339122
MDMin:  415 09:41:05    -2397.361255        0.639172
MDMin:  416 09:41:07    -2397.361313        0.338213
MDMin:  417 09:41:08    -2397.361329        0.638005
MDMin:  418 09:41:10    -2397.361383        0.337295
MDMin:  419 09:41:12    -2397.361404        0.636773
MDMin:  420 09:41:14    -2397.361455        0.336366
MDMin:  421 09:41:16    -2397.361479        0.635475
MDMin:  422 09:41:18    -2397.361528        0.335427
MDMin:  423 09:41:20    -2397.361554        0.334950
MDMin:  424 09:41:21    -2397.361557        0.638363
MDMin:  425 09:41:22    -2397.361632        0.634680
MDMin:  426 09:41:23    -2397.361748        0.332558
MDMin:  427 09:41:25    -2397.361776        0.332064
MDMin:  428 09:41:26    -2397.361788        0.634010
MDMin:  429 09:41:27    -2397.361864        0.629906
MDMin:  430 09:41:28    -2397.361983        0.329594
MDMin:  431 09:41:30    -2397.362012        0.329092
MDMin:  432 09:41:32    -2397.362025        0.629082
MDMin:  433 09:41:34    -2397.362101        0.624563
MDMin:  434 09:41:36    -2397.362231        0.326557
MDMin:  435 09:41:38    -2397.362260        0.617865
MDMin:  436 09:41:40    -2397.362319        0.325531
MDMin:  437 09:41:42    -2397.362343        0.615926
MDMin:  438 09:41:44    -2397.362409        0.324491
MDMin:  439 09:41:46    -2397.362427        0.613935
MDMin:  440 09:41:48    -2397.362500        0.323444
MDMin:  441 09:41:50    -2397.362510        0.611895
MDMin:  442 09:41:52    -2397.362590        0.606505
MDMin:  443 09:41:54    -2397.362718        0.321321
MDMin:  444 09:41:55    -2397.362752        0.320791
MDMin:  445 09:41:57    -2397.362769        0.605862
MDMin:  446 09:41:59    -2397.362849        0.600133
MDMin:  447 09:42:00    -2397.363011        0.588112
MDMin:  448 09:42:01    -2397.363224        0.316424
MDMin:  449 09:42:03    -2397.363263        0.315875
MDMin:  450 09:42:04    -2397.363289        0.581980
MDMin:  451 09:42:05    -2397.363372        0.575569
MDMin:  452 09:42:06    -2397.363541        0.562361
MDMin:  453 09:42:08    -2397.363798        0.311355
MDMin:  454 09:42:09    -2397.363814        0.547229
MDMin:  455 09:42:10    -2397.363903        0.540452
MDMin:  456 09:42:11    -2397.364081        0.526802
MDMin:  457 09:42:12    -2397.364355        0.506223
MDMin:  458 09:42:14    -2397.364731        0.479151
MDMin:  459 09:42:16    -2397.365221        0.446907
MDMin:  460 09:42:18    -2397.365835        0.411780
MDMin:  461 09:42:20    -2397.366586        0.384436
MDMin:  462 09:42:21    -2397.367482        0.371317
MDMin:  463 09:42:22    -2397.368532        0.357401
MDMin:  464 09:42:24    -2397.369741        0.343059
MDMin:  465 09:42:26    -2397.371110        0.328635
MDMin:  466 09:42:27    -2397.372636        0.314418
MDMin:  467 09:42:28    -2397.373581        0.264454
MDMin:  468 09:42:29    -2397.374181        0.256177
MDMin:  469 09:42:31    -2397.374525        0.262402
MDMin:  470 09:42:32    -2397.373563        0.283775
MDMin:  471 09:42:34    -2397.373340        0.259149
MDMin:  472 09:42:36    -2397.373135        0.250919
MDMin:  473 09:42:38    -2397.372971        0.250650
MDMin:  474 09:42:39    -2397.372868        0.250421
MDMin:  475 09:42:41    -2397.372846        0.250273
MDMin:  476 09:42:42    -2397.372915        0.250261
MDMin:  477 09:42:44    -2397.373080        0.250451
MDMin:  478 09:42:46    -2397.373339        0.250925
MDMin:  479 09:42:47    -2397.373682        0.251779
MDMin:  480 09:42:48    -2397.374097        0.253129
MDMin:  481 09:42:50    -2397.374571        0.255109
MDMin:  482 09:42:51    -2397.374585        0.647548
MDMin:  483 09:42:53    -2397.374612        0.641696
MDMin:  484 09:42:54    -2397.374695        0.624231
MDMin:  485 09:42:55    -2397.374839        0.595875
MDMin:  486 09:42:57    -2397.374892        0.259234
MDMin:  487 09:42:58    -2397.374904        0.259321
MDMin:  488 09:42:59    -2397.374942        0.259589
MDMin:  489 09:43:01    -2397.374958        0.575884
MDMin:  490 09:43:02    -2397.374987        0.260185
MDMin:  491 09:43:03    -2397.374988        0.571460
MDMin:  492 09:43:04    -2397.374981        0.260499
MDMin:  493 09:43:05    -2397.374998        0.260627
MDMin:  494 09:43:06    -2397.374999        0.571476
MDMin:  495 09:43:08    -2397.375018        0.261115
MDMin:  496 09:43:10    -2397.375035        0.261256
MDMin:  497 09:43:11    -2397.375001        0.572692
MDMin:  498 09:43:13    -2397.375054        0.564724
MDMin:  499 09:43:15    -2397.375007        0.262155
MDMin:  500 09:43:17    -2397.375019        0.262262
MDMin:  501 09:43:19    -2397.375056        0.262587
MDMin:  502 09:43:21    -2397.375088        0.565190
MDMin:  503 09:43:24    -2397.375097        0.263306
MDMin:  504 09:43:26    -2397.375115        0.263473
MDMin:  505 09:43:27    -2397.375087        0.567797
MDMin:  506 09:43:29    -2397.375135        0.264065
MDMin:  507 09:43:30    -2397.375126        0.562698
MDMin:  508 09:43:31    -2397.375126        0.264452
MDMin:  509 09:43:33    -2397.375142        0.264611
MDMin:  510 09:43:34    -2397.375144        0.562944
MDMin:  511 09:43:36    -2397.375159        0.265220
MDMin:  512 09:43:38    -2397.375176        0.265395
MDMin:  513 09:43:39    -2397.375154        0.564485
MDMin:  514 09:43:40    -2397.375194        0.266036
MDMin:  515 09:43:42    -2397.375194        0.559451
MDMin:  516 09:43:43    -2397.375185        0.266461
MDMin:  517 09:43:44    -2397.375200        0.266635
MDMin:  518 09:43:46    -2397.375215        0.559836
MDMin:  519 09:43:47    -2397.375217        0.267303
MDMin:  520 09:43:48    -2397.375233        0.267495
MDMin:  521 09:43:50    -2397.375226        0.561522
MDMin:  522 09:43:51    -2397.375250        0.268197
MDMin:  523 09:43:53    -2397.375266        0.268397
MDMin:  524 09:43:55    -2397.375237        0.563164
MDMin:  525 09:43:57    -2397.375283        0.269124
MDMin:  526 09:43:59    -2397.375278        0.558177
MDMin:  527 09:44:00    -2397.375273        0.269606
MDMin:  528 09:44:03    -2397.375289        0.269804
MDMin:  529 09:44:04    -2397.375300        0.558598
MDMin:  530 09:44:06    -2397.375304        0.270559
MDMin:  531 09:44:08    -2397.375320        0.270778
MDMin:  532 09:44:10    -2397.375313        0.560342
MDMin:  533 09:44:12    -2397.375336        0.271571
MDMin:  534 09:44:14    -2397.375352        0.271798
MDMin:  535 09:44:16    -2397.375325        0.562048
MDMin:  536 09:44:17    -2397.375368        0.272619
MDMin:  537 09:44:19    -2397.375366        0.557109
MDMin:  538 09:44:20    -2397.375358        0.273163
MDMin:  539 09:44:21    -2397.375373        0.273387
MDMin:  540 09:44:23    -2397.375389        0.557592
MDMin:  541 09:44:25    -2397.375387        0.274239
MDMin:  542 09:44:26    -2397.375403        0.274485
MDMin:  543 09:44:28    -2397.375403        0.559407
MDMin:  544 09:44:30    -2397.375418        0.275379
MDMin:  545 09:44:32    -2397.375434        0.275635
MDMin:  546 09:44:33    -2397.375415        0.561186
MDMin:  547 09:44:35    -2397.375449        0.276560
MDMin:  548 09:44:37    -2397.375457        0.556288
MDMin:  549 09:44:38    -2397.375438        0.277171
MDMin:  550 09:44:40    -2397.375453        0.277425
MDMin:  551 09:44:41    -2397.375481        0.556849
MDMin:  552 09:44:43    -2397.375467        0.278382
MDMin:  553 09:44:44    -2397.375483        0.278661
MDMin:  554 09:44:45    -2397.375495        0.558736
MDMin:  555 09:44:46    -2397.375497        0.279665
MDMin:  556 09:44:47    -2397.375513        0.279953
MDMin:  557 09:44:48    -2397.375508        0.560586
MDMin:  558 09:44:49    -2397.375528        0.280991
MDMin:  559 09:44:50    -2397.375543        0.281289
MDMin:  560 09:44:52    -2397.375520        0.562352
MDMin:  561 09:44:53    -2397.375558        0.282360
MDMin:  562 09:44:54    -2397.375562        0.557439
MDMin:  563 09:44:55    -2397.375546        0.283069
MDMin:  564 09:44:56    -2397.375561        0.283365
MDMin:  565 09:44:57    -2397.375585        0.558015
MDMin:  566 09:44:58    -2397.375574        0.284474
MDMin:  567 09:45:00    -2397.375590        0.284798
MDMin:  568 09:45:01    -2397.375599        0.559913
MDMin:  569 09:45:03    -2397.375604        0.285959
MDMin:  570 09:45:05    -2397.375620        0.286294
MDMin:  571 09:45:06    -2397.375611        0.561779
MDMin:  572 09:45:08    -2397.375634        0.287493
MDMin:  573 09:45:10    -2397.375649        0.287840
MDMin:  574 09:45:11    -2397.375623        0.563566
MDMin:  575 09:45:12    -2397.375663        0.289078
MDMin:  576 09:45:14    -2397.375665        0.558644
MDMin:  577 09:45:16    -2397.375651        0.289897
MDMin:  578 09:45:18    -2397.375666        0.290242
MDMin:  579 09:45:19    -2397.375687        0.559279
MDMin:  580 09:45:20    -2397.375679        0.291522
MDMin:  581 09:45:22    -2397.375695        0.291899
MDMin:  582 09:45:24    -2397.375700        0.561212
MDMin:  583 09:45:25    -2397.375708        0.293238
MDMin:  584 09:45:26    -2397.375724        0.293628
MDMin:  585 09:45:28    -2397.375711        0.563110
MDMin:  586 09:45:29    -2397.375737        0.295011
MDMin:  587 09:45:31    -2397.375753        0.295413
MDMin:  588 09:45:32    -2397.375722        0.564932
MDMin:  589 09:45:33    -2397.375767        0.296839
MDMin:  590 09:45:34    -2397.375764        0.559996
MDMin:  591 09:45:36    -2397.375754        0.297785
MDMin:  592 09:45:38    -2397.375769        0.298187
MDMin:  593 09:45:40    -2397.375785        0.560716
MDMin:  594 09:45:42    -2397.375781        0.299663
MDMin:  595 09:45:44    -2397.375797        0.300101
MDMin:  596 09:45:46    -2397.375797        0.562692
MDMin:  597 09:45:48    -2397.375810        0.301643
MDMin:  598 09:45:49    -2397.375826        0.302096
MDMin:  599 09:45:51    -2397.375808        0.564628
MDMin:  600 09:45:53    -2397.375839        0.303687
MDMin:  601 09:45:54    -2397.375849        0.559722
MDMin:  602 09:45:56    -2397.375827        0.304743
MDMin:  603 09:45:58    -2397.375842        0.305198
MDMin:  604 09:45:59    -2397.375870        0.560599
MDMin:  605 09:46:00    -2397.375854        0.306847
MDMin:  606 09:46:02    -2397.375870        0.307339
MDMin:  607 09:46:03    -2397.375881        0.562672
MDMin:  608 09:46:04    -2397.375882        0.309059
MDMin:  609 09:46:05    -2397.375899        0.309568
MDMin:  610 09:46:06    -2397.375892        0.564693
MDMin:  611 09:46:08    -2397.375911        0.311343
MDMin:  612 09:46:10    -2397.375927        0.311869
MDMin:  613 09:46:11    -2397.375901        0.566631
MDMin:  614 09:46:13    -2397.375940        0.313699
MDMin:  615 09:46:14    -2397.375943        0.561674
MDMin:  616 09:46:15    -2397.375927        0.314916
MDMin:  617 09:46:17    -2397.375943        0.315447
MDMin:  618 09:46:18    -2397.375962        0.562640
MDMin:  619 09:46:19    -2397.375955        0.317346
MDMin:  620 09:46:20    -2397.375971        0.317918
MDMin:  621 09:46:21    -2397.375972        0.564732
MDMin:  622 09:46:22    -2397.375983        0.319896
MDMin:  623 09:46:24    -2397.376000        0.320488
MDMin:  624 09:46:25    -2397.375981        0.566766
MDMin:  625 09:46:26    -2397.376012        0.322529
MDMin:  626 09:46:27    -2397.376022        0.561811
MDMin:  627 09:46:28    -2397.375999        0.323887
MDMin:  628 09:46:29    -2397.376015        0.324489
MDMin:  629 09:46:31    -2397.376040        0.562947
MDMin:  630 09:46:32    -2397.376026        0.326608
MDMin:  631 09:46:33    -2397.376043        0.327253
MDMin:  632 09:46:34    -2397.376050        0.565122
MDMin:  633 09:46:35    -2397.376055        0.329458
MDMin:  634 09:46:36    -2397.376071        0.330125
MDMin:  635 09:46:38    -2397.376058        0.567227
MDMin:  636 09:46:39    -2397.376083        0.332400
MDMin:  637 09:46:41    -2397.376100        0.562253
MDMin:  638 09:46:43    -2397.376070        0.333916
MDMin:  639 09:46:45    -2397.376087        0.334598
MDMin:  640 09:46:47    -2397.376116        0.563548
MDMin:  641 09:46:49    -2397.376098        0.336963
MDMin:  642 09:46:51    -2397.376115        0.337690
MDMin:  643 09:46:53    -2397.376125        0.565787
MDMin:  644 09:46:55    -2397.376126        0.340148
MDMin:  645 09:46:57    -2397.376143        0.340900
MDMin:  646 09:46:59    -2397.376133        0.567946
MDMin:  647 09:47:01    -2397.376155        0.343434
MDMin:  648 09:47:03    -2397.376172        0.344212
MDMin:  649 09:47:05    -2397.376140        0.570015
MDMin:  650 09:47:07    -2397.376183        0.346824
MDMin:  651 09:47:08    -2397.376181        0.564930
MDMin:  652 09:47:10    -2397.376171        0.348569
MDMin:  653 09:47:12    -2397.376187        0.349371
MDMin:  654 09:47:13    -2397.376196        0.566338
MDMin:  655 09:47:14    -2397.376198        0.352092
MDMin:  656 09:47:15    -2397.376216        0.352940
MDMin:  657 09:47:17    -2397.376203        0.568567
MDMin:  658 09:47:18    -2397.376227        0.355762
MDMin:  659 09:47:19    -2397.376244        0.356639
MDMin:  660 09:47:20    -2397.376209        0.570712
MDMin:  661 09:47:21    -2397.376256        0.359547
MDMin:  662 09:47:22    -2397.376251        0.565582
MDMin:  663 09:47:24    -2397.376243        0.361494
MDMin:  664 09:47:25    -2397.376260        0.362404
MDMin:  665 09:47:26    -2397.376263        0.567186
MDMin:  666 09:47:27    -2397.376271        0.365437
MDMin:  667 09:47:28    -2397.376288        0.366394
MDMin:  668 09:47:30    -2397.376270        0.569479
MDMin:  669 09:47:31    -2397.376299        0.369532
MDMin:  670 09:47:32    -2397.376312        0.564363
MDMin:  671 09:47:33    -2397.376287        0.371637
MDMin:  672 09:47:34    -2397.376304        0.372635
MDMin:  673 09:47:36    -2397.376315        0.374835
MDMin:  674 09:47:37    -2397.376254        0.378161
MDMin:  675 09:47:38    -2397.376141        0.382635
MDMin:  676 09:47:39    -2397.376094        0.603589
MDMin:  677 09:47:40    -2397.376150        0.594096
MDMin:  678 09:47:41    -2397.376109        0.391906
MDMin:  679 09:47:43    -2397.376126        0.392880
MDMin:  680 09:47:44    -2397.376165        0.395190
MDMin:  681 09:47:45    -2397.376156        0.593800
MDMin:  682 09:47:46    -2397.376201        0.400067
MDMin:  683 09:47:48    -2397.376191        0.588152
MDMin:  684 09:47:49    -2397.376192        0.402625
MDMin:  685 09:47:50    -2397.376212        0.403867
MDMin:  686 09:47:51    -2397.376191        0.589025
MDMin:  687 09:47:52    -2397.376227        0.407820
MDMin:  688 09:47:53    -2397.376230        0.583146
MDMin:  689 09:47:54    -2397.376217        0.410487
MDMin:  690 09:47:56    -2397.376238        0.411796
MDMin:  691 09:47:57    -2397.376231        0.584541
MDMin:  692 09:47:58    -2397.376252        0.415918
MDMin:  693 09:47:59    -2397.376272        0.578811
MDMin:  694 09:48:00    -2397.376242        0.418702
MDMin:  695 09:48:01    -2397.376263        0.420079
MDMin:  696 09:48:03    -2397.376274        0.580642
MDMin:  697 09:48:04    -2397.376276        0.424372
MDMin:  698 09:48:05    -2397.376297        0.425794
MDMin:  699 09:48:06    -2397.376274        0.582677
MDMin:  700 09:48:07    -2397.376310        0.430197
MDMin:  701 09:48:09    -2397.376315        0.576953
MDMin:  702 09:48:10    -2397.376301        0.433172
MDMin:  703 09:48:12    -2397.376322        0.434660
MDMin:  704 09:48:14    -2397.376308        0.437703
MDMin:  705 09:48:15    -2397.376254        0.589190
MDMin:  706 09:48:17    -2397.376242        0.443872
MDMin:  707 09:48:19    -2397.376265        0.445426
MDMin:  708 09:48:21    -2397.376255        0.589780
MDMin:  709 09:48:23    -2397.376279        0.450161
MDMin:  710 09:48:25    -2397.376296        0.583618
MDMin:  711 09:48:27    -2397.376271        0.453367
MDMin:  712 09:48:28    -2397.376293        0.454990
MDMin:  713 09:48:30    -2397.376294        0.585506
MDMin:  714 09:48:32    -2397.376307        0.459878
MDMin:  715 09:48:33    -2397.376329        0.461538
MDMin:  716 09:48:34    -2397.376276        0.464836
MDMin:  717 09:48:35    -2397.376224        0.597340
MDMin:  718 09:48:36    -2397.376250        0.471508
MDMin:  719 09:48:37    -2397.376270        0.589739
MDMin:  720 09:48:39    -2397.376243        0.474918
MDMin:  721 09:48:40    -2397.376267        0.476656
MDMin:  722 09:48:42    -2397.376264        0.591414
MDMin:  723 09:48:44    -2397.376281        0.481797
MDMin:  724 09:48:45    -2397.376305        0.584998
MDMin:  725 09:48:47    -2397.376274        0.485282
MDMin:  726 09:48:49    -2397.376298        0.487068
MDMin:  727 09:48:51    -2397.376301        0.587193
MDMin:  728 09:48:52    -2397.376312        0.492297
MDMin:  729 09:48:54    -2397.376336        0.494109
MDMin:  730 09:48:55    -2397.376297        0.589064
MDMin:  731 09:48:56    -2397.376350        0.499378
MDMin:  732 09:48:57    -2397.376340        0.582643
MDMin:  733 09:48:59    -2397.376342        0.502947
MDMin:  734 09:49:01    -2397.376366        0.504784
MDMin:  735 09:49:03    -2397.376315        0.508267
MDMin:  736 09:49:04    -2397.376266        0.595809
MDMin:  737 09:49:06    -2397.376282        0.515265
MDMin:  738 09:49:07    -2397.376308        0.517137
MDMin:  739 09:49:09    -2397.376266        0.595833
MDMin:  740 09:49:10    -2397.376323        0.522426
MDMin:  741 09:49:11    -2397.376308        0.588902
MDMin:  742 09:49:13    -2397.376317        0.525980
MDMin:  743 09:49:14    -2397.376342        0.527811
MDMin:  744 09:49:15    -2397.376300        0.591224
MDMin:  745 09:49:16    -2397.376356        0.532987
MDMin:  746 09:49:18    -2397.376344        0.584438
MDMin:  747 09:49:20    -2397.376349        0.536482
MDMin:  748 09:49:21    -2397.376375        0.538281
MDMin:  749 09:49:23    -2397.376338        0.587219
MDMin:  750 09:49:25    -2397.376387        0.543317
MDMin:  751 09:49:27    -2397.376384        0.580518
MDMin:  752 09:49:29    -2397.376379        0.546706
MDMin:  753 09:49:31    -2397.376405        0.548448
MDMin:  754 09:49:33    -2397.376352        0.551600
MDMin:  755 09:49:35    -2397.376306        0.594700
MDMin:  756 09:49:36    -2397.376316        0.557815
MDMin:  757 09:49:38    -2397.376344        0.559509
MDMin:  758 09:49:40    -2397.376307        0.594625
MDMin:  759 09:49:41    -2397.376358        0.564042
MDMin:  760 09:49:43    -2397.376353        0.587306
MDMin:  761 09:49:45    -2397.376352        0.567014
MDMin:  762 09:49:47    -2397.376379        0.568527
MDMin:  763 09:49:49    -2397.376343        0.590006
MDMin:  764 09:49:50    -2397.376391        0.572621
MDMin:  765 09:49:51    -2397.376390        0.582877
MDMin:  766 09:49:53    -2397.376384        0.575320
MDMin:  767 09:49:55    -2397.376411        0.576686
MDMin:  768 09:49:57    -2397.376382        0.586010
MDMin:  769 09:49:58    -2397.376422        0.580329
MDMin:  770 09:49:59    -2397.376430        0.581600
MDMin:  771 09:50:00    -2397.376414        0.582701
MDMin:  772 09:50:01    -2397.376441        0.583889
MDMin:  773 09:50:03    -2397.376397        0.585932
MDMin:  774 09:50:04    -2397.376349        0.593847
MDMin:  775 09:50:05    -2397.376346        0.589750
MDMin:  776 09:50:06    -2397.376376        0.590757
MDMin:  777 09:50:07    -2397.376350        0.593640
MDMin:  778 09:50:09    -2397.376389        0.593262
MDMin:  779 09:50:11    -2397.376397        0.594091
MDMin:  780 09:50:13    -2397.376382        0.594786
MDMin:  781 09:50:15    -2397.376410        0.595524
MDMin:  782 09:50:17    -2397.376386        0.596747
MDMin:  783 09:50:18    -2397.376420        0.597367
MDMin:  784 09:50:19    -2397.376434        0.597969
MDMin:  785 09:50:21    -2397.376413        0.598461
MDMin:  786 09:50:22    -2397.376440        0.598972
MDMin:  787 09:50:24    -2397.376425        0.599788
MDMin:  788 09:50:26    -2397.376449        0.600181
MDMin:  789 09:50:28    -2397.376475        0.600545
MDMin:  790 09:50:29    -2397.376441        0.600827
MDMin:  791 09:50:30    -2397.376469        0.601104
MDMin:  792 09:50:31    -2397.376455        0.601504
MDMin:  793 09:50:32    -2397.376390        0.601866
MDMin:  794 09:50:34    -2397.376369        0.601931
MDMin:  795 09:50:35    -2397.376399        0.601942
MDMin:  796 09:50:36    -2397.376390        0.601869
MDMin:  797 09:50:38    -2397.376411        0.601763
MDMin:  798 09:50:39    -2397.376438        0.601612
MDMin:  799 09:50:40    -2397.376403        0.601446
MDMin:  800 09:50:42    -2397.376431        0.601223
MDMin:  801 09:50:44    -2397.376425        0.600752
MDMin:  802 09:50:45    -2397.376440        0.600425
MDMin:  803 09:50:47    -2397.376468        0.600048
MDMin:  804 09:50:48    -2397.376417        0.599314
MDMin:  805 09:50:50    -2397.376477        0.598846
MDMin:  806 09:50:52    -2397.376465        0.598325
MDMin:  807 09:50:54    -2397.376469        0.597839
MDMin:  808 09:50:56    -2397.376496        0.597262
MDMin:  809 09:50:58    -2397.376438        0.596180
MDMin:  810 09:50:59    -2397.376372        0.597058
MDMin:  811 09:51:00    -2397.376396        0.593647
MDMin:  812 09:51:01    -2397.376426        0.592811
MDMin:  813 09:51:02    -2397.376368        0.596524
MDMin:  814 09:51:04    -2397.376437        0.590445
MDMin:  815 09:51:05    -2397.376414        0.589522
MDMin:  816 09:51:06    -2397.376429        0.588692
MDMin:  817 09:51:08    -2397.376454        0.587739
MDMin:  818 09:51:09    -2397.376420        0.586864
MDMin:  819 09:51:10    -2397.376447        0.585860
MDMin:  820 09:51:12    -2397.376439        0.585580
MDMin:  821 09:51:14    -2397.376454        0.582978
MDMin:  822 09:51:16    -2397.376482        0.581854
MDMin:  823 09:51:18    -2397.376430        0.587766
MDMin:  824 09:51:20    -2397.376489        0.578696
MDMin:  825 09:51:22    -2397.376477        0.580370
MDMin:  826 09:51:24    -2397.376479        0.576410
MDMin:  827 09:51:26    -2397.376506        0.575189
MDMin:  828 09:51:28    -2397.376464        0.583896
MDMin:  829 09:51:29    -2397.376512        0.571737
MDMin:  830 09:51:31    -2397.376511        0.576745
MDMin:  831 09:51:32    -2397.376501        0.569244
MDMin:  832 09:51:33    -2397.376527        0.567921
MDMin:  833 09:51:34    -2397.376499        0.580514
MDMin:  834 09:51:35    -2397.376532        0.564198
MDMin:  835 09:51:36    -2397.376547        0.573533
MDMin:  836 09:51:38    -2397.376520        0.561535
MDMin:  837 09:51:39    -2397.376545        0.560128
MDMin:  838 09:51:40    -2397.376536        0.577477
MDMin:  839 09:51:41    -2397.376549        0.556184
MDMin:  840 09:51:43    -2397.376575        0.554702
MDMin:  841 09:51:44    -2397.376492        0.552073
MDMin:  842 09:51:47    -2397.376449        0.591907
MDMin:  843 09:51:49    -2397.376469        0.546625
MDMin:  844 09:51:51    -2397.376496        0.545038
MDMin:  845 09:51:53    -2397.376444        0.591698
MDMin:  846 09:51:56    -2397.376503        0.540738
MDMin:  847 09:51:58    -2397.376486        0.584173
MDMin:  848 09:51:59    -2397.376492        0.537789
MDMin:  849 09:52:00    -2397.376517        0.536247
MDMin:  850 09:52:02    -2397.376469        0.587137
MDMin:  851 09:52:03    -2397.376522        0.531935
MDMin:  852 09:52:04    -2397.376512        0.579997
MDMin:  853 09:52:05    -2397.376510        0.528931
MDMin:  854 09:52:07    -2397.376535        0.527362
MDMin:  855 09:52:08    -2397.376496        0.583315
MDMin:  856 09:52:09    -2397.376539        0.522976
MDMin:  857 09:52:11    -2397.376539        0.576418
MDMin:  858 09:52:12    -2397.376526        0.519934
MDMin:  859 09:52:13    -2397.376550        0.518349
MDMin:  860 09:52:14    -2397.376524        0.579983
MDMin:  861 09:52:15    -2397.376553        0.513916
MDMin:  862 09:52:17    -2397.376568        0.573285
MDMin:  863 09:52:18    -2397.376540        0.510855
MDMin:  864 09:52:20    -2397.376563        0.509264
MDMin:  865 09:52:22    -2397.376554        0.577020
MDMin:  866 09:52:24    -2397.376565        0.504806
MDMin:  867 09:52:26    -2397.376588        0.503194
MDMin:  868 09:52:28    -2397.376544        0.579711
MDMin:  869 09:52:30    -2397.376591        0.498714
MDMin:  870 09:52:32    -2397.376587        0.573085
MDMin:  871 09:52:34    -2397.376577        0.495658
MDMin:  872 09:52:35    -2397.376599        0.494075
MDMin:  873 09:52:36    -2397.376573        0.576736
MDMin:  874 09:52:37    -2397.376600        0.489625
MDMin:  875 09:52:39    -2397.376616        0.570301
MDMin:  876 09:52:40    -2397.376586        0.486585
MDMin:  877 09:52:42    -2397.376607        0.485012
MDMin:  878 09:52:44    -2397.376602        0.574074
MDMin:  879 09:52:46    -2397.376608        0.480584
MDMin:  880 09:52:48    -2397.376629        0.479007
MDMin:  881 09:52:49    -2397.376569        0.476119
MDMin:  882 09:52:51    -2397.376512        0.588158
MDMin:  883 09:52:53    -2397.376522        0.470295
MDMin:  884 09:52:55    -2397.376544        0.468720
MDMin:  885 09:52:57    -2397.376503        0.588332
MDMin:  886 09:52:59    -2397.376548        0.464336
MDMin:  887 09:53:01    -2397.376540        0.581486
MDMin:  888 09:53:03    -2397.376534        0.461402
MDMin:  889 09:53:05    -2397.376555        0.459893
MDMin:  890 09:53:06    -2397.376520        0.584222
MDMin:  891 09:53:08    -2397.376557        0.455604
MDMin:  892 09:53:10    -2397.376558        0.577686
MDMin:  893 09:53:12    -2397.376543        0.452710
MDMin:  894 09:53:14    -2397.376563        0.451224
MDMin:  895 09:53:16    -2397.376540        0.580715
MDMin:  896 09:53:18    -2397.376565        0.446989
MDMin:  897 09:53:20    -2397.376578        0.574408
MDMin:  898 09:53:22    -2397.376550        0.444139
MDMin:  899 09:53:23    -2397.376570        0.442680
MDMin:  900 09:53:24    -2397.376561        0.577638
MDMin:  901 09:53:26    -2397.376570        0.438505
MDMin:  902 09:53:28    -2397.376590        0.437059
MDMin:  903 09:53:30    -2397.376545        0.580172
MDMin:  904 09:53:32    -2397.376591        0.432926
MDMin:  905 09:53:34    -2397.376582        0.573994
MDMin:  906 09:53:35    -2397.376575        0.430161
MDMin:  907 09:53:37    -2397.376594        0.428751
MDMin:  908 09:53:39    -2397.376565        0.577182
MDMin:  909 09:53:41    -2397.376595        0.424693
MDMin:  910 09:53:43    -2397.376602        0.571185
MDMin:  911 09:53:45    -2397.376578        0.421980
MDMin:  912 09:53:46    -2397.376597        0.420599
MDMin:  913 09:53:47    -2397.376586        0.574496
MDMin:  914 09:53:48    -2397.376596        0.416611
MDMin:  915 09:53:50    -2397.376615        0.415251
MDMin:  916 09:53:51    -2397.376571        0.577205
MDMin:  917 09:53:52    -2397.376615        0.411314
MDMin:  918 09:53:54    -2397.376607        0.571285
MDMin:  919 09:53:55    -2397.376598        0.408695
MDMin:  920 09:53:56    -2397.376616        0.407369
MDMin:  921 09:53:57    -2397.376591        0.574472
MDMin:  922 09:53:59    -2397.376615        0.403510
MDMin:  923 09:54:00    -2397.376627        0.568707
MDMin:  924 09:54:02    -2397.376597        0.400946
MDMin:  925 09:54:03    -2397.376615        0.399651
MDMin:  926 09:54:04    -2397.376612        0.571983
MDMin:  927 09:54:05    -2397.376613        0.395869
MDMin:  928 09:54:07    -2397.376630        0.394597
MDMin:  929 09:54:09    -2397.376596        0.574775
MDMin:  930 09:54:10    -2397.376629        0.390871
MDMin:  931 09:54:11    -2397.376631        0.569062
MDMin:  932 09:54:13    -2397.376611        0.388405
MDMin:  933 09:54:14    -2397.376628        0.387165
MDMin:  934 09:54:16    -2397.376615        0.572179
MDMin:  935 09:54:17    -2397.376626        0.383519
MDMin:  936 09:54:19    -2397.376642        0.382303
MDMin:  937 09:54:21    -2397.376599        0.574912
MDMin:  938 09:54:23    -2397.376640        0.378715
MDMin:  939 09:54:25    -2397.376633        0.569264
MDMin:  940 09:54:27    -2397.376622        0.376346
MDMin:  941 09:54:29    -2397.376638        0.375162
MDMin:  942 09:54:30    -2397.376617        0.572248
MDMin:  943 09:54:31    -2397.376636        0.371653
MDMin:  944 09:54:33    -2397.376651        0.566742
MDMin:  945 09:54:34    -2397.376617        0.369339
MDMin:  946 09:54:36    -2397.376633        0.368186
MDMin:  947 09:54:38    -2397.376636        0.569809
MDMin:  948 09:54:40    -2397.376630        0.364756
MDMin:  949 09:54:42    -2397.376646        0.363627
MDMin:  950 09:54:44    -2397.376619        0.572612
MDMin:  951 09:54:46    -2397.376643        0.360256
MDMin:  952 09:54:48    -2397.376653        0.567144
MDMin:  953 09:54:49    -2397.376624        0.358038
MDMin:  954 09:54:50    -2397.376639        0.356939
MDMin:  955 09:54:51    -2397.376637        0.570049
MDMin:  956 09:54:53    -2397.376635        0.353646
MDMin:  957 09:54:54    -2397.376650        0.352571
MDMin:  958 09:54:55    -2397.376620        0.572790
MDMin:  959 09:54:57    -2397.376647        0.349335
MDMin:  960 09:54:58    -2397.376652        0.567372
MDMin:  961 09:54:59    -2397.376628        0.347211
MDMin:  962 09:55:00    -2397.376642        0.346166
MDMin:  963 09:55:01    -2397.376636        0.570142
MDMin:  964 09:55:03    -2397.376639        0.343007
MDMin:  965 09:55:04    -2397.376653        0.341984
MDMin:  966 09:55:05    -2397.376618        0.572840
MDMin:  967 09:55:06    -2397.376650        0.338881
MDMin:  968 09:55:07    -2397.376649        0.567476
MDMin:  969 09:55:09    -2397.376630        0.336848
MDMin:  970 09:55:11    -2397.376644        0.335854
MDMin:  971 09:55:13    -2397.376633        0.570128
MDMin:  972 09:55:14    -2397.376640        0.332828
MDMin:  973 09:55:16    -2397.376654        0.331855
MDMin:  974 09:55:17    -2397.376615        0.572796
MDMin:  975 09:55:18    -2397.376650        0.331416
MDMin:  976 09:55:19    -2397.376645        0.567486
MDMin:  977 09:55:20    -2397.376630        0.331442
MDMin:  978 09:55:21    -2397.376643        0.331453
MDMin:  979 09:55:23    -2397.376629        0.570032
MDMin:  980 09:55:24    -2397.376639        0.331489
MDMin:  981 09:55:25    -2397.376653        0.331498
MDMin:  982 09:55:26    -2397.376610        0.572676
MDMin:  983 09:55:27    -2397.376648        0.331527
MDMin:  984 09:55:29    -2397.376640        0.567420
MDMin:  985 09:55:30    -2397.376628        0.331540
MDMin:  986 09:55:32    -2397.376641        0.331546
MDMin:  987 09:55:34    -2397.376624        0.569867
MDMin:  988 09:55:36    -2397.376636        0.331566
MDMin:  989 09:55:38    -2397.376650        0.331571
MDMin:  990 09:55:40    -2397.376604        0.572492
MDMin:  991 09:55:42    -2397.376645        0.331586
MDMin:  992 09:55:44    -2397.376633        0.567287
MDMin:  993 09:55:46    -2397.376624        0.331592
MDMin:  994 09:55:47    -2397.376637        0.331594
MDMin:  995 09:55:48    -2397.376617        0.569642
MDMin:  996 09:55:50    -2397.376632        0.331604
MDMin:  997 09:55:51    -2397.376645        0.331606
MDMin:  998 09:55:53    -2397.376597        0.572250
MDMin:  999 09:55:55    -2397.376640        0.331612
MDMin:  1000 09:55:57    -2397.376626        0.567095
MDMin:  1001 09:55:59    -2397.376618        0.331613
MDMin:  1002 09:56:00    -2397.376631        0.331614
MDMin:  1003 09:56:02    -2397.376609        0.569363
MDMin:  1004 09:56:03    -2397.376625        0.331617
MDMin:  1005 09:56:04    -2397.376638        0.331617
MDMin:  1006 09:56:06    -2397.376589        0.571957
MDMin:  1007 09:56:07    -2397.376633        0.331619
MDMin:  1008 09:56:08    -2397.376617        0.566848
MDMin:  1009 09:56:09    -2397.376611        0.331618
MDMin:  1010 09:56:10    -2397.376623        0.331617
MDMin:  1011 09:56:12    -2397.376601        0.569034
MDMin:  1012 09:56:13    -2397.376617        0.331618
MDMin:  1013 09:56:14    -2397.376629        0.564043
MDMin:  1014 09:56:16    -2397.376596        0.331617
MDMin:  1015 09:56:18    -2397.376607        0.331616
MDMin:  1016 09:56:20    -2397.376614        0.566333
MDMin:  1017 09:56:22    -2397.376601        0.331617
MDMin:  1018 09:56:23    -2397.376613        0.331616
MDMin:  1019 09:56:24    -2397.376593        0.569030
MDMin:  1020 09:56:26    -2397.376607        0.331617
MDMin:  1021 09:56:27    -2397.376619        0.331616
MDMin:  1022 09:56:29    -2397.376572        0.571557
MDMin:  1023 09:56:31    -2397.376613        0.331618
MDMin:  1024 09:56:33    -2397.376599        0.566513
MDMin:  1025 09:56:35    -2397.376591        0.331617
MDMin:  1026 09:56:37    -2397.376602        0.331617
MDMin:  1027 09:56:38    -2397.376583        0.568509
MDMin:  1028 09:56:40    -2397.376596        0.331620
MDMin:  1029 09:56:42    -2397.376607        0.331620
MDMin:  1030 09:56:43    -2397.376561        0.571036
MDMin:  1031 09:56:45    -2397.376601        0.331624
MDMin:  1032 09:56:46    -2397.376588        0.566039
MDMin:  1033 09:56:47    -2397.376579        0.331626
MDMin:  1034 09:56:48    -2397.376590        0.331626
MDMin:  1035 09:56:50    -2397.376571        0.567979
MDMin:  1036 09:56:51    -2397.376583        0.331633
MDMin:  1037 09:56:52    -2397.376594        0.331634
MDMin:  1038 09:56:54    -2397.376549        0.570506
MDMin:  1039 09:56:56    -2397.376588        0.331642
MDMin:  1040 09:56:58    -2397.376576        0.565551
MDMin:  1041 09:57:00    -2397.376565        0.331646
MDMin:  1042 09:57:02    -2397.376576        0.331648
MDMin:  1043 09:57:04    -2397.376560        0.567433
MDMin:  1044 09:57:05    -2397.376569        0.331658
MDMin:  1045 09:57:06    -2397.376580        0.331660
MDMin:  1046 09:57:07    -2397.376537        0.569957
MDMin:  1047 09:57:09    -2397.376573        0.331672
MDMin:  1048 09:57:11    -2397.376564        0.565040
MDMin:  1049 09:57:13    -2397.376550        0.331679
MDMin:  1050 09:57:15    -2397.376561        0.331682
MDMin:  1051 09:57:17    -2397.376547        0.566866
MDMin:  1052 09:57:19    -2397.376553        0.331696
MDMin:  1053 09:57:21    -2397.376564        0.331700
MDMin:  1054 09:57:23    -2397.376525        0.569385
MDMin:  1055 09:57:24    -2397.376557        0.331716
MDMin:  1056 09:57:26    -2397.376551        0.564503
MDMin:  1057 09:57:28    -2397.376534        0.331725
MDMin:  1058 09:57:30    -2397.376544        0.331730
MDMin:  1059 09:57:32    -2397.376535        0.566274
MDMin:  1060 09:57:34    -2397.376536        0.331748
MDMin:  1061 09:57:36    -2397.376546        0.331752
MDMin:  1062 09:57:38    -2397.376512        0.568786
MDMin:  1063 09:57:39    -2397.376539        0.331772
MDMin:  1064 09:57:41    -2397.376538        0.563938
MDMin:  1065 09:57:43    -2397.376516        0.331783
MDMin:  1066 09:57:44    -2397.376526        0.331788
MDMin:  1067 09:57:45    -2397.376521        0.565655
MDMin:  1068 09:57:46    -2397.376518        0.331809
MDMin:  1069 09:57:48    -2397.376528        0.331815
MDMin:  1070 09:57:50    -2397.376498        0.568161
MDMin:  1071 09:57:52    -2397.376520        0.331837
MDMin:  1072 09:57:54    -2397.376524        0.563344
MDMin:  1073 09:57:56    -2397.376497        0.331850
MDMin:  1074 09:57:57    -2397.376506        0.331855
MDMin:  1075 09:57:58    -2397.376508        0.565011
MDMin:  1076 09:58:00    -2397.376498        0.331878
MDMin:  1077 09:58:01    -2397.376508        0.331884
MDMin:  1078 09:58:02    -2397.376484        0.567509
MDMin:  1079 09:58:04    -2397.376500        0.331907
MDMin:  1080 09:58:06    -2397.376509        0.562722
MDMin:  1081 09:58:08    -2397.376476        0.331920
MDMin:  1082 09:58:09    -2397.376486        0.331926
MDMin:  1083 09:58:11    -2397.376493        0.564341
MDMin:  1084 09:58:13    -2397.376477        0.331948
MDMin:  1085 09:58:14    -2397.376487        0.331954
MDMin:  1086 09:58:16    -2397.376470        0.566832
MDMin:  1087 09:58:17    -2397.376478        0.331976
MDMin:  1088 09:58:18    -2397.376488        0.331982
MDMin:  1089 09:58:19    -2397.376446        0.569193
MDMin:  1090 09:58:20    -2397.376480        0.332003
MDMin:  1091 09:58:21    -2397.376470        0.564363
MDMin:  1092 09:58:23    -2397.376456        0.332015
MDMin:  1093 09:58:24    -2397.376465        0.332019
MDMin:  1094 09:58:25    -2397.376453        0.565783
MDMin:  1095 09:58:26    -2397.376456        0.332038
MDMin:  1096 09:58:28    -2397.376466        0.332043
MDMin:  1097 09:58:29    -2397.376429        0.568156
MDMin:  1098 09:58:30    -2397.376457        0.332060
MDMin:  1099 09:58:32    -2397.376453        0.563372
MDMin:  1100 09:58:33    -2397.376433        0.332069
MDMin:  1101 09:58:34    -2397.376442        0.332072
MDMin:  1102 09:58:35    -2397.376436        0.564785
MDMin:  1103 09:58:36    -2397.376433        0.332085
MDMin:  1104 09:58:37    -2397.376442        0.332088
MDMin:  1105 09:58:39    -2397.376411        0.567181
MDMin:  1106 09:58:41    -2397.376434        0.332098
MDMin:  1107 09:58:42    -2397.376435        0.562437
MDMin:  1108 09:58:44    -2397.376409        0.332101
MDMin:  1109 09:58:45    -2397.376418        0.332102
MDMin:  1110 09:58:47    -2397.376419        0.563833
MDMin:  1111 09:58:49    -2397.376409        0.332107
MDMin:  1112 09:58:51    -2397.376417        0.332107
MDMin:  1113 09:58:53    -2397.376394        0.566242
MDMin:  1114 09:58:55    -2397.376409        0.332107
MDMin:  1115 09:58:56    -2397.376418        0.332105
MDMin:  1116 09:58:59    -2397.376369        0.568536
MDMin:  1117 09:59:00    -2397.376409        0.332100
MDMin:  1118 09:59:02    -2397.376392        0.563756
MDMin:  1119 09:59:04    -2397.376384        0.332093
MDMin:  1120 09:59:06    -2397.376393        0.332089
MDMin:  1121 09:59:07    -2397.376375        0.564983
MDMin:  1122 09:59:09    -2397.376383        0.332076
MDMin:  1123 09:59:11    -2397.376392        0.332070
MDMin:  1124 09:59:13    -2397.376349        0.567291
MDMin:  1125 09:59:14    -2397.376383        0.332050
MDMin:  1126 09:59:15    -2397.376372        0.562559
MDMin:  1127 09:59:17    -2397.376358        0.332032
MDMin:  1128 09:59:19    -2397.376367        0.332024
MDMin:  1129 09:59:22    -2397.376355        0.563795
MDMin:  1130 09:59:24    -2397.376357        0.331992
MDMin:  1131 09:59:26    -2397.376365        0.331981
MDMin:  1132 09:59:27    -2397.376330        0.566134
MDMin:  1133 09:59:30    -2397.376356        0.331941
MDMin:  1134 09:59:31    -2397.376353        0.561443
MDMin:  1135 09:59:33    -2397.376331        0.331910
MDMin:  1136 09:59:35    -2397.376339        0.331895
MDMin:  1137 09:59:36    -2397.376336        0.562674
MDMin:  1138 09:59:38    -2397.376329        0.331842
MDMin:  1139 09:59:39    -2397.376337        0.331824
MDMin:  1140 09:59:40    -2397.376311        0.565032
MDMin:  1141 09:59:41    -2397.376328        0.331760
MDMin:  1142 09:59:42    -2397.376333        0.560377
MDMin:  1143 09:59:44    -2397.376303        0.331713
MDMin:  1144 09:59:46    -2397.376310        0.331692
MDMin:  1145 09:59:48    -2397.376317        0.561593
MDMin:  1146 09:59:50    -2397.376300        0.331613
MDMin:  1147 09:59:52    -2397.376308        0.331588
MDMin:  1148 09:59:53    -2397.376291        0.563962
MDMin:  1149 09:59:55    -2397.376298        0.331497
MDMin:  1150 09:59:56    -2397.376307        0.331468
MDMin:  1151 09:59:58    -2397.376265        0.566230
MDMin:  1152 10:00:00    -2397.376297        0.331366
MDMin:  1153 10:00:02    -2397.376287        0.561536
MDMin:  1154 10:00:04    -2397.376272        0.331293
MDMin:  1155 10:00:05    -2397.376279        0.331260
MDMin:  1156 10:00:07    -2397.376269        0.562587
MDMin:  1157 10:00:09    -2397.376269        0.331140
MDMin:  1158 10:00:10    -2397.376277        0.331103
MDMin:  1159 10:00:12    -2397.376243        0.564853
MDMin:  1160 10:00:13    -2397.376267        0.330968
MDMin:  1161 10:00:15    -2397.376265        0.560207
MDMin:  1162 10:00:16    -2397.376242        0.330874
MDMin:  1163 10:00:18    -2397.376249        0.330832
MDMin:  1164 10:00:20    -2397.376248        0.561268
MDMin:  1165 10:00:22    -2397.376238        0.330679
MDMin:  1166 10:00:24    -2397.376246        0.330631
MDMin:  1167 10:00:25    -2397.376222        0.563565
MDMin:  1168 10:00:27    -2397.376236        0.330461
MDMin:  1169 10:00:28    -2397.376243        0.330409
MDMin:  1170 10:00:29    -2397.376195        0.565774
MDMin:  1171 10:00:30    -2397.376233        0.330224
MDMin:  1172 10:00:31    -2397.376216        0.561100
MDMin:  1173 10:00:32    -2397.376208        0.330096
MDMin:  1174 10:00:34    -2397.376215        0.330040
MDMin:  1175 10:00:35    -2397.376199        0.562017
MDMin:  1176 10:00:36    -2397.376204        0.329834
MDMin:  1177 10:00:37    -2397.376212        0.329771
MDMin:  1178 10:00:38    -2397.376172        0.564227
MDMin:  1179 10:00:39    -2397.376202        0.329546
MDMin:  1180 10:00:41    -2397.376193        0.559606
MDMin:  1181 10:00:42    -2397.376176        0.329391
MDMin:  1182 10:00:44    -2397.376183        0.329324
MDMin:  1183 10:00:46    -2397.376176        0.560543
MDMin:  1184 10:00:48    -2397.376172        0.329077
MDMin:  1185 10:00:49    -2397.376179        0.329001
MDMin:  1186 10:00:51    -2397.376149        0.562791
MDMin:  1187 10:00:53    -2397.376169        0.328733
MDMin:  1188 10:00:55    -2397.376171        0.558215
MDMin:  1189 10:00:57    -2397.376143        0.328549
MDMin:  1190 10:00:58    -2397.376150        0.328470
MDMin:  1191 10:01:00    -2397.376154        0.559154
MDMin:  1192 10:01:02    -2397.376138        0.328178
MDMin:  1193 10:01:04    -2397.376145        0.328090
MDMin:  1194 10:01:05    -2397.376127        0.561426
MDMin:  1195 10:01:06    -2397.376135        0.327775
MDMin:  1196 10:01:08    -2397.376142        0.327681
MDMin:  1197 10:01:10    -2397.376099        0.563621
MDMin:  1198 10:01:11    -2397.376131        0.327347
MDMin:  1199 10:01:12    -2397.376120        0.559017
MDMin:  1200 10:01:14    -2397.376106        0.327120
MDMin:  1201 10:01:16    -2397.376112        0.327024
MDMin:  1202 10:01:17    -2397.376103        0.559802
MDMin:  1203 10:01:18    -2397.376101        0.326665
MDMin:  1204 10:01:20    -2397.376108        0.326558
MDMin:  1205 10:01:21    -2397.376076        0.561981
MDMin:  1206 10:01:22    -2397.376097        0.326173
MDMin:  1207 10:01:23    -2397.376096        0.557428
MDMin:  1208 10:01:25    -2397.376071        0.325913
MDMin:  1209 10:01:26    -2397.376077        0.325805
MDMin:  1210 10:01:27    -2397.376079        0.558228
MDMin:  1211 10:01:29    -2397.376065        0.325395
MDMin:  1212 10:01:31    -2397.376072        0.325274
MDMin:  1213 10:01:33    -2397.376052        0.560442
MDMin:  1214 10:01:35    -2397.376061        0.324836
MDMin:  1215 10:01:37    -2397.376068        0.324709
MDMin:  1216 10:01:39    -2397.376024        0.562594
MDMin:  1217 10:01:41    -2397.376057        0.324249
MDMin:  1218 10:01:43    -2397.376044        0.558021
MDMin:  1219 10:01:45    -2397.376031        0.323941
MDMin:  1220 10:01:47    -2397.376037        0.323814
MDMin:  1221 10:01:48    -2397.376027        0.558676
MDMin:  1222 10:01:49    -2397.376025        0.323331
MDMin:  1223 10:01:51    -2397.376032        0.323188
MDMin:  1224 10:01:52    -2397.375999        0.560807
MDMin:  1225 10:01:53    -2397.376021        0.322674
MDMin:  1226 10:01:54    -2397.376020        0.556289
MDMin:  1227 10:01:55    -2397.375995        0.322330
MDMin:  1228 10:01:56    -2397.376001        0.322189
MDMin:  1229 10:01:57    -2397.376003        0.556963
MDMin:  1230 10:01:59    -2397.375989        0.321651
MDMin:  1231 10:02:00    -2397.375995        0.321494
MDMin:  1232 10:02:01    -2397.375975        0.559132
MDMin:  1233 10:02:02    -2397.375984        0.320923
MDMin:  1234 10:02:03    -2397.375990        0.320759
MDMin:  1235 10:02:04    -2397.375947        0.561252
MDMin:  1236 10:02:06    -2397.375979        0.320166
MDMin:  1237 10:02:07    -2397.375967        0.556721
MDMin:  1238 10:02:08    -2397.375953        0.319769
MDMin:  1239 10:02:09    -2397.375959        0.319610
MDMin:  1240 10:02:11    -2397.375949        0.557250
MDMin:  1241 10:02:12    -2397.375946        0.318994
MDMin:  1242 10:02:13    -2397.375953        0.318816
MDMin:  1243 10:02:14    -2397.375922        0.559338
MDMin:  1244 10:02:15    -2397.375941        0.318165
MDMin:  1245 10:02:17    -2397.375942        0.554864
MDMin:  1246 10:02:18    -2397.375915        0.317731
MDMin:  1247 10:02:19    -2397.375921        0.317559
MDMin:  1248 10:02:20    -2397.375925        0.555410
MDMin:  1249 10:02:21    -2397.375908        0.316886
MDMin:  1250 10:02:23    -2397.375914        0.316692
MDMin:  1251 10:02:24    -2397.375897        0.557539
MDMin:  1252 10:02:25    -2397.375902        0.315983
MDMin:  1253 10:02:26    -2397.375909        0.315783
MDMin:  1254 10:02:27    -2397.375869        0.559633
MDMin:  1255 10:02:29    -2397.375897        0.315050
MDMin:  1256 10:02:30    -2397.375888        0.555149
MDMin:  1257 10:02:31    -2397.375871        0.314564
MDMin:  1258 10:02:32    -2397.375876        0.314374
MDMin:  1259 10:02:33    -2397.375871        0.555549
MDMin:  1260 10:02:34    -2397.375863        0.313623
MDMin:  1261 10:02:36    -2397.375870        0.313408
MDMin:  1262 10:02:37    -2397.375843        0.557596
MDMin:  1263 10:02:39    -2397.375858        0.312619
MDMin:  1264 10:02:41    -2397.375863        0.553170
MDMin:  1265 10:02:43    -2397.375831        0.312096
MDMin:  1266 10:02:45    -2397.375837        0.311893
MDMin:  1267 10:02:47    -2397.375847        0.553585
MDMin:  1268 10:02:49    -2397.375824        0.311086
MDMin:  1269 10:02:51    -2397.375829        0.310857
MDMin:  1270 10:02:53    -2397.375819        0.555673
MDMin:  1271 10:02:55    -2397.375817        0.310010
MDMin:  1272 10:02:57    -2397.375823        0.309775
MDMin:  1273 10:02:58    -2397.375790        0.557744
MDMin:  1274 10:03:00    -2397.375811        0.308904
MDMin:  1275 10:03:02    -2397.375809        0.553312
MDMin:  1276 10:03:04    -2397.375785        0.308331
MDMin:  1277 10:03:06    -2397.375790        0.308112
MDMin:  1278 10:03:08    -2397.375793        0.553576
MDMin:  1279 10:03:09    -2397.375777        0.307230
MDMin:  1280 10:03:11    -2397.375783        0.306982
MDMin:  1281 10:03:13    -2397.375766        0.555581
MDMin:  1282 10:03:15    -2397.375771        0.306058
MDMin:  1283 10:03:17    -2397.375776        0.305804
MDMin:  1284 10:03:19    -2397.375736        0.557587
MDMin:  1285 10:03:21    -2397.375764        0.304857
MDMin:  1286 10:03:23    -2397.375755        0.553157
MDMin:  1287 10:03:24    -2397.375738        0.304234
MDMin:  1288 10:03:26    -2397.375743        0.304002
MDMin:  1289 10:03:28    -2397.375739        0.553291
MDMin:  1290 10:03:29    -2397.375730        0.303048
MDMin:  1291 10:03:31    -2397.375735        0.302782
MDMin:  1292 10:03:32    -2397.375711        0.555232
MDMin:  1293 10:03:33    -2397.375723        0.301785
MDMin:  1294 10:03:34    -2397.375729        0.301513
MDMin:  1295 10:03:36    -2397.375682        0.557191
MDMin:  1296 10:03:38    -2397.375717        0.300494
MDMin:  1297 10:03:39    -2397.375700        0.552772
MDMin:  1298 10:03:41    -2397.375690        0.299828
MDMin:  1299 10:03:42    -2397.375695        0.299583
MDMin:  1300 10:03:43    -2397.375685        0.552787
MDMin:  1301 10:03:44    -2397.375681        0.298567
MDMin:  1302 10:03:45    -2397.375687        0.298286
MDMin:  1303 10:03:46    -2397.375657        0.554674
MDMin:  1304 10:03:47    -2397.375674        0.297225
MDMin:  1305 10:03:49    -2397.375675        0.550323
MDMin:  1306 10:03:51    -2397.375648        0.296531
MDMin:  1307 10:03:52    -2397.375652        0.296279
MDMin:  1308 10:03:54    -2397.375661        0.550367
MDMin:  1309 10:03:56    -2397.375639        0.295221
MDMin:  1310 10:03:58    -2397.375644        0.294931
MDMin:  1311 10:04:00    -2397.375633        0.552310
MDMin:  1312 10:04:01    -2397.375631        0.293828
MDMin:  1313 10:04:03    -2397.375637        0.293533
MDMin:  1314 10:04:05    -2397.375604        0.554288
MDMin:  1315 10:04:07    -2397.375624        0.292412
MDMin:  1316 10:04:09    -2397.375622        0.549949
MDMin:  1317 10:04:10    -2397.375598        0.291682
MDMin:  1318 10:04:11    -2397.375602        0.291423
MDMin:  1319 10:04:13    -2397.375608        0.549850
MDMin:  1320 10:04:14    -2397.375588        0.290315
MDMin:  1321 10:04:16    -2397.375593        0.290014
MDMin:  1322 10:04:18    -2397.375581        0.551719
MDMin:  1323 10:04:20    -2397.375581        0.288859
MDMin:  1324 10:04:22    -2397.375586        0.288553
MDMin:  1325 10:04:24    -2397.375551        0.553644
MDMin:  1326 10:04:25    -2397.375573        0.287382
MDMin:  1327 10:04:27    -2397.375570        0.549316
MDMin:  1328 10:04:29    -2397.375547        0.286620
MDMin:  1329 10:04:30    -2397.375551        0.286356
MDMin:  1330 10:04:32    -2397.375555        0.549090
MDMin:  1331 10:04:34    -2397.375537        0.285204
MDMin:  1332 10:04:36    -2397.375542        0.284895
MDMin:  1333 10:04:38    -2397.375528        0.550900
MDMin:  1334 10:04:39    -2397.375529        0.283694
MDMin:  1335 10:04:41    -2397.375534        0.283379
MDMin:  1336 10:04:43    -2397.375499        0.552785
MDMin:  1337 10:04:44    -2397.375522        0.282163
MDMin:  1338 10:04:45    -2397.375517        0.548475
MDMin:  1339 10:04:47    -2397.375495        0.281373
MDMin:  1340 10:04:49    -2397.375499        0.281106
MDMin:  1341 10:04:50    -2397.375503        0.548132
MDMin:  1342 10:04:52    -2397.375484        0.279915
MDMin:  1343 10:04:53    -2397.375489        0.279600
MDMin:  1344 10:04:54    -2397.375476        0.549889
MDMin:  1345 10:04:55    -2397.375476        0.278359
MDMin:  1346 10:04:57    -2397.375481        0.278037
MDMin:  1347 10:04:59    -2397.375447        0.551743
MDMin:  1348 10:05:00    -2397.375469        0.276782
MDMin:  1349 10:05:02    -2397.375465        0.547455
MDMin:  1350 10:05:04    -2397.375442        0.275969
MDMin:  1351 10:05:06    -2397.375446        0.275694
MDMin:  1352 10:05:08    -2397.375451        0.547110
MDMin:  1353 10:05:11    -2397.375432        0.274464
MDMin:  1354 10:05:12    -2397.375436        0.274143
MDMin:  1355 10:05:14    -2397.375424        0.548848
MDMin:  1356 10:05:16    -2397.375423        0.272867
MDMin:  1357 10:05:17    -2397.375428        0.272541
MDMin:  1358 10:05:19    -2397.375395        0.550672
MDMin:  1359 10:05:21    -2397.375415        0.271253
MDMin:  1360 10:05:22    -2397.375413        0.546405
MDMin:  1361 10:05:23    -2397.375388        0.270421
MDMin:  1362 10:05:24    -2397.375392        0.270137
MDMin:  1363 10:05:25    -2397.375399        0.546072
MDMin:  1364 10:05:26    -2397.375378        0.268873
MDMin:  1365 10:05:28    -2397.375382        0.268548
MDMin:  1366 10:05:29    -2397.375372        0.547797
MDMin:  1367 10:05:30    -2397.375370        0.267244
MDMin:  1368 10:05:31    -2397.375374        0.266914
MDMin:  1369 10:05:32    -2397.375343        0.549589
MDMin:  1370 10:05:33    -2397.375362        0.265600
MDMin:  1371 10:05:35    -2397.375360        0.545342
MDMin:  1372 10:05:36    -2397.375334        0.264752
MDMin:  1373 10:05:38    -2397.375338        0.264461
MDMin:  1374 10:05:39    -2397.375346        0.545021
MDMin:  1375 10:05:41    -2397.375324        0.263169
MDMin:  1376 10:05:42    -2397.375328        0.262841
MDMin:  1377 10:05:43    -2397.375319        0.546731
MDMin:  1378 10:05:45    -2397.375315        0.261515
MDMin:  1379 10:05:47    -2397.375320        0.261184
MDMin:  1380 10:05:48    -2397.375290        0.548490
MDMin:  1381 10:05:50    -2397.375307        0.259849
MDMin:  1382 10:05:52    -2397.375307        0.544262
MDMin:  1383 10:05:54    -2397.375280        0.258989
MDMin:  1384 10:05:56    -2397.375284        0.258692
MDMin:  1385 10:05:58    -2397.375293        0.543950
MDMin:  1386 10:06:00    -2397.375270        0.257378
MDMin:  1387 10:06:01    -2397.375274        0.257049
MDMin:  1388 10:06:03    -2397.375266        0.545647
MDMin:  1389 10:06:05    -2397.375261        0.255706
MDMin:  1390 10:06:07    -2397.375265        0.255375
MDMin:  1391 10:06:08    -2397.375237        0.547372
MDMin:  1392 10:06:10    -2397.375252        0.254025
MDMin:  1393 10:06:11    -2397.375254        0.543162
MDMin:  1394 10:06:12    -2397.375225        0.253157
MDMin:  1395 10:06:14    -2397.375229        0.252855
MDMin:  1396 10:06:16    -2397.375239        0.542859
MDMin:  1397 10:06:17    -2397.375215        0.251524
MDMin:  1398 10:06:19    -2397.375219        0.251196
MDMin:  1399 10:06:21    -2397.375212        0.544542
MDMin:  1400 10:06:23    -2397.375206        0.249842
MDMin:  1401 10:06:25    -2397.375210        0.249512
MDMin:  1402 10:06:26    -2397.375184        0.546233
MDMin:  1403 10:06:27    -2397.375197        0.248154
MDMin:  1404 10:06:28    -2397.375201        0.542040
MDMin:  1405 10:06:29    -2397.375170        0.247281
MDMin:  1406 10:06:31    -2397.375173        0.246975
MDMin:  1407 10:06:33    -2397.375184        0.246056
MDMin:  1408 10:06:34    -2397.375111        0.551149
MDMin:  1409 10:06:36    -2397.375134        0.546535
MDMin:  1410 10:06:37    -2397.375132        0.243292
MDMin:  1411 10:06:38    -2397.375136        0.242984
MDMin:  1412 10:06:40    -2397.375146        0.242060
MDMin:  1413 10:06:41    -2397.375073        0.549980
MDMin:  1414 10:06:43    -2397.375096        0.545383
MDMin:  1415 10:06:45    -2397.375095        0.239281
MDMin:  1416 10:06:47    -2397.375098        0.238971
MDMin:  1417 10:06:49    -2397.375109        0.238043
MDMin:  1418 10:06:51    -2397.375035        0.548895
MDMin:  1419 10:06:53    -2397.375058        0.544313
MDMin:  1420 10:06:54    -2397.375057        0.235253
MDMin:  1421 10:06:56    -2397.375060        0.234943
MDMin:  1422 10:06:57    -2397.375071        0.234012
MDMin:  1423 10:06:58    -2397.374996        0.547873
MDMin:  1424 10:07:00    -2397.375020        0.543304
MDMin:  1425 10:07:01    -2397.375019        0.231216
MDMin:  1426 10:07:02    -2397.375022        0.230905
MDMin:  1427 10:07:03    -2397.375032        0.229973
MDMin:  1428 10:07:05    -2397.374958        0.546897
MDMin:  1429 10:07:06    -2397.374982        0.542340
MDMin:  1430 10:07:08    -2397.374980        0.227174
MDMin:  1431 10:07:09    -2397.374984        0.226863
MDMin:  1432 10:07:10    -2397.374994        0.225931
MDMin:  1433 10:07:11    -2397.374919        0.545956
MDMin:  1434 10:07:12    -2397.374943        0.541410
MDMin:  1435 10:07:14    -2397.374942        0.223133
MDMin:  1436 10:07:16    -2397.374945        0.222823
MDMin:  1437 10:07:17    -2397.374955        0.221892
MDMin:  1438 10:07:19    -2397.374880        0.545041
MDMin:  1439 10:07:21    -2397.374904        0.540505
MDMin:  1440 10:07:23    -2397.374903        0.219100
MDMin:  1441 10:07:24    -2397.374906        0.219010
MDMin:  1442 10:07:25    -2397.374916        0.219182
MDMin:  1443 10:07:26    -2397.374841        0.544146
MDMin:  1444 10:07:28    -2397.374864        0.539621
MDMin:  1445 10:07:29    -2397.374864        0.218633
MDMin:  1446 10:07:30    -2397.374867        0.218683
MDMin:  1447 10:07:32    -2397.374877        0.218857
MDMin:  1448 10:07:34    -2397.374802        0.543267
MDMin:  1449 10:07:35    -2397.374825        0.538752
MDMin:  1450 10:07:37    -2397.374824        0.218300
MDMin:  1451 10:07:39    -2397.374827        0.218350
MDMin:  1452 10:07:41    -2397.374837        0.533029
MDMin:  1453 10:07:42    -2397.374814        0.218188
MDMin:  1454 10:07:44    -2397.374817        0.218246
MDMin:  1455 10:07:46    -2397.374809        0.534912
MDMin:  1456 10:07:48    -2397.374804        0.218110
MDMin:  1457 10:07:50    -2397.374808        0.218173
MDMin:  1458 10:07:52    -2397.374780        0.536704
MDMin:  1459 10:07:54    -2397.374795        0.218059
MDMin:  1460 10:07:56    -2397.374796        0.532824
MDMin:  1461 10:07:57    -2397.374768        0.217676
MDMin:  1462 10:07:59    -2397.374771        0.217732
MDMin:  1463 10:08:00    -2397.374779        0.532704
MDMin:  1464 10:08:01    -2397.374758        0.217589
MDMin:  1465 10:08:03    -2397.374761        0.217652
MDMin:  1466 10:08:04    -2397.374750        0.534573
MDMin:  1467 10:08:05    -2397.374748        0.217533
MDMin:  1468 10:08:06    -2397.374751        0.217601
MDMin:  1469 10:08:08    -2397.374720        0.536357
MDMin:  1470 10:08:09    -2397.374739        0.217502
MDMin:  1471 10:08:11    -2397.374735        0.532510
MDMin:  1472 10:08:13    -2397.374711        0.217121
MDMin:  1473 10:08:15    -2397.374714        0.217182
MDMin:  1474 10:08:16    -2397.374718        0.532352
MDMin:  1475 10:08:18    -2397.374702        0.217053
MDMin:  1476 10:08:20    -2397.374705        0.217120
MDMin:  1477 10:08:21    -2397.374688        0.534221
MDMin:  1478 10:08:23    -2397.374692        0.217013
MDMin:  1479 10:08:24    -2397.374695        0.217085
MDMin:  1480 10:08:25    -2397.374658        0.536007
MDMin:  1481 10:08:26    -2397.374683        0.216997
MDMin:  1482 10:08:27    -2397.374673        0.532196
MDMin:  1483 10:08:28    -2397.374656        0.216617
MDMin:  1484 10:08:30    -2397.374659        0.216682
MDMin:  1485 10:08:32    -2397.374655        0.532013
MDMin:  1486 10:08:33    -2397.374646        0.216562
MDMin:  1487 10:08:34    -2397.374649        0.216633
MDMin:  1488 10:08:36    -2397.374625        0.533889
MDMin:  1489 10:08:38    -2397.374636        0.216535
MDMin:  1490 10:08:40    -2397.374639        0.530154
MDMin:  1491 10:08:41    -2397.374609        0.216145
MDMin:  1492 10:08:42    -2397.374612        0.216209
MDMin:  1493 10:08:44    -2397.374621        0.530038
MDMin:  1494 10:08:45    -2397.374599        0.216083
MDMin:  1495 10:08:47    -2397.374602        0.216153
MDMin:  1496 10:08:49    -2397.374591        0.531984
MDMin:  1497 10:08:51    -2397.374590        0.216049
MDMin:  1498 10:08:53    -2397.374593        0.216125
MDMin:  1499 10:08:55    -2397.374560        0.533845
MDMin:  1500 10:08:56    -2397.374580        0.216041
MDMin:  1501 10:08:58    -2397.374574        0.530134
MDMin:  1502 10:09:00    -2397.374553        0.215653
MDMin:  1503 10:09:02    -2397.374556        0.215722
MDMin:  1504 10:09:04    -2397.374555        0.529975
MDMin:  1505 10:09:06    -2397.374544        0.215608
MDMin:  1506 10:09:07    -2397.374547        0.215682
MDMin:  1507 10:09:09    -2397.374524        0.531915
MDMin:  1508 10:09:10    -2397.374534        0.215590
MDMin:  1509 10:09:12    -2397.374537        0.215670
MDMin:  1510 10:09:14    -2397.374492        0.533771
MDMin:  1511 10:09:16    -2397.374521        0.528256
MDMin:  1512 10:09:18    -2397.374469        0.214755
MDMin:  1513 10:09:20    -2397.374472        0.214807
MDMin:  1514 10:09:22    -2397.374480        0.214991
MDMin:  1515 10:09:23    -2397.374464        0.531065
MDMin:  1516 10:09:24    -2397.374477        0.215114
MDMin:  1517 10:09:26    -2397.374470        0.528694
MDMin:  1518 10:09:28    -2397.374451        0.214736
MDMin:  1519 10:09:29    -2397.374454        0.214809
MDMin:  1520 10:09:31    -2397.374450        0.528617
MDMin:  1521 10:09:33    -2397.374442        0.214708
MDMin:  1522 10:09:35    -2397.374444        0.214787
MDMin:  1523 10:09:36    -2397.374419        0.530583
MDMin:  1524 10:09:37    -2397.374432        0.214707
MDMin:  1525 10:09:39    -2397.374431        0.527011
MDMin:  1526 10:09:41    -2397.374405        0.214306
MDMin:  1527 10:09:43    -2397.374408        0.214379
MDMin:  1528 10:09:45    -2397.374412        0.526894
MDMin:  1529 10:09:46    -2397.374396        0.214270
MDMin:  1530 10:09:47    -2397.374399        0.214349
MDMin:  1531 10:09:49    -2397.374380        0.528923
MDMin:  1532 10:09:50    -2397.374386        0.214263
MDMin:  1533 10:09:52    -2397.374389        0.214346
MDMin:  1534 10:09:53    -2397.374347        0.530865
MDMin:  1535 10:09:55    -2397.374375        0.525490
MDMin:  1536 10:09:57    -2397.374322        0.213411
MDMin:  1537 10:09:59    -2397.374325        0.213469
MDMin:  1538 10:10:01    -2397.374333        0.213668
MDMin:  1539 10:10:03    -2397.374316        0.528354
MDMin:  1540 10:10:05    -2397.374329        0.213804
MDMin:  1541 10:10:07    -2397.374323        0.525921
MDMin:  1542 10:10:09    -2397.374303        0.213410
MDMin:  1543 10:10:11    -2397.374306        0.213487
MDMin:  1544 10:10:13    -2397.374302        0.525826
MDMin:  1545 10:10:15    -2397.374294        0.213393
MDMin:  1546 10:10:17    -2397.374296        0.213477
MDMin:  1547 10:10:19    -2397.374269        0.527866
MDMin:  1548 10:10:21    -2397.374284        0.213404
MDMin:  1549 10:10:23    -2397.374281        0.524411
MDMin:  1550 10:10:24    -2397.374258        0.212993
MDMin:  1551 10:10:26    -2397.374261        0.213070
MDMin:  1552 10:10:27    -2397.374261        0.524311
MDMin:  1553 10:10:28    -2397.374248        0.212970
MDMin:  1554 10:10:30    -2397.374251        0.213053
MDMin:  1555 10:10:32    -2397.374228        0.526404
MDMin:  1556 10:10:34    -2397.374239        0.212976
MDMin:  1557 10:10:36    -2397.374240        0.523000
MDMin:  1558 10:10:37    -2397.374212        0.212559
MDMin:  1559 10:10:39    -2397.374215        0.212636
MDMin:  1560 10:10:41    -2397.374219        0.522937
MDMin:  1561 10:10:43    -2397.374203        0.212533
MDMin:  1562 10:10:45    -2397.374205        0.212617
MDMin:  1563 10:10:47    -2397.374186        0.525072
MDMin:  1564 10:10:49    -2397.374193        0.212537
MDMin:  1565 10:10:51    -2397.374196        0.212626
MDMin:  1566 10:10:53    -2397.374152        0.527113
MDMin:  1567 10:10:55    -2397.374179        0.521908
MDMin:  1568 10:10:57    -2397.374130        0.211665
MDMin:  1569 10:10:59    -2397.374133        0.211728
MDMin:  1570 10:11:01    -2397.374140        0.211945
MDMin:  1571 10:11:02    -2397.374118        0.524838
MDMin:  1572 10:11:04    -2397.374136        0.212098
MDMin:  1573 10:11:06    -2397.374125        0.522336
MDMin:  1574 10:11:08    -2397.374110        0.211682
MDMin:  1575 10:11:10    -2397.374113        0.211765
MDMin:  1576 10:11:12    -2397.374103        0.522218
MDMin:  1577 10:11:14    -2397.374101        0.211679
MDMin:  1578 10:11:16    -2397.374103        0.211768
MDMin:  1579 10:11:18    -2397.374069        0.524342
MDMin:  1580 10:11:20    -2397.374091        0.211703
MDMin:  1581 10:11:22    -2397.374080        0.521025
MDMin:  1582 10:11:23    -2397.374065        0.211280
MDMin:  1583 10:11:25    -2397.374068        0.211363
MDMin:  1584 10:11:27    -2397.374058        0.520947
MDMin:  1585 10:11:29    -2397.374056        0.211273
MDMin:  1586 10:11:31    -2397.374058        0.211362
MDMin:  1587 10:11:32    -2397.374024        0.523111
MDMin:  1588 10:11:33    -2397.374046        0.211295
MDMin:  1589 10:11:35    -2397.374035        0.519837
MDMin:  1590 10:11:37    -2397.374020        0.210867
MDMin:  1591 10:11:39    -2397.374023        0.210950
MDMin:  1592 10:11:41    -2397.374013        0.519786
MDMin:  1593 10:11:43    -2397.374011        0.210858
MDMin:  1594 10:11:45    -2397.374013        0.210948
MDMin:  1595 10:11:47    -2397.373979        0.521983
MDMin:  1596 10:11:49    -2397.374001        0.210879
MDMin:  1597 10:11:50    -2397.373989        0.518746
MDMin:  1598 10:11:51    -2397.373975        0.210446
MDMin:  1599 10:11:53    -2397.373978        0.210530
MDMin:  1600 10:11:55    -2397.373967        0.518714
MDMin:  1601 10:11:57    -2397.373966        0.210439
MDMin:  1602 10:11:58    -2397.373968        0.210529
MDMin:  1603 10:12:00    -2397.373933        0.520937
MDMin:  1604 10:12:01    -2397.373956        0.210461
MDMin:  1605 10:12:02    -2397.373943        0.517735
MDMin:  1606 10:12:04    -2397.373930        0.210024
MDMin:  1607 10:12:06    -2397.373933        0.210109
MDMin:  1608 10:12:08    -2397.373921        0.517717
MDMin:  1609 10:12:09    -2397.373921        0.210018
MDMin:  1610 10:12:11    -2397.373923        0.210110
MDMin:  1611 10:12:13    -2397.373886        0.519959
MDMin:  1612 10:12:15    -2397.373911        0.210043
MDMin:  1613 10:12:17    -2397.373897        0.516789
MDMin:  1614 10:12:19    -2397.373885        0.209603
MDMin:  1615 10:12:21    -2397.373888        0.209688
MDMin:  1616 10:12:23    -2397.373875        0.516780
MDMin:  1617 10:12:24    -2397.373876        0.209600
MDMin:  1618 10:12:26    -2397.373878        0.209692
MDMin:  1619 10:12:27    -2397.373840        0.519040
MDMin:  1620 10:12:29    -2397.373865        0.514121
MDMin:  1621 10:12:31    -2397.373814        0.208661
MDMin:  1622 10:12:33    -2397.373816        0.208730
MDMin:  1623 10:12:34    -2397.373822        0.208965
MDMin:  1624 10:12:35    -2397.373802        0.517305
MDMin:  1625 10:12:36    -2397.373818        0.209125
MDMin:  1626 10:12:38    -2397.373808        0.514870
MDMin:  1627 10:12:39    -2397.373792        0.208680
MDMin:  1628 10:12:41    -2397.373794        0.208770
MDMin:  1629 10:12:42    -2397.373786        0.514856
MDMin:  1630 10:12:44    -2397.373782        0.208689
MDMin:  1631 10:12:45    -2397.373785        0.208786
MDMin:  1632 10:12:47    -2397.373750        0.517128
MDMin:  1633 10:12:48    -2397.373773        0.208729
MDMin:  1634 10:12:49    -2397.373760        0.514037
MDMin:  1635 10:12:51    -2397.373747        0.208280
MDMin:  1636 10:12:53    -2397.373749        0.208371
MDMin:  1637 10:12:54    -2397.373737        0.514032
MDMin:  1638 10:12:55    -2397.373737        0.208292
MDMin:  1639 10:12:57    -2397.373740        0.208389
MDMin:  1640 10:12:58    -2397.373701        0.516318
MDMin:  1641 10:12:59    -2397.373726        0.511492
MDMin:  1642 10:13:00    -2397.373676        0.207345
MDMin:  1643 10:13:02    -2397.373678        0.207420
MDMin:  1644 10:13:04    -2397.373684        0.207669
MDMin:  1645 10:13:06    -2397.373662        0.514672
MDMin:  1646 10:13:08    -2397.373679        0.207845
MDMin:  1647 10:13:10    -2397.373668        0.512249
MDMin:  1648 10:13:12    -2397.373654        0.207392
MDMin:  1649 10:13:13    -2397.373656        0.207486
MDMin:  1650 10:13:15    -2397.373645        0.512239
MDMin:  1651 10:13:17    -2397.373644        0.207414
MDMin:  1652 10:13:18    -2397.373646        0.207515
MDMin:  1653 10:13:20    -2397.373608        0.514537
MDMin:  1654 10:13:22    -2397.373633        0.509768
MDMin:  1655 10:13:23    -2397.373583        0.206463
MDMin:  1656 10:13:24    -2397.373585        0.206541
MDMin:  1657 10:13:25    -2397.373591        0.206801
MDMin:  1658 10:13:26    -2397.373567        0.512934
MDMin:  1659 10:13:27    -2397.373586        0.206988
MDMin:  1660 10:13:29    -2397.373573        0.510519
MDMin:  1661 10:13:30    -2397.373561        0.206529
MDMin:  1662 10:13:31    -2397.373563        0.206627
MDMin:  1663 10:13:33    -2397.373550        0.510507
MDMin:  1664 10:13:35    -2397.373551        0.206560
MDMin:  1665 10:13:37    -2397.373553        0.206665
MDMin:  1666 10:13:38    -2397.373513        0.512816
MDMin:  1667 10:13:40    -2397.373537        0.508103
MDMin:  1668 10:13:41    -2397.373491        0.205603
MDMin:  1669 10:13:43    -2397.373493        0.205684
MDMin:  1670 10:13:45    -2397.373499        0.205954
MDMin:  1671 10:13:47    -2397.373471        0.511259
MDMin:  1672 10:13:49    -2397.373491        0.507120
MDMin:  1673 10:13:50    -2397.373444        0.205165
MDMin:  1674 10:13:51    -2397.373446        0.205249
MDMin:  1675 10:13:52    -2397.373452        0.205529
MDMin:  1676 10:13:53    -2397.373422        0.510770
MDMin:  1677 10:13:55    -2397.373443        0.506633
MDMin:  1678 10:13:57    -2397.373398        0.204747
MDMin:  1679 10:13:59    -2397.373400        0.204834
MDMin:  1680 10:14:01    -2397.373406        0.205121
MDMin:  1681 10:14:02    -2397.373372        0.510218
MDMin:  1682 10:14:04    -2397.373393        0.506086
MDMin:  1683 10:14:05    -2397.373352        0.204342
MDMin:  1684 10:14:06    -2397.373354        0.204431
MDMin:  1685 10:14:08    -2397.373360        0.204725
MDMin:  1686 10:14:09    -2397.373322        0.509621
MDMin:  1687 10:14:11    -2397.373342        0.505494
MDMin:  1688 10:14:12    -2397.373306        0.203946
MDMin:  1689 10:14:14    -2397.373308        0.204037
MDMin:  1690 10:14:15    -2397.373314        0.204336
MDMin:  1691 10:14:16    -2397.373271        0.508990
MDMin:  1692 10:14:18    -2397.373291        0.504869
MDMin:  1693 10:14:20    -2397.373260        0.203555
MDMin:  1694 10:14:21    -2397.373262        0.203648
MDMin:  1695 10:14:22    -2397.373268        0.203952
MDMin:  1696 10:14:23    -2397.373219        0.508333
MDMin:  1697 10:14:25    -2397.373240        0.504218
MDMin:  1698 10:14:27    -2397.373214        0.203168
MDMin:  1699 10:14:29    -2397.373216        0.203262
MDMin:  1700 10:14:31    -2397.373222        0.203570
MDMin:  1701 10:14:32    -2397.373167        0.507655
MDMin:  1702 10:14:33    -2397.373187        0.503548
MDMin:  1703 10:14:34    -2397.373169        0.202782
MDMin:  1704 10:14:35    -2397.373171        0.202878
MDMin:  1705 10:14:37    -2397.373176        0.203189
MDMin:  1706 10:14:38    -2397.373114        0.506962
MDMin:  1707 10:14:39    -2397.373134        0.502863
MDMin:  1708 10:14:40    -2397.373123        0.202398
MDMin:  1709 10:14:41    -2397.373125        0.202495
MDMin:  1710 10:14:42    -2397.373131        0.202810
MDMin:  1711 10:14:43    -2397.373061        0.506256
MDMin:  1712 10:14:45    -2397.373081        0.502165
MDMin:  1713 10:14:46    -2397.373078        0.202014
MDMin:  1714 10:14:47    -2397.373080        0.202112
MDMin:  1715 10:14:48    -2397.373083        0.497014
MDMin:  1716 10:14:50    -2397.373068        0.202019
MDMin:  1717 10:14:52    -2397.373070        0.202126
MDMin:  1718 10:14:53    -2397.373045        0.499563
MDMin:  1719 10:14:55    -2397.373058        0.202062
MDMin:  1720 10:14:56    -2397.373053        0.496900
MDMin:  1721 10:14:58    -2397.373033        0.201547
MDMin:  1722 10:14:59    -2397.373035        0.201651
MDMin:  1723 10:15:01    -2397.373028        0.497091
MDMin:  1724 10:15:02    -2397.373023        0.201574
MDMin:  1725 10:15:04    -2397.373025        0.201685
MDMin:  1726 10:15:05    -2397.372990        0.499591
MDMin:  1727 10:15:07    -2397.373012        0.495223
MDMin:  1728 10:15:08    -2397.372965        0.200517
MDMin:  1729 10:15:09    -2397.372966        0.200608
MDMin:  1730 10:15:10    -2397.372971        0.200907
MDMin:  1731 10:15:11    -2397.372944        0.498615
MDMin:  1732 10:15:13    -2397.372964        0.494631
MDMin:  1733 10:15:15    -2397.372917        0.200027
MDMin:  1734 10:15:16    -2397.372919        0.200123
MDMin:  1735 10:15:18    -2397.372924        0.200436
MDMin:  1736 10:15:20    -2397.372893        0.498290
MDMin:  1737 10:15:22    -2397.372913        0.494304
MDMin:  1738 10:15:24    -2397.372870        0.199572
MDMin:  1739 10:15:26    -2397.372871        0.199672
MDMin:  1740 10:15:28    -2397.372876        0.199995
MDMin:  1741 10:15:29    -2397.372841        0.497868
MDMin:  1742 10:15:31    -2397.372861        0.493884
MDMin:  1743 10:15:32    -2397.372822        0.199140
MDMin:  1744 10:15:33    -2397.372824        0.199242
MDMin:  1745 10:15:34    -2397.372829        0.199574
MDMin:  1746 10:15:36    -2397.372788        0.497376
MDMin:  1747 10:15:37    -2397.372808        0.493395
MDMin:  1748 10:15:39    -2397.372775        0.198723
MDMin:  1749 10:15:41    -2397.372777        0.198828
MDMin:  1750 10:15:42    -2397.372782        0.199166
MDMin:  1751 10:15:44    -2397.372734        0.496832
MDMin:  1752 10:15:45    -2397.372754        0.492857
MDMin:  1753 10:15:47    -2397.372729        0.198317
MDMin:  1754 10:15:49    -2397.372730        0.198424
MDMin:  1755 10:15:50    -2397.372735        0.198767
MDMin:  1756 10:15:51    -2397.372680        0.496250
MDMin:  1757 10:15:52    -2397.372699        0.492279
MDMin:  1758 10:15:54    -2397.372682        0.197918
MDMin:  1759 10:15:56    -2397.372684        0.198026
MDMin:  1760 10:15:57    -2397.372689        0.198374
MDMin:  1761 10:15:59    -2397.372625        0.495636
MDMin:  1762 10:16:00    -2397.372644        0.491673
MDMin:  1763 10:16:02    -2397.372636        0.197523
MDMin:  1764 10:16:03    -2397.372637        0.197633
MDMin:  1765 10:16:05    -2397.372642        0.197985
MDMin:  1766 10:16:06    -2397.372569        0.494999
MDMin:  1767 10:16:08    -2397.372588        0.491043
MDMin:  1768 10:16:09    -2397.372590        0.197199
MDMin:  1769 10:16:11    -2397.372591        0.197242
MDMin:  1770 10:16:12    -2397.372588        0.486079
MDMin:  1771 10:16:13    -2397.372580        0.197166
MDMin:  1772 10:16:15    -2397.372581        0.197285
MDMin:  1773 10:16:17    -2397.372550        0.488658
MDMin:  1774 10:16:18    -2397.372570        0.197238
MDMin:  1775 10:16:20    -2397.372556        0.486183
MDMin:  1776 10:16:22    -2397.372545        0.196716
MDMin:  1777 10:16:23    -2397.372547        0.196808
MDMin:  1778 10:16:25    -2397.372530        0.486405
MDMin:  1779 10:16:27    -2397.372535        0.196750
MDMin:  1780 10:16:29    -2397.372536        0.483980
MDMin:  1781 10:16:31    -2397.372511        0.197273
MDMin:  1782 10:16:33    -2397.372512        0.196643
MDMin:  1783 10:16:34    -2397.372511        0.484269
MDMin:  1784 10:16:36    -2397.372501        0.196243
MDMin:  1785 10:16:37    -2397.372502        0.196366
MDMin:  1786 10:16:39    -2397.372472        0.486834
MDMin:  1787 10:16:41    -2397.372491        0.196327
MDMin:  1788 10:16:42    -2397.372478        0.484383
MDMin:  1789 10:16:44    -2397.372466        0.196765
MDMin:  1790 10:16:45    -2397.372468        0.196137
MDMin:  1791 10:16:47    -2397.372452        0.484596
MDMin:  1792 10:16:49    -2397.372456        0.195847
MDMin:  1793 10:16:50    -2397.372458        0.195975
MDMin:  1794 10:16:52    -2397.372413        0.487103
MDMin:  1795 10:16:53    -2397.372434        0.483004
MDMin:  1796 10:16:54    -2397.372399        0.198727
MDMin:  1797 10:16:55    -2397.372401        0.198092
MDMin:  1798 10:16:57    -2397.372405        0.196187
MDMin:  1799 10:16:58    -2397.372362        0.486341
MDMin:  1800 10:16:59    -2397.372382        0.482502
MDMin:  1801 10:17:00    -2397.372351        0.198402
MDMin:  1802 10:17:01    -2397.372352        0.197767
MDMin:  1803 10:17:02    -2397.372356        0.195865
MDMin:  1804 10:17:04    -2397.372308        0.485994
MDMin:  1805 10:17:06    -2397.372327        0.482155
MDMin:  1806 10:17:07    -2397.372303        0.198101
MDMin:  1807 10:17:09    -2397.372304        0.197467
MDMin:  1808 10:17:10    -2397.372308        0.195568
MDMin:  1809 10:17:12    -2397.372253        0.485565
MDMin:  1810 10:17:14    -2397.372272        0.481728
MDMin:  1811 10:17:16    -2397.372256        0.197820
MDMin:  1812 10:17:18    -2397.372257        0.197188
MDMin:  1813 10:17:19    -2397.372261        0.195291
MDMin:  1814 10:17:20    -2397.372197        0.485075
MDMin:  1815 10:17:21    -2397.372216        0.481242
MDMin:  1816 10:17:22    -2397.372208        0.197559
MDMin:  1817 10:17:24    -2397.372210        0.196927
MDMin:  1818 10:17:26    -2397.372214        0.195032
MDMin:  1819 10:17:27    -2397.372140        0.484539
MDMin:  1820 10:17:28    -2397.372159        0.480711
MDMin:  1821 10:17:30    -2397.372161        0.197315
MDMin:  1822 10:17:32    -2397.372163        0.196683
MDMin:  1823 10:17:34    -2397.372158        0.475937
MDMin:  1824 10:17:36    -2397.372151        0.196191
MDMin:  1825 10:17:38    -2397.372152        0.195564
MDMin:  1826 10:17:39    -2397.372119        0.478519
MDMin:  1827 10:17:41    -2397.372139        0.474585
MDMin:  1828 10:17:43    -2397.372094        0.199137
MDMin:  1829 10:17:45    -2397.372095        0.198498
MDMin:  1830 10:17:46    -2397.372099        0.196584
MDMin:  1831 10:17:48    -2397.372067        0.478055
MDMin:  1832 10:17:49    -2397.372086        0.474322
MDMin:  1833 10:17:50    -2397.372045        0.198741
MDMin:  1834 10:17:52    -2397.372046        0.198104
MDMin:  1835 10:17:53    -2397.372050        0.196194
MDMin:  1836 10:17:54    -2397.372013        0.477856
MDMin:  1837 10:17:55    -2397.372032        0.474119
MDMin:  1838 10:17:56    -2397.371997        0.198377
MDMin:  1839 10:17:58    -2397.371998        0.197741
MDMin:  1840 10:18:00    -2397.372001        0.195834
MDMin:  1841 10:18:02    -2397.371958        0.477544
MDMin:  1842 10:18:04    -2397.371976        0.473807
MDMin:  1843 10:18:06    -2397.371949        0.198039
MDMin:  1844 10:18:07    -2397.371950        0.197404
MDMin:  1845 10:18:09    -2397.371953        0.195500
MDMin:  1846 10:18:11    -2397.371901        0.477150
MDMin:  1847 10:18:12    -2397.371920        0.473415
MDMin:  1848 10:18:14    -2397.371901        0.197725
MDMin:  1849 10:18:16    -2397.371902        0.197091
MDMin:  1850 10:18:17    -2397.371906        0.195190
MDMin:  1851 10:18:18    -2397.371844        0.476694
MDMin:  1852 10:18:20    -2397.371862        0.472963
MDMin:  1853 10:18:21    -2397.371854        0.197432
MDMin:  1854 10:18:23    -2397.371855        0.196799
MDMin:  1855 10:18:25    -2397.371858        0.194900
MDMin:  1856 10:18:27    -2397.371786        0.476192
MDMin:  1857 10:18:28    -2397.371804        0.472466
MDMin:  1858 10:18:29    -2397.371807        0.197159
MDMin:  1859 10:18:31    -2397.371808        0.196526
MDMin:  1860 10:18:33    -2397.371802        0.467826
MDMin:  1861 10:18:35    -2397.371796        0.196013
MDMin:  1862 10:18:37    -2397.371797        0.195385
MDMin:  1863 10:18:39    -2397.371763        0.470380
MDMin:  1864 10:18:40    -2397.371782        0.466584
MDMin:  1865 10:18:42    -2397.371741        0.198915
MDMin:  1866 10:18:43    -2397.371742        0.198275
MDMin:  1867 10:18:45    -2397.371745        0.196358
MDMin:  1868 10:18:46    -2397.371710        0.469999
MDMin:  1869 10:18:47    -2397.371728        0.466364
MDMin:  1870 10:18:49    -2397.371692        0.198498
MDMin:  1871 10:18:50    -2397.371692        0.197860
MDMin:  1872 10:18:52    -2397.371696        0.195947
MDMin:  1873 10:18:54    -2397.371654        0.469808
MDMin:  1874 10:18:56    -2397.371672        0.466169
MDMin:  1875 10:18:58    -2397.371643        0.198114
MDMin:  1876 10:19:00    -2397.371644        0.197477
MDMin:  1877 10:19:01    -2397.371647        0.195568
MDMin:  1878 10:19:03    -2397.371597        0.469507
MDMin:  1879 10:19:05    -2397.371615        0.465869
MDMin:  1880 10:19:07    -2397.371595        0.197757
MDMin:  1881 10:19:08    -2397.371596        0.197121
MDMin:  1882 10:19:09    -2397.371599        0.195215
MDMin:  1883 10:19:11    -2397.371540        0.469127
MDMin:  1884 10:19:13    -2397.371558        0.465491
MDMin:  1885 10:19:15    -2397.371548        0.197426
MDMin:  1886 10:19:17    -2397.371549        0.196791
MDMin:  1887 10:19:19    -2397.371552        0.194887
MDMin:  1888 10:19:20    -2397.371481        0.468687
MDMin:  1889 10:19:21    -2397.371499        0.465054
MDMin:  1890 10:19:23    -2397.371500        0.197116
MDMin:  1891 10:19:24    -2397.371502        0.196482
MDMin:  1892 10:19:25    -2397.371496        0.460548
MDMin:  1893 10:19:26    -2397.371490        0.195952
MDMin:  1894 10:19:28    -2397.371491        0.195323
MDMin:  1895 10:19:29    -2397.371456        0.463074
MDMin:  1896 10:19:30    -2397.371475        0.459392
MDMin:  1897 10:19:31    -2397.371435        0.198814
MDMin:  1898 10:19:32    -2397.371436        0.198174
MDMin:  1899 10:19:34    -2397.371438        0.196253
MDMin:  1900 10:19:35    -2397.371402        0.462766
MDMin:  1901 10:19:36    -2397.371420        0.459221
MDMin:  1902 10:19:37    -2397.371386        0.198370
MDMin:  1903 10:19:39    -2397.371387        0.197731
MDMin:  1904 10:19:40    -2397.371390        0.195815
MDMin:  1905 10:19:41    -2397.371346        0.462598
MDMin:  1906 10:19:42    -2397.371364        0.459049
MDMin:  1907 10:19:44    -2397.371338        0.197960
MDMin:  1908 10:19:45    -2397.371338        0.197322
MDMin:  1909 10:19:47    -2397.371341        0.195410
MDMin:  1910 10:19:49    -2397.371289        0.462321
MDMin:  1911 10:19:51    -2397.371306        0.458771
MDMin:  1912 10:19:53    -2397.371290        0.197580
MDMin:  1913 10:19:54    -2397.371291        0.196944
MDMin:  1914 10:19:56    -2397.371293        0.195035
MDMin:  1915 10:19:58    -2397.371230        0.461963
MDMin:  1916 10:20:00    -2397.371248        0.458416
MDMin:  1917 10:20:01    -2397.371242        0.197227
MDMin:  1918 10:20:02    -2397.371243        0.196591
MDMin:  1919 10:20:04    -2397.371244        0.454039
MDMin:  1920 10:20:06    -2397.371231        0.196045
MDMin:  1921 10:20:08    -2397.371232        0.195414
MDMin:  1922 10:20:09    -2397.371205        0.456542
MDMin:  1923 10:20:11    -2397.371221        0.194901
MDMin:  1924 10:20:13    -2397.371209        0.454456
MDMin:  1925 10:20:14    -2397.371198        0.196488
MDMin:  1926 10:20:16    -2397.371199        0.195855
MDMin:  1927 10:20:18    -2397.371182        0.454741
MDMin:  1928 10:20:19    -2397.371187        0.195328
MDMin:  1929 10:20:21    -2397.371186        0.452688
MDMin:  1930 10:20:22    -2397.371164        0.196900
MDMin:  1931 10:20:24    -2397.371165        0.196266
MDMin:  1932 10:20:26    -2397.371159        0.453018
MDMin:  1933 10:20:28    -2397.371154        0.195725
MDMin:  1934 10:20:29    -2397.371155        0.195095
MDMin:  1935 10:20:30    -2397.371119        0.455468
MDMin:  1936 10:20:31    -2397.371137        0.451892
MDMin:  1937 10:20:32    -2397.371100        0.198562
MDMin:  1938 10:20:34    -2397.371101        0.197920
MDMin:  1939 10:20:35    -2397.371103        0.195998
MDMin:  1940 10:20:36    -2397.371064        0.455145
MDMin:  1941 10:20:38    -2397.371082        0.451691
MDMin:  1942 10:20:40    -2397.371051        0.198099
MDMin:  1943 10:20:42    -2397.371052        0.197460
MDMin:  1944 10:20:44    -2397.371054        0.195542
MDMin:  1945 10:20:45    -2397.371007        0.454949
MDMin:  1946 10:20:47    -2397.371025        0.451493
MDMin:  1947 10:20:48    -2397.371003        0.197672
MDMin:  1948 10:20:50    -2397.371004        0.197034
MDMin:  1949 10:20:52    -2397.371006        0.195120
MDMin:  1950 10:20:54    -2397.370949        0.454659
MDMin:  1951 10:20:56    -2397.370966        0.451203
MDMin:  1952 10:20:57    -2397.370955        0.197276
MDMin:  1953 10:20:59    -2397.370956        0.196639
MDMin:  1954 10:21:01    -2397.370959        0.194729
MDMin:  1955 10:21:02    -2397.370890        0.454298
MDMin:  1956 10:21:04    -2397.370907        0.450845
MDMin:  1957 10:21:05    -2397.370908        0.196908
MDMin:  1958 10:21:07    -2397.370909        0.196272
MDMin:  1959 10:21:09    -2397.370902        0.446580
MDMin:  1960 10:21:10    -2397.370897        0.195720
MDMin:  1961 10:21:12    -2397.370898        0.195088
MDMin:  1962 10:21:14    -2397.370863        0.449017
MDMin:  1963 10:21:15    -2397.370881        0.445531
MDMin:  1964 10:21:17    -2397.370844        0.198527
MDMin:  1965 10:21:19    -2397.370845        0.197884
MDMin:  1966 10:21:20    -2397.370847        0.195958
MDMin:  1967 10:21:21    -2397.370808        0.448783
MDMin:  1968 10:21:23    -2397.370825        0.445410
MDMin:  1969 10:21:24    -2397.370795        0.198035
MDMin:  1970 10:21:26    -2397.370796        0.197394
MDMin:  1971 10:21:28    -2397.370798        0.195474
MDMin:  1972 10:21:29    -2397.370751        0.448647
MDMin:  1973 10:21:31    -2397.370768        0.445270
MDMin:  1974 10:21:32    -2397.370747        0.197581
MDMin:  1975 10:21:33    -2397.370748        0.196942
MDMin:  1976 10:21:35    -2397.370750        0.195026
MDMin:  1977 10:21:37    -2397.370693        0.448405
MDMin:  1978 10:21:39    -2397.370710        0.445028
MDMin:  1979 10:21:40    -2397.370700        0.197161
MDMin:  1980 10:21:43    -2397.370701        0.196523
MDMin:  1981 10:21:44    -2397.370703        0.194610
MDMin:  1982 10:21:45    -2397.370633        0.448085
MDMin:  1983 10:21:47    -2397.370650        0.444709
MDMin:  1984 10:21:48    -2397.370653        0.196770
MDMin:  1985 10:21:49    -2397.370654        0.196133
MDMin:  1986 10:21:51    -2397.370645        0.440552
MDMin:  1987 10:21:52    -2397.370642        0.195576
MDMin:  1988 10:21:53    -2397.370643        0.194944
MDMin:  1989 10:21:54    -2397.370606        0.442942
MDMin:  1990 10:21:56    -2397.370624        0.439532
MDMin:  1991 10:21:58    -2397.370590        0.198368
MDMin:  1992 10:22:00    -2397.370590        0.197725
MDMin:  1993 10:22:02    -2397.370592        0.195797
MDMin:  1994 10:22:04    -2397.370551        0.442726
MDMin:  1995 10:22:06    -2397.370568        0.439429
MDMin:  1996 10:22:08    -2397.370542        0.197857
MDMin:  1997 10:22:10    -2397.370542        0.197216
MDMin:  1998 10:22:11    -2397.370544        0.195293
MDMin:  1999 10:22:13    -2397.370494        0.442608
MDMin:  2000 10:22:15    -2397.370510        0.439306
MDMin:  2001 10:22:17    -2397.370494        0.197386
MDMin:  2002 10:22:18    -2397.370494        0.196746
MDMin:  2003 10:22:20    -2397.370496        0.194828
MDMin:  2004 10:22:21    -2397.370435        0.442384
MDMin:  2005 10:22:23    -2397.370452        0.439082
MDMin:  2006 10:22:25    -2397.370447        0.196949
MDMin:  2007 10:22:27    -2397.370448        0.196311
MDMin:  2008 10:22:29    -2397.370447        0.435045
MDMin:  2009 10:22:31    -2397.370436        0.195743
MDMin:  2010 10:22:32    -2397.370436        0.195109
MDMin:  2011 10:22:33    -2397.370408        0.437409
MDMin:  2012 10:22:35    -2397.370425        0.194576
MDMin:  2013 10:22:37    -2397.370411        0.435471
MDMin:  2014 10:22:38    -2397.370403        0.196139
MDMin:  2015 10:22:40    -2397.370404        0.195503
MDMin:  2016 10:22:42    -2397.370384        0.435764
MDMin:  2017 10:22:44    -2397.370392        0.194958
MDMin:  2018 10:22:45    -2397.370387        0.433854
MDMin:  2019 10:22:47    -2397.370370        0.196509
MDMin:  2020 10:22:49    -2397.370371        0.195872
MDMin:  2021 10:22:51    -2397.370360        0.434184
MDMin:  2022 10:22:53    -2397.370359        0.195315
MDMin:  2023 10:22:55    -2397.370360        0.194683
MDMin:  2024 10:22:57    -2397.370322        0.436485
MDMin:  2025 10:22:59    -2397.370339        0.433145
MDMin:  2026 10:23:01    -2397.370308        0.198103
MDMin:  2027 10:23:03    -2397.370308        0.197459
MDMin:  2028 10:23:05    -2397.370309        0.195531
MDMin:  2029 10:23:07    -2397.370266        0.436211
MDMin:  2030 10:23:09    -2397.370283        0.432992
MDMin:  2031 10:23:11    -2397.370260        0.197579
MDMin:  2032 10:23:13    -2397.370260        0.196937
MDMin:  2033 10:23:14    -2397.370262        0.195014
MDMin:  2034 10:23:16    -2397.370209        0.436068
MDMin:  2035 10:23:18    -2397.370225        0.432846
MDMin:  2036 10:23:20    -2397.370213        0.197095
MDMin:  2037 10:23:22    -2397.370213        0.196455
MDMin:  2038 10:23:24    -2397.370215        0.194537
MDMin:  2039 10:23:26    -2397.370150        0.435832
MDMin:  2040 10:23:28    -2397.370166        0.432610
MDMin:  2041 10:23:30    -2397.370166        0.196646
MDMin:  2042 10:23:31    -2397.370167        0.196008
MDMin:  2043 10:23:33    -2397.370161        0.428666
MDMin:  2044 10:23:35    -2397.370155        0.195443
MDMin:  2045 10:23:37    -2397.370156        0.194809
MDMin:  2046 10:23:39    -2397.370123        0.430953
MDMin:  2047 10:23:40    -2397.370140        0.427679
MDMin:  2048 10:23:42    -2397.370104        0.198205
MDMin:  2049 10:23:44    -2397.370104        0.197561
MDMin:  2050 10:23:46    -2397.370105        0.195628
MDMin:  2051 10:23:48    -2397.370068        0.430754
MDMin:  2052 10:23:49    -2397.370084        0.427605
MDMin:  2053 10:23:50    -2397.370056        0.197645
MDMin:  2054 10:23:52    -2397.370056        0.197003
MDMin:  2055 10:23:53    -2397.370057        0.195076
MDMin:  2056 10:23:54    -2397.370011        0.430679
MDMin:  2057 10:23:55    -2397.370027        0.427526
MDMin:  2058 10:23:57    -2397.370009        0.197129
MDMin:  2059 10:23:58    -2397.370009        0.196488
MDMin:  2060 10:23:59    -2397.370011        0.194567
MDMin:  2061 10:24:00    -2397.369953        0.430499
MDMin:  2062 10:24:02    -2397.369969        0.427345
MDMin:  2063 10:24:04    -2397.369963        0.196651
MDMin:  2064 10:24:06    -2397.369963        0.196011
MDMin:  2065 10:24:07    -2397.369963        0.423500
MDMin:  2066 10:24:08    -2397.369951        0.195444
MDMin:  2067 10:24:09    -2397.369952        0.194809
MDMin:  2068 10:24:11    -2397.369926        0.425744
MDMin:  2069 10:24:12    -2397.369940        0.194278
MDMin:  2070 10:24:14    -2397.369929        0.423868
MDMin:  2071 10:24:15    -2397.369919        0.195831
MDMin:  2072 10:24:16    -2397.369920        0.195195
MDMin:  2073 10:24:17    -2397.369901        0.424150
MDMin:  2074 10:24:18    -2397.369908        0.194651
MDMin:  2075 10:24:20    -2397.369905        0.422300
MDMin:  2076 10:24:21    -2397.369887        0.196193
MDMin:  2077 10:24:23    -2397.369887        0.195555
MDMin:  2078 10:24:25    -2397.369878        0.422616
MDMin:  2079 10:24:27    -2397.369876        0.195001
MDMin:  2080 10:24:28    -2397.369876        0.194368
MDMin:  2081 10:24:29    -2397.369840        0.424798
MDMin:  2082 10:24:31    -2397.369857        0.421575
MDMin:  2083 10:24:33    -2397.369825        0.197782
MDMin:  2084 10:24:35    -2397.369826        0.197138
MDMin:  2085 10:24:37    -2397.369827        0.195207
MDMin:  2086 10:24:38    -2397.369785        0.424500
MDMin:  2087 10:24:39    -2397.369801        0.421426
MDMin:  2088 10:24:41    -2397.369778        0.197222
MDMin:  2089 10:24:42    -2397.369779        0.196579
MDMin:  2090 10:24:43    -2397.369780        0.194654
MDMin:  2091 10:24:44    -2397.369728        0.424390
MDMin:  2092 10:24:46    -2397.369744        0.421313
MDMin:  2093 10:24:48    -2397.369732        0.196704
MDMin:  2094 10:24:50    -2397.369733        0.196063
MDMin:  2095 10:24:52    -2397.369734        0.194143
MDMin:  2096 10:24:53    -2397.369670        0.424190
MDMin:  2097 10:24:55    -2397.369685        0.421113
MDMin:  2098 10:24:57    -2397.369687        0.196224
MDMin:  2099 10:24:58    -2397.369688        0.195585
MDMin:  2100 10:25:00    -2397.369679        0.417353
MDMin:  2101 10:25:01    -2397.369676        0.195029
MDMin:  2102 10:25:02    -2397.369676        0.194395
MDMin:  2103 10:25:04    -2397.369642        0.419507
MDMin:  2104 10:25:06    -2397.369659        0.416338
MDMin:  2105 10:25:08    -2397.369626        0.197800
MDMin:  2106 10:25:10    -2397.369626        0.197155
MDMin:  2107 10:25:12    -2397.369627        0.195221
MDMin:  2108 10:25:13    -2397.369588        0.419253
MDMin:  2109 10:25:15    -2397.369604        0.416246
MDMin:  2110 10:25:17    -2397.369579        0.197210
MDMin:  2111 10:25:18    -2397.369580        0.196567
MDMin:  2112 10:25:19    -2397.369581        0.194639
MDMin:  2113 10:25:20    -2397.369532        0.419203
MDMin:  2114 10:25:22    -2397.369547        0.416192
MDMin:  2115 10:25:24    -2397.369534        0.196665
MDMin:  2116 10:25:26    -2397.369534        0.196024
MDMin:  2117 10:25:27    -2397.369535        0.194101
MDMin:  2118 10:25:29    -2397.369474        0.419051
MDMin:  2119 10:25:31    -2397.369489        0.416038
MDMin:  2120 10:25:32    -2397.369489        0.196161
MDMin:  2121 10:25:34    -2397.369490        0.195521
MDMin:  2122 10:25:36    -2397.369483        0.412373
MDMin:  2123 10:25:38    -2397.369478        0.194970
MDMin:  2124 10:25:39    -2397.369478        0.194334
MDMin:  2125 10:25:41    -2397.369446        0.414473
MDMin:  2126 10:25:43    -2397.369463        0.411345
MDMin:  2127 10:25:44    -2397.369428        0.197741
MDMin:  2128 10:25:46    -2397.369429        0.197095
MDMin:  2129 10:25:48    -2397.369429        0.195159
MDMin:  2130 10:25:50    -2397.369394        0.414204
MDMin:  2131 10:25:51    -2397.369409        0.411260
MDMin:  2132 10:25:53    -2397.369382        0.197128
MDMin:  2133 10:25:54    -2397.369382        0.196485
MDMin:  2134 10:25:56    -2397.369383        0.194555
MDMin:  2135 10:25:58    -2397.369338        0.414181
MDMin:  2136 10:25:59    -2397.369353        0.411232
MDMin:  2137 10:26:01    -2397.369337        0.196563
MDMin:  2138 10:26:03    -2397.369337        0.195921
MDMin:  2139 10:26:04    -2397.369338        0.193997
MDMin:  2140 10:26:05    -2397.369280        0.414054
MDMin:  2141 10:26:07    -2397.369296        0.411103
MDMin:  2142 10:26:08    -2397.369293        0.196040
MDMin:  2143 10:26:10    -2397.369293        0.195400
MDMin:  2144 10:26:12    -2397.369290        0.407520
MDMin:  2145 10:26:14    -2397.369281        0.194857
MDMin:  2146 10:26:15    -2397.369282        0.194221
MDMin:  2147 10:26:17    -2397.369253        0.409557
MDMin:  2148 10:26:18    -2397.369270        0.406463
MDMin:  2149 10:26:20    -2397.369233        0.197637
MDMin:  2150 10:26:22    -2397.369233        0.196991
MDMin:  2151 10:26:23    -2397.369233        0.195054
MDMin:  2152 10:26:25    -2397.369201        0.409254
MDMin:  2153 10:26:27    -2397.369217        0.406371
MDMin:  2154 10:26:28    -2397.369187        0.197006
MDMin:  2155 10:26:29    -2397.369187        0.196362
MDMin:  2156 10:26:31    -2397.369188        0.194431
MDMin:  2157 10:26:33    -2397.369146        0.409250
MDMin:  2158 10:26:35    -2397.369161        0.406361
MDMin:  2159 10:26:37    -2397.369142        0.196423
MDMin:  2160 10:26:39    -2397.369142        0.195781
MDMin:  2161 10:26:40    -2397.369143        0.193857
MDMin:  2162 10:26:41    -2397.369089        0.409142
MDMin:  2163 10:26:42    -2397.369104        0.406251
MDMin:  2164 10:26:43    -2397.369099        0.195884
MDMin:  2165 10:26:45    -2397.369099        0.195244
MDMin:  2166 10:26:47    -2397.369098        0.402747
MDMin:  2167 10:26:49    -2397.369087        0.194713
MDMin:  2168 10:26:51    -2397.369087        0.194077
MDMin:  2169 10:26:53    -2397.369062        0.404715
MDMin:  2170 10:26:54    -2397.369076        0.193581
MDMin:  2171 10:26:56    -2397.369066        0.402888
MDMin:  2172 10:26:58    -2397.369056        0.195129
MDMin:  2173 10:27:00    -2397.369057        0.194492
MDMin:  2174 10:27:01    -2397.369040        0.403134
MDMin:  2175 10:27:02    -2397.369045        0.193985
MDMin:  2176 10:27:03    -2397.369043        0.401330
MDMin:  2177 10:27:04    -2397.369025        0.195521
MDMin:  2178 10:27:05    -2397.369026        0.194882
MDMin:  2179 10:27:07    -2397.369018        0.401608
MDMin:  2180 10:27:09    -2397.369014        0.194365
MDMin:  2181 10:27:11    -2397.369014        0.193730
MDMin:  2182 10:27:13    -2397.368982        0.403517
MDMin:  2183 10:27:14    -2397.368998        0.400447
MDMin:  2184 10:27:16    -2397.368966        0.197193
MDMin:  2185 10:27:17    -2397.368966        0.196547
MDMin:  2186 10:27:19    -2397.368967        0.194611
MDMin:  2187 10:27:21    -2397.368930        0.403074
MDMin:  2188 10:27:23    -2397.368946        0.400265
MDMin:  2189 10:27:25    -2397.368922        0.196560
MDMin:  2190 10:27:26    -2397.368922        0.195917
MDMin:  2191 10:27:27    -2397.368923        0.193988
MDMin:  2192 10:27:28    -2397.368875        0.403045
MDMin:  2193 10:27:30    -2397.368890        0.400232
MDMin:  2194 10:27:32    -2397.368878        0.195977
MDMin:  2195 10:27:34    -2397.368879        0.195335
MDMin:  2196 10:27:35    -2397.368880        0.193412
MDMin:  2197 10:27:36    -2397.368819        0.402925
MDMin:  2198 10:27:37    -2397.368834        0.400110
MDMin:  2199 10:27:39    -2397.368836        0.195437
MDMin:  2200 10:27:40    -2397.368837        0.194797
MDMin:  2201 10:27:41    -2397.368827        0.396692
MDMin:  2202 10:27:43    -2397.368825        0.194293
MDMin:  2203 10:27:45    -2397.368825        0.193658
MDMin:  2204 10:27:46    -2397.368792        0.398545
MDMin:  2205 10:27:48    -2397.368809        0.395500
MDMin:  2206 10:27:49    -2397.368777        0.197140
MDMin:  2207 10:27:51    -2397.368777        0.196493
MDMin:  2208 10:27:52    -2397.368778        0.194555
MDMin:  2209 10:27:54    -2397.368743        0.398083
MDMin:  2210 10:27:55    -2397.368757        0.395336
MDMin:  2211 10:27:57    -2397.368733        0.196483
MDMin:  2212 10:27:59    -2397.368734        0.195839
MDMin:  2213 10:28:00    -2397.368734        0.193908
MDMin:  2214 10:28:02    -2397.368688        0.398100
MDMin:  2215 10:28:04    -2397.368703        0.395348
MDMin:  2216 10:28:06    -2397.368691        0.195877
MDMin:  2217 10:28:08    -2397.368691        0.195235
MDMin:  2218 10:28:09    -2397.368692        0.193311
MDMin:  2219 10:28:11    -2397.368633        0.398018
MDMin:  2220 10:28:12    -2397.368647        0.395263
MDMin:  2221 10:28:13    -2397.368649        0.195317
MDMin:  2222 10:28:14    -2397.368650        0.194677
MDMin:  2223 10:28:16    -2397.368641        0.391931
MDMin:  2224 10:28:17    -2397.368638        0.194192
MDMin:  2225 10:28:18    -2397.368638        0.193556
MDMin:  2226 10:28:19    -2397.368607        0.393707
MDMin:  2227 10:28:20    -2397.368624        0.390677
MDMin:  2228 10:28:21    -2397.368591        0.197066
MDMin:  2229 10:28:23    -2397.368591        0.196420
MDMin:  2230 10:28:24    -2397.368591        0.194480
MDMin:  2231 10:28:25    -2397.368559        0.393183
MDMin:  2232 10:28:26    -2397.368573        0.390844
MDMin:  2233 10:28:27    -2397.368548        0.196388
MDMin:  2234 10:28:28    -2397.368548        0.195743
MDMin:  2235 10:28:30    -2397.368548        0.193812
MDMin:  2236 10:28:32    -2397.368505        0.393576
MDMin:  2237 10:28:33    -2397.368520        0.391505
MDMin:  2238 10:28:34    -2397.368506        0.195762
MDMin:  2239 10:28:35    -2397.368506        0.195120
MDMin:  2240 10:28:37    -2397.368507        0.193195
MDMin:  2241 10:28:38    -2397.368451        0.394174
MDMin:  2242 10:28:39    -2397.368465        0.392097
MDMin:  2243 10:28:41    -2397.368465        0.195184
MDMin:  2244 10:28:43    -2397.368465        0.194543
MDMin:  2245 10:28:44    -2397.368459        0.389862
MDMin:  2246 10:28:45    -2397.368453        0.194081
MDMin:  2247 10:28:46    -2397.368454        0.193445
MDMin:  2248 10:28:48    -2397.368426        0.391433
MDMin:  2249 10:28:49    -2397.368442        0.193019
MDMin:  2250 10:28:50    -2397.368430        0.390045
MDMin:  2251 10:28:51    -2397.368424        0.194575
MDMin:  2252 10:28:53    -2397.368424        0.193937
MDMin:  2253 10:28:54    -2397.368405        0.390463
MDMin:  2254 10:28:55    -2397.368412        0.193499
MDMin:  2255 10:28:57    -2397.368409        0.389083
MDMin:  2256 10:28:59    -2397.368394        0.195041
MDMin:  2257 10:29:01    -2397.368394        0.194401
MDMin:  2258 10:29:03    -2397.368385        0.389529
MDMin:  2259 10:29:04    -2397.368382        0.193952
MDMin:  2260 10:29:05    -2397.368382        0.193316
MDMin:  2261 10:29:06    -2397.368352        0.391079
MDMin:  2262 10:29:07    -2397.368369        0.388701
MDMin:  2263 10:29:09    -2397.368336        0.196888
MDMin:  2264 10:29:10    -2397.368336        0.196240
MDMin:  2265 10:29:12    -2397.368336        0.194565
MDMin:  2266 10:29:13    -2397.368306        0.391203
MDMin:  2267 10:29:15    -2397.368320        0.389150
MDMin:  2268 10:29:16    -2397.368294        0.196270
MDMin:  2269 10:29:17    -2397.368294        0.196461
MDMin:  2270 10:29:18    -2397.368294        0.197036
MDMin:  2271 10:29:19    -2397.368254        0.391911
MDMin:  2272 10:29:20    -2397.368268        0.389850
MDMin:  2273 10:29:22    -2397.368253        0.198786
MDMin:  2274 10:29:23    -2397.368253        0.198982
MDMin:  2275 10:29:25    -2397.368253        0.199573
MDMin:  2276 10:29:26    -2397.368200        0.392546
MDMin:  2277 10:29:27    -2397.368214        0.390478
MDMin:  2278 10:29:28    -2397.368213        0.201368
MDMin:  2279 10:29:30    -2397.368213        0.201569
MDMin:  2280 10:29:31    -2397.368209        0.388270
MDMin:  2281 10:29:32    -2397.368201        0.202416
MDMin:  2282 10:29:34    -2397.368202        0.202619
MDMin:  2283 10:29:35    -2397.368176        0.389776
MDMin:  2284 10:29:36    -2397.368190        0.203475
MDMin:  2285 10:29:37    -2397.368181        0.388321
MDMin:  2286 10:29:39    -2397.368172        0.204037
MDMin:  2287 10:29:40    -2397.368172        0.204244
MDMin:  2288 10:29:41    -2397.368157        0.388732
MDMin:  2289 10:29:43    -2397.368161        0.205114
MDMin:  2290 10:29:45    -2397.368161        0.205323
MDMin:  2291 10:29:46    -2397.368125        0.390199
MDMin:  2292 10:29:48    -2397.368142        0.387749
MDMin:  2293 10:29:50    -2397.368115        0.206879
MDMin:  2294 10:29:52    -2397.368115        0.207091
MDMin:  2295 10:29:54    -2397.368115        0.207730
MDMin:  2296 10:29:56    -2397.368080        0.390170
MDMin:  2297 10:29:57    -2397.368094        0.388121
MDMin:  2298 10:29:59    -2397.368075        0.209672
MDMin:  2299 10:30:01    -2397.368075        0.209889
MDMin:  2300 10:30:02    -2397.368075        0.210545
MDMin:  2301 10:30:04    -2397.368028        0.390877
MDMin:  2302 10:30:05    -2397.368042        0.388821
MDMin:  2303 10:30:07    -2397.368035        0.212536
MDMin:  2304 10:30:09    -2397.368036        0.212759
MDMin:  2305 10:30:11    -2397.368036        0.213431
MDMin:  2306 10:30:13    -2397.367975        0.391513
MDMin:  2307 10:30:15    -2397.367989        0.389450
MDMin:  2308 10:30:17    -2397.367998        0.215472
MDMin:  2309 10:30:19    -2397.367998        0.215701
MDMin:  2310 10:30:21    -2397.367984        0.387248
MDMin:  2311 10:30:22    -2397.367986        0.216672
MDMin:  2312 10:30:24    -2397.367986        0.216903
MDMin:  2313 10:30:26    -2397.367952        0.388668
MDMin:  2314 10:30:27    -2397.367970        0.386161
MDMin:  2315 10:30:28    -2397.367941        0.218640
MDMin:  2316 10:30:30    -2397.367941        0.218875
MDMin:  2317 10:30:32    -2397.367941        0.219582
MDMin:  2318 10:30:33    -2397.367910        0.388569
MDMin:  2319 10:30:35    -2397.367924        0.386531
MDMin:  2320 10:30:37    -2397.367900        0.221727
MDMin:  2321 10:30:39    -2397.367900        0.221967
MDMin:  2322 10:30:41    -2397.367901        0.222691
MDMin:  2323 10:30:43    -2397.367860        0.389338
MDMin:  2324 10:30:44    -2397.367874        0.387292
MDMin:  2325 10:30:46    -2397.367862        0.224888
MDMin:  2326 10:30:47    -2397.367862        0.225134
MDMin:  2327 10:30:48    -2397.367862        0.225875
MDMin:  2328 10:30:49    -2397.367809        0.390030
MDMin:  2329 10:30:51    -2397.367823        0.387976
MDMin:  2330 10:30:52    -2397.367824        0.228123
MDMin:  2331 10:30:53    -2397.367825        0.228375
MDMin:  2332 10:30:55    -2397.367818        0.385809
MDMin:  2333 10:30:56    -2397.367813        0.229453
MDMin:  2334 10:30:57    -2397.367813        0.229707
MDMin:  2335 10:30:59    -2397.367788        0.387168
MDMin:  2336 10:31:00    -2397.367801        0.230797
MDMin:  2337 10:31:01    -2397.367793        0.385565
MDMin:  2338 10:31:02    -2397.367784        0.231505
MDMin:  2339 10:31:03    -2397.367784        0.231763
MDMin:  2340 10:31:05    -2397.367771        0.385954
MDMin:  2341 10:31:06    -2397.367772        0.232869
MDMin:  2342 10:31:07    -2397.367772        0.233129
MDMin:  2343 10:31:09    -2397.367741        0.387279
MDMin:  2344 10:31:10    -2397.367759        0.384677
MDMin:  2345 10:31:11    -2397.367727        0.235110
MDMin:  2346 10:31:13    -2397.367727        0.235373
MDMin:  2347 10:31:14    -2397.367727        0.236167
MDMin:  2348 10:31:15    -2397.367702        0.387016
MDMin:  2349 10:31:16    -2397.367716        0.384987
MDMin:  2350 10:31:17    -2397.367688        0.238573
MDMin:  2351 10:31:19    -2397.367688        0.238842
MDMin:  2352 10:31:20    -2397.367688        0.239652
MDMin:  2353 10:31:21    -2397.367653        0.387827
MDMin:  2354 10:31:22    -2397.367667        0.385789
MDMin:  2355 10:31:23    -2397.367650        0.242108
MDMin:  2356 10:31:25    -2397.367651        0.242383
MDMin:  2357 10:31:26    -2397.367651        0.243209
MDMin:  2358 10:31:27    -2397.367604        0.388557
MDMin:  2359 10:31:28    -2397.367617        0.386512
MDMin:  2360 10:31:29    -2397.367614        0.245714
MDMin:  2361 10:31:30    -2397.367615        0.245994
MDMin:  2362 10:31:32    -2397.367612        0.384372
MDMin:  2363 10:31:33    -2397.367602        0.247209
MDMin:  2364 10:31:34    -2397.367603        0.247502
MDMin:  2365 10:31:35    -2397.367583        0.385704
MDMin:  2366 10:31:36    -2397.367591        0.248737
MDMin:  2367 10:31:38    -2397.367589        0.384058
MDMin:  2368 10:31:39    -2397.367574        0.249538
MDMin:  2369 10:31:40    -2397.367574        0.249823
MDMin:  2370 10:31:41    -2397.367568        0.384446
MDMin:  2371 10:31:42    -2397.367562        0.251065
MDMin:  2372 10:31:43    -2397.367562        0.251369
MDMin:  2373 10:31:45    -2397.367538        0.385774
MDMin:  2374 10:31:47    -2397.367551        0.252634
MDMin:  2375 10:31:49    -2397.367544        0.384123
MDMin:  2376 10:31:51    -2397.367534        0.253456
MDMin:  2377 10:31:53    -2397.367534        0.253746
MDMin:  2378 10:31:55    -2397.367522        0.384500
MDMin:  2379 10:31:57    -2397.367522        0.255014
MDMin:  2380 10:31:59    -2397.367522        0.255328
MDMin:  2381 10:32:01    -2397.367492        0.385826
MDMin:  2382 10:32:03    -2397.367511        0.383112
MDMin:  2383 10:32:04    -2397.367478        0.257611
MDMin:  2384 10:32:05    -2397.367478        0.257906
MDMin:  2385 10:32:06    -2397.367478        0.258795
MDMin:  2386 10:32:08    -2397.367456        0.385358
MDMin:  2387 10:32:09    -2397.367470        0.260584
MDMin:  2388 10:32:10    -2397.367454        0.384637
MDMin:  2389 10:32:11    -2397.367454        0.261500
MDMin:  2390 10:32:12    -2397.367454        0.261799
MDMin:  2391 10:32:13    -2397.367431        0.385072
MDMin:  2392 10:32:15    -2397.367443        0.263116
MDMin:  2393 10:32:17    -2397.367437        0.383366
MDMin:  2394 10:32:19    -2397.367426        0.263985
MDMin:  2395 10:32:21    -2397.367426        0.264288
MDMin:  2396 10:32:23    -2397.367416        0.383742
MDMin:  2397 10:32:25    -2397.367414        0.265617
MDMin:  2398 10:32:26    -2397.367414        0.265959
MDMin:  2399 10:32:28    -2397.367386        0.385099
MDMin:  2400 10:32:30    -2397.367403        0.267328
MDMin:  2401 10:32:31    -2397.367391        0.383444
MDMin:  2402 10:32:34    -2397.367387        0.268219
MDMin:  2403 10:32:35    -2397.367387        0.268525
MDMin:  2404 10:32:37    -2397.367370        0.383814
MDMin:  2405 10:32:39    -2397.367375        0.269876
MDMin:  2406 10:32:41    -2397.367375        0.270228
MDMin:  2407 10:32:43    -2397.367340        0.385169
MDMin:  2408 10:32:45    -2397.367358        0.382374
MDMin:  2409 10:32:47    -2397.367332        0.272670
MDMin:  2410 10:32:48    -2397.367331        0.272979
MDMin:  2411 10:32:51    -2397.367331        0.273908
MDMin:  2412 10:32:52    -2397.367305        0.384539
MDMin:  2413 10:32:54    -2397.367319        0.382445
MDMin:  2414 10:32:56    -2397.367294        0.276734
MDMin:  2415 10:32:58    -2397.367294        0.277045
MDMin:  2416 10:33:00    -2397.367295        0.277981
MDMin:  2417 10:33:02    -2397.367260        0.385245
MDMin:  2418 10:33:03    -2397.367275        0.383086
MDMin:  2419 10:33:05    -2397.367258        0.280841
MDMin:  2420 10:33:07    -2397.367259        0.281154
MDMin:  2421 10:33:09    -2397.367259        0.282094
MDMin:  2422 10:33:11    -2397.367215        0.385772
MDMin:  2423 10:33:13    -2397.367230        0.383550
MDMin:  2424 10:33:15    -2397.367223        0.284982
MDMin:  2425 10:33:17    -2397.367223        0.285295
MDMin:  2426 10:33:19    -2397.367224        0.286237
MDMin:  2427 10:33:20    -2397.367170        0.386136
MDMin:  2428 10:33:22    -2397.367185        0.383852
MDMin:  2429 10:33:24    -2397.367189        0.289145
MDMin:  2430 10:33:26    -2397.367189        0.289458
MDMin:  2431 10:33:28    -2397.367183        0.381507
MDMin:  2432 10:33:30    -2397.367176        0.290864
MDMin:  2433 10:33:31    -2397.367177        0.291257
MDMin:  2434 10:33:33    -2397.367152        0.382969
MDMin:  2435 10:33:35    -2397.367165        0.292731
MDMin:  2436 10:33:37    -2397.367157        0.381319
MDMin:  2437 10:33:39    -2397.367149        0.293690
MDMin:  2438 10:33:40    -2397.367149        0.294042
MDMin:  2439 10:33:42    -2397.367134        0.381953
MDMin:  2440 10:33:43    -2397.367137        0.295481
MDMin:  2441 10:33:45    -2397.367138        0.295883
MDMin:  2442 10:33:46    -2397.367103        0.383464
MDMin:  2443 10:33:47    -2397.367122        0.380521
MDMin:  2444 10:33:48    -2397.367095        0.298438
MDMin:  2445 10:33:50    -2397.367095        0.298747
MDMin:  2446 10:33:51    -2397.367094        0.299675
MDMin:  2447 10:33:52    -2397.367073        0.382580
MDMin:  2448 10:33:53    -2397.367085        0.301591
MDMin:  2449 10:33:54    -2397.367072        0.381576
MDMin:  2450 10:33:56    -2397.367070        0.302580
MDMin:  2451 10:33:57    -2397.367071        0.302950
MDMin:  2452 10:33:58    -2397.367047        0.382367
MDMin:  2453 10:33:59    -2397.367059        0.304388
MDMin:  2454 10:34:01    -2397.367052        0.380661
MDMin:  2455 10:34:03    -2397.367043        0.305339
MDMin:  2456 10:34:04    -2397.367044        0.305710
MDMin:  2457 10:34:05    -2397.367028        0.381469
MDMin:  2458 10:34:07    -2397.367032        0.307138
MDMin:  2459 10:34:08    -2397.367032        0.307546
MDMin:  2460 10:34:09    -2397.366995        0.383045
MDMin:  2461 10:34:11    -2397.367015        0.380017
MDMin:  2462 10:34:12    -2397.366990        0.310039
MDMin:  2463 10:34:13    -2397.366990        0.310333
MDMin:  2464 10:34:14    -2397.366990        0.311215
MDMin:  2465 10:34:16    -2397.366967        0.381992
MDMin:  2466 10:34:17    -2397.366980        0.313052
MDMin:  2467 10:34:19    -2397.366967        0.380865
MDMin:  2468 10:34:21    -2397.366965        0.313998
MDMin:  2469 10:34:23    -2397.366966        0.314372
MDMin:  2470 10:34:25    -2397.366941        0.381808
MDMin:  2471 10:34:26    -2397.366954        0.315753
MDMin:  2472 10:34:28    -2397.366946        0.380095
MDMin:  2473 10:34:31    -2397.366939        0.316660
MDMin:  2474 10:34:33    -2397.366939        0.317030
MDMin:  2475 10:34:34    -2397.366919        0.381067
MDMin:  2476 10:34:35    -2397.366927        0.318386
MDMin:  2477 10:34:37    -2397.366925        0.379365
MDMin:  2478 10:34:38    -2397.366912        0.319275
MDMin:  2479 10:34:40    -2397.366913        0.319641
MDMin:  2480 10:34:41    -2397.366898        0.380399
MDMin:  2481 10:34:42    -2397.366900        0.320968
MDMin:  2482 10:34:44    -2397.366901        0.321355
MDMin:  2483 10:34:45    -2397.366866        0.382061
MDMin:  2484 10:34:47    -2397.366886        0.378929
MDMin:  2485 10:34:49    -2397.366859        0.323612
MDMin:  2486 10:34:51    -2397.366859        0.323869
MDMin:  2487 10:34:53    -2397.366859        0.324638
MDMin:  2488 10:34:54    -2397.366840        0.380827
MDMin:  2489 10:34:55    -2397.366849        0.326252
MDMin:  2490 10:34:56    -2397.366841        0.379567
MDMin:  2491 10:34:57    -2397.366834        0.327077
MDMin:  2492 10:34:59    -2397.366835        0.327420
MDMin:  2493 10:35:01    -2397.366813        0.380703
MDMin:  2494 10:35:02    -2397.366823        0.328624
MDMin:  2495 10:35:03    -2397.366818        0.378980
MDMin:  2496 10:35:05    -2397.366808        0.329402
MDMin:  2497 10:35:06    -2397.366809        0.329734
MDMin:  2498 10:35:08    -2397.366791        0.380149
MDMin:  2499 10:35:09    -2397.366797        0.330886
MDMin:  2500 10:35:10    -2397.366796        0.378431
MDMin:  2501 10:35:11    -2397.366782        0.331628
MDMin:  2502 10:35:13    -2397.366782        0.331946
MDMin:  2503 10:35:15    -2397.366768        0.379649
MDMin:  2504 10:35:16    -2397.366770        0.333041
MDMin:  2505 10:35:18    -2397.366771        0.333362
MDMin:  2506 10:35:20    -2397.366735        0.381366
MDMin:  2507 10:35:21    -2397.366756        0.378125
MDMin:  2508 10:35:23    -2397.366730        0.335157
MDMin:  2509 10:35:25    -2397.366729        0.335352
MDMin:  2510 10:35:26    -2397.366730        0.335935
MDMin:  2511 10:35:27    -2397.366711        0.379925
MDMin:  2512 10:35:29    -2397.366719        0.337159
MDMin:  2513 10:35:31    -2397.366713        0.378544
MDMin:  2514 10:35:33    -2397.366705        0.337772
MDMin:  2515 10:35:34    -2397.366706        0.338035
MDMin:  2516 10:35:35    -2397.366685        0.379835
MDMin:  2517 10:35:36    -2397.366694        0.338915
MDMin:  2518 10:35:37    -2397.366689        0.378092
MDMin:  2519 10:35:39    -2397.366680        0.339469
MDMin:  2520 10:35:40    -2397.366680        0.339709
MDMin:  2521 10:35:41    -2397.366661        0.379411
MDMin:  2522 10:35:42    -2397.366669        0.340508
MDMin:  2523 10:35:44    -2397.366666        0.377670
MDMin:  2524 10:35:45    -2397.366654        0.341006
MDMin:  2525 10:35:47    -2397.366655        0.341222
MDMin:  2526 10:35:48    -2397.366637        0.379025
MDMin:  2527 10:35:50    -2397.366643        0.341934
MDMin:  2528 10:35:52    -2397.366642        0.377285
MDMin:  2529 10:35:53    -2397.366629        0.342372
MDMin:  2530 10:35:55    -2397.366629        0.342563
MDMin:  2531 10:35:56    -2397.366613        0.378672
MDMin:  2532 10:35:57    -2397.366618        0.343181
MDMin:  2533 10:35:59    -2397.366618        0.376932
MDMin:  2534 10:36:00    -2397.366603        0.343557
MDMin:  2535 10:36:02    -2397.366604        0.343719
MDMin:  2536 10:36:03    -2397.366590        0.378348
MDMin:  2537 10:36:05    -2397.366592        0.344241
MDMin:  2538 10:36:07    -2397.366593        0.344387
MDMin:  2539 10:36:09    -2397.366556        0.380126
MDMin:  2540 10:36:11    -2397.366578        0.376767
MDMin:  2541 10:36:12    -2397.366553        0.345134
MDMin:  2542 10:36:14    -2397.366553        0.345215
MDMin:  2543 10:36:16    -2397.366553        0.345433
MDMin:  2544 10:36:18    -2397.366531        0.378986
MDMin:  2545 10:36:19    -2397.366543        0.345843
MDMin:  2546 10:36:21    -2397.366533        0.377515
MDMin:  2547 10:36:22    -2397.366529        0.346004
MDMin:  2548 10:36:24    -2397.366530        0.346069
MDMin:  2549 10:36:25    -2397.366504        0.378941
MDMin:  2550 10:36:26    -2397.366519        0.346259
MDMin:  2551 10:36:27    -2397.366508        0.377164
MDMin:  2552 10:36:29    -2397.366506        0.346346
MDMin:  2553 10:36:30    -2397.366506        0.346376
MDMin:  2554 10:36:31    -2397.366479        0.378606
MDMin:  2555 10:36:32    -2397.366496        0.346453
MDMin:  2556 10:36:34    -2397.366484        0.376832
MDMin:  2557 10:36:36    -2397.366482        0.346463
MDMin:  2558 10:36:38    -2397.366483        0.346458
MDMin:  2559 10:36:40    -2397.366454        0.378292
MDMin:  2560 10:36:41    -2397.366472        0.346419
MDMin:  2561 10:36:43    -2397.366459        0.376521
MDMin:  2562 10:36:44    -2397.366459        0.346351
MDMin:  2563 10:36:46    -2397.366459        0.346310
MDMin:  2564 10:36:47    -2397.366430        0.377996
MDMin:  2565 10:36:48    -2397.366448        0.346153
MDMin:  2566 10:36:50    -2397.366435        0.376228
MDMin:  2567 10:36:52    -2397.366435        0.346006
MDMin:  2568 10:36:53    -2397.366436        0.345929
MDMin:  2569 10:36:54    -2397.366406        0.377716
MDMin:  2570 10:36:56    -2397.366425        0.345651
MDMin:  2571 10:36:57    -2397.366411        0.375950
MDMin:  2572 10:36:58    -2397.366412        0.345425
MDMin:  2573 10:36:59    -2397.366412        0.345312
MDMin:  2574 10:37:01    -2397.366382        0.377447
MDMin:  2575 10:37:03    -2397.366402        0.344913
MDMin:  2576 10:37:05    -2397.366388        0.375684
MDMin:  2577 10:37:07    -2397.366389        0.344608
MDMin:  2578 10:37:09    -2397.366389        0.344457
MDMin:  2579 10:37:11    -2397.366359        0.377188
MDMin:  2580 10:37:12    -2397.366379        0.343938
MDMin:  2581 10:37:14    -2397.366364        0.375429
MDMin:  2582 10:37:15    -2397.366366        0.343552
MDMin:  2583 10:37:17    -2397.366366        0.343365
MDMin:  2584 10:37:19    -2397.366336        0.376937
MDMin:  2585 10:37:20    -2397.366356        0.342725
MDMin:  2586 10:37:21    -2397.366341        0.375182
MDMin:  2587 10:37:23    -2397.366343        0.342260
MDMin:  2588 10:37:25    -2397.366343        0.342036
MDMin:  2589 10:37:26    -2397.366313        0.376691
MDMin:  2590 10:37:28    -2397.366333        0.341276
MDMin:  2591 10:37:29    -2397.366318        0.374941
MDMin:  2592 10:37:30    -2397.366320        0.340732
MDMin:  2593 10:37:31    -2397.366321        0.340472
MDMin:  2594 10:37:32    -2397.366290        0.376449
MDMin:  2595 10:37:33    -2397.366311        0.339594
MDMin:  2596 10:37:35    -2397.366296        0.374704
MDMin:  2597 10:37:36    -2397.366298        0.338971
MDMin:  2598 10:37:38    -2397.366298        0.338676
MDMin:  2599 10:37:39    -2397.366268        0.376209
MDMin:  2600 10:37:41    -2397.366288        0.337681
MDMin:  2601 10:37:43    -2397.366274        0.374470
MDMin:  2602 10:37:44    -2397.366276        0.336982
MDMin:  2603 10:37:46    -2397.366276        0.336652
MDMin:  2604 10:37:48    -2397.366246        0.375969
MDMin:  2605 10:37:49    -2397.366266        0.335541
MDMin:  2606 10:37:51    -2397.366252        0.374236
MDMin:  2607 10:37:53    -2397.366254        0.334767
MDMin:  2608 10:37:54    -2397.366254        0.334404
MDMin:  2609 10:37:56    -2397.366225        0.375728
MDMin:  2610 10:37:58    -2397.366245        0.333181
MDMin:  2611 10:37:59    -2397.366230        0.374002
MDMin:  2612 10:38:01    -2397.366232        0.332333
MDMin:  2613 10:38:03    -2397.366233        0.331937
MDMin:  2614 10:38:04    -2397.366204        0.375485
MDMin:  2615 10:38:06    -2397.366223        0.330604
MDMin:  2616 10:38:08    -2397.366209        0.373766
MDMin:  2617 10:38:10    -2397.366211        0.329685
MDMin:  2618 10:38:11    -2397.366211        0.329258
MDMin:  2619 10:38:13    -2397.366183        0.375237
MDMin:  2620 10:38:14    -2397.366202        0.327818
MDMin:  2621 10:38:16    -2397.366188        0.373526
MDMin:  2622 10:38:18    -2397.366190        0.326829
MDMin:  2623 10:38:19    -2397.366190        0.326373
MDMin:  2624 10:38:21    -2397.366163        0.374983
MDMin:  2625 10:38:23    -2397.366181        0.324830
MDMin:  2626 10:38:25    -2397.366168        0.373281
MDMin:  2627 10:38:26    -2397.366169        0.323774
MDMin:  2628 10:38:28    -2397.366169        0.323290
MDMin:  2629 10:38:29    -2397.366143        0.374723
MDMin:  2630 10:38:30    -2397.366160        0.321647
MDMin:  2631 10:38:32    -2397.366149        0.373030
MDMin:  2632 10:38:33    -2397.366148        0.320527
MDMin:  2633 10:38:34    -2397.366149        0.320017
MDMin:  2634 10:38:35    -2397.366123        0.374454
MDMin:  2635 10:38:37    -2397.366140        0.318278
MDMin:  2636 10:38:38    -2397.366129        0.372772
MDMin:  2637 10:38:39    -2397.366128        0.317096
MDMin:  2638 10:38:40    -2397.366129        0.316561
MDMin:  2639 10:38:42    -2397.366105        0.374177
MDMin:  2640 10:38:43    -2397.366119        0.314732
MDMin:  2641 10:38:44    -2397.366111        0.372504
MDMin:  2642 10:38:45    -2397.366108        0.313491
MDMin:  2643 10:38:46    -2397.366108        0.312934
MDMin:  2644 10:38:47    -2397.366086        0.373889
MDMin:  2645 10:38:48    -2397.366099        0.311018
MDMin:  2646 10:38:49    -2397.366092        0.372227
MDMin:  2647 10:38:50    -2397.366088        0.309722
MDMin:  2648 10:38:52    -2397.366088        0.309145
MDMin:  2649 10:38:53    -2397.366069        0.373589
MDMin:  2650 10:38:54    -2397.366080        0.307147
MDMin:  2651 10:38:55    -2397.366075        0.371938
MDMin:  2652 10:38:57    -2397.366068        0.305799
MDMin:  2653 10:38:58    -2397.366069        0.305203
MDMin:  2654 10:39:00    -2397.366052        0.373277
MDMin:  2655 10:39:01    -2397.366060        0.303129
MDMin:  2656 10:39:03    -2397.366058        0.371637
MDMin:  2657 10:39:05    -2397.366049        0.301732
MDMin:  2658 10:39:07    -2397.366049        0.301121
MDMin:  2659 10:39:08    -2397.366035        0.372951
MDMin:  2660 10:39:10    -2397.366041        0.298977
MDMin:  2661 10:39:11    -2397.366041        0.371322
MDMin:  2662 10:39:12    -2397.366029        0.297535
MDMin:  2663 10:39:13    -2397.366030        0.296910
MDMin:  2664 10:39:14    -2397.366020        0.372610
MDMin:  2665 10:39:16    -2397.366022        0.294701
MDMin:  2666 10:39:17    -2397.366022        0.294034
MDMin:  2667 10:39:19    -2397.365992        0.374404
MDMin:  2668 10:39:20    -2397.366012        0.371322
MDMin:  2669 10:39:22    -2397.365992        0.290125
MDMin:  2670 10:39:23    -2397.365992        0.289663
MDMin:  2671 10:39:24    -2397.365992        0.288275
MDMin:  2672 10:39:26    -2397.365976        0.373397
MDMin:  2673 10:39:27    -2397.365986        0.285299
MDMin:  2674 10:39:28    -2397.365978        0.372249
MDMin:  2675 10:39:29    -2397.365976        0.283708
MDMin:  2676 10:39:31    -2397.365977        0.283053
MDMin:  2677 10:39:33    -2397.365956        0.373392
MDMin:  2678 10:39:34    -2397.365970        0.280676
MDMin:  2679 10:39:35    -2397.365962        0.371764
MDMin:  2680 10:39:36    -2397.365959        0.279087
MDMin:  2681 10:39:38    -2397.365960        0.278430
MDMin:  2682 10:39:39    -2397.365942        0.372858
MDMin:  2683 10:39:40    -2397.365953        0.276015
MDMin:  2684 10:39:42    -2397.365948        0.371245
MDMin:  2685 10:39:44    -2397.365942        0.274402
MDMin:  2686 10:39:45    -2397.365943        0.273743
MDMin:  2687 10:39:46    -2397.365928        0.372313
MDMin:  2688 10:39:48    -2397.365936        0.271295
MDMin:  2689 10:39:49    -2397.365934        0.370715
MDMin:  2690 10:39:50    -2397.365925        0.269662
MDMin:  2691 10:39:51    -2397.365926        0.269003
MDMin:  2692 10:39:53    -2397.365915        0.371758
MDMin:  2693 10:39:55    -2397.365919        0.266529
MDMin:  2694 10:39:57    -2397.365920        0.265813
MDMin:  2695 10:39:59    -2397.365890        0.373475
MDMin:  2696 10:40:00    -2397.365908        0.370553
MDMin:  2697 10:40:02    -2397.365892        0.261441
MDMin:  2698 10:40:03    -2397.365892        0.260914
MDMin:  2699 10:40:05    -2397.365893        0.259332
MDMin:  2700 10:40:06    -2397.365872        0.372780
MDMin:  2701 10:40:07    -2397.365887        0.370414
MDMin:  2702 10:40:08    -2397.365869        0.254313
MDMin:  2703 10:40:09    -2397.365869        0.253776
MDMin:  2704 10:40:10    -2397.365870        0.252166
MDMin:  2705 10:40:11    -2397.365847        0.373157
MDMin:  2706 10:40:12    -2397.365861        0.370849
MDMin:  2707 10:40:14    -2397.365848        0.247103
MDMin:  2708 10:40:15    -2397.365848        0.246560
MDMin:  2709 10:40:16    -2397.365850        0.244929
MDMin:  2710 10:40:18    -2397.365820        0.373607
MDMin:  2711 10:40:20    -2397.365834        0.371356
MDMin:  2712 10:40:22    -2397.365829        0.239847
MDMin:  2713 10:40:23    -2397.365829        0.239300
MDMin:  2714 10:40:24    -2397.365831        0.237657
MDMin:  2715 10:40:25    -2397.365792        0.374127
MDMin:  2716 10:40:26    -2397.365805        0.371931
MDMin:  2717 10:40:28    -2397.365811        0.232580
MDMin:  2718 10:40:30    -2397.365812        0.232031
MDMin:  2719 10:40:31    -2397.365808        0.369832
MDMin:  2720 10:40:32    -2397.365805        0.229583
MDMin:  2721 10:40:33    -2397.365806        0.228908
MDMin:  2722 10:40:34    -2397.365786        0.371410
MDMin:  2723 10:40:36    -2397.365801        0.226361
MDMin:  2724 10:40:37    -2397.365792        0.369893
MDMin:  2725 10:40:38    -2397.365792        0.224710
MDMin:  2726 10:40:39    -2397.365792        0.224145
MDMin:  2727 10:40:41    -2397.365778        0.370490
MDMin:  2728 10:40:42    -2397.365787        0.221700
MDMin:  2729 10:40:44    -2397.365785        0.368912
MDMin:  2730 10:40:46    -2397.365777        0.220074
MDMin:  2731 10:40:48    -2397.365778        0.219525
MDMin:  2732 10:40:49    -2397.365772        0.369484
MDMin:  2733 10:40:50    -2397.365772        0.217111
MDMin:  2734 10:40:51    -2397.365773        0.216466
MDMin:  2735 10:40:52    -2397.365751        0.371047
MDMin:  2736 10:40:54    -2397.365768        0.213985
MDMin:  2737 10:40:55    -2397.365757        0.369543
MDMin:  2738 10:40:56    -2397.365759        0.212383
MDMin:  2739 10:40:58    -2397.365759        0.211843
MDMin:  2740 10:40:59    -2397.365743        0.370088
MDMin:  2741 10:41:01    -2397.365754        0.209469
MDMin:  2742 10:41:02    -2397.365751        0.368522
MDMin:  2743 10:41:03    -2397.365745        0.207898
MDMin:  2744 10:41:05    -2397.365745        0.207363
MDMin:  2745 10:41:06    -2397.365738        0.369096
MDMin:  2746 10:41:08    -2397.365740        0.205018
MDMin:  2747 10:41:09    -2397.365740        0.204408
MDMin:  2748 10:41:10    -2397.365717        0.370643
MDMin:  2749 10:41:12    -2397.365734        0.368025
MDMin:  2750 10:41:13    -2397.365717        0.200249
MDMin:  2751 10:41:15    -2397.365717        0.199724
MDMin:  2752 10:41:17    -2397.365718        0.198152
MDMin:  2753 10:41:18    -2397.365699        0.370601
MDMin:  2754 10:41:20    -2397.365711        0.368669
MDMin:  2755 10:41:22    -2397.365700        0.193469
MDMin:  2756 10:41:23    -2397.365701        0.192955
MDMin:  2757 10:41:25    -2397.365702        0.191417
MDMin:  2758 10:41:27    -2397.365670        0.371837
MDMin:  2759 10:41:29    -2397.365683        0.369894
MDMin:  2760 10:41:31    -2397.365686        0.192349
MDMin:  2761 10:41:33    -2397.365686        0.191715
MDMin:  2762 10:41:35    -2397.365685        0.368079
MDMin:  2763 10:41:36    -2397.365681        0.191399
MDMin:  2764 10:41:37    -2397.365682        0.190716
MDMin:  2765 10:41:38    -2397.365665        0.369620
MDMin:  2766 10:41:40    -2397.365678        0.190350
MDMin:  2767 10:41:41    -2397.365672        0.368151
MDMin:  2768 10:41:43    -2397.365670        0.191758
MDMin:  2769 10:41:45    -2397.365670        0.191126
MDMin:  2770 10:41:46    -2397.365659        0.368736
MDMin:  2771 10:41:47    -2397.365666        0.190807
MDMin:  2772 10:41:49    -2397.365667        0.367245
MDMin:  2773 10:41:50    -2397.365657        0.192216
MDMin:  2774 10:41:51    -2397.365658        0.191582
MDMin:  2775 10:41:53    -2397.365654        0.367856
MDMin:  2776 10:41:55    -2397.365653        0.191236
MDMin:  2777 10:41:57    -2397.365654        0.190574
MDMin:  2778 10:41:59    -2397.365635        0.369384
MDMin:  2779 10:42:01    -2397.365650        0.190207
MDMin:  2780 10:42:03    -2397.365642        0.367919
MDMin:  2781 10:42:04    -2397.365642        0.191634
MDMin:  2782 10:42:06    -2397.365643        0.191003
MDMin:  2783 10:42:08    -2397.365629        0.368505
MDMin:  2784 10:42:10    -2397.365639        0.190655
MDMin:  2785 10:42:12    -2397.365636        0.367034
MDMin:  2786 10:42:13    -2397.365631        0.192080
MDMin:  2787 10:42:14    -2397.365631        0.191447
MDMin:  2788 10:42:15    -2397.365624        0.367648
MDMin:  2789 10:42:17    -2397.365627        0.191073
MDMin:  2790 10:42:19    -2397.365628        0.190430
MDMin:  2791 10:42:21    -2397.365605        0.369165
MDMin:  2792 10:42:23    -2397.365621        0.366709
MDMin:  2793 10:42:24    -2397.365608        0.193906
MDMin:  2794 10:42:26    -2397.365608        0.193267
MDMin:  2795 10:42:27    -2397.365610        0.191349
MDMin:  2796 10:42:28    -2397.365587        0.369451
MDMin:  2797 10:42:29    -2397.365599        0.367526
MDMin:  2798 10:42:30    -2397.365594        0.192918
MDMin:  2799 10:42:32    -2397.365595        0.192282
MDMin:  2800 10:42:34    -2397.365597        0.190376
MDMin:  2801 10:42:36    -2397.365560        0.370705
MDMin:  2802 10:42:38    -2397.365572        0.368768
MDMin:  2803 10:42:39    -2397.365583        0.192008
MDMin:  2804 10:42:41    -2397.365583        0.191375
MDMin:  2805 10:42:43    -2397.365575        0.366967
MDMin:  2806 10:42:45    -2397.365580        0.190952
MDMin:  2807 10:42:46    -2397.365581        0.190324
MDMin:  2808 10:42:47    -2397.365556        0.368521
MDMin:  2809 10:42:49    -2397.365572        0.366133
MDMin:  2810 10:42:50    -2397.365562        0.193726
MDMin:  2811 10:42:52    -2397.365562        0.193087
MDMin:  2812 10:42:53    -2397.365564        0.191173
MDMin:  2813 10:42:55    -2397.365538        0.368944
MDMin:  2814 10:42:56    -2397.365550        0.367021
MDMin:  2815 10:42:57    -2397.365550        0.192738
MDMin:  2816 10:42:58    -2397.365551        0.192103
MDMin:  2817 10:43:00    -2397.365553        0.190200
MDMin:  2818 10:43:01    -2397.365511        0.370203
MDMin:  2819 10:43:02    -2397.365524        0.368269
MDMin:  2820 10:43:03    -2397.365540        0.191828
MDMin:  2821 10:43:04    -2397.365541        0.191197
MDMin:  2822 10:43:05    -2397.365527        0.366475
MDMin:  2823 10:43:06    -2397.365538        0.190736
MDMin:  2824 10:43:08    -2397.365534        0.365151
MDMin:  2825 10:43:09    -2397.365531        0.192138
MDMin:  2826 10:43:11    -2397.365532        0.191506
MDMin:  2827 10:43:13    -2397.365523        0.365833
MDMin:  2828 10:43:14    -2397.365529        0.191028
MDMin:  2829 10:43:16    -2397.365529        0.364532
MDMin:  2830 10:43:18    -2397.365522        0.192418
MDMin:  2831 10:43:19    -2397.365522        0.191785
MDMin:  2832 10:43:21    -2397.365519        0.365236
MDMin:  2833 10:43:22    -2397.365519        0.191291
MDMin:  2834 10:43:24    -2397.365520        0.190662
MDMin:  2835 10:43:25    -2397.365500        0.366907
MDMin:  2836 10:43:26    -2397.365515        0.364618
MDMin:  2837 10:43:27    -2397.365503        0.193914
MDMin:  2838 10:43:28    -2397.365504        0.193276
MDMin:  2839 10:43:29    -2397.365506        0.191362
MDMin:  2840 10:43:30    -2397.365483        0.367570
MDMin:  2841 10:43:32    -2397.365495        0.365657
MDMin:  2842 10:43:33    -2397.365493        0.192893
MDMin:  2843 10:43:34    -2397.365494        0.192258
MDMin:  2844 10:43:35    -2397.365496        0.190356
MDMin:  2845 10:43:37    -2397.365458        0.368887
MDMin:  2846 10:43:39    -2397.365471        0.366961
MDMin:  2847 10:43:41    -2397.365485        0.191952
MDMin:  2848 10:43:43    -2397.365486        0.191321
MDMin:  2849 10:43:45    -2397.365475        0.365201
MDMin:  2850 10:43:47    -2397.365484        0.190809
MDMin:  2851 10:43:49    -2397.365481        0.363958
MDMin:  2852 10:43:50    -2397.365477        0.192186
MDMin:  2853 10:43:51    -2397.365478        0.191555
MDMin:  2854 10:43:52    -2397.365471        0.364681
MDMin:  2855 10:43:54    -2397.365476        0.191030
MDMin:  2856 10:43:55    -2397.365477        0.190403
MDMin:  2857 10:43:57    -2397.365452        0.366403
MDMin:  2858 10:43:58    -2397.365467        0.364168
MDMin:  2859 10:44:00    -2397.365462        0.193590
MDMin:  2860 10:44:01    -2397.365463        0.192954
MDMin:  2861 10:44:02    -2397.365465        0.191045
MDMin:  2862 10:44:04    -2397.365435        0.367161
MDMin:  2863 10:44:05    -2397.365447        0.365249
MDMin:  2864 10:44:06    -2397.365454        0.192580
MDMin:  2865 10:44:08    -2397.365455        0.191947
MDMin:  2866 10:44:09    -2397.365452        0.363551
MDMin:  2867 10:44:10    -2397.365453        0.191394
MDMin:  2868 10:44:11    -2397.365454        0.190765
MDMin:  2869 10:44:12    -2397.365435        0.365323
MDMin:  2870 10:44:14    -2397.365449        0.363123
MDMin:  2871 10:44:15    -2397.365440        0.193887
MDMin:  2872 10:44:17    -2397.365440        0.193250
MDMin:  2873 10:44:19    -2397.365443        0.191339
MDMin:  2874 10:44:21    -2397.365418        0.366191
MDMin:  2875 10:44:23    -2397.365430        0.364286
MDMin:  2876 10:44:24    -2397.365432        0.192844
MDMin:  2877 10:44:25    -2397.365433        0.192211
MDMin:  2878 10:44:27    -2397.365436        0.190313
MDMin:  2879 10:44:28    -2397.365395        0.367550
MDMin:  2880 10:44:29    -2397.365407        0.365633
MDMin:  2881 10:44:30    -2397.365428        0.191884
MDMin:  2882 10:44:32    -2397.365429        0.191255
MDMin:  2883 10:44:34    -2397.365412        0.363901
MDMin:  2884 10:44:36    -2397.365427        0.361742
MDMin:  2885 10:44:37    -2397.365415        0.194295
MDMin:  2886 10:44:39    -2397.365416        0.193657
MDMin:  2887 10:44:42    -2397.365418        0.191744
MDMin:  2888 10:44:44    -2397.365398        0.364905
MDMin:  2889 10:44:46    -2397.365410        0.363010
MDMin:  2890 10:44:47    -2397.365409        0.193209
MDMin:  2891 10:44:49    -2397.365410        0.192575
MDMin:  2892 10:44:50    -2397.365413        0.190674
MDMin:  2893 10:44:51    -2397.365377        0.366334
MDMin:  2894 10:44:53    -2397.365389        0.364426
MDMin:  2895 10:44:54    -2397.365405        0.192209
MDMin:  2896 10:44:55    -2397.365406        0.191579
MDMin:  2897 10:44:56    -2397.365395        0.362733
MDMin:  2898 10:44:58    -2397.365406        0.191002
MDMin:  2899 10:44:59    -2397.365401        0.363494
MDMin:  2900 10:45:01    -2397.365401        0.192340
MDMin:  2901 10:45:02    -2397.365402        0.191709
MDMin:  2902 10:45:04    -2397.365392        0.363732
MDMin:  2903 10:45:05    -2397.365401        0.191126
MDMin:  2904 10:45:07    -2397.365398        0.364535
MDMin:  2905 10:45:08    -2397.365396        0.192458
MDMin:  2906 10:45:10    -2397.365397        0.191827
MDMin:  2907 10:45:12    -2397.365389        0.364773
MDMin:  2908 10:45:13    -2397.365397        0.191238
MDMin:  2909 10:45:14    -2397.365395        0.365575
MDMin:  2910 10:45:15    -2397.365392        0.192565
MDMin:  2911 10:45:17    -2397.365393        0.191934
MDMin:  2912 10:45:19    -2397.365387        0.365814
MDMin:  2913 10:45:21    -2397.365392        0.191339
MDMin:  2914 10:45:22    -2397.365393        0.366616
MDMin:  2915 10:45:24    -2397.365388        0.192662
MDMin:  2916 10:45:26    -2397.365389        0.192031
MDMin:  2917 10:45:28    -2397.365384        0.366854
MDMin:  2918 10:45:29    -2397.365388        0.191431
MDMin:  2919 10:45:31    -2397.365390        0.190805
MDMin:  2920 10:45:33    -2397.365367        0.366462
MDMin:  2921 10:45:34    -2397.365381        0.367659
MDMin:  2922 10:45:36    -2397.365380        0.193811
MDMin:  2923 10:45:37    -2397.365381        0.193176
MDMin:  2924 10:45:38    -2397.365384        0.191273
MDMin:  2925 10:45:40    -2397.365352        0.367452
MDMin:  2926 10:45:42    -2397.365364        0.368505
MDMin:  2927 10:45:44    -2397.365378        0.192746
MDMin:  2928 10:45:46    -2397.365379        0.192115
MDMin:  2929 10:45:47    -2397.365372        0.370130
MDMin:  2930 10:45:49    -2397.365379        0.191506
MDMin:  2931 10:45:50    -2397.365378        0.370931
MDMin:  2932 10:45:52    -2397.365375        0.192816
MDMin:  2933 10:45:54    -2397.365376        0.192185
MDMin:  2934 10:45:55    -2397.365370        0.371170
MDMin:  2935 10:45:56    -2397.365376        0.191573
MDMin:  2936 10:45:58    -2397.365376        0.371971
MDMin:  2937 10:46:00    -2397.365372        0.192879
MDMin:  2938 10:46:02    -2397.365373        0.192248
MDMin:  2939 10:46:03    -2397.365368        0.372210
MDMin:  2940 10:46:05    -2397.365374        0.191633
MDMin:  2941 10:46:06    -2397.365375        0.373012
MDMin:  2942 10:46:08    -2397.365370        0.192936
MDMin:  2943 10:46:09    -2397.365371        0.192305
MDMin:  2944 10:46:11    -2397.365367        0.373251
MDMin:  2945 10:46:12    -2397.365371        0.191686
MDMin:  2946 10:46:13    -2397.365373        0.191060
MDMin:  2947 10:46:15    -2397.365351        0.372848
MDMin:  2948 10:46:16    -2397.365364        0.374048
MDMin:  2949 10:46:17    -2397.365365        0.194013
MDMin:  2950 10:46:19    -2397.365366        0.193379
MDMin:  2951 10:46:20    -2397.365369        0.191477
MDMin:  2952 10:46:21    -2397.365337        0.373833
MDMin:  2953 10:46:23    -2397.365349        0.374897
MDMin:  2954 10:46:24    -2397.365366        0.192919
MDMin:  2955 10:46:25    -2397.365367        0.192289
MDMin:  2956 10:46:27    -2397.365357        0.376538
MDMin:  2957 10:46:28    -2397.365368        0.191667
MDMin:  2958 10:46:30    -2397.365364        0.377341
MDMin:  2959 10:46:32    -2397.365365        0.192963
MDMin:  2960 10:46:34    -2397.365366        0.192333
MDMin:  2961 10:46:35    -2397.365356        0.377582
MDMin:  2962 10:46:37    -2397.365367        0.191708
MDMin:  2963 10:46:39    -2397.365363        0.378385
MDMin:  2964 10:46:40    -2397.365364        0.193001
MDMin:  2965 10:46:42    -2397.365365        0.192371
MDMin:  2966 10:46:44    -2397.365355        0.378626
MDMin:  2967 10:46:46    -2397.365367        0.191745
MDMin:  2968 10:46:48    -2397.365362        0.379431
MDMin:  2969 10:46:50    -2397.365364        0.193036
MDMin:  2970 10:46:51    -2397.365365        0.192406
MDMin:  2971 10:46:53    -2397.365355        0.379672
MDMin:  2972 10:46:55    -2397.365366        0.191778
MDMin:  2973 10:46:57    -2397.365361        0.380478
MDMin:  2974 10:46:58    -2397.365364        0.193066
MDMin:  2975 10:46:59    -2397.365365        0.192437
MDMin:  2976 10:47:01    -2397.365354        0.380719
MDMin:  2977 10:47:03    -2397.365366        0.191807
MDMin:  2978 10:47:05    -2397.365361        0.381526
MDMin:  2979 10:47:07    -2397.365364        0.193094
MDMin:  2980 10:47:09    -2397.365365        0.192464
MDMin:  2981 10:47:11    -2397.365354        0.381768
MDMin:  2982 10:47:13    -2397.365367        0.191833
MDMin:  2983 10:47:15    -2397.365360        0.382576
MDMin:  2984 10:47:16    -2397.365364        0.193118
MDMin:  2985 10:47:18    -2397.365366        0.192488
MDMin:  2986 10:47:19    -2397.365353        0.382818
MDMin:  2987 10:47:20    -2397.365367        0.384040
MDMin:  2988 10:47:21    -2397.365360        0.195302
MDMin:  2989 10:47:23    -2397.365361        0.194666
MDMin:  2990 10:47:25    -2397.365365        0.192756
MDMin:  2991 10:47:27    -2397.365345        0.383820
MDMin:  2992 10:47:28    -2397.365357        0.384909
MDMin:  2993 10:47:29    -2397.365364        0.194091
MDMin:  2994 10:47:31    -2397.365366        0.193459
MDMin:  2995 10:47:32    -2397.365367        0.386592
MDMin:  2996 10:47:34    -2397.365368        0.192798
MDMin:  2997 10:47:35    -2397.365369        0.192171
MDMin:  2998 10:47:37    -2397.365352        0.386172
MDMin:  2999 10:47:39    -2397.365366        0.387398
MDMin:  3000 10:47:40    -2397.365366        0.194999
MDMin:  3001 10:47:42    -2397.365367        0.194365
MDMin:  3002 10:47:44    -2397.365371        0.192461
MDMin:  3003 10:47:45    -2397.365343        0.387172
MDMin:  3004 10:47:47    -2397.365356        0.388264
MDMin:  3005 10:47:49    -2397.365372        0.193808
MDMin:  3006 10:47:51    -2397.365374        0.193178
MDMin:  3007 10:47:53    -2397.365366        0.389949
MDMin:  3008 10:47:55    -2397.365377        0.192526
MDMin:  3009 10:47:57    -2397.365373        0.390769
MDMin:  3010 10:47:59    -2397.365375        0.193783
MDMin:  3011 10:48:01    -2397.365377        0.193153
MDMin:  3012 10:48:03    -2397.365367        0.391015
MDMin:  3013 10:48:04    -2397.365380        0.192502
MDMin:  3014 10:48:06    -2397.365374        0.391837
MDMin:  3015 10:48:08    -2397.365379        0.193759
MDMin:  3016 10:48:10    -2397.365381        0.193129
MDMin:  3017 10:48:12    -2397.365368        0.392084
MDMin:  3018 10:48:14    -2397.365382        0.393327
MDMin:  3019 10:48:16    -2397.365378        0.195876
MDMin:  3020 10:48:18    -2397.365380        0.195240
MDMin:  3021 10:48:19    -2397.365384        0.193332
MDMin:  3022 10:48:20    -2397.365362        0.393099
MDMin:  3023 10:48:21    -2397.365375        0.394208
MDMin:  3024 10:48:23    -2397.365387        0.194610
MDMin:  3025 10:48:25    -2397.365389        0.193979
MDMin:  3026 10:48:27    -2397.365386        0.395920
MDMin:  3027 10:48:28    -2397.365393        0.193305
MDMin:  3028 10:48:30    -2397.365393        0.396752
MDMin:  3029 10:48:32    -2397.365392        0.194536
MDMin:  3030 10:48:33    -2397.365394        0.193906
MDMin:  3031 10:48:35    -2397.365389        0.397001
MDMin:  3032 10:48:36    -2397.365398        0.193234
MDMin:  3033 10:48:37    -2397.365396        0.397835
MDMin:  3034 10:48:39    -2397.365397        0.194467
MDMin:  3035 10:48:41    -2397.365399        0.193837
MDMin:  3036 10:48:43    -2397.365391        0.398084
MDMin:  3037 10:48:45    -2397.365403        0.193168
MDMin:  3038 10:48:47    -2397.365399        0.398919
MDMin:  3039 10:48:48    -2397.365403        0.194402
MDMin:  3040 10:48:50    -2397.365405        0.193772
MDMin:  3041 10:48:52    -2397.365394        0.399169
MDMin:  3042 10:48:54    -2397.365408        0.400433
MDMin:  3043 10:48:55    -2397.365405        0.196464
MDMin:  3044 10:48:57    -2397.365406        0.195828
MDMin:  3045 10:48:58    -2397.365412        0.193920
MDMin:  3046 10:49:00    -2397.365390        0.400199
MDMin:  3047 10:49:01    -2397.365403        0.401325
MDMin:  3048 10:49:02    -2397.365418        0.195147
MDMin:  3049 10:49:03    -2397.365420        0.194515
MDMin:  3050 10:49:05    -2397.365415        0.403061
MDMin:  3051 10:49:07    -2397.365425        0.193830
MDMin:  3052 10:49:09    -2397.365423        0.403907
MDMin:  3053 10:49:10    -2397.365425        0.195043
MDMin:  3054 10:49:12    -2397.365427        0.194412
MDMin:  3055 10:49:14    -2397.365419        0.404160
MDMin:  3056 10:49:15    -2397.365432        0.193731
MDMin:  3057 10:49:16    -2397.365426        0.405007
MDMin:  3058 10:49:17    -2397.365433        0.194946
MDMin:  3059 10:49:18    -2397.365435        0.194316
MDMin:  3060 10:49:20    -2397.365422        0.405260
MDMin:  3061 10:49:21    -2397.365437        0.406542
MDMin:  3062 10:49:22    -2397.365438        0.196963
MDMin:  3063 10:49:23    -2397.365440        0.196327
MDMin:  3064 10:49:24    -2397.365446        0.194419
MDMin:  3065 10:49:25    -2397.365420        0.406304
MDMin:  3066 10:49:27    -2397.365433        0.407444
MDMin:  3067 10:49:28    -2397.365455        0.195604
MDMin:  3068 10:49:29    -2397.365457        0.194973
MDMin:  3069 10:49:30    -2397.365446        0.409200
MDMin:  3070 10:49:31    -2397.365461        0.410494
MDMin:  3071 10:49:33    -2397.365461        0.197572
MDMin:  3072 10:49:34    -2397.365463        0.196935
MDMin:  3073 10:49:35    -2397.365469        0.195024
MDMin:  3074 10:49:36    -2397.365446        0.410254
MDMin:  3075 10:49:37    -2397.365459        0.411405
MDMin:  3076 10:49:38    -2397.365480        0.196164
MDMin:  3077 10:49:39    -2397.365482        0.195532
MDMin:  3078 10:49:40    -2397.365473        0.413176
MDMin:  3079 10:49:41    -2397.365488        0.414483
MDMin:  3080 10:49:43    -2397.365487        0.198090
MDMin:  3081 10:49:45    -2397.365489        0.197452
MDMin:  3082 10:49:47    -2397.365496        0.195541
MDMin:  3083 10:49:49    -2397.365474        0.414238
MDMin:  3084 10:49:51    -2397.365487        0.415399
MDMin:  3085 10:49:52    -2397.365509        0.196642
MDMin:  3086 10:49:54    -2397.365511        0.196010
MDMin:  3087 10:49:56    -2397.365502        0.417183
MDMin:  3088 10:49:58    -2397.365517        0.418501
MDMin:  3089 10:50:00    -2397.365518        0.198532
MDMin:  3090 10:50:02    -2397.365520        0.197895
MDMin:  3091 10:50:04    -2397.365528        0.195983
MDMin:  3092 10:50:06    -2397.365505        0.418252
MDMin:  3093 10:50:08    -2397.365518        0.419422
MDMin:  3094 10:50:10    -2397.365542        0.197051
MDMin:  3095 10:50:11    -2397.365545        0.196419
MDMin:  3096 10:50:13    -2397.365533        0.421216
MDMin:  3097 10:50:15    -2397.365548        0.422545
MDMin:  3098 10:50:17    -2397.365553        0.198912
MDMin:  3099 10:50:19    -2397.365556        0.198275
MDMin:  3100 10:50:21    -2397.365564        0.196363
MDMin:  3101 10:50:22    -2397.365538        0.422292
MDMin:  3102 10:50:24    -2397.365551        0.423469
MDMin:  3103 10:50:26    -2397.365580        0.197402
MDMin:  3104 10:50:28    -2397.365583        0.196770
MDMin:  3105 10:50:30    -2397.365567        0.425272
MDMin:  3106 10:50:31    -2397.365581        0.426610
MDMin:  3107 10:50:32    -2397.365594        0.199239
MDMin:  3108 10:50:34    -2397.365597        0.198602
MDMin:  3109 10:50:36    -2397.365602        0.428595
MDMin:  3110 10:50:37    -2397.365606        0.197826
MDMin:  3111 10:50:39    -2397.365609        0.197194
MDMin:  3112 10:50:42    -2397.365594        0.428137
MDMin:  3113 10:50:43    -2397.365609        0.429481
MDMin:  3114 10:50:45    -2397.365621        0.199633
MDMin:  3115 10:50:47    -2397.365624        0.198996
MDMin:  3116 10:50:49    -2397.365629        0.431473
MDMin:  3117 10:50:51    -2397.365633        0.198213
MDMin:  3118 10:50:52    -2397.365636        0.197580
MDMin:  3119 10:50:53    -2397.365622        0.431012
MDMin:  3120 10:50:54    -2397.365637        0.432362
MDMin:  3121 10:50:55    -2397.365650        0.199992
MDMin:  3122 10:50:57    -2397.365653        0.199356
MDMin:  3123 10:50:58    -2397.365658        0.434360
MDMin:  3124 10:50:59    -2397.365663        0.198566
MDMin:  3125 10:51:00    -2397.365666        0.197934
MDMin:  3126 10:51:01    -2397.365651        0.433897
MDMin:  3127 10:51:02    -2397.365666        0.435252
MDMin:  3128 10:51:04    -2397.365681        0.200321
MDMin:  3129 10:51:06    -2397.365684        0.199685
MDMin:  3130 10:51:07    -2397.365688        0.437254
MDMin:  3131 10:51:09    -2397.365695        0.198889
MDMin:  3132 10:51:11    -2397.365698        0.438158
MDMin:  3133 10:51:12    -2397.365700        0.199954
MDMin:  3134 10:51:14    -2397.365704        0.199319
MDMin:  3135 10:51:16    -2397.365700        0.438423
MDMin:  3136 10:51:17    -2397.365715        0.198536
MDMin:  3137 10:51:19    -2397.365710        0.439327
MDMin:  3138 10:51:22    -2397.365721        0.199608
MDMin:  3139 10:51:23    -2397.365725        0.198975
MDMin:  3140 10:51:25    -2397.365712        0.439590
MDMin:  3141 10:51:27    -2397.365728        0.440952
MDMin:  3142 10:51:28    -2397.365741        0.201291
MDMin:  3143 10:51:30    -2397.365745        0.200653
MDMin:  3144 10:51:33    -2397.365751        0.442964
MDMin:  3145 10:51:35    -2397.365757        0.199839
MDMin:  3146 10:51:37    -2397.365761        0.199206
MDMin:  3147 10:51:38    -2397.365745        0.442498
MDMin:  3148 10:51:39    -2397.365760        0.443861
MDMin:  3149 10:51:41    -2397.365779        0.201506
MDMin:  3150 10:51:43    -2397.365783        0.200869
MDMin:  3151 10:51:45    -2397.365784        0.445871
MDMin:  3152 10:51:47    -2397.365796        0.200052
MDMin:  3153 10:51:49    -2397.365794        0.446779
MDMin:  3154 10:51:51    -2397.365803        0.201084
MDMin:  3155 10:51:53    -2397.365807        0.200449
MDMin:  3156 10:51:55    -2397.365798        0.447044
MDMin:  3157 10:51:57    -2397.365814        0.448410
MDMin:  3158 10:51:59    -2397.365827        0.203199
MDMin:  3159 10:52:01    -2397.365831        0.202143
MDMin:  3160 10:52:02    -2397.365839        0.450425
MDMin:  3161 10:52:04    -2397.365844        0.201182
MDMin:  3162 10:52:06    -2397.365848        0.200547
MDMin:  3163 10:52:08    -2397.365834        0.449956
MDMin:  3164 10:52:10    -2397.365850        0.451318
MDMin:  3165 10:52:12    -2397.365870        0.204833
MDMin:  3166 10:52:14    -2397.365874        0.203768
MDMin:  3167 10:52:16    -2397.365875        0.453323
MDMin:  3168 10:52:18    -2397.365889        0.202682
MDMin:  3169 10:52:20    -2397.365886        0.454223
MDMin:  3170 10:52:22    -2397.365898        0.204829
MDMin:  3171 10:52:24    -2397.365902        0.203765
MDMin:  3172 10:52:25    -2397.365891        0.454486
MDMin:  3173 10:52:26    -2397.365907        0.455842
MDMin:  3174 10:52:28    -2397.365926        0.208578
MDMin:  3175 10:52:29    -2397.365930        0.207489
MDMin:  3176 10:52:31    -2397.365934        0.457842
MDMin:  3177 10:52:33    -2397.365946        0.206351
MDMin:  3178 10:52:35    -2397.365945        0.458731
MDMin:  3179 10:52:36    -2397.365955        0.208489
MDMin:  3180 10:52:38    -2397.365959        0.207402
MDMin:  3181 10:52:39    -2397.365951        0.458991
MDMin:  3182 10:52:40    -2397.365967        0.460336
MDMin:  3183 10:52:42    -2397.365985        0.212224
MDMin:  3184 10:52:44    -2397.365990        0.211112
MDMin:  3185 10:52:46    -2397.365995        0.462320
MDMin:  3186 10:52:47    -2397.366007        0.209925
MDMin:  3187 10:52:49    -2397.366007        0.463194
MDMin:  3188 10:52:51    -2397.366017        0.212055
MDMin:  3189 10:52:53    -2397.366021        0.210946
MDMin:  3190 10:52:55    -2397.366014        0.463451
MDMin:  3191 10:52:58    -2397.366030        0.464778
MDMin:  3192 10:53:00    -2397.366050        0.215779
MDMin:  3193 10:53:02    -2397.366054        0.214645
MDMin:  3194 10:53:04    -2397.366059        0.466739
MDMin:  3195 10:53:06    -2397.366073        0.213411
MDMin:  3196 10:53:08    -2397.366071        0.467595
MDMin:  3197 10:53:09    -2397.366084        0.215535
MDMin:  3198 10:53:11    -2397.366089        0.214404
MDMin:  3199 10:53:13    -2397.366079        0.467848
MDMin:  3200 10:53:15    -2397.366095        0.469152
MDMin:  3201 10:53:17    -2397.366119        0.219250
MDMin:  3202 10:53:19    -2397.366124        0.218095
MDMin:  3203 10:53:21    -2397.366125        0.471080
MDMin:  3204 10:53:23    -2397.366142        0.472363
MDMin:  3205 10:53:24    -2397.366156        0.222905
MDMin:  3206 10:53:27    -2397.366161        0.221725
MDMin:  3207 10:53:28    -2397.366174        0.474274
MDMin:  3208 10:53:30    -2397.366181        0.220382
MDMin:  3209 10:53:32    -2397.366186        0.475089
MDMin:  3210 10:53:34    -2397.366194        0.222474
MDMin:  3211 10:53:36    -2397.366199        0.221300
MDMin:  3212 10:53:38    -2397.366196        0.475342
MDMin:  3213 10:53:40    -2397.366212        0.476587
MDMin:  3214 10:53:42    -2397.366234        0.226131
MDMin:  3215 10:53:44    -2397.366240        0.224932
MDMin:  3216 10:53:46    -2397.366245        0.478447
MDMin:  3217 10:53:47    -2397.366262        0.223551
MDMin:  3218 10:53:49    -2397.366257        0.479233
MDMin:  3219 10:53:51    -2397.366275        0.225640
MDMin:  3220 10:53:53    -2397.366279        0.480674
MDMin:  3221 10:53:54    -2397.366289        0.227835
MDMin:  3222 10:53:55    -2397.366295        0.226626
MDMin:  3223 10:53:57    -2397.366291        0.480955
MDMin:  3224 10:53:59    -2397.366308        0.482139
MDMin:  3225 10:54:01    -2397.366333        0.231442
MDMin:  3226 10:54:03    -2397.366339        0.230210
MDMin:  3227 10:54:04    -2397.366342        0.483926
MDMin:  3228 10:54:05    -2397.366359        0.485069
MDMin:  3229 10:54:06    -2397.366379        0.234986
MDMin:  3230 10:54:08    -2397.366385        0.233730
MDMin:  3231 10:54:09    -2397.366394        0.486818
MDMin:  3232 10:54:10    -2397.366409        0.232204
MDMin:  3233 10:54:11    -2397.366408        0.487530
MDMin:  3234 10:54:12    -2397.366425        0.234241
MDMin:  3235 10:54:13    -2397.366431        0.488837
MDMin:  3236 10:54:15    -2397.366441        0.236433
MDMin:  3237 10:54:16    -2397.366447        0.235170
MDMin:  3238 10:54:18    -2397.366444        0.489140
MDMin:  3239 10:54:20    -2397.366461        0.490196
MDMin:  3240 10:54:22    -2397.366491        0.239936
MDMin:  3241 10:54:24    -2397.366498        0.238650
MDMin:  3242 10:54:25    -2397.366498        0.491842
MDMin:  3243 10:54:27    -2397.366515        0.492843
MDMin:  3244 10:54:29    -2397.366543        0.243374
MDMin:  3245 10:54:31    -2397.366550        0.242064
MDMin:  3246 10:54:33    -2397.366553        0.494436
MDMin:  3247 10:54:35    -2397.366571        0.495375
MDMin:  3248 10:54:37    -2397.366598        0.246747
MDMin:  3249 10:54:39    -2397.366605        0.245415
MDMin:  3250 10:54:41    -2397.366610        0.496910
MDMin:  3251 10:54:43    -2397.366628        0.497782
MDMin:  3252 10:54:45    -2397.366654        0.250054
MDMin:  3253 10:54:47    -2397.366662        0.248701
MDMin:  3254 10:54:49    -2397.366668        0.499253
MDMin:  3255 10:54:51    -2397.366686        0.500053
MDMin:  3256 10:54:52    -2397.366713        0.253297
MDMin:  3257 10:54:54    -2397.366721        0.251922
MDMin:  3258 10:54:56    -2397.366727        0.501456
MDMin:  3259 10:54:58    -2397.366745        0.502179
MDMin:  3260 10:55:00    -2397.366775        0.256474
MDMin:  3261 10:55:02    -2397.366782        0.255078
MDMin:  3262 10:55:03    -2397.366787        0.503510
MDMin:  3263 10:55:05    -2397.366805        0.504151
MDMin:  3264 10:55:07    -2397.366839        0.259585
MDMin:  3265 10:55:09    -2397.366847        0.258169
MDMin:  3266 10:55:11    -2397.366848        0.505409
MDMin:  3267 10:55:13    -2397.366867        0.505963
MDMin:  3268 10:55:15    -2397.366905        0.262628
MDMin:  3269 10:55:17    -2397.366914        0.261192
MDMin:  3270 10:55:19    -2397.366910        0.507145
MDMin:  3271 10:55:21    -2397.366929        0.507608
MDMin:  3272 10:55:22    -2397.366975        0.265603
MDMin:  3273 10:55:24    -2397.366980        0.508728
MDMin:  3274 10:55:26    -2397.366998        0.267674
MDMin:  3275 10:55:28    -2397.367007        0.266204
MDMin:  3276 10:55:30    -2397.367002        0.509330
MDMin:  3277 10:55:31    -2397.367020        0.509646
MDMin:  3278 10:55:32    -2397.367072        0.270509
MDMin:  3279 10:55:33    -2397.367072        0.510415
MDMin:  3280 10:55:34    -2397.367097        0.272546
MDMin:  3281 10:55:35    -2397.367101        0.510780
MDMin:  3282 10:55:37    -2397.367122        0.274563
MDMin:  3283 10:55:39    -2397.367130        0.511092
MDMin:  3284 10:55:40    -2397.367148        0.276562
MDMin:  3285 10:55:41    -2397.367158        0.275029
MDMin:  3286 10:55:42    -2397.367154        0.511882
MDMin:  3287 10:55:44    -2397.367173        0.511932
MDMin:  3288 10:55:46    -2397.367228        0.279111
MDMin:  3289 10:55:48    -2397.367227        0.512070
MDMin:  3290 10:55:49    -2397.367255        0.281072
MDMin:  3291 10:55:51    -2397.367256        0.512156
MDMin:  3292 10:55:53    -2397.367283        0.283012
MDMin:  3293 10:55:54    -2397.367286        0.512185
MDMin:  3294 10:55:56    -2397.367311        0.284931
MDMin:  3295 10:55:57    -2397.367317        0.512158
MDMin:  3296 10:55:59    -2397.367340        0.286828
MDMin:  3297 10:56:00    -2397.367347        0.512074
MDMin:  3298 10:56:02    -2397.367369        0.288703
MDMin:  3299 10:56:03    -2397.367378        0.511933
MDMin:  3300 10:56:05    -2397.367399        0.290556
MDMin:  3301 10:56:06    -2397.367409        0.511736
MDMin:  3302 10:56:07    -2397.367429        0.292386
MDMin:  3303 10:56:08    -2397.367440        0.290737
MDMin:  3304 10:56:09    -2397.367438        0.513026
MDMin:  3305 10:56:10    -2397.367458        0.512550
MDMin:  3306 10:56:12    -2397.367515        0.510851
MDMin:  3307 10:56:13    -2397.367583        0.304729
MDMin:  3308 10:56:14    -2397.367595        0.302974
MDMin:  3309 10:56:15    -2397.367613        0.510281
MDMin:  3310 10:56:16    -2397.367633        0.509433
MDMin:  3311 10:56:18    -2397.367683        0.306060
MDMin:  3312 10:56:20    -2397.367693        0.507563
MDMin:  3313 10:56:22    -2397.367718        0.307669
MDMin:  3314 10:56:23    -2397.367726        0.506844
MDMin:  3315 10:56:25    -2397.367753        0.309253
MDMin:  3316 10:56:27    -2397.367760        0.506077
MDMin:  3317 10:56:29    -2397.367789        0.310812
MDMin:  3318 10:56:31    -2397.367794        0.505263
MDMin:  3319 10:56:32    -2397.367825        0.312344
MDMin:  3320 10:56:33    -2397.367828        0.504405
MDMin:  3321 10:56:34    -2397.367862        0.313850
MDMin:  3322 10:56:35    -2397.367863        0.503502
MDMin:  3323 10:56:36    -2397.367897        0.501332
MDMin:  3324 10:56:38    -2397.367954        0.322503
MDMin:  3325 10:56:39    -2397.367967        0.320601
MDMin:  3326 10:56:40    -2397.367976        0.501601
MDMin:  3327 10:56:41    -2397.367997        0.500118
MDMin:  3328 10:56:43    -2397.368060        0.495484
MDMin:  3329 10:56:44    -2397.368152        0.332490
MDMin:  3330 10:56:45    -2397.368167        0.330494
MDMin:  3331 10:56:46    -2397.368172        0.493731
MDMin:  3332 10:56:48    -2397.368194        0.491929
MDMin:  3333 10:56:50    -2397.368259        0.486410
MDMin:  3334 10:56:52    -2397.368368        0.341437
MDMin:  3335 10:56:53    -2397.368370        0.478565
MDMin:  3336 10:56:55    -2397.368408        0.475152
MDMin:  3337 10:56:56    -2397.368482        0.348604
MDMin:  3338 10:56:57    -2397.368493        0.469757
MDMin:  3339 10:56:58    -2397.368531        0.349249
MDMin:  3340 10:57:00    -2397.368534        0.468979
MDMin:  3341 10:57:02    -2397.368571        0.465419
MDMin:  3342 10:57:03    -2397.368653        0.355348
MDMin:  3343 10:57:05    -2397.368658        0.459923
MDMin:  3344 10:57:06    -2397.368697        0.456090
MDMin:  3345 10:57:07    -2397.368781        0.361504
MDMin:  3346 10:57:09    -2397.368787        0.450443
MDMin:  3347 10:57:11    -2397.368827        0.446492
MDMin:  3348 10:57:13    -2397.368914        0.367150
MDMin:  3349 10:57:14    -2397.368919        0.440892
MDMin:  3350 10:57:16    -2397.368961        0.436862
MDMin:  3351 10:57:18    -2397.369051        0.428033
MDMin:  3352 10:57:20    -2397.369188        0.379700
MDMin:  3353 10:57:22    -2397.369198        0.417990
MDMin:  3354 10:57:24    -2397.369241        0.413953
MDMin:  3355 10:57:25    -2397.369336        0.405276
MDMin:  3356 10:57:27    -2397.369485        0.392124
MDMin:  3357 10:57:28    -2397.369690        0.375000
MDMin:  3358 10:57:29    -2397.369958        0.354852
MDMin:  3359 10:57:31    -2397.370294        0.332984
MDMin:  3360 10:57:33    -2397.370703        0.310753
MDMin:  3361 10:57:35    -2397.371191        0.289207
MDMin:  3362 10:57:37    -2397.371762        0.268909
MDMin:  3363 10:57:39    -2397.372420        0.250012
MDMin:  3364 10:57:40    -2397.373166        0.232462
MDMin:  3365 10:57:42    -2397.374000        0.216169
MDMin:  3366 10:57:43    -2397.373300        0.201089
MDMin:  3367 10:57:45    -2397.374351        0.189365
MDMin:  3368 10:57:47    -2397.375277        0.196907
MDMin:  3369 10:57:48    -2397.375796        0.204561
MDMin:  3370 10:57:50    -2397.374081        0.210630
MDMin:  3371 10:57:51    -2397.374749        0.216292
MDMin:  3372 10:57:53    -2397.375324        0.221963
MDMin:  3373 10:57:54    -2397.375805        0.227973
MDMin:  3374 10:57:56    -2397.376194        0.235134
MDMin:  3375 10:57:57    -2397.376497        0.244886
MDMin:  3376 10:57:59    -2397.376719        0.259253
MDMin:  3377 10:58:00    -2397.376868        0.280267
MDMin:  3378 10:58:02    -2397.376956        0.311827
MDMin:  3379 10:58:04    -2397.376990        0.352143
MDMin:  3380 10:58:05    -2397.376986        0.386911
MDMin:  3381 10:58:07    -2397.376960        0.394839
MDMin:  3382 10:58:08    -2397.376936        0.385936
MDMin:  3383 10:58:09    -2397.376910        0.369714
MDMin:  3384 10:58:10    -2397.376877        0.346359
MDMin:  3385 10:58:11    -2397.376836        0.318517
MDMin:  3386 10:58:13    -2397.376786        0.289884
MDMin:  3387 10:58:14    -2397.376726        0.262759
MDMin:  3388 10:58:16    -2397.376655        0.237920
MDMin:  3389 10:58:18    -2397.376574        0.215622
MDMin:  3390 10:58:20    -2397.376484        0.216782
MDMin:  3391 10:58:21    -2397.376388        0.219217
MDMin:  3392 10:58:23    -2397.376303        0.273679
MDMin:  3393 10:58:24    -2397.376245        0.221736
MDMin:  3394 10:58:25    -2397.376197        0.222326
MDMin:  3395 10:58:27    -2397.376144        0.222874
MDMin:  3396 10:58:29    -2397.376085        0.223386
MDMin:  3397 10:58:31    -2397.376018        0.223839
MDMin:  3398 10:58:33    -2397.375944        0.224216
MDMin:  3399 10:58:35    -2397.375863        0.224506
MDMin:  3400 10:58:37    -2397.375774        0.224715
MDMin:  3401 10:58:39    -2397.375679        0.224866
MDMin:  3402 10:58:40    -2397.375578        0.224999
MDMin:  3403 10:58:41    -2397.375474        0.225167
MDMin:  3404 10:58:42    -2397.375374        0.228044
MDMin:  3405 10:58:43    -2397.375297        0.251747
MDMin:  3406 10:58:45    -2397.375245        0.225936
MDMin:  3407 10:58:47    -2397.375194        0.226208
MDMin:  3408 10:58:48    -2397.375137        0.226546
MDMin:  3409 10:58:49    -2397.375074        0.226966
MDMin:  3410 10:58:51    -2397.375003        0.227475
MDMin:  3411 10:58:52    -2397.374926        0.228082
MDMin:  3412 10:58:53    -2397.374841        0.228783
MDMin:  3413 10:58:54    -2397.374749        0.229570
MDMin:  3414 10:58:56    -2397.374650        0.230425
MDMin:  3415 10:58:58    -2397.374545        0.231320
MDMin:  3416 10:58:59    -2397.374437        0.233354
MDMin:  3417 10:59:00    -2397.374335        0.248993
MDMin:  3418 10:59:01    -2397.374259        0.250990
MDMin:  3419 10:59:02    -2397.374205        0.258297
MDMin:  3420 10:59:04    -2397.374149        0.266762
MDMin:  3421 10:59:05    -2397.374086        0.277118
MDMin:  3422 10:59:07    -2397.374016        0.289254
MDMin:  3423 10:59:09    -2397.373939        0.302145
MDMin:  3424 10:59:11    -2397.373854        0.313051
MDMin:  3425 10:59:13    -2397.373763        0.316519
MDMin:  3426 10:59:14    -2397.373663        0.304626
MDMin:  3427 10:59:16    -2397.373554        0.273531
MDMin:  3428 10:59:17    -2397.373434        0.254966
MDMin:  3429 10:59:18    -2397.373303        0.251790
MDMin:  3430 10:59:19    -2397.373172        0.247657
MDMin:  3431 10:59:21    -2397.373070        0.305183
MDMin:  3432 10:59:22    -2397.373014        0.247305
MDMin:  3433 10:59:24    -2397.372956        0.246895
MDMin:  3434 10:59:25    -2397.372889        0.246322
MDMin:  3435 10:59:27    -2397.372811        0.245574
MDMin:  3436 10:59:29    -2397.372724        0.244659
MDMin:  3437 10:59:30    -2397.372626        0.243609
MDMin:  3438 10:59:32    -2397.372518        0.242476
MDMin:  3439 10:59:33    -2397.372398        0.241335
MDMin:  3440 10:59:35    -2397.372268        0.240263
MDMin:  3441 10:59:37    -2397.372127        0.239331
MDMin:  3442 10:59:39    -2397.371976        0.238574
MDMin:  3443 10:59:40    -2397.371820        0.237975
MDMin:  3444 10:59:42    -2397.371681        0.277547
MDMin:  3445 10:59:43    -2397.371600        0.237147
MDMin:  3446 10:59:45    -2397.371542        0.236867
MDMin:  3447 10:59:46    -2397.371476        0.236523
MDMin:  3448 10:59:48    -2397.371402        0.236076
MDMin:  3449 10:59:50    -2397.371318        0.235485
MDMin:  3450 10:59:52    -2397.371224        0.234691
MDMin:  3451 10:59:54    -2397.371121        0.233621
MDMin:  3452 10:59:56    -2397.371010        0.232190
MDMin:  3453 10:59:57    -2397.370888        0.230306
MDMin:  3454 10:59:59    -2397.370759        0.227887
MDMin:  3455 11:00:01    -2397.370620        0.224881
MDMin:  3456 11:00:02    -2397.370474        0.221295
MDMin:  3457 11:00:03    -2397.370324        0.217277
MDMin:  3458 11:00:05    -2397.370186        0.242902
MDMin:  3459 11:00:06    -2397.370097        0.233881
MDMin:  3460 11:00:07    -2397.370047        0.221219
MDMin:  3461 11:00:09    -2397.369992        0.221619
MDMin:  3462 11:00:10    -2397.369928        0.221907
MDMin:  3463 11:00:12    -2397.369857        0.222011
MDMin:  3464 11:00:14    -2397.369778        0.221851
MDMin:  3465 11:00:15    -2397.369692        0.221342
MDMin:  3466 11:00:17    -2397.369600        0.220404
MDMin:  3467 11:00:18    -2397.369501        0.218960
MDMin:  3468 11:00:19    -2397.369397        0.216949
MDMin:  3469 11:00:20    -2397.369288        0.214330
MDMin:  3470 11:00:22    -2397.369175        0.211085
MDMin:  3471 11:00:24    -2397.369060        0.214749
MDMin:  3472 11:00:26    -2397.368944        0.226354
MDMin:  3473 11:00:27    -2397.368830        0.233825
MDMin:  3474 11:00:29    -2397.368728        0.243017
MDMin:  3475 11:00:30    -2397.368659        0.259324
MDMin:  3476 11:00:32    -2397.368622        0.217976
MDMin:  3477 11:00:33    -2397.368581        0.211103
MDMin:  3478 11:00:34    -2397.368535        0.211243
MDMin:  3479 11:00:36    -2397.368484        0.210864
MDMin:  3480 11:00:37    -2397.368428        0.209751
MDMin:  3481 11:00:38    -2397.368368        0.207740
MDMin:  3482 11:00:39    -2397.368304        0.204784
MDMin:  3483 11:00:41    -2397.368236        0.200982
MDMin:  3484 11:00:42    -2397.368166        0.196539
MDMin:  3485 11:00:43    -2397.368095        0.196347
MDMin:  3486 11:00:44    -2397.368024        0.202005
MDMin:  3487 11:00:46    -2397.367955        0.207689
MDMin:  3488 11:00:47    -2397.367895        0.226463
MDMin:  3489 11:00:48    -2397.367857        0.245171
MDMin:  3490 11:00:50    -2397.367839        0.217787
MDMin:  3491 11:00:51    -2397.367819        0.219614
MDMin:  3492 11:00:52    -2397.367797        0.221696
MDMin:  3493 11:00:54    -2397.367774        0.224021
MDMin:  3494 11:00:55    -2397.367749        0.226570
MDMin:  3495 11:00:56    -2397.367725        0.229324
MDMin:  3496 11:00:58    -2397.367701        0.232259
MDMin:  3497 11:01:00    -2397.367678        0.235348
MDMin:  3498 11:01:02    -2397.367658        0.238559
MDMin:  3499 11:01:03    -2397.367642        0.241855
MDMin:  3500 11:01:05    -2397.367631        0.245188
MDMin:  3501 11:01:07    -2397.367627        0.248501
MDMin:  3502 11:01:08    -2397.367632        0.251721
MDMin:  3503 11:01:10    -2397.367647        0.254764
MDMin:  3504 11:01:12    -2397.367673        0.257416
MDMin:  3505 11:01:13    -2397.367697        0.290937
MDMin:  3506 11:01:15    -2397.367709        0.259602
MDMin:  3507 11:01:16    -2397.367724        0.260262
MDMin:  3508 11:01:17    -2397.367743        0.260977
MDMin:  3509 11:01:19    -2397.367768        0.261716
MDMin:  3510 11:01:20    -2397.367798        0.262446
MDMin:  3511 11:01:22    -2397.367836        0.263121
MDMin:  3512 11:01:24    -2397.367882        0.263689
MDMin:  3513 11:01:26    -2397.367938        0.264090
MDMin:  3514 11:01:27    -2397.368006        0.264251
MDMin:  3515 11:01:29    -2397.368088        0.264093
MDMin:  3516 11:01:30    -2397.368185        0.263529
MDMin:  3517 11:01:32    -2397.368301        0.262465
MDMin:  3518 11:01:33    -2397.368439        0.260810
MDMin:  3519 11:01:35    -2397.368600        0.258479
MDMin:  3520 11:01:36    -2397.368790        0.255401
MDMin:  3521 11:01:37    -2397.369010        0.251545
MDMin:  3522 11:01:38    -2397.369256        0.247064
MDMin:  3523 11:01:39    -2397.369462        0.351615
MDMin:  3524 11:01:41    -2397.369528        0.242013
MDMin:  3525 11:01:42    -2397.369616        0.240376
MDMin:  3526 11:01:43    -2397.369722        0.238449
MDMin:  3527 11:01:45    -2397.369845        0.236216
MDMin:  3528 11:01:47    -2397.369989        0.233666
MDMin:  3529 11:01:48    -2397.370154        0.230795
MDMin:  3530 11:01:50    -2397.370344        0.227599
MDMin:  3531 11:01:51    -2397.370559        0.224083
MDMin:  3532 11:01:52    -2397.370803        0.220255
MDMin:  3533 11:01:53    -2397.371079        0.216136
MDMin:  3534 11:01:55    -2397.371388        0.211752
MDMin:  3535 11:01:57    -2397.371734        0.207146
MDMin:  3536 11:01:59    -2397.372119        0.202384
MDMin:  3537 11:02:00    -2397.372534        0.197644
MDMin:  3538 11:02:02    -2397.372923        0.249792
MDMin:  3539 11:02:03    -2397.373142        0.191474
MDMin:  3540 11:02:05    -2397.373286        0.190154
MDMin:  3541 11:02:07    -2397.373455        0.188669
MDMin:  3542 11:02:08    -2397.373652        0.187008
MDMin:  3543 11:02:10    -2397.373879        0.185196
MDMin:  3544 11:02:11    -2397.374138        0.183268
MDMin:  3545 11:02:12    -2397.374429        0.181266
MDMin:  3546 11:02:13    -2397.374754        0.179247
MDMin:  3547 11:02:14    -2397.375114        0.177284
MDMin:  3548 11:02:16    -2397.375510        0.179257
MDMin:  3549 11:02:18    -2397.375942        0.186120
MDMin:  3550 11:02:20    -2397.376412        0.193834
MDMin:  3551 11:02:22    -2397.376919        0.201633
MDMin:  3552 11:02:24    -2397.376661        0.207823
MDMin:  3553 11:02:26    -2397.377066        0.209795
MDMin:  3554 11:02:28    -2397.377399        0.205857
MDMin:  3555 11:02:29    -2397.377641        0.228770
MDMin:  3556 11:02:31    -2397.377762        0.201469
MDMin:  3557 11:02:32    -2397.377824        0.187586
MDMin:  3558 11:02:33    -2397.377889        0.183576
MDMin:  3559 11:02:35    -2397.377957        0.179214
MDMin:  3560 11:02:37    -2397.378026        0.176874
MDMin:  3561 11:02:39    -2397.378093        0.176703
MDMin:  3562 11:02:41    -2397.378156        0.176303
MDMin:  3563 11:02:42    -2397.378211        0.175633
MDMin:  3564 11:02:44    -2397.378259        0.174661
MDMin:  3565 11:02:46    -2397.378296        0.173354
MDMin:  3566 11:02:48    -2397.378320        0.171692
MDMin:  3567 11:02:50    -2397.378332        0.173287
MDMin:  3568 11:02:52    -2397.378329        0.175045
MDMin:  3569 11:02:54    -2397.378311        0.176910
MDMin:  3570 11:02:56    -2397.378278        0.178840
MDMin:  3571 11:02:57    -2397.378239        0.259202
MDMin:  3572 11:02:59    -2397.378217        0.181206
MDMin:  3573 11:03:00    -2397.378199        0.181775
MDMin:  3574 11:03:01    -2397.378177        0.182452
MDMin:  3575 11:03:03    -2397.378149        0.183250
MDMin:  3576 11:03:04    -2397.378117        0.184175
MDMin:  3577 11:03:07    -2397.378079        0.185237
MDMin:  3578 11:03:09    -2397.378034        0.186445
MDMin:  3579 11:03:11    -2397.377981        0.187811
MDMin:  3580 11:03:12    -2397.377921        0.189346
MDMin:  3581 11:03:14    -2397.377853        0.191064
MDMin:  3582 11:03:16    -2397.377776        0.192982
MDMin:  3583 11:03:18    -2397.377689        0.195115
MDMin:  3584 11:03:20    -2397.377591        0.197481
MDMin:  3585 11:03:22    -2397.377484        0.200093
MDMin:  3586 11:03:23    -2397.377367        0.202939
MDMin:  3587 11:03:24    -2397.377248        0.205826
MDMin:  3588 11:03:26    -2397.377161        0.241089
MDMin:  3589 11:03:28    -2397.377126        0.208676
MDMin:  3590 11:03:29    -2397.377082        0.209691
MDMin:  3591 11:03:30    -2397.377031        0.210888
MDMin:  3592 11:03:31    -2397.376973        0.212275
MDMin:  3593 11:03:32    -2397.376906        0.213861
MDMin:  3594 11:03:33    -2397.376832        0.215651
MDMin:  3595 11:03:35    -2397.376749        0.217654
MDMin:  3596 11:03:36    -2397.376658        0.219874
MDMin:  3597 11:03:37    -2397.376559        0.222314
MDMin:  3598 11:03:38    -2397.376451        0.224974
MDMin:  3599 11:03:40    -2397.376334        0.227875
MDMin:  3600 11:03:41    -2397.376208        0.231017
MDMin:  3601 11:03:43    -2397.376073        0.234386
MDMin:  3602 11:03:44    -2397.375929        0.237954
MDMin:  3603 11:03:45    -2397.375778        0.241669
MDMin:  3604 11:03:47    -2397.375623        0.245367
MDMin:  3605 11:03:49    -2397.375488        0.248447
MDMin:  3606 11:03:51    -2397.375420        0.249912
MDMin:  3607 11:03:53    -2397.375368        0.250996
MDMin:  3608 11:03:55    -2397.375310        0.252207
MDMin:  3609 11:03:57    -2397.375243        0.253557
MDMin:  3610 11:03:59    -2397.375167        0.255027
MDMin:  3611 11:04:01    -2397.375084        0.256593
MDMin:  3612 11:04:02    -2397.374992        0.258224
MDMin:  3613 11:04:03    -2397.374892        0.259884
MDMin:  3614 11:04:05    -2397.374784        0.261526
MDMin:  3615 11:04:06    -2397.374668        0.263100
MDMin:  3616 11:04:08    -2397.374544        0.264546
MDMin:  3617 11:04:10    -2397.374412        0.265800
MDMin:  3618 11:04:11    -2397.374273        0.266794
MDMin:  3619 11:04:13    -2397.374127        0.267458
MDMin:  3620 11:04:15    -2397.373976        0.267723
MDMin:  3621 11:04:17    -2397.373826        0.267547
MDMin:  3622 11:04:19    -2397.373705        0.267049
MDMin:  3623 11:04:21    -2397.373641        0.266636
MDMin:  3624 11:04:23    -2397.373585        0.266212
MDMin:  3625 11:04:25    -2397.373521        0.265674
MDMin:  3626 11:04:26    -2397.373450        0.264992
MDMin:  3627 11:04:28    -2397.373370        0.264141
MDMin:  3628 11:04:29    -2397.373283        0.263094
MDMin:  3629 11:04:30    -2397.373189        0.261822
MDMin:  3630 11:04:31    -2397.373087        0.260298
MDMin:  3631 11:04:33    -2397.372978        0.258496
MDMin:  3632 11:04:34    -2397.372862        0.256396
MDMin:  3633 11:04:36    -2397.372740        0.253980
MDMin:  3634 11:04:38    -2397.372611        0.251246
MDMin:  3635 11:04:39    -2397.372478        0.248205
MDMin:  3636 11:04:40    -2397.372343        0.244939
MDMin:  3637 11:04:42    -2397.372215        0.241737
MDMin:  3638 11:04:44    -2397.372123        0.239377
MDMin:  3639 11:04:46    -2397.372070        0.238036
MDMin:  3640 11:04:47    -2397.372017        0.236705
MDMin:  3641 11:04:49    -2397.371957        0.235235
MDMin:  3642 11:04:50    -2397.371891        0.233641
MDMin:  3643 11:04:51    -2397.371819        0.231953
MDMin:  3644 11:04:52    -2397.371741        0.230221
MDMin:  3645 11:04:54    -2397.371657        0.228506
MDMin:  3646 11:04:56    -2397.371568        0.226887
MDMin:  3647 11:04:57    -2397.371475        0.225449
MDMin:  3648 11:04:59    -2397.371377        0.224273
MDMin:  3649 11:05:00    -2397.371276        0.223400
MDMin:  3650 11:05:01    -2397.371171        0.222798
MDMin:  3651 11:05:03    -2397.371064        0.222335
MDMin:  3652 11:05:05    -2397.370960        0.221822
MDMin:  3653 11:05:07    -2397.370872        0.242727
MDMin:  3654 11:05:08    -2397.370821        0.220632
MDMin:  3655 11:05:10    -2397.370782        0.220118
MDMin:  3656 11:05:12    -2397.370740        0.219476
MDMin:  3657 11:05:14    -2397.370693        0.218662
MDMin:  3658 11:05:16    -2397.370642        0.218297
MDMin:  3659 11:05:18    -2397.370587        0.220797
MDMin:  3660 11:05:20    -2397.370528        0.223607
MDMin:  3661 11:05:21    -2397.370467        0.226747
MDMin:  3662 11:05:22    -2397.370403        0.230241
MDMin:  3663 11:05:23    -2397.370338        0.234114
MDMin:  3664 11:05:24    -2397.370273        0.238384
MDMin:  3665 11:05:26    -2397.370208        0.243035
MDMin:  3666 11:05:28    -2397.370148        0.247859
MDMin:  3667 11:05:30    -2397.370102        0.251991
MDMin:  3668 11:05:31    -2397.370076        0.254464
MDMin:  3669 11:05:32    -2397.370055        0.256676
MDMin:  3670 11:05:34    -2397.370032        0.259194
MDMin:  3671 11:05:36    -2397.370007        0.262109
MDMin:  3672 11:05:38    -2397.369981        0.265459
MDMin:  3673 11:05:39    -2397.369954        0.269288
MDMin:  3674 11:05:41    -2397.369927        0.273644
MDMin:  3675 11:05:43    -2397.369901        0.278591
MDMin:  3676 11:05:44    -2397.369876        0.284203
MDMin:  3677 11:05:45    -2397.369853        0.290558
MDMin:  3678 11:05:47    -2397.369834        0.297711
MDMin:  3679 11:05:49    -2397.369819        0.305580
MDMin:  3680 11:05:51    -2397.369810        0.313526
MDMin:  3681 11:05:53    -2397.369806        0.319817
MDMin:  3682 11:05:55    -2397.369804        0.324202
MDMin:  3683 11:05:57    -2397.369804        0.328788
MDMin:  3684 11:05:58    -2397.369806        0.334096
MDMin:  3685 11:05:59    -2397.369809        0.340247
MDMin:  3686 11:06:00    -2397.369815        0.347316
MDMin:  3687 11:06:01    -2397.369824        0.355364
MDMin:  3688 11:06:02    -2397.369838        0.364426
MDMin:  3689 11:06:04    -2397.369856        0.374493
MDMin:  3690 11:06:05    -2397.369879        0.385471
MDMin:  3691 11:06:06    -2397.369909        0.397139
MDMin:  3692 11:06:07    -2397.369945        0.409018
MDMin:  3693 11:06:09    -2397.369987        0.420171
MDMin:  3694 11:06:10    -2397.370030        0.429100
MDMin:  3695 11:06:12    -2397.370064        0.434707
MDMin:  3696 11:06:13    -2397.370093        0.438341
MDMin:  3697 11:06:15    -2397.370124        0.441369
MDMin:  3698 11:06:16    -2397.370161        0.443768
MDMin:  3699 11:06:18    -2397.370203        0.445156
MDMin:  3700 11:06:20    -2397.370253        0.445046
MDMin:  3701 11:06:21    -2397.370312        0.442911
MDMin:  3702 11:06:23    -2397.370379        0.438250
MDMin:  3703 11:06:25    -2397.370456        0.430678
MDMin:  3704 11:06:26    -2397.370545        0.420068
MDMin:  3705 11:06:28    -2397.370643        0.406820
MDMin:  3706 11:06:30    -2397.370743        0.392537
MDMin:  3707 11:06:32    -2397.370827        0.381986
MDMin:  3708 11:06:34    -2397.370886        0.383116
MDMin:  3709 11:06:36    -2397.370946        0.383907
MDMin:  3710 11:06:38    -2397.371015        0.384433
MDMin:  3711 11:06:40    -2397.371095        0.384581
MDMin:  3712 11:06:42    -2397.371186        0.384200
MDMin:  3713 11:06:43    -2397.371291        0.383123
MDMin:  3714 11:06:45    -2397.371411        0.381177
MDMin:  3715 11:06:47    -2397.371545        0.378199
MDMin:  3716 11:06:49    -2397.371696        0.374072
MDMin:  3717 11:06:50    -2397.371859        0.368841
MDMin:  3718 11:06:51    -2397.372020        0.363076
MDMin:  3719 11:06:53    -2397.372145        0.358312
MDMin:  3720 11:06:54    -2397.372233        0.354874
MDMin:  3721 11:06:56    -2397.372325        0.351256
MDMin:  3722 11:06:58    -2397.372430        0.347085
MDMin:  3723 11:07:00    -2397.372550        0.342290
MDMin:  3724 11:07:02    -2397.372687        0.336853
MDMin:  3725 11:07:04    -2397.372842        0.330782
MDMin:  3726 11:07:05    -2397.373016        0.324114
MDMin:  3727 11:07:06    -2397.373210        0.316926
MDMin:  3728 11:07:07    -2397.373424        0.309358
MDMin:  3729 11:07:09    -2397.373654        0.301674
MDMin:  3730 11:07:11    -2397.373887        0.294468
MDMin:  3731 11:07:12    -2397.374080        0.288943
MDMin:  3732 11:07:14    -2397.374208        0.285501
MDMin:  3733 11:07:16    -2397.374330        0.283075
MDMin:  3734 11:07:18    -2397.374466        0.283807
MDMin:  3735 11:07:19    -2397.374621        0.284646
MDMin:  3736 11:07:20    -2397.374796        0.285602
MDMin:  3737 11:07:21    -2397.374991        0.286683
MDMin:  3738 11:07:23    -2397.375207        0.287893
MDMin:  3739 11:07:25    -2397.375445        0.289232
MDMin:  3740 11:07:27    -2397.375705        0.290684
MDMin:  3741 11:07:29    -2397.375984        0.292216
MDMin:  3742 11:07:31    -2397.376276        0.293748
MDMin:  3743 11:07:32    -2397.376554        0.295119
MDMin:  3744 11:07:34    -2397.376774        0.296110
MDMin:  3745 11:07:35    -2397.376933        0.296774
MDMin:  3746 11:07:36    -2397.376863        0.297375
MDMin:  3747 11:07:38    -2397.377032        0.297957
MDMin:  3748 11:07:39    -2397.377201        0.298527
MDMin:  3749 11:07:40    -2397.377366        0.299049
MDMin:  3750 11:07:42    -2397.377518        0.299474
MDMin:  3751 11:07:43    -2397.377244        0.299736
MDMin:  3752 11:07:45    -2397.377407        0.301340
MDMin:  3753 11:07:47    -2397.377552        0.304018
MDMin:  3754 11:07:49    -2397.377678        0.306646
MDMin:  3755 11:07:50    -2397.377782        0.309097
MDMin:  3756 11:07:51    -2397.377865        0.311180
MDMin:  3757 11:07:52    -2397.377921        0.312648
MDMin:  3758 11:07:53    -2397.377953        0.313389
MDMin:  3759 11:07:55    -2397.377971        0.313707
MDMin:  3760 11:07:56    -2397.377985        0.313856
MDMin:  3761 11:07:58    -2397.377996        0.313842
MDMin:  3762 11:07:59    -2397.378004        0.313612
MDMin:  3763 11:08:01    -2397.378008        0.313103
MDMin:  3764 11:08:02    -2397.378007        0.312260
MDMin:  3765 11:08:03    -2397.378000        0.311043
MDMin:  3766 11:08:04    -2397.377985        0.309424
MDMin:  3767 11:08:06    -2397.377963        0.311863
MDMin:  3768 11:08:08    -2397.377934        0.315048
MDMin:  3769 11:08:09    -2397.377900        0.317815
MDMin:  3770 11:08:10    -2397.377867        0.319823
MDMin:  3771 11:08:11    -2397.377842        0.321089
MDMin:  3772 11:08:13    -2397.377818        0.322169
MDMin:  3773 11:08:14    -2397.377790        0.323274
MDMin:  3774 11:08:15    -2397.377758        0.324422
MDMin:  3775 11:08:17    -2397.377720        0.325597
MDMin:  3776 11:08:19    -2397.377676        0.326785
MDMin:  3777 11:08:21    -2397.377626        0.327970
MDMin:  3778 11:08:23    -2397.377570        0.329147
MDMin:  3779 11:08:25    -2397.377507        0.330312
MDMin:  3780 11:08:27    -2397.377438        0.331460
MDMin:  3781 11:08:28    -2397.377367        0.332549
MDMin:  3782 11:08:29    -2397.377305        0.333445
MDMin:  3783 11:08:31    -2397.377260        0.334049
MDMin:  3784 11:08:33    -2397.377221        0.334571
MDMin:  3785 11:08:35    -2397.377178        0.335156
MDMin:  3786 11:08:36    -2397.377130        0.335839
MDMin:  3787 11:08:38    -2397.377075        0.336639
MDMin:  3788 11:08:40    -2397.377014        0.337577
MDMin:  3789 11:08:42    -2397.376946        0.338672
MDMin:  3790 11:08:43    -2397.376872        0.339947
MDMin:  3791 11:08:45    -2397.376790        0.343038
MDMin:  3792 11:08:47    -2397.376703        0.346721
MDMin:  3793 11:08:48    -2397.376613        0.350538
MDMin:  3794 11:08:49    -2397.376530        0.354074
MDMin:  3795 11:08:50    -2397.376469        0.356666
MDMin:  3796 11:08:51    -2397.376423        0.358635
MDMin:  3797 11:08:52    -2397.376374        0.360720
MDMin:  3798 11:08:54    -2397.376319        0.363093
MDMin:  3799 11:08:56    -2397.376258        0.365797
MDMin:  3800 11:08:58    -2397.376189        0.368861
MDMin:  3801 11:09:00    -2397.376114        0.372315
MDMin:  3802 11:09:01    -2397.376032        0.376192
MDMin:  3803 11:09:04    -2397.375944        0.380523
MDMin:  3804 11:09:05    -2397.375849        0.385325
MDMin:  3805 11:09:07    -2397.375749        0.390545
MDMin:  3806 11:09:08    -2397.375653        0.395864
MDMin:  3807 11:09:09    -2397.375573        0.400380
MDMin:  3808 11:09:10    -2397.375518        0.403600
MDMin:  3809 11:09:12    -2397.375466        0.406673
MDMin:  3810 11:09:14    -2397.375410        0.410135
MDMin:  3811 11:09:15    -2397.375348        0.414126
MDMin:  3812 11:09:17    -2397.375278        0.418720
MDMin:  3813 11:09:19    -2397.375202        0.423990
MDMin:  3814 11:09:21    -2397.375120        0.430014
MDMin:  3815 11:09:23    -2397.375031        0.436876
MDMin:  3816 11:09:25    -2397.374937        0.444652
MDMin:  3817 11:09:26    -2397.374837        0.453355
MDMin:  3818 11:09:28    -2397.374737        0.462764
MDMin:  3819 11:09:30    -2397.374646        0.471978
MDMin:  3820 11:09:32    -2397.374575        0.479528
MDMin:  3821 11:09:34    -2397.374519        0.485709
MDMin:  3822 11:09:36    -2397.374464        0.492102
MDMin:  3823 11:09:37    -2397.374404        0.499361
MDMin:  3824 11:09:39    -2397.374338        0.507711
MDMin:  3825 11:09:41    -2397.374266        0.517295
MDMin:  3826 11:09:43    -2397.374188        0.528248
MDMin:  3827 11:09:45    -2397.374104        0.540706
MDMin:  3828 11:09:46    -2397.374016        0.554791
MDMin:  3829 11:09:48    -2397.373923        0.570570
MDMin:  3830 11:09:49    -2397.373827        0.587941
MDMin:  3831 11:09:50    -2397.373733        0.606293
MDMin:  3832 11:09:52    -2397.373647        0.624036
MDMin:  3833 11:09:53    -2397.373578        0.639152
MDMin:  3834 11:09:55    -2397.373520        0.652263
MDMin:  3835 11:09:56    -2397.373463        0.665720
MDMin:  3836 11:09:58    -2397.373402        0.680602
MDMin:  3837 11:10:00    -2397.373337        0.697288
MDMin:  3838 11:10:01    -2397.373266        0.715949
MDMin:  3839 11:10:03    -2397.373191        0.736674
MDMin:  3840 11:10:04    -2397.373111        0.759484
MDMin:  3841 11:10:05    -2397.373027        0.784308
MDMin:  3842 11:10:07    -2397.372941        0.810915
MDMin:  3843 11:10:09    -2397.372854        0.838718
MDMin:  3844 11:10:10    -2397.372769        0.866453
MDMin:  3845 11:10:12    -2397.372694        0.891977
MDMin:  3846 11:10:13    -2397.372631        0.914091
MDMin:  3847 11:10:15    -2397.372575        0.934581
MDMin:  3848 11:10:16    -2397.372518        0.955805
MDMin:  3849 11:10:17    -2397.372459        0.979101
MDMin:  3850 11:10:18    -2397.372395        1.005157
MDMin:  3851 11:10:19    -2397.372328        1.034444
MDMin:  3852 11:10:21    -2397.372258        1.067292
MDMin:  3853 11:10:22    -2397.372185        1.103709
MDMin:  3854 11:10:23    -2397.372109        1.142976
MDMin:  3855 11:10:24    -2397.372034        1.183028
MDMin:  3856 11:10:25    -2397.371959        1.220014
MDMin:  3857 11:10:27    -2397.371890        1.249137
MDMin:  3858 11:10:28    -2397.371827        1.267643
MDMin:  3859 11:10:29    -2397.371770        1.276448
MDMin:  3860 11:10:30    -2397.371717        1.277786
MDMin:  3861 11:10:31    -2397.371663        1.273000
MDMin:  3862 11:10:33    -2397.371607        1.262849
MDMin:  3863 11:10:34    -2397.371547        1.248188
MDMin:  3864 11:10:35    -2397.371485        1.230232
MDMin:  3865 11:10:36    -2397.371421        1.210456
MDMin:  3866 11:10:37    -2397.371357        1.190467
MDMin:  3867 11:10:39    -2397.371296        1.171982
MDMin:  3868 11:10:40    -2397.371242        1.156318
MDMin:  3869 11:10:41    -2397.371194        1.143513
MDMin:  3870 11:10:42    -2397.371149        1.132633
MDMin:  3871 11:10:44    -2397.371103        1.123092
MDMin:  3872 11:10:45    -2397.371055        1.115051
MDMin:  3873 11:10:46    -2397.371005        1.109100
MDMin:  3874 11:10:47    -2397.370952        1.106069
MDMin:  3875 11:10:48    -2397.370898        1.106878
MDMin:  3876 11:10:49    -2397.370844        1.112290
MDMin:  3877 11:10:50    -2397.370793        1.122435
MDMin:  3878 11:10:51    -2397.370747        1.136463
MDMin:  3879 11:10:52    -2397.370706        1.153226
MDMin:  3880 11:10:54    -2397.370669        1.172795
MDMin:  3881 11:10:55    -2397.370632        1.196527
MDMin:  3882 11:10:56    -2397.370596        1.225957
MDMin:  3883 11:10:57    -2397.370558        1.262499
MDMin:  3884 11:10:59    -2397.370520        1.307412
MDMin:  3885 11:11:00    -2397.370481        1.361710
MDMin:  3886 11:11:01    -2397.370443        1.426008
MDMin:  3887 11:11:02    -2397.370406        1.500501
MDMin:  3888 11:11:03    -2397.370370        1.584477
MDMin:  3889 11:11:05    -2397.370336        1.676098
MDMin:  3890 11:11:06    -2397.370305        1.772723
MDMin:  3891 11:11:07    -2397.370276        1.871373
MDMin:  3892 11:11:08    -2397.370249        1.969558
MDMin:  3893 11:11:09    -2397.370224        2.065836
MDMin:  3894 11:11:11    -2397.370202        2.160058
MDMin:  3895 11:11:12    -2397.370180        2.254306
MDMin:  3896 11:11:14    -2397.370160        2.356549
MDMin:  3897 11:11:15    -2397.370142        2.504653
MDMin:  3898 11:11:17    -2397.370125        3.044390
MDMin:  3899 11:11:19    -2397.370113        2.903707
MDMin:  3900 11:11:20    -2397.370100        2.697474
MDMin:  3901 11:11:21    -2397.370087        2.483532
MDMin:  3902 11:11:23    -2397.370073        2.272831
MDMin:  3903 11:11:24    -2397.370061        2.057333
MDMin:  3904 11:11:25    -2397.370050        1.832232
MDMin:  3905 11:11:26    -2397.370044        1.655363
MDMin:  3906 11:11:27    -2397.370042        1.516798
MDMin:  3907 11:11:28    -2397.370043        1.450554
MDMin:  3908 11:11:29    -2397.370044        1.413419
MDMin:  3909 11:11:30    -2397.370046        1.365325
MDMin:  3910 11:11:31    -2397.370049        1.307493
MDMin:  3911 11:11:33    -2397.370053        1.239654
MDMin:  3912 11:11:34    -2397.370060        1.162028
MDMin:  3913 11:11:35    -2397.370069        1.075610
MDMin:  3914 11:11:37    -2397.370082        0.999594
MDMin:  3915 11:11:38    -2397.370100        0.983517
MDMin:  3916 11:11:39    -2397.370124        0.939661
MDMin:  3917 11:11:40    -2397.370155        0.869051
MDMin:  3918 11:11:41    -2397.370196        0.593464
MDMin:  3919 11:11:42    -2397.370255        0.398543
MDMin:  3920 11:11:44    -2397.370346        0.459399
MDMin:  3921 11:11:45    -2397.370389        0.568693
MDMin:  3922 11:11:46    -2397.370411        0.581970
MDMin:  3923 11:11:47    -2397.370435        0.635909
MDMin:  3924 11:11:49    -2397.370461        0.842377
MDMin:  3925 11:11:50    -2397.370489        0.796131
MDMin:  3926 11:11:51    -2397.370523        0.750688
MDMin:  3927 11:11:52    -2397.370564        0.699990
MDMin:  3928 11:11:53    -2397.370613        0.648286
MDMin:  3929 11:11:55    -2397.370671        0.600835
MDMin:  3930 11:11:56    -2397.370738        0.560522
MDMin:  3931 11:11:57    -2397.370818        0.527732
MDMin:  3932 11:11:58    -2397.370910        0.501615
MDMin:  3933 11:11:59    -2397.371017        0.480980
MDMin:  3934 11:12:00    -2397.371141        0.463875
MDMin:  3935 11:12:02    -2397.371286        0.446129
MDMin:  3936 11:12:04    -2397.371454        0.420638
MDMin:  3937 11:12:06    -2397.371653        0.379307
MDMin:  3938 11:12:08    -2397.371877        0.487081
MDMin:  3939 11:12:09    -2397.371982        0.567640
MDMin:  3940 11:12:11    -2397.371987        0.511427
MDMin:  3941 11:12:13    -2397.372001        0.359440
MDMin:  3942 11:12:15    -2397.372027        0.282054
MDMin:  3943 11:12:16    -2397.372066        0.271803
MDMin:  3944 11:12:18    -2397.372118        0.258592
MDMin:  3945 11:12:20    -2397.372181        0.242586
MDMin:  3946 11:12:22    -2397.372257        0.223783
MDMin:  3947 11:12:24    -2397.372347        0.202311
MDMin:  3948 11:12:26    -2397.372454        0.178503
MDMin:  3949 11:12:28    -2397.372578        0.164826
MDMin:  3950 11:12:29    -2397.372722        0.156127
MDMin:  3951 11:12:30    -2397.372886        0.155423
MDMin:  3952 11:12:31    -2397.373072        0.153941
MDMin:  3953 11:12:32    -2397.373279        0.151615
MDMin:  3954 11:12:34    -2397.373507        0.148457
