       Step     Time          Energy          fmax
MDMin:    0 00:04:57    -2393.806632        8.102241
MDMin:    1 00:04:59    -2393.807107        8.128890
MDMin:    2 00:05:01    -2393.808499        7.741328
MDMin:    3 00:05:03    -2393.810751        6.003142
MDMin:    4 00:05:05    -2393.813928        3.740648
MDMin:    5 00:05:07    -2393.818006        3.991913
MDMin:    6 00:05:09    -2393.822600        5.292353
MDMin:    7 00:05:10    -2393.827305        4.726489
MDMin:    8 00:05:12    -2393.832825        1.541758
MDMin:    9 00:05:14    -2393.839903        1.336107
MDMin:   10 00:05:16    -2393.848240        1.257836
MDMin:   11 00:05:18    -2393.857752        1.238832
MDMin:   12 00:05:20    -2393.868106        1.316826
MDMin:   13 00:05:22    -2393.877423        1.921587
MDMin:   14 00:05:24    -2393.880959        1.558555
MDMin:   15 00:05:26    -2393.883454        1.541463
MDMin:   16 00:05:28    -2393.886151        1.466670
MDMin:   17 00:05:30    -2393.889211        1.324315
MDMin:   18 00:05:33    -2393.892679        1.204243
MDMin:   19 00:05:35    -2393.896586        1.336795
MDMin:   20 00:05:37    -2393.900922        1.458831
MDMin:   21 00:05:38    -2393.905647        1.505052
MDMin:   22 00:05:39    -2393.910743        1.447437
MDMin:   23 00:05:40    -2393.916194        1.377647
MDMin:   24 00:05:42    -2393.921863        1.602438
MDMin:   25 00:05:43    -2393.927499        1.811253
MDMin:   26 00:05:44    -2393.932906        1.824457
MDMin:   27 00:05:45    -2393.938031        1.589728
MDMin:   28 00:05:47    -2393.942668        1.447597
MDMin:   29 00:05:48    -2393.946193        1.490502
MDMin:   30 00:05:49    -2393.948886        1.522017
MDMin:   31 00:05:51    -2393.951709        1.522152
MDMin:   32 00:05:52    -2393.954872        1.480656
MDMin:   33 00:05:54    -2393.958437        1.386454
MDMin:   34 00:05:55    -2393.962455        1.237846
MDMin:   35 00:05:56    -2393.966980        1.159551
MDMin:   36 00:05:58    -2393.972049        1.171585
MDMin:   37 00:05:59    -2393.977673        1.150261
MDMin:   38 00:06:00    -2393.983702        1.082343
MDMin:   39 00:06:02    -2393.989362        1.219180
MDMin:   40 00:06:03    -2393.993170        0.913456
MDMin:   41 00:06:05    -2393.996194        0.858142
MDMin:   42 00:06:07    -2393.999492        0.800590
MDMin:   43 00:06:09    -2394.003287        0.818308
MDMin:   44 00:06:11    -2394.007630        0.870229
MDMin:   45 00:06:13    -2394.012566        0.933675
MDMin:   46 00:06:15    -2394.018127        1.007842
MDMin:   47 00:06:17    -2394.024350        1.086806
MDMin:   48 00:06:19    -2394.031274        1.157401
MDMin:   49 00:06:21    -2394.038969        1.201749
MDMin:   50 00:06:23    -2394.047525        1.202970
MDMin:   51 00:06:24    -2394.057077        1.150066
MDMin:   52 00:06:26    -2394.067753        1.222621
MDMin:   53 00:06:28    -2394.079695        1.271229
MDMin:   54 00:06:30    -2394.092756        1.260913
MDMin:   55 00:06:31    -2394.105954        1.198395
MDMin:   56 00:06:32    -2394.116710        1.122805
MDMin:   57 00:06:34    -2394.125070        1.056786
MDMin:   58 00:06:35    -2394.133528        0.987613
MDMin:   59 00:06:37    -2394.143269        0.908665
MDMin:   60 00:06:39    -2394.154562        0.822451
MDMin:   61 00:06:40    -2394.167647        0.803748
MDMin:   62 00:06:41    -2394.182720        0.841552
MDMin:   63 00:06:43    -2394.200036        0.872726
MDMin:   64 00:06:45    -2394.219846        0.886342
MDMin:   65 00:06:46    -2394.242502        0.873920
MDMin:   66 00:06:48    -2394.268289        0.834069
MDMin:   67 00:06:50    -2394.297438        0.776417
MDMin:   68 00:06:51    -2394.329022        0.776628
MDMin:   69 00:06:53    -2394.359437        1.118543
MDMin:   70 00:06:54    -2394.381557        0.849470
MDMin:   71 00:06:56    -2394.398811        0.832963
MDMin:   72 00:06:58    -2394.417081        0.853245
MDMin:   73 00:06:59    -2394.438344        0.881571
MDMin:   74 00:07:01    -2394.463350        0.915510
MDMin:   75 00:07:02    -2394.493157        0.964384
MDMin:   76 00:07:04    -2394.529306        1.031099
MDMin:   77 00:07:05    -2394.574230        1.122129
MDMin:   78 00:07:06    -2394.631587        1.245113
MDMin:   79 00:07:08    -2394.706654        1.404587
MDMin:   80 00:07:10    -2394.805884        1.593381
MDMin:   81 00:07:11    -2394.934783        1.777170
MDMin:   82 00:07:13    -2395.092813        1.883880
MDMin:   83 00:07:15    -2395.267154        1.827543
MDMin:   84 00:07:17    -2395.393420        1.570036
MDMin:   85 00:07:19    -2395.465984        1.129909
MDMin:   86 00:07:20    -2395.493551        0.747116
MDMin:   87 00:07:22    -2395.521836        0.555612
MDMin:   88 00:07:24    -2395.545622        1.233784
MDMin:   89 00:07:25    -2395.552838        1.309491
MDMin:   90 00:07:26    -2395.553939        0.953940
MDMin:   91 00:07:28    -2395.555734        0.535772
MDMin:   92 00:07:29    -2395.558270        0.539804
MDMin:   93 00:07:30    -2395.561410        0.544805
MDMin:   94 00:07:32    -2395.565075        0.550648
MDMin:   95 00:07:35    -2395.569240        0.557293
MDMin:   96 00:07:37    -2395.573877        0.564685
MDMin:   97 00:07:38    -2395.578948        0.572750
MDMin:   98 00:07:39    -2395.584407        0.581389
MDMin:   99 00:07:41    -2395.590196        0.590445
MDMin:  100 00:07:43    -2395.596249        0.599718
MDMin:  101 00:07:45    -2395.602492        0.608967
MDMin:  102 00:07:46    -2395.608845        0.617859
MDMin:  103 00:07:47    -2395.615225        0.625771
MDMin:  104 00:07:50    -2395.621551        0.631832
MDMin:  105 00:07:52    -2395.627746        0.634644
MDMin:  106 00:07:54    -2395.633743        0.631991
MDMin:  107 00:07:56    -2395.639489        0.620798
MDMin:  108 00:07:57    -2395.644942        0.597786
MDMin:  109 00:07:59    -2395.650065        0.561006
MDMin:  110 00:08:00    -2395.654692        0.614658
MDMin:  111 00:08:02    -2395.657503        1.138344
MDMin:  112 00:08:03    -2395.657877        0.721856
MDMin:  113 00:08:05    -2395.658473        0.463465
MDMin:  114 00:08:07    -2395.659276        0.452000
MDMin:  115 00:08:10    -2395.660206        0.438319
MDMin:  116 00:08:12    -2395.661250        0.425530
MDMin:  117 00:08:14    -2395.662396        0.426464
MDMin:  118 00:08:16    -2395.663635        0.427336
MDMin:  119 00:08:18    -2395.664955        0.428114
MDMin:  120 00:08:20    -2395.666343        0.430895
MDMin:  121 00:08:22    -2395.667790        0.444493
MDMin:  122 00:08:24    -2395.669281        0.460355
MDMin:  123 00:08:25    -2395.670806        0.478443
MDMin:  124 00:08:26    -2395.672354        0.498245
MDMin:  125 00:08:28    -2395.673913        0.518447
MDMin:  126 00:08:30    -2395.675476        0.536656
MDMin:  127 00:08:33    -2395.677035        0.549029
MDMin:  128 00:08:35    -2395.678588        0.551166
MDMin:  129 00:08:37    -2395.680135        0.540017
MDMin:  130 00:08:39    -2395.681674        0.516225
MDMin:  131 00:08:41    -2395.683178        0.485363
MDMin:  132 00:08:43    -2395.684399        0.777531
MDMin:  133 00:08:45    -2395.684792        0.461556
MDMin:  134 00:08:47    -2395.685190        0.463058
MDMin:  135 00:08:49    -2395.685638        0.464772
MDMin:  136 00:08:51    -2395.686134        0.466706
MDMin:  137 00:08:52    -2395.686678        0.468870
MDMin:  138 00:08:54    -2395.687265        0.471280
MDMin:  139 00:08:55    -2395.687895        0.473962
MDMin:  140 00:08:56    -2395.688564        0.476961
MDMin:  141 00:08:58    -2395.689271        0.480342
MDMin:  142 00:09:00    -2395.690012        0.484164
MDMin:  143 00:09:02    -2395.690785        0.488515
MDMin:  144 00:09:04    -2395.691587        0.493510
MDMin:  145 00:09:06    -2395.692413        0.499251
MDMin:  146 00:09:07    -2395.693254        0.505653
MDMin:  147 00:09:09    -2395.694072        0.512132
MDMin:  148 00:09:11    -2395.694690        0.516874
MDMin:  149 00:09:14    -2395.694955        0.518736
MDMin:  150 00:09:16    -2395.695230        0.520560
MDMin:  151 00:09:18    -2395.695539        0.522418
MDMin:  152 00:09:19    -2395.695882        0.524153
MDMin:  153 00:09:21    -2395.696258        0.525527
MDMin:  154 00:09:22    -2395.696666        0.526210
MDMin:  155 00:09:23    -2395.697105        0.525766
MDMin:  156 00:09:24    -2395.697572        0.523660
MDMin:  157 00:09:26    -2395.698068        0.519274
MDMin:  158 00:09:27    -2395.698591        0.511957
MDMin:  159 00:09:29    -2395.699141        0.501089
MDMin:  160 00:09:31    -2395.699715        0.486163
MDMin:  161 00:09:33    -2395.700314        0.466850
MDMin:  162 00:09:34    -2395.700932        0.443176
MDMin:  163 00:09:36    -2395.701554        0.416029
MDMin:  164 00:09:37    -2395.702101        0.390061
MDMin:  165 00:09:39    -2395.702406        0.375186
MDMin:  166 00:09:41    -2395.702599        0.365635
MDMin:  167 00:09:43    -2395.702821        0.354556
MDMin:  168 00:09:45    -2395.703071        0.349533
MDMin:  169 00:09:47    -2395.703351        0.350326
MDMin:  170 00:09:48    -2395.703659        0.351180
MDMin:  171 00:09:49    -2395.703995        0.352101
MDMin:  172 00:09:51    -2395.704358        0.353103
MDMin:  173 00:09:53    -2395.704749        0.354212
MDMin:  174 00:09:55    -2395.705166        0.355468
MDMin:  175 00:09:57    -2395.705609        0.356930
MDMin:  176 00:09:59    -2395.706078        0.358676
MDMin:  177 00:10:01    -2395.706572        0.360802
MDMin:  178 00:10:03    -2395.707092        0.363426
MDMin:  179 00:10:05    -2395.707636        0.366681
MDMin:  180 00:10:07    -2395.708203        0.370708
MDMin:  181 00:10:09    -2395.708790        0.375626
MDMin:  182 00:10:11    -2395.709368        0.381237
MDMin:  183 00:10:12    -2395.709803        0.532829
MDMin:  184 00:10:14    -2395.709981        0.387855
MDMin:  185 00:10:16    -2395.710181        0.390179
MDMin:  186 00:10:17    -2395.710409        0.392966
MDMin:  187 00:10:18    -2395.710663        0.396268
MDMin:  188 00:10:19    -2395.710946        0.400141
MDMin:  189 00:10:21    -2395.711255        0.404639
MDMin:  190 00:10:23    -2395.711592        0.409817
MDMin:  191 00:10:25    -2395.711956        0.415724
MDMin:  192 00:10:27    -2395.712347        0.422399
MDMin:  193 00:10:28    -2395.712765        0.429864
MDMin:  194 00:10:29    -2395.713211        0.438121
MDMin:  195 00:10:31    -2395.713684        0.447139
MDMin:  196 00:10:33    -2395.714185        0.456852
MDMin:  197 00:10:34    -2395.714713        0.467157
MDMin:  198 00:10:36    -2395.715268        0.477911
MDMin:  199 00:10:38    -2395.715848        0.488914
MDMin:  200 00:10:39    -2395.716440        0.499709
MDMin:  201 00:10:41    -2395.716988        0.509128
MDMin:  202 00:10:44    -2395.717335        0.514682
MDMin:  203 00:10:46    -2395.717537        0.517736
MDMin:  204 00:10:48    -2395.717763        0.525985
MDMin:  205 00:10:51    -2395.718020        0.538660
MDMin:  206 00:10:52    -2395.718306        0.552148
MDMin:  207 00:10:54    -2395.718624        0.565772
MDMin:  208 00:10:56    -2395.718973        0.578536
MDMin:  209 00:10:57    -2395.719355        0.589125
MDMin:  210 00:10:59    -2395.719771        0.596011
MDMin:  211 00:11:01    -2395.720223        0.597710
MDMin:  212 00:11:02    -2395.720713        0.593184
MDMin:  213 00:11:04    -2395.721246        0.582271
MDMin:  214 00:11:05    -2395.721826        0.565934
MDMin:  215 00:11:06    -2395.722458        0.546060
MDMin:  216 00:11:07    -2395.723148        0.524778
MDMin:  217 00:11:08    -2395.723900        0.503597
MDMin:  218 00:11:10    -2395.724720        0.483100
MDMin:  219 00:11:11    -2395.725586        0.463547
MDMin:  220 00:11:12    -2395.726329        0.560551
MDMin:  221 00:11:14    -2395.726651        0.441387
MDMin:  222 00:11:15    -2395.726964        0.435200
MDMin:  223 00:11:17    -2395.727326        0.428252
MDMin:  224 00:11:19    -2395.727742        0.420547
MDMin:  225 00:11:21    -2395.728213        0.412121
MDMin:  226 00:11:23    -2395.728746        0.403028
MDMin:  227 00:11:25    -2395.729344        0.393327
MDMin:  228 00:11:27    -2395.730012        0.383094
MDMin:  229 00:11:29    -2395.730756        0.372421
MDMin:  230 00:11:32    -2395.731583        0.361416
MDMin:  231 00:11:34    -2395.732501        0.350201
MDMin:  232 00:11:35    -2395.733518        0.338924
MDMin:  233 00:11:36    -2395.734644        0.348243
MDMin:  234 00:11:38    -2395.735886        0.357920
MDMin:  235 00:11:39    -2395.737237        0.367216
MDMin:  236 00:11:40    -2395.738604        0.381136
MDMin:  237 00:11:41    -2395.739661        0.467928
MDMin:  238 00:11:43    -2395.740247        0.382912
MDMin:  239 00:11:45    -2395.740860        0.385297
MDMin:  240 00:11:47    -2395.741568        0.387795
MDMin:  241 00:11:49    -2395.742381        0.390335
MDMin:  242 00:11:51    -2395.743307        0.392842
MDMin:  243 00:11:53    -2395.744357        0.395277
MDMin:  244 00:11:54    -2395.745540        0.398357
MDMin:  245 00:11:55    -2395.746869        0.409305
MDMin:  246 00:11:57    -2395.748360        0.421549
MDMin:  247 00:11:58    -2395.750029        0.435355
MDMin:  248 00:12:00    -2395.751894        0.451130
MDMin:  249 00:12:02    -2395.753977        0.469492
MDMin:  250 00:12:04    -2395.756299        0.491351
MDMin:  251 00:12:06    -2395.758881        0.517997
MDMin:  252 00:12:08    -2395.761734        0.551079
MDMin:  253 00:12:10    -2395.764832        0.592155
MDMin:  254 00:12:11    -2395.767999        0.640373
MDMin:  255 00:12:13    -2395.770765        0.687897
MDMin:  256 00:12:14    -2395.772766        0.725379
MDMin:  257 00:12:16    -2395.774565        0.760868
MDMin:  258 00:12:17    -2395.776536        0.801000
MDMin:  259 00:12:19    -2395.778744        0.846585
MDMin:  260 00:12:21    -2395.780104        0.896562
MDMin:  261 00:12:23    -2395.781189        0.948241
MDMin:  262 00:12:25    -2395.782376        0.997166
MDMin:  263 00:12:26    -2395.783680        1.037029
MDMin:  264 00:12:27    -2395.785123        1.061419
MDMin:  265 00:12:29    -2395.786736        1.065824
MDMin:  266 00:12:30    -2395.788558        1.048711
MDMin:  267 00:12:32    -2395.790636        1.012834
MDMin:  268 00:12:34    -2395.793019        0.962875
MDMin:  269 00:12:36    -2395.795752        0.984821
MDMin:  270 00:12:38    -2395.798879        1.043505
MDMin:  271 00:12:40    -2395.802441        1.069129
MDMin:  272 00:12:42    -2395.806448        1.030926
MDMin:  273 00:12:44    -2395.810689        0.943718
MDMin:  274 00:12:46    -2395.814208        0.913017
MDMin:  275 00:12:48    -2395.816731        0.959148
MDMin:  276 00:12:50    -2395.819494        1.007087
MDMin:  277 00:12:51    -2395.822757        1.059330
MDMin:  278 00:12:53    -2395.826623        1.113290
MDMin:  279 00:12:55    -2395.831202        1.163408
MDMin:  280 00:12:57    -2395.836640        1.200301
MDMin:  281 00:12:59    -2395.843150        1.210322
MDMin:  282 00:13:01    -2395.851052        1.179443
MDMin:  283 00:13:03    -2395.860826        1.104381
MDMin:  284 00:13:05    -2395.873151        0.999807
MDMin:  285 00:13:07    -2395.888892        0.888244
MDMin:  286 00:13:09    -2395.909086        0.785620
MDMin:  287 00:13:11    -2395.934770        0.698311
MDMin:  288 00:13:13    -2395.966132        0.710475
MDMin:  289 00:13:15    -2396.000531        0.822578
MDMin:  290 00:13:16    -2396.032792        0.869565
MDMin:  291 00:13:18    -2396.064054        0.938199
MDMin:  292 00:13:20    -2396.099730        1.009733
MDMin:  293 00:13:22    -2396.142012        1.083097
MDMin:  294 00:13:23    -2396.191685        1.150467
MDMin:  295 00:13:24    -2396.248499        1.198448
MDMin:  296 00:13:26    -2396.310921        1.210352
MDMin:  297 00:13:28    -2396.375952        1.172318
MDMin:  298 00:13:30    -2396.407104        1.163013
MDMin:  299 00:13:32    -2396.427581        1.258048
MDMin:  300 00:13:33    -2396.436701        1.314308
MDMin:  301 00:13:34    -2396.443190        1.242570
MDMin:  302 00:13:36    -2396.450292        1.030745
MDMin:  303 00:13:38    -2396.457945        0.786238
MDMin:  304 00:13:40    -2396.465335        1.239332
MDMin:  305 00:13:41    -2396.469997        1.476763
MDMin:  306 00:13:43    -2396.471717        0.676330
MDMin:  307 00:13:45    -2396.473782        0.680264
MDMin:  308 00:13:47    -2396.476119        0.698801
MDMin:  309 00:13:48    -2396.478692        0.723836
MDMin:  310 00:13:50    -2396.481460        0.755997
MDMin:  311 00:13:52    -2396.484371        0.794363
MDMin:  312 00:13:54    -2396.486160        0.834926
MDMin:  313 00:13:56    -2396.486724        0.868987
MDMin:  314 00:13:58    -2396.487302        0.883525
MDMin:  315 00:14:00    -2396.487896        0.865824
MDMin:  316 00:14:02    -2396.488505        0.812406
MDMin:  317 00:14:04    -2396.489129        0.734751
MDMin:  318 00:14:06    -2396.489766        0.653312
MDMin:  319 00:14:08    -2396.490411        0.588196
MDMin:  320 00:14:10    -2396.491065        0.564703
MDMin:  321 00:14:12    -2396.491727        0.530984
MDMin:  322 00:14:14    -2396.492393        0.498632
MDMin:  323 00:14:16    -2396.492945        1.448794
MDMin:  324 00:14:18    -2396.493023        0.678422
MDMin:  325 00:14:20    -2396.493152        0.464847
MDMin:  326 00:14:22    -2396.493300        0.462481
MDMin:  327 00:14:24    -2396.493470        0.459755
MDMin:  328 00:14:26    -2396.493663        0.456589
MDMin:  329 00:14:28    -2396.493880        0.452859
MDMin:  330 00:14:30    -2396.494122        0.448392
MDMin:  331 00:14:32    -2396.494392        0.442951
MDMin:  332 00:14:33    -2396.494694        0.436221
MDMin:  333 00:14:35    -2396.495032        0.427779
MDMin:  334 00:14:37    -2396.495406        0.844894
MDMin:  335 00:14:39    -2396.495475        0.756272
MDMin:  336 00:14:41    -2396.495319        0.669256
MDMin:  337 00:14:42    -2396.495038        0.588175
MDMin:  338 00:14:43    -2396.494733        0.516043
MDMin:  339 00:14:45    -2396.494490        0.467328
MDMin:  340 00:14:47    -2396.494374        0.478584
MDMin:  341 00:14:49    -2396.494440        0.488106
MDMin:  342 00:14:50    -2396.494739        0.495054
MDMin:  343 00:14:52    -2396.495307        0.497318
MDMin:  344 00:14:53    -2396.495998        0.777036
MDMin:  345 00:14:55    -2396.496122        0.494341
MDMin:  346 00:14:56    -2396.496158        0.492419
MDMin:  347 00:14:58    -2396.496197        0.489672
MDMin:  348 00:15:00    -2396.496239        0.486118
MDMin:  349 00:15:02    -2396.496285        0.481572
MDMin:  350 00:15:03    -2396.496333        0.475909
MDMin:  351 00:15:04    -2396.496383        0.468995
MDMin:  352 00:15:06    -2396.496434        0.460755
MDMin:  353 00:15:08    -2396.496486        0.451170
MDMin:  354 00:15:09    -2396.496537        0.440358
MDMin:  355 00:15:11    -2396.496587        0.428611
MDMin:  356 00:15:12    -2396.496635        0.416557
MDMin:  357 00:15:14    -2396.496680        0.405177
MDMin:  358 00:15:16    -2396.496720        0.396056
MDMin:  359 00:15:17    -2396.496751        0.511070
MDMin:  360 00:15:18    -2396.496767        0.496661
MDMin:  361 00:15:20    -2396.496773        0.390172
MDMin:  362 00:15:21    -2396.496780        0.391026
MDMin:  363 00:15:23    -2396.496787        0.392942
MDMin:  364 00:15:25    -2396.496795        0.396369
MDMin:  365 00:15:27    -2396.496801        0.401874
MDMin:  366 00:15:28    -2396.496807        0.410143
MDMin:  367 00:15:30    -2396.496811        0.421992
MDMin:  368 00:15:31    -2396.496813        0.438353
MDMin:  369 00:15:33    -2396.496812        0.460209
MDMin:  370 00:15:35    -2396.496809        0.488467
MDMin:  371 00:15:38    -2396.496802        0.523670
MDMin:  372 00:15:40    -2396.496793        0.565521
MDMin:  373 00:15:42    -2396.496780        0.612163
MDMin:  374 00:15:44    -2396.496765        0.659347
MDMin:  375 00:15:46    -2396.496747        0.699877
MDMin:  376 00:15:47    -2396.496727        0.724172
MDMin:  377 00:15:49    -2396.496708        0.722742
MDMin:  378 00:15:51    -2396.496688        0.690677
MDMin:  379 00:15:53    -2396.496672        0.631462
MDMin:  380 00:15:55    -2396.496662        0.557552
MDMin:  381 00:15:57    -2396.496662        0.590987
MDMin:  382 00:15:58    -2396.496671        0.614763
MDMin:  383 00:16:00    -2396.496679        0.475484
MDMin:  384 00:16:01    -2396.496691        0.477121
MDMin:  385 00:16:02    -2396.496709        0.477905
MDMin:  386 00:16:04    -2396.496734        0.477581
MDMin:  387 00:16:05    -2396.496771        0.475878
MDMin:  388 00:16:07    -2396.496823        0.472628
MDMin:  389 00:16:09    -2396.496896        0.467735
MDMin:  390 00:16:10    -2396.496997        0.461155
MDMin:  391 00:16:12    -2396.497136        0.452937
MDMin:  392 00:16:14    -2396.497325        0.443199
MDMin:  393 00:16:15    -2396.497581        0.432136
MDMin:  394 00:16:16    -2396.497925        0.420008
MDMin:  395 00:16:18    -2396.498382        0.406974
MDMin:  396 00:16:20    -2396.498985        0.393257
MDMin:  397 00:16:21    -2396.499760        0.409845
MDMin:  398 00:16:23    -2396.500634        0.630994
MDMin:  399 00:16:25    -2396.501252        0.542050
MDMin:  400 00:16:27    -2396.501660        0.382716
MDMin:  401 00:16:29    -2396.502169        0.387624
MDMin:  402 00:16:30    -2396.502800        0.392712
MDMin:  403 00:16:32    -2396.503579        0.398039
MDMin:  404 00:16:33    -2396.504538        0.403229
MDMin:  405 00:16:35    -2396.505716        0.408011
MDMin:  406 00:16:37    -2396.507163        0.411994
MDMin:  407 00:16:39    -2396.508943        0.414899
MDMin:  408 00:16:40    -2396.511131        0.416397
MDMin:  409 00:16:42    -2396.513823        0.416409
MDMin:  410 00:16:44    -2396.517135        0.414743
MDMin:  411 00:16:47    -2396.521209        0.411748
MDMin:  412 00:16:48    -2396.526215        0.407185
MDMin:  413 00:16:49    -2396.532352        0.402417
MDMin:  414 00:16:51    -2396.539828        0.395495
MDMin:  415 00:16:52    -2396.548830        0.392060
MDMin:  416 00:16:53    -2396.559317        0.383081
MDMin:  417 00:16:54    -2396.570424        0.583703
MDMin:  418 00:16:56    -2396.578667        0.709870
MDMin:  419 00:16:58    -2396.582405        0.375153
MDMin:  420 00:17:01    -2396.586361        0.371168
MDMin:  421 00:17:03    -2396.590861        0.369652
MDMin:  422 00:17:05    -2396.595878        0.367455
MDMin:  423 00:17:06    -2396.601385        0.365371
MDMin:  424 00:17:08    -2396.607361        0.363062
MDMin:  425 00:17:10    -2396.613797        0.360805
MDMin:  426 00:17:11    -2396.620697        0.367723
MDMin:  427 00:17:13    -2396.628082        0.373843
MDMin:  428 00:17:15    -2396.635983        0.377187
MDMin:  429 00:17:17    -2396.644442        0.376759
MDMin:  430 00:17:19    -2396.653509        0.374795
MDMin:  431 00:17:21    -2396.663253        0.377158
MDMin:  432 00:17:23    -2396.673752        0.375074
MDMin:  433 00:17:24    -2396.685120        0.368163
MDMin:  434 00:17:26    -2396.697386        0.356610
MDMin:  435 00:17:27    -2396.710281        0.512366
MDMin:  436 00:17:29    -2396.721462        0.736312
MDMin:  437 00:17:31    -2396.727295        0.420325
MDMin:  438 00:17:33    -2396.732210        0.398794
MDMin:  439 00:17:34    -2396.737937        0.411974
MDMin:  440 00:17:36    -2396.744517        0.426520
MDMin:  441 00:17:38    -2396.751977        0.442264
MDMin:  442 00:17:40    -2396.760333        0.458849
MDMin:  443 00:17:42    -2396.769589        0.475826
MDMin:  444 00:17:44    -2396.779734        0.492810
MDMin:  445 00:17:46    -2396.790745        0.509616
MDMin:  446 00:17:48    -2396.802599        0.526413
MDMin:  447 00:17:50    -2396.815284        0.543833
MDMin:  448 00:17:52    -2396.828823        0.562977
MDMin:  449 00:17:54    -2396.843298        0.585309
MDMin:  450 00:17:55    -2396.858878        0.612432
MDMin:  451 00:17:57    -2396.875834        0.644050
MDMin:  452 00:17:59    -2396.894075        0.794076
MDMin:  453 00:18:00    -2396.914106        0.754108
MDMin:  454 00:18:02    -2396.937584        0.824008
MDMin:  455 00:18:04    -2396.965028        0.891701
MDMin:  456 00:18:06    -2396.997027        0.952048
MDMin:  457 00:18:08    -2397.034070        0.999322
MDMin:  458 00:18:10    -2397.076233        1.030130
MDMin:  459 00:18:12    -2397.123029        1.080719
MDMin:  460 00:18:14    -2397.172846        1.139944
MDMin:  461 00:18:16    -2397.225001        1.253597
MDMin:  462 00:18:18    -2397.282701        1.127957
MDMin:  463 00:18:21    -2397.317807        1.040631
MDMin:  464 00:18:23    -2397.356256        0.960131
MDMin:  465 00:18:25    -2397.390793        0.929883
MDMin:  466 00:18:27    -2397.423619        0.873775
MDMin:  467 00:18:29    -2397.452821        0.806405
MDMin:  468 00:18:30    -2397.478083        0.696606
MDMin:  469 00:18:31    -2397.497948        0.629663
MDMin:  470 00:18:33    -2397.514326        0.581599
MDMin:  471 00:18:35    -2397.527826        0.550422
MDMin:  472 00:18:36    -2397.538929        2.054750
MDMin:  473 00:18:38    -2397.542724        0.523874
MDMin:  474 00:18:40    -2397.546188        0.519002
MDMin:  475 00:18:42    -2397.550632        0.512274
MDMin:  476 00:18:44    -2397.550008        2.042110
MDMin:  477 00:18:46    -2397.558125        0.501440
MDMin:  478 00:18:47    -2397.559760        2.033610
MDMin:  479 00:18:50    -2397.562048        0.496110
MDMin:  480 00:18:52    -2397.564044        0.493385
MDMin:  481 00:18:54    -2397.565629        2.023195
MDMin:  482 00:18:56    -2397.568541        0.487433
MDMin:  483 00:18:58    -2397.570546        0.484801
MDMin:  484 00:19:00    -2397.571988        2.011729
MDMin:  485 00:19:02    -2397.574996        0.479092
MDMin:  486 00:19:04    -2397.576939        0.476623
MDMin:  487 00:19:06    -2397.578332        1.999959
MDMin:  488 00:19:08    -2397.581260        0.471216
MDMin:  489 00:19:10    -2397.583136        0.468889
MDMin:  490 00:19:12    -2397.584579        1.988123
MDMin:  491 00:19:13    -2397.587324        0.463742
MDMin:  492 00:19:15    -2397.589133        0.461533
MDMin:  493 00:19:16    -2397.590706        1.976337
MDMin:  494 00:19:18    -2397.593191        0.456599
MDMin:  495 00:19:20    -2397.594937        0.454486
MDMin:  496 00:19:21    -2397.596704        1.964667
MDMin:  497 00:19:22    -2397.598869        0.449725
MDMin:  498 00:19:23    -2397.600553        0.447689
MDMin:  499 00:19:25    -2397.602564        1.953155
MDMin:  500 00:19:27    -2397.604362        0.443066
MDMin:  501 00:19:29    -2397.605988        0.441093
MDMin:  502 00:19:31    -2397.608279        1.941824
MDMin:  503 00:19:33    -2397.609678        0.436581
MDMin:  504 00:19:35    -2397.611245        0.434661
MDMin:  505 00:19:36    -2397.613630        0.431717
MDMin:  506 00:19:38    -2397.612031        1.930328
MDMin:  507 00:19:40    -2397.618110        0.426122
MDMin:  508 00:19:42    -2397.619556        1.919011
MDMin:  509 00:19:43    -2397.620694        0.422865
MDMin:  510 00:19:44    -2397.622077        0.421113
MDMin:  511 00:19:45    -2397.624139        1.909307
MDMin:  512 00:19:47    -2397.625335        0.416932
MDMin:  513 00:19:48    -2397.626726        0.415134
MDMin:  514 00:19:49    -2397.628880        0.412323
MDMin:  515 00:19:50    -2397.627290        1.899418
MDMin:  516 00:19:52    -2397.632933        0.406939
MDMin:  517 00:19:53    -2397.634304        1.887835
MDMin:  518 00:19:54    -2397.635235        0.403831
MDMin:  519 00:19:56    -2397.636471        0.402151
MDMin:  520 00:19:58    -2397.638433        0.399455
MDMin:  521 00:20:00    -2397.636596        1.879792
MDMin:  522 00:20:02    -2397.642163        0.394229
MDMin:  523 00:20:03    -2397.643219        1.868099
MDMin:  524 00:20:05    -2397.644285        0.391200
MDMin:  525 00:20:07    -2397.645427        0.389555
MDMin:  526 00:20:09    -2397.647136        1.859158
MDMin:  527 00:20:11    -2397.648171        0.385543
MDMin:  528 00:20:13    -2397.649311        0.383857
MDMin:  529 00:20:15    -2397.651124        0.381147
MDMin:  530 00:20:16    -2397.649477        1.851424
MDMin:  531 00:20:18    -2397.654538        0.375935
MDMin:  532 00:20:19    -2397.655627        1.839354
MDMin:  533 00:20:20    -2397.656426        0.372993
MDMin:  534 00:20:23    -2397.657442        0.371394
MDMin:  535 00:20:24    -2397.659096        0.368766
MDMin:  536 00:20:25    -2397.657259        1.833266
MDMin:  537 00:20:27    -2397.662239        0.363669
MDMin:  538 00:20:29    -2397.663047        1.821067
MDMin:  539 00:20:30    -2397.663976        0.360791
MDMin:  540 00:20:32    -2397.664913        0.359224
MDMin:  541 00:20:33    -2397.666374        1.812624
MDMin:  542 00:20:35    -2397.667208        0.355330
MDMin:  543 00:20:37    -2397.668135        0.353737
MDMin:  544 00:20:38    -2397.669650        0.351106
MDMin:  545 00:20:40    -2397.668064        1.806682
MDMin:  546 00:20:42    -2397.672507        0.346047
MDMin:  547 00:20:44    -2397.673396        1.794166
MDMin:  548 00:20:46    -2397.674049        0.343260
MDMin:  549 00:20:47    -2397.674880        0.341744
MDMin:  550 00:20:49    -2397.676264        0.339191
MDMin:  551 00:20:50    -2397.674538        1.789700
MDMin:  552 00:20:52    -2397.678896        0.334251
MDMin:  553 00:20:55    -2397.679554        1.777103
MDMin:  554 00:20:57    -2397.680315        0.331535
MDMin:  555 00:20:59    -2397.681079        0.330057
MDMin:  556 00:21:01    -2397.682365        0.327546
MDMin:  557 00:21:03    -2397.680549        1.773211
MDMin:  558 00:21:05    -2397.684810        0.322690
MDMin:  559 00:21:07    -2397.685281        1.760530
MDMin:  560 00:21:09    -2397.686117        0.320047
MDMin:  561 00:21:11    -2397.686820        0.318611
MDMin:  562 00:21:12    -2397.687955        1.752621
MDMin:  563 00:21:14    -2397.688592        0.314950
MDMin:  564 00:21:15    -2397.689280        0.313508
MDMin:  565 00:21:16    -2397.690447        0.311044
MDMin:  566 00:21:17    -2397.689032        1.748768
MDMin:  567 00:21:19    -2397.692657        0.306307
MDMin:  568 00:21:20    -2397.693312        0.304879
MDMin:  569 00:21:21    -2397.692132        1.739484
MDMin:  570 00:21:23    -2397.694949        0.301279
MDMin:  571 00:21:24    -2397.695568        0.299898
MDMin:  572 00:21:25    -2397.694872        1.731037
MDMin:  573 00:21:27    -2397.697137        0.296369
MDMin:  574 00:21:28    -2397.697732        0.295014
MDMin:  575 00:21:30    -2397.697517        1.722689
MDMin:  576 00:21:31    -2397.699248        0.291532
MDMin:  577 00:21:33    -2397.699820        0.290201
MDMin:  578 00:21:35    -2397.700078        1.714429
MDMin:  579 00:21:37    -2397.701284        0.286768
MDMin:  580 00:21:39    -2397.701834        0.285462
MDMin:  581 00:21:41    -2397.702559        1.706258
MDMin:  582 00:21:44    -2397.703248        0.282079
MDMin:  583 00:21:46    -2397.703777        0.280797
MDMin:  584 00:21:47    -2397.704703        0.278541
MDMin:  585 00:21:48    -2397.703352        1.703778
MDMin:  586 00:21:49    -2397.706462        0.274202
MDMin:  587 00:21:51    -2397.706961        0.272951
MDMin:  588 00:21:52    -2397.705922        1.695105
MDMin:  589 00:21:54    -2397.708254        0.269698
MDMin:  590 00:21:56    -2397.708730        0.268486
MDMin:  591 00:21:57    -2397.708241        1.687135
MDMin:  592 00:21:58    -2397.709974        0.265299
MDMin:  593 00:22:00    -2397.710432        0.264113
MDMin:  594 00:22:02    -2397.710488        1.679276
MDMin:  595 00:22:04    -2397.711634        0.260981
MDMin:  596 00:22:06    -2397.712075        0.259820
MDMin:  597 00:22:08    -2397.712669        1.671520
MDMin:  598 00:22:10    -2397.713238        0.260729
MDMin:  599 00:22:12    -2397.713662        0.256720
MDMin:  600 00:22:13    -2397.714415        0.253233
MDMin:  601 00:22:15    -2397.713336        1.669882
MDMin:  602 00:22:17    -2397.715845        0.254446
MDMin:  603 00:22:19    -2397.716238        0.250611
MDMin:  604 00:22:20    -2397.715577        1.661694
MDMin:  605 00:22:22    -2397.717285        0.257964
MDMin:  606 00:22:24    -2397.717662        0.254134
MDMin:  607 00:22:25    -2397.717636        1.654082
MDMin:  608 00:22:27    -2397.718673        0.261279
MDMin:  609 00:22:28    -2397.719021        0.257440
MDMin:  610 00:22:30    -2397.719636        1.646588
MDMin:  611 00:22:32    -2397.719960        0.264388
MDMin:  612 00:22:34    -2397.720296        0.260546
MDMin:  613 00:22:35    -2397.720911        0.253552
MDMin:  614 00:22:37    -2397.720255        1.645406
MDMin:  615 00:22:39    -2397.722092        0.258222
MDMin:  616 00:22:41    -2397.722407        0.254549
MDMin:  617 00:22:43    -2397.722292        1.637560
MDMin:  618 00:22:45    -2397.723260        0.261848
MDMin:  619 00:22:47    -2397.723556        0.258167
MDMin:  620 00:22:49    -2397.724105        0.251384
MDMin:  621 00:22:51    -2397.722919        1.636349
MDMin:  622 00:22:53    -2397.725165        0.256320
MDMin:  623 00:22:55    -2397.725445        0.252784
MDMin:  624 00:22:57    -2397.724891        1.628596
MDMin:  625 00:22:59    -2397.726219        0.260309
MDMin:  626 00:23:01    -2397.726488        0.256751
MDMin:  627 00:23:03    -2397.726741        1.621267
MDMin:  628 00:23:05    -2397.727240        0.264007
MDMin:  629 00:23:07    -2397.727501        0.260430
MDMin:  630 00:23:08    -2397.727993        0.253730
MDMin:  631 00:23:10    -2397.727350        1.620312
MDMin:  632 00:23:12    -2397.728947        0.258514
MDMin:  633 00:23:14    -2397.729194        0.255078
MDMin:  634 00:23:16    -2397.729205        1.612787
MDMin:  635 00:23:17    -2397.729890        0.262548
MDMin:  636 00:23:19    -2397.730129        0.259089
MDMin:  637 00:23:21    -2397.730585        0.252540
MDMin:  638 00:23:22    -2397.729822        1.611821
MDMin:  639 00:23:24    -2397.731471        0.257483
MDMin:  640 00:23:25    -2397.731698        0.254147
MDMin:  641 00:23:27    -2397.731623        1.604376
MDMin:  642 00:23:28    -2397.732345        0.261748
MDMin:  643 00:23:30    -2397.732565        0.258384
MDMin:  644 00:23:32    -2397.732988        0.251950
MDMin:  645 00:23:33    -2397.732245        1.603437
MDMin:  646 00:23:35    -2397.733813        0.256988
MDMin:  647 00:23:37    -2397.734022        0.253727
MDMin:  648 00:23:39    -2397.733995        1.596078
MDMin:  649 00:23:41    -2397.734626        0.261403
MDMin:  650 00:23:43    -2397.734828        0.258118
MDMin:  651 00:23:45    -2397.735222        0.251776
MDMin:  652 00:23:46    -2397.734622        1.595184
MDMin:  653 00:23:48    -2397.735992        0.256885
MDMin:  654 00:23:49    -2397.736187        0.253679
MDMin:  655 00:23:51    -2397.736328        1.587900
MDMin:  656 00:23:53    -2397.736751        0.261387
MDMin:  657 00:23:54    -2397.736939        0.258166
MDMin:  658 00:23:57    -2397.737306        0.251901
MDMin:  659 00:23:59    -2397.736964        1.587037
MDMin:  660 00:24:00    -2397.738026        0.257131
MDMin:  661 00:24:03    -2397.738209        0.253941
MDMin:  662 00:24:05    -2397.738564        0.353687
MDMin:  663 00:24:07    -2397.737662        1.585800
MDMin:  664 00:24:09    -2397.739256        0.253860
MDMin:  665 00:24:11    -2397.739437        0.282266
MDMin:  666 00:24:14    -2397.739438        1.577992
MDMin:  667 00:24:16    -2397.739938        0.623420
MDMin:  668 00:24:18    -2397.740157        0.599499
MDMin:  669 00:24:20    -2397.740540        0.562147
MDMin:  670 00:24:22    -2397.739767        1.579383
MDMin:  671 00:24:24    -2397.741281        0.520348
MDMin:  672 00:24:26    -2397.741503        0.502198
MDMin:  673 00:24:27    -2397.741666        1.571402
MDMin:  674 00:24:28    -2397.742063        0.479314
MDMin:  675 00:24:30    -2397.742273        0.464346
MDMin:  676 00:24:31    -2397.742638        0.439443
MDMin:  677 00:24:33    -2397.742307        1.571917
MDMin:  678 00:24:35    -2397.743332        0.413203
MDMin:  679 00:24:37    -2397.743529        0.401139
MDMin:  680 00:24:39    -2397.743874        0.380658
MDMin:  681 00:24:41    -2397.743084        1.571770
MDMin:  682 00:24:43    -2397.744508        0.359765
MDMin:  683 00:24:45    -2397.744683        0.349884
MDMin:  684 00:24:47    -2397.744836        1.564502
MDMin:  685 00:24:49    -2397.745142        0.339092
MDMin:  686 00:24:51    -2397.745310        0.330220
MDMin:  687 00:24:52    -2397.745613        0.314654
MDMin:  688 00:24:53    -2397.745482        1.565325
MDMin:  689 00:24:54    -2397.746195        0.299280
MDMin:  690 00:24:56    -2397.746354        0.291718
MDMin:  691 00:24:59    -2397.746643        0.278265
MDMin:  692 00:25:00    -2397.746230        1.565503
MDMin:  693 00:25:02    -2397.747200        0.265290
MDMin:  694 00:25:04    -2397.747349        0.258830
MDMin:  695 00:25:06    -2397.747625        0.247155
MDMin:  696 00:25:08    -2397.746985        1.565546
MDMin:  697 00:25:10    -2397.748158        0.241467
MDMin:  698 00:25:11    -2397.748298        0.238545
MDMin:  699 00:25:13    -2397.748561        0.233120
MDMin:  700 00:25:14    -2397.747745        1.565462
MDMin:  701 00:25:16    -2397.749073        0.239333
MDMin:  702 00:25:18    -2397.749205        0.236563
MDMin:  703 00:25:20    -2397.749346        1.558564
MDMin:  704 00:25:21    -2397.749578        0.244690
MDMin:  705 00:25:23    -2397.749707        0.241866
MDMin:  706 00:25:24    -2397.749954        0.236511
MDMin:  707 00:25:25    -2397.750045        1.558917
MDMin:  708 00:25:26    -2397.750437        0.242260
MDMin:  709 00:25:28    -2397.750559        0.239588
MDMin:  710 00:25:29    -2397.750795        0.234438
MDMin:  711 00:25:30    -2397.750786        1.558838
MDMin:  712 00:25:31    -2397.751260        0.240331
MDMin:  713 00:25:33    -2397.751375        0.237790
MDMin:  714 00:25:34    -2397.751602        0.232810
MDMin:  715 00:25:35    -2397.751532        1.558550
MDMin:  716 00:25:36    -2397.752051        0.238801
MDMin:  717 00:25:38    -2397.752159        0.236375
MDMin:  718 00:25:39    -2397.752377        0.231534
MDMin:  719 00:25:40    -2397.752282        1.558079
MDMin:  720 00:25:42    -2397.752810        0.237593
MDMin:  721 00:25:44    -2397.752913        0.235267
MDMin:  722 00:25:46    -2397.753122        0.230545
MDMin:  723 00:25:47    -2397.753032        1.557444
MDMin:  724 00:25:49    -2397.753541        0.236648
MDMin:  725 00:25:52    -2397.753638        0.234413
MDMin:  726 00:25:54    -2397.753839        0.229791
MDMin:  727 00:25:56    -2397.753782        1.556660
MDMin:  728 00:25:58    -2397.754245        0.235922
MDMin:  729 00:26:00    -2397.754336        0.233769
MDMin:  730 00:26:02    -2397.754531        0.229235
MDMin:  731 00:26:03    -2397.754530        1.555739
MDMin:  732 00:26:05    -2397.754924        0.235382
MDMin:  733 00:26:07    -2397.755010        0.233305
MDMin:  734 00:26:09    -2397.755198        0.228847
MDMin:  735 00:26:10    -2397.755275        1.554693
MDMin:  736 00:26:12    -2397.755579        0.235001
MDMin:  737 00:26:15    -2397.755661        0.232994
MDMin:  738 00:26:16    -2397.755842        0.228602
MDMin:  739 00:26:17    -2397.756016        1.553536
MDMin:  740 00:26:19    -2397.756212        0.234669
MDMin:  741 00:26:21    -2397.756289        0.232767
MDMin:  742 00:26:23    -2397.756462        0.228479
MDMin:  743 00:26:24    -2397.756731        0.221958
MDMin:  744 00:26:26    -2397.755840        1.559820
MDMin:  745 00:26:27    -2397.757179        0.226076
MDMin:  746 00:26:28    -2397.757250        0.224347
MDMin:  747 00:26:30    -2397.757210        1.552819
MDMin:  748 00:26:31    -2397.757502        0.233464
MDMin:  749 00:26:32    -2397.757569        0.231675
MDMin:  750 00:26:34    -2397.757726        0.227479
MDMin:  751 00:26:36    -2397.757973        0.221013
MDMin:  752 00:26:38    -2397.757108        1.558376
MDMin:  753 00:26:40    -2397.758387        0.224881
MDMin:  754 00:26:41    -2397.758447        0.223308
MDMin:  755 00:26:42    -2397.758431        1.551432
MDMin:  756 00:26:44    -2397.758676        0.232492
MDMin:  757 00:26:45    -2397.758731        0.230952
MDMin:  758 00:26:47    -2397.758874        0.226980
MDMin:  759 00:26:49    -2397.759102        0.220756
MDMin:  760 00:26:51    -2397.758402        1.556113
MDMin:  761 00:26:52    -2397.759487        0.224895
MDMin:  762 00:26:54    -2397.759543        0.223376
MDMin:  763 00:26:56    -2397.759684        0.219536
MDMin:  764 00:26:58    -2397.759068        1.554413
MDMin:  765 00:26:59    -2397.759985        0.226269
MDMin:  766 00:27:00    -2397.760036        0.224804
MDMin:  767 00:27:02    -2397.760173        0.220973
MDMin:  768 00:27:04    -2397.759807        1.552189
MDMin:  769 00:27:06    -2397.760466        0.227601
MDMin:  770 00:27:07    -2397.760516        0.226158
MDMin:  771 00:27:09    -2397.760649        0.222313
MDMin:  772 00:27:11    -2397.760533        1.549990
MDMin:  773 00:27:13    -2397.760937        0.228819
MDMin:  774 00:27:14    -2397.760985        0.227400
MDMin:  775 00:27:16    -2397.761115        0.223545
MDMin:  776 00:27:18    -2397.761245        1.547811
MDMin:  777 00:27:20    -2397.761398        0.229949
MDMin:  778 00:27:22    -2397.761444        0.228555
MDMin:  779 00:27:23    -2397.761571        0.224697
MDMin:  780 00:27:25    -2397.761779        0.219583
MDMin:  781 00:27:26    -2397.761086        1.552747
MDMin:  782 00:27:28    -2397.762133        0.222259
MDMin:  783 00:27:30    -2397.762177        0.220972
MDMin:  784 00:27:32    -2397.762300        0.220688
MDMin:  785 00:27:34    -2397.761691        1.550931
MDMin:  786 00:27:36    -2397.762572        0.224160
MDMin:  787 00:27:38    -2397.762612        0.222947
MDMin:  788 00:27:40    -2397.762730        0.221118
MDMin:  789 00:27:41    -2397.762408        1.548336
MDMin:  790 00:27:43    -2397.762996        0.226059
MDMin:  791 00:27:44    -2397.763035        0.224823
MDMin:  792 00:27:46    -2397.763153        0.221536
MDMin:  793 00:27:47    -2397.763102        1.545879
MDMin:  794 00:27:48    -2397.763416        0.227674
MDMin:  795 00:27:50    -2397.763455        0.226420
MDMin:  796 00:27:51    -2397.763572        0.222678
MDMin:  797 00:27:53    -2397.763766        0.223291
MDMin:  798 00:27:55    -2397.762911        1.550565
MDMin:  799 00:27:57    -2397.764099        0.223394
MDMin:  800 00:27:59    -2397.764138        0.223660
MDMin:  801 00:28:00    -2397.764072        1.543849
MDMin:  802 00:28:02    -2397.764322        0.228796
MDMin:  803 00:28:04    -2397.764361        0.227518
MDMin:  804 00:28:05    -2397.764475        0.223706
MDMin:  805 00:28:06    -2397.764667        0.224816
MDMin:  806 00:28:08    -2397.763952        1.548023
MDMin:  807 00:28:09    -2397.764994        0.224955
MDMin:  808 00:28:10    -2397.765031        0.225227
MDMin:  809 00:28:11    -2397.765070        1.541495
MDMin:  810 00:28:13    -2397.765213        0.229357
MDMin:  811 00:28:14    -2397.765251        0.228063
MDMin:  812 00:28:17    -2397.765364        0.225058
MDMin:  813 00:28:19    -2397.765552        0.226431
MDMin:  814 00:28:21    -2397.764910        1.545861
MDMin:  815 00:28:23    -2397.765874        0.226599
MDMin:  816 00:28:25    -2397.765911        0.226878
MDMin:  817 00:28:26    -2397.765990        1.539497
MDMin:  818 00:28:27    -2397.766090        0.229538
MDMin:  819 00:28:29    -2397.766127        0.228234
MDMin:  820 00:28:30    -2397.766239        0.226720
MDMin:  821 00:28:32    -2397.766425        0.228132
MDMin:  822 00:28:34    -2397.765792        1.544020
MDMin:  823 00:28:36    -2397.766742        0.228324
MDMin:  824 00:28:38    -2397.766779        0.228611
MDMin:  825 00:28:40    -2397.766837        1.537804
MDMin:  826 00:28:42    -2397.766955        0.229454
MDMin:  827 00:28:43    -2397.766992        0.228143
MDMin:  828 00:28:46    -2397.767103        0.228459
MDMin:  829 00:28:48    -2397.767287        0.229913
MDMin:  830 00:28:50    -2397.766602        1.542468
MDMin:  831 00:28:51    -2397.767600        0.230124
MDMin:  832 00:28:53    -2397.767637        0.230420
MDMin:  833 00:28:55    -2397.767618        1.536385
MDMin:  834 00:28:57    -2397.767811        0.229185
MDMin:  835 00:28:59    -2397.767848        0.229445
MDMin:  836 00:29:02    -2397.767957        0.230269
MDMin:  837 00:29:04    -2397.768140        0.231766
MDMin:  838 00:29:06    -2397.767347        1.541181
MDMin:  839 00:29:08    -2397.768450        0.231991
MDMin:  840 00:29:10    -2397.768487        0.232295
MDMin:  841 00:29:11    -2397.768335        1.535222
MDMin:  842 00:29:13    -2397.768660        0.231020
MDMin:  843 00:29:15    -2397.768696        0.231290
MDMin:  844 00:29:17    -2397.768805        0.232141
MDMin:  845 00:29:18    -2397.768931        1.532877
MDMin:  846 00:29:20    -2397.769045        0.231641
MDMin:  847 00:29:22    -2397.769081        0.231914
MDMin:  848 00:29:24    -2397.769189        0.232774
MDMin:  849 00:29:26    -2397.769370        1.531573
MDMin:  850 00:29:28    -2397.769429        0.232272
MDMin:  851 00:29:29    -2397.769465        0.232549
MDMin:  852 00:29:31    -2397.769573        0.233419
MDMin:  853 00:29:33    -2397.769754        0.234988
MDMin:  854 00:29:35    -2397.768891        1.537641
MDMin:  855 00:29:36    -2397.770060        0.235237
MDMin:  856 00:29:38    -2397.770096        0.235554
MDMin:  857 00:29:40    -2397.769829        1.531902
MDMin:  858 00:29:42    -2397.770267        0.234208
MDMin:  859 00:29:44    -2397.770303        0.234494
MDMin:  860 00:29:46    -2397.770410        0.235392
MDMin:  861 00:29:48    -2397.770376        1.529735
MDMin:  862 00:29:49    -2397.770648        0.234868
MDMin:  863 00:29:51    -2397.770684        0.235157
MDMin:  864 00:29:54    -2397.770792        0.236064
MDMin:  865 00:29:55    -2397.770763        1.528650
MDMin:  866 00:29:57    -2397.771029        0.235536
MDMin:  867 00:29:59    -2397.771065        0.235828
MDMin:  868 00:30:01    -2397.771172        0.236745
MDMin:  869 00:30:02    -2397.771139        1.527620
MDMin:  870 00:30:04    -2397.771409        0.236212
MDMin:  871 00:30:06    -2397.771445        0.236507
MDMin:  872 00:30:07    -2397.771553        0.237434
MDMin:  873 00:30:09    -2397.771502        1.526641
MDMin:  874 00:30:11    -2397.771789        0.236894
MDMin:  875 00:30:13    -2397.771825        0.237193
MDMin:  876 00:30:14    -2397.771933        0.238130
MDMin:  877 00:30:15    -2397.771854        1.525712
MDMin:  878 00:30:16    -2397.772169        0.237584
MDMin:  879 00:30:18    -2397.772205        0.237886
MDMin:  880 00:30:20    -2397.772313        0.238833
MDMin:  881 00:30:22    -2397.772196        1.524830
MDMin:  882 00:30:24    -2397.772549        0.238279
MDMin:  883 00:30:26    -2397.772585        0.238585
MDMin:  884 00:30:28    -2397.772693        0.239542
MDMin:  885 00:30:30    -2397.772527        1.523995
MDMin:  886 00:30:31    -2397.772929        0.238980
MDMin:  887 00:30:32    -2397.772965        0.239290
MDMin:  888 00:30:34    -2397.773073        0.240256
MDMin:  889 00:30:35    -2397.772847        1.523204
MDMin:  890 00:30:37    -2397.773309        0.239686
MDMin:  891 00:30:38    -2397.773345        0.239999
MDMin:  892 00:30:39    -2397.773453        0.240975
MDMin:  893 00:30:41    -2397.773158        1.522456
MDMin:  894 00:30:44    -2397.773690        0.240397
MDMin:  895 00:30:46    -2397.773726        0.240713
MDMin:  896 00:30:48    -2397.773833        0.241699
MDMin:  897 00:30:49    -2397.773459        1.521750
MDMin:  898 00:30:51    -2397.774070        0.241111
MDMin:  899 00:30:53    -2397.774104        0.241430
MDMin:  900 00:30:55    -2397.774199        0.242425
MDMin:  901 00:30:57    -2397.773751        1.521084
MDMin:  902 00:30:59    -2397.774407        0.241828
MDMin:  903 00:31:01    -2397.774439        0.242150
MDMin:  904 00:31:02    -2397.774534        0.243154
MDMin:  905 00:31:04    -2397.774034        1.520458
MDMin:  906 00:31:05    -2397.774742        0.242547
MDMin:  907 00:31:07    -2397.774774        0.242873
MDMin:  908 00:31:08    -2397.774869        0.243886
MDMin:  909 00:31:10    -2397.774307        1.519869
MDMin:  910 00:31:12    -2397.775077        0.243269
MDMin:  911 00:31:14    -2397.775109        0.243597
MDMin:  912 00:31:15    -2397.775204        0.244619
MDMin:  913 00:31:17    -2397.774573        1.519318
MDMin:  914 00:31:18    -2397.775413        0.243991
MDMin:  915 00:31:20    -2397.775445        0.244323
MDMin:  916 00:31:22    -2397.775493        1.513245
MDMin:  917 00:31:24    -2397.775595        0.242893
MDMin:  918 00:31:26    -2397.775627        0.243193
MDMin:  919 00:31:28    -2397.775722        0.244143
MDMin:  920 00:31:29    -2397.775872        1.512000
MDMin:  921 00:31:30    -2397.775932        0.243577
MDMin:  922 00:31:32    -2397.775963        0.243888
MDMin:  923 00:31:33    -2397.776059        0.244868
MDMin:  924 00:31:34    -2397.776099        1.511812
MDMin:  925 00:31:36    -2397.776269        0.244282
MDMin:  926 00:31:37    -2397.776300        0.244603
MDMin:  927 00:31:39    -2397.776396        0.245608
MDMin:  928 00:31:40    -2397.776322        1.511595
MDMin:  929 00:31:42    -2397.776606        0.245001
MDMin:  930 00:31:44    -2397.776638        0.245330
MDMin:  931 00:31:45    -2397.776734        0.246356
MDMin:  932 00:31:47    -2397.776541        1.511362
MDMin:  933 00:31:49    -2397.776945        0.245729
MDMin:  934 00:31:51    -2397.776977        0.246064
MDMin:  935 00:31:53    -2397.777073        0.247108
MDMin:  936 00:31:55    -2397.776755        1.511122
MDMin:  937 00:31:57    -2397.777284        0.246462
MDMin:  938 00:31:59    -2397.777316        0.246802
MDMin:  939 00:32:01    -2397.777413        0.247861
MDMin:  940 00:32:04    -2397.776964        1.510884
MDMin:  941 00:32:06    -2397.777625        0.247197
MDMin:  942 00:32:08    -2397.777657        0.247541
MDMin:  943 00:32:10    -2397.777754        0.248613
MDMin:  944 00:32:12    -2397.777167        1.510652
MDMin:  945 00:32:14    -2397.777966        0.247932
MDMin:  946 00:32:15    -2397.777998        0.248280
MDMin:  947 00:32:17    -2397.778032        1.504761
MDMin:  948 00:32:19    -2397.778152        0.246745
MDMin:  949 00:32:20    -2397.778184        0.247063
MDMin:  950 00:32:23    -2397.778281        0.248069
MDMin:  951 00:32:24    -2397.778352        1.503791
MDMin:  952 00:32:26    -2397.778495        0.247448
MDMin:  953 00:32:29    -2397.778528        0.247779
MDMin:  954 00:32:31    -2397.778625        0.248818
MDMin:  955 00:32:33    -2397.778525        1.503868
MDMin:  956 00:32:35    -2397.778840        0.248171
MDMin:  957 00:32:37    -2397.778873        0.248512
MDMin:  958 00:32:39    -2397.778971        0.249577
MDMin:  959 00:32:40    -2397.778697        1.503898
MDMin:  960 00:32:42    -2397.779186        0.248905
MDMin:  961 00:32:43    -2397.779219        0.249253
MDMin:  962 00:32:44    -2397.779318        0.250340
MDMin:  963 00:32:46    -2397.778866        1.503897
MDMin:  964 00:32:48    -2397.779534        0.249643
MDMin:  965 00:32:50    -2397.779567        0.249998
MDMin:  966 00:32:52    -2397.779666        0.251101
MDMin:  967 00:32:54    -2397.779032        1.503878
MDMin:  968 00:32:56    -2397.779883        0.250382
MDMin:  969 00:32:59    -2397.779917        0.250742
MDMin:  970 00:33:00    -2397.779860        1.498096
MDMin:  971 00:33:03    -2397.780074        0.249135
MDMin:  972 00:33:05    -2397.780107        0.249466
MDMin:  973 00:33:07    -2397.780207        0.250509
MDMin:  974 00:33:09    -2397.780143        1.497317
MDMin:  975 00:33:10    -2397.780426        0.249848
MDMin:  976 00:33:12    -2397.780459        0.250191
MDMin:  977 00:33:13    -2397.780559        0.251270
MDMin:  978 00:33:15    -2397.780284        1.497562
MDMin:  979 00:33:17    -2397.780780        0.250579
MDMin:  980 00:33:18    -2397.780813        0.250933
MDMin:  981 00:33:21    -2397.780914        0.252039
MDMin:  982 00:33:22    -2397.780425        1.497748
MDMin:  983 00:33:23    -2397.781136        0.251319
MDMin:  984 00:33:26    -2397.781169        0.251681
MDMin:  985 00:33:27    -2397.781223        1.492065
MDMin:  986 00:33:29    -2397.781330        0.250063
MDMin:  987 00:33:31    -2397.781363        0.250395
MDMin:  988 00:33:33    -2397.781465        0.251446
MDMin:  989 00:33:35    -2397.781480        1.491462
MDMin:  990 00:33:36    -2397.781689        0.250773
MDMin:  991 00:33:38    -2397.781723        0.251120
MDMin:  992 00:33:40    -2397.781825        0.252214
MDMin:  993 00:33:42    -2397.781603        1.491845
MDMin:  994 00:33:44    -2397.782050        0.251508
MDMin:  995 00:33:46    -2397.782084        0.251868
MDMin:  996 00:33:48    -2397.782187        0.252994
MDMin:  997 00:33:50    -2397.781726        1.492151
MDMin:  998 00:33:51    -2397.782413        0.252255
MDMin:  999 00:33:54    -2397.782448        0.252625
MDMin:  1000 00:33:55    -2397.782500        1.486526
MDMin:  1001 00:33:56    -2397.782611        0.252511
MDMin:  1002 00:33:58    -2397.782646        0.251309
MDMin:  1003 00:34:00    -2397.782750        0.252383
MDMin:  1004 00:34:02    -2397.782737        1.486039
MDMin:  1005 00:34:04    -2397.782979        0.251689
MDMin:  1006 00:34:06    -2397.783013        0.252045
MDMin:  1007 00:34:08    -2397.783118        0.253165
MDMin:  1008 00:34:09    -2397.782844        1.486515
MDMin:  1009 00:34:11    -2397.783348        0.252435
MDMin:  1010 00:34:13    -2397.783383        0.252804
MDMin:  1011 00:34:15    -2397.783488        0.253959
MDMin:  1012 00:34:17    -2397.782952        1.486904
MDMin:  1013 00:34:19    -2397.783715        0.253194
MDMin:  1014 00:34:20    -2397.783745        0.253573
MDMin:  1015 00:34:22    -2397.783706        1.481322
MDMin:  1016 00:34:24    -2397.783897        0.254994
MDMin:  1017 00:34:27    -2397.783927        0.253487
MDMin:  1018 00:34:28    -2397.784018        0.253325
MDMin:  1019 00:34:29    -2397.783924        1.480931
MDMin:  1020 00:34:31    -2397.784227        0.253189
MDMin:  1021 00:34:33    -2397.784258        0.252978
MDMin:  1022 00:34:35    -2397.784351        0.254130
MDMin:  1023 00:34:37    -2397.784016        1.481494
MDMin:  1024 00:34:39    -2397.784563        0.253378
MDMin:  1025 00:34:40    -2397.784594        0.253758
MDMin:  1026 00:34:42    -2397.784689        0.254946
MDMin:  1027 00:34:44    -2397.784109        1.481968
MDMin:  1028 00:34:46    -2397.784903        0.254158
MDMin:  1029 00:34:48    -2397.784935        0.254548
MDMin:  1030 00:34:49    -2397.784840        1.476447
MDMin:  1031 00:34:51    -2397.785091        0.257070
MDMin:  1032 00:34:53    -2397.785123        0.255558
MDMin:  1033 00:34:55    -2397.785221        0.254295
MDMin:  1034 00:34:56    -2397.785042        1.476135
MDMin:  1035 00:34:58    -2397.785438        0.255178
MDMin:  1036 00:34:59    -2397.785471        0.253937
MDMin:  1037 00:35:00    -2397.785570        0.255124
MDMin:  1038 00:35:02    -2397.785119        1.476775
MDMin:  1039 00:35:04    -2397.785789        0.254350
MDMin:  1040 00:35:06    -2397.785822        0.254742
MDMin:  1041 00:35:08    -2397.785828        1.471345
MDMin:  1042 00:35:10    -2397.785979        0.260168
MDMin:  1043 00:35:12    -2397.786013        0.258641
MDMin:  1044 00:35:14    -2397.786115        0.254500
MDMin:  1045 00:35:15    -2397.786013        1.471171
MDMin:  1046 00:35:17    -2397.786335        0.258058
MDMin:  1047 00:35:19    -2397.786369        0.256557
MDMin:  1048 00:35:21    -2397.786473        0.255352
MDMin:  1049 00:35:23    -2397.786079        1.471924
MDMin:  1050 00:35:26    -2397.786693        0.256223
MDMin:  1051 00:35:28    -2397.786728        0.254978
MDMin:  1052 00:35:30    -2397.786766        1.466566
MDMin:  1053 00:35:31    -2397.786883        0.262736
MDMin:  1054 00:35:33    -2397.786918        0.261199
MDMin:  1055 00:35:35    -2397.787024        0.256620
MDMin:  1056 00:35:37    -2397.786938        1.466491
MDMin:  1057 00:35:39    -2397.787244        0.260467
MDMin:  1058 00:35:41    -2397.787280        0.258958
MDMin:  1059 00:35:43    -2397.787388        0.255628
MDMin:  1060 00:35:44    -2397.786992        1.467334
MDMin:  1061 00:35:46    -2397.787605        0.258485
MDMin:  1062 00:35:47    -2397.787641        0.256998
MDMin:  1063 00:35:50    -2397.787659        1.462045
MDMin:  1064 00:35:51    -2397.787789        0.264902
MDMin:  1065 00:35:52    -2397.787825        0.263359
MDMin:  1066 00:35:54    -2397.787935        0.258763
MDMin:  1067 00:35:55    -2397.787819        1.462050
MDMin:  1068 00:35:56    -2397.788147        0.262504
MDMin:  1069 00:35:57    -2397.788184        0.260990
MDMin:  1070 00:35:59    -2397.788295        0.256480
MDMin:  1071 00:36:00    -2397.787863        1.462955
MDMin:  1072 00:36:01    -2397.788468        0.260464
MDMin:  1073 00:36:02    -2397.788506        0.258973
MDMin:  1074 00:36:04    -2397.788515        1.457700
MDMin:  1075 00:36:05    -2397.788628        0.266866
MDMin:  1076 00:36:06    -2397.788665        0.265319
MDMin:  1077 00:36:07    -2397.788764        0.260709
MDMin:  1078 00:36:09    -2397.788677        1.457644
MDMin:  1079 00:36:10    -2397.788954        0.264635
MDMin:  1080 00:36:11    -2397.788991        0.263114
MDMin:  1081 00:36:13    -2397.789103        0.258585
MDMin:  1082 00:36:15    -2397.788726        1.458488
MDMin:  1083 00:36:17    -2397.789326        0.262524
MDMin:  1084 00:36:19    -2397.789364        0.261027
MDMin:  1085 00:36:21    -2397.789367        1.453232
MDMin:  1086 00:36:22    -2397.789529        0.268850
MDMin:  1087 00:36:25    -2397.789566        0.267298
MDMin:  1088 00:36:27    -2397.789679        0.262673
MDMin:  1089 00:36:29    -2397.789511        1.453314
MDMin:  1090 00:36:30    -2397.789927        0.266470
MDMin:  1091 00:36:32    -2397.789964        0.264946
MDMin:  1092 00:36:33    -2397.790030        0.260412
MDMin:  1093 00:36:35    -2397.789563        1.454104
MDMin:  1094 00:36:37    -2397.790235        0.264364
MDMin:  1095 00:36:39    -2397.790269        0.262863
MDMin:  1096 00:36:41    -2397.790189        1.448882
MDMin:  1097 00:36:43    -2397.790407        0.270643
MDMin:  1098 00:36:44    -2397.790440        0.269088
MDMin:  1099 00:36:46    -2397.790524        0.264478
MDMin:  1100 00:36:47    -2397.790330        1.448942
MDMin:  1101 00:36:49    -2397.790734        0.268281
MDMin:  1102 00:36:50    -2397.790772        0.266753
MDMin:  1103 00:36:52    -2397.790887        0.262200
MDMin:  1104 00:36:53    -2397.790366        1.449870
MDMin:  1105 00:36:54    -2397.791125        0.266090
MDMin:  1106 00:36:56    -2397.791158        0.264585
MDMin:  1107 00:36:58    -2397.790983        1.444621
MDMin:  1108 00:37:00    -2397.791326        0.272361
MDMin:  1109 00:37:02    -2397.791348        0.270802
MDMin:  1110 00:37:04    -2397.791425        0.266185
MDMin:  1111 00:37:06    -2397.791123        1.444651
MDMin:  1112 00:37:08    -2397.791598        0.269957
MDMin:  1113 00:37:10    -2397.791637        0.268426
MDMin:  1114 00:37:12    -2397.791720        1.439516
MDMin:  1115 00:37:14    -2397.791790        0.275946
MDMin:  1116 00:37:16    -2397.791829        0.274365
MDMin:  1117 00:37:18    -2397.791924        0.269652
MDMin:  1118 00:37:20    -2397.791839        1.439817
MDMin:  1119 00:37:22    -2397.792089        0.273184
MDMin:  1120 00:37:24    -2397.792128        0.271635
MDMin:  1121 00:37:26    -2397.792244        0.267019
MDMin:  1122 00:37:28    -2397.791859        1.440926
MDMin:  1123 00:37:30    -2397.792445        0.270632
MDMin:  1124 00:37:32    -2397.792484        0.269110
MDMin:  1125 00:37:34    -2397.792437        1.435856
MDMin:  1126 00:37:35    -2397.792605        0.276696
MDMin:  1127 00:37:36    -2397.792644        0.275122
MDMin:  1128 00:37:38    -2397.792758        0.270433
MDMin:  1129 00:37:40    -2397.792556        1.436068
MDMin:  1130 00:37:41    -2397.792939        0.274071
MDMin:  1131 00:37:43    -2397.792978        0.272527
MDMin:  1132 00:37:45    -2397.793094        0.267926
MDMin:  1133 00:37:47    -2397.792577        1.437114
MDMin:  1134 00:37:49    -2397.793318        0.271577
MDMin:  1135 00:37:51    -2397.793356        0.270059
MDMin:  1136 00:37:53    -2397.793147        1.432027
MDMin:  1137 00:37:54    -2397.793471        0.277644
MDMin:  1138 00:37:56    -2397.793510        0.276073
MDMin:  1139 00:37:58    -2397.793626        0.271393
MDMin:  1140 00:38:00    -2397.793254        1.432300
MDMin:  1141 00:38:02    -2397.793823        0.274839
MDMin:  1142 00:38:04    -2397.793861        0.273299
MDMin:  1143 00:38:06    -2397.793804        1.427327
MDMin:  1144 00:38:07    -2397.794001        0.280724
MDMin:  1145 00:38:10    -2397.794040        0.279136
MDMin:  1146 00:38:11    -2397.794127        0.274399
MDMin:  1147 00:38:13    -2397.793906        1.427697
MDMin:  1148 00:38:15    -2397.794313        0.277829
MDMin:  1149 00:38:17    -2397.794351        0.276273
MDMin:  1150 00:38:18    -2397.794446        1.422737
MDMin:  1151 00:38:20    -2397.794506        0.283536
MDMin:  1152 00:38:22    -2397.794544        0.281934
MDMin:  1153 00:38:24    -2397.794648        0.277155
MDMin:  1154 00:38:25    -2397.794540        1.423226
MDMin:  1155 00:38:27    -2397.794883        0.280527
MDMin:  1156 00:38:28    -2397.794921        0.278959
MDMin:  1157 00:38:30    -2397.795036        0.274282
MDMin:  1158 00:38:31    -2397.794547        1.424448
MDMin:  1159 00:38:33    -2397.795295        0.277740
MDMin:  1160 00:38:34    -2397.795334        0.276200
MDMin:  1161 00:38:36    -2397.795082        1.419436
MDMin:  1162 00:38:38    -2397.795523        0.283616
MDMin:  1163 00:38:40    -2397.795561        0.282027
MDMin:  1164 00:38:41    -2397.795677        0.277289
MDMin:  1165 00:38:43    -2397.795172        1.419853
MDMin:  1166 00:38:44    -2397.795937        0.280609
MDMin:  1167 00:38:46    -2397.795976        0.279052
MDMin:  1168 00:38:48    -2397.795693        1.414903
MDMin:  1169 00:38:50    -2397.796165        0.286340
MDMin:  1170 00:38:52    -2397.796204        0.284736
MDMin:  1171 00:38:54    -2397.796277        1.409199
MDMin:  1172 00:38:55    -2397.796394        0.291707
MDMin:  1173 00:38:57    -2397.796433        0.290063
MDMin:  1174 00:38:59    -2397.796551        0.285162
MDMin:  1175 00:39:01    -2397.796351        1.410032
MDMin:  1176 00:39:03    -2397.796813        0.288027
MDMin:  1177 00:39:05    -2397.796853        0.286425
MDMin:  1178 00:39:06    -2397.796837        1.405293
MDMin:  1179 00:39:07    -2397.797043        0.293368
MDMin:  1180 00:39:09    -2397.797082        0.291726
MDMin:  1181 00:39:11    -2397.797202        0.286828
MDMin:  1182 00:39:13    -2397.796910        1.406106
MDMin:  1183 00:39:15    -2397.797466        0.289670
MDMin:  1184 00:39:17    -2397.797506        0.288068
MDMin:  1185 00:39:18    -2397.797387        1.401371
MDMin:  1186 00:39:20    -2397.797693        0.294993
MDMin:  1187 00:39:21    -2397.797731        0.293352
MDMin:  1188 00:39:23    -2397.797845        0.288454
MDMin:  1189 00:39:24    -2397.797458        1.402172
MDMin:  1190 00:39:26    -2397.798098        0.291276
MDMin:  1191 00:39:28    -2397.798136        0.289664
MDMin:  1192 00:39:30    -2397.797924        1.397453
MDMin:  1193 00:39:32    -2397.798320        0.296541
MDMin:  1194 00:39:34    -2397.798358        0.294899
MDMin:  1195 00:39:36    -2397.798448        1.391993
MDMin:  1196 00:39:38    -2397.798542        0.301502
MDMin:  1197 00:39:40    -2397.798581        0.299826
MDMin:  1198 00:39:42    -2397.798697        0.294826
MDMin:  1199 00:39:44    -2397.798512        1.393062
MDMin:  1200 00:39:46    -2397.798954        0.297338
MDMin:  1201 00:39:48    -2397.798994        0.295653
MDMin:  1202 00:39:51    -2397.798946        1.388560
MDMin:  1203 00:39:52    -2397.799181        0.302229
MDMin:  1204 00:39:54    -2397.799220        0.300563
MDMin:  1205 00:39:56    -2397.799338        0.295594
MDMin:  1206 00:39:58    -2397.799010        1.389546
MDMin:  1207 00:40:01    -2397.799598        0.298159
MDMin:  1208 00:40:03    -2397.799639        0.296473
MDMin:  1209 00:40:05    -2397.799437        1.385024
MDMin:  1210 00:40:07    -2397.799828        0.303063
MDMin:  1211 00:40:08    -2397.799868        0.301405
MDMin:  1212 00:40:10    -2397.799922        1.379704
MDMin:  1213 00:40:12    -2397.800057        0.307810
MDMin:  1214 00:40:14    -2397.800096        0.306120
MDMin:  1215 00:40:17    -2397.800215        0.301076
MDMin:  1216 00:40:19    -2397.799983        1.380870
MDMin:  1217 00:40:21    -2397.800479        0.303401
MDMin:  1218 00:40:22    -2397.800522        0.301654
MDMin:  1219 00:40:24    -2397.800384        1.376522
MDMin:  1220 00:40:25    -2397.800715        0.308003
MDMin:  1221 00:40:27    -2397.800755        0.306327
MDMin:  1222 00:40:28    -2397.800841        1.371333
MDMin:  1223 00:40:29    -2397.800947        0.312560
MDMin:  1224 00:40:31    -2397.800988        0.310822
MDMin:  1225 00:40:33    -2397.801110        0.305700
MDMin:  1226 00:40:34    -2397.800897        1.372678
MDMin:  1227 00:40:36    -2397.801379        0.307824
MDMin:  1228 00:40:37    -2397.801423        0.306028
MDMin:  1229 00:40:39    -2397.801274        1.368462
MDMin:  1230 00:40:41    -2397.801620        0.312198
MDMin:  1231 00:40:42    -2397.801662        0.310474
MDMin:  1232 00:40:44    -2397.801706        1.363416
MDMin:  1233 00:40:46    -2397.801857        0.316540
MDMin:  1234 00:40:47    -2397.801900        0.314758
MDMin:  1235 00:40:49    -2397.802024        0.309578
MDMin:  1236 00:40:51    -2397.801756        1.364893
MDMin:  1237 00:40:53    -2397.802298        0.311555
MDMin:  1238 00:40:54    -2397.802331        1.356902
MDMin:  1239 00:40:56    -2397.802423        0.321588
MDMin:  1240 00:40:58    -2397.802464        0.319853
MDMin:  1241 00:41:00    -2397.802588        0.314670
MDMin:  1242 00:41:01    -2397.802445        1.357617
MDMin:  1243 00:41:03    -2397.802863        0.316494
MDMin:  1244 00:41:04    -2397.802910        0.314604
MDMin:  1245 00:41:06    -2397.802785        1.353650
MDMin:  1246 00:41:08    -2397.803114        0.320407
MDMin:  1247 00:41:09    -2397.803158        0.318588
MDMin:  1248 00:41:11    -2397.803170        1.348904
MDMin:  1249 00:41:13    -2397.803361        0.324309
MDMin:  1250 00:41:15    -2397.803406        0.322440
MDMin:  1251 00:41:17    -2397.803535        0.317136
MDMin:  1252 00:41:20    -2397.803215        1.350659
MDMin:  1253 00:41:22    -2397.803802        1.341435
MDMin:  1254 00:41:24    -2397.803972        0.340500
MDMin:  1255 00:41:26    -2397.804014        0.338675
MDMin:  1256 00:41:28    -2397.804141        0.333219
MDMin:  1257 00:41:30    -2397.804354        0.324293
MDMin:  1258 00:41:32    -2397.804070        1.342132
MDMin:  1259 00:41:34    -2397.804581        1.333705
MDMin:  1260 00:41:36    -2397.804869        0.342466
MDMin:  1261 00:41:38    -2397.804911        0.340658
MDMin:  1262 00:41:40    -2397.805040        0.335252
MDMin:  1263 00:41:42    -2397.805191        1.326254
MDMin:  1264 00:41:44    -2397.805327        0.336251
MDMin:  1265 00:41:46    -2397.805379        0.334140
MDMin:  1266 00:41:48    -2397.805459        1.322936
MDMin:  1267 00:41:49    -2397.805595        0.339069
MDMin:  1268 00:41:51    -2397.805645        0.337029
MDMin:  1269 00:41:53    -2397.805760        1.318903
MDMin:  1270 00:41:54    -2397.805860        0.341938
MDMin:  1271 00:41:56    -2397.805911        0.339867
MDMin:  1272 00:41:58    -2397.806049        0.334280
MDMin:  1273 00:42:00    -2397.805812        1.321310
MDMin:  1274 00:42:02    -2397.806273        1.312429
MDMin:  1275 00:42:04    -2397.806509        0.356097
MDMin:  1276 00:42:06    -2397.806553        0.354257
MDMin:  1277 00:42:08    -2397.806684        0.348748
MDMin:  1278 00:42:10    -2397.806835        1.304967
MDMin:  1279 00:42:12    -2397.806978        0.349275
MDMin:  1280 00:42:14    -2397.807034        0.347033
MDMin:  1281 00:42:16    -2397.807067        1.302008
MDMin:  1282 00:42:19    -2397.807258        0.351434
MDMin:  1283 00:42:21    -2397.807311        0.349265
MDMin:  1284 00:42:23    -2397.807324        1.298371
MDMin:  1285 00:42:24    -2397.807534        0.353682
MDMin:  1286 00:42:26    -2397.807588        0.351494
MDMin:  1287 00:42:28    -2397.807575        1.294784
MDMin:  1288 00:42:30    -2397.807812        0.355823
MDMin:  1289 00:42:31    -2397.807867        0.353615
MDMin:  1290 00:42:33    -2397.807819        1.291260
MDMin:  1291 00:42:35    -2397.808092        0.357860
MDMin:  1292 00:42:36    -2397.808134        1.283853
MDMin:  1293 00:42:38    -2397.808234        0.366036
MDMin:  1294 00:42:40    -2397.808288        0.363796
MDMin:  1295 00:42:42    -2397.808383        1.280095
MDMin:  1296 00:42:44    -2397.808513        0.367576
MDMin:  1297 00:42:46    -2397.808571        0.365232
MDMin:  1298 00:42:48    -2397.808603        1.277083
MDMin:  1299 00:42:50    -2397.808799        0.368882
MDMin:  1300 00:42:52    -2397.808856        0.366531
MDMin:  1301 00:42:53    -2397.808819        1.274063
MDMin:  1302 00:42:55    -2397.809076        1.265517
MDMin:  1303 00:42:57    -2397.809259        0.389363
MDMin:  1304 00:42:59    -2397.809304        0.387465
MDMin:  1305 00:43:01    -2397.809437        0.381766
MDMin:  1306 00:43:03    -2397.809516        1.259395
MDMin:  1307 00:43:05    -2397.809695        1.251640
MDMin:  1308 00:43:06    -2397.809909        0.399060
MDMin:  1309 00:43:08    -2397.809953        0.397163
MDMin:  1310 00:43:10    -2397.810035        1.240437
MDMin:  1311 00:43:11    -2397.810122        1.232871
MDMin:  1312 00:43:13    -2397.810170        1.217969
MDMin:  1313 00:43:15    -2397.806270        0.897401
MDMin:  1314 00:43:17    -2397.802864        0.878569
MDMin:  1315 00:43:19    -2397.798483        0.855291
MDMin:  1316 00:43:21    -2397.793139        0.828086
MDMin:  1317 00:43:23    -2397.786870        0.797556
MDMin:  1318 00:43:25    -2397.779732        0.764362
MDMin:  1319 00:43:27    -2397.771788        0.729205
MDMin:  1320 00:43:29    -2397.763101        0.692814
MDMin:  1321 00:43:31    -2397.753721        0.666321
MDMin:  1322 00:43:33    -2397.743672        0.654542
MDMin:  1323 00:43:34    -2397.732946        0.641779
MDMin:  1324 00:43:36    -2397.721495        0.627929
MDMin:  1325 00:43:37    -2397.709223        0.612858
MDMin:  1326 00:43:38    -2397.696082        0.596501
MDMin:  1327 00:43:40    -2397.681919        0.578668
MDMin:  1328 00:43:42    -2397.666645        0.559334
MDMin:  1329 00:43:44    -2397.650242        0.538484
MDMin:  1330 00:43:45    -2397.632807        0.516108
MDMin:  1331 00:43:47    -2397.614678        0.492438
MDMin:  1332 00:43:48    -2397.596320        0.469029
MDMin:  1333 00:43:50    -2397.578502        0.474340
MDMin:  1334 00:43:52    -2397.562322        0.477520
MDMin:  1335 00:43:54    -2397.549227        0.477908
MDMin:  1336 00:43:56    -2397.541015        0.474822
MDMin:  1337 00:43:58    -2397.539797        0.467563
MDMin:  1338 00:44:00    -2397.547230        0.456437
MDMin:  1339 00:44:02    -2397.563164        0.497506
MDMin:  1340 00:44:04    -2397.583028        0.541852
MDMin:  1341 00:44:06    -2397.603423        0.567546
MDMin:  1342 00:44:08    -2397.620747        0.578510
MDMin:  1343 00:44:09    -2397.635991        0.582887
MDMin:  1344 00:44:11    -2397.651465        0.584041
MDMin:  1345 00:44:14    -2397.668425        0.583057
MDMin:  1346 00:44:15    -2397.687148        0.578633
MDMin:  1347 00:44:17    -2397.707460        0.564247
MDMin:  1348 00:44:19    -2397.728457        0.523292
MDMin:  1349 00:44:20    -2397.737922        0.448788
MDMin:  1350 00:44:22    -2397.737763        0.449968
MDMin:  1351 00:44:23    -2397.734122        0.554528
MDMin:  1352 00:44:25    -2397.733354        0.450695
MDMin:  1353 00:44:26    -2397.733315        0.450575
MDMin:  1354 00:44:27    -2397.733279        0.450236
MDMin:  1355 00:44:28    -2397.732753        0.575346
MDMin:  1356 00:44:30    -2397.730341        0.448979
MDMin:  1357 00:44:32    -2397.730315        0.448390
MDMin:  1358 00:44:34    -2397.730287        0.447515
MDMin:  1359 00:44:36    -2397.730258        0.446260
MDMin:  1360 00:44:38    -2397.728685        0.630317
MDMin:  1361 00:44:40    -2397.727506        0.443350
MDMin:  1362 00:44:42    -2397.727467        0.442196
MDMin:  1363 00:44:44    -2397.727419        0.440605
MDMin:  1364 00:44:45    -2397.727365        0.438491
MDMin:  1365 00:44:46    -2397.726460        0.670347
MDMin:  1366 00:44:47    -2397.724692        0.434055
MDMin:  1367 00:44:49    -2397.724626        0.432358
MDMin:  1368 00:44:50    -2397.724544        0.430087
MDMin:  1369 00:44:51    -2397.724449        0.427166
MDMin:  1370 00:44:53    -2397.724341        0.423501
MDMin:  1371 00:44:55    -2397.723034        0.718143
MDMin:  1372 00:44:56    -2397.721461        0.416419
MDMin:  1373 00:44:58    -2397.721347        0.413858
MDMin:  1374 00:45:00    -2397.721208        0.410561
MDMin:  1375 00:45:03    -2397.721049        0.413429
MDMin:  1376 00:45:04    -2397.720871        0.419527
MDMin:  1377 00:45:06    -2397.720676        0.426673
MDMin:  1378 00:45:08    -2397.719758        0.770308
MDMin:  1379 00:45:09    -2397.717557        0.439356
MDMin:  1380 00:45:10    -2397.717371        0.443709
MDMin:  1381 00:45:12    -2397.717154        0.449109
MDMin:  1382 00:45:13    -2397.716910        0.455622
MDMin:  1383 00:45:15    -2397.716644        0.463329
MDMin:  1384 00:45:17    -2397.716360        0.472324
MDMin:  1385 00:45:18    -2397.716059        0.482718
MDMin:  1386 00:45:20    -2397.715741        0.494635
MDMin:  1387 00:45:21    -2397.715405        0.508208
MDMin:  1388 00:45:23    -2397.714758        0.854109
MDMin:  1389 00:45:25    -2397.711791        0.531415
MDMin:  1390 00:45:27    -2397.711456        0.539131
MDMin:  1391 00:45:29    -2397.711089        0.548299
MDMin:  1392 00:45:31    -2397.710701        0.558960
MDMin:  1393 00:45:32    -2397.710300        0.571129
MDMin:  1394 00:45:33    -2397.709893        0.584759
MDMin:  1395 00:45:35    -2397.709483        0.599701
MDMin:  1396 00:45:36    -2397.709075        0.615623
MDMin:  1397 00:45:38    -2397.708667        0.631915
MDMin:  1398 00:45:39    -2397.708262        0.647546
MDMin:  1399 00:45:40    -2397.707858        0.660913
MDMin:  1400 00:45:42    -2397.707457        0.669748
MDMin:  1401 00:45:44    -2397.707060        0.676493
MDMin:  1402 00:45:46    -2397.706670        0.775280
MDMin:  1403 00:45:48    -2397.706289        0.902080
MDMin:  1404 00:45:50    -2397.705922        1.055370
MDMin:  1405 00:45:52    -2397.705569        1.216307
MDMin:  1406 00:45:54    -2397.705231        1.338392
MDMin:  1407 00:45:55    -2397.704900        1.360208
MDMin:  1408 00:45:57    -2397.704560        1.255637
MDMin:  1409 00:45:59    -2397.704199        1.074020
MDMin:  1410 00:46:01    -2397.703814        0.896374
MDMin:  1411 00:46:03    -2397.703419        1.008076
MDMin:  1412 00:46:04    -2397.703030        1.149618
MDMin:  1413 00:46:06    -2397.702648        1.174501
MDMin:  1414 00:46:08    -2397.702258        1.027277
MDMin:  1415 00:46:10    -2397.701850        0.804661
MDMin:  1416 00:46:11    -2397.701438        0.901394
MDMin:  1417 00:46:12    -2397.701044        0.951486
MDMin:  1418 00:46:14    -2397.700667        0.866183
MDMin:  1419 00:46:15    -2397.700305        0.704263
MDMin:  1420 00:46:16    -2397.699968        0.680357
MDMin:  1421 00:46:18    -2397.699665        0.807257
MDMin:  1422 00:46:20    -2397.699403        0.919987
MDMin:  1423 00:46:22    -2397.699194        1.133357
MDMin:  1424 00:46:24    -2397.699114        0.956689
MDMin:  1425 00:46:25    -2397.699089        0.950828
MDMin:  1426 00:46:27    -2397.699054        0.939634
MDMin:  1427 00:46:28    -2397.699011        0.921352
MDMin:  1428 00:46:29    -2397.698960        0.894313
MDMin:  1429 00:46:31    -2397.698903        0.857110
MDMin:  1430 00:46:33    -2397.698839        0.809320
MDMin:  1431 00:46:35    -2397.698768        0.751919
MDMin:  1432 00:46:37    -2397.698691        0.687327
MDMin:  1433 00:46:38    -2397.698608        0.619066
MDMin:  1434 00:46:40    -2397.698518        0.625233
MDMin:  1435 00:46:42    -2397.698424        0.647342
MDMin:  1436 00:46:43    -2397.698325        0.669240
MDMin:  1437 00:46:46    -2397.698221        0.688244
MDMin:  1438 00:46:48    -2397.698113        0.699939
MDMin:  1439 00:46:49    -2397.698000        0.698794
MDMin:  1440 00:46:51    -2397.697883        0.680136
MDMin:  1441 00:46:52    -2397.697760        0.642816
MDMin:  1442 00:46:54    -2397.697631        0.590515
MDMin:  1443 00:46:55    -2397.697497        0.530039
MDMin:  1444 00:46:56    -2397.697362        0.534527
MDMin:  1445 00:46:58    -2397.697266        1.008900
MDMin:  1446 00:47:00    -2397.697247        0.548418
MDMin:  1447 00:47:01    -2397.697218        0.552269
MDMin:  1448 00:47:03    -2397.697183        0.557009
MDMin:  1449 00:47:05    -2397.697142        0.562390
MDMin:  1450 00:47:08    -2397.697097        0.568172
MDMin:  1451 00:47:10    -2397.697046        0.573903
MDMin:  1452 00:47:12    -2397.696991        0.578810
MDMin:  1453 00:47:13    -2397.696932        0.581687
MDMin:  1454 00:47:15    -2397.696868        0.580802
MDMin:  1455 00:47:17    -2397.696801        0.573966
MDMin:  1456 00:47:19    -2397.696730        0.558809
MDMin:  1457 00:47:21    -2397.696656        0.533428
MDMin:  1458 00:47:22    -2397.696581        0.497392
MDMin:  1459 00:47:23    -2397.696503        0.467707
MDMin:  1460 00:47:25    -2397.696425        0.468324
MDMin:  1461 00:47:27    -2397.696348        0.461569
MDMin:  1462 00:47:29    -2397.696273        0.439462
MDMin:  1463 00:47:31    -2397.696202        0.398197
MDMin:  1464 00:47:33    -2397.696141        0.694419
MDMin:  1465 00:47:35    -2397.696116        0.347606
MDMin:  1466 00:47:37    -2397.696103        0.328031
MDMin:  1467 00:47:39    -2397.696086        0.318525
MDMin:  1468 00:47:40    -2397.696067        0.313761
MDMin:  1469 00:47:43    -2397.696046        0.312524
MDMin:  1470 00:47:44    -2397.696021        0.311056
MDMin:  1471 00:47:46    -2397.695993        0.309327
MDMin:  1472 00:47:49    -2397.695962        0.307301
MDMin:  1473 00:47:50    -2397.695928        0.304934
MDMin:  1474 00:47:52    -2397.695888        0.302179
MDMin:  1475 00:47:53    -2397.695841        0.298979
MDMin:  1476 00:47:54    -2397.695785        0.295277
MDMin:  1477 00:47:56    -2397.695715        0.291017
MDMin:  1478 00:47:57    -2397.695628        0.286142
MDMin:  1479 00:47:58    -2397.695514        0.280602
MDMin:  1480 00:47:59    -2397.695364        0.274358
MDMin:  1481 00:48:01    -2397.695163        0.267381
MDMin:  1482 00:48:03    -2397.694895        0.259666
MDMin:  1483 00:48:05    -2397.694535        0.253770
MDMin:  1484 00:48:07    -2397.694080        0.369029
MDMin:  1485 00:48:09    -2397.693712        0.542433
MDMin:  1486 00:48:11    -2397.693613        0.256724
MDMin:  1487 00:48:13    -2397.693460        0.256992
MDMin:  1488 00:48:15    -2397.693265        0.257313
MDMin:  1489 00:48:17    -2397.693025        0.257678
MDMin:  1490 00:48:19    -2397.692734        0.258084
MDMin:  1491 00:48:21    -2397.692382        0.258529
MDMin:  1492 00:48:22    -2397.691960        0.259009
MDMin:  1493 00:48:25    -2397.691455        0.259519
MDMin:  1494 00:48:27    -2397.690851        0.260056
MDMin:  1495 00:48:28    -2397.690131        0.260614
MDMin:  1496 00:48:30    -2397.689274        0.261188
MDMin:  1497 00:48:32    -2397.688259        0.261770
MDMin:  1498 00:48:34    -2397.687057        0.262354
MDMin:  1499 00:48:36    -2397.685643        0.262930
MDMin:  1500 00:48:38    -2397.683985        0.263487
MDMin:  1501 00:48:40    -2397.682057        0.264010
MDMin:  1502 00:48:42    -2397.679833        0.264481
MDMin:  1503 00:48:44    -2397.677295        0.264874
MDMin:  1504 00:48:46    -2397.674446        0.265158
MDMin:  1505 00:48:48    -2397.671369        0.265282
MDMin:  1506 00:48:50    -2397.668614        0.501696
MDMin:  1507 00:48:53    -2397.667536        0.265038
MDMin:  1508 00:48:55    -2397.666633        0.264895
MDMin:  1509 00:48:57    -2397.665585        0.264717
MDMin:  1510 00:48:58    -2397.664394        0.264498
MDMin:  1511 00:49:00    -2397.663065        0.264226
MDMin:  1512 00:49:02    -2397.661606        0.263892
MDMin:  1513 00:49:04    -2397.660032        0.263478
MDMin:  1514 00:49:06    -2397.658361        0.262965
MDMin:  1515 00:49:08    -2397.656623        0.262330
MDMin:  1516 00:49:10    -2397.654855        0.261544
MDMin:  1517 00:49:12    -2397.653108        0.260579
MDMin:  1518 00:49:14    -2397.651450        0.259402
MDMin:  1519 00:49:16    -2397.649964        0.257976
MDMin:  1520 00:49:18    -2397.648757        0.256261
MDMin:  1521 00:49:20    -2397.647962        0.254216
MDMin:  1522 00:49:22    -2397.647739        0.251802
MDMin:  1523 00:49:24    -2397.648279        0.248981
MDMin:  1524 00:49:26    -2397.649800        0.245733
MDMin:  1525 00:49:28    -2397.652471        0.242119
MDMin:  1526 00:49:29    -2397.655830        0.465326
MDMin:  1527 00:49:31    -2397.657628        0.237139
MDMin:  1528 00:49:32    -2397.659039        0.235994
MDMin:  1529 00:49:33    -2397.660821        0.242005
MDMin:  1530 00:49:35    -2397.663032        0.249690
MDMin:  1531 00:49:37    -2397.665745        0.258380
MDMin:  1532 00:49:38    -2397.669038        0.267921
MDMin:  1533 00:49:40    -2397.672993        0.277941
MDMin:  1534 00:49:43    -2397.677684        0.287632
MDMin:  1535 00:49:45    -2397.683155        0.295335
MDMin:  1536 00:49:47    -2397.689383        0.297792
MDMin:  1537 00:49:49    -2397.696186        0.289087
MDMin:  1538 00:49:51    -2397.703117        0.279502
MDMin:  1539 00:49:53    -2397.709378        0.284347
MDMin:  1540 00:49:55    -2397.714074        0.285965
MDMin:  1541 00:49:57    -2397.717034        0.282528
MDMin:  1542 00:49:59    -2397.719195        0.273942
MDMin:  1543 00:50:00    -2397.719205        0.613180
MDMin:  1544 00:50:02    -2397.720280        0.533417
MDMin:  1545 00:50:04    -2397.715709        0.319511
MDMin:  1546 00:50:06    -2397.716967        0.312599
MDMin:  1547 00:50:08    -2397.718439        0.304119
MDMin:  1548 00:50:10    -2397.719529        0.471694
MDMin:  1549 00:50:12    -2397.719083        0.305303
MDMin:  1550 00:50:14    -2397.719553        0.457826
MDMin:  1551 00:50:16    -2397.718968        0.309092
MDMin:  1552 00:50:18    -2397.719400        0.306482
MDMin:  1553 00:50:19    -2397.719074        0.451813
MDMin:  1554 00:50:21    -2397.719309        0.440736
MDMin:  1555 00:50:22    -2397.718277        0.322134
MDMin:  1556 00:50:24    -2397.718862        0.318543
MDMin:  1557 00:50:26    -2397.718902        0.428761
MDMin:  1558 00:50:28    -2397.719043        0.320597
MDMin:  1559 00:50:30    -2397.718879        0.419726
MDMin:  1560 00:50:32    -2397.718936        0.323815
MDMin:  1561 00:50:34    -2397.718829        0.412698
MDMin:  1562 00:50:35    -2397.718820        0.326966
MDMin:  1563 00:50:37    -2397.718777        0.406014
MDMin:  1564 00:50:39    -2397.718712        0.329985
MDMin:  1565 00:50:41    -2397.718724        0.399563
MDMin:  1566 00:50:42    -2397.718611        0.332875
MDMin:  1567 00:50:44    -2397.718672        0.393327
MDMin:  1568 00:50:45    -2397.718518        0.335641
MDMin:  1569 00:50:47    -2397.718618        0.387290
MDMin:  1570 00:50:48    -2397.718433        0.338289
MDMin:  1571 00:50:50    -2397.718564        0.381441
MDMin:  1572 00:50:51    -2397.718355        0.340825
MDMin:  1573 00:50:53    -2397.718510        0.375769
MDMin:  1574 00:50:55    -2397.718285        0.343254
MDMin:  1575 00:50:57    -2397.718454        0.370264
MDMin:  1576 00:50:59    -2397.718223        0.345581
MDMin:  1577 00:51:01    -2397.718398        0.364918
MDMin:  1578 00:51:03    -2397.718168        0.347812
MDMin:  1579 00:51:05    -2397.718340        0.359722
MDMin:  1580 00:51:06    -2397.718120        0.349949
MDMin:  1581 00:51:07    -2397.718282        0.354668
MDMin:  1582 00:51:09    -2397.718078        0.351997
MDMin:  1583 00:51:10    -2397.718222        0.349750
MDMin:  1584 00:51:11    -2397.718044        0.353961
MDMin:  1585 00:51:12    -2397.718162        0.344962
MDMin:  1586 00:51:14    -2397.718016        0.355842
MDMin:  1587 00:51:16    -2397.718100        0.340296
MDMin:  1588 00:51:18    -2397.717995        0.357646
MDMin:  1589 00:51:20    -2397.718036        0.335748
MDMin:  1590 00:51:22    -2397.717980        0.359375
MDMin:  1591 00:51:24    -2397.717972        0.331312
MDMin:  1592 00:51:26    -2397.717971        0.361032
MDMin:  1593 00:51:27    -2397.717905        0.326985
MDMin:  1594 00:51:29    -2397.717968        0.362620
MDMin:  1595 00:51:31    -2397.717838        0.322760
MDMin:  1596 00:51:33    -2397.717970        0.364142
MDMin:  1597 00:51:35    -2397.717769        0.318635
MDMin:  1598 00:51:36    -2397.717974        0.311560
MDMin:  1599 00:51:38    -2397.716972        0.374507
MDMin:  1600 00:51:40    -2397.717660        0.370152
MDMin:  1601 00:51:41    -2397.717487        0.309315
MDMin:  1602 00:51:43    -2397.717733        0.300946
MDMin:  1603 00:51:45    -2397.717028        0.378563
MDMin:  1604 00:51:47    -2397.717742        0.374006
MDMin:  1605 00:51:49    -2397.717249        0.298177
MDMin:  1606 00:51:51    -2397.717497        0.289881
MDMin:  1607 00:51:53    -2397.717166        0.381927
MDMin:  1608 00:51:55    -2397.717569        0.286271
MDMin:  1609 00:51:57    -2397.717332        0.382130
MDMin:  1610 00:51:59    -2397.717493        0.285125
MDMin:  1611 00:52:00    -2397.717410        0.382841
MDMin:  1612 00:52:02    -2397.717409        0.284072
MDMin:  1613 00:52:03    -2397.717487        0.383540
MDMin:  1614 00:52:05    -2397.717323        0.283028
MDMin:  1615 00:52:06    -2397.717528        0.280477
MDMin:  1616 00:52:08    -2397.716621        0.392213
MDMin:  1617 00:52:09    -2397.717344        0.387619
MDMin:  1618 00:52:10    -2397.716987        0.280906
MDMin:  1619 00:52:12    -2397.717232        0.277878
MDMin:  1620 00:52:14    -2397.716887        0.394094
MDMin:  1621 00:52:16    -2397.717289        0.274905
MDMin:  1622 00:52:18    -2397.717101        0.393803
MDMin:  1623 00:52:19    -2397.717199        0.274029
MDMin:  1624 00:52:22    -2397.717224        0.394046
MDMin:  1625 00:52:23    -2397.717102        0.273219
MDMin:  1626 00:52:25    -2397.717305        0.270879
MDMin:  1627 00:52:26    -2397.716439        0.401804
MDMin:  1628 00:52:27    -2397.717180        0.397087
MDMin:  1629 00:52:29    -2397.716730        0.271694
MDMin:  1630 00:52:30    -2397.716974        0.268888
MDMin:  1631 00:52:31    -2397.716823        0.402523
MDMin:  1632 00:52:33    -2397.717016        0.266267
MDMin:  1633 00:52:35    -2397.717071        0.401882
MDMin:  1634 00:52:37    -2397.716914        0.265559
MDMin:  1635 00:52:38    -2397.717116        0.263368
MDMin:  1636 00:52:40    -2397.716355        0.408937
MDMin:  1637 00:52:42    -2397.717106        0.404124
MDMin:  1638 00:52:44    -2397.716509        0.264455
MDMin:  1639 00:52:45    -2397.716752        0.261810
MDMin:  1640 00:52:47    -2397.716827        0.408786
MDMin:  1641 00:52:49    -2397.716782        0.259443
MDMin:  1642 00:52:51    -2397.716990        0.257298
MDMin:  1643 00:52:52    -2397.716239        0.414850
MDMin:  1644 00:52:53    -2397.716992        0.255523
MDMin:  1645 00:52:55    -2397.716527        0.413826
MDMin:  1646 00:52:56    -2397.716876        0.255119
MDMin:  1647 00:52:57    -2397.716732        0.413290
MDMin:  1648 00:52:59    -2397.716753        0.254731
MDMin:  1649 00:53:01    -2397.716932        0.412781
MDMin:  1650 00:53:02    -2397.716628        0.254315
MDMin:  1651 00:53:04    -2397.716827        0.252332
MDMin:  1652 00:53:05    -2397.716311        0.418895
MDMin:  1653 00:53:06    -2397.716813        0.250758
MDMin:  1654 00:53:08    -2397.716611        0.417723
MDMin:  1655 00:53:10    -2397.716688        0.250420
MDMin:  1656 00:53:12    -2397.716832        0.417026
MDMin:  1657 00:53:14    -2397.716556        0.250091
MDMin:  1658 00:53:15    -2397.716754        0.248183
MDMin:  1659 00:53:17    -2397.716249        0.422772
MDMin:  1660 00:53:19    -2397.716731        0.246749
MDMin:  1661 00:53:20    -2397.716566        0.421446
MDMin:  1662 00:53:21    -2397.716599        0.246487
MDMin:  1663 00:53:22    -2397.716796        0.244649
MDMin:  1664 00:53:24    -2397.716017        0.426820
MDMin:  1665 00:53:26    -2397.716767        0.243370
MDMin:  1666 00:53:27    -2397.716352        0.425347
MDMin:  1667 00:53:29    -2397.716630        0.243201
MDMin:  1668 00:53:30    -2397.716606        0.424363
MDMin:  1669 00:53:31    -2397.716487        0.243028
MDMin:  1670 00:53:32    -2397.716683        0.241243
MDMin:  1671 00:53:34    -2397.716086        0.429491
MDMin:  1672 00:53:35    -2397.716645        0.240049
MDMin:  1673 00:53:37    -2397.716432        0.427904
MDMin:  1674 00:53:39    -2397.716501        0.239918
MDMin:  1675 00:53:41    -2397.716695        0.426812
MDMin:  1676 00:53:43    -2397.716350        0.239778
MDMin:  1677 00:53:45    -2397.716545        0.238040
MDMin:  1678 00:53:46    -2397.716205        0.431711
MDMin:  1679 00:53:47    -2397.716498        0.236912
MDMin:  1680 00:53:49    -2397.716559        0.430020
MDMin:  1681 00:53:50    -2397.716347        0.236808
MDMin:  1682 00:53:52    -2397.716541        0.235121
MDMin:  1683 00:53:55    -2397.716097        0.434638
MDMin:  1684 00:53:56    -2397.716488        0.234103
MDMin:  1685 00:53:59    -2397.716465        0.432834
MDMin:  1686 00:54:01    -2397.716332        0.234062
MDMin:  1687 00:54:02    -2397.716524        0.232420
MDMin:  1688 00:54:03    -2397.716028        0.437215
MDMin:  1689 00:54:05    -2397.716465        0.231495
MDMin:  1690 00:54:07    -2397.716407        0.435310
MDMin:  1691 00:54:08    -2397.716304        0.231506
MDMin:  1692 00:54:10    -2397.716496        0.229904
MDMin:  1693 00:54:12    -2397.715993        0.439482
MDMin:  1694 00:54:13    -2397.716430        0.229058
MDMin:  1695 00:54:15    -2397.716382        0.437486
MDMin:  1696 00:54:18    -2397.716264        0.229110
MDMin:  1697 00:54:20    -2397.716455        0.227544
MDMin:  1698 00:54:21    -2397.715990        0.441470
MDMin:  1699 00:54:23    -2397.716382        0.226764
MDMin:  1700 00:54:24    -2397.716387        0.439392
MDMin:  1701 00:54:26    -2397.716212        0.226849
MDMin:  1702 00:54:28    -2397.716401        0.225314
MDMin:  1703 00:54:30    -2397.716015        0.443207
MDMin:  1704 00:54:32    -2397.716323        0.224589
MDMin:  1705 00:54:33    -2397.716419        0.441052
MDMin:  1706 00:54:36    -2397.716147        0.224700
MDMin:  1707 00:54:37    -2397.716335        0.223194
MDMin:  1708 00:54:39    -2397.716066        0.444715
MDMin:  1709 00:54:41    -2397.716251        0.222515
MDMin:  1710 00:54:44    -2397.716443        0.221013
MDMin:  1711 00:54:45    -2397.715801        0.447732
MDMin:  1712 00:54:47    -2397.716358        0.220778
MDMin:  1713 00:54:49    -2397.716229        0.445390
MDMin:  1714 00:54:51    -2397.716175        0.220732
MDMin:  1715 00:54:53    -2397.716361        0.220708
MDMin:  1716 00:54:56    -2397.715914        0.448702
MDMin:  1717 00:54:58    -2397.716266        0.220643
MDMin:  1718 00:55:00    -2397.716342        0.446326
MDMin:  1719 00:55:02    -2397.716079        0.220596
MDMin:  1720 00:55:04    -2397.716264        0.220571
MDMin:  1721 00:55:06    -2397.716041        0.449538
MDMin:  1722 00:55:08    -2397.716162        0.220503
MDMin:  1723 00:55:10    -2397.716351        0.220477
MDMin:  1724 00:55:12    -2397.715826        0.452129
MDMin:  1725 00:55:14    -2397.716250        0.220407
MDMin:  1726 00:55:16    -2397.716272        0.449596
MDMin:  1727 00:55:18    -2397.716055        0.220356
MDMin:  1728 00:55:20    -2397.716238        0.220330
MDMin:  1729 00:55:21    -2397.716003        0.452531
MDMin:  1730 00:55:23    -2397.716127        0.220257
MDMin:  1731 00:55:24    -2397.716314        0.220229
MDMin:  1732 00:55:26    -2397.715819        0.454861
MDMin:  1733 00:55:28    -2397.716202        0.220153
MDMin:  1734 00:55:30    -2397.716276        0.452210
MDMin:  1735 00:55:32    -2397.716000        0.220099
MDMin:  1736 00:55:33    -2397.716181        0.220070
MDMin:  1737 00:55:35    -2397.716035        0.454914
MDMin:  1738 00:55:37    -2397.716060        0.219992
MDMin:  1739 00:55:39    -2397.716245        0.219961
MDMin:  1740 00:55:40    -2397.715877        0.457023
MDMin:  1741 00:55:42    -2397.716123        0.219879
MDMin:  1742 00:55:44    -2397.716308        0.219847
MDMin:  1743 00:55:45    -2397.715740        0.458955
MDMin:  1744 00:55:47    -2397.716183        0.219762
MDMin:  1745 00:55:49    -2397.716215        0.456134
MDMin:  1746 00:55:51    -2397.715971        0.219700
MDMin:  1747 00:55:53    -2397.716149        0.219668
MDMin:  1748 00:55:55    -2397.716013        0.458505
MDMin:  1749 00:55:56    -2397.716014        0.219580
MDMin:  1750 00:55:58    -2397.716197        0.219545
MDMin:  1751 00:55:59    -2397.715893        0.460296
MDMin:  1752 00:56:00    -2397.716062        0.219452
MDMin:  1753 00:56:02    -2397.716244        0.219416
MDMin:  1754 00:56:03    -2397.715791        0.461931
MDMin:  1755 00:56:05    -2397.716105        0.219320
MDMin:  1756 00:56:08    -2397.716278        0.458970
MDMin:  1757 00:56:09    -2397.715883        0.219250
MDMin:  1758 00:56:11    -2397.716059        0.219214
MDMin:  1759 00:56:13    -2397.716108        0.461078
MDMin:  1760 00:56:15    -2397.715911        0.219113
MDMin:  1761 00:56:17    -2397.716091        0.219074
MDMin:  1762 00:56:19    -2397.716019        0.462615
MDMin:  1763 00:56:20    -2397.715942        0.218968
MDMin:  1764 00:56:22    -2397.716122        0.218927
MDMin:  1765 00:56:24    -2397.715946        0.464009
MDMin:  1766 00:56:26    -2397.715970        0.218817
MDMin:  1767 00:56:28    -2397.716149        0.218775
MDMin:  1768 00:56:30    -2397.715887        0.465290
MDMin:  1769 00:56:32    -2397.715993        0.218660
MDMin:  1770 00:56:33    -2397.716171        0.218616
MDMin:  1771 00:56:35    -2397.715839        0.466467
MDMin:  1772 00:56:36    -2397.716012        0.218497
MDMin:  1773 00:56:37    -2397.716189        0.218451
MDMin:  1774 00:56:38    -2397.715802        0.467549
MDMin:  1775 00:56:40    -2397.716026        0.218327
MDMin:  1776 00:56:42    -2397.716203        0.218279
MDMin:  1777 00:56:44    -2397.715776        0.468543
MDMin:  1778 00:56:45    -2397.716036        0.218151
MDMin:  1779 00:56:47    -2397.716212        0.218101
MDMin:  1780 00:56:49    -2397.715760        0.469454
MDMin:  1781 00:56:51    -2397.716042        0.217967
MDMin:  1782 00:56:53    -2397.716217        0.217916
MDMin:  1783 00:56:55    -2397.715752        0.470288
MDMin:  1784 00:56:57    -2397.716044        0.217777
MDMin:  1785 00:56:59    -2397.716218        0.217723
MDMin:  1786 00:57:00    -2397.715753        0.471050
MDMin:  1787 00:57:01    -2397.716041        0.217578
MDMin:  1788 00:57:03    -2397.716214        0.217522
MDMin:  1789 00:57:05    -2397.715762        0.471745
MDMin:  1790 00:57:07    -2397.716034        0.217372
MDMin:  1791 00:57:08    -2397.716207        0.217314
MDMin:  1792 00:57:10    -2397.715779        0.472376
MDMin:  1793 00:57:12    -2397.716023        0.217158
MDMin:  1794 00:57:14    -2397.716195        0.217098
MDMin:  1795 00:57:16    -2397.715802        0.472946
MDMin:  1796 00:57:17    -2397.716008        0.216936
MDMin:  1797 00:57:18    -2397.716179        0.216873
MDMin:  1798 00:57:20    -2397.715832        0.473460
MDMin:  1799 00:57:22    -2397.715988        0.216704
MDMin:  1800 00:57:23    -2397.716159        0.216639
MDMin:  1801 00:57:25    -2397.715869        0.473920
MDMin:  1802 00:57:27    -2397.715965        0.216464
MDMin:  1803 00:57:29    -2397.716135        0.216397
MDMin:  1804 00:57:31    -2397.715911        0.474327
MDMin:  1805 00:57:33    -2397.715938        0.216215
MDMin:  1806 00:57:34    -2397.716107        0.216145
MDMin:  1807 00:57:37    -2397.715959        0.474686
MDMin:  1808 00:57:38    -2397.715906        0.215957
MDMin:  1809 00:57:40    -2397.716075        0.215884
MDMin:  1810 00:57:42    -2397.716012        0.474997
MDMin:  1811 00:57:44    -2397.715871        0.215689
MDMin:  1812 00:57:46    -2397.716039        0.215613
MDMin:  1813 00:57:48    -2397.716070        0.475263
MDMin:  1814 00:57:49    -2397.715832        0.215411
MDMin:  1815 00:57:51    -2397.715999        0.215333
MDMin:  1816 00:57:53    -2397.716133        0.475485
MDMin:  1817 00:57:55    -2397.715789        0.215124
MDMin:  1818 00:57:57    -2397.715956        0.215042
MDMin:  1819 00:57:58    -2397.716200        0.475664
MDMin:  1820 00:58:00    -2397.715743        0.214826
MDMin:  1821 00:58:01    -2397.715909        0.214741
MDMin:  1822 00:58:03    -2397.716187        0.214599
MDMin:  1823 00:58:05    -2397.715631        0.480957
MDMin:  1824 00:58:07    -2397.716027        0.214304
MDMin:  1825 00:58:09    -2397.716197        0.214211
MDMin:  1826 00:58:11    -2397.715814        0.480255
MDMin:  1827 00:58:12    -2397.715979        0.213970
MDMin:  1828 00:58:14    -2397.716143        0.213878
MDMin:  1829 00:58:15    -2397.715926        0.480039
MDMin:  1830 00:58:17    -2397.715920        0.213632
MDMin:  1831 00:58:18    -2397.716083        0.213537
MDMin:  1832 00:58:20    -2397.716036        0.479839
MDMin:  1833 00:58:21    -2397.715856        0.213283
MDMin:  1834 00:58:23    -2397.716018        0.213184
MDMin:  1835 00:58:25    -2397.716146        0.479628
MDMin:  1836 00:58:27    -2397.715788        0.212923
MDMin:  1837 00:58:29    -2397.715950        0.212821
MDMin:  1838 00:58:30    -2397.716220        0.212649
MDMin:  1839 00:58:32    -2397.715656        0.484310
MDMin:  1840 00:58:33    -2397.716038        0.212295
MDMin:  1841 00:58:35    -2397.716205        0.212183
MDMin:  1842 00:58:37    -2397.715874        0.483268
MDMin:  1843 00:58:39    -2397.715970        0.211895
MDMin:  1844 00:58:41    -2397.716130        0.211783
MDMin:  1845 00:58:43    -2397.716020        0.482744
MDMin:  1846 00:58:45    -2397.715890        0.211490
MDMin:  1847 00:58:47    -2397.716049        0.211376
MDMin:  1848 00:58:48    -2397.716159        0.482255
MDMin:  1849 00:58:49    -2397.715806        0.211075
MDMin:  1850 00:58:52    -2397.715965        0.210957
MDMin:  1851 00:58:53    -2397.716228        0.210759
MDMin:  1852 00:58:54    -2397.715726        0.486505
MDMin:  1853 00:58:56    -2397.716029        0.210353
MDMin:  1854 00:58:57    -2397.716192        0.210224
MDMin:  1855 00:58:59    -2397.715969        0.485217
MDMin:  1856 00:59:00    -2397.715944        0.209894
MDMin:  1857 00:59:02    -2397.716101        0.209766
MDMin:  1858 00:59:04    -2397.716136        0.484470
MDMin:  1859 00:59:06    -2397.715848        0.209432
MDMin:  1860 00:59:08    -2397.716004        0.209301
MDMin:  1861 00:59:10    -2397.716263        0.209082
MDMin:  1862 00:59:12    -2397.715748        0.488365
MDMin:  1863 00:59:13    -2397.716051        0.208632
MDMin:  1864 00:59:14    -2397.716211        0.208490
MDMin:  1865 00:59:15    -2397.716010        0.486878
MDMin:  1866 00:59:17    -2397.715954        0.208126
MDMin:  1867 00:59:19    -2397.716108        0.207985
MDMin:  1868 00:59:21    -2397.716195        0.485951
MDMin:  1869 00:59:22    -2397.715846        0.207617
MDMin:  1870 00:59:24    -2397.715999        0.207472
MDMin:  1871 00:59:25    -2397.716253        0.207232
MDMin:  1872 00:59:27    -2397.715844        0.489566
MDMin:  1873 00:59:28    -2397.716028        0.206739
MDMin:  1874 00:59:30    -2397.716186        0.206583
MDMin:  1875 00:59:32    -2397.716119        0.487916
MDMin:  1876 00:59:33    -2397.715919        0.206184
MDMin:  1877 00:59:35    -2397.716071        0.206029
MDMin:  1878 00:59:37    -2397.716317        0.486840
MDMin:  1879 00:59:39    -2397.715799        0.205627
MDMin:  1880 00:59:40    -2397.715950        0.205469
MDMin:  1881 00:59:42    -2397.716199        0.205207
MDMin:  1882 00:59:43    -2397.715998        0.490222
MDMin:  1883 00:59:46    -2397.715962        0.204670
MDMin:  1884 00:59:48    -2397.716118        0.204500
MDMin:  1885 00:59:50    -2397.716284        0.488432
MDMin:  1886 00:59:51    -2397.715842        0.204066
MDMin:  1887 00:59:53    -2397.715991        0.203898
MDMin:  1888 00:59:54    -2397.716237        0.203619
MDMin:  1889 00:59:56    -2397.715999        0.491519
MDMin:  1890 00:59:57    -2397.715992        0.203050
MDMin:  1891 00:59:58    -2397.716146        0.202869
MDMin:  1892 01:00:00    -2397.716298        0.489579
MDMin:  1893 01:00:02    -2397.715863        0.202410
MDMin:  1894 01:00:05    -2397.716011        0.202232
MDMin:  1895 01:00:07    -2397.716253        0.201937
MDMin:  1896 01:00:08    -2397.716040        0.492445
MDMin:  1897 01:00:10    -2397.716000        0.201337
MDMin:  1898 01:00:12    -2397.716152        0.201146
MDMin:  1899 01:00:14    -2397.716349        0.490381
MDMin:  1900 01:00:16    -2397.715863        0.200663
MDMin:  1901 01:00:18    -2397.716009        0.200474
MDMin:  1902 01:00:20    -2397.716247        0.200164
MDMin:  1903 01:00:22    -2397.716114        0.493060
MDMin:  1904 01:00:24    -2397.715986        0.199533
MDMin:  1905 01:00:26    -2397.716136        0.199332
MDMin:  1906 01:00:28    -2397.716378        0.199004
MDMin:  1907 01:00:29    -2397.715969        0.494972
MDMin:  1908 01:00:30    -2397.716113        0.198346
MDMin:  1909 01:00:32    -2397.716262        0.198138
MDMin:  1910 01:00:34    -2397.716305        0.492618
MDMin:  1911 01:00:35    -2397.715964        0.197614
MDMin:  1912 01:00:37    -2397.716107        0.197411
MDMin:  1913 01:00:39    -2397.716340        0.197075
MDMin:  1914 01:00:41    -2397.716114        0.494916
MDMin:  1915 01:00:42    -2397.716066        0.196396
MDMin:  1916 01:00:44    -2397.716212        0.196179
MDMin:  1917 01:00:46    -2397.716447        0.492532
MDMin:  1918 01:00:49    -2397.715908        0.195633
MDMin:  1919 01:00:51    -2397.716049        0.195421
MDMin:  1920 01:00:52    -2397.716278        0.195071
MDMin:  1921 01:00:54    -2397.716270        0.494729
MDMin:  1922 01:00:56    -2397.715996        0.194364
MDMin:  1923 01:00:58    -2397.716141        0.194137
MDMin:  1924 01:01:00    -2397.716374        0.193770
MDMin:  1925 01:01:01    -2397.716177        0.496188
MDMin:  1926 01:01:02    -2397.716089        0.193036
MDMin:  1927 01:01:04    -2397.716233        0.192803
MDMin:  1928 01:01:06    -2397.716464        0.192427
MDMin:  1929 01:01:07    -2397.716110        0.497405
MDMin:  1930 01:01:09    -2397.716175        0.191675
MDMin:  1931 01:01:10    -2397.716317        0.191436
MDMin:  1932 01:01:12    -2397.716471        0.494683
MDMin:  1933 01:01:13    -2397.716000        0.190842
MDMin:  1934 01:01:15    -2397.716137        0.190609
MDMin:  1935 01:01:16    -2397.716358        0.190230
MDMin:  1936 01:01:19    -2397.716344        0.496426
MDMin:  1937 01:01:20    -2397.716060        0.189464
MDMin:  1938 01:01:22    -2397.716200        0.189217
MDMin:  1939 01:01:24    -2397.716425        0.189049
MDMin:  1940 01:01:25    -2397.716296        0.497467
MDMin:  1941 01:01:26    -2397.716124        0.188988
MDMin:  1942 01:01:28    -2397.716263        0.188969
MDMin:  1943 01:01:30    -2397.716486        0.188938
MDMin:  1944 01:01:32    -2397.716269        0.498302
MDMin:  1945 01:01:34    -2397.716180        0.188877
MDMin:  1946 01:01:35    -2397.716319        0.188857
MDMin:  1947 01:01:37    -2397.716539        0.188826
MDMin:  1948 01:01:39    -2397.716258        0.498985
MDMin:  1949 01:01:41    -2397.716229        0.188764
MDMin:  1950 01:01:43    -2397.716366        0.188744
MDMin:  1951 01:01:45    -2397.716584        0.188713
MDMin:  1952 01:01:47    -2397.716261        0.499536
MDMin:  1953 01:01:48    -2397.716269        0.188651
MDMin:  1954 01:01:50    -2397.716405        0.188631
MDMin:  1955 01:01:52    -2397.716621        0.188600
MDMin:  1956 01:01:53    -2397.716275        0.499969
MDMin:  1957 01:01:55    -2397.716302        0.188538
MDMin:  1958 01:01:56    -2397.716437        0.188518
MDMin:  1959 01:01:58    -2397.716651        0.188487
MDMin:  1960 01:02:00    -2397.716299        0.500295
MDMin:  1961 01:02:01    -2397.716327        0.188426
MDMin:  1962 01:02:03    -2397.716460        0.188406
MDMin:  1963 01:02:05    -2397.716672        0.188375
MDMin:  1964 01:02:07    -2397.716333        0.500522
MDMin:  1965 01:02:09    -2397.716344        0.188315
MDMin:  1966 01:02:11    -2397.716476        0.188295
MDMin:  1967 01:02:13    -2397.716685        0.188264
MDMin:  1968 01:02:14    -2397.716375        0.500657
MDMin:  1969 01:02:16    -2397.716353        0.188205
MDMin:  1970 01:02:17    -2397.716484        0.188185
MDMin:  1971 01:02:18    -2397.716691        0.188155
MDMin:  1972 01:02:19    -2397.716425        0.500706
MDMin:  1973 01:02:21    -2397.716355        0.188097
MDMin:  1974 01:02:23    -2397.716484        0.188078
MDMin:  1975 01:02:25    -2397.716689        0.188048
MDMin:  1976 01:02:27    -2397.716482        0.500672
MDMin:  1977 01:02:29    -2397.716348        0.187991
MDMin:  1978 01:02:31    -2397.716477        0.187973
MDMin:  1979 01:02:33    -2397.716680        0.187944
MDMin:  1980 01:02:34    -2397.716546        0.500559
MDMin:  1981 01:02:36    -2397.716335        0.187889
MDMin:  1982 01:02:37    -2397.716462        0.187870
MDMin:  1983 01:02:39    -2397.716663        0.187842
MDMin:  1984 01:02:41    -2397.716616        0.500370
MDMin:  1985 01:02:43    -2397.716314        0.187789
MDMin:  1986 01:02:44    -2397.716440        0.187771
MDMin:  1987 01:02:45    -2397.716639        0.187744
MDMin:  1988 01:02:47    -2397.716691        0.500107
MDMin:  1989 01:02:48    -2397.716285        0.187693
MDMin:  1990 01:02:49    -2397.716410        0.187676
MDMin:  1991 01:02:51    -2397.716607        0.187650
MDMin:  1992 01:02:52    -2397.716771        0.499771
MDMin:  1993 01:02:53    -2397.716249        0.187600
MDMin:  1994 01:02:54    -2397.716372        0.187584
MDMin:  1995 01:02:56    -2397.716567        0.187559
MDMin:  1996 01:02:58    -2397.716832        0.187527
MDMin:  1997 01:02:59    -2397.716483        0.503194
MDMin:  1998 01:03:01    -2397.716476        0.187473
MDMin:  1999 01:03:02    -2397.716603        0.187457
MDMin:  2000 01:03:04    -2397.716800        0.187433
MDMin:  2001 01:03:06    -2397.716668        0.501789
MDMin:  2002 01:03:07    -2397.716431        0.187389
MDMin:  2003 01:03:09    -2397.716552        0.187375
MDMin:  2004 01:03:11    -2397.716742        0.187353
MDMin:  2005 01:03:13    -2397.716793        0.500933
MDMin:  2006 01:03:15    -2397.716369        0.187313
MDMin:  2007 01:03:17    -2397.716489        0.187299
MDMin:  2008 01:03:18    -2397.716676        0.187279
MDMin:  2009 01:03:19    -2397.716913        0.500098
MDMin:  2010 01:03:21    -2397.716299        0.187241
MDMin:  2011 01:03:22    -2397.716417        0.187228
MDMin:  2012 01:03:24    -2397.716602        0.187209
MDMin:  2013 01:03:26    -2397.716854        0.187185
MDMin:  2014 01:03:28    -2397.716694        0.502834
MDMin:  2015 01:03:30    -2397.716473        0.187146
MDMin:  2016 01:03:31    -2397.716594        0.187134
MDMin:  2017 01:03:33    -2397.716781        0.187117
MDMin:  2018 01:03:34    -2397.716905        0.501010
MDMin:  2019 01:03:35    -2397.716393        0.187086
MDMin:  2020 01:03:37    -2397.716509        0.187076
MDMin:  2021 01:03:39    -2397.716689        0.187061
MDMin:  2022 01:03:40    -2397.716933        0.187042
MDMin:  2023 01:03:42    -2397.716737        0.503203
MDMin:  2024 01:03:44    -2397.716539        0.187012
MDMin:  2025 01:03:45    -2397.716657        0.187002
MDMin:  2026 01:03:47    -2397.716838        0.186989
MDMin:  2027 01:03:49    -2397.716968        0.501084
MDMin:  2028 01:03:50    -2397.716439        0.186965
MDMin:  2029 01:03:51    -2397.716551        0.186957
MDMin:  2030 01:03:53    -2397.716726        0.186945
MDMin:  2031 01:03:55    -2397.716963        0.186932
MDMin:  2032 01:03:57    -2397.716834        0.502885
MDMin:  2033 01:03:58    -2397.716554        0.186910
MDMin:  2034 01:03:59    -2397.716669        0.186903
MDMin:  2035 01:04:01    -2397.716845        0.186894
MDMin:  2036 01:04:02    -2397.717079        0.500528
MDMin:  2037 01:04:03    -2397.716434        0.186877
MDMin:  2038 01:04:04    -2397.716544        0.186871
MDMin:  2039 01:04:06    -2397.716713        0.186863
MDMin:  2040 01:04:07    -2397.716942        0.186854
MDMin:  2041 01:04:09    -2397.716974        0.501992
MDMin:  2042 01:04:11    -2397.716519        0.186840
MDMin:  2043 01:04:13    -2397.716631        0.186835
MDMin:  2044 01:04:15    -2397.716802        0.186829
MDMin:  2045 01:04:16    -2397.717031        0.186823
MDMin:  2046 01:04:18    -2397.716951        0.502533
MDMin:  2047 01:04:20    -2397.716598        0.186813
MDMin:  2048 01:04:21    -2397.716709        0.186810
MDMin:  2049 01:04:23    -2397.716876        0.186805
MDMin:  2050 01:04:24    -2397.717101        0.186801
MDMin:  2051 01:04:26    -2397.716957        0.502706
MDMin:  2052 01:04:28    -2397.716659        0.186795
MDMin:  2053 01:04:29    -2397.716767        0.186792
MDMin:  2054 01:04:30    -2397.716932        0.186789
MDMin:  2055 01:04:31    -2397.717151        0.186787
MDMin:  2056 01:04:33    -2397.716985        0.502602
MDMin:  2057 01:04:35    -2397.716701        0.186784
MDMin:  2058 01:04:37    -2397.716807        0.186782
MDMin:  2059 01:04:39    -2397.716968        0.186780
MDMin:  2060 01:04:41    -2397.717183        0.186779
MDMin:  2061 01:04:43    -2397.717030        0.502258
MDMin:  2062 01:04:45    -2397.716723        0.186778
MDMin:  2063 01:04:47    -2397.716827        0.186776
MDMin:  2064 01:04:49    -2397.716985        0.186775
MDMin:  2065 01:04:51    -2397.717195        0.186774
MDMin:  2066 01:04:53    -2397.717090        0.501696
MDMin:  2067 01:04:55    -2397.716725        0.186774
MDMin:  2068 01:04:57    -2397.716828        0.186773
MDMin:  2069 01:04:58    -2397.716982        0.186771
MDMin:  2070 01:05:00    -2397.717188        0.186771
MDMin:  2071 01:05:02    -2397.717162        0.500929
MDMin:  2072 01:05:03    -2397.716708        0.186771
MDMin:  2073 01:05:05    -2397.716809        0.186769
MDMin:  2074 01:05:07    -2397.716960        0.186768
MDMin:  2075 01:05:09    -2397.717161        0.186767
MDMin:  2076 01:05:11    -2397.717247        0.499966
MDMin:  2077 01:05:13    -2397.716672        0.186765
MDMin:  2078 01:05:15    -2397.716771        0.186762
MDMin:  2079 01:05:17    -2397.716919        0.186760
MDMin:  2080 01:05:19    -2397.717115        0.186757
MDMin:  2081 01:05:21    -2397.717342        0.498810
MDMin:  2082 01:05:23    -2397.716615        0.186752
MDMin:  2083 01:05:25    -2397.716712        0.186749
MDMin:  2084 01:05:27    -2397.716857        0.186744
MDMin:  2085 01:05:29    -2397.717049        0.186740
MDMin:  2086 01:05:31    -2397.717287        0.186735
MDMin:  2087 01:05:33    -2397.717212        0.500258
MDMin:  2088 01:05:35    -2397.716750        0.186724
MDMin:  2089 01:05:37    -2397.716849        0.186717
MDMin:  2090 01:05:38    -2397.716993        0.186709
MDMin:  2091 01:05:40    -2397.717182        0.186699
MDMin:  2092 01:05:42    -2397.717407        0.497695
MDMin:  2093 01:05:44    -2397.716655        0.186679
MDMin:  2094 01:05:45    -2397.716747        0.186671
MDMin:  2095 01:05:47    -2397.716885        0.186659
MDMin:  2096 01:05:49    -2397.717065        0.186644
MDMin:  2097 01:05:51    -2397.717288        0.186625
MDMin:  2098 01:05:53    -2397.717344        0.498184
MDMin:  2099 01:05:54    -2397.716720        0.186590
MDMin:  2100 01:05:56    -2397.716814        0.186577
MDMin:  2101 01:05:59    -2397.716950        0.186558
MDMin:  2102 01:06:01    -2397.717128        0.186534
MDMin:  2103 01:06:03    -2397.717346        0.186504
MDMin:  2104 01:06:05    -2397.717369        0.497436
MDMin:  2105 01:06:07    -2397.716756        0.186449
MDMin:  2106 01:06:09    -2397.716847        0.186430
MDMin:  2107 01:06:11    -2397.716978        0.186403
MDMin:  2108 01:06:13    -2397.717149        0.186368
MDMin:  2109 01:06:15    -2397.717359        0.186323
MDMin:  2110 01:06:16    -2397.717432        0.496079
MDMin:  2111 01:06:17    -2397.716748        0.186242
MDMin:  2112 01:06:19    -2397.716836        0.186216
MDMin:  2113 01:06:20    -2397.716963        0.186179
MDMin:  2114 01:06:22    -2397.717127        0.186129
MDMin:  2115 01:06:24    -2397.717328        0.186067
MDMin:  2116 01:06:26    -2397.717521        0.494227
MDMin:  2117 01:06:27    -2397.716696        0.185956
MDMin:  2118 01:06:29    -2397.716782        0.185921
MDMin:  2119 01:06:31    -2397.716904        0.185871
MDMin:  2120 01:06:32    -2397.717061        0.185805
MDMin:  2121 01:06:34    -2397.717253        0.185721
MDMin:  2122 01:06:36    -2397.717477        0.185616
MDMin:  2123 01:06:38    -2397.717455        0.494015
MDMin:  2124 01:06:39    -2397.716778        0.185440
MDMin:  2125 01:06:41    -2397.716863        0.185389
MDMin:  2126 01:06:42    -2397.716981        0.185316
MDMin:  2127 01:06:44    -2397.717133        0.185220
MDMin:  2128 01:06:46    -2397.717316        0.185100
MDMin:  2129 01:06:48    -2397.717529        0.184952
MDMin:  2130 01:06:50    -2397.717501        0.492007
MDMin:  2131 01:06:52    -2397.716791        0.184705
MDMin:  2132 01:06:54    -2397.716872        0.184635
MDMin:  2133 01:06:56    -2397.716985        0.184536
MDMin:  2134 01:06:58    -2397.717127        0.184406
MDMin:  2135 01:07:00    -2397.717298        0.184244
MDMin:  2136 01:07:02    -2397.717497        0.184045
MDMin:  2137 01:07:04    -2397.717601        0.488975
MDMin:  2138 01:07:06    -2397.716722        0.183717
MDMin:  2139 01:07:08    -2397.716799        0.183625
MDMin:  2140 01:07:10    -2397.716905        0.183496
MDMin:  2141 01:07:11    -2397.717038        0.183328
MDMin:  2142 01:07:12    -2397.717198        0.183117
MDMin:  2143 01:07:14    -2397.717382        0.182861
MDMin:  2144 01:07:16    -2397.717590        0.182554
MDMin:  2145 01:07:18    -2397.717601        0.486456
MDMin:  2146 01:07:19    -2397.716714        0.182063
MDMin:  2147 01:07:21    -2397.716789        0.181932
MDMin:  2148 01:07:23    -2397.716889        0.181752
MDMin:  2149 01:07:25    -2397.717013        0.181521
MDMin:  2150 01:07:27    -2397.717161        0.181234
MDMin:  2151 01:07:29    -2397.717330        0.180889
MDMin:  2152 01:07:30    -2397.717519        0.180479
MDMin:  2153 01:07:32    -2397.717725        0.481523
MDMin:  2154 01:07:34    -2397.716579        0.179830
MDMin:  2155 01:07:36    -2397.716648        0.179656
MDMin:  2156 01:07:37    -2397.716740        0.179421
MDMin:  2157 01:07:39    -2397.716853        0.179121
MDMin:  2158 01:07:41    -2397.716986        0.178753
MDMin:  2159 01:07:43    -2397.717137        0.178311
MDMin:  2160 01:07:45    -2397.717305        0.177792
MDMin:  2161 01:07:47    -2397.717488        0.177187
MDMin:  2162 01:07:48    -2397.717685        0.176489
MDMin:  2163 01:07:51    -2397.717717        0.475920
MDMin:  2164 01:07:52    -2397.716523        0.175423
MDMin:  2165 01:07:54    -2397.716590        0.175157
MDMin:  2166 01:07:55    -2397.716674        0.174808
MDMin:  2167 01:07:57    -2397.716775        0.174374
MDMin:  2168 01:07:58    -2397.716891        0.173850
MDMin:  2169 01:07:59    -2397.717022        0.173231
MDMin:  2170 01:08:01    -2397.717165        0.172513
MDMin:  2171 01:08:03    -2397.717319        0.171688
MDMin:  2172 01:08:05    -2397.717484        0.170750
MDMin:  2173 01:08:07    -2397.717657        0.169691
MDMin:  2174 01:08:09    -2397.717837        0.168502
MDMin:  2175 01:08:11    -2397.717812        0.475105
MDMin:  2176 01:08:13    -2397.716352        0.166747
MDMin:  2177 01:08:15    -2397.716415        0.166325
MDMin:  2178 01:08:17    -2397.716491        0.165793
MDMin:  2179 01:08:18    -2397.716578        0.165150
MDMin:  2180 01:08:19    -2397.716677        0.164391
MDMin:  2181 01:08:21    -2397.716785        0.163513
MDMin:  2182 01:08:23    -2397.716903        0.162511
MDMin:  2183 01:08:24    -2397.717029        0.161382
MDMin:  2184 01:08:26    -2397.717163        0.160120
MDMin:  2185 01:08:28    -2397.717305        0.158720
MDMin:  2186 01:08:30    -2397.717455        0.159603
MDMin:  2187 01:08:31    -2397.717614        0.161111
MDMin:  2188 01:08:32    -2397.717785        0.162796
MDMin:  2189 01:08:34    -2397.717971        0.164647
MDMin:  2190 01:08:36    -2397.718177        0.166646
MDMin:  2191 01:08:38    -2397.718184        0.495100
MDMin:  2192 01:08:39    -2397.716077        0.176416
MDMin:  2193 01:08:41    -2397.716171        0.176502
MDMin:  2194 01:08:42    -2397.716280        0.176630
MDMin:  2195 01:08:43    -2397.716402        0.176818
MDMin:  2196 01:08:45    -2397.716540        0.177088
MDMin:  2197 01:08:47    -2397.716695        0.177461
MDMin:  2198 01:08:49    -2397.716869        0.177953
MDMin:  2199 01:08:50    -2397.717066        0.178574
MDMin:  2200 01:08:52    -2397.717292        0.179327
MDMin:  2201 01:08:54    -2397.717552        0.180206
MDMin:  2202 01:08:57    -2397.717857        0.181200
MDMin:  2203 01:08:59    -2397.718218        0.182293
MDMin:  2204 01:09:01    -2397.718651        0.183473
MDMin:  2205 01:09:03    -2397.719176        0.184722
MDMin:  2206 01:09:05    -2397.719236        0.535213
MDMin:  2207 01:09:07    -2397.717184        0.193369
MDMin:  2208 01:09:09    -2397.717423        0.193037
MDMin:  2209 01:09:11    -2397.717712        0.192689
MDMin:  2210 01:09:12    -2397.718054        0.192352
MDMin:  2211 01:09:13    -2397.718458        0.192062
MDMin:  2212 01:09:15    -2397.718933        0.191849
MDMin:  2213 01:09:17    -2397.719491        0.191745
MDMin:  2214 01:09:19    -2397.720109        0.549791
MDMin:  2215 01:09:21    -2397.718252        0.196526
MDMin:  2216 01:09:23    -2397.718502        0.196206
MDMin:  2217 01:09:25    -2397.718824        0.195840
MDMin:  2218 01:09:27    -2397.719223        0.195456
MDMin:  2219 01:09:29    -2397.719707        0.195091
MDMin:  2220 01:09:30    -2397.720285        0.195672
MDMin:  2221 01:09:32    -2397.720691        0.563052
MDMin:  2222 01:09:34    -2397.719326        0.198372
MDMin:  2223 01:09:36    -2397.719595        0.198510
MDMin:  2224 01:09:38    -2397.719954        0.200560
MDMin:  2225 01:09:40    -2397.720409        0.203165
MDMin:  2226 01:09:42    -2397.720967        0.206352
MDMin:  2227 01:09:44    -2397.721140        0.571606
MDMin:  2228 01:09:45    -2397.720162        0.207055
MDMin:  2229 01:09:47    -2397.720439        0.208461
MDMin:  2230 01:09:49    -2397.720820        0.210396
MDMin:  2231 01:09:50    -2397.721309        0.212876
MDMin:  2232 01:09:51    -2397.721500        0.574886
MDMin:  2233 01:09:53    -2397.720595        0.212981
MDMin:  2234 01:09:55    -2397.720868        0.214242
MDMin:  2235 01:09:57    -2397.721254        0.216016
MDMin:  2236 01:09:59    -2397.721755        0.218312
MDMin:  2237 01:10:01    -2397.721817        0.579261
MDMin:  2238 01:10:03    -2397.721075        0.218088
MDMin:  2239 01:10:04    -2397.721358        0.219262
MDMin:  2240 01:10:06    -2397.721759        0.220924
MDMin:  2241 01:10:08    -2397.722095        0.578040
MDMin:  2242 01:10:10    -2397.721116        0.220249
MDMin:  2243 01:10:12    -2397.721388        0.221285
MDMin:  2244 01:10:14    -2397.721782        0.222779
MDMin:  2245 01:10:15    -2397.722302        0.224729
MDMin:  2246 01:10:18    -2397.722372        0.583303
MDMin:  2247 01:10:20    -2397.721653        0.223876
MDMin:  2248 01:10:22    -2397.721945        0.224859
MDMin:  2249 01:10:24    -2397.722365        0.226257
MDMin:  2250 01:10:26    -2397.722635        0.581868
MDMin:  2251 01:10:27    -2397.721731        0.225019
MDMin:  2252 01:10:29    -2397.722011        0.225861
MDMin:  2253 01:10:31    -2397.722419        0.227076
MDMin:  2254 01:10:32    -2397.722876        0.581069
MDMin:  2255 01:10:33    -2397.721786        0.225576
MDMin:  2256 01:10:35    -2397.722065        0.226318
MDMin:  2257 01:10:36    -2397.722473        0.227388
MDMin:  2258 01:10:38    -2397.723012        0.228764
MDMin:  2259 01:10:40    -2397.723139        0.585257
MDMin:  2260 01:10:42    -2397.722356        0.226874
MDMin:  2261 01:10:44    -2397.722649        0.227505
MDMin:  2262 01:10:46    -2397.723071        0.228392
MDMin:  2263 01:10:48    -2397.723391        0.582586
MDMin:  2264 01:10:49    -2397.722411        0.226226
MDMin:  2265 01:10:50    -2397.722687        0.226708
MDMin:  2266 01:10:52    -2397.723091        0.227390
MDMin:  2267 01:10:53    -2397.723622        0.228238
MDMin:  2268 01:10:55    -2397.723648        0.584870
MDMin:  2269 01:10:56    -2397.722924        0.225513
MDMin:  2270 01:10:57    -2397.723206        0.225838
MDMin:  2271 01:10:59    -2397.723612        0.226276
MDMin:  2272 01:11:01    -2397.723891        0.580769
MDMin:  2273 01:11:03    -2397.722905        0.223402
MDMin:  2274 01:11:05    -2397.723167        0.223581
MDMin:  2275 01:11:06    -2397.723551        0.223811
MDMin:  2276 01:11:08    -2397.724053        0.224051
MDMin:  2277 01:11:09    -2397.724140        0.580855
MDMin:  2278 01:11:11    -2397.723287        0.220486
MDMin:  2279 01:11:13    -2397.723550        0.220477
MDMin:  2280 01:11:14    -2397.723927        0.220425
MDMin:  2281 01:11:16    -2397.724378        0.575174
MDMin:  2282 01:11:17    -2397.723152        0.216876
MDMin:  2283 01:11:19    -2397.723394        0.216732
MDMin:  2284 01:11:20    -2397.723746        0.216482
MDMin:  2285 01:11:21    -2397.724201        0.216080
MDMin:  2286 01:11:23    -2397.724624        0.572860
MDMin:  2287 01:11:24    -2397.723342        0.211747
MDMin:  2288 01:11:25    -2397.723580        0.211391
MDMin:  2289 01:11:27    -2397.723917        0.210834
MDMin:  2290 01:11:29    -2397.724348        0.210028
MDMin:  2291 01:11:32    -2397.724862        0.208906
MDMin:  2292 01:11:33    -2397.724909        0.570227
MDMin:  2293 01:11:35    -2397.723841        0.209978
MDMin:  2294 01:11:36    -2397.724062        0.209872
MDMin:  2295 01:11:39    -2397.724368        0.209770
MDMin:  2296 01:11:41    -2397.724748        0.209720
MDMin:  2297 01:11:43    -2397.725183        0.561103
MDMin:  2298 01:11:45    -2397.723691        0.211771
MDMin:  2299 01:11:46    -2397.723882        0.211724
MDMin:  2300 01:11:47    -2397.724144        0.211703
MDMin:  2301 01:11:49    -2397.724469        0.211758
MDMin:  2302 01:11:51    -2397.724845        0.212102
MDMin:  2303 01:11:52    -2397.725259        0.213540
MDMin:  2304 01:11:54    -2397.725487        0.552102
MDMin:  2305 01:11:56    -2397.723854        0.215783
MDMin:  2306 01:11:58    -2397.724013        0.216482
MDMin:  2307 01:11:59    -2397.724217        0.217425
MDMin:  2308 01:12:01    -2397.724457        0.218609
MDMin:  2309 01:12:03    -2397.724720        0.220029
MDMin:  2310 01:12:04    -2397.724991        0.221687
MDMin:  2311 01:12:06    -2397.725254        0.223589
MDMin:  2312 01:12:07    -2397.725490        0.225748
MDMin:  2313 01:12:09    -2397.725680        0.228185
MDMin:  2314 01:12:10    -2397.725805        0.230931
MDMin:  2315 01:12:12    -2397.725846        0.234027
MDMin:  2316 01:12:13    -2397.725786        0.237523
MDMin:  2317 01:12:15    -2397.725611        0.242025
MDMin:  2318 01:12:17    -2397.725308        0.249426
MDMin:  2319 01:12:19    -2397.724869        0.258391
MDMin:  2320 01:12:21    -2397.724293        0.269189
MDMin:  2321 01:12:22    -2397.723579        0.282112
MDMin:  2322 01:12:24    -2397.722735        0.297437
MDMin:  2323 01:12:26    -2397.721770        0.315359
MDMin:  2324 01:12:27    -2397.720698        0.335872
MDMin:  2325 01:12:29    -2397.719536        0.358581
MDMin:  2326 01:12:31    -2397.718302        0.382400
MDMin:  2327 01:12:32    -2397.717015        0.405175
MDMin:  2328 01:12:34    -2397.715694        0.423372
MDMin:  2329 01:12:36    -2397.714355        0.431886
MDMin:  2330 01:12:38    -2397.713016        0.424593
MDMin:  2331 01:12:40    -2397.711692        0.402505
MDMin:  2332 01:12:41    -2397.710402        0.420664
MDMin:  2333 01:12:42    -2397.709179        0.435677
MDMin:  2334 01:12:44    -2397.708069        0.445956
MDMin:  2335 01:12:45    -2397.707136        0.450769
MDMin:  2336 01:12:47    -2397.706449        0.450511
MDMin:  2337 01:12:48    -2397.706057        0.446541
MDMin:  2338 01:12:50    -2397.705953        0.440937
MDMin:  2339 01:12:51    -2397.706068        0.436304
MDMin:  2340 01:12:53    -2397.706316        0.435528
MDMin:  2341 01:12:55    -2397.706649        0.441199
MDMin:  2342 01:12:57    -2397.707061        0.454575
MDMin:  2343 01:12:58    -2397.707530        0.474131
MDMin:  2344 01:13:00    -2397.708025        0.493787
MDMin:  2345 01:13:02    -2397.708520        0.501641
MDMin:  2346 01:13:04    -2397.709000        0.482588
MDMin:  2347 01:13:06    -2397.709407        0.887611
MDMin:  2348 01:13:07    -2397.709516        0.515409
MDMin:  2349 01:13:09    -2397.709590        0.519194
MDMin:  2350 01:13:10    -2397.709679        0.523571
MDMin:  2351 01:13:11    -2397.709783        0.528311
MDMin:  2352 01:13:12    -2397.709901        0.533218
MDMin:  2353 01:13:14    -2397.710033        0.538056
MDMin:  2354 01:13:16    -2397.710178        0.542565
MDMin:  2355 01:13:18    -2397.710336        0.546482
MDMin:  2356 01:13:20    -2397.710507        0.549550
MDMin:  2357 01:13:22    -2397.710690        0.551529
MDMin:  2358 01:13:24    -2397.710888        0.552234
MDMin:  2359 01:13:26    -2397.711098        0.551534
MDMin:  2360 01:13:28    -2397.711324        0.549352
MDMin:  2361 01:13:30    -2397.711566        0.545692
MDMin:  2362 01:13:32    -2397.711827        0.540698
MDMin:  2363 01:13:34    -2397.712109        0.534728
MDMin:  2364 01:13:36    -2397.712417        0.528425
MDMin:  2365 01:13:38    -2397.712754        0.522756
MDMin:  2366 01:13:40    -2397.713124        0.518938
MDMin:  2367 01:13:42    -2397.713532        0.518196
MDMin:  2368 01:13:44    -2397.713980        0.521331
MDMin:  2369 01:13:46    -2397.714469        0.528043
MDMin:  2370 01:13:48    -2397.714973        0.536277
MDMin:  2371 01:13:50    -2397.714626        0.738270
MDMin:  2372 01:13:52    -2397.714438        0.564401
MDMin:  2373 01:13:53    -2397.714237        0.578599
MDMin:  2374 01:13:55    -2397.714048        0.596073
MDMin:  2375 01:13:57    -2397.713884        0.617524
MDMin:  2376 01:13:58    -2397.713755        0.643841
MDMin:  2377 01:13:59    -2397.713669        0.676144
MDMin:  2378 01:14:01    -2397.713633        0.715766
MDMin:  2379 01:14:02    -2397.713653        0.764204
MDMin:  2380 01:14:04    -2397.713728        0.822763
MDMin:  2381 01:14:05    -2397.713857        0.891658
MDMin:  2382 01:14:07    -2397.714035        0.968286
MDMin:  2383 01:14:09    -2397.714252        1.044869
MDMin:  2384 01:14:11    -2397.714499        1.107236
MDMin:  2385 01:14:13    -2397.714765        1.137416
MDMin:  2386 01:14:15    -2397.715042        1.122634
MDMin:  2387 01:14:17    -2397.715319        1.064909
MDMin:  2388 01:14:18    -2397.715587        1.180956
MDMin:  2389 01:14:20    -2397.715837        1.310611
MDMin:  2390 01:14:22    -2397.716063        1.372421
MDMin:  2391 01:14:24    -2397.716270        1.315174
MDMin:  2392 01:14:26    -2397.716464        1.147669
MDMin:  2393 01:14:28    -2397.716643        0.950723
MDMin:  2394 01:14:31    -2397.716773        0.987943
MDMin:  2395 01:14:33    -2397.716826        0.906600
MDMin:  2396 01:14:35    -2397.716884        0.912186
MDMin:  2397 01:14:37    -2397.716949        0.917927
MDMin:  2398 01:14:39    -2397.717020        0.923607
MDMin:  2399 01:14:40    -2397.717098        0.928807
MDMin:  2400 01:14:43    -2397.717182        0.932673
MDMin:  2401 01:14:45    -2397.717271        0.933637
MDMin:  2402 01:14:47    -2397.717365        0.929242
MDMin:  2403 01:14:49    -2397.717465        0.916250
MDMin:  2404 01:14:51    -2397.717569        0.891226
MDMin:  2405 01:14:53    -2397.717678        0.851611
MDMin:  2406 01:14:55    -2397.717791        0.797180
MDMin:  2407 01:14:57    -2397.717909        0.731353
MDMin:  2408 01:14:59    -2397.718029        0.661469
MDMin:  2409 01:15:00    -2397.718145        0.598596
MDMin:  2410 01:15:02    -2397.718221        0.847858
MDMin:  2411 01:15:03    -2397.718245        0.552323
MDMin:  2412 01:15:05    -2397.718276        0.538970
MDMin:  2413 01:15:07    -2397.718312        0.524341
MDMin:  2414 01:15:08    -2397.718352        0.508732
MDMin:  2415 01:15:10    -2397.718396        0.492542
MDMin:  2416 01:15:11    -2397.718444        0.476148
MDMin:  2417 01:15:12    -2397.718493        0.459851
MDMin:  2418 01:15:14    -2397.718545        0.458530
MDMin:  2419 01:15:15    -2397.718598        0.464124
MDMin:  2420 01:15:16    -2397.718652        0.469054
MDMin:  2421 01:15:17    -2397.718704        0.472934
MDMin:  2422 01:15:19    -2397.718753        0.475311
MDMin:  2423 01:15:20    -2397.718798        0.475677
MDMin:  2424 01:15:22    -2397.718836        0.473513
MDMin:  2425 01:15:24    -2397.718866        0.468366
MDMin:  2426 01:15:26    -2397.718884        0.460053
MDMin:  2427 01:15:28    -2397.718887        0.527100
MDMin:  2428 01:15:30    -2397.718881        0.663759
MDMin:  2429 01:15:32    -2397.718877        0.438479
MDMin:  2430 01:15:33    -2397.718870        0.434377
MDMin:  2431 01:15:35    -2397.718861        0.429513
MDMin:  2432 01:15:38    -2397.718849        0.426421
MDMin:  2433 01:15:40    -2397.718832        0.433170
MDMin:  2434 01:15:42    -2397.718811        0.441011
MDMin:  2435 01:15:43    -2397.718783        0.449919
MDMin:  2436 01:15:46    -2397.718747        0.459773
MDMin:  2437 01:15:48    -2397.718704        0.470324
MDMin:  2438 01:15:50    -2397.718650        0.481135
MDMin:  2439 01:15:52    -2397.718585        0.491555
MDMin:  2440 01:15:53    -2397.718507        0.500686
MDMin:  2441 01:15:55    -2397.718416        0.507407
MDMin:  2442 01:15:56    -2397.718309        0.510451
MDMin:  2443 01:15:57    -2397.718185        0.508592
MDMin:  2444 01:15:59    -2397.718043        0.500955
MDMin:  2445 01:16:00    -2397.717882        0.487420
MDMin:  2446 01:16:01    -2397.717703        0.469023
MDMin:  2447 01:16:02    -2397.717508        0.448341
MDMin:  2448 01:16:04    -2397.717327        0.690767
MDMin:  2449 01:16:05    -2397.717241        0.459189
MDMin:  2450 01:16:06    -2397.717181        0.462948
MDMin:  2451 01:16:07    -2397.717111        0.467228
MDMin:  2452 01:16:09    -2397.717032        0.472042
MDMin:  2453 01:16:10    -2397.716941        0.477340
MDMin:  2454 01:16:11    -2397.716840        0.483045
MDMin:  2455 01:16:12    -2397.716729        0.489049
MDMin:  2456 01:16:14    -2397.716607        0.495195
MDMin:  2457 01:16:15    -2397.716475        0.501271
MDMin:  2458 01:16:16    -2397.716333        0.506992
MDMin:  2459 01:16:17    -2397.716181        0.512001
MDMin:  2460 01:16:19    -2397.716022        0.515860
MDMin:  2461 01:16:20    -2397.715854        0.518066
MDMin:  2462 01:16:21    -2397.715680        0.518076
MDMin:  2463 01:16:23    -2397.715502        0.515355
MDMin:  2464 01:16:24    -2397.715321        0.509437
MDMin:  2465 01:16:26    -2397.715140        0.500017
MDMin:  2466 01:16:28    -2397.714967        0.487420
MDMin:  2467 01:16:30    -2397.714838        0.752840
MDMin:  2468 01:16:32    -2397.714794        0.470461
MDMin:  2469 01:16:34    -2397.714748        0.465100
MDMin:  2470 01:16:35    -2397.714695        0.458689
MDMin:  2471 01:16:37    -2397.714638        0.451146
MDMin:  2472 01:16:39    -2397.714577        0.442402
MDMin:  2473 01:16:41    -2397.714511        0.432406
MDMin:  2474 01:16:42    -2397.714443        0.421136
MDMin:  2475 01:16:44    -2397.714374        0.408613
MDMin:  2476 01:16:46    -2397.714304        0.394913
MDMin:  2477 01:16:48    -2397.714234        0.387063
MDMin:  2478 01:16:49    -2397.714167        0.386145
MDMin:  2479 01:16:50    -2397.714103        0.384901
MDMin:  2480 01:16:51    -2397.714044        0.383482
MDMin:  2481 01:16:53    -2397.713990        0.382114
MDMin:  2482 01:16:55    -2397.713942        0.396322
MDMin:  2483 01:16:57    -2397.713902        0.409838
MDMin:  2484 01:16:59    -2397.713869        0.412281
MDMin:  2485 01:17:00    -2397.713845        0.522025
MDMin:  2486 01:17:02    -2397.713834        0.556615
MDMin:  2487 01:17:03    -2397.713830        0.412688
MDMin:  2488 01:17:05    -2397.713825        0.416614
MDMin:  2489 01:17:07    -2397.713820        0.420800
MDMin:  2490 01:17:09    -2397.713815        0.425041
MDMin:  2491 01:17:11    -2397.713811        0.429057
MDMin:  2492 01:17:13    -2397.713807        0.432481
MDMin:  2493 01:17:15    -2397.713803        0.434856
MDMin:  2494 01:17:17    -2397.713800        0.435642
MDMin:  2495 01:17:19    -2397.713798        0.434244
MDMin:  2496 01:17:21    -2397.713796        0.430070
MDMin:  2497 01:17:22    -2397.713796        0.431445
MDMin:  2498 01:17:24    -2397.713796        0.440496
MDMin:  2499 01:17:25    -2397.713796        0.450004
MDMin:  2500 01:17:26    -2397.713798        0.459569
MDMin:  2501 01:17:28    -2397.713799        0.468670
MDMin:  2502 01:17:29    -2397.713802        0.476678
MDMin:  2503 01:17:32    -2397.713804        0.482829
MDMin:  2504 01:17:34    -2397.713807        0.625521
MDMin:  2505 01:17:36    -2397.713808        0.486977
MDMin:  2506 01:17:38    -2397.713808        0.487305
MDMin:  2507 01:17:39    -2397.713809        0.487453
MDMin:  2508 01:17:41    -2397.713810        0.487310
MDMin:  2509 01:17:43    -2397.713812        0.486749
MDMin:  2510 01:17:45    -2397.713813        0.485625
MDMin:  2511 01:17:46    -2397.713815        0.483760
MDMin:  2512 01:17:48    -2397.713817        0.480975
MDMin:  2513 01:17:49    -2397.713819        0.477091
MDMin:  2514 01:17:51    -2397.713822        0.471934
MDMin:  2515 01:17:52    -2397.713825        0.465345
MDMin:  2516 01:17:54    -2397.713829        0.457203
MDMin:  2517 01:17:56    -2397.713833        0.447446
MDMin:  2518 01:17:57    -2397.713837        0.436099
MDMin:  2519 01:17:59    -2397.713843        0.423292
MDMin:  2520 01:18:01    -2397.713849        0.409259
MDMin:  2521 01:18:03    -2397.713856        0.394290
MDMin:  2522 01:18:05    -2397.713865        0.378618
MDMin:  2523 01:18:06    -2397.713875        0.366186
MDMin:  2524 01:18:09    -2397.713887        0.362854
MDMin:  2525 01:18:10    -2397.713899        0.511446
MDMin:  2526 01:18:11    -2397.713906        0.632676
MDMin:  2527 01:18:13    -2397.713907        0.455517
MDMin:  2528 01:18:14    -2397.713909        0.356457
MDMin:  2529 01:18:16    -2397.713911        0.355718
MDMin:  2530 01:18:17    -2397.713915        0.354799
MDMin:  2531 01:18:19    -2397.713918        0.353720
MDMin:  2532 01:18:20    -2397.713923        0.352486
MDMin:  2533 01:18:22    -2397.713928        0.351098
MDMin:  2534 01:18:23    -2397.713934        0.349563
MDMin:  2535 01:18:25    -2397.713941        0.347888
MDMin:  2536 01:18:26    -2397.713949        0.346088
MDMin:  2537 01:18:28    -2397.713958        0.344188
MDMin:  2538 01:18:29    -2397.713968        0.342851
MDMin:  2539 01:18:31    -2397.713979        0.354031
MDMin:  2540 01:18:33    -2397.713991        0.366694
MDMin:  2541 01:18:35    -2397.714005        0.380866
MDMin:  2542 01:18:37    -2397.714020        0.396442
MDMin:  2543 01:18:39    -2397.714037        0.413088
MDMin:  2544 01:18:41    -2397.714055        0.430112
MDMin:  2545 01:18:43    -2397.714075        0.446319
MDMin:  2546 01:18:45    -2397.714097        0.459926
MDMin:  2547 01:18:47    -2397.714120        0.468606
MDMin:  2548 01:18:48    -2397.714145        0.469841
MDMin:  2549 01:18:50    -2397.714171        0.462352
MDMin:  2550 01:18:52    -2397.714189        0.547527
MDMin:  2551 01:18:54    -2397.714194        0.449088
MDMin:  2552 01:18:56    -2397.714202        0.443700
MDMin:  2553 01:18:57    -2397.714211        0.436818
MDMin:  2554 01:18:59    -2397.714221        0.428223
MDMin:  2555 01:19:01    -2397.714233        0.417746
MDMin:  2556 01:19:03    -2397.714246        0.405286
MDMin:  2557 01:19:04    -2397.714261        0.406699
MDMin:  2558 01:19:05    -2397.714278        0.411323
MDMin:  2559 01:19:06    -2397.714296        0.415774
MDMin:  2560 01:19:09    -2397.714317        0.419848
MDMin:  2561 01:19:11    -2397.714339        0.423317
MDMin:  2562 01:19:13    -2397.714364        0.425916
MDMin:  2563 01:19:15    -2397.714391        0.427412
MDMin:  2564 01:19:17    -2397.714421        0.427595
MDMin:  2565 01:19:18    -2397.714453        0.426282
MDMin:  2566 01:19:19    -2397.714489        0.423339
MDMin:  2567 01:19:20    -2397.714527        0.418700
MDMin:  2568 01:19:22    -2397.714569        0.412432
MDMin:  2569 01:19:23    -2397.714614        0.404961
MDMin:  2570 01:19:24    -2397.714651        0.564012
MDMin:  2571 01:19:25    -2397.714663        0.395989
MDMin:  2572 01:19:27    -2397.714678        0.393352
MDMin:  2573 01:19:28    -2397.714695        0.390297
MDMin:  2574 01:19:29    -2397.714714        0.386825
MDMin:  2575 01:19:30    -2397.714736        0.382939
MDMin:  2576 01:19:32    -2397.714760        0.378643
MDMin:  2577 01:19:33    -2397.714788        0.373935
MDMin:  2578 01:19:34    -2397.714818        0.368793
MDMin:  2579 01:19:35    -2397.714852        0.363160
MDMin:  2580 01:19:37    -2397.714889        0.356914
MDMin:  2581 01:19:38    -2397.714930        0.349831
MDMin:  2582 01:19:40    -2397.714975        0.341554
MDMin:  2583 01:19:41    -2397.715025        0.338922
MDMin:  2584 01:19:42    -2397.715079        0.344364
MDMin:  2585 01:19:44    -2397.715138        0.349510
MDMin:  2586 01:19:45    -2397.715202        0.354216
MDMin:  2587 01:19:46    -2397.715271        0.358270
MDMin:  2588 01:19:48    -2397.715338        0.424251
MDMin:  2589 01:19:50    -2397.715372        0.362187
MDMin:  2590 01:19:52    -2397.715386        0.362493
MDMin:  2591 01:19:54    -2397.715405        0.362843
MDMin:  2592 01:19:55    -2397.715427        0.363176
MDMin:  2593 01:19:57    -2397.715453        0.363452
MDMin:  2594 01:19:58    -2397.715482        0.363627
MDMin:  2595 01:20:00    -2397.715516        0.363652
MDMin:  2596 01:20:02    -2397.715554        0.363466
MDMin:  2597 01:20:04    -2397.715596        0.363004
MDMin:  2598 01:20:06    -2397.715642        0.362193
MDMin:  2599 01:20:07    -2397.715694        0.360954
MDMin:  2600 01:20:09    -2397.715751        0.359206
MDMin:  2601 01:20:11    -2397.715812        0.356865
MDMin:  2602 01:20:13    -2397.715880        0.353858
MDMin:  2603 01:20:15    -2397.715953        0.350120
MDMin:  2604 01:20:16    -2397.716032        0.345612
MDMin:  2605 01:20:17    -2397.716116        0.340325
MDMin:  2606 01:20:18    -2397.716206        0.334294
MDMin:  2607 01:20:20    -2397.716301        0.345440
MDMin:  2608 01:20:21    -2397.716398        0.368245
MDMin:  2609 01:20:22    -2397.716480        0.414466
MDMin:  2610 01:20:23    -2397.716512        0.396309
MDMin:  2611 01:20:25    -2397.716542        0.403444
MDMin:  2612 01:20:26    -2397.716575        0.411389
MDMin:  2613 01:20:27    -2397.716613        0.419996
MDMin:  2614 01:20:28    -2397.716655        0.428959
MDMin:  2615 01:20:30    -2397.716701        0.437825
MDMin:  2616 01:20:31    -2397.716752        0.445965
MDMin:  2617 01:20:32    -2397.716807        0.452566
MDMin:  2618 01:20:33    -2397.716866        0.456641
MDMin:  2619 01:20:35    -2397.716930        0.457091
MDMin:  2620 01:20:37    -2397.716999        0.452830
MDMin:  2621 01:20:39    -2397.717073        0.442970
MDMin:  2622 01:20:41    -2397.717152        0.427044
MDMin:  2623 01:20:42    -2397.717237        0.405202
MDMin:  2624 01:20:44    -2397.717327        0.378300
MDMin:  2625 01:20:46    -2397.717422        0.347919
MDMin:  2626 01:20:48    -2397.717520        0.316810
MDMin:  2627 01:20:50    -2397.717602        0.369145
MDMin:  2628 01:20:51    -2397.717642        0.280551
MDMin:  2629 01:20:53    -2397.717676        0.276166
MDMin:  2630 01:20:54    -2397.717715        0.279693
MDMin:  2631 01:20:57    -2397.717758        0.283572
MDMin:  2632 01:20:59    -2397.717807        0.287764
MDMin:  2633 01:21:01    -2397.717862        0.292223
MDMin:  2634 01:21:02    -2397.717921        0.296889
MDMin:  2635 01:21:04    -2397.717986        0.301696
MDMin:  2636 01:21:06    -2397.718056        0.306568
MDMin:  2637 01:21:08    -2397.718132        0.311418
MDMin:  2638 01:21:10    -2397.718213        0.316154
MDMin:  2639 01:21:12    -2397.718299        0.320672
MDMin:  2640 01:21:13    -2397.718391        0.324864
MDMin:  2641 01:21:15    -2397.718487        0.328605
MDMin:  2642 01:21:17    -2397.718584        0.331716
MDMin:  2643 01:21:19    -2397.718670        0.333860
MDMin:  2644 01:21:21    -2397.718721        0.334848
MDMin:  2645 01:21:23    -2397.718758        0.335451
MDMin:  2646 01:21:24    -2397.718799        0.336014
MDMin:  2647 01:21:27    -2397.718845        0.336528
MDMin:  2648 01:21:29    -2397.718896        0.336955
MDMin:  2649 01:21:31    -2397.718952        0.337252
MDMin:  2650 01:21:32    -2397.719014        0.337374
MDMin:  2651 01:21:34    -2397.719081        0.337278
MDMin:  2652 01:21:35    -2397.719154        0.336917
MDMin:  2653 01:21:37    -2397.719231        0.336250
MDMin:  2654 01:21:39    -2397.719315        0.335238
MDMin:  2655 01:21:41    -2397.719403        0.333849
MDMin:  2656 01:21:42    -2397.719498        0.332067
MDMin:  2657 01:21:44    -2397.719596        0.329902
MDMin:  2658 01:21:46    -2397.719697        0.327445
MDMin:  2659 01:21:48    -2397.719788        0.325060
MDMin:  2660 01:21:50    -2397.719846        0.323451
MDMin:  2661 01:21:51    -2397.719886        0.326180
MDMin:  2662 01:21:53    -2397.719929        0.331061
MDMin:  2663 01:21:55    -2397.719977        0.336653
MDMin:  2664 01:21:57    -2397.720031        0.343001
MDMin:  2665 01:21:59    -2397.720090        0.350105
MDMin:  2666 01:22:01    -2397.720155        0.357961
MDMin:  2667 01:22:03    -2397.720226        0.366551
MDMin:  2668 01:22:04    -2397.720302        0.375830
MDMin:  2669 01:22:06    -2397.720383        0.385726
MDMin:  2670 01:22:07    -2397.720470        0.396136
MDMin:  2671 01:22:09    -2397.720562        0.406929
MDMin:  2672 01:22:11    -2397.720660        0.417947
MDMin:  2673 01:22:13    -2397.720762        0.428979
MDMin:  2674 01:22:15    -2397.720866        0.439658
MDMin:  2675 01:22:17    -2397.720964        0.449052
MDMin:  2676 01:22:19    -2397.721035        0.455525
MDMin:  2677 01:22:21    -2397.721082        0.459538
MDMin:  2678 01:22:23    -2397.721128        0.463430
MDMin:  2679 01:22:26    -2397.721180        0.467624
MDMin:  2680 01:22:27    -2397.721238        0.472122
MDMin:  2681 01:22:29    -2397.721301        0.476888
MDMin:  2682 01:22:31    -2397.721324        0.481893
MDMin:  2683 01:22:33    -2397.721157        0.487017
MDMin:  2684 01:22:35    -2397.721256        0.492347
MDMin:  2685 01:22:37    -2397.721229        0.497981
MDMin:  2686 01:22:38    -2397.721129        0.503901
MDMin:  2687 01:22:40    -2397.721266        0.510287
MDMin:  2688 01:22:42    -2397.721067        0.517353
MDMin:  2689 01:22:44    -2397.721164        0.525082
MDMin:  2690 01:22:45    -2397.721097        0.533468
MDMin:  2691 01:22:47    -2397.721126        0.541940
MDMin:  2692 01:22:49    -2397.721137        0.549154
MDMin:  2693 01:22:51    -2397.721161        0.554349
MDMin:  2694 01:22:53    -2397.721135        0.559096
MDMin:  2695 01:22:54    -2397.721156        0.564240
MDMin:  2696 01:22:56    -2397.721093        0.569930
MDMin:  2697 01:22:57    -2397.721155        0.576190
MDMin:  2698 01:22:58    -2397.721034        0.583020
MDMin:  2699 01:23:00    -2397.721165        0.590405
MDMin:  2700 01:23:01    -2397.720956        0.598269
MDMin:  2701 01:23:03    -2397.721133        0.606431
MDMin:  2702 01:23:05    -2397.721065        0.614548
MDMin:  2703 01:23:07    -2397.720983        0.621657
MDMin:  2704 01:23:08    -2397.721133        0.626387
MDMin:  2705 01:23:09    -2397.720822        0.626855
MDMin:  2706 01:23:11    -2397.721004        0.621523
MDMin:  2707 01:23:13    -2397.721124        0.611382
MDMin:  2708 01:23:15    -2397.720916        0.601208
MDMin:  2709 01:23:17    -2397.720993        0.591120
MDMin:  2710 01:23:19    -2397.721070        0.578931
MDMin:  2711 01:23:21    -2397.721102        0.563840
MDMin:  2712 01:23:23    -2397.720895        0.545878
MDMin:  2713 01:23:26    -2397.720994        0.524957
MDMin:  2714 01:23:27    -2397.721090        0.501157
MDMin:  2715 01:23:29    -2397.721057        0.474959
MDMin:  2716 01:23:31    -2397.720798        0.447686
MDMin:  2717 01:23:32    -2397.720918        0.419963
MDMin:  2718 01:23:33    -2397.721021        0.393048
MDMin:  2719 01:23:35    -2397.721082        0.370126
MDMin:  2720 01:23:37    -2397.720815        0.355693
MDMin:  2721 01:23:39    -2397.720859        0.345893
MDMin:  2722 01:23:40    -2397.720900        0.336069
MDMin:  2723 01:23:42    -2397.720942        0.325688
MDMin:  2724 01:23:44    -2397.720984        0.314894
MDMin:  2725 01:23:46    -2397.721024        0.303924
MDMin:  2726 01:23:48    -2397.721062        0.293191
MDMin:  2727 01:23:50    -2397.721055        0.305392
MDMin:  2728 01:23:52    -2397.720692        0.319221
MDMin:  2729 01:23:54    -2397.720754        0.335087
MDMin:  2730 01:23:56    -2397.720805        0.353042
MDMin:  2731 01:23:57    -2397.720845        0.372645
MDMin:  2732 01:23:59    -2397.720874        0.392702
MDMin:  2733 01:24:00    -2397.720891        0.410628
MDMin:  2734 01:24:02    -2397.720899        0.423481
MDMin:  2735 01:24:03    -2397.720903        0.432555
MDMin:  2736 01:24:05    -2397.720904        0.440791
MDMin:  2737 01:24:07    -2397.720904        0.448674
MDMin:  2738 01:24:09    -2397.720902        0.455766
MDMin:  2739 01:24:10    -2397.720897        0.461342
MDMin:  2740 01:24:12    -2397.720890        0.464498
MDMin:  2741 01:24:15    -2397.720879        0.464224
MDMin:  2742 01:24:17    -2397.720865        0.459502
MDMin:  2743 01:24:19    -2397.720847        0.449484
MDMin:  2744 01:24:20    -2397.720824        0.433729
MDMin:  2745 01:24:22    -2397.720798        0.412584
MDMin:  2746 01:24:23    -2397.720768        0.387965
MDMin:  2747 01:24:24    -2397.720740        0.364977
MDMin:  2748 01:24:26    -2397.720720        0.349193
MDMin:  2749 01:24:27    -2397.720702        0.336392
MDMin:  2750 01:24:29    -2397.720684        0.322804
MDMin:  2751 01:24:31    -2397.720662        0.307870
MDMin:  2752 01:24:33    -2397.720638        0.291668
MDMin:  2753 01:24:35    -2397.720610        0.274411
MDMin:  2754 01:24:37    -2397.720579        0.278152
MDMin:  2755 01:24:39    -2397.720544        0.284254
MDMin:  2756 01:24:41    -2397.720505        0.291198
MDMin:  2757 01:24:43    -2397.720463        0.299007
MDMin:  2758 01:24:45    -2397.720418        0.307611
MDMin:  2759 01:24:47    -2397.720371        0.316625
MDMin:  2760 01:24:49    -2397.720329        0.324804
MDMin:  2761 01:24:50    -2397.720301        0.330442
MDMin:  2762 01:24:52    -2397.720278        0.334883
MDMin:  2763 01:24:54    -2397.720254        0.339664
MDMin:  2764 01:24:55    -2397.720226        0.345017
MDMin:  2765 01:24:57    -2397.720196        0.350975
MDMin:  2766 01:24:58    -2397.720163        0.357542
MDMin:  2767 01:24:59    -2397.720126        0.364710
MDMin:  2768 01:25:01    -2397.720087        0.372462
MDMin:  2769 01:25:03    -2397.720044        0.380773
MDMin:  2770 01:25:05    -2397.719998        0.389611
MDMin:  2771 01:25:07    -2397.719950        0.398926
MDMin:  2772 01:25:09    -2397.719899        0.408623
MDMin:  2773 01:25:11    -2397.719846        0.418397
MDMin:  2774 01:25:13    -2397.719797        0.427478
MDMin:  2775 01:25:15    -2397.719759        0.434387
MDMin:  2776 01:25:17    -2397.719733        0.439104
MDMin:  2777 01:25:19    -2397.719707        0.443650
MDMin:  2778 01:25:21    -2397.719679        0.448574
MDMin:  2779 01:25:23    -2397.719648        0.453940
MDMin:  2780 01:25:25    -2397.719614        0.459738
MDMin:  2781 01:25:27    -2397.719578        0.465938
MDMin:  2782 01:25:29    -2397.719538        0.472493
MDMin:  2783 01:25:31    -2397.719496        0.479340
MDMin:  2784 01:25:33    -2397.719452        0.486397
MDMin:  2785 01:25:35    -2397.719404        0.493559
MDMin:  2786 01:25:37    -2397.719355        0.500686
MDMin:  2787 01:25:39    -2397.719304        0.507563
MDMin:  2788 01:25:41    -2397.719255        0.513800
MDMin:  2789 01:25:43    -2397.719212        0.518709
MDMin:  2790 01:25:45    -2397.719181        0.521942
MDMin:  2791 01:25:46    -2397.719155        0.524453
MDMin:  2792 01:25:48    -2397.719128        0.526876
MDMin:  2793 01:25:49    -2397.719098        0.529303
MDMin:  2794 01:25:50    -2397.719066        0.531694
MDMin:  2795 01:25:52    -2397.719031        0.533975
MDMin:  2796 01:25:53    -2397.718993        0.536055
MDMin:  2797 01:25:55    -2397.718953        0.537829
MDMin:  2798 01:25:57    -2397.718910        0.539180
MDMin:  2799 01:25:59    -2397.718865        0.540000
MDMin:  2800 01:26:01    -2397.718817        0.540176
MDMin:  2801 01:26:03    -2397.718770        0.539626
MDMin:  2802 01:26:05    -2397.718724        0.538402
MDMin:  2803 01:26:06    -2397.718688        0.536878
MDMin:  2804 01:26:07    -2397.718661        0.535435
MDMin:  2805 01:26:09    -2397.718635        0.533861
MDMin:  2806 01:26:11    -2397.718608        0.531973
MDMin:  2807 01:26:13    -2397.718578        0.529690
MDMin:  2808 01:26:15    -2397.718546        0.526960
MDMin:  2809 01:26:17    -2397.718510        0.523736
MDMin:  2810 01:26:19    -2397.718473        0.519977
MDMin:  2811 01:26:21    -2397.718432        0.515652
MDMin:  2812 01:26:23    -2397.718390        0.510749
MDMin:  2813 01:26:25    -2397.718345        0.505297
MDMin:  2814 01:26:27    -2397.718300        0.499441
MDMin:  2815 01:26:29    -2397.718257        0.493654
MDMin:  2816 01:26:31    -2397.718222        0.488795
MDMin:  2817 01:26:33    -2397.718197        0.485052
MDMin:  2818 01:26:35    -2397.718173        0.481463
MDMin:  2819 01:26:37    -2397.718147        0.477569
MDMin:  2820 01:26:38    -2397.718118        0.473279
MDMin:  2821 01:26:40    -2397.718087        0.468568
MDMin:  2822 01:26:41    -2397.718054        0.463423
MDMin:  2823 01:26:43    -2397.718018        0.457828
MDMin:  2824 01:26:45    -2397.717979        0.451759
MDMin:  2825 01:26:47    -2397.717938        0.445191
MDMin:  2826 01:26:48    -2397.717895        0.438120
MDMin:  2827 01:26:49    -2397.717852        0.430686
MDMin:  2828 01:26:51    -2397.717811        0.423470
MDMin:  2829 01:26:53    -2397.717780        0.417671
MDMin:  2830 01:26:54    -2397.717758        0.413219
MDMin:  2831 01:26:56    -2397.717735        0.408677
MDMin:  2832 01:26:57    -2397.717710        0.403606
MDMin:  2833 01:26:58    -2397.717683        0.397899
MDMin:  2834 01:26:59    -2397.717652        0.391500
MDMin:  2835 01:27:01    -2397.717619        0.384368
MDMin:  2836 01:27:03    -2397.717584        0.376479
MDMin:  2837 01:27:05    -2397.717545        0.367846
MDMin:  2838 01:27:06    -2397.717504        0.358577
MDMin:  2839 01:27:08    -2397.717461        0.348957
MDMin:  2840 01:27:10    -2397.717420        0.339820
MDMin:  2841 01:27:12    -2397.717388        0.333001
MDMin:  2842 01:27:13    -2397.717368        0.328788
MDMin:  2843 01:27:15    -2397.717347        0.324729
MDMin:  2844 01:27:16    -2397.717325        0.320365
MDMin:  2845 01:27:18    -2397.717300        0.315709
MDMin:  2846 01:27:20    -2397.717272        0.310833
MDMin:  2847 01:27:21    -2397.717241        0.305833
MDMin:  2848 01:27:23    -2397.717208        0.300823
MDMin:  2849 01:27:24    -2397.717172        0.295936
MDMin:  2850 01:27:25    -2397.717133        0.291318
MDMin:  2851 01:27:26    -2397.717091        0.287135
MDMin:  2852 01:27:28    -2397.717048        0.283584
MDMin:  2853 01:27:29    -2397.717008        0.280960
MDMin:  2854 01:27:30    -2397.716980        0.279534
MDMin:  2855 01:27:31    -2397.716963        0.278793
MDMin:  2856 01:27:33    -2397.716945        0.278121
MDMin:  2857 01:27:34    -2397.716924        0.277485
MDMin:  2858 01:27:35    -2397.716901        0.276912
MDMin:  2859 01:27:37    -2397.716876        0.276428
MDMin:  2860 01:27:39    -2397.716848        0.276049
MDMin:  2861 01:27:41    -2397.716818        0.275777
MDMin:  2862 01:27:43    -2397.716785        0.275597
MDMin:  2863 01:27:45    -2397.716751        0.275472
MDMin:  2864 01:27:47    -2397.716713        0.275338
MDMin:  2865 01:27:49    -2397.716674        0.275098
MDMin:  2866 01:27:51    -2397.716633        0.274631
MDMin:  2867 01:27:53    -2397.716591        0.273803
MDMin:  2868 01:27:54    -2397.716552        0.272601
MDMin:  2869 01:27:56    -2397.716527        0.271488
MDMin:  2870 01:27:57    -2397.716511        0.270673
MDMin:  2871 01:27:59    -2397.716494        0.269688
MDMin:  2872 01:28:01    -2397.716475        0.268455
MDMin:  2873 01:28:03    -2397.716454        0.266916
MDMin:  2874 01:28:04    -2397.716430        0.265006
MDMin:  2875 01:28:05    -2397.716404        0.262645
MDMin:  2876 01:28:07    -2397.716376        0.259745
MDMin:  2877 01:28:09    -2397.716346        0.256204
MDMin:  2878 01:28:11    -2397.716313        0.251910
MDMin:  2879 01:28:13    -2397.716279        0.246743
MDMin:  2880 01:28:15    -2397.716242        0.240580
MDMin:  2881 01:28:18    -2397.716203        0.233305
MDMin:  2882 01:28:20    -2397.716162        0.224852
MDMin:  2883 01:28:21    -2397.716121        0.230938
MDMin:  2884 01:28:22    -2397.716083        0.244055
MDMin:  2885 01:28:24    -2397.716058        0.253228
MDMin:  2886 01:28:25    -2397.716044        0.258980
MDMin:  2887 01:28:26    -2397.716028        0.265613
MDMin:  2888 01:28:27    -2397.716010        0.273424
MDMin:  2889 01:28:29    -2397.715991        0.282515
MDMin:  2890 01:28:30    -2397.715969        0.292971
MDMin:  2891 01:28:31    -2397.715946        0.304857
MDMin:  2892 01:28:33    -2397.715921        0.318196
MDMin:  2893 01:28:35    -2397.715894        0.332951
MDMin:  2894 01:28:37    -2397.715866        0.348990
MDMin:  2895 01:28:39    -2397.715837        0.366058
MDMin:  2896 01:28:41    -2397.715807        0.383740
MDMin:  2897 01:28:43    -2397.715776        0.401425
MDMin:  2898 01:28:45    -2397.715743        0.418278
MDMin:  2899 01:28:48    -2397.715710        0.433223
MDMin:  2900 01:28:50    -2397.715676        0.444955
MDMin:  2901 01:28:52    -2397.715641        0.452005
MDMin:  2902 01:28:54    -2397.715605        0.452899
MDMin:  2903 01:28:55    -2397.715568        0.446529
MDMin:  2904 01:28:56    -2397.715531        0.433239
MDMin:  2905 01:28:58    -2397.715502        0.417992
MDMin:  2906 01:29:00    -2397.715485        0.408032
MDMin:  2907 01:29:02    -2397.715470        0.398316
MDMin:  2908 01:29:04    -2397.715453        0.386799
MDMin:  2909 01:29:06    -2397.715434        0.373182
MDMin:  2910 01:29:07    -2397.715413        0.357411
MDMin:  2911 01:29:09    -2397.715389        0.339556
MDMin:  2912 01:29:11    -2397.715363        0.319821
MDMin:  2913 01:29:12    -2397.715335        0.298539
MDMin:  2914 01:29:14    -2397.715304        0.276168
MDMin:  2915 01:29:16    -2397.715271        0.253282
MDMin:  2916 01:29:18    -2397.715236        0.230651
MDMin:  2917 01:29:20    -2397.715201        0.209763
MDMin:  2918 01:29:22    -2397.715173        0.218595
MDMin:  2919 01:29:23    -2397.715159        0.187233
MDMin:  2920 01:29:26    -2397.715145        0.185932
MDMin:  2921 01:29:28    -2397.715130        0.188781
MDMin:  2922 01:29:29    -2397.715113        0.191588
MDMin:  2923 01:29:31    -2397.715094        0.194208
MDMin:  2924 01:29:33    -2397.715074        0.196485
MDMin:  2925 01:29:35    -2397.715051        0.198250
MDMin:  2926 01:29:37    -2397.715027        0.199333
MDMin:  2927 01:29:39    -2397.715001        0.199568
MDMin:  2928 01:29:40    -2397.714973        0.198807
MDMin:  2929 01:29:42    -2397.714943        0.196921
MDMin:  2930 01:29:44    -2397.714911        0.193808
MDMin:  2931 01:29:45    -2397.714878        0.189435
MDMin:  2932 01:29:47    -2397.714846        0.184065
MDMin:  2933 01:29:48    -2397.714821        0.197156
MDMin:  2934 01:29:50    -2397.714811        0.177154
MDMin:  2935 01:29:51    -2397.714799        0.174662
MDMin:  2936 01:29:52    -2397.714786        0.171738
MDMin:  2937 01:29:53    -2397.714771        0.168353
MDMin:  2938 01:29:55    -2397.714754        0.164482
MDMin:  2939 01:29:56    -2397.714736        0.160102
MDMin:  2940 01:29:58    -2397.714716        0.155194
MDMin:  2941 01:30:00    -2397.714695        0.149742
