       Step     Time          Energy          fmax
MDMin:    0 01:58:21    -2393.689160        8.170240
MDMin:    1 01:58:24    -2393.692351        8.265295
MDMin:    2 01:58:26    -2393.701605        8.236427
MDMin:    3 01:58:28    -2393.716023        7.202418
MDMin:    4 01:58:29    -2393.731113        5.877484
MDMin:    5 01:58:31    -2393.745139        6.173426
MDMin:    6 01:58:32    -2393.756930        4.330145
MDMin:    7 01:58:34    -2393.765332        2.264187
MDMin:    8 01:58:36    -2393.773348        2.606759
MDMin:    9 01:58:38    -2393.780572        2.663814
MDMin:   10 01:58:39    -2393.787229        2.092616
MDMin:   11 01:58:41    -2393.793883        1.631401
MDMin:   12 01:58:43    -2393.801028        1.529870
MDMin:   13 01:58:45    -2393.808913        1.335803
MDMin:   14 01:58:48    -2393.817786        1.281165
MDMin:   15 01:58:49    -2393.826603        2.739738
MDMin:   16 01:58:51    -2393.830122        1.155855
MDMin:   17 01:58:53    -2393.832832        1.111048
MDMin:   18 01:58:55    -2393.835966        1.059469
MDMin:   19 01:58:57    -2393.839618        1.001672
MDMin:   20 01:58:58    -2393.843827        0.982241
MDMin:   21 01:59:00    -2393.848640        0.962422
MDMin:   22 01:59:02    -2393.854101        0.978548
MDMin:   23 01:59:04    -2393.860245        1.027430
MDMin:   24 01:59:05    -2393.867077        1.120100
MDMin:   25 01:59:07    -2393.874536        1.297756
MDMin:   26 01:59:08    -2393.882459        1.561740
MDMin:   27 01:59:09    -2393.890651        1.815951
MDMin:   28 01:59:11    -2393.899193        1.834630
MDMin:   29 01:59:13    -2393.908730        1.517624
MDMin:   30 01:59:15    -2393.920105        1.717423
MDMin:   31 01:59:17    -2393.933833        1.746568
MDMin:   32 01:59:18    -2393.950948        1.451303
MDMin:   33 01:59:20    -2393.973591        1.104910
MDMin:   34 01:59:22    -2393.999138        1.988627
MDMin:   35 01:59:24    -2394.010787        1.329857
MDMin:   36 01:59:26    -2394.020764        1.372846
MDMin:   37 01:59:28    -2394.033359        1.407980
MDMin:   38 01:59:30    -2394.049060        1.419232
MDMin:   39 01:59:32    -2394.068703        1.389091
MDMin:   40 01:59:34    -2394.093565        1.309445
MDMin:   41 01:59:35    -2394.125524        1.192102
MDMin:   42 01:59:37    -2394.167142        1.064459
MDMin:   43 01:59:39    -2394.221660        0.972853
MDMin:   44 01:59:41    -2394.293029        1.104530
MDMin:   45 01:59:43    -2394.386104        1.269460
MDMin:   46 01:59:45    -2394.506869        1.473904
MDMin:   47 01:59:47    -2394.662843        1.726136
MDMin:   48 01:59:49    -2394.863798        2.024785
MDMin:   49 01:59:51    -2395.120176        2.301691
MDMin:   50 01:59:53    -2395.428574        2.353025
MDMin:   51 01:59:55    -2395.749320        2.067278
MDMin:   52 01:59:56    -2396.028802        1.656541
MDMin:   53 01:59:58    -2396.254848        1.584833
MDMin:   54 02:00:00    -2396.446327        1.462482
MDMin:   55 02:00:02    -2396.594316        1.217901
MDMin:   56 02:00:04    -2396.674002        0.885324
MDMin:   57 02:00:06    -2396.727074        0.688870
MDMin:   58 02:00:08    -2396.770131        0.694233
MDMin:   59 02:00:10    -2396.799968        1.306990
MDMin:   60 02:00:12    -2396.807093        0.881693
MDMin:   61 02:00:14    -2396.810217        0.659521
MDMin:   62 02:00:16    -2396.814103        0.653382
MDMin:   63 02:00:18    -2396.818483        0.646205
MDMin:   64 02:00:19    -2396.823314        0.638143
MDMin:   65 02:00:21    -2396.828541        0.629511
MDMin:   66 02:00:23    -2396.834107        0.620809
MDMin:   67 02:00:24    -2396.839953        0.612706
MDMin:   68 02:00:26    -2396.846017        0.605967
MDMin:   69 02:00:27    -2396.852235        0.601281
MDMin:   70 02:00:28    -2396.858539        0.599005
MDMin:   71 02:00:30    -2396.864864        0.598934
MDMin:   72 02:00:32    -2396.871144        0.599500
MDMin:   73 02:00:34    -2396.877311        0.597526
MDMin:   74 02:00:36    -2396.883265        0.588916
MDMin:   75 02:00:38    -2396.888527        0.751243
MDMin:   76 02:00:39    -2396.891363        0.879146
MDMin:   77 02:00:40    -2396.892190        0.555769
MDMin:   78 02:00:42    -2396.893343        0.549711
MDMin:   79 02:00:44    -2396.894697        0.542100
MDMin:   80 02:00:46    -2396.896236        0.532879
MDMin:   81 02:00:48    -2396.897944        0.522058
MDMin:   82 02:00:50    -2396.899808        0.517482
MDMin:   83 02:00:52    -2396.901809        0.529821
MDMin:   84 02:00:54    -2396.903932        0.543079
MDMin:   85 02:00:56    -2396.906160        0.557062
MDMin:   86 02:00:57    -2396.908476        0.571514
MDMin:   87 02:00:58    -2396.910868        0.586108
MDMin:   88 02:01:00    -2396.913322        0.600427
MDMin:   89 02:01:01    -2396.915832        0.613933
MDMin:   90 02:01:02    -2396.918393        0.625922
MDMin:   91 02:01:03    -2396.921010        0.635469
MDMin:   92 02:01:05    -2396.923692        0.641420
MDMin:   93 02:01:06    -2396.926458        0.642414
MDMin:   94 02:01:08    -2396.929332        0.637064
MDMin:   95 02:01:10    -2396.932239        0.624882
MDMin:   96 02:01:11    -2396.934383        1.046202
MDMin:   97 02:01:13    -2396.934789        0.608921
MDMin:   98 02:01:14    -2396.935447        0.604186
MDMin:   99 02:01:15    -2396.936257        0.598167
MDMin:  100 02:01:17    -2396.937217        0.590815
MDMin:  101 02:01:19    -2396.938336        0.582015
MDMin:  102 02:01:20    -2396.939626        0.571661
MDMin:  103 02:01:21    -2396.941104        0.559678
MDMin:  104 02:01:23    -2396.942793        0.546027
MDMin:  105 02:01:25    -2396.944721        0.530722
MDMin:  106 02:01:26    -2396.946928        0.513833
MDMin:  107 02:01:28    -2396.949462        0.495524
MDMin:  108 02:01:29    -2396.952392        0.476024
MDMin:  109 02:01:31    -2396.955804        0.455550
MDMin:  110 02:01:32    -2396.959815        0.434332
MDMin:  111 02:01:34    -2396.964579        0.412603
MDMin:  112 02:01:35    -2396.970303        0.405008
MDMin:  113 02:01:36    -2396.977248        0.423865
MDMin:  114 02:01:38    -2396.985709        0.445959
MDMin:  115 02:01:39    -2396.995654        0.469800
MDMin:  116 02:01:40    -2397.004839        0.793894
MDMin:  117 02:01:41    -2397.008604        0.496225
MDMin:  118 02:01:43    -2397.012723        0.503476
MDMin:  119 02:01:45    -2397.017694        0.511590
MDMin:  120 02:01:47    -2397.023610        0.520340
MDMin:  121 02:01:49    -2397.030555        0.529365
MDMin:  122 02:01:51    -2397.038594        0.538154
MDMin:  123 02:01:52    -2397.047757        0.546033
MDMin:  124 02:01:53    -2397.058003        0.552174
MDMin:  125 02:01:55    -2397.069181        0.555743
MDMin:  126 02:01:56    -2397.080985        0.555862
MDMin:  127 02:01:57    -2397.092941        0.551710
MDMin:  128 02:01:59    -2397.104473        0.542781
MDMin:  129 02:02:00    -2397.115132        0.529327
MDMin:  130 02:02:02    -2397.124930        0.512616
MDMin:  131 02:02:03    -2397.130744        0.634369
MDMin:  132 02:02:05    -2397.141332        0.551339
MDMin:  133 02:02:07    -2397.149190        0.461585
MDMin:  134 02:02:08    -2397.156626        0.455872
MDMin:  135 02:02:10    -2397.162347        0.581394
MDMin:  136 02:02:12    -2397.164996        0.463702
MDMin:  137 02:02:13    -2397.167123        0.465487
MDMin:  138 02:02:15    -2397.169438        0.467399
MDMin:  139 02:02:17    -2397.171959        0.469430
MDMin:  140 02:02:18    -2397.174671        0.471535
MDMin:  141 02:02:19    -2397.177560        0.473648
MDMin:  142 02:02:20    -2397.180128        0.475693
MDMin:  143 02:02:22    -2397.182421        0.477313
MDMin:  144 02:02:23    -2397.184960        0.478747
MDMin:  145 02:02:24    -2397.187763        0.479853
MDMin:  146 02:02:25    -2397.190853        0.480437
MDMin:  147 02:02:26    -2397.194254        0.480244
MDMin:  148 02:02:28    -2397.197994        0.478929
MDMin:  149 02:02:29    -2397.202085        0.476107
MDMin:  150 02:02:30    -2397.206481        0.471444
MDMin:  151 02:02:32    -2397.210823        0.465177
MDMin:  152 02:02:34    -2397.214109        0.459357
MDMin:  153 02:02:36    -2397.216139        0.455342
MDMin:  154 02:02:38    -2397.218269        0.450866
MDMin:  155 02:02:40    -2397.220700        0.445456
MDMin:  156 02:02:42    -2397.223464        0.447705
MDMin:  157 02:02:43    -2397.226575        0.463044
MDMin:  158 02:02:45    -2397.230047        0.482241
MDMin:  159 02:02:46    -2397.233888        0.503762
MDMin:  160 02:02:47    -2397.238101        0.527662
MDMin:  161 02:02:49    -2397.242677        0.553822
MDMin:  162 02:02:50    -2397.247597        0.581746
MDMin:  163 02:02:52    -2397.252827        0.610230
MDMin:  164 02:02:54    -2397.258312        0.636968
MDMin:  165 02:02:56    -2397.263973        0.658250
MDMin:  166 02:02:57    -2397.269687        0.669310
MDMin:  167 02:02:59    -2397.275191        0.666263
MDMin:  168 02:03:00    -2397.279863        0.679877
MDMin:  169 02:03:02    -2397.283054        0.686012
MDMin:  170 02:03:03    -2397.285506        0.686246
MDMin:  171 02:03:04    -2397.287995        0.682075
MDMin:  172 02:03:05    -2397.290692        0.672232
MDMin:  173 02:03:06    -2397.293613        0.655191
MDMin:  174 02:03:08    -2397.296753        0.629762
MDMin:  175 02:03:10    -2397.300096        0.595483
MDMin:  176 02:03:12    -2397.303624        0.552880
MDMin:  177 02:03:13    -2397.307306        0.516649
MDMin:  178 02:03:14    -2397.311072        0.480067
MDMin:  179 02:03:15    -2397.314710        0.438681
MDMin:  180 02:03:17    -2397.317548        0.582042
MDMin:  181 02:03:19    -2397.319089        0.384896
MDMin:  182 02:03:20    -2397.320516        0.367235
MDMin:  183 02:03:22    -2397.322085        0.347844
MDMin:  184 02:03:24    -2397.323810        0.326834
MDMin:  185 02:03:25    -2397.325681        0.312839
MDMin:  186 02:03:27    -2397.327681        0.313682
MDMin:  187 02:03:29    -2397.329789        0.321442
MDMin:  188 02:03:30    -2397.331981        0.330895
MDMin:  189 02:03:32    -2397.334225        0.342258
MDMin:  190 02:03:33    -2397.336467        0.355554
MDMin:  191 02:03:35    -2397.338573        0.369994
MDMin:  192 02:03:37    -2397.340155        0.466754
MDMin:  193 02:03:39    -2397.340977        0.388986
MDMin:  194 02:03:41    -2397.341748        0.395596
MDMin:  195 02:03:43    -2397.342591        0.403037
MDMin:  196 02:03:45    -2397.343508        0.411306
MDMin:  197 02:03:46    -2397.344491        0.420235
MDMin:  198 02:03:48    -2397.345528        0.429530
MDMin:  199 02:03:50    -2397.346607        0.438727
MDMin:  200 02:03:52    -2397.347717        0.447150
MDMin:  201 02:03:53    -2397.348846        0.453927
MDMin:  202 02:03:55    -2397.349981        0.458021
MDMin:  203 02:03:57    -2397.351102        0.458418
MDMin:  204 02:03:59    -2397.352161        0.454736
MDMin:  205 02:04:00    -2397.353006        0.448516
MDMin:  206 02:04:02    -2397.353451        0.443980
MDMin:  207 02:04:04    -2397.353798        0.439845
MDMin:  208 02:04:05    -2397.354182        0.434676
MDMin:  209 02:04:07    -2397.354608        0.428245
MDMin:  210 02:04:09    -2397.355071        0.420430
MDMin:  211 02:04:11    -2397.355567        0.411168
MDMin:  212 02:04:13    -2397.356093        0.400465
MDMin:  213 02:04:15    -2397.356644        0.388411
MDMin:  214 02:04:17    -2397.357217        0.375173
MDMin:  215 02:04:19    -2397.357806        0.360993
MDMin:  216 02:04:20    -2397.358408        0.346178
MDMin:  217 02:04:22    -2397.359016        0.331151
MDMin:  218 02:04:24    -2397.359602        0.316803
MDMin:  219 02:04:26    -2397.360056        0.422429
MDMin:  220 02:04:28    -2397.360247        0.301490
MDMin:  221 02:04:30    -2397.360433        0.297212
MDMin:  222 02:04:31    -2397.360645        0.292392
MDMin:  223 02:04:32    -2397.360883        0.287065
MDMin:  224 02:04:34    -2397.361146        0.281292
MDMin:  225 02:04:35    -2397.361433        0.275145
MDMin:  226 02:04:37    -2397.361742        0.268698
MDMin:  227 02:04:39    -2397.362074        0.262030
MDMin:  228 02:04:40    -2397.362427        0.255222
MDMin:  229 02:04:42    -2397.362800        0.248352
MDMin:  230 02:04:44    -2397.363192        0.241503
MDMin:  231 02:04:46    -2397.363602        0.234762
MDMin:  232 02:04:48    -2397.364025        0.230457
MDMin:  233 02:04:49    -2397.364437        0.265025
MDMin:  234 02:04:51    -2397.364729        0.362389
MDMin:  235 02:04:53    -2397.364849        0.234726
MDMin:  236 02:04:55    -2397.364992        0.235569
MDMin:  237 02:04:56    -2397.365156        0.236603
MDMin:  238 02:04:58    -2397.365343        0.237852
MDMin:  239 02:05:00    -2397.365551        0.239344
MDMin:  240 02:05:01    -2397.365780        0.241112
MDMin:  241 02:05:03    -2397.366030        0.243189
MDMin:  242 02:05:05    -2397.366300        0.245609
MDMin:  243 02:05:07    -2397.366591        0.248409
MDMin:  244 02:05:08    -2397.366903        0.251621
MDMin:  245 02:05:10    -2397.367235        0.255275
MDMin:  246 02:05:11    -2397.367586        0.259388
MDMin:  247 02:05:13    -2397.367958        0.263966
MDMin:  248 02:05:15    -2397.368349        0.268989
MDMin:  249 02:05:17    -2397.368758        0.274393
MDMin:  250 02:05:18    -2397.369174        0.279947
MDMin:  251 02:05:20    -2397.369537        0.382664
MDMin:  252 02:05:22    -2397.369717        0.286920
MDMin:  253 02:05:24    -2397.369846        0.288476
MDMin:  254 02:05:26    -2397.369995        0.290244
MDMin:  255 02:05:27    -2397.370166        0.292231
MDMin:  256 02:05:29    -2397.370359        0.294403
MDMin:  257 02:05:31    -2397.370574        0.296714
MDMin:  258 02:05:33    -2397.370813        0.299098
MDMin:  259 02:05:34    -2397.371074        0.301470
MDMin:  260 02:05:35    -2397.371358        0.303720
MDMin:  261 02:05:36    -2397.371665        0.305714
MDMin:  262 02:05:38    -2397.371995        0.307286
MDMin:  263 02:05:40    -2397.372350        0.308244
MDMin:  264 02:05:42    -2397.372729        0.308372
MDMin:  265 02:05:44    -2397.373133        0.307437
MDMin:  266 02:05:46    -2397.373562        0.305213
MDMin:  267 02:05:47    -2397.374005        0.301585
MDMin:  268 02:05:48    -2397.374409        0.399597
MDMin:  269 02:05:50    -2397.374645        0.297791
MDMin:  270 02:05:51    -2397.374796        0.291760
MDMin:  271 02:05:52    -2397.374972        0.289845
MDMin:  272 02:05:53    -2397.375176        0.288714
MDMin:  273 02:05:55    -2397.375410        0.287045
MDMin:  274 02:05:56    -2397.375672        0.284714
MDMin:  275 02:05:58    -2397.375966        0.281604
MDMin:  276 02:05:59    -2397.376291        0.277614
MDMin:  277 02:06:01    -2397.376650        0.272668
MDMin:  278 02:06:03    -2397.377045        0.266726
MDMin:  279 02:06:05    -2397.377477        0.273558
MDMin:  280 02:06:07    -2397.377948        0.283632
MDMin:  281 02:06:09    -2397.378461        0.294551
MDMin:  282 02:06:11    -2397.377683        0.887891
MDMin:  283 02:06:13    -2397.377813        0.852517
MDMin:  284 02:06:15    -2397.378022        0.810236
MDMin:  285 02:06:17    -2397.378341        0.763287
MDMin:  286 02:06:18    -2397.378807        0.713729
MDMin:  287 02:06:20    -2397.379454        0.667702
MDMin:  288 02:06:22    -2397.379672        0.331924
MDMin:  289 02:06:23    -2397.379766        0.335740
MDMin:  290 02:06:24    -2397.379896        0.340231
MDMin:  291 02:06:26    -2397.380071        0.345340
MDMin:  292 02:06:27    -2397.380295        0.350968
MDMin:  293 02:06:29    -2397.380440        0.704796
MDMin:  294 02:06:31    -2397.380636        0.358476
MDMin:  295 02:06:33    -2397.380639        0.690931
MDMin:  296 02:06:35    -2397.380739        0.360592
MDMin:  297 02:06:37    -2397.380747        0.684899
MDMin:  298 02:06:39    -2397.380820        0.362246
MDMin:  299 02:06:41    -2397.380850        0.679698
MDMin:  300 02:06:42    -2397.380901        0.363815
MDMin:  301 02:06:44    -2397.380952        0.364675
MDMin:  302 02:06:45    -2397.380939        0.679994
MDMin:  303 02:06:47    -2397.381067        0.670509
MDMin:  304 02:06:49    -2397.381128        0.367904
MDMin:  305 02:06:51    -2397.381197        0.368935
MDMin:  306 02:06:53    -2397.381274        0.666857
MDMin:  307 02:06:55    -2397.381340        0.371015
MDMin:  308 02:06:57    -2397.381398        0.371742
MDMin:  309 02:06:59    -2397.381398        0.666591
MDMin:  310 02:07:01    -2397.381529        0.373363
MDMin:  311 02:07:03    -2397.381526        0.660858
MDMin:  312 02:07:04    -2397.381623        0.374418
MDMin:  313 02:07:06    -2397.381640        0.656283
MDMin:  314 02:07:07    -2397.381713        0.375350
MDMin:  315 02:07:08    -2397.381756        0.651956
MDMin:  316 02:07:09    -2397.381804        0.376193
MDMin:  317 02:07:10    -2397.381862        0.376626
MDMin:  318 02:07:12    -2397.381866        0.653490
MDMin:  319 02:07:14    -2397.381996        0.377581
MDMin:  320 02:07:15    -2397.381999        0.648281
MDMin:  321 02:07:17    -2397.382095        0.378167
MDMin:  322 02:07:18    -2397.382118        0.644061
MDMin:  323 02:07:20    -2397.382193        0.378634
MDMin:  324 02:07:21    -2397.382239        0.640058
MDMin:  325 02:07:22    -2397.382291        0.378998
MDMin:  326 02:07:24    -2397.382352        0.379157
MDMin:  327 02:07:26    -2397.382357        0.642059
MDMin:  328 02:07:28    -2397.382496        0.379413
MDMin:  329 02:07:29    -2397.382494        0.637165
MDMin:  330 02:07:31    -2397.382603        0.379468
MDMin:  331 02:07:32    -2397.382617        0.633224
MDMin:  332 02:07:34    -2397.382708        0.379410
MDMin:  333 02:07:35    -2397.382742        0.629484
MDMin:  334 02:07:37    -2397.382814        0.379244
MDMin:  335 02:07:39    -2397.382868        0.625870
MDMin:  336 02:07:41    -2397.382921        0.378969
MDMin:  337 02:07:43    -2397.382987        0.378768
MDMin:  338 02:07:45    -2397.382994        0.628414
MDMin:  339 02:07:46    -2397.383136        0.619940
MDMin:  340 02:07:48    -2397.383230        0.377615
MDMin:  341 02:07:50    -2397.383322        0.377106
MDMin:  342 02:07:52    -2397.383390        0.619155
MDMin:  343 02:07:54    -2397.383516        0.375789
MDMin:  344 02:07:55    -2397.383546        0.614478
MDMin:  345 02:07:57    -2397.383641        0.374788
MDMin:  346 02:07:59    -2397.383678        0.611096
MDMin:  347 02:08:01    -2397.383763        0.373726
MDMin:  348 02:08:02    -2397.383810        0.607917
MDMin:  349 02:08:04    -2397.383885        0.372566
MDMin:  350 02:08:05    -2397.383942        0.604841
MDMin:  351 02:08:07    -2397.384009        0.371307
MDMin:  352 02:08:08    -2397.384076        0.601853
MDMin:  353 02:08:10    -2397.384135        0.369950
MDMin:  354 02:08:12    -2397.384210        0.598949
MDMin:  355 02:08:14    -2397.384264        0.368498
MDMin:  356 02:08:15    -2397.384341        0.367652
MDMin:  357 02:08:17    -2397.384351        0.602451
MDMin:  358 02:08:19    -2397.384498        0.594581
MDMin:  359 02:08:20    -2397.384635        0.363920
MDMin:  360 02:08:22    -2397.384742        0.362602
MDMin:  361 02:08:23    -2397.384768        0.594991
MDMin:  362 02:08:25    -2397.384925        0.586793
MDMin:  363 02:08:26    -2397.385090        0.357790
MDMin:  364 02:08:28    -2397.385199        0.579331
MDMin:  365 02:08:29    -2397.385269        0.355261
MDMin:  366 02:08:30    -2397.385352        0.576620
MDMin:  367 02:08:32    -2397.385419        0.353100
MDMin:  368 02:08:33    -2397.385495        0.574325
MDMin:  369 02:08:34    -2397.385568        0.350913
MDMin:  370 02:08:36    -2397.385637        0.572106
MDMin:  371 02:08:38    -2397.385720        0.348669
MDMin:  372 02:08:39    -2397.385780        0.569934
MDMin:  373 02:08:40    -2397.385874        0.346370
MDMin:  374 02:08:42    -2397.385923        0.567806
MDMin:  375 02:08:44    -2397.386031        0.344018
MDMin:  376 02:08:46    -2397.386067        0.565720
MDMin:  377 02:08:47    -2397.386191        0.341618
MDMin:  378 02:08:49    -2397.386211        0.563675
MDMin:  379 02:08:50    -2397.386345        0.557579
MDMin:  380 02:08:51    -2397.386478        0.337173
MDMin:  381 02:08:53    -2397.386600        0.335408
MDMin:  382 02:08:54    -2397.386624        0.560267
MDMin:  383 02:08:56    -2397.386785        0.553038
MDMin:  384 02:08:58    -2397.387023        0.328991
MDMin:  385 02:09:00    -2397.387072        0.546999
MDMin:  386 02:09:02    -2397.387219        0.540805
MDMin:  387 02:09:04    -2397.387385        0.323543
MDMin:  388 02:09:06    -2397.387498        0.535867
MDMin:  389 02:09:07    -2397.387605        0.320345
MDMin:  390 02:09:09    -2397.387661        0.534292
MDMin:  391 02:09:11    -2397.387795        0.317602
MDMin:  392 02:09:12    -2397.387816        0.532966
MDMin:  393 02:09:14    -2397.387956        0.527440
MDMin:  394 02:09:16    -2397.388138        0.312652
MDMin:  395 02:09:18    -2397.388230        0.523255
MDMin:  396 02:09:20    -2397.388371        0.309417
MDMin:  397 02:09:22    -2397.388397        0.521968
MDMin:  398 02:09:24    -2397.388539        0.516606
MDMin:  399 02:09:26    -2397.388738        0.304347
MDMin:  400 02:09:27    -2397.388819        0.512784
MDMin:  401 02:09:28    -2397.388972        0.507290
MDMin:  402 02:09:29    -2397.389160        0.298714
MDMin:  403 02:09:31    -2397.389266        0.503628
MDMin:  404 02:09:33    -2397.389420        0.295378
MDMin:  405 02:09:35    -2397.389442        0.502748
MDMin:  406 02:09:37    -2397.389589        0.497673
MDMin:  407 02:09:39    -2397.389828        0.290222
MDMin:  408 02:09:41    -2397.389880        0.494503
MDMin:  409 02:09:43    -2397.390038        0.489266
MDMin:  410 02:09:44    -2397.390299        0.290517
MDMin:  411 02:09:46    -2397.390343        0.486216
MDMin:  412 02:09:48    -2397.390504        0.481062
MDMin:  413 02:09:49    -2397.390784        0.472380
MDMin:  414 02:09:51    -2397.389576        0.415105
MDMin:  415 02:09:53    -2397.389088        0.396801
MDMin:  416 02:09:54    -2397.388499        0.374751
MDMin:  417 02:09:56    -2397.387816        0.351786
MDMin:  418 02:09:57    -2397.387045        0.345110
MDMin:  419 02:09:59    -2397.386195        0.338128
MDMin:  420 02:10:01    -2397.385275        0.331069
MDMin:  421 02:10:03    -2397.384295        0.324087
MDMin:  422 02:10:04    -2397.383262        0.317273
MDMin:  423 02:10:06    -2397.382187        0.310689
MDMin:  424 02:10:08    -2397.381079        0.311928
MDMin:  425 02:10:10    -2397.379950        0.314101
MDMin:  426 02:10:11    -2397.378809        0.315487
MDMin:  427 02:10:13    -2397.377668        0.315923
MDMin:  428 02:10:14    -2397.376539        0.315291
MDMin:  429 02:10:15    -2397.375435        0.313560
MDMin:  430 02:10:17    -2397.374369        0.310865
MDMin:  431 02:10:19    -2397.373355        0.307591
MDMin:  432 02:10:21    -2397.372410        0.304418
MDMin:  433 02:10:23    -2397.371545        0.302221
MDMin:  434 02:10:24    -2397.370765        0.301682
MDMin:  435 02:10:25    -2397.370056        0.302553
MDMin:  436 02:10:27    -2397.369420        0.302565
MDMin:  437 02:10:28    -2397.368855        0.297865
MDMin:  438 02:10:29    -2397.368388        0.699474
MDMin:  439 02:10:31    -2397.368248        0.596119
MDMin:  440 02:10:32    -2397.368240        0.535977
MDMin:  441 02:10:34    -2397.368219        0.374800
MDMin:  442 02:10:36    -2397.368181        0.281518
MDMin:  443 02:10:38    -2397.368126        0.279463
MDMin:  444 02:10:40    -2397.368058        0.276814
MDMin:  445 02:10:42    -2397.367979        0.273564
MDMin:  446 02:10:44    -2397.367890        0.269672
MDMin:  447 02:10:46    -2397.367791        0.265099
MDMin:  448 02:10:48    -2397.367685        0.259813
MDMin:  449 02:10:50    -2397.367572        0.253797
MDMin:  450 02:10:52    -2397.367453        0.247066
MDMin:  451 02:10:54    -2397.367329        0.239677
MDMin:  452 02:10:56    -2397.367202        0.237640
MDMin:  453 02:10:58    -2397.367072        0.247761
MDMin:  454 02:11:00    -2397.366939        0.260588
MDMin:  455 02:11:02    -2397.366806        0.275826
MDMin:  456 02:11:04    -2397.366673        0.293925
MDMin:  457 02:11:06    -2397.366539        0.315382
MDMin:  458 02:11:08    -2397.366406        0.340687
MDMin:  459 02:11:09    -2397.366274        0.370232
MDMin:  460 02:11:12    -2397.366145        0.404063
MDMin:  461 02:11:13    -2397.366022        0.440803
MDMin:  462 02:11:15    -2397.365927        0.590911
MDMin:  463 02:11:17    -2397.365893        0.483045
MDMin:  464 02:11:19    -2397.365859        0.494623
MDMin:  465 02:11:21    -2397.365819        0.508072
MDMin:  466 02:11:23    -2397.365776        0.523289
MDMin:  467 02:11:24    -2397.365729        0.540055
MDMin:  468 02:11:26    -2397.365678        0.558001
MDMin:  469 02:11:27    -2397.365625        0.576580
MDMin:  470 02:11:29    -2397.365570        0.595032
MDMin:  471 02:11:31    -2397.365513        0.612356
MDMin:  472 02:11:33    -2397.365456        0.627397
MDMin:  473 02:11:35    -2397.365401        0.639050
MDMin:  474 02:11:36    -2397.365348        0.646216
MDMin:  475 02:11:38    -2397.365299        0.648080
MDMin:  476 02:11:41    -2397.365257        0.644262
MDMin:  477 02:11:43    -2397.365223        0.634849
MDMin:  478 02:11:45    -2397.365202        0.620352
MDMin:  479 02:11:47    -2397.365196        0.602266
MDMin:  480 02:11:49    -2397.365201        0.604179
MDMin:  481 02:11:51    -2397.365205        0.580599
MDMin:  482 02:11:52    -2397.365212        0.573097
MDMin:  483 02:11:54    -2397.365222        0.564249
MDMin:  484 02:11:56    -2397.365237        0.554018
MDMin:  485 02:11:58    -2397.365259        0.542364
MDMin:  486 02:12:00    -2397.365290        0.529252
MDMin:  487 02:12:02    -2397.365333        0.514654
MDMin:  488 02:12:03    -2397.365390        0.498560
MDMin:  489 02:12:05    -2397.365464        0.480990
MDMin:  490 02:12:06    -2397.365561        0.462011
MDMin:  491 02:12:08    -2397.365684        0.441752
MDMin:  492 02:12:10    -2397.365840        0.420413
MDMin:  493 02:12:12    -2397.366036        0.398282
MDMin:  494 02:12:14    -2397.366279        0.375768
MDMin:  495 02:12:15    -2397.366571        0.359676
MDMin:  496 02:12:16    -2397.366871        0.514464
MDMin:  497 02:12:17    -2397.367003        0.359896
MDMin:  498 02:12:20    -2397.367091        0.359804
MDMin:  499 02:12:21    -2397.367202        0.359690
MDMin:  500 02:12:22    -2397.367336        0.359546
MDMin:  501 02:12:24    -2397.367495        0.359360
MDMin:  502 02:12:26    -2397.367684        0.359107
MDMin:  503 02:12:28    -2397.367903        0.358751
MDMin:  504 02:12:30    -2397.368158        0.358240
MDMin:  505 02:12:31    -2397.368453        0.357487
MDMin:  506 02:12:32    -2397.368790        0.356381
MDMin:  507 02:12:34    -2397.369175        0.354777
MDMin:  508 02:12:35    -2397.369613        0.352487
MDMin:  509 02:12:36    -2397.370109        0.349280
MDMin:  510 02:12:38    -2397.370668        0.344884
MDMin:  511 02:12:40    -2397.371296        0.339002
MDMin:  512 02:12:42    -2397.371997        0.331337
MDMin:  513 02:12:44    -2397.372772        0.321695
MDMin:  514 02:12:46    -2397.373573        0.356334
MDMin:  515 02:12:47    -2397.374099        0.492975
MDMin:  516 02:12:49    -2397.374243        0.300709
MDMin:  517 02:12:50    -2397.374457        0.297438
MDMin:  518 02:12:51    -2397.374719        0.293437
MDMin:  519 02:12:53    -2397.375028        0.288697
MDMin:  520 02:12:55    -2397.375386        0.283193
MDMin:  521 02:12:57    -2397.375795        0.276904
MDMin:  522 02:12:58    -2397.376256        0.269824
MDMin:  523 02:13:00    -2397.376771        0.261957
MDMin:  524 02:13:01    -2397.377342        0.253326
MDMin:  525 02:13:03    -2397.377970        0.243973
MDMin:  526 02:13:05    -2397.378659        0.234403
MDMin:  527 02:13:07    -2397.378827        0.241492
MDMin:  528 02:13:08    -2397.379448        0.248040
MDMin:  529 02:13:11    -2397.379697        0.254176
MDMin:  530 02:13:13    -2397.379352        0.258926
MDMin:  531 02:13:15    -2397.379841        0.262648
MDMin:  532 02:13:17    -2397.380261        0.265245
MDMin:  533 02:13:19    -2397.380611        0.266396
MDMin:  534 02:13:21    -2397.380886        0.265915
MDMin:  535 02:13:22    -2397.381055        0.408620
MDMin:  536 02:13:24    -2397.381115        0.263337
MDMin:  537 02:13:26    -2397.381170        0.262142
MDMin:  538 02:13:28    -2397.381226        0.260585
MDMin:  539 02:13:30    -2397.381281        0.258597
MDMin:  540 02:13:32    -2397.381333        0.256112
MDMin:  541 02:13:34    -2397.381380        0.253076
MDMin:  542 02:13:35    -2397.381418        0.249445
MDMin:  543 02:13:37    -2397.381445        0.245192
MDMin:  544 02:13:39    -2397.381460        0.240313
MDMin:  545 02:13:41    -2397.381459        0.236443
MDMin:  546 02:13:43    -2397.381440        0.236322
MDMin:  547 02:13:45    -2397.381403        0.235655
MDMin:  548 02:13:47    -2397.381346        0.234392
MDMin:  549 02:13:49    -2397.381281        0.333329
MDMin:  550 02:13:51    -2397.381237        0.231608
MDMin:  551 02:13:53    -2397.381203        0.230714
MDMin:  552 02:13:55    -2397.381164        0.229635
MDMin:  553 02:13:56    -2397.381116        0.228313
MDMin:  554 02:13:57    -2397.381058        0.226715
MDMin:  555 02:13:59    -2397.380991        0.224807
MDMin:  556 02:14:01    -2397.380911        0.222556
MDMin:  557 02:14:03    -2397.380819        0.219931
MDMin:  558 02:14:05    -2397.380712        0.216907
MDMin:  559 02:14:07    -2397.380590        0.213464
MDMin:  560 02:14:08    -2397.380451        0.209597
MDMin:  561 02:14:10    -2397.380294        0.205314
MDMin:  562 02:14:12    -2397.380120        0.200681
MDMin:  563 02:14:14    -2397.379940        0.238224
MDMin:  564 02:14:16    -2397.379801        0.334700
MDMin:  565 02:14:17    -2397.379737        0.192116
MDMin:  566 02:14:18    -2397.379666        0.191661
MDMin:  567 02:14:20    -2397.379582        0.191123
MDMin:  568 02:14:22    -2397.379485        0.190499
MDMin:  569 02:14:24    -2397.379374        0.189785
MDMin:  570 02:14:26    -2397.379249        0.188983
MDMin:  571 02:14:28    -2397.379109        0.188095
MDMin:  572 02:14:30    -2397.378954        0.187131
MDMin:  573 02:14:32    -2397.378783        0.186103
MDMin:  574 02:14:34    -2397.378596        0.185035
MDMin:  575 02:14:36    -2397.378391        0.183958
MDMin:  576 02:14:38    -2397.378170        0.182911
MDMin:  577 02:14:39    -2397.377932        0.181949
MDMin:  578 02:14:41    -2397.377686        0.181144
MDMin:  579 02:14:43    -2397.377479        0.326454
MDMin:  580 02:14:45    -2397.377388        0.180382
MDMin:  581 02:14:47    -2397.377304        0.180213
MDMin:  582 02:14:49    -2397.377207        0.180063
MDMin:  583 02:14:51    -2397.377097        0.179949
MDMin:  584 02:14:53    -2397.376972        0.179896
MDMin:  585 02:14:55    -2397.376833        0.179928
MDMin:  586 02:14:57    -2397.376681        0.180076
MDMin:  587 02:14:59    -2397.376515        0.180372
MDMin:  588 02:15:01    -2397.376335        0.180855
MDMin:  589 02:15:03    -2397.376142        0.181565
MDMin:  590 02:15:05    -2397.375937        0.182548
MDMin:  591 02:15:06    -2397.375720        0.183848
MDMin:  592 02:15:08    -2397.375495        0.185492
MDMin:  593 02:15:09    -2397.375278        0.197999
MDMin:  594 02:15:10    -2397.375114        0.268737
MDMin:  595 02:15:12    -2397.375031        0.189912
MDMin:  596 02:15:14    -2397.374946        0.190877
MDMin:  597 02:15:15    -2397.374850        0.192042
MDMin:  598 02:15:16    -2397.374743        0.193438
MDMin:  599 02:15:18    -2397.374624        0.195210
MDMin:  600 02:15:20    -2397.374493        0.197031
MDMin:  601 02:15:22    -2397.374352        0.199281
MDMin:  602 02:15:23    -2397.374199        0.201868
MDMin:  603 02:15:24    -2397.374036        0.204812
MDMin:  604 02:15:25    -2397.373861        0.208120
MDMin:  605 02:15:26    -2397.373677        0.211788
MDMin:  606 02:15:28    -2397.373483        0.215758
MDMin:  607 02:15:30    -2397.373283        0.219897
MDMin:  608 02:15:32    -2397.373091        0.223845
MDMin:  609 02:15:34    -2397.372950        0.272798
MDMin:  610 02:15:36    -2397.372881        0.227938
MDMin:  611 02:15:37    -2397.372807        0.229327
MDMin:  612 02:15:39    -2397.372722        0.230880
MDMin:  613 02:15:41    -2397.372627        0.232580
MDMin:  614 02:15:43    -2397.372523        0.234398
MDMin:  615 02:15:45    -2397.372409        0.236299
MDMin:  616 02:15:47    -2397.372286        0.238237
MDMin:  617 02:15:48    -2397.372154        0.240156
MDMin:  618 02:15:50    -2397.372015        0.241991
MDMin:  619 02:15:52    -2397.371869        0.243661
MDMin:  620 02:15:54    -2397.371716        0.245076
MDMin:  621 02:15:55    -2397.371558        0.246131
MDMin:  622 02:15:56    -2397.371398        0.246713
MDMin:  623 02:15:58    -2397.371247        0.246735
MDMin:  624 02:16:00    -2397.371138        0.270764
MDMin:  625 02:16:01    -2397.371083        0.246016
MDMin:  626 02:16:03    -2397.371027        0.245586
MDMin:  627 02:16:05    -2397.370963        0.245001
MDMin:  628 02:16:07    -2397.370892        0.244220
MDMin:  629 02:16:09    -2397.370815        0.243198
MDMin:  630 02:16:11    -2397.370731        0.241887
MDMin:  631 02:16:13    -2397.370642        0.240240
MDMin:  632 02:16:15    -2397.370549        0.238208
MDMin:  633 02:16:17    -2397.370451        0.235748
MDMin:  634 02:16:19    -2397.370351        0.232823
MDMin:  635 02:16:20    -2397.370250        0.229410
MDMin:  636 02:16:22    -2397.370148        0.225506
MDMin:  637 02:16:24    -2397.370049        0.221154
MDMin:  638 02:16:26    -2397.369957        0.216576
MDMin:  639 02:16:28    -2397.369886        0.277455
MDMin:  640 02:16:30    -2397.369849        0.219340
MDMin:  641 02:16:31    -2397.369819        0.223384
MDMin:  642 02:16:33    -2397.369786        0.227940
MDMin:  643 02:16:35    -2397.369752        0.233090
MDMin:  644 02:16:36    -2397.369716        0.238813
MDMin:  645 02:16:38    -2397.369679        0.245052
MDMin:  646 02:16:40    -2397.369643        0.251711
MDMin:  647 02:16:42    -2397.369609        0.258649
MDMin:  648 02:16:44    -2397.369578        0.265665
MDMin:  649 02:16:46    -2397.369552        0.272493
MDMin:  650 02:16:48    -2397.369532        0.278796
MDMin:  651 02:16:49    -2397.369521        0.284174
MDMin:  652 02:16:51    -2397.369519        0.288174
MDMin:  653 02:16:53    -2397.369529        0.290392
MDMin:  654 02:16:55    -2397.369542        0.290995
MDMin:  655 02:16:57    -2397.369553        0.290945
MDMin:  656 02:16:58    -2397.369566        0.290598
MDMin:  657 02:16:59    -2397.369584        0.289863
MDMin:  658 02:17:01    -2397.369608        0.288619
MDMin:  659 02:17:03    -2397.369640        0.286749
MDMin:  660 02:17:04    -2397.369680        0.284143
MDMin:  661 02:17:06    -2397.369731        0.280710
MDMin:  662 02:17:08    -2397.369795        0.276386
MDMin:  663 02:17:09    -2397.369874        0.271148
MDMin:  664 02:17:11    -2397.369970        0.265018
MDMin:  665 02:17:12    -2397.370086        0.258090
MDMin:  666 02:17:14    -2397.370221        0.250629
MDMin:  667 02:17:16    -2397.370363        0.243469
MDMin:  668 02:17:18    -2397.370472        0.238383
MDMin:  669 02:17:20    -2397.370544        0.235222
MDMin:  670 02:17:21    -2397.370622        0.231928
MDMin:  671 02:17:23    -2397.370715        0.228223
MDMin:  672 02:17:24    -2397.370824        0.224104
MDMin:  673 02:17:25    -2397.370951        0.219595
MDMin:  674 02:17:27    -2397.371098        0.214730
MDMin:  675 02:17:28    -2397.371268        0.209549
MDMin:  676 02:17:29    -2397.371462        0.204103
MDMin:  677 02:17:30    -2397.371683        0.198445
MDMin:  678 02:17:32    -2397.371933        0.192639
MDMin:  679 02:17:33    -2397.372214        0.194636
MDMin:  680 02:17:35    -2397.372525        0.194183
MDMin:  681 02:17:37    -2397.372854        0.194357
MDMin:  682 02:17:39    -2397.373139        0.277354
MDMin:  683 02:17:41    -2397.373311        0.198563
MDMin:  684 02:17:43    -2397.373464        0.200353
MDMin:  685 02:17:45    -2397.373640        0.202383
MDMin:  686 02:17:46    -2397.373843        0.204696
MDMin:  687 02:17:48    -2397.374077        0.207294
MDMin:  688 02:17:49    -2397.374343        0.210168
MDMin:  689 02:17:51    -2397.374643        0.213304
MDMin:  690 02:17:53    -2397.374980        0.216680
MDMin:  691 02:17:55    -2397.375357        0.220270
MDMin:  692 02:17:57    -2397.375774        0.224039
MDMin:  693 02:17:59    -2397.376235        0.227942
MDMin:  694 02:18:01    -2397.376733        0.231917
MDMin:  695 02:18:03    -2397.377243        0.235717
MDMin:  696 02:18:04    -2397.377668        0.264902
MDMin:  697 02:18:06    -2397.377915        0.240238
MDMin:  698 02:18:08    -2397.378141        0.241641
MDMin:  699 02:18:10    -2397.378398        0.243188
MDMin:  700 02:18:12    -2397.378691        0.244891
MDMin:  701 02:18:13    -2397.378899        0.246729
MDMin:  702 02:18:15    -2397.379176        0.248547
MDMin:  703 02:18:17    -2397.379363        0.250465
MDMin:  704 02:18:19    -2397.379110        0.252206
MDMin:  705 02:18:20    -2397.379355        0.253868
MDMin:  706 02:18:21    -2397.379582        0.255525
MDMin:  707 02:18:22    -2397.379788        0.257112
MDMin:  708 02:18:24    -2397.379970        0.258546
MDMin:  709 02:18:25    -2397.380123        0.259733
MDMin:  710 02:18:26    -2397.380247        0.260561
MDMin:  711 02:18:28    -2397.380340        0.260912
MDMin:  712 02:18:30    -2397.380401        0.260705
MDMin:  713 02:18:31    -2397.380427        0.260140
MDMin:  714 02:18:34    -2397.380435        0.259667
MDMin:  715 02:18:35    -2397.380440        0.259089
MDMin:  716 02:18:37    -2397.380442        0.258325
MDMin:  717 02:18:39    -2397.380440        0.257329
MDMin:  718 02:18:40    -2397.380432        0.256049
MDMin:  719 02:18:41    -2397.380417        0.254433
MDMin:  720 02:18:42    -2397.380394        0.252427
MDMin:  721 02:18:43    -2397.380362        0.249975
MDMin:  722 02:18:45    -2397.380319        0.247028
MDMin:  723 02:18:46    -2397.380265        0.243543
MDMin:  724 02:18:47    -2397.380199        0.239497
MDMin:  725 02:18:48    -2397.380120        0.234910
MDMin:  726 02:18:50    -2397.380031        0.229985
MDMin:  727 02:18:51    -2397.379949        0.242849
MDMin:  728 02:18:53    -2397.379899        0.222990
MDMin:  729 02:18:55    -2397.379857        0.220839
MDMin:  730 02:18:57    -2397.379809        0.218431
MDMin:  731 02:18:59    -2397.379754        0.215698
MDMin:  732 02:19:01    -2397.379690        0.212633
MDMin:  733 02:19:03    -2397.379617        0.209234
MDMin:  734 02:19:04    -2397.379535        0.205503
MDMin:  735 02:19:06    -2397.379444        0.201447
MDMin:  736 02:19:07    -2397.379341        0.197078
MDMin:  737 02:19:09    -2397.379228        0.192413
MDMin:  738 02:19:10    -2397.379104        0.187485
MDMin:  739 02:19:12    -2397.378969        0.182358
MDMin:  740 02:19:13    -2397.378828        0.177249
MDMin:  741 02:19:15    -2397.378702        0.181057
MDMin:  742 02:19:17    -2397.378628        0.170465
MDMin:  743 02:19:19    -2397.378571        0.168651
MDMin:  744 02:19:21    -2397.378508        0.166661
MDMin:  745 02:19:22    -2397.378435        0.164437
MDMin:  746 02:19:23    -2397.378353        0.161989
MDMin:  747 02:19:25    -2397.378261        0.159334
MDMin:  748 02:19:27    -2397.378159        0.156494
MDMin:  749 02:19:28    -2397.378048        0.153498
MDMin:  750 02:19:30    -2397.377925        0.153907
MDMin:  751 02:19:32    -2397.377793        0.155422
MDMin:  752 02:19:34    -2397.377651        0.157440
MDMin:  753 02:19:36    -2397.377502        0.160129
MDMin:  754 02:19:38    -2397.377356        0.174208
MDMin:  755 02:19:40    -2397.377243        0.214905
MDMin:  756 02:19:42    -2397.377178        0.168589
MDMin:  757 02:19:44    -2397.377112        0.170799
MDMin:  758 02:19:46    -2397.377038        0.173503
MDMin:  759 02:19:47    -2397.376954        0.176772
MDMin:  760 02:19:49    -2397.376862        0.180600
MDMin:  761 02:19:50    -2397.376760        0.184864
MDMin:  762 02:19:51    -2397.376649        0.189235
MDMin:  763 02:19:53    -2397.376529        0.193077
MDMin:  764 02:19:55    -2397.376400        0.195386
MDMin:  765 02:19:56    -2397.376262        0.194948
MDMin:  766 02:19:58    -2397.376116        0.190932
MDMin:  767 02:19:59    -2397.375963        0.183883
MDMin:  768 02:20:01    -2397.375813        0.179091
MDMin:  769 02:20:03    -2397.375697        0.221771
MDMin:  770 02:20:05    -2397.375629        0.169021
MDMin:  771 02:20:06    -2397.375562        0.166961
MDMin:  772 02:20:07    -2397.375486        0.164930
MDMin:  773 02:20:09    -2397.375400        0.166438
MDMin:  774 02:20:11    -2397.375304        0.168183
MDMin:  775 02:20:13    -2397.375199        0.170118
MDMin:  776 02:20:14    -2397.375084        0.172239
MDMin:  777 02:20:16    -2397.374959        0.174543
MDMin:  778 02:20:18    -2397.374826        0.177027
MDMin:  779 02:20:20    -2397.374684        0.179682
MDMin:  780 02:20:22    -2397.374535        0.182475
MDMin:  781 02:20:24    -2397.374387        0.185279
MDMin:  782 02:20:26    -2397.374261        0.216271
MDMin:  783 02:20:28    -2397.374182        0.189127
MDMin:  784 02:20:30    -2397.374119        0.190314
MDMin:  785 02:20:32    -2397.374049        0.191636
MDMin:  786 02:20:34    -2397.373970        0.193143
MDMin:  787 02:20:36    -2397.373882        0.194844
MDMin:  788 02:20:37    -2397.373786        0.196741
MDMin:  789 02:20:38    -2397.373681        0.198838
MDMin:  790 02:20:39    -2397.373568        0.201134
MDMin:  791 02:20:41    -2397.373447        0.203629
MDMin:  792 02:20:43    -2397.373319        0.206316
MDMin:  793 02:20:44    -2397.373184        0.209184
MDMin:  794 02:20:46    -2397.373046        0.212190
MDMin:  795 02:20:47    -2397.372914        0.215123
MDMin:  796 02:20:49    -2397.372810        0.217456
MDMin:  797 02:20:51    -2397.372744        0.218928
MDMin:  798 02:20:53    -2397.372683        0.220282
MDMin:  799 02:20:54    -2397.372616        0.221789
MDMin:  800 02:20:55    -2397.372542        0.223476
MDMin:  801 02:20:57    -2397.372461        0.225341
MDMin:  802 02:20:58    -2397.372372        0.227375
MDMin:  803 02:21:00    -2397.372278        0.229563
MDMin:  804 02:21:02    -2397.372177        0.231881
MDMin:  805 02:21:04    -2397.372071        0.234299
MDMin:  806 02:21:05    -2397.371960        0.236775
MDMin:  807 02:21:07    -2397.371846        0.239246
MDMin:  808 02:21:08    -2397.371733        0.249326
MDMin:  809 02:21:09    -2397.371628        0.259757
MDMin:  810 02:21:10    -2397.371548        0.268147
MDMin:  811 02:21:11    -2397.371491        0.274199
MDMin:  812 02:21:13    -2397.371438        0.280013
MDMin:  813 02:21:14    -2397.371381        0.286384
MDMin:  814 02:21:15    -2397.371318        0.293402
MDMin:  815 02:21:16    -2397.371251        0.301011
MDMin:  816 02:21:18    -2397.371179        0.309085
MDMin:  817 02:21:19    -2397.371103        0.317433
MDMin:  818 02:21:20    -2397.371023        0.325791
MDMin:  819 02:21:22    -2397.370941        0.333813
MDMin:  820 02:21:24    -2397.370858        0.341072
MDMin:  821 02:21:25    -2397.370776        0.347072
MDMin:  822 02:21:26    -2397.370699        0.351314
MDMin:  823 02:21:27    -2397.370636        0.353589
MDMin:  824 02:21:29    -2397.370592        0.354488
MDMin:  825 02:21:30    -2397.370554        0.354777
MDMin:  826 02:21:31    -2397.370514        0.354576
MDMin:  827 02:21:33    -2397.370471        0.353776
MDMin:  828 02:21:34    -2397.370426        0.352241
MDMin:  829 02:21:36    -2397.370379        0.349852
MDMin:  830 02:21:38    -2397.370330        0.346523
MDMin:  831 02:21:40    -2397.370280        0.342222
MDMin:  832 02:21:42    -2397.370231        0.336998
MDMin:  833 02:21:44    -2397.370185        0.331045
MDMin:  834 02:21:47    -2397.370143        0.324871
MDMin:  835 02:21:48    -2397.370112        0.319503
MDMin:  836 02:21:50    -2397.370090        0.315493
MDMin:  837 02:21:51    -2397.370072        0.311790
MDMin:  838 02:21:53    -2397.370054        0.307790
MDMin:  839 02:21:55    -2397.370036        0.303363
MDMin:  840 02:21:57    -2397.370019        0.298490
MDMin:  841 02:21:59    -2397.370003        0.293190
MDMin:  842 02:22:01    -2397.369989        0.287493
MDMin:  843 02:22:03    -2397.369978        0.281454
MDMin:  844 02:22:05    -2397.369971        0.275180
MDMin:  845 02:22:07    -2397.369969        0.268933
MDMin:  846 02:22:09    -2397.369972        0.263343
MDMin:  847 02:22:10    -2397.369978        0.259223
MDMin:  848 02:22:12    -2397.369984        0.256039
MDMin:  849 02:22:14    -2397.369992        0.252783
MDMin:  850 02:22:16    -2397.370003        0.249220
MDMin:  851 02:22:18    -2397.370018        0.245320
MDMin:  852 02:22:20    -2397.370037        0.241092
MDMin:  853 02:22:21    -2397.370063        0.238892
MDMin:  854 02:22:23    -2397.370095        0.236528
MDMin:  855 02:22:25    -2397.370136        0.233572
MDMin:  856 02:22:27    -2397.370185        0.230016
MDMin:  857 02:22:29    -2397.370240        0.226074
MDMin:  858 02:22:30    -2397.370290        0.234593
MDMin:  859 02:22:31    -2397.370328        0.219781
MDMin:  860 02:22:33    -2397.370364        0.217272
MDMin:  861 02:22:35    -2397.370405        0.214427
MDMin:  862 02:22:37    -2397.370454        0.211126
MDMin:  863 02:22:38    -2397.370512        0.207328
MDMin:  864 02:22:39    -2397.370579        0.203006
MDMin:  865 02:22:40    -2397.370657        0.201758
MDMin:  866 02:22:42    -2397.370748        0.199670
MDMin:  867 02:22:43    -2397.370853        0.194525
MDMin:  868 02:22:45    -2397.370971        0.190916
MDMin:  869 02:22:47    -2397.371095        0.191695
MDMin:  870 02:22:49    -2397.371201        0.235646
MDMin:  871 02:22:50    -2397.371271        0.192827
MDMin:  872 02:22:51    -2397.371339        0.193244
MDMin:  873 02:22:53    -2397.371417        0.193720
MDMin:  874 02:22:54    -2397.371508        0.194268
MDMin:  875 02:22:55    -2397.371614        0.194888
MDMin:  876 02:22:57    -2397.371735        0.195583
MDMin:  877 02:22:59    -2397.371873        0.196351
MDMin:  878 02:23:01    -2397.372031        0.197195
MDMin:  879 02:23:02    -2397.372208        0.198115
MDMin:  880 02:23:04    -2397.372404        0.199105
MDMin:  881 02:23:06    -2397.372612        0.200119
MDMin:  882 02:23:08    -2397.372797        0.229028
MDMin:  883 02:23:09    -2397.372914        0.201481
MDMin:  884 02:23:11    -2397.373013        0.201899
MDMin:  885 02:23:13    -2397.373125        0.202381
MDMin:  886 02:23:15    -2397.373255        0.202951
MDMin:  887 02:23:16    -2397.373404        0.203620
MDMin:  888 02:23:17    -2397.373573        0.204397
MDMin:  889 02:23:19    -2397.373765        0.205296
MDMin:  890 02:23:20    -2397.373979        0.206330
MDMin:  891 02:23:21    -2397.374218        0.207512
MDMin:  892 02:23:23    -2397.374483        0.208856
MDMin:  893 02:23:24    -2397.374771        0.210358
MDMin:  894 02:23:26    -2397.375070        0.211944
MDMin:  895 02:23:28    -2397.375325        0.220262
MDMin:  896 02:23:30    -2397.375477        0.214086
MDMin:  897 02:23:32    -2397.375612        0.214796
MDMin:  898 02:23:34    -2397.375766        0.215617
MDMin:  899 02:23:36    -2397.375942        0.216579
MDMin:  900 02:23:38    -2397.376142        0.217696
MDMin:  901 02:23:40    -2397.376367        0.218980
MDMin:  902 02:23:42    -2397.376618        0.220443
MDMin:  903 02:23:43    -2397.376895        0.222095
MDMin:  904 02:23:44    -2397.377201        0.223945
MDMin:  905 02:23:46    -2397.377324        0.225994
MDMin:  906 02:23:48    -2397.377644        0.228022
MDMin:  907 02:23:50    -2397.377900        0.230175
MDMin:  908 02:23:52    -2397.377614        0.231955
MDMin:  909 02:23:53    -2397.377761        0.233318
MDMin:  910 02:23:55    -2397.377876        0.234572
MDMin:  911 02:23:56    -2397.377982        0.235897
MDMin:  912 02:23:58    -2397.378083        0.237361
MDMin:  913 02:23:59    -2397.378178        0.238982
MDMin:  914 02:24:00    -2397.378265        0.240761
MDMin:  915 02:24:02    -2397.378341        0.242685
MDMin:  916 02:24:04    -2397.378404        0.244722
MDMin:  917 02:24:06    -2397.378453        0.246806
MDMin:  918 02:24:08    -2397.378487        0.248800
MDMin:  919 02:24:10    -2397.378507        0.250507
MDMin:  920 02:24:11    -2397.378516        0.251858
MDMin:  921 02:24:13    -2397.378520        0.253054
MDMin:  922 02:24:15    -2397.378520        0.254257
MDMin:  923 02:24:17    -2397.378516        0.255511
MDMin:  924 02:24:19    -2397.378507        0.256814
MDMin:  925 02:24:20    -2397.378492        0.258140
MDMin:  926 02:24:21    -2397.378471        0.259456
MDMin:  927 02:24:22    -2397.378443        0.260711
MDMin:  928 02:24:24    -2397.378409        0.261846
MDMin:  929 02:24:26    -2397.378370        0.262785
MDMin:  930 02:24:28    -2397.378330        0.263462
MDMin:  931 02:24:30    -2397.378294        0.263887
MDMin:  932 02:24:32    -2397.378261        0.264158
MDMin:  933 02:24:34    -2397.378225        0.264340
MDMin:  934 02:24:35    -2397.378185        0.264433
MDMin:  935 02:24:37    -2397.378140        0.264415
MDMin:  936 02:24:38    -2397.378089        0.264252
MDMin:  937 02:24:39    -2397.378032        0.263910
MDMin:  938 02:24:41    -2397.377969        0.263355
MDMin:  939 02:24:42    -2397.377901        0.262568
MDMin:  940 02:24:44    -2397.377830        0.261561
MDMin:  941 02:24:45    -2397.377762        0.260425
MDMin:  942 02:24:47    -2397.377703        0.259308
MDMin:  943 02:24:49    -2397.377650        0.258241
MDMin:  944 02:24:50    -2397.377598        0.257110
MDMin:  945 02:24:52    -2397.377542        0.255829
MDMin:  946 02:24:54    -2397.377481        0.254352
MDMin:  947 02:24:56    -2397.377413        0.252651
MDMin:  948 02:24:58    -2397.377339        0.250709
MDMin:  949 02:25:00    -2397.377259        0.248520
MDMin:  950 02:25:02    -2397.377174        0.246106
MDMin:  951 02:25:03    -2397.377087        0.243547
MDMin:  952 02:25:05    -2397.377004        0.241033
MDMin:  953 02:25:06    -2397.376933        0.238805
MDMin:  954 02:25:08    -2397.376871        0.236859
MDMin:  955 02:25:09    -2397.376811        0.234941
MDMin:  956 02:25:11    -2397.376746        0.232892
MDMin:  957 02:25:13    -2397.376676        0.230655
MDMin:  958 02:25:14    -2397.376600        0.228218
MDMin:  959 02:25:16    -2397.376518        0.225590
MDMin:  960 02:25:18    -2397.376429        0.222805
MDMin:  961 02:25:20    -2397.376336        0.219930
MDMin:  962 02:25:21    -2397.376242        0.217094
MDMin:  963 02:25:23    -2397.376152        0.214511
MDMin:  964 02:25:25    -2397.376073        0.212386
MDMin:  965 02:25:27    -2397.376005        0.210683
MDMin:  966 02:25:29    -2397.375940        0.209172
MDMin:  967 02:25:30    -2397.375872        0.207726
MDMin:  968 02:25:32    -2397.375799        0.206338
MDMin:  969 02:25:34    -2397.375720        0.205053
MDMin:  970 02:25:36    -2397.375636        0.203933
MDMin:  971 02:25:38    -2397.375545        0.203040
MDMin:  972 02:25:40    -2397.375450        0.202416
MDMin:  973 02:25:42    -2397.375352        0.202053
MDMin:  974 02:25:44    -2397.375257        0.201886
MDMin:  975 02:25:46    -2397.375173        0.201807
MDMin:  976 02:25:47    -2397.375103        0.201727
MDMin:  977 02:25:48    -2397.375038        0.201606
MDMin:  978 02:25:50    -2397.374971        0.201414
MDMin:  979 02:25:51    -2397.374898        0.201120
MDMin:  980 02:25:53    -2397.374819        0.200686
MDMin:  981 02:25:55    -2397.374734        0.200075
MDMin:  982 02:25:57    -2397.374643        0.199247
MDMin:  983 02:25:59    -2397.374547        0.198179
MDMin:  984 02:26:00    -2397.374449        0.196885
MDMin:  985 02:26:02    -2397.374355        0.195453
MDMin:  986 02:26:04    -2397.374275        0.194066
MDMin:  987 02:26:06    -2397.374208        0.192804
MDMin:  988 02:26:08    -2397.374144        0.191535
MDMin:  989 02:26:09    -2397.374077        0.190127
MDMin:  990 02:26:11    -2397.374005        0.188524
MDMin:  991 02:26:13    -2397.373928        0.186696
MDMin:  992 02:26:15    -2397.373843        0.184628
MDMin:  993 02:26:17    -2397.373754        0.182889
MDMin:  994 02:26:19    -2397.373660        0.183017
MDMin:  995 02:26:20    -2397.373565        0.183099
MDMin:  996 02:26:21    -2397.373475        0.183122
MDMin:  997 02:26:23    -2397.373398        0.183089
MDMin:  998 02:26:25    -2397.373334        0.185207
MDMin:  999 02:26:26    -2397.373273        0.187794
MDMin:  1000 02:26:28    -2397.373209        0.190603
MDMin:  1001 02:26:29    -2397.373140        0.193753
MDMin:  1002 02:26:31    -2397.373066        0.197305
MDMin:  1003 02:26:33    -2397.372986        0.201304
MDMin:  1004 02:26:35    -2397.372901        0.205778
MDMin:  1005 02:26:38    -2397.372813        0.210721
MDMin:  1006 02:26:40    -2397.372723        0.216030
MDMin:  1007 02:26:42    -2397.372638        0.221391
MDMin:  1008 02:26:43    -2397.372564        0.226287
MDMin:  1009 02:26:45    -2397.372503        0.230549
MDMin:  1010 02:26:46    -2397.372446        0.234684
MDMin:  1011 02:26:48    -2397.372387        0.239156
MDMin:  1012 02:26:49    -2397.372324        0.244170
MDMin:  1013 02:26:50    -2397.372256        0.249829
MDMin:  1014 02:26:51    -2397.372183        0.256197
MDMin:  1015 02:26:53    -2397.372107        0.263309
MDMin:  1016 02:26:55    -2397.372027        0.271147
MDMin:  1017 02:26:57    -2397.371946        0.279575
MDMin:  1018 02:26:59    -2397.371867        0.288213
MDMin:  1019 02:27:01    -2397.371796        0.296369
MDMin:  1020 02:27:03    -2397.371736        0.303489
MDMin:  1021 02:27:04    -2397.371683        0.309938
MDMin:  1022 02:27:06    -2397.371631        0.316416
MDMin:  1023 02:27:09    -2397.371576        0.323269
MDMin:  1024 02:27:11    -2397.371518        0.330557
MDMin:  1025 02:27:12    -2397.371456        0.338196
MDMin:  1026 02:27:14    -2397.371391        0.345991
MDMin:  1027 02:27:16    -2397.371324        0.353636
MDMin:  1028 02:27:18    -2397.371255        0.360710
MDMin:  1029 02:27:20    -2397.371187        0.366691
MDMin:  1030 02:27:22    -2397.371122        0.371081
MDMin:  1031 02:27:24    -2397.371066        0.373697
MDMin:  1032 02:27:26    -2397.371018        0.374890
MDMin:  1033 02:27:28    -2397.370974        0.375099
MDMin:  1034 02:27:30    -2397.370930        0.374398
MDMin:  1035 02:27:31    -2397.370883        0.372640
MDMin:  1036 02:27:32    -2397.370834        0.369626
MDMin:  1037 02:27:34    -2397.370782        0.365184
MDMin:  1038 02:27:36    -2397.370727        0.359240
MDMin:  1039 02:27:38    -2397.370672        0.351911
MDMin:  1040 02:27:40    -2397.370619        0.343663
MDMin:  1041 02:27:41    -2397.370570        0.335456
MDMin:  1042 02:27:43    -2397.370531        0.328261
MDMin:  1043 02:27:45    -2397.370497        0.321884
MDMin:  1044 02:27:46    -2397.370465        0.315502
MDMin:  1045 02:27:48    -2397.370431        0.308691
MDMin:  1046 02:27:50    -2397.370395        0.301361
MDMin:  1047 02:27:52    -2397.370358        0.293560
MDMin:  1048 02:27:54    -2397.370319        0.285417
MDMin:  1049 02:27:55    -2397.370281        0.277140
MDMin:  1050 02:27:57    -2397.370243        0.269051
MDMin:  1051 02:27:58    -2397.370208        0.261659
MDMin:  1052 02:27:59    -2397.370179        0.255559
MDMin:  1053 02:28:00    -2397.370156        0.250823
MDMin:  1054 02:28:02    -2397.370137        0.246739
MDMin:  1055 02:28:03    -2397.370118        0.242758
MDMin:  1056 02:28:05    -2397.370098        0.238738
MDMin:  1057 02:28:07    -2397.370079        0.234699
MDMin:  1058 02:28:09    -2397.370059        0.230711
MDMin:  1059 02:28:11    -2397.370041        0.226871
MDMin:  1060 02:28:13    -2397.370024        0.223293
MDMin:  1061 02:28:14    -2397.370010        0.220110
MDMin:  1062 02:28:16    -2397.369998        0.217704
MDMin:  1063 02:28:18    -2397.369990        0.222198
MDMin:  1064 02:28:20    -2397.369985        0.226024
MDMin:  1065 02:28:22    -2397.369982        0.229473
MDMin:  1066 02:28:24    -2397.369980        0.232962
MDMin:  1067 02:28:26    -2397.369980        0.236687
MDMin:  1068 02:28:27    -2397.369982        0.240708
MDMin:  1069 02:28:30    -2397.369986        0.245034
MDMin:  1070 02:28:32    -2397.369992        0.249647
MDMin:  1071 02:28:34    -2397.370002        0.254506
MDMin:  1072 02:28:36    -2397.370016        0.259532
MDMin:  1073 02:28:38    -2397.370032        0.264581
MDMin:  1074 02:28:40    -2397.370052        0.269410
MDMin:  1075 02:28:42    -2397.370072        0.273715
MDMin:  1076 02:28:44    -2397.370092        0.277418
MDMin:  1077 02:28:46    -2397.370112        0.280805
MDMin:  1078 02:28:47    -2397.370134        0.284170
MDMin:  1079 02:28:48    -2397.370159        0.287636
MDMin:  1080 02:28:49    -2397.370188        0.291216
MDMin:  1081 02:28:51    -2397.370222        0.294870
MDMin:  1082 02:28:52    -2397.370260        0.298514
MDMin:  1083 02:28:54    -2397.370304        0.302025
MDMin:  1084 02:28:55    -2397.370353        0.305240
MDMin:  1085 02:28:56    -2397.370405        0.307959
MDMin:  1086 02:28:58    -2397.370459        0.310004
MDMin:  1087 02:28:59    -2397.370509        0.311328
MDMin:  1088 02:29:01    -2397.370556        0.312092
MDMin:  1089 02:29:03    -2397.370603        0.312488
MDMin:  1090 02:29:05    -2397.370653        0.312585
MDMin:  1091 02:29:06    -2397.370709        0.312368
MDMin:  1092 02:29:07    -2397.370771        0.311796
MDMin:  1093 02:29:09    -2397.370840        0.310830
MDMin:  1094 02:29:10    -2397.370917        0.309449
MDMin:  1095 02:29:11    -2397.371000        0.307661
MDMin:  1096 02:29:13    -2397.371088        0.305532
MDMin:  1097 02:29:15    -2397.371176        0.303222
MDMin:  1098 02:29:17    -2397.371258        0.300954
MDMin:  1099 02:29:19    -2397.371333        0.298824
MDMin:  1100 02:29:20    -2397.371406        0.296708
MDMin:  1101 02:29:22    -2397.371483        0.294463
MDMin:  1102 02:29:23    -2397.371568        0.292018
MDMin:  1103 02:29:25    -2397.371661        0.289351
MDMin:  1104 02:29:26    -2397.371765        0.286463
MDMin:  1105 02:29:28    -2397.371877        0.284952
MDMin:  1106 02:29:29    -2397.371998        0.285568
MDMin:  1107 02:29:30    -2397.372124        0.286037
MDMin:  1108 02:29:32    -2397.372246        0.286356
MDMin:  1109 02:29:34    -2397.372356        0.286546
MDMin:  1110 02:29:36    -2397.372456        0.286658
MDMin:  1111 02:29:37    -2397.372556        0.286738
MDMin:  1112 02:29:39    -2397.372661        0.286809
MDMin:  1113 02:29:41    -2397.372777        0.286886
MDMin:  1114 02:29:43    -2397.372904        0.286981
MDMin:  1115 02:29:45    -2397.373043        0.287112
MDMin:  1116 02:29:46    -2397.373193        0.287298
MDMin:  1117 02:29:48    -2397.373352        0.287556
MDMin:  1118 02:29:49    -2397.373514        0.287891
MDMin:  1119 02:29:51    -2397.373668        0.288280
MDMin:  1120 02:29:53    -2397.373805        0.288681
MDMin:  1121 02:29:55    -2397.373930        0.289098
MDMin:  1122 02:29:57    -2397.374056        0.289573
MDMin:  1123 02:29:59    -2397.374189        0.290147
MDMin:  1124 02:30:00    -2397.374335        0.290852
MDMin:  1125 02:30:02    -2397.374493        0.291712
MDMin:  1126 02:30:04    -2397.374665        0.292746
MDMin:  1127 02:30:07    -2397.374850        0.293961
MDMin:  1128 02:30:09    -2397.375044        0.295345
MDMin:  1129 02:30:10    -2397.375240        0.296837
MDMin:  1130 02:30:12    -2397.375426        0.298315
MDMin:  1131 02:30:14    -2397.375590        0.299665
MDMin:  1132 02:30:15    -2397.375739        0.300926
MDMin:  1133 02:30:16    -2397.375887        0.302233
MDMin:  1134 02:30:18    -2397.376046        0.303682
MDMin:  1135 02:30:20    -2397.376114        0.305325
MDMin:  1136 02:30:22    -2397.376289        0.307111
MDMin:  1137 02:30:23    -2397.376444        0.309158
MDMin:  1138 02:30:25    -2397.376252        0.311348
MDMin:  1139 02:30:26    -2397.376398        0.313722
MDMin:  1140 02:30:27    -2397.376523        0.316379
MDMin:  1141 02:30:28    -2397.376626        0.319282
MDMin:  1142 02:30:30    -2397.376707        0.322313
MDMin:  1143 02:30:32    -2397.376765        0.325274
MDMin:  1144 02:30:33    -2397.376806        0.328062
MDMin:  1145 02:30:35    -2397.376836        0.330824
MDMin:  1146 02:30:37    -2397.376860        0.333786
MDMin:  1147 02:30:39    -2397.376880        0.337114
MDMin:  1148 02:30:41    -2397.376894        0.340916
MDMin:  1149 02:30:43    -2397.376902        0.345273
MDMin:  1150 02:30:44    -2397.376905        0.350244
MDMin:  1151 02:30:45    -2397.376901        0.355848
MDMin:  1152 02:30:47    -2397.376892        0.362012
MDMin:  1153 02:30:49    -2397.376877        0.368501
MDMin:  1154 02:30:51    -2397.376860        0.374929
MDMin:  1155 02:30:53    -2397.376841        0.381072
MDMin:  1156 02:30:54    -2397.376822        0.387165
MDMin:  1157 02:30:56    -2397.376800        0.393652
MDMin:  1158 02:30:58    -2397.376775        0.400850
MDMin:  1159 02:31:00    -2397.376747        0.408964
MDMin:  1160 02:31:02    -2397.376716        0.418123
MDMin:  1161 02:31:04    -2397.376680        0.428404
MDMin:  1162 02:31:06    -2397.376642        0.439797
MDMin:  1163 02:31:08    -2397.376600        0.452152
MDMin:  1164 02:31:09    -2397.376558        0.465101
MDMin:  1165 02:31:11    -2397.376516        0.478108
MDMin:  1166 02:31:13    -2397.376476        0.490802
MDMin:  1167 02:31:15    -2397.376438        0.503375
MDMin:  1168 02:31:17    -2397.376399        0.516361
MDMin:  1169 02:31:19    -2397.376358        0.530256
MDMin:  1170 02:31:21    -2397.376314        0.545353
MDMin:  1171 02:31:23    -2397.376268        0.561791
MDMin:  1172 02:31:25    -2397.376219        0.579577
MDMin:  1173 02:31:27    -2397.376167        0.598592
MDMin:  1174 02:31:29    -2397.376113        0.618562
MDMin:  1175 02:31:31    -2397.376058        0.639099
MDMin:  1176 02:31:33    -2397.376002        0.659645
MDMin:  1177 02:31:35    -2397.375948        0.679535
MDMin:  1178 02:31:37    -2397.375896        0.698320
MDMin:  1179 02:31:38    -2397.375845        0.715995
MDMin:  1180 02:31:40    -2397.375794        0.732836
MDMin:  1181 02:31:42    -2397.375743        0.749110
MDMin:  1182 02:31:44    -2397.375690        0.764869
MDMin:  1183 02:31:45    -2397.375635        0.779969
MDMin:  1184 02:31:47    -2397.375577        0.794121
MDMin:  1185 02:31:49    -2397.375518        0.806963
MDMin:  1186 02:31:51    -2397.375457        0.818126
MDMin:  1187 02:31:53    -2397.375395        0.827319
MDMin:  1188 02:31:55    -2397.375333        0.834429
MDMin:  1189 02:31:57    -2397.375273        0.839603
MDMin:  1190 02:31:59    -2397.375215        0.843247
MDMin:  1191 02:32:00    -2397.375159        0.845895
MDMin:  1192 02:32:02    -2397.375104        0.848025
MDMin:  1193 02:32:04    -2397.375048        0.849995
MDMin:  1194 02:32:06    -2397.374990        0.852046
MDMin:  1195 02:32:08    -2397.374929        0.854256
MDMin:  1196 02:32:10    -2397.374867        0.856447
MDMin:  1197 02:32:11    -2397.374803        0.858336
MDMin:  1198 02:32:12    -2397.374739        0.859784
MDMin:  1199 02:32:14    -2397.374675        0.861060
MDMin:  1200 02:32:16    -2397.374613        0.862837
MDMin:  1201 02:32:17    -2397.374553        0.865940
MDMin:  1202 02:32:19    -2397.374494        0.871205
MDMin:  1203 02:32:20    -2397.374436        0.879661
MDMin:  1204 02:32:21    -2397.374377        0.892805
MDMin:  1205 02:32:22    -2397.374316        0.913029
MDMin:  1206 02:32:24    -2397.374255        0.944012
MDMin:  1207 02:32:26    -2397.374192        0.990761
MDMin:  1208 02:32:28    -2397.374129        1.058325
MDMin:  1209 02:32:30    -2397.374066        1.148786
MDMin:  1210 02:32:31    -2397.374005        1.259162
MDMin:  1211 02:32:32    -2397.373945        1.384053
MDMin:  1212 02:32:34    -2397.373885        1.520666
MDMin:  1213 02:32:36    -2397.373826        1.687547
MDMin:  1214 02:32:38    -2397.373767        2.106948
MDMin:  1215 02:32:40    -2397.373715        2.029470
MDMin:  1216 02:32:42    -2397.373656        1.920293
MDMin:  1217 02:32:43    -2397.373589        1.764608
MDMin:  1218 02:32:45    -2397.373513        1.569437
MDMin:  1219 02:32:46    -2397.373426        1.357044
MDMin:  1220 02:32:47    -2397.373331        1.156425
MDMin:  1221 02:32:49    -2397.373246        1.014579
MDMin:  1222 02:32:51    -2397.373208        0.962308
MDMin:  1223 02:32:52    -2397.373169        0.913061
MDMin:  1224 02:32:54    -2397.373123        0.859536
MDMin:  1225 02:32:56    -2397.373069        0.801958
MDMin:  1226 02:32:58    -2397.373008        0.740430
MDMin:  1227 02:33:00    -2397.372937        0.674189
MDMin:  1228 02:33:02    -2397.372858        0.601057
MDMin:  1229 02:33:03    -2397.372766        0.516977
MDMin:  1230 02:33:05    -2397.372664        0.417823
MDMin:  1231 02:33:07    -2397.372562        0.533072
MDMin:  1232 02:33:09    -2397.372523        0.283649
MDMin:  1233 02:33:11    -2397.372492        0.257575
MDMin:  1234 02:33:13    -2397.372455        0.227385
MDMin:  1235 02:33:14    -2397.372411        0.216742
MDMin:  1236 02:33:16    -2397.372359        0.208734
MDMin:  1237 02:33:17    -2397.372299        0.198642
MDMin:  1238 02:33:18    -2397.372231        0.186317
MDMin:  1239 02:33:19    -2397.372155        0.171833
MDMin:  1240 02:33:21    -2397.372071        0.155548
MDMin:  1241 02:33:22    -2397.371979        0.146532
       Step     Time          Energy          fmax
MDMin:    0 04:45:29    -2393.689160        8.170240
MDMin:    1 04:45:31    -2393.692351        8.265295
MDMin:    2 04:45:34    -2393.701605        8.236427
MDMin:    3 04:45:35    -2393.716023        7.202418
MDMin:    4 04:45:37    -2393.731113        5.877484
MDMin:    5 04:45:38    -2393.745139        6.173426
MDMin:    6 04:45:40    -2393.756930        4.330145
MDMin:    7 04:45:41    -2393.765332        2.264187
MDMin:    8 04:45:43    -2393.773348        2.606759
MDMin:    9 04:45:44    -2393.780572        2.663814
MDMin:   10 04:45:45    -2393.787229        2.092616
MDMin:   11 04:45:47    -2393.793883        1.631401
MDMin:   12 04:45:49    -2393.801028        1.529870
MDMin:   13 04:45:51    -2393.808913        1.335803
MDMin:   14 04:45:53    -2393.817786        1.281165
MDMin:   15 04:45:55    -2393.826603        2.739738
MDMin:   16 04:45:56    -2393.830122        1.155855
MDMin:   17 04:45:58    -2393.832832        1.111048
MDMin:   18 04:46:00    -2393.835966        1.059469
MDMin:   19 04:46:01    -2393.839618        1.001672
MDMin:   20 04:46:03    -2393.843827        0.982241
MDMin:   21 04:46:04    -2393.848640        0.962422
MDMin:   22 04:46:05    -2393.854101        0.978548
MDMin:   23 04:46:07    -2393.860245        1.027430
MDMin:   24 04:46:08    -2393.867077        1.120100
MDMin:   25 04:46:09    -2393.874536        1.297756
MDMin:   26 04:46:11    -2393.882459        1.561740
MDMin:   27 04:46:13    -2393.890651        1.815951
MDMin:   28 04:46:15    -2393.899193        1.834630
MDMin:   29 04:46:17    -2393.908730        1.517624
MDMin:   30 04:46:19    -2393.920105        1.717423
MDMin:   31 04:46:21    -2393.933833        1.746568
MDMin:   32 04:46:22    -2393.950948        1.451303
MDMin:   33 04:46:23    -2393.973591        1.104910
MDMin:   34 04:46:25    -2393.999138        1.988627
MDMin:   35 04:46:27    -2394.010787        1.329857
MDMin:   36 04:46:28    -2394.020764        1.372846
MDMin:   37 04:46:30    -2394.033359        1.407980
MDMin:   38 04:46:32    -2394.049060        1.419232
MDMin:   39 04:46:34    -2394.068703        1.389091
MDMin:   40 04:46:35    -2394.093565        1.309445
MDMin:   41 04:46:37    -2394.125524        1.192102
MDMin:   42 04:46:39    -2394.167142        1.064459
MDMin:   43 04:46:41    -2394.221660        0.972853
MDMin:   44 04:46:42    -2394.293029        1.104530
MDMin:   45 04:46:44    -2394.386104        1.269460
MDMin:   46 04:46:45    -2394.506869        1.473904
MDMin:   47 04:46:47    -2394.662843        1.726136
MDMin:   48 04:46:48    -2394.863798        2.024785
MDMin:   49 04:46:50    -2395.120176        2.301691
MDMin:   50 04:46:52    -2395.428574        2.353025
MDMin:   51 04:46:53    -2395.749320        2.067278
MDMin:   52 04:46:55    -2396.028802        1.656541
MDMin:   53 04:46:56    -2396.254848        1.584833
MDMin:   54 04:46:58    -2396.446327        1.462482
MDMin:   55 04:47:00    -2396.594316        1.217901
MDMin:   56 04:47:02    -2396.674002        0.885324
MDMin:   57 04:47:03    -2396.727074        0.688870
MDMin:   58 04:47:04    -2396.770131        0.694233
MDMin:   59 04:47:06    -2396.799968        1.306990
MDMin:   60 04:47:07    -2396.807093        0.881693
MDMin:   61 04:47:09    -2396.810217        0.659521
MDMin:   62 04:47:10    -2396.814103        0.653382
MDMin:   63 04:47:12    -2396.818483        0.646205
MDMin:   64 04:47:14    -2396.823314        0.638143
MDMin:   65 04:47:15    -2396.828541        0.629511
MDMin:   66 04:47:16    -2396.834107        0.620809
MDMin:   67 04:47:18    -2396.839953        0.612706
MDMin:   68 04:47:19    -2396.846017        0.605967
MDMin:   69 04:47:20    -2396.852235        0.601281
MDMin:   70 04:47:21    -2396.858539        0.599005
MDMin:   71 04:47:23    -2396.864864        0.598934
MDMin:   72 04:47:25    -2396.871144        0.599500
MDMin:   73 04:47:26    -2396.877311        0.597526
MDMin:   74 04:47:28    -2396.883265        0.588916
MDMin:   75 04:47:29    -2396.888527        0.751243
MDMin:   76 04:47:31    -2396.891363        0.879146
MDMin:   77 04:47:32    -2396.892190        0.555769
MDMin:   78 04:47:34    -2396.893343        0.549711
MDMin:   79 04:47:37    -2396.894697        0.542100
MDMin:   80 04:47:39    -2396.896236        0.532879
MDMin:   81 04:47:40    -2396.897944        0.522058
MDMin:   82 04:47:42    -2396.899808        0.517482
MDMin:   83 04:47:44    -2396.901809        0.529821
MDMin:   84 04:47:45    -2396.903932        0.543079
MDMin:   85 04:47:47    -2396.906160        0.557062
MDMin:   86 04:47:49    -2396.908476        0.571514
MDMin:   87 04:47:51    -2396.910868        0.586108
MDMin:   88 04:47:52    -2396.913322        0.600427
MDMin:   89 04:47:54    -2396.915832        0.613933
MDMin:   90 04:47:56    -2396.918393        0.625922
MDMin:   91 04:47:58    -2396.921010        0.635469
MDMin:   92 04:48:00    -2396.923692        0.641420
MDMin:   93 04:48:02    -2396.926458        0.642414
MDMin:   94 04:48:03    -2396.929332        0.637064
MDMin:   95 04:48:05    -2396.932239        0.624882
MDMin:   96 04:48:07    -2396.934383        1.046202
MDMin:   97 04:48:09    -2396.934789        0.608921
MDMin:   98 04:48:12    -2396.935447        0.604186
MDMin:   99 04:48:13    -2396.936257        0.598167
MDMin:  100 04:48:15    -2396.937217        0.590815
MDMin:  101 04:48:17    -2396.938336        0.582015
MDMin:  102 04:48:18    -2396.939626        0.571661
MDMin:  103 04:48:20    -2396.941104        0.559678
MDMin:  104 04:48:21    -2396.942793        0.546027
MDMin:  105 04:48:23    -2396.944721        0.530722
MDMin:  106 04:48:24    -2396.946928        0.513833
MDMin:  107 04:48:25    -2396.949462        0.495524
MDMin:  108 04:48:27    -2396.952392        0.476024
MDMin:  109 04:48:29    -2396.955804        0.455550
MDMin:  110 04:48:31    -2396.959815        0.434332
MDMin:  111 04:48:33    -2396.964579        0.412603
MDMin:  112 04:48:35    -2396.970303        0.405008
MDMin:  113 04:48:36    -2396.977248        0.423865
MDMin:  114 04:48:37    -2396.985709        0.445959
MDMin:  115 04:48:39    -2396.995654        0.469800
MDMin:  116 04:48:40    -2397.004839        0.793894
MDMin:  117 04:48:42    -2397.008604        0.496225
MDMin:  118 04:48:44    -2397.012723        0.503476
MDMin:  119 04:48:45    -2397.017694        0.511590
MDMin:  120 04:48:46    -2397.023610        0.520340
MDMin:  121 04:48:47    -2397.030555        0.529365
MDMin:  122 04:48:48    -2397.038594        0.538154
MDMin:  123 04:48:50    -2397.047757        0.546033
MDMin:  124 04:48:52    -2397.058003        0.552174
MDMin:  125 04:48:53    -2397.069181        0.555743
MDMin:  126 04:48:55    -2397.080985        0.555862
MDMin:  127 04:48:57    -2397.092941        0.551710
MDMin:  128 04:48:59    -2397.104473        0.542781
MDMin:  129 04:49:02    -2397.115132        0.529327
MDMin:  130 04:49:04    -2397.124930        0.512616
MDMin:  131 04:49:06    -2397.130744        0.634369
MDMin:  132 04:49:07    -2397.141332        0.551339
MDMin:  133 04:49:09    -2397.149190        0.461585
MDMin:  134 04:49:11    -2397.156626        0.455872
MDMin:  135 04:49:13    -2397.162347        0.581394
MDMin:  136 04:49:14    -2397.164996        0.463702
MDMin:  137 04:49:15    -2397.167123        0.465487
MDMin:  138 04:49:17    -2397.169438        0.467399
MDMin:  139 04:49:19    -2397.171959        0.469430
MDMin:  140 04:49:21    -2397.174671        0.471535
MDMin:  141 04:49:23    -2397.177560        0.473648
MDMin:  142 04:49:24    -2397.180128        0.475693
MDMin:  143 04:49:26    -2397.182421        0.477313
MDMin:  144 04:49:28    -2397.184960        0.478747
MDMin:  145 04:49:30    -2397.187763        0.479853
MDMin:  146 04:49:32    -2397.190853        0.480437
MDMin:  147 04:49:35    -2397.194254        0.480244
MDMin:  148 04:49:36    -2397.197994        0.478929
MDMin:  149 04:49:38    -2397.202085        0.476107
MDMin:  150 04:49:39    -2397.206481        0.471444
MDMin:  151 04:49:41    -2397.210823        0.465177
MDMin:  152 04:49:43    -2397.214109        0.459357
MDMin:  153 04:49:44    -2397.216139        0.455342
MDMin:  154 04:49:46    -2397.218269        0.450866
MDMin:  155 04:49:47    -2397.220700        0.445456
MDMin:  156 04:49:49    -2397.223464        0.447705
MDMin:  157 04:49:51    -2397.226575        0.463044
MDMin:  158 04:49:52    -2397.230047        0.482241
MDMin:  159 04:49:53    -2397.233888        0.503762
MDMin:  160 04:49:55    -2397.238101        0.527662
MDMin:  161 04:49:56    -2397.242677        0.553822
MDMin:  162 04:49:58    -2397.247597        0.581746
MDMin:  163 04:49:59    -2397.252827        0.610230
MDMin:  164 04:50:01    -2397.258312        0.636968
MDMin:  165 04:50:03    -2397.263973        0.658250
MDMin:  166 04:50:04    -2397.269687        0.669310
MDMin:  167 04:50:05    -2397.275191        0.666263
MDMin:  168 04:50:07    -2397.279863        0.679877
MDMin:  169 04:50:09    -2397.283054        0.686012
MDMin:  170 04:50:11    -2397.285506        0.686246
MDMin:  171 04:50:13    -2397.287995        0.682075
MDMin:  172 04:50:15    -2397.290692        0.672232
MDMin:  173 04:50:17    -2397.293613        0.655191
MDMin:  174 04:50:19    -2397.296753        0.629762
MDMin:  175 04:50:21    -2397.300096        0.595483
MDMin:  176 04:50:22    -2397.303624        0.552880
MDMin:  177 04:50:23    -2397.307306        0.516649
MDMin:  178 04:50:25    -2397.311072        0.480067
MDMin:  179 04:50:27    -2397.314710        0.438681
MDMin:  180 04:50:29    -2397.317548        0.582042
MDMin:  181 04:50:30    -2397.319089        0.384896
MDMin:  182 04:50:32    -2397.320516        0.367235
MDMin:  183 04:50:33    -2397.322085        0.347844
MDMin:  184 04:50:35    -2397.323810        0.326834
MDMin:  185 04:50:37    -2397.325681        0.312839
MDMin:  186 04:50:38    -2397.327681        0.313682
MDMin:  187 04:50:39    -2397.329789        0.321442
MDMin:  188 04:50:41    -2397.331981        0.330895
MDMin:  189 04:50:42    -2397.334225        0.342258
MDMin:  190 04:50:43    -2397.336467        0.355554
MDMin:  191 04:50:45    -2397.338573        0.369994
MDMin:  192 04:50:46    -2397.340155        0.466754
MDMin:  193 04:50:48    -2397.340977        0.388986
MDMin:  194 04:50:50    -2397.341748        0.395596
MDMin:  195 04:50:52    -2397.342591        0.403037
MDMin:  196 04:50:54    -2397.343508        0.411306
MDMin:  197 04:50:56    -2397.344491        0.420235
MDMin:  198 04:50:57    -2397.345528        0.429530
MDMin:  199 04:50:59    -2397.346607        0.438727
MDMin:  200 04:51:01    -2397.347717        0.447150
MDMin:  201 04:51:02    -2397.348846        0.453927
MDMin:  202 04:51:03    -2397.349981        0.458021
MDMin:  203 04:51:04    -2397.351102        0.458418
MDMin:  204 04:51:06    -2397.352161        0.454736
MDMin:  205 04:51:07    -2397.353006        0.448516
MDMin:  206 04:51:08    -2397.353451        0.443980
MDMin:  207 04:51:09    -2397.353798        0.439845
MDMin:  208 04:51:11    -2397.354182        0.434676
MDMin:  209 04:51:13    -2397.354608        0.428245
MDMin:  210 04:51:14    -2397.355071        0.420430
MDMin:  211 04:51:16    -2397.355567        0.411168
MDMin:  212 04:51:18    -2397.356093        0.400465
MDMin:  213 04:51:20    -2397.356644        0.388411
MDMin:  214 04:51:22    -2397.357217        0.375173
MDMin:  215 04:51:23    -2397.357806        0.360993
MDMin:  216 04:51:25    -2397.358408        0.346178
MDMin:  217 04:51:27    -2397.359016        0.331151
MDMin:  218 04:51:29    -2397.359602        0.316803
MDMin:  219 04:51:30    -2397.360056        0.422429
MDMin:  220 04:51:32    -2397.360247        0.301490
MDMin:  221 04:51:33    -2397.360433        0.297212
MDMin:  222 04:51:34    -2397.360645        0.292392
MDMin:  223 04:51:36    -2397.360883        0.287065
MDMin:  224 04:51:38    -2397.361146        0.281292
MDMin:  225 04:51:40    -2397.361433        0.275145
MDMin:  226 04:51:41    -2397.361742        0.268698
MDMin:  227 04:51:43    -2397.362074        0.262030
MDMin:  228 04:51:45    -2397.362427        0.255222
MDMin:  229 04:51:46    -2397.362800        0.248352
MDMin:  230 04:51:48    -2397.363192        0.241503
MDMin:  231 04:51:50    -2397.363602        0.234762
MDMin:  232 04:51:52    -2397.364025        0.230457
MDMin:  233 04:51:54    -2397.364437        0.265025
MDMin:  234 04:51:56    -2397.364729        0.362389
MDMin:  235 04:51:57    -2397.364849        0.234726
MDMin:  236 04:51:59    -2397.364992        0.235569
MDMin:  237 04:52:00    -2397.365156        0.236603
MDMin:  238 04:52:02    -2397.365343        0.237852
MDMin:  239 04:52:03    -2397.365551        0.239344
MDMin:  240 04:52:04    -2397.365780        0.241112
MDMin:  241 04:52:06    -2397.366030        0.243189
MDMin:  242 04:52:07    -2397.366300        0.245609
MDMin:  243 04:52:09    -2397.366591        0.248409
MDMin:  244 04:52:10    -2397.366903        0.251621
MDMin:  245 04:52:12    -2397.367235        0.255275
MDMin:  246 04:52:14    -2397.367586        0.259388
MDMin:  247 04:52:17    -2397.367958        0.263966
MDMin:  248 04:52:18    -2397.368349        0.268989
MDMin:  249 04:52:20    -2397.368758        0.274393
MDMin:  250 04:52:22    -2397.369174        0.279947
MDMin:  251 04:52:24    -2397.369537        0.382664
MDMin:  252 04:52:25    -2397.369717        0.286920
MDMin:  253 04:52:27    -2397.369846        0.288476
MDMin:  254 04:52:29    -2397.369995        0.290244
MDMin:  255 04:52:31    -2397.370166        0.292231
MDMin:  256 04:52:32    -2397.370359        0.294403
MDMin:  257 04:52:34    -2397.370574        0.296714
MDMin:  258 04:52:36    -2397.370813        0.299098
MDMin:  259 04:52:38    -2397.371074        0.301470
MDMin:  260 04:52:39    -2397.371357        0.303720
MDMin:  261 04:52:40    -2397.371665        0.305714
MDMin:  262 04:52:42    -2397.371995        0.307286
MDMin:  263 04:52:43    -2397.372350        0.308244
MDMin:  264 04:52:45    -2397.372729        0.308372
MDMin:  265 04:52:47    -2397.373133        0.307437
MDMin:  266 04:52:48    -2397.373562        0.305213
MDMin:  267 04:52:50    -2397.374005        0.301585
MDMin:  268 04:52:51    -2397.374409        0.399588
MDMin:  269 04:52:53    -2397.374645        0.297819
MDMin:  270 04:52:55    -2397.374796        0.291759
MDMin:  271 04:52:57    -2397.374972        0.289845
MDMin:  272 04:52:58    -2397.375177        0.288714
MDMin:  273 04:53:00    -2397.375410        0.287045
MDMin:  274 04:53:02    -2397.375672        0.284714
MDMin:  275 04:53:03    -2397.375966        0.281604
MDMin:  276 04:53:05    -2397.376291        0.277614
MDMin:  277 04:53:07    -2397.376650        0.272668
MDMin:  278 04:53:08    -2397.377045        0.266726
MDMin:  279 04:53:10    -2397.377477        0.273558
MDMin:  280 04:53:11    -2397.377948        0.283632
MDMin:  281 04:53:13    -2397.378461        0.294551
MDMin:  282 04:53:14    -2397.377683        0.887892
MDMin:  283 04:53:15    -2397.377813        0.852517
MDMin:  284 04:53:16    -2397.378022        0.810236
MDMin:  285 04:53:18    -2397.378341        0.763287
MDMin:  286 04:53:19    -2397.378807        0.713729
MDMin:  287 04:53:22    -2397.379454        0.667702
MDMin:  288 04:53:24    -2397.379672        0.331924
MDMin:  289 04:53:25    -2397.379766        0.335740
MDMin:  290 04:53:26    -2397.379896        0.340230
MDMin:  291 04:53:28    -2397.380071        0.345340
MDMin:  292 04:53:29    -2397.380295        0.350968
MDMin:  293 04:53:30    -2397.380440        0.704796
MDMin:  294 04:53:31    -2397.380636        0.358476
MDMin:  295 04:53:33    -2397.380639        0.690931
MDMin:  296 04:53:35    -2397.380739        0.360591
MDMin:  297 04:53:37    -2397.380747        0.684899
MDMin:  298 04:53:38    -2397.380820        0.362245
MDMin:  299 04:53:40    -2397.380850        0.679698
MDMin:  300 04:53:41    -2397.380901        0.363815
MDMin:  301 04:53:43    -2397.380952        0.364675
MDMin:  302 04:53:45    -2397.380939        0.679994
MDMin:  303 04:53:47    -2397.381067        0.670509
MDMin:  304 04:53:48    -2397.381128        0.367903
MDMin:  305 04:53:50    -2397.381197        0.368935
MDMin:  306 04:53:52    -2397.381274        0.666857
MDMin:  307 04:53:54    -2397.381340        0.371015
MDMin:  308 04:53:56    -2397.381398        0.371742
MDMin:  309 04:53:57    -2397.381398        0.666591
MDMin:  310 04:53:58    -2397.381529        0.373362
MDMin:  311 04:54:00    -2397.381526        0.660858
MDMin:  312 04:54:02    -2397.381623        0.374417
MDMin:  313 04:54:03    -2397.381640        0.656283
MDMin:  314 04:54:05    -2397.381713        0.375350
MDMin:  315 04:54:06    -2397.381756        0.651956
MDMin:  316 04:54:08    -2397.381804        0.376193
MDMin:  317 04:54:10    -2397.381862        0.376626
MDMin:  318 04:54:12    -2397.381866        0.653490
MDMin:  319 04:54:14    -2397.381996        0.377581
MDMin:  320 04:54:16    -2397.381999        0.648281
MDMin:  321 04:54:17    -2397.382095        0.378167
MDMin:  322 04:54:18    -2397.382118        0.644061
MDMin:  323 04:54:20    -2397.382193        0.378634
MDMin:  324 04:54:21    -2397.382239        0.640058
MDMin:  325 04:54:22    -2397.382291        0.378998
MDMin:  326 04:54:24    -2397.382352        0.379157
MDMin:  327 04:54:25    -2397.382357        0.642059
MDMin:  328 04:54:26    -2397.382496        0.379413
MDMin:  329 04:54:28    -2397.382494        0.637165
MDMin:  330 04:54:30    -2397.382603        0.379468
MDMin:  331 04:54:32    -2397.382617        0.633224
MDMin:  332 04:54:34    -2397.382708        0.379410
MDMin:  333 04:54:36    -2397.382742        0.629484
MDMin:  334 04:54:37    -2397.382814        0.379244
MDMin:  335 04:54:39    -2397.382868        0.625870
MDMin:  336 04:54:41    -2397.382921        0.378969
MDMin:  337 04:54:42    -2397.382987        0.378768
MDMin:  338 04:54:44    -2397.382994        0.628414
MDMin:  339 04:54:45    -2397.383136        0.619940
MDMin:  340 04:54:47    -2397.383230        0.377615
MDMin:  341 04:54:49    -2397.383322        0.377106
MDMin:  342 04:54:51    -2397.383390        0.619155
MDMin:  343 04:54:53    -2397.383516        0.375789
MDMin:  344 04:54:55    -2397.383546        0.614478
MDMin:  345 04:54:56    -2397.383641        0.374788
MDMin:  346 04:54:58    -2397.383678        0.611096
MDMin:  347 04:55:00    -2397.383763        0.373726
MDMin:  348 04:55:02    -2397.383810        0.607917
MDMin:  349 04:55:04    -2397.383885        0.372567
MDMin:  350 04:55:06    -2397.383942        0.604841
MDMin:  351 04:55:08    -2397.384009        0.371307
MDMin:  352 04:55:10    -2397.384076        0.601853
MDMin:  353 04:55:11    -2397.384135        0.369950
MDMin:  354 04:55:13    -2397.384210        0.598949
MDMin:  355 04:55:15    -2397.384264        0.368498
MDMin:  356 04:55:17    -2397.384341        0.367652
MDMin:  357 04:55:19    -2397.384351        0.602451
MDMin:  358 04:55:20    -2397.384498        0.594581
MDMin:  359 04:55:22    -2397.384635        0.363921
MDMin:  360 04:55:24    -2397.384742        0.362602
MDMin:  361 04:55:26    -2397.384768        0.594991
MDMin:  362 04:55:28    -2397.384925        0.586793
MDMin:  363 04:55:30    -2397.385090        0.357790
MDMin:  364 04:55:31    -2397.385199        0.579331
MDMin:  365 04:55:33    -2397.385269        0.355261
MDMin:  366 04:55:35    -2397.385352        0.576620
MDMin:  367 04:55:37    -2397.385419        0.353100
MDMin:  368 04:55:38    -2397.385495        0.574325
MDMin:  369 04:55:40    -2397.385568        0.350913
MDMin:  370 04:55:42    -2397.385637        0.572106
MDMin:  371 04:55:44    -2397.385720        0.348669
MDMin:  372 04:55:46    -2397.385780        0.569934
MDMin:  373 04:55:48    -2397.385874        0.346370
MDMin:  374 04:55:50    -2397.385923        0.567806
MDMin:  375 04:55:51    -2397.386031        0.344019
MDMin:  376 04:55:54    -2397.386067        0.565720
MDMin:  377 04:55:56    -2397.386190        0.341618
MDMin:  378 04:55:58    -2397.386211        0.563675
MDMin:  379 04:55:59    -2397.386345        0.557579
MDMin:  380 04:56:01    -2397.386478        0.337173
MDMin:  381 04:56:02    -2397.386600        0.335408
MDMin:  382 04:56:03    -2397.386625        0.560267
MDMin:  383 04:56:05    -2397.386785        0.553038
MDMin:  384 04:56:06    -2397.387023        0.328991
MDMin:  385 04:56:09    -2397.387072        0.546999
MDMin:  386 04:56:11    -2397.387219        0.540805
MDMin:  387 04:56:12    -2397.387385        0.323543
MDMin:  388 04:56:14    -2397.387498        0.535867
MDMin:  389 04:56:16    -2397.387605        0.320346
MDMin:  390 04:56:17    -2397.387661        0.534292
MDMin:  391 04:56:18    -2397.387795        0.317603
MDMin:  392 04:56:20    -2397.387816        0.532966
MDMin:  393 04:56:21    -2397.387956        0.527440
MDMin:  394 04:56:22    -2397.388138        0.312652
MDMin:  395 04:56:24    -2397.388230        0.523255
MDMin:  396 04:56:26    -2397.388371        0.309417
MDMin:  397 04:56:28    -2397.388397        0.521968
MDMin:  398 04:56:29    -2397.388539        0.516606
MDMin:  399 04:56:30    -2397.388738        0.304347
MDMin:  400 04:56:32    -2397.388819        0.512784
MDMin:  401 04:56:33    -2397.388972        0.507290
MDMin:  402 04:56:34    -2397.389160        0.298715
MDMin:  403 04:56:35    -2397.389266        0.503628
MDMin:  404 04:56:36    -2397.389420        0.295379
MDMin:  405 04:56:38    -2397.389442        0.502748
MDMin:  406 04:56:39    -2397.389589        0.497673
MDMin:  407 04:56:40    -2397.389828        0.290222
MDMin:  408 04:56:41    -2397.389880        0.494503
MDMin:  409 04:56:43    -2397.390038        0.489266
MDMin:  410 04:56:44    -2397.390299        0.290517
MDMin:  411 04:56:45    -2397.390343        0.486216
MDMin:  412 04:56:46    -2397.390504        0.481062
MDMin:  413 04:56:48    -2397.390784        0.472380
MDMin:  414 04:56:50    -2397.389576        0.415105
MDMin:  415 04:56:52    -2397.389088        0.396801
MDMin:  416 04:56:53    -2397.388499        0.374751
MDMin:  417 04:56:55    -2397.387816        0.351786
MDMin:  418 04:56:57    -2397.387045        0.345110
MDMin:  419 04:56:58    -2397.386195        0.338128
MDMin:  420 04:57:00    -2397.385275        0.331069
MDMin:  421 04:57:02    -2397.384295        0.324087
MDMin:  422 04:57:03    -2397.383262        0.317273
MDMin:  423 04:57:05    -2397.382187        0.310689
MDMin:  424 04:57:07    -2397.381079        0.311928
MDMin:  425 04:57:09    -2397.379950        0.314101
MDMin:  426 04:57:11    -2397.378809        0.315487
MDMin:  427 04:57:13    -2397.377668        0.315923
MDMin:  428 04:57:15    -2397.376539        0.315291
MDMin:  429 04:57:17    -2397.375435        0.313560
MDMin:  430 04:57:19    -2397.374369        0.310865
MDMin:  431 04:57:20    -2397.373355        0.307591
MDMin:  432 04:57:22    -2397.372410        0.304418
MDMin:  433 04:57:24    -2397.371545        0.302221
MDMin:  434 04:57:26    -2397.370765        0.301682
MDMin:  435 04:57:28    -2397.370056        0.302553
MDMin:  436 04:57:30    -2397.369420        0.302565
MDMin:  437 04:57:32    -2397.368855        0.297865
MDMin:  438 04:57:33    -2397.368388        0.699472
MDMin:  439 04:57:34    -2397.368247        0.596126
MDMin:  440 04:57:36    -2397.368240        0.535983
MDMin:  441 04:57:38    -2397.368219        0.374805
MDMin:  442 04:57:40    -2397.368180        0.281518
MDMin:  443 04:57:42    -2397.368126        0.279463
MDMin:  444 04:57:44    -2397.368058        0.276814
MDMin:  445 04:57:46    -2397.367979        0.273564
MDMin:  446 04:57:48    -2397.367890        0.269672
MDMin:  447 04:57:50    -2397.367791        0.265099
MDMin:  448 04:57:51    -2397.367685        0.259813
MDMin:  449 04:57:53    -2397.367572        0.253797
MDMin:  450 04:57:54    -2397.367453        0.247066
MDMin:  451 04:57:56    -2397.367329        0.239677
MDMin:  452 04:57:58    -2397.367202        0.237640
MDMin:  453 04:58:00    -2397.367072        0.247761
MDMin:  454 04:58:01    -2397.366939        0.260588
MDMin:  455 04:58:03    -2397.366806        0.275825
MDMin:  456 04:58:05    -2397.366672        0.293925
MDMin:  457 04:58:07    -2397.366539        0.315382
MDMin:  458 04:58:09    -2397.366406        0.340687
MDMin:  459 04:58:10    -2397.366274        0.370232
MDMin:  460 04:58:12    -2397.366145        0.404063
MDMin:  461 04:58:14    -2397.366022        0.440803
MDMin:  462 04:58:16    -2397.365927        0.590906
MDMin:  463 04:58:18    -2397.365893        0.483047
MDMin:  464 04:58:19    -2397.365859        0.494624
MDMin:  465 04:58:20    -2397.365819        0.508073
MDMin:  466 04:58:21    -2397.365776        0.523290
MDMin:  467 04:58:23    -2397.365729        0.540055
MDMin:  468 04:58:25    -2397.365678        0.558002
MDMin:  469 04:58:27    -2397.365625        0.576580
MDMin:  470 04:58:29    -2397.365570        0.595032
MDMin:  471 04:58:31    -2397.365513        0.612356
MDMin:  472 04:58:33    -2397.365456        0.627397
MDMin:  473 04:58:35    -2397.365401        0.639050
MDMin:  474 04:58:37    -2397.365348        0.646216
MDMin:  475 04:58:39    -2397.365299        0.648080
MDMin:  476 04:58:40    -2397.365257        0.644262
MDMin:  477 04:58:42    -2397.365223        0.634849
MDMin:  478 04:58:43    -2397.365202        0.620353
MDMin:  479 04:58:45    -2397.365196        0.602267
MDMin:  480 04:58:47    -2397.365201        0.604154
MDMin:  481 04:58:49    -2397.365205        0.580601
MDMin:  482 04:58:50    -2397.365211        0.573100
MDMin:  483 04:58:51    -2397.365222        0.564252
MDMin:  484 04:58:53    -2397.365237        0.554020
MDMin:  485 04:58:55    -2397.365259        0.542367
MDMin:  486 04:58:57    -2397.365290        0.529255
MDMin:  487 04:58:58    -2397.365333        0.514657
MDMin:  488 04:59:00    -2397.365390        0.498563
MDMin:  489 04:59:02    -2397.365464        0.480993
MDMin:  490 04:59:04    -2397.365561        0.462015
MDMin:  491 04:59:06    -2397.365684        0.441756
MDMin:  492 04:59:08    -2397.365840        0.420416
MDMin:  493 04:59:09    -2397.366036        0.398286
MDMin:  494 04:59:11    -2397.366278        0.375772
MDMin:  495 04:59:12    -2397.366571        0.359676
MDMin:  496 04:59:14    -2397.366870        0.514644
MDMin:  497 04:59:16    -2397.367002        0.359896
MDMin:  498 04:59:18    -2397.367091        0.359804
MDMin:  499 04:59:20    -2397.367202        0.359690
MDMin:  500 04:59:21    -2397.367336        0.359546
MDMin:  501 04:59:23    -2397.367495        0.359360
MDMin:  502 04:59:24    -2397.367684        0.359106
MDMin:  503 04:59:25    -2397.367904        0.358751
MDMin:  504 04:59:27    -2397.368159        0.358239
MDMin:  505 04:59:28    -2397.368453        0.357485
MDMin:  506 04:59:29    -2397.368791        0.356378
MDMin:  507 04:59:31    -2397.369176        0.354772
MDMin:  508 04:59:33    -2397.369614        0.352479
MDMin:  509 04:59:35    -2397.370111        0.349268
MDMin:  510 04:59:37    -2397.370670        0.344867
MDMin:  511 04:59:39    -2397.371298        0.338978
MDMin:  512 04:59:41    -2397.372000        0.331304
MDMin:  513 04:59:43    -2397.372775        0.321647
MDMin:  514 04:59:45    -2397.373581        0.347904
MDMin:  515 04:59:47    -2397.374123        0.502461
MDMin:  516 04:59:49    -2397.374268        0.300332
MDMin:  517 04:59:51    -2397.374487        0.297003
MDMin:  518 04:59:52    -2397.374752        0.292947
MDMin:  519 04:59:53    -2397.375064        0.288150
MDMin:  520 04:59:55    -2397.375426        0.282586
MDMin:  521 04:59:56    -2397.375838        0.276239
MDMin:  522 04:59:57    -2397.376303        0.269099
MDMin:  523 04:59:58    -2397.376822        0.261174
MDMin:  524 05:00:00    -2397.377397        0.252490
MDMin:  525 05:00:01    -2397.378030        0.243088
MDMin:  526 05:00:03    -2397.378723        0.235033
MDMin:  527 05:00:05    -2397.378794        0.242104
MDMin:  528 05:00:08    -2397.379418        0.248612
MDMin:  529 05:00:10    -2397.379773        0.254682
MDMin:  530 05:00:12    -2397.379319        0.259345
MDMin:  531 05:00:14    -2397.379809        0.262958
MDMin:  532 05:00:16    -2397.380231        0.265424
MDMin:  533 05:00:18    -2397.380582        0.266424
MDMin:  534 05:00:20    -2397.380861        0.265763
MDMin:  535 05:00:22    -2397.381043        0.403728
MDMin:  536 05:00:24    -2397.381110        0.262585
MDMin:  537 05:00:25    -2397.381158        0.261364
MDMin:  538 05:00:27    -2397.381207        0.259810
MDMin:  539 05:00:29    -2397.381257        0.257844
MDMin:  540 05:00:31    -2397.381305        0.255409
MDMin:  541 05:00:33    -2397.381347        0.252450
MDMin:  542 05:00:34    -2397.381383        0.248926
MDMin:  543 05:00:36    -2397.381409        0.244810
MDMin:  544 05:00:38    -2397.381423        0.240093
MDMin:  545 05:00:40    -2397.381422        0.236440
MDMin:  546 05:00:42    -2397.381406        0.236324
MDMin:  547 05:00:43    -2397.381371        0.235689
MDMin:  548 05:00:45    -2397.381316        0.234452
MDMin:  549 05:00:46    -2397.381243        0.232621
MDMin:  550 05:00:48    -2397.381170        0.371982
MDMin:  551 05:00:50    -2397.381132        0.229609
MDMin:  552 05:00:51    -2397.381094        0.228551
MDMin:  553 05:00:53    -2397.381048        0.227266
MDMin:  554 05:00:55    -2397.380993        0.225715
MDMin:  555 05:00:56    -2397.380928        0.223870
MDMin:  556 05:00:58    -2397.380852        0.221699
MDMin:  557 05:01:00    -2397.380764        0.219177
MDMin:  558 05:01:01    -2397.380662        0.216277
MDMin:  559 05:01:03    -2397.380545        0.212982
MDMin:  560 05:01:05    -2397.380412        0.209281
MDMin:  561 05:01:06    -2397.380262        0.205174
MDMin:  562 05:01:08    -2397.380094        0.200684
MDMin:  563 05:01:10    -2397.379910        0.195903
MDMin:  564 05:01:11    -2397.379725        0.277716
MDMin:  565 05:01:12    -2397.379601        0.297912
MDMin:  566 05:01:14    -2397.379542        0.191130
MDMin:  567 05:01:15    -2397.379469        0.190641
MDMin:  568 05:01:17    -2397.379384        0.190069
MDMin:  569 05:01:19    -2397.379285        0.189413
MDMin:  570 05:01:20    -2397.379173        0.188675
MDMin:  571 05:01:22    -2397.379046        0.187857
MDMin:  572 05:01:24    -2397.378904        0.186967
MDMin:  573 05:01:26    -2397.378747        0.186017
MDMin:  574 05:01:28    -2397.378575        0.185025
MDMin:  575 05:01:30    -2397.378386        0.184017
MDMin:  576 05:01:32    -2397.378180        0.183025
MDMin:  577 05:01:34    -2397.377957        0.182093
MDMin:  578 05:01:35    -2397.377717        0.181272
MDMin:  579 05:01:36    -2397.377461        0.180625
MDMin:  580 05:01:38    -2397.377197        0.180219
MDMin:  581 05:01:39    -2397.376978        0.365068
MDMin:  582 05:01:40    -2397.376900        0.180034
MDMin:  583 05:01:42    -2397.376818        0.180036
MDMin:  584 05:01:43    -2397.376724        0.180086
MDMin:  585 05:01:45    -2397.376615        0.180205
MDMin:  586 05:01:46    -2397.376493        0.180417
MDMin:  587 05:01:48    -2397.376357        0.180750
MDMin:  588 05:01:50    -2397.376208        0.181234
MDMin:  589 05:01:52    -2397.376046        0.181905
MDMin:  590 05:01:54    -2397.375872        0.182799
MDMin:  591 05:01:56    -2397.375684        0.183958
MDMin:  592 05:01:58    -2397.375486        0.185426
MDMin:  593 05:02:00    -2397.375276        0.187250
MDMin:  594 05:02:01    -2397.375057        0.189474
MDMin:  595 05:02:03    -2397.374830        0.192132
MDMin:  596 05:02:05    -2397.374603        0.195423
MDMin:  597 05:02:07    -2397.374401        0.280734
MDMin:  598 05:02:10    -2397.374289        0.202959
MDMin:  599 05:02:11    -2397.374220        0.201196
MDMin:  600 05:02:12    -2397.374139        0.202601
MDMin:  601 05:02:14    -2397.374046        0.204265
MDMin:  602 05:02:15    -2397.373942        0.206201
MDMin:  603 05:02:17    -2397.373826        0.208423
MDMin:  604 05:02:19    -2397.373698        0.210936
MDMin:  605 05:02:20    -2397.373559        0.213731
MDMin:  606 05:02:23    -2397.373410        0.216788
MDMin:  607 05:02:25    -2397.373251        0.220067
MDMin:  608 05:02:27    -2397.373082        0.223518
MDMin:  609 05:02:28    -2397.372904        0.227079
MDMin:  610 05:02:30    -2397.372718        0.230675
MDMin:  611 05:02:31    -2397.372525        0.234216
MDMin:  612 05:02:32    -2397.372326        0.237586
MDMin:  613 05:02:33    -2397.372128        0.240594
MDMin:  614 05:02:35    -2397.371959        0.309566
MDMin:  615 05:02:36    -2397.371879        0.243609
MDMin:  616 05:02:37    -2397.371822        0.244146
MDMin:  617 05:02:39    -2397.371757        0.244708
MDMin:  618 05:02:41    -2397.371682        0.245271
MDMin:  619 05:02:43    -2397.371599        0.245797
MDMin:  620 05:02:44    -2397.371508        0.246237
MDMin:  621 05:02:45    -2397.371409        0.246536
MDMin:  622 05:02:46    -2397.371303        0.246632
MDMin:  623 05:02:47    -2397.371190        0.246455
MDMin:  624 05:02:49    -2397.371072        0.245930
MDMin:  625 05:02:50    -2397.370949        0.244978
MDMin:  626 05:02:52    -2397.370821        0.243524
MDMin:  627 05:02:53    -2397.370691        0.241495
MDMin:  628 05:02:55    -2397.370559        0.238837
MDMin:  629 05:02:56    -2397.370428        0.235533
MDMin:  630 05:02:58    -2397.370304        0.231733
MDMin:  631 05:02:59    -2397.370210        0.317693
MDMin:  632 05:03:01    -2397.370169        0.226689
MDMin:  633 05:03:03    -2397.370131        0.225072
MDMin:  634 05:03:05    -2397.370088        0.223180
MDMin:  635 05:03:07    -2397.370040        0.220988
MDMin:  636 05:03:08    -2397.369990        0.218488
MDMin:  637 05:03:10    -2397.369936        0.215672
MDMin:  638 05:03:12    -2397.369881        0.214644
MDMin:  639 05:03:14    -2397.369824        0.221946
MDMin:  640 05:03:15    -2397.369768        0.229905
MDMin:  641 05:03:17    -2397.369714        0.238432
MDMin:  642 05:03:19    -2397.369663        0.247376
MDMin:  643 05:03:20    -2397.369616        0.256504
MDMin:  644 05:03:22    -2397.369576        0.265474
MDMin:  645 05:03:24    -2397.369545        0.273800
MDMin:  646 05:03:26    -2397.369526        0.280732
MDMin:  647 05:03:28    -2397.369518        0.304209
MDMin:  648 05:03:30    -2397.369518        0.286924
MDMin:  649 05:03:32    -2397.369519        0.288214
MDMin:  650 05:03:33    -2397.369523        0.289373
MDMin:  651 05:03:35    -2397.369529        0.290288
MDMin:  652 05:03:37    -2397.369541        0.290805
MDMin:  653 05:03:39    -2397.369558        0.290759
MDMin:  654 05:03:41    -2397.369583        0.289982
MDMin:  655 05:03:42    -2397.369616        0.288316
MDMin:  656 05:03:44    -2397.369661        0.285628
MDMin:  657 05:03:46    -2397.369719        0.281824
MDMin:  658 05:03:47    -2397.369793        0.276861
MDMin:  659 05:03:49    -2397.369885        0.270767
MDMin:  660 05:03:51    -2397.369998        0.263686
MDMin:  661 05:03:53    -2397.370128        0.256107
MDMin:  662 05:03:55    -2397.370246        0.300316
MDMin:  663 05:03:57    -2397.370314        0.246245
MDMin:  664 05:03:59    -2397.370379        0.243066
MDMin:  665 05:04:01    -2397.370456        0.239478
MDMin:  666 05:04:02    -2397.370548        0.235439
MDMin:  667 05:04:04    -2397.370655        0.230959
MDMin:  668 05:04:06    -2397.370781        0.226066
MDMin:  669 05:04:07    -2397.370927        0.220793
MDMin:  670 05:04:09    -2397.371095        0.215185
MDMin:  671 05:04:11    -2397.371288        0.209295
MDMin:  672 05:04:12    -2397.371509        0.203188
MDMin:  673 05:04:13    -2397.371758        0.196941
MDMin:  674 05:04:15    -2397.372037        0.192965
MDMin:  675 05:04:17    -2397.372339        0.195074
MDMin:  676 05:04:19    -2397.372626        0.260568
MDMin:  677 05:04:21    -2397.372822        0.201520
MDMin:  678 05:04:23    -2397.372964        0.194253
MDMin:  679 05:04:25    -2397.373122        0.196125
MDMin:  680 05:04:27    -2397.373304        0.198286
MDMin:  681 05:04:29    -2397.373514        0.200752
MDMin:  682 05:04:30    -2397.373755        0.203528
MDMin:  683 05:04:32    -2397.374029        0.206606
MDMin:  684 05:04:33    -2397.374337        0.209970
MDMin:  685 05:04:34    -2397.374683        0.213595
MDMin:  686 05:04:36    -2397.375069        0.217446
MDMin:  687 05:04:37    -2397.375496        0.221475
MDMin:  688 05:04:38    -2397.375962        0.225598
MDMin:  689 05:04:40    -2397.376446        0.229603
MDMin:  690 05:04:41    -2397.376868        0.262710
MDMin:  691 05:04:42    -2397.377126        0.234719
MDMin:  692 05:04:44    -2397.377347        0.236255
MDMin:  693 05:04:47    -2397.377594        0.237928
MDMin:  694 05:04:49    -2397.377876        0.239778
MDMin:  695 05:04:50    -2397.378195        0.241793
MDMin:  696 05:04:52    -2397.378552        0.243952
MDMin:  697 05:04:54    -2397.378944        0.246224
MDMin:  698 05:04:56    -2397.379146        0.248417
MDMin:  699 05:04:57    -2397.378956        0.250428
MDMin:  700 05:04:59    -2397.379244        0.252339
MDMin:  701 05:05:01    -2397.379508        0.254253
MDMin:  702 05:05:02    -2397.379744        0.256101
MDMin:  703 05:05:04    -2397.379949        0.257791
MDMin:  704 05:05:06    -2397.380118        0.259212
MDMin:  705 05:05:08    -2397.380248        0.260226
MDMin:  706 05:05:09    -2397.380330        0.260721
MDMin:  707 05:05:10    -2397.380371        0.260830
MDMin:  708 05:05:12    -2397.380399        0.260803
MDMin:  709 05:05:14    -2397.380423        0.260664
MDMin:  710 05:05:16    -2397.380444        0.260374
MDMin:  711 05:05:18    -2397.380461        0.259880
MDMin:  712 05:05:19    -2397.380471        0.259124
MDMin:  713 05:05:21    -2397.380474        0.258042
MDMin:  714 05:05:23    -2397.380467        0.256568
MDMin:  715 05:05:25    -2397.380449        0.254634
MDMin:  716 05:05:26    -2397.380420        0.252184
MDMin:  717 05:05:28    -2397.380379        0.249195
MDMin:  718 05:05:30    -2397.380326        0.245764
MDMin:  719 05:05:31    -2397.380271        0.242370
MDMin:  720 05:05:33    -2397.380230        0.239885
MDMin:  721 05:05:35    -2397.380196        0.237935
MDMin:  722 05:05:36    -2397.380158        0.235790
MDMin:  723 05:05:37    -2397.380114        0.233327
MDMin:  724 05:05:39    -2397.380062        0.230515
MDMin:  725 05:05:41    -2397.380003        0.227338
MDMin:  726 05:05:43    -2397.379934        0.223783
MDMin:  727 05:05:45    -2397.379856        0.219845
MDMin:  728 05:05:47    -2397.379768        0.215525
MDMin:  729 05:05:48    -2397.379669        0.210838
MDMin:  730 05:05:50    -2397.379560        0.205825
MDMin:  731 05:05:51    -2397.379442        0.200622
MDMin:  732 05:05:53    -2397.379325        0.195691
MDMin:  733 05:05:55    -2397.379237        0.192080
MDMin:  734 05:05:57    -2397.379180        0.189827
MDMin:  735 05:05:58    -2397.379121        0.187567
MDMin:  736 05:06:00    -2397.379055        0.185049
MDMin:  737 05:06:02    -2397.378980        0.182259
MDMin:  738 05:06:03    -2397.378895        0.179204
MDMin:  739 05:06:05    -2397.378800        0.175896
MDMin:  740 05:06:07    -2397.378696        0.172355
MDMin:  741 05:06:09    -2397.378581        0.168602
MDMin:  742 05:06:10    -2397.378455        0.164669
MDMin:  743 05:06:12    -2397.378320        0.160609
MDMin:  744 05:06:13    -2397.378177        0.156537
MDMin:  745 05:06:15    -2397.378037        0.174065
MDMin:  746 05:06:16    -2397.377933        0.202171
MDMin:  747 05:06:18    -2397.377871        0.154646
MDMin:  748 05:06:19    -2397.377807        0.155380
MDMin:  749 05:06:21    -2397.377735        0.156322
MDMin:  750 05:06:23    -2397.377652        0.157543
MDMin:  751 05:06:25    -2397.377560        0.159129
MDMin:  752 05:06:27    -2397.377459        0.161197
MDMin:  753 05:06:28    -2397.377347        0.163890
MDMin:  754 05:06:30    -2397.377226        0.167370
MDMin:  755 05:06:32    -2397.377096        0.171779
MDMin:  756 05:06:34    -2397.376957        0.177159
MDMin:  757 05:06:36    -2397.376811        0.183263
MDMin:  758 05:06:38    -2397.376661        0.189271
MDMin:  759 05:06:40    -2397.376520        0.193658
MDMin:  760 05:06:41    -2397.376417        0.195437
MDMin:  761 05:06:43    -2397.376349        0.195738
MDMin:  762 05:06:44    -2397.376279        0.195240
MDMin:  763 05:06:45    -2397.376200        0.193685
MDMin:  764 05:06:47    -2397.376112        0.190796
MDMin:  765 05:06:48    -2397.376014        0.186503
MDMin:  766 05:06:49    -2397.375905        0.181101
MDMin:  767 05:06:51    -2397.375787        0.175267
MDMin:  768 05:06:52    -2397.375658        0.169827
MDMin:  769 05:06:54    -2397.375520        0.165371
MDMin:  770 05:06:56    -2397.375373        0.167157
MDMin:  771 05:06:58    -2397.375223        0.169956
MDMin:  772 05:07:00    -2397.375085        0.196622
MDMin:  773 05:07:01    -2397.374990        0.174245
MDMin:  774 05:07:03    -2397.374924        0.175436
MDMin:  775 05:07:05    -2397.374854        0.176693
MDMin:  776 05:07:06    -2397.374776        0.178117
MDMin:  777 05:07:08    -2397.374688        0.179722
MDMin:  778 05:07:10    -2397.374591        0.181510
MDMin:  779 05:07:12    -2397.374484        0.183486
MDMin:  780 05:07:14    -2397.374369        0.185650
MDMin:  781 05:07:16    -2397.374245        0.188006
MDMin:  782 05:07:18    -2397.374112        0.190552
MDMin:  783 05:07:20    -2397.373973        0.193277
MDMin:  784 05:07:21    -2397.373829        0.196127
MDMin:  785 05:07:24    -2397.373691        0.198898
MDMin:  786 05:07:25    -2397.373584        0.204295
MDMin:  787 05:07:28    -2397.373516        0.202419
MDMin:  788 05:07:30    -2397.373450        0.203738
MDMin:  789 05:07:32    -2397.373378        0.205219
MDMin:  790 05:07:34    -2397.373297        0.206888
MDMin:  791 05:07:35    -2397.373208        0.208757
MDMin:  792 05:07:36    -2397.373111        0.210831
MDMin:  793 05:07:37    -2397.373007        0.213108
MDMin:  794 05:07:39    -2397.372896        0.215584
MDMin:  795 05:07:40    -2397.372778        0.218245
MDMin:  796 05:07:42    -2397.372654        0.221065
MDMin:  797 05:07:44    -2397.372528        0.223982
MDMin:  798 05:07:46    -2397.372405        0.226829
MDMin:  799 05:07:48    -2397.372301        0.229223
MDMin:  800 05:07:49    -2397.372230        0.230847
MDMin:  801 05:07:51    -2397.372170        0.232177
MDMin:  802 05:07:53    -2397.372107        0.233582
MDMin:  803 05:07:55    -2397.372038        0.235116
MDMin:  804 05:07:56    -2397.371963        0.236773
MDMin:  805 05:07:57    -2397.371881        0.238533
MDMin:  806 05:07:59    -2397.371794        0.243853
MDMin:  807 05:08:00    -2397.371702        0.252749
MDMin:  808 05:08:02    -2397.371606        0.262511
MDMin:  809 05:08:03    -2397.371506        0.273046
MDMin:  810 05:08:05    -2397.371405        0.284125
MDMin:  811 05:08:07    -2397.371306        0.295215
MDMin:  812 05:08:10    -2397.371217        0.305180
MDMin:  813 05:08:12    -2397.371150        0.312686
MDMin:  814 05:08:14    -2397.371098        0.318288
MDMin:  815 05:08:16    -2397.371048        0.323558
MDMin:  816 05:08:17    -2397.370994        0.328957
MDMin:  817 05:08:19    -2397.370937        0.334432
MDMin:  818 05:08:20    -2397.370876        0.339787
MDMin:  819 05:08:22    -2397.370811        0.344761
MDMin:  820 05:08:24    -2397.370743        0.349051
MDMin:  821 05:08:26    -2397.370673        0.352335
MDMin:  822 05:08:28    -2397.370603        0.354312
MDMin:  823 05:08:29    -2397.370533        0.354772
MDMin:  824 05:08:32    -2397.370469        0.353758
MDMin:  825 05:08:33    -2397.370417        0.351839
MDMin:  826 05:08:34    -2397.370379        0.349813
MDMin:  827 05:08:36    -2397.370346        0.347658
MDMin:  828 05:08:37    -2397.370313        0.345051
MDMin:  829 05:08:39    -2397.370278        0.341848
MDMin:  830 05:08:41    -2397.370242        0.337983
MDMin:  831 05:08:43    -2397.370204        0.333424
MDMin:  832 05:08:45    -2397.370166        0.328178
MDMin:  833 05:08:47    -2397.370129        0.322293
MDMin:  834 05:08:48    -2397.370093        0.315882
MDMin:  835 05:08:50    -2397.370061        0.309208
MDMin:  836 05:08:51    -2397.370035        0.302880
MDMin:  837 05:08:53    -2397.370017        0.297824
MDMin:  838 05:08:55    -2397.370005        0.293999
MDMin:  839 05:08:56    -2397.369995        0.290318
MDMin:  840 05:08:58    -2397.369986        0.286334
MDMin:  841 05:08:59    -2397.369978        0.281965
MDMin:  842 05:09:01    -2397.369972        0.277210
MDMin:  843 05:09:02    -2397.369969        0.272087
MDMin:  844 05:09:04    -2397.369969        0.266626
MDMin:  845 05:09:05    -2397.369975        0.260883
MDMin:  846 05:09:07    -2397.369985        0.254983
MDMin:  847 05:09:09    -2397.370002        0.249246
MDMin:  848 05:09:10    -2397.370020        0.244410
MDMin:  849 05:09:12    -2397.370037        0.240991
MDMin:  850 05:09:14    -2397.370053        0.239585
MDMin:  851 05:09:16    -2397.370072        0.238185
MDMin:  852 05:09:18    -2397.370095        0.236452
MDMin:  853 05:09:19    -2397.370124        0.234312
MDMin:  854 05:09:21    -2397.370160        0.231697
MDMin:  855 05:09:23    -2397.370203        0.228538
MDMin:  856 05:09:25    -2397.370256        0.224780
MDMin:  857 05:09:27    -2397.370317        0.220407
MDMin:  858 05:09:30    -2397.370387        0.215528
MDMin:  859 05:09:32    -2397.370460        0.210604
MDMin:  860 05:09:34    -2397.370521        0.206580
MDMin:  861 05:09:35    -2397.370568        0.203530
MDMin:  862 05:09:36    -2397.370617        0.201844
MDMin:  863 05:09:38    -2397.370674        0.201630
MDMin:  864 05:09:39    -2397.370740        0.199962
MDMin:  865 05:09:40    -2397.370817        0.196501
MDMin:  866 05:09:42    -2397.370907        0.191285
MDMin:  867 05:09:44    -2397.371010        0.191146
MDMin:  868 05:09:46    -2397.371128        0.191904
MDMin:  869 05:09:48    -2397.371261        0.192794
MDMin:  870 05:09:50    -2397.371400        0.193722
MDMin:  871 05:09:52    -2397.371523        0.220058
MDMin:  872 05:09:53    -2397.371608        0.194974
MDMin:  873 05:09:54    -2397.371686        0.195400
MDMin:  874 05:09:56    -2397.371774        0.195873
MDMin:  875 05:09:57    -2397.371877        0.196409
MDMin:  876 05:09:59    -2397.371994        0.197016
MDMin:  877 05:10:00    -2397.372129        0.197696
MDMin:  878 05:10:02    -2397.372282        0.198455
MDMin:  879 05:10:04    -2397.372454        0.199298
MDMin:  880 05:10:06    -2397.372647        0.200231
MDMin:  881 05:10:07    -2397.372859        0.201243
MDMin:  882 05:10:09    -2397.373076        0.202270
MDMin:  883 05:10:10    -2397.373260        0.211463
MDMin:  884 05:10:12    -2397.373381        0.203630
MDMin:  885 05:10:14    -2397.373492        0.204114
MDMin:  886 05:10:16    -2397.373619        0.204675
MDMin:  887 05:10:18    -2397.373764        0.205337
MDMin:  888 05:10:19    -2397.373929        0.206110
MDMin:  889 05:10:21    -2397.374117        0.207008
MDMin:  890 05:10:23    -2397.374327        0.208044
MDMin:  891 05:10:25    -2397.374562        0.209231
MDMin:  892 05:10:27    -2397.374821        0.210582
MDMin:  893 05:10:29    -2397.375105        0.212098
MDMin:  894 05:10:31    -2397.375405        0.213737
MDMin:  895 05:10:33    -2397.375687        0.215293
MDMin:  896 05:10:35    -2397.375884        0.216366
MDMin:  897 05:10:37    -2397.376023        0.217120
MDMin:  898 05:10:39    -2397.376174        0.217955
MDMin:  899 05:10:41    -2397.376348        0.218931
MDMin:  900 05:10:43    -2397.376545        0.220064
MDMin:  901 05:10:45    -2397.376767        0.221365
MDMin:  902 05:10:47    -2397.377016        0.222845
MDMin:  903 05:10:48    -2397.377291        0.224513
MDMin:  904 05:10:50    -2397.377282        0.226375
MDMin:  905 05:10:51    -2397.377577        0.228253
MDMin:  906 05:10:53    -2397.377842        0.230338
MDMin:  907 05:10:54    -2397.378068        0.232609
MDMin:  908 05:10:55    -2397.378247        0.234941
MDMin:  909 05:10:57    -2397.377908        0.236640
MDMin:  910 05:10:59    -2397.377998        0.237853
MDMin:  911 05:11:01    -2397.378075        0.239060
MDMin:  912 05:11:03    -2397.378149        0.240400
MDMin:  913 05:11:05    -2397.378221        0.241898
MDMin:  914 05:11:06    -2397.378287        0.243558
MDMin:  915 05:11:07    -2397.378346        0.245372
MDMin:  916 05:11:09    -2397.378396        0.247323
MDMin:  917 05:11:11    -2397.378434        0.249380
MDMin:  918 05:11:13    -2397.378460        0.251491
MDMin:  919 05:11:14    -2397.378473        0.253549
MDMin:  920 05:11:15    -2397.378474        0.255347
MDMin:  921 05:11:17    -2397.378468        0.256652
MDMin:  922 05:11:19    -2397.378460        0.257598
MDMin:  923 05:11:20    -2397.378449        0.258490
MDMin:  924 05:11:22    -2397.378434        0.259412
MDMin:  925 05:11:24    -2397.378415        0.260359
MDMin:  926 05:11:26    -2397.378390        0.261306
MDMin:  927 05:11:28    -2397.378359        0.262214
MDMin:  928 05:11:30    -2397.378322        0.263042
MDMin:  929 05:11:31    -2397.378277        0.263738
MDMin:  930 05:11:33    -2397.378225        0.264247
MDMin:  931 05:11:35    -2397.378167        0.264515
MDMin:  932 05:11:37    -2397.378109        0.264519
MDMin:  933 05:11:39    -2397.378060        0.264331
MDMin:  934 05:11:40    -2397.378020        0.264072
MDMin:  935 05:11:42    -2397.377981        0.263738
MDMin:  936 05:11:44    -2397.377937        0.263290
MDMin:  937 05:11:45    -2397.377887        0.262695
MDMin:  938 05:11:46    -2397.377831        0.261919
MDMin:  939 05:11:48    -2397.377769        0.260929
MDMin:  940 05:11:50    -2397.377699        0.259693
MDMin:  941 05:11:52    -2397.377623        0.258183
MDMin:  942 05:11:54    -2397.377540        0.256387
MDMin:  943 05:11:55    -2397.377454        0.254346
MDMin:  944 05:11:57    -2397.377371        0.252239
MDMin:  945 05:11:58    -2397.377303        0.250410
MDMin:  946 05:12:00    -2397.377250        0.248916
MDMin:  947 05:12:01    -2397.377198        0.247415
MDMin:  948 05:12:03    -2397.377140        0.245739
MDMin:  949 05:12:05    -2397.377077        0.243839
MDMin:  950 05:12:06    -2397.377006        0.241693
MDMin:  951 05:12:08    -2397.376928        0.239289
MDMin:  952 05:12:10    -2397.376843        0.236623
MDMin:  953 05:12:12    -2397.376751        0.233706
MDMin:  954 05:12:14    -2397.376653        0.230582
MDMin:  955 05:12:16    -2397.376554        0.227385
MDMin:  956 05:12:18    -2397.376462        0.224441
MDMin:  957 05:12:20    -2397.376389        0.222145
MDMin:  958 05:12:22    -2397.376330        0.220328
MDMin:  959 05:12:24    -2397.376271        0.218544
MDMin:  960 05:12:26    -2397.376207        0.216646
MDMin:  961 05:12:28    -2397.376136        0.214623
MDMin:  962 05:12:30    -2397.376058        0.212509
MDMin:  963 05:12:31    -2397.375973        0.210360
MDMin:  964 05:12:32    -2397.375881        0.208257
MDMin:  965 05:12:34    -2397.375784        0.206305
MDMin:  966 05:12:36    -2397.375682        0.204628
MDMin:  967 05:12:38    -2397.375578        0.203353
MDMin:  968 05:12:39    -2397.375482        0.202559
MDMin:  969 05:12:40    -2397.375403        0.202176
MDMin:  970 05:12:41    -2397.375339        0.201997
MDMin:  971 05:12:43    -2397.375278        0.201884
MDMin:  972 05:12:44    -2397.375211        0.201795
MDMin:  973 05:12:45    -2397.375138        0.201706
MDMin:  974 05:12:46    -2397.375057        0.201580
MDMin:  975 05:12:48    -2397.374969        0.201371
MDMin:  976 05:12:49    -2397.374875        0.201020
MDMin:  977 05:12:50    -2397.374774        0.200472
MDMin:  978 05:12:52    -2397.374671        0.199686
MDMin:  979 05:12:53    -2397.374572        0.198701
MDMin:  980 05:12:54    -2397.374490        0.197699
MDMin:  981 05:12:55    -2397.374427        0.196802
MDMin:  982 05:12:58    -2397.374366        0.195867
MDMin:  983 05:12:59    -2397.374301        0.194781
MDMin:  984 05:13:01    -2397.374230        0.193496
MDMin:  985 05:13:03    -2397.374152        0.191982
MDMin:  986 05:13:05    -2397.374067        0.190217
MDMin:  987 05:13:07    -2397.373976        0.188186
MDMin:  988 05:13:08    -2397.373879        0.185887
MDMin:  989 05:13:10    -2397.373779        0.183358
MDMin:  990 05:13:11    -2397.373680        0.183021
MDMin:  991 05:13:13    -2397.373593        0.183104
MDMin:  992 05:13:15    -2397.373526        0.183121
MDMin:  993 05:13:16    -2397.373468        0.183108
MDMin:  994 05:13:17    -2397.373408        0.183075
MDMin:  995 05:13:18    -2397.373342        0.184245
MDMin:  996 05:13:20    -2397.373271        0.187275
MDMin:  997 05:13:21    -2397.373193        0.190712
MDMin:  998 05:13:22    -2397.373109        0.194597
MDMin:  999 05:13:23    -2397.373019        0.198960
MDMin:  1000 05:13:25    -2397.372925        0.203807
MDMin:  1001 05:13:27    -2397.372829        0.209039
MDMin:  1002 05:13:28    -2397.372739        0.214280
MDMin:  1003 05:13:30    -2397.372665        0.218824
MDMin:  1004 05:13:31    -2397.372608        0.222513
MDMin:  1005 05:13:33    -2397.372554        0.226128
MDMin:  1006 05:13:35    -2397.372496        0.230141
MDMin:  1007 05:13:37    -2397.372433        0.234713
MDMin:  1008 05:13:38    -2397.372365        0.239930
MDMin:  1009 05:13:40    -2397.372291        0.245858
MDMin:  1010 05:13:42    -2397.372212        0.252555
MDMin:  1011 05:13:43    -2397.372130        0.260050
MDMin:  1012 05:13:45    -2397.372044        0.268301
MDMin:  1013 05:13:47    -2397.371959        0.277068
MDMin:  1014 05:13:48    -2397.371879        0.285669
MDMin:  1015 05:13:49    -2397.371814        0.293069
MDMin:  1016 05:13:51    -2397.371761        0.299203
MDMin:  1017 05:13:52    -2397.371712        0.305151
MDMin:  1018 05:13:54    -2397.371659        0.311543
MDMin:  1019 05:13:56    -2397.371603        0.318533
MDMin:  1020 05:13:58    -2397.371543        0.326105
MDMin:  1021 05:13:59    -2397.371479        0.334151
MDMin:  1022 05:14:01    -2397.371411        0.342471
MDMin:  1023 05:14:03    -2397.371341        0.350751
MDMin:  1024 05:14:04    -2397.371269        0.358540
MDMin:  1025 05:14:06    -2397.371197        0.365244
MDMin:  1026 05:14:08    -2397.371129        0.370221
MDMin:  1027 05:14:10    -2397.371072        0.373192
MDMin:  1028 05:14:12    -2397.371027        0.374641
MDMin:  1029 05:14:13    -2397.370985        0.375185
MDMin:  1030 05:14:15    -2397.370942        0.374912
MDMin:  1031 05:14:16    -2397.370896        0.373639
MDMin:  1032 05:14:17    -2397.370847        0.371124
MDMin:  1033 05:14:18    -2397.370794        0.367137
MDMin:  1034 05:14:20    -2397.370739        0.361528
MDMin:  1035 05:14:22    -2397.370682        0.354298
MDMin:  1036 05:14:23    -2397.370624        0.345767
MDMin:  1037 05:14:25    -2397.370572        0.336865
MDMin:  1038 05:14:27    -2397.370529        0.329129
MDMin:  1039 05:14:28    -2397.370496        0.322957
MDMin:  1040 05:14:30    -2397.370466        0.317007
MDMin:  1041 05:14:32    -2397.370434        0.310597
MDMin:  1042 05:14:34    -2397.370400        0.303586
MDMin:  1043 05:14:35    -2397.370364        0.296005
MDMin:  1044 05:14:37    -2397.370326        0.287954
MDMin:  1045 05:14:38    -2397.370287        0.279588
MDMin:  1046 05:14:40    -2397.370248        0.271138
MDMin:  1047 05:14:41    -2397.370210        0.262964
MDMin:  1048 05:14:43    -2397.370176        0.255690
MDMin:  1049 05:14:44    -2397.370150        0.250089
MDMin:  1050 05:14:45    -2397.370131        0.246047
MDMin:  1051 05:14:47    -2397.370114        0.242471
MDMin:  1052 05:14:49    -2397.370096        0.238863
MDMin:  1053 05:14:50    -2397.370079        0.235166
MDMin:  1054 05:14:52    -2397.370061        0.231431
MDMin:  1055 05:14:54    -2397.370044        0.227744
MDMin:  1056 05:14:56    -2397.370027        0.224201
MDMin:  1057 05:14:58    -2397.370012        0.220911
MDMin:  1058 05:15:00    -2397.370000        0.217993
MDMin:  1059 05:15:02    -2397.369990        0.222111
MDMin:  1060 05:15:04    -2397.369984        0.227158
MDMin:  1061 05:15:06    -2397.369982        0.231362
MDMin:  1062 05:15:07    -2397.369981        0.234764
MDMin:  1063 05:15:09    -2397.369982        0.238037
MDMin:  1064 05:15:11    -2397.369984        0.241533
MDMin:  1065 05:15:13    -2397.369988        0.245341
MDMin:  1066 05:15:15    -2397.369994        0.249477
MDMin:  1067 05:15:16    -2397.370003        0.253928
MDMin:  1068 05:15:18    -2397.370016        0.258669
MDMin:  1069 05:15:21    -2397.370032        0.263656
MDMin:  1070 05:15:22    -2397.370053        0.268813
MDMin:  1071 05:15:23    -2397.370077        0.273999
MDMin:  1072 05:15:25    -2397.370105        0.278941
MDMin:  1073 05:15:27    -2397.370132        0.283244
MDMin:  1074 05:15:29    -2397.370158        0.286726
MDMin:  1075 05:15:30    -2397.370182        0.289761
MDMin:  1076 05:15:32    -2397.370208        0.292749
MDMin:  1077 05:15:34    -2397.370238        0.295810
MDMin:  1078 05:15:36    -2397.370272        0.298929
MDMin:  1079 05:15:38    -2397.370312        0.302033
MDMin:  1080 05:15:40    -2397.370357        0.305008
MDMin:  1081 05:15:42    -2397.370408        0.307706
MDMin:  1082 05:15:44    -2397.370466        0.309958
MDMin:  1083 05:15:45    -2397.370529        0.311595
MDMin:  1084 05:15:47    -2397.370595        0.312509
MDMin:  1085 05:15:49    -2397.370656        0.312755
MDMin:  1086 05:15:51    -2397.370709        0.312570
MDMin:  1087 05:15:53    -2397.370759        0.312134
MDMin:  1088 05:15:55    -2397.370812        0.311457
MDMin:  1089 05:15:57    -2397.370872        0.310497
MDMin:  1090 05:15:59    -2397.370939        0.309212
MDMin:  1091 05:16:00    -2397.371014        0.307566
MDMin:  1092 05:16:02    -2397.371098        0.305536
MDMin:  1093 05:16:03    -2397.371192        0.303125
MDMin:  1094 05:16:05    -2397.371292        0.300380
MDMin:  1095 05:16:07    -2397.371397        0.297439
MDMin:  1096 05:16:09    -2397.371496        0.294598
MDMin:  1097 05:16:10    -2397.371581        0.292143
MDMin:  1098 05:16:11    -2397.371657        0.289952
MDMin:  1099 05:16:13    -2397.371736        0.287729
MDMin:  1100 05:16:15    -2397.371822        0.285334
MDMin:  1101 05:16:17    -2397.371918        0.285100
MDMin:  1102 05:16:18    -2397.372024        0.285594
MDMin:  1103 05:16:19    -2397.372143        0.286018
MDMin:  1104 05:16:21    -2397.372273        0.286364
MDMin:  1105 05:16:23    -2397.372413        0.286631
MDMin:  1106 05:16:25    -2397.372557        0.286825
MDMin:  1107 05:16:27    -2397.372695        0.286948
MDMin:  1108 05:16:28    -2397.372813        0.287016
MDMin:  1109 05:16:30    -2397.372915        0.287064
MDMin:  1110 05:16:31    -2397.373018        0.287125
MDMin:  1111 05:16:33    -2397.373130        0.287218
MDMin:  1112 05:16:35    -2397.373255        0.287361
MDMin:  1113 05:16:36    -2397.373392        0.287577
MDMin:  1114 05:16:38    -2397.373544        0.287889
MDMin:  1115 05:16:40    -2397.373709        0.288326
MDMin:  1116 05:16:42    -2397.373886        0.288908
MDMin:  1117 05:16:43    -2397.374071        0.289634
MDMin:  1118 05:16:44    -2397.374250        0.290443
MDMin:  1119 05:16:46    -2397.374405        0.291213
MDMin:  1120 05:16:47    -2397.374536        0.291907
MDMin:  1121 05:16:48    -2397.374662        0.292624
MDMin:  1122 05:16:50    -2397.374796        0.293451
MDMin:  1123 05:16:51    -2397.374944        0.294430
MDMin:  1124 05:16:53    -2397.375107        0.295588
MDMin:  1125 05:16:54    -2397.375286        0.296949
MDMin:  1126 05:16:56    -2397.375481        0.298527
MDMin:  1127 05:16:57    -2397.375690        0.300326
MDMin:  1128 05:16:58    -2397.375910        0.302319
MDMin:  1129 05:17:00    -2397.376129        0.304397
MDMin:  1130 05:17:01    -2397.376040        0.306333
MDMin:  1131 05:17:02    -2397.376192        0.307891
MDMin:  1132 05:17:04    -2397.376314        0.309395
MDMin:  1133 05:17:06    -2397.376426        0.311046
MDMin:  1134 05:17:07    -2397.376531        0.312938
MDMin:  1135 05:17:09    -2397.376629        0.315127
MDMin:  1136 05:17:10    -2397.376717        0.317659
MDMin:  1137 05:17:12    -2397.376794        0.320578
MDMin:  1138 05:17:14    -2397.376858        0.323916
MDMin:  1139 05:17:16    -2397.376909        0.327659
MDMin:  1140 05:17:17    -2397.376945        0.331662
MDMin:  1141 05:17:19    -2397.376966        0.335556
MDMin:  1142 05:17:20    -2397.376978        0.338987
MDMin:  1143 05:17:21    -2397.376983        0.342178
MDMin:  1144 05:17:23    -2397.376985        0.345599
MDMin:  1145 05:17:24    -2397.376983        0.349501
MDMin:  1146 05:17:25    -2397.376978        0.354024
MDMin:  1147 05:17:27    -2397.376968        0.359276
MDMin:  1148 05:17:29    -2397.376953        0.365351
MDMin:  1149 05:17:31    -2397.376933        0.372333
MDMin:  1150 05:17:33    -2397.376908        0.380237
MDMin:  1151 05:17:34    -2397.376878        0.388896
MDMin:  1152 05:17:35    -2397.376847        0.397772
MDMin:  1153 05:17:37    -2397.376817        0.406020
MDMin:  1154 05:17:38    -2397.376790        0.413452
MDMin:  1155 05:17:40    -2397.376763        0.420870
MDMin:  1156 05:17:42    -2397.376733        0.429003
MDMin:  1157 05:17:43    -2397.376701        0.438209
MDMin:  1158 05:17:45    -2397.376665        0.448693
MDMin:  1159 05:17:47    -2397.376624        0.460593
MDMin:  1160 05:17:49    -2397.376580        0.474001
MDMin:  1161 05:17:51    -2397.376532        0.488930
MDMin:  1162 05:17:53    -2397.376482        0.505240
MDMin:  1163 05:17:55    -2397.376430        0.522500
MDMin:  1164 05:17:57    -2397.376378        0.539864
MDMin:  1165 05:17:58    -2397.376331        0.556349
MDMin:  1166 05:18:00    -2397.376287        0.571732
MDMin:  1167 05:18:02    -2397.376245        0.586792
MDMin:  1168 05:18:04    -2397.376202        0.602440
MDMin:  1169 05:18:06    -2397.376156        0.619142
MDMin:  1170 05:18:07    -2397.376107        0.637097
MDMin:  1171 05:18:09    -2397.376054        0.656299
MDMin:  1172 05:18:10    -2397.375999        0.676549
MDMin:  1173 05:18:12    -2397.375941        0.697483
MDMin:  1174 05:18:13    -2397.375880        0.718554
MDMin:  1175 05:18:15    -2397.375818        0.739023
MDMin:  1176 05:18:18    -2397.375757        0.758003
MDMin:  1177 05:18:20    -2397.375698        0.774688
MDMin:  1178 05:18:22    -2397.375642        0.788740
MDMin:  1179 05:18:23    -2397.375590        0.800502
MDMin:  1180 05:18:25    -2397.375538        0.810615
MDMin:  1181 05:18:27    -2397.375485        0.819482
MDMin:  1182 05:18:29    -2397.375430        0.827222
MDMin:  1183 05:18:31    -2397.375371        0.833806
MDMin:  1184 05:18:33    -2397.375310        0.839201
MDMin:  1185 05:18:35    -2397.375247        0.843472
MDMin:  1186 05:18:37    -2397.375181        0.846816
MDMin:  1187 05:18:39    -2397.375116        0.849518
MDMin:  1188 05:18:40    -2397.375053        0.851822
MDMin:  1189 05:18:42    -2397.374993        0.853868
MDMin:  1190 05:18:44    -2397.374937        0.855646
MDMin:  1191 05:18:45    -2397.374882        0.857130
MDMin:  1192 05:18:47    -2397.374826        0.858317
MDMin:  1193 05:18:48    -2397.374768        0.859289
MDMin:  1194 05:18:50    -2397.374707        0.860415
MDMin:  1195 05:18:52    -2397.374643        0.862494
MDMin:  1196 05:18:54    -2397.374577        0.866686
MDMin:  1197 05:18:56    -2397.374510        0.874250
MDMin:  1198 05:18:58    -2397.374443        0.886392
MDMin:  1199 05:19:00    -2397.374378        0.904396
MDMin:  1200 05:19:01    -2397.374316        0.929879
MDMin:  1201 05:19:03    -2397.374258        0.965214
MDMin:  1202 05:19:05    -2397.374202        1.014075
MDMin:  1203 05:19:07    -2397.374145        1.080624
MDMin:  1204 05:19:08    -2397.374088        1.167506
MDMin:  1205 05:19:10    -2397.374029        1.274173
MDMin:  1206 05:19:11    -2397.373970        1.398163
MDMin:  1207 05:19:12    -2397.373910        1.538928
MDMin:  1208 05:19:13    -2397.373850        1.722636
MDMin:  1209 05:19:15    -2397.373789        2.176359
MDMin:  1210 05:19:16    -2397.373749        2.007507
MDMin:  1211 05:19:17    -2397.373702        1.887487
MDMin:  1212 05:19:18    -2397.373647        1.722468
MDMin:  1213 05:19:20    -2397.373582        1.492484
MDMin:  1214 05:19:21    -2397.373506        1.226596
MDMin:  1215 05:19:22    -2397.373415        0.956639
MDMin:  1216 05:19:24    -2397.373305        0.807808
MDMin:  1217 05:19:26    -2397.373174        0.651492
MDMin:  1218 05:19:27    -2397.373034        0.900713
MDMin:  1219 05:19:29    -2397.372990        0.595289
MDMin:  1220 05:19:31    -2397.372971        0.587694
MDMin:  1221 05:19:33    -2397.372944        0.577124
MDMin:  1222 05:19:34    -2397.372910        0.563760
MDMin:  1223 05:19:36    -2397.372870        0.547349
MDMin:  1224 05:19:37    -2397.372824        0.527458
MDMin:  1225 05:19:39    -2397.372770        0.503416
MDMin:  1226 05:19:41    -2397.372710        0.474363
MDMin:  1227 05:19:42    -2397.372643        0.439798
MDMin:  1228 05:19:44    -2397.372570        0.459096
MDMin:  1229 05:19:46    -2397.372492        0.470125
MDMin:  1230 05:19:47    -2397.372408        0.452980
MDMin:  1231 05:19:49    -2397.372318        0.382917
MDMin:  1232 05:19:51    -2397.372222        0.333434
MDMin:  1233 05:19:53    -2397.372119        0.239890
MDMin:  1234 05:19:54    -2397.372007        0.193914
MDMin:  1235 05:19:56    -2397.371895        0.207347
MDMin:  1236 05:19:58    -2397.371811        0.303344
MDMin:  1237 05:19:59    -2397.371770        0.322145
MDMin:  1238 05:20:01    -2397.371738        0.328046
MDMin:  1239 05:20:02    -2397.371703        0.327136
MDMin:  1240 05:20:04    -2397.371664        0.317855
MDMin:  1241 05:20:06    -2397.371622        0.358072
MDMin:  1242 05:20:08    -2397.371577        0.390667
MDMin:  1243 05:20:10    -2397.371529        0.400630
MDMin:  1244 05:20:12    -2397.371478        0.223586
MDMin:  1245 05:20:14    -2397.371435        0.167725
MDMin:  1246 05:20:16    -2397.371411        0.247662
MDMin:  1247 05:20:17    -2397.371390        0.327138
MDMin:  1248 05:20:18    -2397.371367        0.365357
MDMin:  1249 05:20:20    -2397.371341        0.287139
MDMin:  1250 05:20:21    -2397.371312        0.168234
MDMin:  1251 05:20:23    -2397.371282        0.178627
MDMin:  1252 05:20:25    -2397.371261        0.259171
MDMin:  1253 05:20:26    -2397.371240        0.319248
MDMin:  1254 05:20:28    -2397.371217        0.339264
MDMin:  1255 05:20:29    -2397.371190        0.285118
MDMin:  1256 05:20:30    -2397.371159        0.164642
MDMin:  1257 05:20:31    -2397.371125        0.155484
MDMin:  1258 05:20:32    -2397.371097        0.206052
MDMin:  1259 05:20:34    -2397.371072        0.268630
MDMin:  1260 05:20:35    -2397.371047        0.302466
MDMin:  1261 05:20:36    -2397.371019        0.300578
MDMin:  1262 05:20:38    -2397.370986        0.274128
MDMin:  1263 05:20:39    -2397.370950        0.164861
MDMin:  1264 05:20:41    -2397.370910        0.154591
MDMin:  1265 05:20:43    -2397.370869        0.143296
