       Step     Time          Energy          fmax
MDMin:    0 20:46:21    -2393.815585        7.932533
MDMin:    1 20:46:24    -2393.816127        7.866809
MDMin:    2 20:46:26    -2393.817702        7.444263
MDMin:    3 20:46:28    -2393.820193        6.236286
MDMin:    4 20:46:30    -2393.823486        4.481896
MDMin:    5 20:46:32    -2393.827421        3.088232
MDMin:    6 20:46:34    -2393.831731        2.866537
MDMin:    7 20:46:36    -2393.836191        2.912322
MDMin:    8 20:46:38    -2393.840764        2.250703
MDMin:    9 20:46:40    -2393.845668        1.309214
MDMin:   10 20:46:42    -2393.851234        1.146699
MDMin:   11 20:46:43    -2393.857487        1.088087
MDMin:   12 20:46:44    -2393.864365        0.878413
MDMin:   13 20:46:46    -2393.871827        0.880603
MDMin:   14 20:46:48    -2393.879648        0.805410
MDMin:   15 20:46:50    -2393.887696        0.805232
MDMin:   16 20:46:51    -2393.894497        0.906090
MDMin:   17 20:46:53    -2393.898248        2.802001
MDMin:   18 20:46:55    -2393.898308        2.549433
MDMin:   19 20:46:57    -2393.898494        1.858191
MDMin:   20 20:46:58    -2393.898843        0.950518
MDMin:   21 20:46:59    -2393.899422        0.711418
MDMin:   22 20:47:01    -2393.900186        0.682560
MDMin:   23 20:47:03    -2393.901075        0.652121
MDMin:   24 20:47:04    -2393.902083        0.622385
MDMin:   25 20:47:05    -2393.903205        0.595349
MDMin:   26 20:47:08    -2393.904434        0.572589
MDMin:   27 20:47:10    -2393.905760        0.585883
MDMin:   28 20:47:11    -2393.907171        0.611205
MDMin:   29 20:47:14    -2393.908654        0.640049
MDMin:   30 20:47:16    -2393.910191        0.670388
MDMin:   31 20:47:18    -2393.911769        0.698687
MDMin:   32 20:47:20    -2393.913374        0.720600
MDMin:   33 20:47:21    -2393.914997        0.732772
MDMin:   34 20:47:24    -2393.916631        0.734907
MDMin:   35 20:47:26    -2393.918270        0.730426
MDMin:   36 20:47:29    -2393.919900        0.724814
MDMin:   37 20:47:31    -2393.921506        0.723184
MDMin:   38 20:47:33    -2393.923073        0.729388
MDMin:   39 20:47:35    -2393.924584        0.746523
MDMin:   40 20:47:37    -2393.926027        0.779091
MDMin:   41 20:47:39    -2393.927390        0.833900
MDMin:   42 20:47:41    -2393.928657        0.913994
MDMin:   43 20:47:43    -2393.929788        1.013086
MDMin:   44 20:47:45    -2393.930681        1.100413
MDMin:   45 20:47:47    -2393.931236        1.146004
MDMin:   46 20:47:49    -2393.931645        1.166895
MDMin:   47 20:47:51    -2393.932059        1.171779
MDMin:   48 20:47:53    -2393.932492        1.172576
MDMin:   49 20:47:55    -2393.932941        1.241812
MDMin:   50 20:47:58    -2393.933406        1.294900
MDMin:   51 20:47:59    -2393.933884        1.386086
MDMin:   52 20:48:01    -2393.934380        1.450349
MDMin:   53 20:48:04    -2393.934903        1.451272
MDMin:   54 20:48:06    -2393.935466        1.368700
MDMin:   55 20:48:08    -2393.936085        1.200033
MDMin:   56 20:48:10    -2393.936773        0.970018
MDMin:   57 20:48:12    -2393.937529        0.894518
MDMin:   58 20:48:14    -2393.938331        0.972463
MDMin:   59 20:48:15    -2393.939148        1.085448
MDMin:   60 20:48:18    -2393.939933        1.208598
MDMin:   61 20:48:20    -2393.940522        1.278626
MDMin:   62 20:48:21    -2393.940740        1.261381
MDMin:   63 20:48:23    -2393.940982        1.248682
MDMin:   64 20:48:25    -2393.941253        1.217749
MDMin:   65 20:48:27    -2393.941553        1.164619
MDMin:   66 20:48:29    -2393.941884        1.088637
MDMin:   67 20:48:31    -2393.942246        0.995137
MDMin:   68 20:48:34    -2393.942637        0.955390
MDMin:   69 20:48:35    -2393.943054        1.036273
MDMin:   70 20:48:37    -2393.943490        1.139688
MDMin:   71 20:48:40    -2393.943937        1.262035
MDMin:   72 20:48:42    -2393.944390        1.378436
MDMin:   73 20:48:44    -2393.944849        1.442783
MDMin:   74 20:48:46    -2393.945323        1.417029
MDMin:   75 20:48:48    -2393.945825        1.291826
MDMin:   76 20:48:49    -2393.946366        1.099254
MDMin:   77 20:48:52    -2393.946953        0.915271
MDMin:   78 20:48:54    -2393.947581        0.791570
MDMin:   79 20:48:55    -2393.948228        0.723615
MDMin:   80 20:48:57    -2393.948759        1.032837
MDMin:   81 20:48:59    -2393.948938        0.708112
MDMin:   82 20:49:00    -2393.949132        0.704704
MDMin:   83 20:49:02    -2393.949353        0.701596
MDMin:   84 20:49:04    -2393.949601        0.699138
MDMin:   85 20:49:05    -2393.949877        0.697788
MDMin:   86 20:49:07    -2393.950181        0.698162
MDMin:   87 20:49:08    -2393.950513        0.701119
MDMin:   88 20:49:09    -2393.950875        0.707917
MDMin:   89 20:49:11    -2393.951265        0.720454
MDMin:   90 20:49:14    -2393.951685        0.741628
MDMin:   91 20:49:16    -2393.952132        0.775766
MDMin:   92 20:49:18    -2393.952604        0.828786
MDMin:   93 20:49:20    -2393.953097        0.906883
MDMin:   94 20:49:22    -2393.953603        1.011210
MDMin:   95 20:49:24    -2393.954116        1.127453
MDMin:   96 20:49:25    -2393.954634        1.221391
MDMin:   97 20:49:27    -2393.955164        1.256870
MDMin:   98 20:49:29    -2393.955719        1.214358
MDMin:   99 20:49:31    -2393.956309        1.099859
MDMin:  100 20:49:33    -2393.956923        0.960444
MDMin:  101 20:49:35    -2393.957443        0.879138
MDMin:  102 20:49:36    -2393.957682        0.830695
MDMin:  103 20:49:38    -2393.957904        0.803511
MDMin:  104 20:49:39    -2393.958156        0.776672
MDMin:  105 20:49:41    -2393.958442        0.752796
MDMin:  106 20:49:43    -2393.958762        0.742788
MDMin:  107 20:49:44    -2393.959118        0.731434
MDMin:  108 20:49:45    -2393.959511        0.719068
MDMin:  109 20:49:47    -2393.959942        0.706139
MDMin:  110 20:49:49    -2393.960412        0.693269
MDMin:  111 20:49:51    -2393.960923        0.681156
MDMin:  112 20:49:53    -2393.961477        0.670541
MDMin:  113 20:49:55    -2393.962075        0.662236
MDMin:  114 20:49:56    -2393.962718        0.657199
MDMin:  115 20:49:57    -2393.963405        0.656851
MDMin:  116 20:49:59    -2393.964119        0.663122
MDMin:  117 20:50:01    -2393.964771        0.676480
MDMin:  118 20:50:03    -2393.965147        0.688500
MDMin:  119 20:50:05    -2393.965386        0.698274
MDMin:  120 20:50:07    -2393.965655        0.711656
MDMin:  121 20:50:09    -2393.965960        0.730215
MDMin:  122 20:50:11    -2393.966299        0.755825
MDMin:  123 20:50:13    -2393.966673        0.790840
MDMin:  124 20:50:15    -2393.967079        0.837902
MDMin:  125 20:50:17    -2393.967515        0.899214
MDMin:  126 20:50:19    -2393.967977        0.974899
MDMin:  127 20:50:21    -2393.968463        1.060432
MDMin:  128 20:50:22    -2393.968971        1.144684
MDMin:  129 20:50:25    -2393.969502        1.211555
MDMin:  130 20:50:27    -2393.970061        1.245317
MDMin:  131 20:50:28    -2393.970659        1.234169
MDMin:  132 20:50:30    -2393.971307        1.172076
MDMin:  133 20:50:31    -2393.972019        1.066169
MDMin:  134 20:50:33    -2393.972806        0.940464
MDMin:  135 20:50:35    -2393.973675        0.822303
MDMin:  136 20:50:37    -2393.974633        0.760312
MDMin:  137 20:50:39    -2393.975686        0.736604
MDMin:  138 20:50:41    -2393.976830        0.708255
MDMin:  139 20:50:42    -2393.977947        0.821404
MDMin:  140 20:50:43    -2393.978488        0.669981
MDMin:  141 20:50:44    -2393.978706        0.665479
MDMin:  142 20:50:46    -2393.978994        0.659724
MDMin:  143 20:50:49    -2393.979336        0.653222
MDMin:  144 20:50:51    -2393.979734        0.646161
MDMin:  145 20:50:53    -2393.980190        0.638744
MDMin:  146 20:50:55    -2393.980706        0.631228
MDMin:  147 20:50:57    -2393.981286        0.623926
MDMin:  148 20:50:59    -2393.981934        0.617223
MDMin:  149 20:51:01    -2393.982653        0.611590
MDMin:  150 20:51:03    -2393.983448        0.607616
MDMin:  151 20:51:04    -2393.984324        0.606048
MDMin:  152 20:51:06    -2393.985287        0.607867
MDMin:  153 20:51:08    -2393.986343        0.614422
MDMin:  154 20:51:10    -2393.987499        0.627652
MDMin:  155 20:51:11    -2393.988761        0.650529
MDMin:  156 20:51:13    -2393.990134        0.687699
MDMin:  157 20:51:14    -2393.991620        0.745762
MDMin:  158 20:51:16    -2393.993211        0.832805
MDMin:  159 20:51:18    -2393.994890        0.953918
MDMin:  160 20:51:20    -2393.996631        1.099171
MDMin:  161 20:51:22    -2393.998414        1.232344
MDMin:  162 20:51:24    -2394.000234        1.307818
MDMin:  163 20:51:26    -2394.002010        1.307038
MDMin:  164 20:51:28    -2394.003407        1.261970
MDMin:  165 20:51:29    -2394.004312        1.219491
MDMin:  166 20:51:31    -2394.005245        1.169811
MDMin:  167 20:51:33    -2394.006329        1.109255
MDMin:  168 20:51:34    -2394.007594        1.040025
MDMin:  169 20:51:36    -2394.009068        0.966503
MDMin:  170 20:51:38    -2394.010782        0.893865
MDMin:  171 20:51:40    -2394.012769        0.826865
MDMin:  172 20:51:41    -2394.015074        0.768738
MDMin:  173 20:51:43    -2394.017746        0.720689
MDMin:  174 20:51:46    -2394.020833        0.682434
MDMin:  175 20:51:48    -2394.024354        0.653116
MDMin:  176 20:51:49    -2394.028137        0.632232
MDMin:  177 20:51:52    -2394.031434        0.619902
MDMin:  178 20:51:54    -2394.033618        0.613867
MDMin:  179 20:51:55    -2394.035745        0.609188
MDMin:  180 20:51:57    -2394.038198        0.604962
MDMin:  181 20:51:59    -2394.041061        0.601296
MDMin:  182 20:52:01    -2394.044398        0.612414
MDMin:  183 20:52:02    -2394.048280        0.628163
MDMin:  184 20:52:04    -2394.052793        0.642972
MDMin:  185 20:52:06    -2394.058042        0.655762
MDMin:  186 20:52:08    -2394.064158        0.665252
MDMin:  187 20:52:09    -2394.071296        0.670192
MDMin:  188 20:52:11    -2394.079647        0.669281
MDMin:  189 20:52:13    -2394.089434        0.661381
MDMin:  190 20:52:15    -2394.100903        0.645865
MDMin:  191 20:52:17    -2394.114290        0.622882
MDMin:  192 20:52:18    -2394.129707        0.593609
MDMin:  193 20:52:19    -2394.146841        0.625359
MDMin:  194 20:52:20    -2394.164385        0.658021
MDMin:  195 20:52:22    -2394.180242        0.683525
MDMin:  196 20:52:23    -2394.194285        0.703073
MDMin:  197 20:52:25    -2394.208507        0.720106
MDMin:  198 20:52:27    -2394.224066        0.735731
MDMin:  199 20:52:29    -2394.241336        0.749630
MDMin:  200 20:52:31    -2394.260408        0.761103
MDMin:  201 20:52:32    -2394.281248        0.769456
MDMin:  202 20:52:34    -2394.303734        0.793039
MDMin:  203 20:52:36    -2394.327676        0.828059
MDMin:  204 20:52:38    -2394.352842        0.863818
MDMin:  205 20:52:40    -2394.378252        0.898356
MDMin:  206 20:52:42    -2394.404566        0.928837
MDMin:  207 20:52:44    -2394.431735        0.952178
MDMin:  208 20:52:45    -2394.459971        0.964942
MDMin:  209 20:52:47    -2394.489404        0.965892
MDMin:  210 20:52:49    -2394.519886        0.962395
MDMin:  211 20:52:51    -2394.551284        1.049910
MDMin:  212 20:52:53    -2394.584675        1.150621
MDMin:  213 20:52:55    -2394.622908        1.266685
MDMin:  214 20:52:57    -2394.669853        1.396802
MDMin:  215 20:52:59    -2394.730157        1.528118
MDMin:  216 20:53:00    -2394.809160        1.654621
MDMin:  217 20:53:02    -2394.911302        1.734989
MDMin:  218 20:53:04    -2395.035868        1.752215
MDMin:  219 20:53:06    -2395.172242        1.698356
MDMin:  220 20:53:08    -2395.300617        1.547232
MDMin:  221 20:53:10    -2395.380067        1.156718
MDMin:  222 20:53:12    -2395.436689        1.206060
MDMin:  223 20:53:13    -2395.475459        1.341734
MDMin:  224 20:53:15    -2395.505013        1.376725
MDMin:  225 20:53:17    -2395.530634        1.270361
MDMin:  226 20:53:18    -2395.554082        1.060254
MDMin:  227 20:53:20    -2395.575875        0.872421
MDMin:  228 20:53:22    -2395.593876        2.005132
MDMin:  229 20:53:24    -2395.597724        0.751268
MDMin:  230 20:53:25    -2395.601515        0.735874
MDMin:  231 20:53:27    -2395.605726        0.720142
MDMin:  232 20:53:28    -2395.610343        0.704562
MDMin:  233 20:53:30    -2395.615334        0.689678
MDMin:  234 20:53:31    -2395.620668        0.696554
MDMin:  235 20:53:32    -2395.626307        0.715094
MDMin:  236 20:53:33    -2395.632216        0.737895
MDMin:  237 20:53:34    -2395.638360        0.764933
MDMin:  238 20:53:35    -2395.644705        0.795389
MDMin:  239 20:53:36    -2395.651216        0.827468
MDMin:  240 20:53:38    -2395.657841        0.857787
MDMin:  241 20:53:40    -2395.664354        0.879726
MDMin:  242 20:53:42    -2395.669830        0.886115
MDMin:  243 20:53:44    -2395.672980        0.882910
MDMin:  244 20:53:45    -2395.675569        0.876470
MDMin:  245 20:53:47    -2395.678397        0.865860
MDMin:  246 20:53:49    -2395.681578        0.850225
MDMin:  247 20:53:51    -2395.685142        0.829442
MDMin:  248 20:53:52    -2395.689118        0.804009
MDMin:  249 20:53:54    -2395.693545        0.775122
MDMin:  250 20:53:56    -2395.698474        0.744375
MDMin:  251 20:53:58    -2395.703969        0.713393
MDMin:  252 20:53:59    -2395.710115        0.683494
MDMin:  253 20:54:01    -2395.717017        0.655629
MDMin:  254 20:54:02    -2395.724781        0.630470
MDMin:  255 20:54:03    -2395.733389        0.608770
MDMin:  256 20:54:05    -2395.742171        0.626950
MDMin:  257 20:54:06    -2395.749159        0.641648
MDMin:  258 20:54:08    -2395.754067        0.575485
MDMin:  259 20:54:10    -2395.759166        0.570065
MDMin:  260 20:54:12    -2395.765133        0.564628
MDMin:  261 20:54:14    -2395.772159        0.559266
MDMin:  262 20:54:16    -2395.780422        0.554112
MDMin:  263 20:54:17    -2395.790130        0.549281
MDMin:  264 20:54:19    -2395.801539        0.544855
MDMin:  265 20:54:21    -2395.814959        0.558960
MDMin:  266 20:54:23    -2395.830757        0.598156
MDMin:  267 20:54:25    -2395.849358        0.643369
MDMin:  268 20:54:27    -2395.871230        0.694786
MDMin:  269 20:54:29    -2395.896849        0.752014
MDMin:  270 20:54:30    -2395.926608        0.813602
MDMin:  271 20:54:32    -2395.960676        0.876312
MDMin:  272 20:54:33    -2395.998670        0.934529
MDMin:  273 20:54:35    -2396.039006        0.982119
MDMin:  274 20:54:37    -2396.077889        1.011508
MDMin:  275 20:54:38    -2396.111046        1.022626
MDMin:  276 20:54:41    -2396.138756        1.022828
MDMin:  277 20:54:42    -2396.165142        1.017237
MDMin:  278 20:54:44    -2396.178008        1.151677
MDMin:  279 20:54:46    -2396.183538        1.146982
MDMin:  280 20:54:48    -2396.190189        1.121413
MDMin:  281 20:54:49    -2396.198198        1.068861
MDMin:  282 20:54:51    -2396.207843        1.020099
MDMin:  283 20:54:52    -2396.219443        1.070945
MDMin:  284 20:54:53    -2396.233351        1.123144
MDMin:  285 20:54:54    -2396.249963        1.168973
MDMin:  286 20:54:56    -2396.269728        1.194459
MDMin:  287 20:54:58    -2396.293111        1.181736
MDMin:  288 20:55:00    -2396.320235        1.223033
MDMin:  289 20:55:02    -2396.349840        1.200307
MDMin:  290 20:55:04    -2396.377094        1.140850
MDMin:  291 20:55:06    -2396.397932        1.087926
MDMin:  292 20:55:08    -2396.416406        1.043175
MDMin:  293 20:55:10    -2396.434841        1.004144
MDMin:  294 20:55:12    -2396.443221        0.973869
MDMin:  295 20:55:14    -2396.451357        0.955811
MDMin:  296 20:55:15    -2396.459038        0.951244
MDMin:  297 20:55:17    -2396.466067        0.957829
MDMin:  298 20:55:18    -2396.472286        0.968536
MDMin:  299 20:55:20    -2396.477568        0.970149
MDMin:  300 20:55:21    -2396.480591        0.946618
MDMin:  301 20:55:23    -2396.482066        0.898913
MDMin:  302 20:55:25    -2396.483021        0.863182
MDMin:  303 20:55:27    -2396.483797        0.880119
MDMin:  304 20:55:28    -2396.484573        0.884824
MDMin:  305 20:55:30    -2396.485373        0.869789
MDMin:  306 20:55:32    -2396.486193        0.828212
MDMin:  307 20:55:34    -2396.487030        0.783029
MDMin:  308 20:55:36    -2396.487879        0.738333
MDMin:  309 20:55:38    -2396.488726        0.683363
MDMin:  310 20:55:39    -2396.489538        0.622327
MDMin:  311 20:55:40    -2396.490221        0.745695
MDMin:  312 20:55:41    -2396.490589        0.584211
MDMin:  313 20:55:43    -2396.490799        0.565967
MDMin:  314 20:55:44    -2396.491034        0.566717
MDMin:  315 20:55:46    -2396.491293        0.568696
MDMin:  316 20:55:48    -2396.491570        0.572595
MDMin:  317 20:55:50    -2396.491861        0.579332
MDMin:  318 20:55:52    -2396.492161        0.590073
MDMin:  319 20:55:54    -2396.492466        0.606202
MDMin:  320 20:55:56    -2396.492771        0.629193
MDMin:  321 20:55:58    -2396.493072        0.660261
MDMin:  322 20:56:00    -2396.493364        0.699597
MDMin:  323 20:56:02    -2396.493643        0.744867
MDMin:  324 20:56:04    -2396.493908        0.788884
MDMin:  325 20:56:06    -2396.494157        0.817367
MDMin:  326 20:56:08    -2396.494392        0.810173
MDMin:  327 20:56:09    -2396.494613        0.750598
MDMin:  328 20:56:10    -2396.494821        0.640775
MDMin:  329 20:56:11    -2396.495017        0.535089
MDMin:  330 20:56:13    -2396.495197        0.573753
MDMin:  331 20:56:15    -2396.495356        0.611192
MDMin:  332 20:56:17    -2396.495459        0.965498
MDMin:  333 20:56:19    -2396.495479        0.627706
MDMin:  334 20:56:21    -2396.495509        0.633863
MDMin:  335 20:56:23    -2396.495542        0.637833
MDMin:  336 20:56:25    -2396.495578        0.641672
MDMin:  337 20:56:27    -2396.495616        0.644830
MDMin:  338 20:56:29    -2396.495657        0.646889
MDMin:  339 20:56:30    -2396.495699        0.647288
MDMin:  340 20:56:32    -2396.495741        0.645473
MDMin:  341 20:56:34    -2396.495784        0.640827
MDMin:  342 20:56:36    -2396.495827        0.632852
MDMin:  343 20:56:38    -2396.495869        0.621161
MDMin:  344 20:56:40    -2396.495909        0.605690
MDMin:  345 20:56:41    -2396.495948        0.586471
MDMin:  346 20:56:43    -2396.495985        0.564033
MDMin:  347 20:56:44    -2396.496019        0.538362
MDMin:  348 20:56:46    -2396.496052        0.511271
MDMin:  349 20:56:47    -2396.496081        0.480860
MDMin:  350 20:56:48    -2396.496108        0.458935
MDMin:  351 20:56:50    -2396.496130        0.626285
MDMin:  352 20:56:51    -2396.496137        0.480032
MDMin:  353 20:56:53    -2396.496140        0.428786
MDMin:  354 20:56:55    -2396.496144        0.424211
MDMin:  355 20:56:57    -2396.496148        0.421191
MDMin:  356 20:56:58    -2396.496153        0.418956
MDMin:  357 20:56:59    -2396.496159        0.417447
MDMin:  358 20:57:01    -2396.496165        0.417119
MDMin:  359 20:57:03    -2396.496172        0.418534
MDMin:  360 20:57:05    -2396.496179        0.422355
MDMin:  361 20:57:07    -2396.496187        0.429361
MDMin:  362 20:57:08    -2396.496196        0.440449
MDMin:  363 20:57:10    -2396.496205        0.456620
MDMin:  364 20:57:12    -2396.496215        0.478936
MDMin:  365 20:57:14    -2396.496226        0.508392
MDMin:  366 20:57:15    -2396.496237        0.545657
MDMin:  367 20:57:17    -2396.496250        0.590556
MDMin:  368 20:57:19    -2396.496263        0.641265
MDMin:  369 20:57:21    -2396.496278        0.693236
MDMin:  370 20:57:22    -2396.496294        0.738292
MDMin:  371 20:57:23    -2396.496311        0.764841
MDMin:  372 20:57:24    -2396.496330        0.760612
MDMin:  373 20:57:26    -2396.496352        0.718329
MDMin:  374 20:57:28    -2396.496377        0.641929
MDMin:  375 20:57:29    -2396.496404        0.547474
MDMin:  376 20:57:31    -2396.496432        0.640687
MDMin:  377 20:57:33    -2396.496450        0.618121
MDMin:  378 20:57:34    -2396.496460        0.526159
MDMin:  379 20:57:36    -2396.496471        0.526126
MDMin:  380 20:57:37    -2396.496485        0.525123
MDMin:  381 20:57:39    -2396.496501        0.522861
MDMin:  382 20:57:41    -2396.496519        0.519080
MDMin:  383 20:57:43    -2396.496541        0.513594
MDMin:  384 20:57:45    -2396.496565        0.506317
MDMin:  385 20:57:46    -2396.496593        0.497242
MDMin:  386 20:57:48    -2396.496624        0.486389
MDMin:  387 20:57:50    -2396.496659        0.473758
MDMin:  388 20:57:52    -2396.496699        0.459256
MDMin:  389 20:57:53    -2396.496744        0.442676
MDMin:  390 20:57:55    -2396.496795        0.432406
MDMin:  391 20:57:57    -2396.496854        0.452045
MDMin:  392 20:57:59    -2396.496921        0.471729
MDMin:  393 20:58:00    -2396.496998        0.482600
MDMin:  394 20:58:02    -2396.497079        0.576251
MDMin:  395 20:58:03    -2396.497135        0.736430
MDMin:  396 20:58:05    -2396.497150        0.492364
MDMin:  397 20:58:07    -2396.497172        0.495460
MDMin:  398 20:58:09    -2396.497199        0.495173
MDMin:  399 20:58:11    -2396.497231        0.494293
MDMin:  400 20:58:13    -2396.497268        0.493072
MDMin:  401 20:58:15    -2396.497311        0.491409
MDMin:  402 20:58:17    -2396.497360        0.489300
MDMin:  403 20:58:19    -2396.497415        0.486722
MDMin:  404 20:58:21    -2396.497478        0.483718
MDMin:  405 20:58:22    -2396.497548        0.480337
MDMin:  406 20:58:24    -2396.497627        0.476705
MDMin:  407 20:58:25    -2396.497715        0.472921
MDMin:  408 20:58:27    -2396.497813        0.469193
MDMin:  409 20:58:28    -2396.497922        0.465537
MDMin:  410 20:58:30    -2396.498043        0.462298
MDMin:  411 20:58:32    -2396.498176        0.458880
MDMin:  412 20:58:34    -2396.498323        0.456708
MDMin:  413 20:58:36    -2396.498485        0.451431
MDMin:  414 20:58:38    -2396.498661        0.454761
MDMin:  415 20:58:40    -2396.498832        0.608273
MDMin:  416 20:58:42    -2396.498829        0.523956
MDMin:  417 20:58:44    -2396.498810        0.445564
MDMin:  418 20:58:45    -2396.498784        0.441152
MDMin:  419 20:58:47    -2396.498754        0.439127
MDMin:  420 20:58:48    -2396.498720        0.436941
MDMin:  421 20:58:49    -2396.498682        0.434247
MDMin:  422 20:58:51    -2396.498641        0.431025
MDMin:  423 20:58:53    -2396.498595        0.427157
MDMin:  424 20:58:55    -2396.498547        0.422561
MDMin:  425 20:58:57    -2396.498494        0.417115
MDMin:  426 20:58:59    -2396.498438        0.410735
MDMin:  427 20:59:01    -2396.498378        0.403306
MDMin:  428 20:59:03    -2396.498314        0.394792
MDMin:  429 20:59:05    -2396.498246        0.385094
MDMin:  430 20:59:07    -2396.498173        0.374333
MDMin:  431 20:59:10    -2396.498097        0.362331
MDMin:  432 20:59:12    -2396.498017        0.349866
MDMin:  433 20:59:14    -2396.497933        0.335672
MDMin:  434 20:59:16    -2396.497846        0.324868
MDMin:  435 20:59:18    -2396.497760        0.344451
MDMin:  436 20:59:21    -2396.497695        0.671523
MDMin:  437 20:59:23    -2396.497682        0.344995
MDMin:  438 20:59:25    -2396.497662        0.298768
MDMin:  439 20:59:27    -2396.497638        0.296587
MDMin:  440 20:59:30    -2396.497612        0.294265
MDMin:  441 20:59:32    -2396.497583        0.292181
MDMin:  442 20:59:34    -2396.497551        0.290465
MDMin:  443 20:59:37    -2396.497516        0.289421
MDMin:  444 20:59:39    -2396.497480        0.289343
MDMin:  445 20:59:42    -2396.497442        0.290678
MDMin:  446 20:59:44    -2396.497403        0.293902
MDMin:  447 20:59:46    -2396.497363        0.299733
MDMin:  448 20:59:48    -2396.497324        0.308888
MDMin:  449 20:59:50    -2396.497285        0.322567
MDMin:  450 20:59:52    -2396.497248        0.341650
MDMin:  451 20:59:54    -2396.497215        0.368304
MDMin:  452 20:59:56    -2396.497185        0.402336
MDMin:  453 20:59:58    -2396.497160        0.448498
MDMin:  454 21:00:01    -2396.497141        0.497683
MDMin:  455 21:00:03    -2396.497128        0.561527
MDMin:  456 21:00:06    -2396.497122        0.596198
MDMin:  457 21:00:08    -2396.497119        0.634897
MDMin:  458 21:00:11    -2396.497118        0.659627
MDMin:  459 21:00:13    -2396.497117        0.688750
MDMin:  460 21:00:15    -2396.497118        0.714520
MDMin:  461 21:00:17    -2396.497121        0.735988
MDMin:  462 21:00:19    -2396.497126        0.747936
MDMin:  463 21:00:21    -2396.497133        0.746608
MDMin:  464 21:00:23    -2396.497144        0.727701
MDMin:  465 21:00:25    -2396.497158        0.689803
MDMin:  466 21:00:27    -2396.497178        0.633950
MDMin:  467 21:00:29    -2396.497204        0.565152
MDMin:  468 21:00:31    -2396.497237        0.574628
MDMin:  469 21:00:34    -2396.497279        0.597046
MDMin:  470 21:00:35    -2396.497332        0.603958
MDMin:  471 21:00:37    -2396.497399        0.604204
MDMin:  472 21:00:39    -2396.497480        0.586063
MDMin:  473 21:00:41    -2396.497571        0.581745
MDMin:  474 21:00:43    -2396.497632        0.553472
MDMin:  475 21:00:45    -2396.497675        0.552347
MDMin:  476 21:00:47    -2396.497719        0.541970
MDMin:  477 21:00:49    -2396.497772        0.532725
MDMin:  478 21:00:51    -2396.497792        0.522586
MDMin:  479 21:00:53    -2396.497727        0.512318
MDMin:  480 21:00:55    -2396.497660        0.501995
MDMin:  481 21:00:57    -2396.497590        0.492113
MDMin:  482 21:00:59    -2396.497521        0.482929
MDMin:  483 21:01:01    -2396.497454        0.474897
MDMin:  484 21:01:03    -2396.497390        0.468116
MDMin:  485 21:01:05    -2396.497332        0.462669
MDMin:  486 21:01:07    -2396.497283        0.457902
MDMin:  487 21:01:08    -2396.497245        0.453036
MDMin:  488 21:01:09    -2396.497221        0.446182
MDMin:  489 21:01:10    -2396.497215        0.435812
MDMin:  490 21:01:11    -2396.497227        0.700744
MDMin:  491 21:01:12    -2396.497047        0.622525
MDMin:  492 21:01:14    -2396.496821        0.544447
MDMin:  493 21:01:16    -2396.496667        0.475445
MDMin:  494 21:01:18    -2396.496695        0.416439
MDMin:  495 21:01:20    -2396.496999        0.367037
MDMin:  496 21:01:22    -2396.497134        0.314197
MDMin:  497 21:01:24    -2396.497113        0.266641
MDMin:  498 21:01:26    -2396.497063        0.242094
MDMin:  499 21:01:28    -2396.496992        0.274126
MDMin:  500 21:01:29    -2396.496924        0.288504
MDMin:  501 21:01:31    -2396.496878        0.359133
MDMin:  502 21:01:32    -2396.496854        0.224734
MDMin:  503 21:01:34    -2396.496825        0.357182
MDMin:  504 21:01:36    -2396.496800        0.308402
MDMin:  505 21:01:38    -2396.496785        0.318456
MDMin:  506 21:01:40    -2396.496775        0.221290
MDMin:  507 21:01:42    -2396.496763        0.221668
MDMin:  508 21:01:44    -2396.496749        0.222192
MDMin:  509 21:01:45    -2396.496734        0.222831
MDMin:  510 21:01:46    -2396.496720        0.223606
MDMin:  511 21:01:48    -2396.496708        0.224550
MDMin:  512 21:01:50    -2396.496700        0.225692
MDMin:  513 21:01:52    -2396.496697        0.303395
MDMin:  514 21:01:54    -2396.496700        0.274846
MDMin:  515 21:01:56    -2396.496701        0.227918
MDMin:  516 21:01:58    -2396.496703        0.228276
MDMin:  517 21:01:59    -2396.496707        0.228777
MDMin:  518 21:02:01    -2396.496714        0.229451
MDMin:  519 21:02:02    -2396.496724        0.230328
MDMin:  520 21:02:04    -2396.496741        0.231442
MDMin:  521 21:02:06    -2396.496765        0.232836
MDMin:  522 21:02:08    -2396.496800        0.234584
MDMin:  523 21:02:10    -2396.496847        0.337260
MDMin:  524 21:02:12    -2396.496872        0.277442
MDMin:  525 21:02:14    -2396.496883        0.238047
MDMin:  526 21:02:16    -2396.496900        0.238709
MDMin:  527 21:02:18    -2396.496926        0.239639
MDMin:  528 21:02:20    -2396.496962        0.240895
MDMin:  529 21:02:22    -2396.497010        0.242519
MDMin:  530 21:02:24    -2396.497073        0.244568
MDMin:  531 21:02:26    -2396.497153        0.247081
MDMin:  532 21:02:27    -2396.497241        0.433445
MDMin:  533 21:02:28    -2396.497266        0.250400
MDMin:  534 21:02:29    -2396.497303        0.251421
MDMin:  535 21:02:31    -2396.497355        0.252842
MDMin:  536 21:02:32    -2396.497423        0.254694
MDMin:  537 21:02:34    -2396.497509        0.256983
MDMin:  538 21:02:36    -2396.497593        0.366717
MDMin:  539 21:02:38    -2396.497628        0.260012
MDMin:  540 21:02:40    -2396.497675        0.261181
MDMin:  541 21:02:41    -2396.497743        0.262862
MDMin:  542 21:02:42    -2396.497834        0.265094
MDMin:  543 21:02:44    -2396.497952        0.267923
MDMin:  544 21:02:46    -2396.498092        0.387062
MDMin:  545 21:02:48    -2396.498149        0.272493
MDMin:  546 21:02:50    -2396.498188        0.273385
MDMin:  547 21:02:52    -2396.498254        0.274846
MDMin:  548 21:02:53    -2396.498347        0.276929
MDMin:  549 21:02:55    -2396.498472        0.279663
MDMin:  550 21:02:57    -2396.498630        0.283080
MDMin:  551 21:02:59    -2396.498779        0.622731
MDMin:  552 21:03:01    -2396.498823        0.287136
MDMin:  553 21:03:03    -2396.498901        0.288748
MDMin:  554 21:03:05    -2396.498996        0.290680
MDMin:  555 21:03:06    -2396.499125        0.293269
MDMin:  556 21:03:07    -2396.499288        0.296499
MDMin:  557 21:03:09    -2396.499466        0.369042
MDMin:  558 21:03:11    -2396.499567        0.301873
MDMin:  559 21:03:13    -2396.499642        0.303289
MDMin:  560 21:03:15    -2396.499752        0.305340
MDMin:  561 21:03:17    -2396.499906        0.308158
MDMin:  562 21:03:19    -2396.500104        0.311739
MDMin:  563 21:03:21    -2396.500333        0.414335
MDMin:  564 21:03:22    -2396.500442        0.317605
MDMin:  565 21:03:23    -2396.500520        0.318928
MDMin:  566 21:03:25    -2396.500643        0.320990
MDMin:  567 21:03:26    -2396.500819        0.323865
MDMin:  568 21:03:28    -2396.501050        0.327552
MDMin:  569 21:03:30    -2396.501342        0.332053
MDMin:  570 21:03:33    -2396.501685        0.901744
MDMin:  571 21:03:35    -2396.501794        0.338654
MDMin:  572 21:03:36    -2396.501934        0.340604
MDMin:  573 21:03:38    -2396.502120        0.343133
MDMin:  574 21:03:40    -2396.502369        0.346398
MDMin:  575 21:03:41    -2396.502677        0.350257
MDMin:  576 21:03:42    -2396.502994        0.427278
MDMin:  577 21:03:43    -2396.503154        0.355840
MDMin:  578 21:03:44    -2396.503309        0.357542
MDMin:  579 21:03:45    -2396.503526        0.359849
MDMin:  580 21:03:47    -2396.503815        0.362771
MDMin:  581 21:03:48    -2396.504170        0.366125
MDMin:  582 21:03:50    -2396.504493        0.432104
MDMin:  583 21:03:51    -2396.504652        0.370286
MDMin:  584 21:03:52    -2396.504858        0.371929
MDMin:  585 21:03:53    -2396.505149        0.374115
MDMin:  586 21:03:54    -2396.505529        0.376736
MDMin:  587 21:03:56    -2396.506002        0.379641
MDMin:  588 21:03:58    -2396.506483        0.553065
MDMin:  589 21:04:00    -2396.506681        0.383189
MDMin:  590 21:04:02    -2396.506939        0.384356
MDMin:  591 21:04:04    -2396.507296        0.385816
MDMin:  592 21:04:05    -2396.507760        0.387447
MDMin:  593 21:04:07    -2396.508334        0.389090
MDMin:  594 21:04:09    -2396.508968        0.446774
MDMin:  595 21:04:10    -2396.509301        0.391065
MDMin:  596 21:04:12    -2396.509561        0.391462
MDMin:  597 21:04:14    -2396.509928        0.391916
MDMin:  598 21:04:16    -2396.510419        0.392351
MDMin:  599 21:04:18    -2396.511043        0.392649
MDMin:  600 21:04:20    -2396.511805        0.392685
MDMin:  601 21:04:22    -2396.512617        0.455312
MDMin:  602 21:04:24    -2396.513033        0.392231
MDMin:  603 21:04:25    -2396.513413        0.392015
MDMin:  604 21:04:27    -2396.513928        0.391641
MDMin:  605 21:04:28    -2396.514600        0.391041
MDMin:  606 21:04:30    -2396.515436        0.390155
MDMin:  607 21:04:32    -2396.516429        0.388967
MDMin:  608 21:04:33    -2396.517378        0.461149
MDMin:  609 21:04:35    -2396.517912        0.387145
MDMin:  610 21:04:37    -2396.518489        0.386447
MDMin:  611 21:04:38    -2396.519248        0.385501
MDMin:  612 21:04:39    -2396.520206        0.384281
MDMin:  613 21:04:40    -2396.521377        0.382782
MDMin:  614 21:04:42    -2396.522732        0.381073
MDMin:  615 21:04:44    -2396.523991        0.433926
MDMin:  616 21:04:46    -2396.524801        0.378667
MDMin:  617 21:04:48    -2396.525652        0.377737
MDMin:  618 21:04:50    -2396.526728        0.376565
MDMin:  619 21:04:51    -2396.528060        0.375119
MDMin:  620 21:04:52    -2396.529665        0.373388
MDMin:  621 21:04:54    -2396.531517        0.371399
MDMin:  622 21:04:55    -2396.533405        0.387116
MDMin:  623 21:04:57    -2396.534836        0.367859
MDMin:  624 21:04:59    -2396.536056        0.366543
MDMin:  625 21:05:00    -2396.537465        0.364973
MDMin:  626 21:05:01    -2396.539162        0.362997
MDMin:  627 21:05:03    -2396.541164        0.360530
MDMin:  628 21:05:05    -2396.543456        0.357496
MDMin:  629 21:05:07    -2396.545945        0.353905
MDMin:  630 21:05:09    -2396.548307        0.350169
MDMin:  631 21:05:11    -2396.550103        0.347083
MDMin:  632 21:05:13    -2396.551658        0.344235
MDMin:  633 21:05:14    -2396.553367        0.340924
MDMin:  634 21:05:15    -2396.555331        0.336888
MDMin:  635 21:05:17    -2396.557569        0.332006
MDMin:  636 21:05:19    -2396.560074        0.326208
MDMin:  637 21:05:21    -2396.562814        0.319517
MDMin:  638 21:05:22    -2396.565663        0.312232
MDMin:  639 21:05:23    -2396.567649        0.305205
MDMin:  640 21:05:24    -2396.568975        0.343328
MDMin:  641 21:05:26    -2396.570158        0.294187
MDMin:  642 21:05:27    -2396.571569        0.288334
MDMin:  643 21:05:29    -2396.573161        0.281740
MDMin:  644 21:05:31    -2396.574969        0.274367
MDMin:  645 21:05:33    -2396.576996        0.266267
MDMin:  646 21:05:35    -2396.579250        0.257524
MDMin:  647 21:05:37    -2396.581728        0.248272
MDMin:  648 21:05:39    -2396.584418        0.238686
MDMin:  649 21:05:40    -2396.587290        0.237664
MDMin:  650 21:05:42    -2396.590283        0.243072
MDMin:  651 21:05:44    -2396.593320        0.246732
MDMin:  652 21:05:46    -2396.596339        0.251927
MDMin:  653 21:05:48    -2396.599344        0.259086
MDMin:  654 21:05:49    -2396.602405        0.265568
MDMin:  655 21:05:50    -2396.605605        0.271818
MDMin:  656 21:05:52    -2396.609010        0.275596
MDMin:  657 21:05:54    -2396.612670        0.277892
MDMin:  658 21:05:55    -2396.616620        0.277229
MDMin:  659 21:05:57    -2396.620884        0.274332
MDMin:  660 21:05:58    -2396.625462        0.268265
MDMin:  661 21:05:59    -2396.630246        0.287123
MDMin:  662 21:06:00    -2396.636574        0.255829
MDMin:  663 21:06:01    -2396.638370        0.249009
MDMin:  664 21:06:03    -2396.640413        0.244194
MDMin:  665 21:06:05    -2396.642870        0.238732
MDMin:  666 21:06:07    -2396.645384        0.232584
MDMin:  667 21:06:09    -2396.648246        0.225792
MDMin:  668 21:06:11    -2396.651374        0.218511
MDMin:  669 21:06:13    -2396.654797        0.210968
MDMin:  670 21:06:15    -2396.658423        0.203550
MDMin:  671 21:06:17    -2396.662018        0.196931
MDMin:  672 21:06:19    -2396.665166        0.191938
MDMin:  673 21:06:21    -2396.667702        0.188332
MDMin:  674 21:06:23    -2396.669997        0.185078
MDMin:  675 21:06:25    -2396.672413        0.181813
MDMin:  676 21:06:26    -2396.675068        0.181903
MDMin:  677 21:06:28    -2396.677989        0.185196
MDMin:  678 21:06:30    -2396.681178        0.189103
MDMin:  679 21:06:32    -2396.684613        0.193639
MDMin:  680 21:06:34    -2396.688229        0.198913
MDMin:  681 21:06:36    -2396.691870        0.204631
MDMin:  682 21:06:38    -2396.695266        0.210180
MDMin:  683 21:06:40    -2396.698253        0.214558
MDMin:  684 21:06:42    -2396.700996        0.218864
MDMin:  685 21:06:44    -2396.703777        0.223600
MDMin:  686 21:06:46    -2396.706754        0.229047
MDMin:  687 21:06:47    -2396.709984        0.235130
MDMin:  688 21:06:49    -2396.713482        0.242193
MDMin:  689 21:06:51    -2396.717230        0.251258
MDMin:  690 21:06:53    -2396.721171        0.261065
MDMin:  691 21:06:55    -2396.725186        0.272083
MDMin:  692 21:06:56    -2396.729114        0.284578
MDMin:  693 21:06:58    -2396.732889        0.291813
MDMin:  694 21:06:59    -2396.736608        0.300240
MDMin:  695 21:07:01    -2396.740435        0.309629
MDMin:  696 21:07:03    -2396.744496        0.319462
MDMin:  697 21:07:05    -2396.748857        0.330695
MDMin:  698 21:07:06    -2396.753545        0.342565
MDMin:  699 21:07:07    -2396.758544        0.355864
MDMin:  700 21:07:08    -2396.763807        0.369437
MDMin:  701 21:07:10    -2396.769272        0.383913
MDMin:  702 21:07:11    -2396.774905        0.397643
MDMin:  703 21:07:13    -2396.780741        0.411803
MDMin:  704 21:07:14    -2396.786860        0.425474
MDMin:  705 21:07:15    -2396.793356        0.440073
MDMin:  706 21:07:16    -2396.800304        0.454616
MDMin:  707 21:07:18    -2396.807756        0.470063
MDMin:  708 21:07:20    -2396.815738        0.485220
MDMin:  709 21:07:22    -2396.824261        0.500800
MDMin:  710 21:07:24    -2396.833328        0.515469
MDMin:  711 21:07:26    -2396.842946        0.529923
MDMin:  712 21:07:27    -2396.853132        0.543030
MDMin:  713 21:07:29    -2396.863906        0.555718
MDMin:  714 21:07:31    -2396.875292        0.567338
MDMin:  715 21:07:33    -2396.887316        0.579141
MDMin:  716 21:07:35    -2396.900014        0.591145
MDMin:  717 21:07:36    -2396.913447        0.605187
MDMin:  718 21:07:38    -2396.927721        0.622143
MDMin:  719 21:07:40    -2396.943015        0.644630
MDMin:  720 21:07:42    -2396.959614        0.674344
MDMin:  721 21:07:44    -2396.977953        0.718495
MDMin:  722 21:07:46    -2396.998672        0.786010
MDMin:  723 21:07:48    -2397.022684        0.867256
MDMin:  724 21:07:50    -2397.051246        0.961282
MDMin:  725 21:07:51    -2397.086011        1.063754
MDMin:  726 21:07:53    -2397.128965        1.165563
MDMin:  727 21:07:55    -2397.182128        1.261953
MDMin:  728 21:07:57    -2397.246820        1.339660
MDMin:  729 21:07:58    -2397.322261        1.366466
MDMin:  730 21:07:59    -2397.403809        1.315323
MDMin:  731 21:08:01    -2397.482095        1.151036
MDMin:  732 21:08:02    -2397.546472        0.919686
MDMin:  733 21:08:04    -2397.590016        0.787719
MDMin:  734 21:08:05    -2397.615029        0.704006
MDMin:  735 21:08:06    -2397.629038        0.633658
MDMin:  736 21:08:08    -2397.635973        0.584252
MDMin:  737 21:08:10    -2397.640737        0.542583
MDMin:  738 21:08:11    -2397.644913        0.501777
MDMin:  739 21:08:12    -2397.648942        0.461752
MDMin:  740 21:08:14    -2397.652935        0.424911
MDMin:  741 21:08:16    -2397.656876        0.394509
MDMin:  742 21:08:18    -2397.660656        0.373342
MDMin:  743 21:08:20    -2397.664086        0.361929
MDMin:  744 21:08:22    -2397.667021        0.357496
MDMin:  745 21:08:23    -2397.669481        0.356805
MDMin:  746 21:08:25    -2397.671738        0.358603
MDMin:  747 21:08:26    -2397.673983        0.362757
MDMin:  748 21:08:27    -2397.676276        0.369387
MDMin:  749 21:08:29    -2397.678611        0.378549
MDMin:  750 21:08:30    -2397.680951        0.390029
MDMin:  751 21:08:33    -2397.683227        0.403144
MDMin:  752 21:08:35    -2397.685373        0.416898
MDMin:  753 21:08:36    -2397.687358        0.430701
MDMin:  754 21:08:38    -2397.689208        0.444643
MDMin:  755 21:08:40    -2397.690994        0.459001
MDMin:  756 21:08:41    -2397.692770        0.473829
MDMin:  757 21:08:42    -2397.694556        0.488832
MDMin:  758 21:08:43    -2397.696347        0.503358
MDMin:  759 21:08:45    -2397.698125        0.516491
MDMin:  760 21:08:47    -2397.699865        0.527305
MDMin:  761 21:08:49    -2397.701553        0.535181
MDMin:  762 21:08:51    -2397.703188        0.539853
MDMin:  763 21:08:53    -2397.704784        0.541212
MDMin:  764 21:08:54    -2397.706363        0.539195
MDMin:  765 21:08:56    -2397.707938        0.533868
MDMin:  766 21:08:58    -2397.709511        0.525581
MDMin:  767 21:09:00    -2397.711073        0.515026
MDMin:  768 21:09:02    -2397.712612        0.503096
MDMin:  769 21:09:04    -2397.714116        0.490590
MDMin:  770 21:09:06    -2397.715583        0.477991
MDMin:  771 21:09:08    -2397.717020        0.465456
MDMin:  772 21:09:10    -2397.718438        0.452919
MDMin:  773 21:09:12    -2397.719840        0.440202
MDMin:  774 21:09:14    -2397.721227        0.427099
MDMin:  775 21:09:16    -2397.722590        0.423681
MDMin:  776 21:09:18    -2397.723924        0.431510
MDMin:  777 21:09:20    -2397.725226        0.437948
MDMin:  778 21:09:21    -2397.725094        2.728571
MDMin:  779 21:09:23    -2397.726046        2.711086
MDMin:  780 21:09:25    -2397.726907        0.380670
MDMin:  781 21:09:27    -2397.726994        0.381598
MDMin:  782 21:09:29    -2397.727250        0.384380
MDMin:  783 21:09:31    -2397.727669        0.388945
MDMin:  784 21:09:32    -2397.727490        2.675683
MDMin:  785 21:09:34    -2397.728359        0.373898
MDMin:  786 21:09:36    -2397.728438        0.374858
MDMin:  787 21:09:37    -2397.728441        2.656323
MDMin:  788 21:09:39    -2397.728815        0.353699
MDMin:  789 21:09:41    -2397.728894        0.354787
MDMin:  790 21:09:43    -2397.729129        0.358057
MDMin:  791 21:09:45    -2397.729276        2.638597
MDMin:  792 21:09:47    -2397.729646        0.354693
MDMin:  793 21:09:48    -2397.729724        0.353746
MDMin:  794 21:09:50    -2397.729956        0.351110
MDMin:  795 21:09:52    -2397.729974        2.624414
MDMin:  796 21:09:53    -2397.730467        0.356532
MDMin:  797 21:09:55    -2397.730544        0.355477
MDMin:  798 21:09:57    -2397.730774        0.352544
MDMin:  799 21:09:59    -2397.730662        2.611267
MDMin:  800 21:10:01    -2397.731278        0.358580
MDMin:  801 21:10:02    -2397.731354        0.357430
MDMin:  802 21:10:04    -2397.731582        0.354236
MDMin:  803 21:10:07    -2397.731340        2.599051
MDMin:  804 21:10:09    -2397.732080        0.360656
MDMin:  805 21:10:11    -2397.732156        0.359426
MDMin:  806 21:10:13    -2397.732346        2.581192
MDMin:  807 21:10:14    -2397.732512        0.371361
MDMin:  808 21:10:15    -2397.732587        0.369788
MDMin:  809 21:10:16    -2397.732811        0.365416
MDMin:  810 21:10:18    -2397.733154        2.568700
MDMin:  811 21:10:20    -2397.733302        0.373007
MDMin:  812 21:10:22    -2397.733376        0.371438
MDMin:  813 21:10:24    -2397.733599        0.367075
MDMin:  814 21:10:26    -2397.733813        2.559431
MDMin:  815 21:10:28    -2397.734084        0.374467
MDMin:  816 21:10:30    -2397.734158        0.372902
MDMin:  817 21:10:32    -2397.734379        0.368554
MDMin:  818 21:10:34    -2397.734467        2.550741
MDMin:  819 21:10:36    -2397.734860        0.375746
MDMin:  820 21:10:38    -2397.734933        0.374187
MDMin:  821 21:10:39    -2397.735152        0.369858
MDMin:  822 21:10:41    -2397.735115        2.542598
MDMin:  823 21:10:43    -2397.735629        0.376851
MDMin:  824 21:10:45    -2397.735701        0.375300
MDMin:  825 21:10:46    -2397.735919        0.370992
MDMin:  826 21:10:48    -2397.735759        2.534972
MDMin:  827 21:10:50    -2397.736392        0.377788
MDMin:  828 21:10:52    -2397.736464        0.376245
MDMin:  829 21:10:54    -2397.736680        0.371962
MDMin:  830 21:10:56    -2397.736398        2.527802
MDMin:  831 21:10:58    -2397.737138        0.378739
MDMin:  832 21:10:59    -2397.737189        0.377200
MDMin:  833 21:11:00    -2397.737343        0.372902
MDMin:  834 21:11:01    -2397.737039        2.520991
MDMin:  835 21:11:03    -2397.737684        0.379283
MDMin:  836 21:11:05    -2397.737736        0.377757
MDMin:  837 21:11:07    -2397.737891        0.373524
MDMin:  838 21:11:09    -2397.737663        2.514784
MDMin:  839 21:11:11    -2397.738231        0.379756
MDMin:  840 21:11:13    -2397.738283        0.378240
MDMin:  841 21:11:14    -2397.738440        0.374040
MDMin:  842 21:11:15    -2397.738283        2.508956
MDMin:  843 21:11:17    -2397.738780        0.380100
MDMin:  844 21:11:19    -2397.738832        0.378595
MDMin:  845 21:11:20    -2397.738989        0.374426
MDMin:  846 21:11:22    -2397.738897        2.503511
MDMin:  847 21:11:24    -2397.739330        0.380315
MDMin:  848 21:11:26    -2397.739382        0.378819
MDMin:  849 21:11:28    -2397.739539        0.374682
MDMin:  850 21:11:30    -2397.739504        2.498431
MDMin:  851 21:11:31    -2397.739881        0.380407
MDMin:  852 21:11:33    -2397.739933        0.378922
MDMin:  853 21:11:35    -2397.740091        0.374817
MDMin:  854 21:11:37    -2397.740105        2.493694
MDMin:  855 21:11:39    -2397.740433        0.380386
MDMin:  856 21:11:41    -2397.740485        0.378911
MDMin:  857 21:11:43    -2397.740643        0.374836
MDMin:  858 21:11:45    -2397.740699        2.489281
MDMin:  859 21:11:47    -2397.740986        0.380258
MDMin:  860 21:11:49    -2397.741038        0.378793
MDMin:  861 21:11:51    -2397.741197        0.374748
MDMin:  862 21:11:53    -2397.741287        2.485173
MDMin:  863 21:11:56    -2397.741540        0.380031
MDMin:  864 21:11:58    -2397.741592        0.378575
MDMin:  865 21:12:00    -2397.741751        0.374560
MDMin:  866 21:12:02    -2397.741868        2.481353
MDMin:  867 21:12:04    -2397.742094        0.379712
MDMin:  868 21:12:06    -2397.742147        0.378265
MDMin:  869 21:12:08    -2397.742306        0.374278
MDMin:  870 21:12:11    -2397.742442        2.477803
MDMin:  871 21:12:13    -2397.742649        0.379308
MDMin:  872 21:12:15    -2397.742702        0.377869
MDMin:  873 21:12:17    -2397.742861        0.373910
MDMin:  874 21:12:19    -2397.743009        2.474508
MDMin:  875 21:12:22    -2397.743205        0.378826
MDMin:  876 21:12:24    -2397.743258        0.377395
MDMin:  877 21:12:26    -2397.743417        0.373461
MDMin:  878 21:12:29    -2397.743569        2.471452
MDMin:  879 21:12:31    -2397.743762        0.378274
MDMin:  880 21:12:33    -2397.743815        0.376850
MDMin:  881 21:12:35    -2397.743974        0.372940
MDMin:  882 21:12:37    -2397.744121        2.468620
MDMin:  883 21:12:39    -2397.744319        0.377656
MDMin:  884 21:12:42    -2397.744372        0.376239
MDMin:  885 21:12:44    -2397.744532        0.372351
MDMin:  886 21:12:46    -2397.744667        2.466001
MDMin:  887 21:12:48    -2397.744877        0.376981
MDMin:  888 21:12:50    -2397.744930        0.375570
MDMin:  889 21:12:53    -2397.745090        0.371703
MDMin:  890 21:12:55    -2397.745205        2.463580
MDMin:  891 21:12:57    -2397.745435        0.376252
MDMin:  892 21:12:59    -2397.745488        0.374847
MDMin:  893 21:13:01    -2397.745648        0.370999
MDMin:  894 21:13:03    -2397.745736        2.461346
MDMin:  895 21:13:05    -2397.745994        0.375477
MDMin:  896 21:13:07    -2397.746047        0.374077
MDMin:  897 21:13:09    -2397.746208        0.370247
MDMin:  898 21:13:11    -2397.746259        2.459288
MDMin:  899 21:13:12    -2397.746553        0.374661
MDMin:  900 21:13:15    -2397.746607        0.373265
MDMin:  901 21:13:16    -2397.746767        0.369451
MDMin:  902 21:13:18    -2397.746775        2.457396
MDMin:  903 21:13:21    -2397.747113        0.373809
MDMin:  904 21:13:22    -2397.747167        0.372416
MDMin:  905 21:13:24    -2397.747328        0.368617
MDMin:  906 21:13:26    -2397.747284        2.455658
MDMin:  907 21:13:28    -2397.747674        0.372925
MDMin:  908 21:13:30    -2397.747728        0.371536
MDMin:  909 21:13:32    -2397.747888        0.367750
MDMin:  910 21:13:35    -2397.747785        2.454067
MDMin:  911 21:13:36    -2397.748235        0.372014
MDMin:  912 21:13:38    -2397.748289        0.370628
MDMin:  913 21:13:40    -2397.748450        0.366854
MDMin:  914 21:13:42    -2397.748278        2.452612
MDMin:  915 21:13:43    -2397.748797        0.371080
MDMin:  916 21:13:45    -2397.748851        0.369697
MDMin:  917 21:13:47    -2397.749012        0.365934
MDMin:  918 21:13:49    -2397.748763        2.451286
MDMin:  919 21:13:51    -2397.749359        0.370128
MDMin:  920 21:13:53    -2397.749413        0.368746
MDMin:  921 21:13:56    -2397.749574        0.364993
MDMin:  922 21:13:58    -2397.749241        2.450082
MDMin:  923 21:14:00    -2397.749922        0.369160
MDMin:  924 21:14:02    -2397.749976        0.367779
MDMin:  925 21:14:04    -2397.750055        2.439202
MDMin:  926 21:14:06    -2397.750227        0.378220
MDMin:  927 21:14:07    -2397.750281        0.376441
MDMin:  928 21:14:09    -2397.750443        0.371588
MDMin:  929 21:14:11    -2397.750691        2.435946
MDMin:  930 21:14:13    -2397.750791        0.376807
MDMin:  931 21:14:15    -2397.750845        0.375119
MDMin:  932 21:14:16    -2397.751007        0.370525
MDMin:  933 21:14:18    -2397.751147        2.435809
MDMin:  934 21:14:20    -2397.751355        0.375514
MDMin:  935 21:14:22    -2397.751409        0.373898
MDMin:  936 21:14:24    -2397.751571        0.369506
MDMin:  937 21:14:26    -2397.751597        2.435713
MDMin:  938 21:14:27    -2397.751919        0.374283
MDMin:  939 21:14:29    -2397.751973        0.372723
MDMin:  940 21:14:31    -2397.752136        0.368491
MDMin:  941 21:14:33    -2397.752042        2.435659
MDMin:  942 21:14:35    -2397.752484        0.373077
MDMin:  943 21:14:36    -2397.752538        0.371561
MDMin:  944 21:14:38    -2397.752701        0.367457
MDMin:  945 21:14:40    -2397.752480        2.435647
MDMin:  946 21:14:42    -2397.753050        0.371875
MDMin:  947 21:14:44    -2397.753104        0.370394
MDMin:  948 21:14:46    -2397.753256        2.425609
MDMin:  949 21:14:47    -2397.753356        0.381338
MDMin:  950 21:14:49    -2397.753411        0.379441
MDMin:  951 21:14:51    -2397.753573        0.374279
MDMin:  952 21:14:53    -2397.753846        0.367306
MDMin:  953 21:14:55    -2397.753364        2.437592
MDMin:  954 21:14:56    -2397.754234        2.422590
MDMin:  955 21:14:58    -2397.754467        0.400952
MDMin:  956 21:15:00    -2397.754521        0.398304
MDMin:  957 21:15:02    -2397.754684        0.391014
MDMin:  958 21:15:04    -2397.754958        0.380979
MDMin:  959 21:15:05    -2397.755345        0.370866
MDMin:  960 21:15:07    -2397.754822        2.435792
MDMin:  961 21:15:10    -2397.755576        2.423015
MDMin:  962 21:15:12    -2397.756065        0.394557
MDMin:  963 21:15:13    -2397.756119        0.392274
MDMin:  964 21:15:15    -2397.756282        0.386030
MDMin:  965 21:15:16    -2397.756556        0.377540
MDMin:  966 21:15:17    -2397.756659        2.419516
MDMin:  967 21:15:19    -2397.757005        0.376608
MDMin:  968 21:15:20    -2397.757060        0.375205
MDMin:  969 21:15:22    -2397.757207        2.413675
MDMin:  970 21:15:24    -2397.757313        0.385242
MDMin:  971 21:15:27    -2397.757367        0.383420
MDMin:  972 21:15:29    -2397.757531        0.378485
MDMin:  973 21:15:31    -2397.757764        2.412415
MDMin:  974 21:15:33    -2397.757880        0.383028
MDMin:  975 21:15:34    -2397.757935        0.381326
MDMin:  976 21:15:35    -2397.758098        0.376732
MDMin:  977 21:15:36    -2397.758134        2.414276
MDMin:  978 21:15:38    -2397.758448        0.380975
MDMin:  979 21:15:40    -2397.758502        0.379366
MDMin:  980 21:15:42    -2397.758665        0.375037
MDMin:  981 21:15:44    -2397.758499        2.416068
MDMin:  982 21:15:46    -2397.759014        0.379002
MDMin:  983 21:15:48    -2397.759068        0.377466
MDMin:  984 21:15:50    -2397.759205        2.407374
MDMin:  985 21:15:51    -2397.759320        0.392649
MDMin:  986 21:15:53    -2397.759374        0.389973
MDMin:  987 21:15:55    -2397.759536        0.381988
MDMin:  988 21:15:56    -2397.759736        2.406623
MDMin:  989 21:15:57    -2397.759881        0.389768
MDMin:  990 21:15:59    -2397.759935        0.387129
MDMin:  991 21:16:00    -2397.760097        0.379256
MDMin:  992 21:16:02    -2397.760079        2.409001
MDMin:  993 21:16:04    -2397.760440        0.387344
MDMin:  994 21:16:06    -2397.760495        0.384734
MDMin:  995 21:16:08    -2397.760659        0.376950
MDMin:  996 21:16:10    -2397.760418        2.411287
MDMin:  997 21:16:12    -2397.761006        0.385292
MDMin:  998 21:16:14    -2397.761078        0.382706
MDMin:  999 21:16:15    -2397.761100        2.402984
MDMin:  1000 21:16:17    -2397.761385        0.399502
MDMin:  1001 21:16:19    -2397.761607        0.396798
MDMin:  1002 21:16:21    -2397.761943        2.391909
MDMin:  1003 21:16:23    -2397.762411        0.510513
MDMin:  1004 21:16:25    -2397.762788        0.506969
MDMin:  1005 21:16:27    -2397.762777        2.381237
MDMin:  1006 21:16:29    -2397.763808        2.362159
MDMin:  1007 21:16:31    -2397.764208        0.475115
MDMin:  1008 21:16:33    -2397.764568        0.471875
MDMin:  1009 21:16:35    -2397.765643        0.462165
MDMin:  1010 21:16:37    -2397.765709        2.341704
MDMin:  1011 21:16:39    -2397.766526        2.326856
MDMin:  1012 21:16:41    -2397.765262        2.022687
MDMin:  1013 21:16:44    -2397.757778        2.009616
MDMin:  1014 21:16:45    -2397.747209        1.990872
MDMin:  1015 21:16:47    -2397.733467        1.966209
MDMin:  1016 21:16:49    -2397.716515        1.935721
MDMin:  1017 21:16:51    -2397.696036        1.899300
MDMin:  1018 21:16:53    -2397.672116        1.857468
MDMin:  1019 21:16:54    -2397.645237        1.811622
MDMin:  1020 21:16:56    -2397.616003        1.763181
MDMin:  1021 21:16:58    -2397.585189        1.713245
MDMin:  1022 21:17:00    -2397.553653        1.662462
MDMin:  1023 21:17:02    -2397.523105        1.612625
MDMin:  1024 21:17:04    -2397.493170        1.562138
MDMin:  1025 21:17:06    -2397.464802        1.511649
MDMin:  1026 21:17:08    -2397.437234        1.458381
MDMin:  1027 21:17:10    -2397.411034        1.401543
MDMin:  1028 21:17:11    -2397.385655        1.337560
MDMin:  1029 21:17:13    -2397.363334        1.270414
MDMin:  1030 21:17:15    -2397.345156        1.202997
MDMin:  1031 21:17:16    -2397.332240        1.192070
MDMin:  1032 21:17:17    -2397.327237        1.187062
MDMin:  1033 21:17:19    -2397.333791        1.179463
MDMin:  1034 21:17:21    -2397.356874        1.225130
MDMin:  1035 21:17:22    -2397.400808        1.341339
MDMin:  1036 21:17:24    -2397.466215        1.403248
MDMin:  1037 21:17:26    -2397.545134        1.372564
MDMin:  1038 21:17:28    -2397.623704        1.288166
MDMin:  1039 21:17:30    -2397.693823        1.200458
MDMin:  1040 21:17:32    -2397.701414        1.014709
MDMin:  1041 21:17:34    -2397.700671        0.906615
MDMin:  1042 21:17:36    -2397.700662        0.817412
MDMin:  1043 21:17:38    -2397.701506        0.910738
MDMin:  1044 21:17:40    -2397.703143        1.021694
MDMin:  1045 21:17:42    -2397.705354        1.125486
MDMin:  1046 21:17:44    -2397.707777        1.176381
MDMin:  1047 21:17:46    -2397.709995        1.151802
MDMin:  1048 21:17:48    -2397.711920        1.081922
MDMin:  1049 21:17:49    -2397.713651        0.997142
MDMin:  1050 21:17:50    -2397.715291        0.910378
MDMin:  1051 21:17:52    -2397.716906        0.826504
MDMin:  1052 21:17:53    -2397.718500        0.748973
MDMin:  1053 21:17:55    -2397.720065        0.719038
MDMin:  1054 21:17:56    -2397.721602        0.773512
MDMin:  1055 21:17:57    -2397.723076        0.822848
MDMin:  1056 21:17:59    -2397.724533        0.868325
MDMin:  1057 21:18:00    -2397.725980        0.910043
MDMin:  1058 21:18:01    -2397.727494        0.949295
MDMin:  1059 21:18:03    -2397.729042        0.982937
MDMin:  1060 21:18:05    -2397.730699        1.007131
MDMin:  1061 21:18:07    -2397.732430        1.010424
MDMin:  1062 21:18:09    -2397.734226        0.979250
MDMin:  1063 21:18:11    -2397.735945        0.913716
MDMin:  1064 21:18:13    -2397.737596        0.824378
MDMin:  1065 21:18:14    -2397.739094        0.728597
MDMin:  1066 21:18:15    -2397.740351        0.695679
MDMin:  1067 21:18:17    -2397.741414        0.750731
MDMin:  1068 21:18:18    -2397.742346        0.803056
MDMin:  1069 21:18:19    -2397.743180        0.847040
MDMin:  1070 21:18:21    -2397.743922        0.876668
MDMin:  1071 21:18:23    -2397.744582        0.893056
MDMin:  1072 21:18:25    -2397.745166        0.905267
MDMin:  1073 21:18:26    -2397.745687        0.914860
MDMin:  1074 21:18:28    -2397.746121        0.933184
MDMin:  1075 21:18:30    -2397.746454        0.823354
MDMin:  1076 21:18:32    -2397.746664        0.729361
MDMin:  1077 21:18:34    -2397.746657        0.793835
MDMin:  1078 21:18:35    -2397.746299        0.631607
MDMin:  1079 21:18:37    -2397.745547        0.675888
MDMin:  1080 21:18:39    -2397.744416        0.728404
MDMin:  1081 21:18:40    -2397.742882        0.637076
MDMin:  1082 21:18:42    -2397.740798        0.573490
MDMin:  1083 21:18:44    -2397.737995        0.488723
MDMin:  1084 21:18:45    -2397.734279        0.475434
MDMin:  1085 21:18:47    -2397.729383        0.478928
MDMin:  1086 21:18:48    -2397.723306        0.483548
MDMin:  1087 21:18:50    -2397.716070        0.489233
MDMin:  1088 21:18:52    -2397.707649        0.503232
MDMin:  1089 21:18:54    -2397.700879        1.017730
MDMin:  1090 21:18:56    -2397.699552        0.501958
MDMin:  1091 21:18:58    -2397.697474        0.503403
MDMin:  1092 21:18:59    -2397.694907        0.505163
MDMin:  1093 21:19:00    -2397.691901        0.507195
MDMin:  1094 21:19:02    -2397.688433        0.509506
MDMin:  1095 21:19:03    -2397.684487        0.512089
MDMin:  1096 21:19:04    -2397.680047        0.514932
MDMin:  1097 21:19:06    -2397.675099        0.518004
MDMin:  1098 21:19:08    -2397.669635        0.521250
MDMin:  1099 21:19:10    -2397.663649        0.524587
MDMin:  1100 21:19:11    -2397.657148        0.527889
MDMin:  1101 21:19:13    -2397.650150        0.530973
MDMin:  1102 21:19:15    -2397.642690        0.533585
MDMin:  1103 21:19:17    -2397.634819        0.535436
MDMin:  1104 21:19:18    -2397.626608        0.536163
MDMin:  1105 21:19:20    -2397.618155        0.535280
MDMin:  1106 21:19:21    -2397.609591        0.532344
MDMin:  1107 21:19:23    -2397.601132        0.526844
MDMin:  1108 21:19:25    -2397.593302        0.518780
MDMin:  1109 21:19:27    -2397.587980        0.689909
MDMin:  1110 21:19:29    -2397.585956        0.507541
MDMin:  1111 21:19:30    -2397.583649        0.503113
MDMin:  1112 21:19:32    -2397.581146        0.497766
MDMin:  1113 21:19:34    -2397.578508        0.491410
MDMin:  1114 21:19:36    -2397.575816        0.483971
MDMin:  1115 21:19:38    -2397.573172        0.475401
MDMin:  1116 21:19:39    -2397.570715        0.465702
MDMin:  1117 21:19:40    -2397.568622        0.458897
MDMin:  1118 21:19:42    -2397.567129        0.463894
MDMin:  1119 21:19:44    -2397.566551        0.469221
MDMin:  1120 21:19:46    -2397.567310        0.474815
MDMin:  1121 21:19:48    -2397.569966        0.480604
MDMin:  1122 21:19:50    -2397.575239        0.486543
MDMin:  1123 21:19:52    -2397.583984        0.492613
MDMin:  1124 21:19:54    -2397.597038        0.498828
MDMin:  1125 21:19:56    -2397.614856        0.505228
MDMin:  1126 21:19:58    -2397.636863        0.511768
MDMin:  1127 21:20:00    -2397.660236        0.553762
MDMin:  1128 21:20:02    -2397.677154        0.593911
MDMin:  1129 21:20:04    -2397.686587        0.524054
MDMin:  1130 21:20:06    -2397.697162        0.526374
MDMin:  1131 21:20:07    -2397.709042        0.528985
MDMin:  1132 21:20:10    -2397.721813        0.531870
MDMin:  1133 21:20:12    -2397.734607        0.534979
MDMin:  1134 21:20:13    -2397.746102        0.538211
MDMin:  1135 21:20:14    -2397.755125        0.541372
MDMin:  1136 21:20:15    -2397.760223        0.692814
MDMin:  1137 21:20:17    -2397.757841        0.534493
MDMin:  1138 21:20:19    -2397.760084        0.535045
MDMin:  1139 21:20:20    -2397.758427        0.627587
MDMin:  1140 21:20:22    -2397.760175        0.594238
MDMin:  1141 21:20:24    -2397.757364        0.525189
MDMin:  1142 21:20:25    -2397.759209        0.525552
MDMin:  1143 21:20:27    -2397.758331        0.569803
MDMin:  1144 21:20:29    -2397.759523        0.522368
MDMin:  1145 21:20:30    -2397.758383        0.550387
MDMin:  1146 21:20:31    -2397.759393        0.533383
MDMin:  1147 21:20:33    -2397.757139        0.516016
MDMin:  1148 21:20:34    -2397.758701        0.516278
MDMin:  1149 21:20:35    -2397.757500        0.524350
MDMin:  1150 21:20:36    -2397.758717        0.513451
MDMin:  1151 21:20:37    -2397.756331        0.509010
MDMin:  1152 21:20:39    -2397.758107        0.509266
MDMin:  1153 21:20:41    -2397.756767        0.509580
MDMin:  1154 21:20:43    -2397.757991        0.506394
MDMin:  1155 21:20:45    -2397.755841        0.501958
MDMin:  1156 21:20:47    -2397.757684        0.502168
MDMin:  1157 21:20:48    -2397.755984        0.502412
MDMin:  1158 21:20:49    -2397.757183        0.499272
MDMin:  1159 21:20:51    -2397.755528        0.494902
MDMin:  1160 21:20:52    -2397.757296        0.495043
MDMin:  1161 21:20:54    -2397.755855        0.492516
MDMin:  1162 21:20:55    -2397.757083        0.492599
MDMin:  1163 21:20:57    -2397.755908        0.490395
MDMin:  1164 21:20:58    -2397.756811        0.490455
MDMin:  1165 21:20:59    -2397.755917        0.488311
MDMin:  1166 21:21:01    -2397.756521        0.488353
MDMin:  1167 21:21:02    -2397.755924        0.486222
MDMin:  1168 21:21:04    -2397.756223        0.486245
MDMin:  1169 21:21:06    -2397.755935        0.484119
MDMin:  1170 21:21:08    -2397.755917        0.484121
MDMin:  1171 21:21:10    -2397.755951        0.481997
MDMin:  1172 21:21:12    -2397.755604        0.481978
MDMin:  1173 21:21:13    -2397.755973        0.479854
MDMin:  1174 21:21:15    -2397.755284        0.479813
MDMin:  1175 21:21:16    -2397.756000        0.477689
MDMin:  1176 21:21:17    -2397.754957        0.477625
MDMin:  1177 21:21:18    -2397.755725        0.475499
MDMin:  1178 21:21:20    -2397.754019        0.472169
MDMin:  1179 21:21:21    -2397.755570        0.472060
MDMin:  1180 21:21:23    -2397.754349        0.469762
MDMin:  1181 21:21:25    -2397.755250        0.469642
MDMin:  1182 21:21:27    -2397.754500        0.467514
MDMin:  1183 21:21:29    -2397.754899        0.467374
MDMin:  1184 21:21:31    -2397.754620        0.465271
MDMin:  1185 21:21:33    -2397.754536        0.465108
MDMin:  1186 21:21:35    -2397.754736        0.463005
MDMin:  1187 21:21:37    -2397.754166        0.462817
MDMin:  1188 21:21:38    -2397.754851        0.460709
MDMin:  1189 21:21:40    -2397.753789        0.460496
MDMin:  1190 21:21:42    -2397.754510        0.458381
MDMin:  1191 21:21:44    -2397.753029        0.455060
MDMin:  1192 21:21:46    -2397.754285        0.454761
MDMin:  1193 21:21:48    -2397.753443        0.452466
MDMin:  1194 21:21:50    -2397.753914        0.452185
MDMin:  1195 21:21:52    -2397.753666        0.450052
MDMin:  1196 21:21:54    -2397.753514        0.449754
MDMin:  1197 21:21:55    -2397.753855        0.447641
MDMin:  1198 21:21:57    -2397.753104        0.447319
MDMin:  1199 21:21:58    -2397.753792        0.445202
MDMin:  1200 21:22:00    -2397.752150        0.453483
MDMin:  1201 21:22:02    -2397.753519        0.441441
MDMin:  1202 21:22:04    -2397.752629        0.451698
MDMin:  1203 21:22:06    -2397.753112        0.438748
MDMin:  1204 21:22:08    -2397.752908        0.451127
MDMin:  1205 21:22:09    -2397.752679        0.436201
MDMin:  1206 21:22:10    -2397.753150        0.450829
MDMin:  1207 21:22:11    -2397.752237        0.434224
MDMin:  1208 21:22:13    -2397.752895        0.434574
MDMin:  1209 21:22:14    -2397.751550        0.463237
MDMin:  1210 21:22:15    -2397.752576        0.435446
MDMin:  1211 21:22:17    -2397.752078        0.461197
MDMin:  1212 21:22:18    -2397.752136        0.436061
MDMin:  1213 21:22:19    -2397.752400        0.460382
MDMin:  1214 21:22:21    -2397.751672        0.436615
MDMin:  1215 21:22:23    -2397.752307        0.436892
MDMin:  1216 21:22:25    -2397.750891        0.472040
MDMin:  1217 21:22:27    -2397.751953        0.437566
MDMin:  1218 21:22:28    -2397.751467        0.469728
MDMin:  1219 21:22:30    -2397.751487        0.438033
MDMin:  1220 21:22:32    -2397.751831        0.468670
MDMin:  1221 21:22:34    -2397.750999        0.438450
MDMin:  1222 21:22:35    -2397.751611        0.438658
MDMin:  1223 21:22:38    -2397.750402        0.479764
MDMin:  1224 21:22:40    -2397.751222        0.439148
MDMin:  1225 21:22:42    -2397.751016        0.477264
MDMin:  1226 21:22:44    -2397.750732        0.439481
MDMin:  1227 21:22:46    -2397.751332        0.439641
MDMin:  1228 21:22:47    -2397.749675        0.487652
MDMin:  1229 21:22:49    -2397.750921        0.439999
MDMin:  1230 21:22:51    -2397.750341        0.484858
MDMin:  1231 21:22:53    -2397.750413        0.440234
MDMin:  1232 21:22:55    -2397.750778        0.483387
MDMin:  1233 21:22:57    -2397.749886        0.440438
MDMin:  1234 21:22:59    -2397.750459        0.440541
MDMin:  1235 21:23:01    -2397.749487        0.493564
MDMin:  1236 21:23:02    -2397.750013        0.440754
MDMin:  1237 21:23:03    -2397.750167        0.490737
MDMin:  1238 21:23:05    -2397.749481        0.440888
MDMin:  1239 21:23:08    -2397.750044        0.440954
MDMin:  1240 21:23:09    -2397.748956        0.500362
MDMin:  1241 21:23:11    -2397.749577        0.441069
MDMin:  1242 21:23:14    -2397.749678        0.497307
MDMin:  1243 21:23:16    -2397.749030        0.441133
MDMin:  1244 21:23:17    -2397.749577        0.441166
MDMin:  1245 21:23:19    -2397.748526        0.506545
MDMin:  1246 21:23:20    -2397.749087        0.441200
MDMin:  1247 21:23:21    -2397.749279        0.503334
MDMin:  1248 21:23:23    -2397.748523        0.441209
MDMin:  1249 21:23:25    -2397.749055        0.441216
MDMin:  1250 21:23:27    -2397.748181        0.512256
MDMin:  1251 21:23:28    -2397.748543        0.441187
MDMin:  1252 21:23:30    -2397.748961        0.508919
MDMin:  1253 21:23:31    -2397.747964        0.441155
MDMin:  1254 21:23:33    -2397.748482        0.441144
MDMin:  1255 21:23:35    -2397.747913        0.517575
MDMin:  1256 21:23:37    -2397.747948        0.441072
MDMin:  1257 21:23:38    -2397.748493        0.441046
MDMin:  1258 21:23:39    -2397.747064        0.525033
MDMin:  1259 21:23:40    -2397.747954        0.440940
MDMin:  1260 21:23:42    -2397.747950        0.521119
MDMin:  1261 21:23:44    -2397.747353        0.440863
MDMin:  1262 21:23:46    -2397.747846        0.440832
MDMin:  1263 21:23:48    -2397.747007        0.529092
MDMin:  1264 21:23:51    -2397.747278        0.440721
MDMin:  1265 21:23:52    -2397.747797        0.440683
MDMin:  1266 21:23:53    -2397.746262        0.535936
MDMin:  1267 21:23:54    -2397.747223        0.440561
MDMin:  1268 21:23:55    -2397.747204        0.531754
MDMin:  1269 21:23:56    -2397.746599        0.440484
MDMin:  1270 21:23:57    -2397.747070        0.440456
MDMin:  1271 21:23:59    -2397.746348        0.539248
MDMin:  1272 21:24:00    -2397.746469        0.440365
MDMin:  1273 21:24:01    -2397.746965        0.440341
MDMin:  1274 21:24:03    -2397.745691        0.545646
MDMin:  1275 21:24:05    -2397.746357        0.440266
MDMin:  1276 21:24:07    -2397.746676        0.541255
MDMin:  1277 21:24:09    -2397.745710        0.440234
MDMin:  1278 21:24:11    -2397.746161        0.440232
MDMin:  1279 21:24:13    -2397.745897        0.548379
MDMin:  1280 21:24:15    -2397.745529        0.440222
MDMin:  1281 21:24:17    -2397.746004        0.440236
MDMin:  1282 21:24:19    -2397.745316        0.554424
MDMin:  1283 21:24:21    -2397.745364        0.440268
MDMin:  1284 21:24:23    -2397.745835        0.440301
MDMin:  1285 21:24:24    -2397.744811        0.559996
MDMin:  1286 21:24:27    -2397.745184        0.440389
MDMin:  1287 21:24:29    -2397.745646        0.440447
MDMin:  1288 21:24:30    -2397.744359        0.565240
MDMin:  1289 21:24:32    -2397.744984        0.440603
MDMin:  1290 21:24:34    -2397.745438        0.440689
MDMin:  1291 21:24:35    -2397.743952        0.570217
MDMin:  1292 21:24:37    -2397.744766        0.440922
MDMin:  1293 21:24:39    -2397.745072        0.565128
MDMin:  1294 21:24:40    -2397.744077        0.441145
MDMin:  1295 21:24:42    -2397.744487        0.441279
MDMin:  1296 21:24:44    -2397.744475        0.571248
MDMin:  1297 21:24:46    -2397.743792        0.441650
MDMin:  1298 21:24:48    -2397.744225        0.441833
MDMin:  1299 21:24:50    -2397.744077        0.576343
MDMin:  1300 21:24:52    -2397.743521        0.442319
MDMin:  1301 21:24:54    -2397.743951        0.442547
MDMin:  1302 21:24:55    -2397.743747        0.581044
MDMin:  1303 21:24:57    -2397.743238        0.443148
MDMin:  1304 21:24:58    -2397.743662        0.443424
MDMin:  1305 21:24:59    -2397.743460        0.585489
MDMin:  1306 21:25:01    -2397.742939        0.444149
MDMin:  1307 21:25:03    -2397.743357        0.444478
MDMin:  1308 21:25:05    -2397.743209        0.589723
MDMin:  1309 21:25:06    -2397.742624        0.445337
MDMin:  1310 21:25:07    -2397.743035        0.445723
MDMin:  1311 21:25:08    -2397.742992        0.593770
MDMin:  1312 21:25:10    -2397.742294        0.446727
MDMin:  1313 21:25:12    -2397.742699        0.447174
MDMin:  1314 21:25:14    -2397.742806        0.597650
MDMin:  1315 21:25:16    -2397.741948        0.448332
MDMin:  1316 21:25:17    -2397.742348        0.448845
MDMin:  1317 21:25:19    -2397.742650        0.601375
MDMin:  1318 21:25:20    -2397.741589        0.450169
MDMin:  1319 21:25:22    -2397.741983        0.450752
MDMin:  1320 21:25:23    -2397.742520        0.604955
MDMin:  1321 21:25:24    -2397.741215        0.452251
MDMin:  1322 21:25:25    -2397.741605        0.452909
MDMin:  1323 21:25:26    -2397.742175        0.453914
MDMin:  1324 21:25:28    -2397.740604        0.620443
MDMin:  1325 21:25:29    -2397.741376        0.456126
MDMin:  1326 21:25:31    -2397.741784        0.456967
MDMin:  1327 21:25:33    -2397.740867        0.621829
MDMin:  1328 21:25:35    -2397.740999        0.459039
MDMin:  1329 21:25:37    -2397.741377        0.459918
MDMin:  1330 21:25:39    -2397.740947        0.624162
MDMin:  1331 21:25:41    -2397.740588        0.462138
MDMin:  1332 21:25:43    -2397.740957        0.463099
MDMin:  1333 21:25:45    -2397.741005        0.626647
MDMin:  1334 21:25:46    -2397.740161        0.465535
MDMin:  1335 21:25:48    -2397.740526        0.466594
MDMin:  1336 21:25:50    -2397.741057        0.468195
MDMin:  1337 21:25:52    -2397.739323        0.640802
MDMin:  1338 21:25:54    -2397.740219        0.471686
MDMin:  1339 21:25:56    -2397.740605        0.473009
MDMin:  1340 21:25:58    -2397.739748        0.641288
MDMin:  1341 21:26:00    -2397.739793        0.476227
MDMin:  1342 21:26:02    -2397.740149        0.477585
MDMin:  1343 21:26:04    -2397.739967        0.642833
MDMin:  1344 21:26:05    -2397.739336        0.480972
MDMin:  1345 21:26:07    -2397.739686        0.482434
MDMin:  1346 21:26:09    -2397.740151        0.644591
MDMin:  1347 21:26:10    -2397.738867        0.486088
MDMin:  1348 21:26:12    -2397.739213        0.487670
MDMin:  1349 21:26:14    -2397.739713        0.490032
MDMin:  1350 21:26:16    -2397.738641        0.657876
MDMin:  1351 21:26:18    -2397.738845        0.495135
MDMin:  1352 21:26:20    -2397.739214        0.497069
MDMin:  1353 21:26:21    -2397.739181        0.657646
MDMin:  1354 21:26:23    -2397.738379        0.501715
MDMin:  1355 21:26:25    -2397.738722        0.503673
MDMin:  1356 21:26:27    -2397.739212        0.506563
MDMin:  1357 21:26:28    -2397.737832        0.669895
MDMin:  1358 21:26:29    -2397.738333        0.512756
MDMin:  1359 21:26:30    -2397.738694        0.515104
MDMin:  1360 21:26:32    -2397.738478        0.668995
MDMin:  1361 21:26:33    -2397.737851        0.520696
MDMin:  1362 21:26:35    -2397.738188        0.523056
MDMin:  1363 21:26:37    -2397.738667        0.526510
MDMin:  1364 21:26:39    -2397.737235        0.680591
MDMin:  1365 21:26:40    -2397.737774        0.533884
MDMin:  1366 21:26:42    -2397.738131        0.536696
MDMin:  1367 21:26:44    -2397.737963        0.679167
MDMin:  1368 21:26:46    -2397.737277        0.543345
MDMin:  1369 21:26:48    -2397.737610        0.546159
MDMin:  1370 21:26:50    -2397.738081        0.550243
MDMin:  1371 21:26:52    -2397.736805        0.690268
MDMin:  1372 21:26:54    -2397.737172        0.558932
MDMin:  1373 21:26:55    -2397.737527        0.562272
MDMin:  1374 21:26:57    -2397.737605        0.688362
MDMin:  1375 21:26:59    -2397.736658        0.570110
MDMin:  1376 21:27:01    -2397.736990        0.573442
MDMin:  1377 21:27:03    -2397.737457        0.578224
MDMin:  1378 21:27:05    -2397.736516        0.699069
MDMin:  1379 21:27:07    -2397.736525        0.588371
MDMin:  1380 21:27:09    -2397.736883        0.592310
MDMin:  1381 21:27:11    -2397.737373        0.597816
MDMin:  1382 21:27:13    -2397.735695        0.708197
MDMin:  1383 21:27:15    -2397.736418        0.609285
MDMin:  1384 21:27:16    -2397.736784        0.613694
MDMin:  1385 21:27:18    -2397.736712        0.704935
MDMin:  1386 21:27:20    -2397.735877        0.623823
MDMin:  1387 21:27:22    -2397.736218        0.628145
MDMin:  1388 21:27:24    -2397.736687        0.634197
MDMin:  1389 21:27:26    -2397.735763        0.714781
MDMin:  1390 21:27:29    -2397.735704        0.646921
MDMin:  1391 21:27:31    -2397.736074        0.651945
MDMin:  1392 21:27:33    -2397.736571        0.658775
MDMin:  1393 21:27:35    -2397.735070        0.723134
MDMin:  1394 21:27:37    -2397.735551        0.672823
MDMin:  1395 21:27:39    -2397.735935        0.678307
MDMin:  1396 21:27:40    -2397.736254        0.718782
MDMin:  1397 21:27:42    -2397.734960        0.690563
MDMin:  1398 21:27:43    -2397.735320        0.695793
MDMin:  1399 21:27:44    -2397.735805        0.702824
MDMin:  1400 21:27:45    -2397.735402        0.728121
MDMin:  1401 21:27:46    -2397.734732        0.717189
MDMin:  1402 21:27:47    -2397.735129        0.722860
MDMin:  1403 21:27:48    -2397.735648        0.730160
MDMin:  1404 21:27:50    -2397.734805        0.738900
MDMin:  1405 21:27:52    -2397.734516        0.744385
MDMin:  1406 21:27:54    -2397.734933        0.749776
MDMin:  1407 21:27:56    -2397.735472        0.756387
MDMin:  1408 21:27:58    -2397.734341        0.763839
MDMin:  1409 21:28:00    -2397.734282        0.768323
MDMin:  1410 21:28:02    -2397.734718        0.772471
MDMin:  1411 21:28:04    -2397.735272        0.777069
MDMin:  1412 21:28:06    -2397.733970        0.781482
MDMin:  1413 21:28:08    -2397.734018        0.783635
MDMin:  1414 21:28:10    -2397.734471        0.785086
MDMin:  1415 21:28:11    -2397.735040        0.785782
MDMin:  1416 21:28:12    -2397.733676        0.784831
MDMin:  1417 21:28:14    -2397.733714        0.782910
MDMin:  1418 21:28:15    -2397.734182        0.779871
MDMin:  1419 21:28:16    -2397.734763        0.774574
MDMin:  1420 21:28:18    -2397.733452        0.766019
MDMin:  1421 21:28:20    -2397.733359        0.758509
MDMin:  1422 21:28:22    -2397.733838        0.749635
MDMin:  1423 21:28:24    -2397.734424        0.737161
MDMin:  1424 21:28:26    -2397.733299        0.767483
MDMin:  1425 21:28:28    -2397.732933        0.763819
MDMin:  1426 21:28:30    -2397.733414        0.789193
MDMin:  1427 21:28:32    -2397.733995        0.822839
MDMin:  1428 21:28:34    -2397.733231        0.866554
MDMin:  1429 21:28:36    -2397.732393        0.901974
MDMin:  1430 21:28:38    -2397.732867        0.941083
MDMin:  1431 21:28:40    -2397.733431        0.991350
MDMin:  1432 21:28:42    -2397.733267        1.053649
MDMin:  1433 21:28:44    -2397.731662        1.103763
MDMin:  1434 21:28:46    -2397.732127        1.156187
MDMin:  1435 21:28:49    -2397.732668        1.216448
MDMin:  1436 21:28:51    -2397.733282        1.279613
MDMin:  1437 21:28:52    -2397.730919        1.336664
MDMin:  1438 21:28:54    -2397.731086        1.366818
MDMin:  1439 21:28:56    -2397.731565        1.380319
MDMin:  1440 21:28:59    -2397.732117        1.372484
MDMin:  1441 21:29:01    -2397.731594        1.335643
MDMin:  1442 21:29:02    -2397.729566        1.289729
MDMin:  1443 21:29:05    -2397.730001        1.233347
MDMin:  1444 21:29:07    -2397.730515        1.163111
MDMin:  1445 21:29:09    -2397.731118        1.084342
MDMin:  1446 21:29:11    -2397.728864        1.004256
MDMin:  1447 21:29:13    -2397.728389        0.956344
MDMin:  1448 21:29:15    -2397.728745        0.914799
MDMin:  1449 21:29:17    -2397.729170        0.872767
MDMin:  1450 21:29:19    -2397.729670        0.894498
MDMin:  1451 21:29:21    -2397.728035        0.950149
MDMin:  1452 21:29:24    -2397.727128        0.990554
MDMin:  1453 21:29:25    -2397.727405        1.029624
MDMin:  1454 21:29:26    -2397.727740        1.070121
MDMin:  1455 21:29:28    -2397.728142        1.106233
MDMin:  1456 21:29:29    -2397.727919        1.129469
MDMin:  1457 21:29:31    -2397.725597        1.132690
MDMin:  1458 21:29:33    -2397.725833        1.123472
MDMin:  1459 21:29:35    -2397.726133        1.098690
MDMin:  1460 21:29:37    -2397.726510        1.055891
MDMin:  1461 21:29:38    -2397.726971        0.995978
MDMin:  1462 21:29:40    -2397.724665        0.923824
MDMin:  1463 21:29:42    -2397.724286        0.875801
MDMin:  1464 21:29:44    -2397.724496        0.861810
MDMin:  1465 21:29:45    -2397.724773        0.891210
MDMin:  1466 21:29:46    -2397.725130        0.918858
MDMin:  1467 21:29:47    -2397.725570        0.940271
MDMin:  1468 21:29:49    -2397.722954        0.949311
MDMin:  1469 21:29:51    -2397.722950        0.945478
MDMin:  1470 21:29:53    -2397.723118        0.933842
MDMin:  1471 21:29:54    -2397.723353        0.912023
MDMin:  1472 21:29:55    -2397.723672        0.878543
MDMin:  1473 21:29:57    -2397.724088        0.833432
MDMin:  1474 21:29:59    -2397.721629        0.958188
MDMin:  1475 21:30:00    -2397.721652        0.745999
MDMin:  1476 21:30:02    -2397.721779        0.715285
MDMin:  1477 21:30:04    -2397.721966        0.680929
MDMin:  1478 21:30:06    -2397.722231        0.643854
MDMin:  1479 21:30:07    -2397.722584        0.605262
MDMin:  1480 21:30:09    -2397.721138        0.976845
MDMin:  1481 21:30:11    -2397.720702        0.549622
MDMin:  1482 21:30:12    -2397.720801        0.534739
MDMin:  1483 21:30:13    -2397.720942        0.525704
MDMin:  1484 21:30:15    -2397.721135        0.524091
MDMin:  1485 21:30:16    -2397.721390        0.522388
MDMin:  1486 21:30:17    -2397.721312        0.987880
MDMin:  1487 21:30:19    -2397.719963        0.519768
MDMin:  1488 21:30:20    -2397.720041        0.518976
MDMin:  1489 21:30:21    -2397.720150        0.518043
MDMin:  1490 21:30:23    -2397.720297        0.516984
MDMin:  1491 21:30:24    -2397.720489        0.515815
MDMin:  1492 21:30:25    -2397.720734        0.514553
MDMin:  1493 21:30:27    -2397.719171        1.011916
MDMin:  1494 21:30:29    -2397.719525        0.512611
MDMin:  1495 21:30:31    -2397.719594        0.512034
MDMin:  1496 21:30:33    -2397.719690        0.511340
MDMin:  1497 21:30:34    -2397.719819        0.510541
MDMin:  1498 21:30:36    -2397.719987        0.509649
MDMin:  1499 21:30:38    -2397.719387        1.018340
MDMin:  1500 21:30:39    -2397.718930        0.508230
MDMin:  1501 21:30:41    -2397.718983        0.507786
MDMin:  1502 21:30:42    -2397.719058        0.507235
MDMin:  1503 21:30:44    -2397.719161        0.506583
MDMin:  1504 21:30:46    -2397.719297        0.505836
MDMin:  1505 21:30:47    -2397.719221        1.026284
MDMin:  1506 21:30:49    -2397.718298        0.504610
MDMin:  1507 21:30:51    -2397.718342        0.504212
MDMin:  1508 21:30:52    -2397.718405        0.503706
MDMin:  1509 21:30:53    -2397.718493        0.503092
MDMin:  1510 21:30:55    -2397.718611        0.502369
MDMin:  1511 21:30:57    -2397.718765        0.501531
MDMin:  1512 21:30:58    -2397.717385        1.045266
MDMin:  1513 21:31:00    -2397.717749        0.500129
MDMin:  1514 21:31:02    -2397.717790        0.499679
MDMin:  1515 21:31:04    -2397.717850        0.499097
MDMin:  1516 21:31:06    -2397.717934        0.498375
MDMin:  1517 21:31:08    -2397.718047        0.497501
MDMin:  1518 21:31:10    -2397.717689        1.049651
MDMin:  1519 21:31:12    -2397.717086        0.495972
MDMin:  1520 21:31:13    -2397.717117        0.495460
MDMin:  1521 21:31:15    -2397.717165        0.494780
MDMin:  1522 21:31:17    -2397.717233        0.493920
MDMin:  1523 21:31:18    -2397.717327        0.492857
MDMin:  1524 21:31:20    -2397.717453        0.491563
MDMin:  1525 21:31:22    -2397.716300        1.065267
MDMin:  1526 21:31:24    -2397.716459        0.489310
MDMin:  1527 21:31:25    -2397.716489        0.488581
MDMin:  1528 21:31:27    -2397.716534        0.487616
MDMin:  1529 21:31:29    -2397.716599        0.486390
MDMin:  1530 21:31:31    -2397.716689        0.484871
MDMin:  1531 21:31:33    -2397.716811        0.483015
MDMin:  1532 21:31:35    -2397.715435        1.077393
MDMin:  1533 21:31:36    -2397.715819        0.479813
MDMin:  1534 21:31:38    -2397.715845        0.478797
MDMin:  1535 21:31:40    -2397.715885        0.477452
MDMin:  1536 21:31:42    -2397.715944        0.475745
MDMin:  1537 21:31:44    -2397.716027        0.473635
MDMin:  1538 21:31:45    -2397.716140        0.471069
MDMin:  1539 21:31:48    -2397.714881        1.087394
MDMin:  1540 21:31:50    -2397.715155        0.466705
MDMin:  1541 21:31:52    -2397.715177        0.465344
MDMin:  1542 21:31:53    -2397.715212        0.463546
MDMin:  1543 21:31:55    -2397.715264        0.461274
MDMin:  1544 21:31:56    -2397.715340        0.458481
MDMin:  1545 21:31:57    -2397.715444        0.455112
MDMin:  1546 21:31:58    -2397.714572        1.095735
MDMin:  1547 21:32:00    -2397.714465        0.449480
MDMin:  1548 21:32:02    -2397.714484        0.447753
MDMin:  1549 21:32:03    -2397.714515        0.445478
MDMin:  1550 21:32:05    -2397.714563        0.442618
MDMin:  1551 21:32:08    -2397.714633        0.439130
MDMin:  1552 21:32:10    -2397.714730        0.434960
MDMin:  1553 21:32:12    -2397.714482        1.102632
MDMin:  1554 21:32:13    -2397.713756        0.428119
MDMin:  1555 21:32:14    -2397.713772        0.426056
MDMin:  1556 21:32:16    -2397.713800        0.423352
MDMin:  1557 21:32:18    -2397.713844        0.419976
MDMin:  1558 21:32:20    -2397.713909        0.415892
MDMin:  1559 21:32:22    -2397.714001        0.416433
MDMin:  1560 21:32:24    -2397.714124        0.417048
MDMin:  1561 21:32:26    -2397.713290        1.116720
MDMin:  1562 21:32:28    -2397.713116        0.417828
MDMin:  1563 21:32:29    -2397.713135        0.417989
MDMin:  1564 21:32:31    -2397.713166        0.418183
MDMin:  1565 21:32:32    -2397.713214        0.418398
MDMin:  1566 21:32:33    -2397.713283        0.418619
MDMin:  1567 21:32:34    -2397.713380        0.418832
MDMin:  1568 21:32:36    -2397.713508        0.419019
MDMin:  1569 21:32:37    -2397.712816        1.126121
MDMin:  1570 21:32:39    -2397.712506        0.419157
MDMin:  1571 21:32:41    -2397.712525        0.419144
MDMin:  1572 21:32:42    -2397.712557        0.419120
MDMin:  1573 21:32:44    -2397.712605        0.419075
MDMin:  1574 21:32:45    -2397.712675        0.419001
MDMin:  1575 21:32:47    -2397.712771        0.418889
MDMin:  1576 21:32:48    -2397.712899        0.418730
MDMin:  1577 21:32:50    -2397.712764        1.132710
MDMin:  1578 21:32:51    -2397.711905        0.418398
MDMin:  1579 21:32:53    -2397.711925        0.418270
MDMin:  1580 21:32:55    -2397.711957        0.418104
MDMin:  1581 21:32:56    -2397.712005        0.417899
MDMin:  1582 21:32:57    -2397.712075        0.417653
MDMin:  1583 21:32:58    -2397.712171        0.417365
MDMin:  1584 21:33:00    -2397.712298        0.417034
MDMin:  1585 21:33:02    -2397.712459        0.416661
MDMin:  1586 21:33:03    -2397.711912        1.144206
MDMin:  1587 21:33:05    -2397.711431        0.416070
MDMin:  1588 21:33:07    -2397.711455        0.415886
MDMin:  1589 21:33:08    -2397.711493        0.415658
MDMin:  1590 21:33:10    -2397.711548        0.415388
MDMin:  1591 21:33:11    -2397.711625        0.415079
MDMin:  1592 21:33:12    -2397.711729        0.414734
MDMin:  1593 21:33:13    -2397.711864        0.414357
MDMin:  1594 21:33:15    -2397.712034        0.413951
MDMin:  1595 21:33:16    -2397.711924        1.150237
MDMin:  1596 21:33:17    -2397.710995        0.413340
MDMin:  1597 21:33:18    -2397.711022        0.413156
MDMin:  1598 21:33:19    -2397.711062        0.412929
MDMin:  1599 21:33:21    -2397.711121        0.412660
MDMin:  1600 21:33:22    -2397.711201        0.412352
MDMin:  1601 21:33:24    -2397.711308        0.412006
MDMin:  1602 21:33:26    -2397.711447        0.411621
MDMin:  1603 21:33:28    -2397.711620        0.411195
MDMin:  1604 21:33:29    -2397.711830        0.410721
MDMin:  1605 21:33:30    -2397.711535        1.158626
MDMin:  1606 21:33:32    -2397.710729        0.409973
MDMin:  1607 21:33:33    -2397.710762        0.409745
MDMin:  1608 21:33:35    -2397.710809        0.409458
MDMin:  1609 21:33:36    -2397.710875        0.409109
MDMin:  1610 21:33:37    -2397.710964        0.408692
MDMin:  1611 21:33:39    -2397.711081        0.408200
MDMin:  1612 21:33:41    -2397.711229        0.407621
MDMin:  1613 21:33:43    -2397.711413        0.406938
MDMin:  1614 21:33:44    -2397.711633        0.406126
MDMin:  1615 21:33:45    -2397.711891        0.405154
MDMin:  1616 21:33:46    -2397.711415        1.165341
MDMin:  1617 21:33:47    -2397.710693        0.403531
MDMin:  1618 21:33:49    -2397.710731        0.403054
MDMin:  1619 21:33:50    -2397.710786        0.402445
MDMin:  1620 21:33:51    -2397.710860        0.401688
MDMin:  1621 21:33:52    -2397.710958        0.400764
MDMin:  1622 21:33:53    -2397.711085        0.399647
MDMin:  1623 21:33:55    -2397.711243        0.398303
MDMin:  1624 21:33:56    -2397.711436        0.396690
MDMin:  1625 21:33:58    -2397.711665        0.394758
MDMin:  1626 21:34:00    -2397.711931        0.392442
MDMin:  1627 21:34:02    -2397.712236        0.389671
MDMin:  1628 21:34:03    -2397.712185        1.167114
MDMin:  1629 21:34:05    -2397.710886        0.385206
MDMin:  1630 21:34:06    -2397.710929        0.383987
MDMin:  1631 21:34:07    -2397.710988        0.382456
MDMin:  1632 21:34:09    -2397.711067        0.380586
MDMin:  1633 21:34:11    -2397.711170        0.378345
MDMin:  1634 21:34:13    -2397.711301        0.375693
MDMin:  1635 21:34:15    -2397.711463        0.372586
MDMin:  1636 21:34:16    -2397.711658        0.368975
MDMin:  1637 21:34:17    -2397.711886        0.364805
MDMin:  1638 21:34:19    -2397.712149        0.360022
MDMin:  1639 21:34:20    -2397.712447        0.354568
MDMin:  1640 21:34:22    -2397.712777        0.352206
MDMin:  1641 21:34:23    -2397.713138        0.352811
MDMin:  1642 21:34:24    -2397.713530        0.353182
MDMin:  1643 21:34:25    -2397.713949        0.353282
MDMin:  1644 21:34:26    -2397.713831        1.164022
MDMin:  1645 21:34:28    -2397.712116        0.352885
MDMin:  1646 21:34:29    -2397.712154        0.352663
MDMin:  1647 21:34:30    -2397.712205        0.352379
MDMin:  1648 21:34:32    -2397.712274        0.352024
MDMin:  1649 21:34:33    -2397.712364        0.351590
MDMin:  1650 21:34:34    -2397.712479        0.351070
MDMin:  1651 21:34:36    -2397.712618        0.350458
MDMin:  1652 21:34:38    -2397.712783        0.349748
MDMin:  1653 21:34:40    -2397.712973        0.348940
MDMin:  1654 21:34:42    -2397.713186        0.348033
MDMin:  1655 21:34:43    -2397.713418        0.347032
MDMin:  1656 21:34:45    -2397.713668        0.345946
MDMin:  1657 21:34:47    -2397.713930        0.344785
MDMin:  1658 21:34:49    -2397.714200        0.343564
MDMin:  1659 21:34:51    -2397.714475        0.342298
MDMin:  1660 21:34:53    -2397.714749        0.341000
MDMin:  1661 21:34:54    -2397.715015        0.339684
MDMin:  1662 21:34:56    -2397.715267        0.338354
MDMin:  1663 21:34:58    -2397.715498        0.337011
MDMin:  1664 21:35:00    -2397.715699        0.335643
MDMin:  1665 21:35:02    -2397.715858        0.334223
MDMin:  1666 21:35:04    -2397.715962        0.332705
MDMin:  1667 21:35:06    -2397.715997        0.331021
MDMin:  1668 21:35:08    -2397.715942        0.329073
MDMin:  1669 21:35:10    -2397.715773        0.326735
MDMin:  1670 21:35:12    -2397.715459        0.323860
MDMin:  1671 21:35:14    -2397.714964        0.320282
MDMin:  1672 21:35:15    -2397.714262        0.399877
MDMin:  1673 21:35:17    -2397.713680        0.826104
MDMin:  1674 21:35:19    -2397.713656        0.744982
MDMin:  1675 21:35:20    -2397.713595        0.551381
MDMin:  1676 21:35:22    -2397.713484        0.311743
MDMin:  1677 21:35:24    -2397.713311        0.310870
MDMin:  1678 21:35:26    -2397.713083        0.309745
MDMin:  1679 21:35:28    -2397.712803        0.308399
MDMin:  1680 21:35:30    -2397.712464        0.306820
MDMin:  1681 21:35:32    -2397.712058        0.304993
MDMin:  1682 21:35:34    -2397.711574        0.302898
MDMin:  1683 21:35:36    -2397.711003        0.300513
MDMin:  1684 21:35:39    -2397.710330        0.297816
MDMin:  1685 21:35:40    -2397.709541        0.294778
MDMin:  1686 21:35:42    -2397.708617        0.291372
MDMin:  1687 21:35:45    -2397.707542        0.290763
MDMin:  1688 21:35:46    -2397.706292        0.290082
MDMin:  1689 21:35:48    -2397.704848        0.289275
MDMin:  1690 21:35:50    -2397.703186        0.288347
MDMin:  1691 21:35:51    -2397.701284        0.287310
MDMin:  1692 21:35:52    -2397.699123        0.286187
MDMin:  1693 21:35:53    -2397.696687        0.285006
MDMin:  1694 21:35:55    -2397.693966        0.283802
MDMin:  1695 21:35:56    -2397.690962        0.282612
MDMin:  1696 21:35:57    -2397.687699        0.281481
MDMin:  1697 21:35:58    -2397.684300        0.280467
MDMin:  1698 21:36:00    -2397.681511        0.556222
MDMin:  1699 21:36:01    -2397.680576        0.279458
MDMin:  1700 21:36:03    -2397.679505        0.279173
MDMin:  1701 21:36:04    -2397.678292        0.278869
MDMin:  1702 21:36:05    -2397.676944        0.278555
MDMin:  1703 21:36:06    -2397.675469        0.278241
MDMin:  1704 21:36:07    -2397.673879        0.277936
MDMin:  1705 21:36:09    -2397.672192        0.277650
MDMin:  1706 21:36:11    -2397.670430        0.277391
MDMin:  1707 21:36:13    -2397.668625        0.277164
MDMin:  1708 21:36:15    -2397.666818        0.276975
MDMin:  1709 21:36:17    -2397.665060        0.276824
MDMin:  1710 21:36:19    -2397.663418        0.276708
MDMin:  1711 21:36:21    -2397.661976        0.276620
MDMin:  1712 21:36:23    -2397.660839        0.276547
MDMin:  1713 21:36:25    -2397.660135        0.276467
MDMin:  1714 21:36:27    -2397.660020        0.276352
MDMin:  1715 21:36:29    -2397.660671        0.276168
MDMin:  1716 21:36:31    -2397.662221        0.275876
MDMin:  1717 21:36:33    -2397.664246        0.528497
MDMin:  1718 21:36:35    -2397.665240        0.275267
MDMin:  1719 21:36:37    -2397.666298        0.275036
MDMin:  1720 21:36:39    -2397.667641        0.274759
MDMin:  1721 21:36:41    -2397.669328        0.274429
MDMin:  1722 21:36:43    -2397.671427        0.274038
MDMin:  1723 21:36:46    -2397.674007        0.273576
MDMin:  1724 21:36:48    -2397.677146        0.273031
MDMin:  1725 21:36:50    -2397.680915        0.274280
MDMin:  1726 21:36:52    -2397.685366        0.282630
MDMin:  1727 21:36:54    -2397.690494        0.286714
MDMin:  1728 21:36:56    -2397.696167        0.281291
MDMin:  1729 21:36:58    -2397.702015        0.276315
MDMin:  1730 21:37:00    -2397.707327        0.280548
MDMin:  1731 21:37:02    -2397.711209        0.282200
MDMin:  1732 21:37:04    -2397.713323        0.279532
MDMin:  1733 21:37:05    -2397.714491        0.272071
MDMin:  1734 21:37:06    -2397.715726        0.261581
MDMin:  1735 21:37:07    -2397.717194        0.373168
MDMin:  1736 21:37:08    -2397.718248        0.435358
MDMin:  1737 21:37:10    -2397.718713        0.252329
MDMin:  1738 21:37:11    -2397.719296        0.251224
MDMin:  1739 21:37:12    -2397.719976        0.249934
MDMin:  1740 21:37:14    -2397.720760        0.248450
MDMin:  1741 21:37:15    -2397.721218        0.449117
MDMin:  1742 21:37:16    -2397.721780        0.245694
MDMin:  1743 21:37:18    -2397.721681        0.393207
MDMin:  1744 21:37:20    -2397.721816        0.248708
MDMin:  1745 21:37:21    -2397.721850        0.369352
MDMin:  1746 21:37:23    -2397.721746        0.254741
MDMin:  1747 21:37:24    -2397.721921        0.354296
MDMin:  1748 21:37:26    -2397.721642        0.260146
MDMin:  1749 21:37:27    -2397.721929        0.258118
MDMin:  1750 21:37:29    -2397.721367        0.345058
MDMin:  1751 21:37:31    -2397.721866        0.263903
MDMin:  1752 21:37:33    -2397.721445        0.331172
MDMin:  1753 21:37:35    -2397.721769        0.268867
MDMin:  1754 21:37:37    -2397.721479        0.326115
MDMin:  1755 21:37:39    -2397.721664        0.273473
MDMin:  1756 21:37:41    -2397.721499        0.321666
MDMin:  1757 21:37:43    -2397.721560        0.277811
MDMin:  1758 21:37:45    -2397.721512        0.317581
MDMin:  1759 21:37:46    -2397.721462        0.281901
MDMin:  1760 21:37:49    -2397.721521        0.313766
MDMin:  1761 21:37:51    -2397.721371        0.285752
MDMin:  1762 21:37:53    -2397.721524        0.310174
MDMin:  1763 21:37:55    -2397.721287        0.289375
MDMin:  1764 21:37:57    -2397.721524        0.306769
MDMin:  1765 21:37:59    -2397.721213        0.292780
MDMin:  1766 21:38:01    -2397.721518        0.303525
MDMin:  1767 21:38:03    -2397.721146        0.295979
MDMin:  1768 21:38:05    -2397.721509        0.300422
MDMin:  1769 21:38:07    -2397.721089        0.298984
MDMin:  1770 21:38:09    -2397.721495        0.297443
MDMin:  1771 21:38:11    -2397.721039        0.301805
MDMin:  1772 21:38:13    -2397.721465        0.297898
MDMin:  1773 21:38:15    -2397.720840        0.294363
MDMin:  1774 21:38:17    -2397.721334        0.290733
MDMin:  1775 21:38:19    -2397.720657        0.312155
MDMin:  1776 21:38:22    -2397.721290        0.306299
MDMin:  1777 21:38:24    -2397.720662        0.285920
MDMin:  1778 21:38:26    -2397.721216        0.282152
MDMin:  1779 21:38:27    -2397.720528        0.320037
MDMin:  1780 21:38:29    -2397.721224        0.313537
MDMin:  1781 21:38:30    -2397.720503        0.277418
MDMin:  1782 21:38:32    -2397.721064        0.273870
MDMin:  1783 21:38:34    -2397.720523        0.326134
MDMin:  1784 21:38:36    -2397.721192        0.269592
MDMin:  1785 21:38:38    -2397.720698        0.326358
MDMin:  1786 21:38:40    -2397.721160        0.267123
MDMin:  1787 21:38:42    -2397.720767        0.327273
MDMin:  1788 21:38:44    -2397.721095        0.265006
MDMin:  1789 21:38:46    -2397.720818        0.328265
MDMin:  1790 21:38:48    -2397.721019        0.262972
MDMin:  1791 21:38:50    -2397.720869        0.329216
MDMin:  1792 21:38:52    -2397.720937        0.260968
MDMin:  1793 21:38:54    -2397.720923        0.330105
MDMin:  1794 21:38:55    -2397.720851        0.258983
MDMin:  1795 21:38:57    -2397.720979        0.330929
MDMin:  1796 21:38:59    -2397.720760        0.257013
MDMin:  1797 21:39:01    -2397.721039        0.331689
MDMin:  1798 21:39:02    -2397.720665        0.255057
MDMin:  1799 21:39:03    -2397.721041        0.253213
MDMin:  1800 21:39:04    -2397.720421        0.340705
MDMin:  1801 21:39:05    -2397.721028        0.250619
MDMin:  1802 21:39:07    -2397.720602        0.340255
MDMin:  1803 21:39:08    -2397.720937        0.248766
MDMin:  1804 21:39:10    -2397.720715        0.340317
MDMin:  1805 21:39:11    -2397.720826        0.247049
MDMin:  1806 21:39:12    -2397.720816        0.340458
MDMin:  1807 21:39:14    -2397.720709        0.245352
MDMin:  1808 21:39:15    -2397.720914        0.340594
MDMin:  1809 21:39:17    -2397.720587        0.243653
MDMin:  1810 21:39:19    -2397.720955        0.242030
MDMin:  1811 21:39:21    -2397.720360        0.348472
MDMin:  1812 21:39:23    -2397.720906        0.239766
MDMin:  1813 21:39:25    -2397.720577        0.347444
MDMin:  1814 21:39:26    -2397.720785        0.238123
MDMin:  1815 21:39:28    -2397.720721        0.347007
MDMin:  1816 21:39:31    -2397.720648        0.236726
MDMin:  1817 21:39:33    -2397.720850        0.346684
MDMin:  1818 21:39:35    -2397.720504        0.236715
MDMin:  1819 21:39:37    -2397.720866        0.236710
MDMin:  1820 21:39:39    -2397.720346        0.353739
MDMin:  1821 21:39:41    -2397.720787        0.236703
MDMin:  1822 21:39:42    -2397.720588        0.352304
MDMin:  1823 21:39:43    -2397.720643        0.236701
MDMin:  1824 21:39:44    -2397.720754        0.351513
MDMin:  1825 21:39:46    -2397.720484        0.236702
MDMin:  1826 21:39:47    -2397.720842        0.236704
MDMin:  1827 21:39:49    -2397.720290        0.357920
MDMin:  1828 21:39:50    -2397.720740        0.236714
MDMin:  1829 21:39:53    -2397.720555        0.356161
MDMin:  1830 21:39:55    -2397.720578        0.236725
MDMin:  1831 21:39:57    -2397.720739        0.355091
MDMin:  1832 21:39:59    -2397.720402        0.236738
MDMin:  1833 21:40:00    -2397.720754        0.236746
MDMin:  1834 21:40:02    -2397.720310        0.360967
MDMin:  1835 21:40:04    -2397.720630        0.236772
MDMin:  1836 21:40:06    -2397.720589        0.358956
MDMin:  1837 21:40:08    -2397.720450        0.236795
MDMin:  1838 21:40:10    -2397.720786        0.357664
MDMin:  1839 21:40:11    -2397.720257        0.236820
MDMin:  1840 21:40:13    -2397.720606        0.236834
MDMin:  1841 21:40:15    -2397.720390        0.363094
MDMin:  1842 21:40:16    -2397.720459        0.236874
MDMin:  1843 21:40:18    -2397.720680        0.360878
MDMin:  1844 21:40:20    -2397.720262        0.236908
MDMin:  1845 21:40:21    -2397.720612        0.236926
MDMin:  1846 21:40:23    -2397.720318        0.365820
MDMin:  1847 21:40:24    -2397.720451        0.236977
MDMin:  1848 21:40:26    -2397.720626        0.363361
MDMin:  1849 21:40:28    -2397.720242        0.237019
MDMin:  1850 21:40:29    -2397.720588        0.237040
MDMin:  1851 21:40:30    -2397.720290        0.367927
MDMin:  1852 21:40:32    -2397.720411        0.237100
MDMin:  1853 21:40:34    -2397.720610        0.365290
MDMin:  1854 21:40:36    -2397.720189        0.237148
MDMin:  1855 21:40:38    -2397.720531        0.237173
MDMin:  1856 21:40:40    -2397.720297        0.369535
MDMin:  1857 21:40:42    -2397.720338        0.237241
MDMin:  1858 21:40:44    -2397.720626        0.366752
MDMin:  1859 21:40:46    -2397.720104        0.237295
MDMin:  1860 21:40:48    -2397.720442        0.237323
MDMin:  1861 21:40:50    -2397.720332        0.370716
MDMin:  1862 21:40:52    -2397.720234        0.237398
MDMin:  1863 21:40:54    -2397.720596        0.237430
MDMin:  1864 21:40:56    -2397.720110        0.373893
MDMin:  1865 21:40:58    -2397.720385        0.237513
MDMin:  1866 21:41:00    -2397.720482        0.370621
MDMin:  1867 21:41:01    -2397.720133        0.237576
MDMin:  1868 21:41:03    -2397.720463        0.237608
MDMin:  1869 21:41:05    -2397.720230        0.374006
MDMin:  1870 21:41:07    -2397.720231        0.237692
MDMin:  1871 21:41:09    -2397.720585        0.237728
MDMin:  1872 21:41:11    -2397.720047        0.376639
MDMin:  1873 21:41:13    -2397.720348        0.237820
MDMin:  1874 21:41:15    -2397.720435        0.373133
MDMin:  1875 21:41:17    -2397.720076        0.237889
MDMin:  1876 21:41:19    -2397.720400        0.237924
MDMin:  1877 21:41:21    -2397.720215        0.376083
MDMin:  1878 21:41:22    -2397.720144        0.238015
MDMin:  1879 21:41:24    -2397.720490        0.238053
MDMin:  1880 21:41:26    -2397.720063        0.378298
MDMin:  1881 21:41:27    -2397.720229        0.238150
MDMin:  1882 21:41:29    -2397.720459        0.374620
MDMin:  1883 21:41:30    -2397.719940        0.238224
MDMin:  1884 21:41:32    -2397.720257        0.238260
MDMin:  1885 21:41:34    -2397.720266        0.377221
MDMin:  1886 21:41:36    -2397.719978        0.238355
MDMin:  1887 21:41:38    -2397.720318        0.238395
MDMin:  1888 21:41:40    -2397.720139        0.379099
MDMin:  1889 21:41:42    -2397.720034        0.238496
MDMin:  1890 21:41:44    -2397.720375        0.238537
MDMin:  1891 21:41:46    -2397.720042        0.380625
MDMin:  1892 21:41:48    -2397.720083        0.238638
MDMin:  1893 21:41:50    -2397.720421        0.238680
MDMin:  1894 21:41:52    -2397.719964        0.381909
MDMin:  1895 21:41:54    -2397.720120        0.238781
MDMin:  1896 21:41:56    -2397.720385        0.377851
MDMin:  1897 21:41:58    -2397.719801        0.238857
MDMin:  1898 21:42:00    -2397.720105        0.238894
MDMin:  1899 21:42:02    -2397.720241        0.379802
MDMin:  1900 21:42:04    -2397.719790        0.238989
MDMin:  1901 21:42:06    -2397.720116        0.239030
MDMin:  1902 21:42:08    -2397.720161        0.381059
MDMin:  1903 21:42:10    -2397.719794        0.239129
MDMin:  1904 21:42:11    -2397.720122        0.239169
MDMin:  1905 21:42:13    -2397.720106        0.382015
MDMin:  1906 21:42:16    -2397.719793        0.239268
MDMin:  1907 21:42:18    -2397.720118        0.239308
MDMin:  1908 21:42:19    -2397.720067        0.382778
MDMin:  1909 21:42:21    -2397.719781        0.239406
MDMin:  1910 21:42:23    -2397.720103        0.239445
MDMin:  1911 21:42:25    -2397.720039        0.383385
MDMin:  1912 21:42:26    -2397.719758        0.239540
MDMin:  1913 21:42:27    -2397.720078        0.239579
MDMin:  1914 21:42:28    -2397.720022        0.383857
MDMin:  1915 21:42:30    -2397.719724        0.239672
MDMin:  1916 21:42:31    -2397.720041        0.239710
MDMin:  1917 21:42:33    -2397.720014        0.384210
MDMin:  1918 21:42:34    -2397.719681        0.239800
MDMin:  1919 21:42:36    -2397.719994        0.239837
MDMin:  1920 21:42:38    -2397.720015        0.384454
MDMin:  1921 21:42:41    -2397.719626        0.239925
MDMin:  1922 21:42:42    -2397.719937        0.239960
MDMin:  1923 21:42:44    -2397.720022        0.384600
MDMin:  1924 21:42:46    -2397.719562        0.240044
MDMin:  1925 21:42:47    -2397.719871        0.240078
MDMin:  1926 21:42:49    -2397.720036        0.384654
MDMin:  1927 21:42:51    -2397.719489        0.240160
MDMin:  1928 21:42:53    -2397.719795        0.240192
MDMin:  1929 21:42:55    -2397.720057        0.384625
MDMin:  1930 21:42:56    -2397.719406        0.240270
MDMin:  1931 21:42:57    -2397.719709        0.240301
MDMin:  1932 21:42:59    -2397.720083        0.384518
MDMin:  1933 21:43:01    -2397.719314        0.240374
MDMin:  1934 21:43:04    -2397.719615        0.240404
MDMin:  1935 21:43:06    -2397.720039        0.240446
MDMin:  1936 21:43:08    -2397.719588        0.389820
MDMin:  1937 21:43:09    -2397.719623        0.240533
MDMin:  1938 21:43:11    -2397.719943        0.240562
MDMin:  1939 21:43:13    -2397.719736        0.388370
MDMin:  1940 21:43:15    -2397.719527        0.240627
MDMin:  1941 21:43:16    -2397.719824        0.240652
MDMin:  1942 21:43:18    -2397.719822        0.387544
MDMin:  1943 21:43:20    -2397.719404        0.240710
MDMin:  1944 21:43:22    -2397.719694        0.240732
MDMin:  1945 21:43:24    -2397.719894        0.386848
MDMin:  1946 21:43:26    -2397.719269        0.240784
MDMin:  1947 21:43:28    -2397.719556        0.240803
MDMin:  1948 21:43:30    -2397.719960        0.240832
MDMin:  1949 21:43:31    -2397.719471        0.391313
MDMin:  1950 21:43:33    -2397.719507        0.240889
MDMin:  1951 21:43:35    -2397.719814        0.240906
MDMin:  1952 21:43:37    -2397.719651        0.389431
MDMin:  1953 21:43:39    -2397.719368        0.240945
MDMin:  1954 21:43:41    -2397.719653        0.240959
MDMin:  1955 21:43:43    -2397.719765        0.388230
MDMin:  1956 21:43:45    -2397.719205        0.240989
MDMin:  1957 21:43:47    -2397.719483        0.240999
MDMin:  1958 21:43:49    -2397.719862        0.387192
MDMin:  1959 21:43:51    -2397.719030        0.241022
MDMin:  1960 21:43:53    -2397.719307        0.241030
MDMin:  1961 21:43:55    -2397.719694        0.241041
MDMin:  1962 21:43:57    -2397.719491        0.391094
MDMin:  1963 21:43:58    -2397.719208        0.241059
MDMin:  1964 21:44:01    -2397.719503        0.241062
MDMin:  1965 21:44:02    -2397.719689        0.388922
MDMin:  1966 21:44:04    -2397.719030        0.241066
MDMin:  1967 21:44:06    -2397.719305        0.241065
MDMin:  1968 21:44:07    -2397.719686        0.241063
MDMin:  1969 21:44:09    -2397.719369        0.392212
MDMin:  1970 21:44:11    -2397.719180        0.241054
MDMin:  1971 21:44:12    -2397.719470        0.241046
MDMin:  1972 21:44:14    -2397.719591        0.389737
MDMin:  1973 21:44:16    -2397.718980        0.241026
MDMin:  1974 21:44:18    -2397.719249        0.241014
MDMin:  1975 21:44:20    -2397.719621        0.240997
MDMin:  1976 21:44:22    -2397.719304        0.392651
MDMin:  1977 21:44:24    -2397.719097        0.240956
MDMin:  1978 21:44:25    -2397.719380        0.240937
MDMin:  1979 21:44:27    -2397.719539        0.389980
MDMin:  1980 21:44:29    -2397.718875        0.240887
MDMin:  1981 21:44:31    -2397.719138        0.240863
MDMin:  1982 21:44:33    -2397.719502        0.240829
MDMin:  1983 21:44:35    -2397.719279        0.392615
MDMin:  1984 21:44:36    -2397.718960        0.240751
MDMin:  1985 21:44:38    -2397.719237        0.240717
MDMin:  1986 21:44:41    -2397.719523        0.391804
MDMin:  1987 21:44:43    -2397.718718        0.240634
MDMin:  1988 21:44:44    -2397.718976        0.240596
MDMin:  1989 21:44:46    -2397.719332        0.240542
MDMin:  1990 21:44:48    -2397.719286        0.394658
MDMin:  1991 21:44:50    -2397.718772        0.240421
MDMin:  1992 21:44:52    -2397.719044        0.240370
MDMin:  1993 21:44:55    -2397.719412        0.240299
MDMin:  1994 21:44:57    -2397.719123        0.396966
MDMin:  1995 21:44:59    -2397.718834        0.240143
MDMin:  1996 21:45:00    -2397.719106        0.240080
MDMin:  1997 21:45:02    -2397.719406        0.395660
MDMin:  1998 21:45:04    -2397.718562        0.239930
MDMin:  1999 21:45:06    -2397.718812        0.239863
MDMin:  2000 21:45:07    -2397.719155        0.239769
MDMin:  2001 21:45:08    -2397.719213        0.398012
MDMin:  2002 21:45:10    -2397.718567        0.239566
MDMin:  2003 21:45:11    -2397.718831        0.239483
MDMin:  2004 21:45:12    -2397.719186        0.239367
MDMin:  2005 21:45:13    -2397.719090        0.399846
MDMin:  2006 21:45:14    -2397.718579        0.239121
MDMin:  2007 21:45:16    -2397.718843        0.239022
MDMin:  2008 21:45:17    -2397.719196        0.238886
MDMin:  2009 21:45:18    -2397.718999        0.401355
MDMin:  2010 21:45:19    -2397.718575        0.238599
MDMin:  2011 21:45:20    -2397.718836        0.238485
MDMin:  2012 21:45:21    -2397.719184        0.238328
MDMin:  2013 21:45:23    -2397.718931        0.402610
MDMin:  2014 21:45:24    -2397.718552        0.237998
MDMin:  2015 21:45:25    -2397.718810        0.237867
MDMin:  2016 21:45:26    -2397.719152        0.237688
MDMin:  2017 21:45:27    -2397.718879        0.403650
MDMin:  2018 21:45:28    -2397.718510        0.237313
MDMin:  2019 21:45:30    -2397.718764        0.237165
MDMin:  2020 21:45:31    -2397.719101        0.236962
MDMin:  2021 21:45:32    -2397.718842        0.404502
MDMin:  2022 21:45:33    -2397.718448        0.236540
MDMin:  2023 21:45:34    -2397.718699        0.236374
MDMin:  2024 21:45:36    -2397.719032        0.236147
MDMin:  2025 21:45:37    -2397.718816        0.405186
MDMin:  2026 21:45:38    -2397.718368        0.235675
MDMin:  2027 21:45:39    -2397.718615        0.235489
MDMin:  2028 21:45:41    -2397.718944        0.235236
MDMin:  2029 21:45:43    -2397.718801        0.405719
MDMin:  2030 21:45:45    -2397.718270        0.234712
MDMin:  2031 21:45:46    -2397.718515        0.234506
MDMin:  2032 21:45:47    -2397.718838        0.234225
MDMin:  2033 21:45:49    -2397.718795        0.406117
MDMin:  2034 21:45:50    -2397.718155        0.233647
MDMin:  2035 21:45:51    -2397.718396        0.233420
MDMin:  2036 21:45:52    -2397.718716        0.233111
MDMin:  2037 21:45:53    -2397.718799        0.406390
MDMin:  2038 21:45:54    -2397.718022        0.232477
MDMin:  2039 21:45:56    -2397.718261        0.232228
MDMin:  2040 21:45:58    -2397.718576        0.231891
MDMin:  2041 21:46:00    -2397.718810        0.406550
MDMin:  2042 21:46:02    -2397.717874        0.231199
MDMin:  2043 21:46:04    -2397.718110        0.230927
MDMin:  2044 21:46:06    -2397.718421        0.230560
MDMin:  2045 21:46:08    -2397.718803        0.230091
MDMin:  2046 21:46:10    -2397.718458        0.409755
MDMin:  2047 21:46:12    -2397.718019        0.229187
MDMin:  2048 21:46:14    -2397.718268        0.228858
MDMin:  2049 21:46:16    -2397.718588        0.228421
MDMin:  2050 21:46:19    -2397.718586        0.408811
MDMin:  2051 21:46:21    -2397.717845        0.227548
MDMin:  2052 21:46:23    -2397.718076        0.227213
MDMin:  2053 21:46:25    -2397.718377        0.226763
MDMin:  2054 21:46:28    -2397.718661        0.408211
MDMin:  2055 21:46:30    -2397.717639        0.225854
MDMin:  2056 21:46:32    -2397.717863        0.225500
MDMin:  2057 21:46:34    -2397.718158        0.225025
MDMin:  2058 21:46:36    -2397.718518        0.224422
MDMin:  2059 21:46:38    -2397.718384        0.410657
MDMin:  2060 21:46:40    -2397.717698        0.223273
MDMin:  2061 21:46:41    -2397.717934        0.222855
MDMin:  2062 21:46:43    -2397.718236        0.222305
MDMin:  2063 21:46:45    -2397.718543        0.409199
MDMin:  2064 21:46:47    -2397.717462        0.221214
MDMin:  2065 21:46:49    -2397.717682        0.220796
MDMin:  2066 21:46:51    -2397.717966        0.220239
MDMin:  2067 21:46:53    -2397.718313        0.219538
MDMin:  2068 21:46:55    -2397.718325        0.411044
MDMin:  2069 21:46:57    -2397.717467        0.218213
MDMin:  2070 21:46:59    -2397.717694        0.217733
MDMin:  2071 21:47:01    -2397.717983        0.217104
MDMin:  2072 21:47:03    -2397.718332        0.216321
MDMin:  2073 21:47:04    -2397.718191        0.412042
MDMin:  2074 21:47:06    -2397.717456        0.214923
MDMin:  2075 21:47:07    -2397.717680        0.214995
MDMin:  2076 21:47:09    -2397.717963        0.215087
MDMin:  2077 21:47:11    -2397.718304        0.215198
MDMin:  2078 21:47:13    -2397.718103        0.412514
MDMin:  2079 21:47:15    -2397.717412        0.215393
MDMin:  2080 21:47:17    -2397.717629        0.215456
MDMin:  2081 21:47:19    -2397.717904        0.215537
MDMin:  2082 21:47:20    -2397.718235        0.215634
MDMin:  2083 21:47:22    -2397.718045        0.412615
MDMin:  2084 21:47:24    -2397.717330        0.215799
MDMin:  2085 21:47:25    -2397.717540        0.215851
MDMin:  2086 21:47:26    -2397.717807        0.215917
MDMin:  2087 21:47:28    -2397.718128        0.215995
MDMin:  2088 21:47:30    -2397.718009        0.412433
MDMin:  2089 21:47:31    -2397.717211        0.216124
MDMin:  2090 21:47:33    -2397.717416        0.216163
MDMin:  2091 21:47:35    -2397.717674        0.216212
MDMin:  2092 21:47:37    -2397.717985        0.216268
MDMin:  2093 21:47:39    -2397.717992        0.412024
MDMin:  2094 21:47:40    -2397.717057        0.216357
MDMin:  2095 21:47:41    -2397.717256        0.216381
MDMin:  2096 21:47:43    -2397.717507        0.216411
MDMin:  2097 21:47:44    -2397.717808        0.216444
MDMin:  2098 21:47:46    -2397.717993        0.411432
MDMin:  2099 21:47:47    -2397.716869        0.216491
MDMin:  2100 21:47:49    -2397.717062        0.216500
MDMin:  2101 21:47:51    -2397.717306        0.216510
MDMin:  2102 21:47:52    -2397.717597        0.216520
MDMin:  2103 21:47:54    -2397.717933        0.216526
MDMin:  2104 21:47:56    -2397.717740        0.413327
MDMin:  2105 21:47:57    -2397.716888        0.216519
MDMin:  2106 21:47:58    -2397.717086        0.216508
MDMin:  2107 21:48:00    -2397.717331        0.216491
MDMin:  2108 21:48:02    -2397.717620        0.216469
MDMin:  2109 21:48:03    -2397.717858        0.411387
MDMin:  2110 21:48:04    -2397.716628        0.216414
MDMin:  2111 21:48:06    -2397.716811        0.216387
MDMin:  2112 21:48:08    -2397.717039        0.216352
MDMin:  2113 21:48:09    -2397.717311        0.216308
MDMin:  2114 21:48:11    -2397.717623        0.216252
MDMin:  2115 21:48:13    -2397.717698        0.412435
MDMin:  2116 21:48:15    -2397.716536        0.216139
MDMin:  2117 21:48:17    -2397.716722        0.216092
MDMin:  2118 21:48:19    -2397.716950        0.216034
MDMin:  2119 21:48:21    -2397.717217        0.215961
MDMin:  2120 21:48:23    -2397.717523        0.215874
MDMin:  2121 21:48:24    -2397.717631        0.412516
MDMin:  2122 21:48:26    -2397.716392        0.215711
MDMin:  2123 21:48:28    -2397.716573        0.215649
MDMin:  2124 21:48:29    -2397.716794        0.215571
MDMin:  2125 21:48:31    -2397.717052        0.215477
MDMin:  2126 21:48:33    -2397.717345        0.215367
MDMin:  2127 21:48:35    -2397.717617        0.412131
MDMin:  2128 21:48:37    -2397.716182        0.215169
MDMin:  2129 21:48:39    -2397.716357        0.215095
MDMin:  2130 21:48:41    -2397.716570        0.215005
MDMin:  2131 21:48:43    -2397.716818        0.214898
MDMin:  2132 21:48:45    -2397.717100        0.214774
MDMin:  2133 21:48:47    -2397.717413        0.214635
MDMin:  2134 21:48:49    -2397.717441        0.414081
MDMin:  2135 21:48:50    -2397.716108        0.214396
MDMin:  2136 21:48:52    -2397.716286        0.214311
MDMin:  2137 21:48:54    -2397.716500        0.214210
MDMin:  2138 21:48:56    -2397.716745        0.214093
MDMin:  2139 21:48:59    -2397.717022        0.213961
MDMin:  2140 21:49:01    -2397.717328        0.213816
MDMin:  2141 21:49:03    -2397.717395        0.414978
MDMin:  2142 21:49:05    -2397.715946        0.213574
MDMin:  2143 21:49:06    -2397.716123        0.213489
MDMin:  2144 21:49:08    -2397.716333        0.213389
MDMin:  2145 21:49:09    -2397.716573        0.213276
MDMin:  2146 21:49:10    -2397.716843        0.213152
MDMin:  2147 21:49:13    -2397.717141        0.213018
MDMin:  2148 21:49:15    -2397.717430        0.415833
MDMin:  2149 21:49:17    -2397.715698        0.212797
MDMin:  2150 21:49:18    -2397.715876        0.212719
MDMin:  2151 21:49:20    -2397.716086        0.212629
MDMin:  2152 21:49:21    -2397.716325        0.212528
MDMin:  2153 21:49:22    -2397.716593        0.212419
MDMin:  2154 21:49:23    -2397.716889        0.212302
MDMin:  2155 21:49:25    -2397.717214        0.212180
MDMin:  2156 21:49:27    -2397.717395        0.420487
MDMin:  2157 21:49:28    -2397.715588        0.211980
MDMin:  2158 21:49:29    -2397.715785        0.211909
MDMin:  2159 21:49:31    -2397.716013        0.211827
MDMin:  2160 21:49:32    -2397.716271        0.211736
MDMin:  2161 21:49:34    -2397.716560        0.211637
MDMin:  2162 21:49:36    -2397.716881        0.211531
MDMin:  2163 21:49:37    -2397.717236        0.211417
MDMin:  2164 21:49:39    -2397.717516        0.426645
MDMin:  2165 21:49:41    -2397.715511        0.211219
MDMin:  2166 21:49:43    -2397.715737        0.211144
MDMin:  2167 21:49:45    -2397.715997        0.211055
MDMin:  2168 21:49:47    -2397.716293        0.210954
MDMin:  2169 21:49:49    -2397.716626        0.210839
MDMin:  2170 21:49:51    -2397.717001        0.210708
MDMin:  2171 21:49:52    -2397.717421        0.210560
MDMin:  2172 21:49:54    -2397.717750        0.436846
MDMin:  2173 21:49:56    -2397.715652        0.210285
MDMin:  2174 21:49:58    -2397.715928        0.210177
MDMin:  2175 21:50:00    -2397.716250        0.210049
MDMin:  2176 21:50:01    -2397.716619        0.209896
MDMin:  2177 21:50:03    -2397.717040        0.209718
MDMin:  2178 21:50:04    -2397.717520        0.209509
MDMin:  2179 21:50:06    -2397.718068        0.209263
MDMin:  2180 21:50:08    -2397.718076        0.453520
MDMin:  2181 21:50:10    -2397.716331        0.208803
MDMin:  2182 21:50:12    -2397.716692        0.208629
MDMin:  2183 21:50:14    -2397.717117        0.208418
MDMin:  2184 21:50:15    -2397.717611        0.208165
MDMin:  2185 21:50:16    -2397.718182        0.207866
MDMin:  2186 21:50:17    -2397.718540        0.461854
MDMin:  2187 21:50:18    -2397.716753        0.207310
MDMin:  2188 21:50:20    -2397.717137        0.207101
MDMin:  2189 21:50:21    -2397.717600        0.206843
MDMin:  2190 21:50:22    -2397.718148        0.206532
MDMin:  2191 21:50:23    -2397.718789        0.206162
MDMin:  2192 21:50:24    -2397.718932        0.474367
MDMin:  2193 21:50:26    -2397.717519        0.205479
MDMin:  2194 21:50:29    -2397.717946        0.205227
MDMin:  2195 21:50:31    -2397.718468        0.204914
MDMin:  2196 21:50:33    -2397.719092        0.204534
MDMin:  2197 21:50:35    -2397.719316        0.480755
MDMin:  2198 21:50:37    -2397.718017        0.203826
MDMin:  2199 21:50:39    -2397.718446        0.203560
MDMin:  2200 21:50:42    -2397.718982        0.203224
MDMin:  2201 21:50:44    -2397.719631        0.202814
MDMin:  2202 21:50:46    -2397.719647        0.488826
MDMin:  2203 21:50:48    -2397.718651        0.202045
MDMin:  2204 21:50:50    -2397.719097        0.201758
MDMin:  2205 21:50:51    -2397.719661        0.201392
MDMin:  2206 21:50:52    -2397.719962        0.489568
MDMin:  2207 21:50:53    -2397.718810        0.200679
MDMin:  2208 21:50:55    -2397.719234        0.202382
MDMin:  2209 21:50:57    -2397.719781        0.204637
MDMin:  2210 21:50:59    -2397.720234        0.491559
MDMin:  2211 21:51:01    -2397.718979        0.204102
MDMin:  2212 21:51:03    -2397.719402        0.205708
MDMin:  2213 21:51:05    -2397.719954        0.207812
MDMin:  2214 21:51:07    -2397.720492        0.493883
MDMin:  2215 21:51:09    -2397.719175        0.206983
MDMin:  2216 21:51:11    -2397.719603        0.208477
MDMin:  2217 21:51:13    -2397.720163        0.210435
MDMin:  2218 21:51:15    -2397.720744        0.496138
MDMin:  2219 21:51:16    -2397.719396        0.209291
MDMin:  2220 21:51:18    -2397.719828        0.210660
MDMin:  2221 21:51:20    -2397.720393        0.212450
MDMin:  2222 21:51:22    -2397.720992        0.498086
MDMin:  2223 21:51:25    -2397.719630        0.210962
MDMin:  2224 21:51:27    -2397.720063        0.212187
MDMin:  2225 21:51:29    -2397.720631        0.213784
MDMin:  2226 21:51:31    -2397.721235        0.499555
MDMin:  2227 21:51:33    -2397.719865        0.211928
MDMin:  2228 21:51:35    -2397.720296        0.212990
MDMin:  2229 21:51:37    -2397.720863        0.214369
MDMin:  2230 21:51:39    -2397.721475        0.500409
MDMin:  2231 21:51:42    -2397.720087        0.212131
MDMin:  2232 21:51:43    -2397.720513        0.213014
MDMin:  2233 21:51:44    -2397.721074        0.214152
MDMin:  2234 21:51:45    -2397.721711        0.500539
MDMin:  2235 21:51:48    -2397.720282        0.211525
MDMin:  2236 21:51:50    -2397.720702        0.212218
MDMin:  2237 21:51:51    -2397.721253        0.213097
MDMin:  2238 21:51:53    -2397.721932        0.214124
MDMin:  2239 21:51:55    -2397.721948        0.505966
MDMin:  2240 21:51:56    -2397.721030        0.210626
MDMin:  2241 21:51:58    -2397.721466        0.211064
MDMin:  2242 21:52:00    -2397.722028        0.211581
MDMin:  2243 21:52:02    -2397.722196        0.502213
MDMin:  2244 21:52:04    -2397.721143        0.207888
MDMin:  2245 21:52:05    -2397.721541        0.208072
MDMin:  2246 21:52:06    -2397.722059        0.208262
MDMin:  2247 21:52:07    -2397.722423        0.498482
MDMin:  2248 21:52:09    -2397.721156        0.204293
MDMin:  2249 21:52:10    -2397.721533        0.204256
MDMin:  2250 21:52:11    -2397.722025        0.204152
MDMin:  2251 21:52:13    -2397.722624        0.203931
MDMin:  2252 21:52:14    -2397.722649        0.498526
MDMin:  2253 21:52:16    -2397.721569        0.204713
MDMin:  2254 21:52:18    -2397.721947        0.205536
MDMin:  2255 21:52:19    -2397.722428        0.206583
MDMin:  2256 21:52:21    -2397.722890        0.490863
MDMin:  2257 21:52:23    -2397.721394        0.208520
MDMin:  2258 21:52:25    -2397.721732        0.209353
MDMin:  2259 21:52:27    -2397.722165        0.210427
MDMin:  2260 21:52:29    -2397.722683        0.211725
MDMin:  2261 21:52:31    -2397.723120        0.486515
MDMin:  2262 21:52:33    -2397.721478        0.214022
MDMin:  2263 21:52:34    -2397.721806        0.214981
MDMin:  2264 21:52:36    -2397.722212        0.216194
MDMin:  2265 21:52:37    -2397.722687        0.217646
MDMin:  2266 21:52:39    -2397.723218        0.219326
MDMin:  2267 21:52:41    -2397.723372        0.480133
MDMin:  2268 21:52:43    -2397.721702        0.222196
MDMin:  2269 21:52:45    -2397.722001        0.223380
MDMin:  2270 21:52:47    -2397.722356        0.224841
MDMin:  2271 21:52:49    -2397.722754        0.226569
MDMin:  2272 21:52:51    -2397.723180        0.228559
MDMin:  2273 21:52:53    -2397.723620        0.230815
MDMin:  2274 21:52:55    -2397.723651        0.465194
MDMin:  2275 21:52:57    -2397.721635        0.234655
MDMin:  2276 21:52:59    -2397.721868        0.236292
MDMin:  2277 21:53:01    -2397.722123        0.238257
MDMin:  2278 21:53:03    -2397.722388        0.240548
MDMin:  2279 21:53:05    -2397.722646        0.243169
MDMin:  2280 21:53:07    -2397.722882        0.246137
MDMin:  2281 21:53:09    -2397.723079        0.249481
MDMin:  2282 21:53:11    -2397.723221        0.253244
MDMin:  2283 21:53:13    -2397.723293        0.257490
MDMin:  2284 21:53:15    -2397.723281        0.262295
MDMin:  2285 21:53:17    -2397.723173        0.270746
MDMin:  2286 21:53:19    -2397.722960        0.283188
MDMin:  2287 21:53:20    -2397.722636        0.297695
MDMin:  2288 21:53:22    -2397.722198        0.314331
MDMin:  2289 21:53:24    -2397.721648        0.332982
MDMin:  2290 21:53:26    -2397.720988        0.353201
MDMin:  2291 21:53:28    -2397.720227        0.373963
MDMin:  2292 21:53:30    -2397.719372        0.393438
MDMin:  2293 21:53:32    -2397.718435        0.408697
MDMin:  2294 21:53:34    -2397.717426        0.415580
MDMin:  2295 21:53:36    -2397.716358        0.409083
MDMin:  2296 21:53:38    -2397.715241        0.404000
MDMin:  2297 21:53:39    -2397.714092        0.421468
MDMin:  2298 21:53:40    -2397.712932        0.436494
MDMin:  2299 21:53:42    -2397.711797        0.447614
MDMin:  2300 21:53:44    -2397.710743        0.453995
MDMin:  2301 21:53:45    -2397.709839        0.455815
MDMin:  2302 21:53:47    -2397.709158        0.454254
MDMin:  2303 21:53:49    -2397.708749        0.451278
MDMin:  2304 21:53:51    -2397.708608        0.449393
MDMin:  2305 21:53:53    -2397.708659        0.451297
MDMin:  2306 21:53:55    -2397.708804        0.459285
MDMin:  2307 21:53:57    -2397.708984        0.474295
MDMin:  2308 21:53:59    -2397.709198        0.494483
MDMin:  2309 21:54:00    -2397.709449        0.513781
MDMin:  2310 21:54:02    -2397.709720        0.520701
MDMin:  2311 21:54:05    -2397.709996        0.505458
MDMin:  2312 21:54:07    -2397.710265        0.538326
MDMin:  2313 21:54:09    -2397.710476        0.951924
MDMin:  2314 21:54:11    -2397.710524        0.564908
MDMin:  2315 21:54:13    -2397.710588        0.569783
MDMin:  2316 21:54:14    -2397.710660        0.574770
MDMin:  2317 21:54:16    -2397.710739        0.579756
MDMin:  2318 21:54:18    -2397.710825        0.584605
MDMin:  2319 21:54:20    -2397.710917        0.589195
MDMin:  2320 21:54:22    -2397.711015        0.593444
MDMin:  2321 21:54:24    -2397.711118        0.597319
MDMin:  2322 21:54:26    -2397.711227        0.600851
MDMin:  2323 21:54:29    -2397.711341        0.604157
MDMin:  2324 21:54:31    -2397.711459        0.607409
MDMin:  2325 21:54:33    -2397.711582        0.610858
MDMin:  2326 21:54:35    -2397.711710        0.614828
MDMin:  2327 21:54:37    -2397.711841        0.619612
MDMin:  2328 21:54:39    -2397.711969        0.625084
MDMin:  2329 21:54:41    -2397.712075        0.630058
MDMin:  2330 21:54:44    -2397.712145        0.633414
MDMin:  2331 21:54:46    -2397.712206        0.636425
MDMin:  2332 21:54:48    -2397.712274        0.639711
MDMin:  2333 21:54:50    -2397.712351        0.663243
MDMin:  2334 21:54:52    -2397.712436        0.702673
MDMin:  2335 21:54:54    -2397.712530        0.752282
MDMin:  2336 21:54:56    -2397.712634        0.814206
MDMin:  2337 21:54:58    -2397.712747        0.889850
MDMin:  2338 21:55:00    -2397.712870        0.978112
MDMin:  2339 21:55:02    -2397.713002        1.072415
MDMin:  2340 21:55:04    -2397.713144        1.157691
MDMin:  2341 21:55:06    -2397.713297        1.210987
MDMin:  2342 21:55:08    -2397.713464        1.210079
MDMin:  2343 21:55:10    -2397.713650        1.147775
MDMin:  2344 21:55:12    -2397.713858        1.039975
MDMin:  2345 21:55:14    -2397.714091        1.058210
MDMin:  2346 21:55:16    -2397.714344        1.188343
MDMin:  2347 21:55:18    -2397.714602        1.293776
MDMin:  2348 21:55:20    -2397.714827        1.332688
MDMin:  2349 21:55:22    -2397.714984        1.320594
MDMin:  2350 21:55:24    -2397.715118        1.286096
MDMin:  2351 21:55:26    -2397.715265        1.229421
MDMin:  2352 21:55:28    -2397.715431        1.149608
MDMin:  2353 21:55:31    -2397.715622        1.050839
MDMin:  2354 21:55:33    -2397.715840        0.941915
MDMin:  2355 21:55:35    -2397.715815        0.833518
MDMin:  2356 21:55:37    -2397.715926        0.734830
MDMin:  2357 21:55:39    -2397.716012        0.715697
MDMin:  2358 21:55:41    -2397.715852        0.710963
MDMin:  2359 21:55:43    -2397.716107        0.706586
MDMin:  2360 21:55:45    -2397.716289        0.704042
MDMin:  2361 21:55:47    -2397.716408        0.702528
MDMin:  2362 21:55:49    -2397.716333        0.701502
MDMin:  2363 21:55:51    -2397.716524        0.701136
MDMin:  2364 21:55:52    -2397.716659        0.701695
MDMin:  2365 21:55:53    -2397.716611        0.703366
MDMin:  2366 21:55:54    -2397.716880        0.706209
MDMin:  2367 21:55:56    -2397.717025        0.709994
MDMin:  2368 21:55:57    -2397.716992        0.714011
MDMin:  2369 21:55:58    -2397.717307        0.717136
MDMin:  2370 21:56:01    -2397.717516        0.717648
MDMin:  2371 21:56:02    -2397.717364        0.713550
MDMin:  2372 21:56:04    -2397.717664        0.703066
MDMin:  2373 21:56:06    -2397.717908        0.686484
MDMin:  2374 21:56:08    -2397.718072        0.669839
MDMin:  2375 21:56:10    -2397.718167        0.657718
MDMin:  2376 21:56:12    -2397.718257        0.644493
MDMin:  2377 21:56:13    -2397.718340        0.628665
MDMin:  2378 21:56:15    -2397.718136        0.610360
MDMin:  2379 21:56:16    -2397.718256        0.589398
MDMin:  2380 21:56:18    -2397.718379        0.566207
MDMin:  2381 21:56:19    -2397.718504        0.541491
MDMin:  2382 21:56:21    -2397.718631        0.516163
MDMin:  2383 21:56:23    -2397.718759        0.491210
MDMin:  2384 21:56:25    -2397.718888        0.467544
MDMin:  2385 21:56:27    -2397.719017        0.453353
MDMin:  2386 21:56:29    -2397.719140        0.462736
MDMin:  2387 21:56:30    -2397.719248        0.491166
MDMin:  2388 21:56:32    -2397.719317        0.475247
MDMin:  2389 21:56:34    -2397.719362        0.478132
MDMin:  2390 21:56:36    -2397.719408        0.481015
MDMin:  2391 21:56:38    -2397.719459        0.483955
MDMin:  2392 21:56:40    -2397.719514        0.486826
MDMin:  2393 21:56:42    -2397.719573        0.489459
MDMin:  2394 21:56:44    -2397.719634        0.491639
MDMin:  2395 21:56:46    -2397.719697        0.493107
MDMin:  2396 21:56:48    -2397.719762        0.493556
MDMin:  2397 21:56:50    -2397.719827        0.492633
MDMin:  2398 21:56:52    -2397.719890        0.489959
MDMin:  2399 21:56:54    -2397.719952        0.485164
MDMin:  2400 21:56:56    -2397.720009        0.477974
MDMin:  2401 21:56:58    -2397.720060        0.468531
MDMin:  2402 21:57:01    -2397.720097        0.515547
MDMin:  2403 21:57:03    -2397.720115        0.452075
MDMin:  2404 21:57:05    -2397.720127        0.446710
MDMin:  2405 21:57:07    -2397.720139        0.440595
MDMin:  2406 21:57:09    -2397.720151        0.433440
MDMin:  2407 21:57:11    -2397.720162        0.425155
MDMin:  2408 21:57:13    -2397.720171        0.415684
MDMin:  2409 21:57:15    -2397.720177        0.405017
MDMin:  2410 21:57:17    -2397.720180        0.393206
MDMin:  2411 21:57:19    -2397.720178        0.394393
MDMin:  2412 21:57:21    -2397.720171        0.398567
MDMin:  2413 21:57:23    -2397.720157        0.402905
MDMin:  2414 21:57:25    -2397.720135        0.407307
MDMin:  2415 21:57:27    -2397.720105        0.411614
MDMin:  2416 21:57:29    -2397.720067        0.420769
MDMin:  2417 21:57:31    -2397.720030        0.486124
MDMin:  2418 21:57:33    -2397.720006        0.433512
MDMin:  2419 21:57:35    -2397.719985        0.436598
MDMin:  2420 21:57:38    -2397.719959        0.439448
MDMin:  2421 21:57:39    -2397.719930        0.441862
MDMin:  2422 21:57:42    -2397.719895        0.443514
MDMin:  2423 21:57:44    -2397.719855        0.444030
MDMin:  2424 21:57:46    -2397.719809        0.443018
MDMin:  2425 21:57:48    -2397.719757        0.440099
MDMin:  2426 21:57:50    -2397.719699        0.434976
MDMin:  2427 21:57:53    -2397.719634        0.430148
MDMin:  2428 21:57:55    -2397.719563        0.439109
MDMin:  2429 21:57:57    -2397.719484        0.448954
MDMin:  2430 21:57:59    -2397.719400        0.459448
MDMin:  2431 21:58:01    -2397.719312        0.470135
MDMin:  2432 21:58:03    -2397.719225        0.480010
MDMin:  2433 21:58:05    -2397.719157        0.492187
MDMin:  2434 21:58:07    -2397.719118        0.491007
MDMin:  2435 21:58:10    -2397.719082        0.494314
MDMin:  2436 21:58:12    -2397.719041        0.497710
MDMin:  2437 21:58:14    -2397.718997        0.501104
MDMin:  2438 21:58:16    -2397.718948        0.504318
MDMin:  2439 21:58:17    -2397.718895        0.507136
MDMin:  2440 21:58:19    -2397.718839        0.509300
MDMin:  2441 21:58:21    -2397.718780        0.510527
MDMin:  2442 21:58:23    -2397.718719        0.510511
MDMin:  2443 21:58:25    -2397.718656        0.508946
MDMin:  2444 21:58:28    -2397.718593        0.505537
MDMin:  2445 21:58:29    -2397.718530        0.500033
MDMin:  2446 21:58:31    -2397.718469        0.492246
MDMin:  2447 21:58:33    -2397.718414        0.482320
MDMin:  2448 21:58:35    -2397.718370        0.484468
MDMin:  2449 21:58:37    -2397.718346        0.464602
MDMin:  2450 21:58:39    -2397.718331        0.459226
MDMin:  2451 21:58:41    -2397.718315        0.453234
MDMin:  2452 21:58:43    -2397.718298        0.446273
MDMin:  2453 21:58:45    -2397.718282        0.438273
MDMin:  2454 21:58:47    -2397.718265        0.429205
MDMin:  2455 21:58:49    -2397.718250        0.419067
MDMin:  2456 21:58:51    -2397.718236        0.407895
MDMin:  2457 21:58:53    -2397.718224        0.395764
MDMin:  2458 21:58:55    -2397.718215        0.384629
MDMin:  2459 21:58:57    -2397.718210        0.383541
MDMin:  2460 21:58:59    -2397.718208        0.382140
MDMin:  2461 21:59:01    -2397.718210        0.380551
MDMin:  2462 21:59:03    -2397.718216        0.378983
MDMin:  2463 21:59:06    -2397.718223        0.488133
MDMin:  2464 21:59:07    -2397.718227        0.377125
MDMin:  2465 21:59:09    -2397.718230        0.376729
MDMin:  2466 21:59:11    -2397.718233        0.376367
MDMin:  2467 21:59:14    -2397.718237        0.376079
MDMin:  2468 21:59:15    -2397.718241        0.375924
MDMin:  2469 21:59:17    -2397.718244        0.375981
MDMin:  2470 21:59:19    -2397.718248        0.376346
MDMin:  2471 21:59:21    -2397.718251        0.379163
MDMin:  2472 21:59:23    -2397.718253        0.382307
MDMin:  2473 21:59:25    -2397.718253        0.385647
MDMin:  2474 21:59:28    -2397.718252        0.398125
MDMin:  2475 21:59:29    -2397.718248        0.411766
MDMin:  2476 21:59:32    -2397.718241        0.424765
MDMin:  2477 21:59:34    -2397.718231        0.435974
MDMin:  2478 21:59:36    -2397.718216        0.443974
MDMin:  2479 21:59:38    -2397.718197        0.447347
MDMin:  2480 21:59:40    -2397.718177        0.497244
MDMin:  2481 21:59:43    -2397.718165        0.444049
MDMin:  2482 21:59:45    -2397.718154        0.441401
MDMin:  2483 21:59:47    -2397.718141        0.437600
MDMin:  2484 21:59:50    -2397.718126        0.439812
MDMin:  2485 21:59:52    -2397.718108        0.444590
MDMin:  2486 21:59:54    -2397.718087        0.449637
MDMin:  2487 21:59:56    -2397.718062        0.454799
MDMin:  2488 21:59:58    -2397.718034        0.459876
MDMin:  2489 22:00:00    -2397.718001        0.464619
MDMin:  2490 22:00:02    -2397.717964        0.468737
MDMin:  2491 22:00:04    -2397.717922        0.471903
MDMin:  2492 22:00:06    -2397.717875        0.473777
MDMin:  2493 22:00:08    -2397.717822        0.474001
MDMin:  2494 22:00:10    -2397.717765        0.472295
MDMin:  2495 22:00:12    -2397.717710        0.469004
MDMin:  2496 22:00:14    -2397.717674        0.466032
MDMin:  2497 22:00:15    -2397.717651        0.463836
MDMin:  2498 22:00:17    -2397.717624        0.461139
MDMin:  2499 22:00:19    -2397.717593        0.457788
MDMin:  2500 22:00:21    -2397.717558        0.453686
MDMin:  2501 22:00:23    -2397.717519        0.448744
MDMin:  2502 22:00:25    -2397.717474        0.442887
MDMin:  2503 22:00:27    -2397.717425        0.436060
MDMin:  2504 22:00:28    -2397.717371        0.428243
MDMin:  2505 22:00:30    -2397.717310        0.419461
MDMin:  2506 22:00:32    -2397.717245        0.409779
MDMin:  2507 22:00:34    -2397.717173        0.399296
MDMin:  2508 22:00:36    -2397.717094        0.388115
MDMin:  2509 22:00:38    -2397.717010        0.376319
MDMin:  2510 22:00:40    -2397.716923        0.364135
MDMin:  2511 22:00:42    -2397.716846        0.482458
MDMin:  2512 22:00:44    -2397.716811        0.351799
MDMin:  2513 22:00:46    -2397.716783        0.350741
MDMin:  2514 22:00:48    -2397.716751        0.349506
MDMin:  2515 22:00:50    -2397.716714        0.348081
MDMin:  2516 22:00:52    -2397.716673        0.346460
MDMin:  2517 22:00:54    -2397.716627        0.344632
MDMin:  2518 22:00:56    -2397.716577        0.342585
MDMin:  2519 22:00:59    -2397.716521        0.340300
MDMin:  2520 22:01:01    -2397.716461        0.337752
MDMin:  2521 22:01:03    -2397.716396        0.334914
MDMin:  2522 22:01:05    -2397.716327        0.331760
MDMin:  2523 22:01:07    -2397.716253        0.328283
MDMin:  2524 22:01:09    -2397.716174        0.324518
MDMin:  2525 22:01:11    -2397.716091        0.320571
MDMin:  2526 22:01:14    -2397.716004        0.318361
MDMin:  2527 22:01:16    -2397.715915        0.330477
MDMin:  2528 22:01:18    -2397.715828        0.344408
MDMin:  2529 22:01:20    -2397.715765        0.467864
MDMin:  2530 22:01:22    -2397.715745        0.359833
MDMin:  2531 22:01:24    -2397.715719        0.365014
MDMin:  2532 22:01:27    -2397.715690        0.371220
MDMin:  2533 22:01:29    -2397.715658        0.378523
MDMin:  2534 22:01:31    -2397.715623        0.386966
MDMin:  2535 22:01:33    -2397.715584        0.396543
MDMin:  2536 22:01:35    -2397.715542        0.407172
MDMin:  2537 22:01:37    -2397.715498        0.418653
MDMin:  2538 22:01:39    -2397.715452        0.430625
MDMin:  2539 22:01:41    -2397.715403        0.442520
MDMin:  2540 22:01:43    -2397.715353        0.453526
MDMin:  2541 22:01:46    -2397.715301        0.462579
MDMin:  2542 22:01:48    -2397.715247        0.468406
MDMin:  2543 22:01:50    -2397.715193        0.469650
MDMin:  2544 22:01:52    -2397.715137        0.465082
MDMin:  2545 22:01:54    -2397.715080        0.453899
MDMin:  2546 22:01:56    -2397.715023        0.435999
MDMin:  2547 22:01:58    -2397.714965        0.412145
MDMin:  2548 22:02:00    -2397.714907        0.410558
MDMin:  2549 22:02:02    -2397.714851        0.417452
MDMin:  2550 22:02:04    -2397.714807        0.491124
MDMin:  2551 22:02:07    -2397.714787        0.422391
MDMin:  2552 22:02:09    -2397.714770        0.423156
MDMin:  2553 22:02:10    -2397.714750        0.423766
MDMin:  2554 22:02:12    -2397.714728        0.424121
MDMin:  2555 22:02:14    -2397.714703        0.424111
MDMin:  2556 22:02:16    -2397.714677        0.423618
MDMin:  2557 22:02:18    -2397.714649        0.422524
MDMin:  2558 22:02:20    -2397.714618        0.420721
MDMin:  2559 22:02:22    -2397.714586        0.418117
MDMin:  2560 22:02:24    -2397.714553        0.414642
MDMin:  2561 22:02:26    -2397.714518        0.410261
MDMin:  2562 22:02:28    -2397.714482        0.404990
MDMin:  2563 22:02:30    -2397.714444        0.398893
MDMin:  2564 22:02:32    -2397.714406        0.392078
MDMin:  2565 22:02:34    -2397.714367        0.384679
MDMin:  2566 22:02:36    -2397.714329        0.376929
MDMin:  2567 22:02:38    -2397.714296        0.442802
MDMin:  2568 22:02:40    -2397.714279        0.366019
MDMin:  2569 22:02:42    -2397.714268        0.363367
MDMin:  2570 22:02:43    -2397.714255        0.360275
MDMin:  2571 22:02:44    -2397.714241        0.356629
MDMin:  2572 22:02:46    -2397.714226        0.352331
MDMin:  2573 22:02:47    -2397.714209        0.347244
MDMin:  2574 22:02:49    -2397.714191        0.341169
MDMin:  2575 22:02:51    -2397.714172        0.333840
MDMin:  2576 22:02:53    -2397.714151        0.331072
MDMin:  2577 22:02:55    -2397.714130        0.334931
MDMin:  2578 22:02:57    -2397.714108        0.338746
MDMin:  2579 22:02:59    -2397.714086        0.342426
MDMin:  2580 22:03:01    -2397.714063        0.345860
MDMin:  2581 22:03:03    -2397.714040        0.348914
MDMin:  2582 22:03:05    -2397.714017        0.351417
MDMin:  2583 22:03:06    -2397.713996        0.353146
MDMin:  2584 22:03:08    -2397.713978        0.447194
MDMin:  2585 22:03:10    -2397.713972        0.353818
MDMin:  2586 22:03:12    -2397.713966        0.353698
MDMin:  2587 22:03:14    -2397.713961        0.353462
MDMin:  2588 22:03:16    -2397.713954        0.353069
MDMin:  2589 22:03:18    -2397.713947        0.352474
MDMin:  2590 22:03:20    -2397.713940        0.351627
MDMin:  2591 22:03:22    -2397.713933        0.350471
MDMin:  2592 22:03:24    -2397.713925        0.348946
MDMin:  2593 22:03:26    -2397.713918        0.346989
MDMin:  2594 22:03:28    -2397.713911        0.344535
MDMin:  2595 22:03:30    -2397.713905        0.341524
MDMin:  2596 22:03:32    -2397.713900        0.337905
MDMin:  2597 22:03:34    -2397.713896        0.333637
MDMin:  2598 22:03:35    -2397.713894        0.328706
MDMin:  2599 22:03:37    -2397.713894        0.323123
MDMin:  2600 22:03:39    -2397.713896        0.316949
MDMin:  2601 22:03:41    -2397.713900        0.334914
MDMin:  2602 22:03:42    -2397.713907        0.356102
MDMin:  2603 22:03:44    -2397.713913        0.370418
MDMin:  2604 22:03:46    -2397.713915        0.375789
MDMin:  2605 22:03:48    -2397.713918        0.382761
MDMin:  2606 22:03:50    -2397.713922        0.390755
MDMin:  2607 22:03:52    -2397.713927        0.399663
MDMin:  2608 22:03:54    -2397.713933        0.409278
MDMin:  2609 22:03:55    -2397.713940        0.419263
MDMin:  2610 22:03:57    -2397.713948        0.429124
MDMin:  2611 22:03:58    -2397.713957        0.438176
MDMin:  2612 22:04:00    -2397.713968        0.445533
MDMin:  2613 22:04:02    -2397.713981        0.450130
MDMin:  2614 22:04:04    -2397.713996        0.450798
MDMin:  2615 22:04:06    -2397.714013        0.446409
MDMin:  2616 22:04:08    -2397.714032        0.436088
MDMin:  2617 22:04:10    -2397.714054        0.419447
MDMin:  2618 22:04:12    -2397.714080        0.396768
MDMin:  2619 22:04:14    -2397.714108        0.369035
MDMin:  2620 22:04:16    -2397.714140        0.337796
MDMin:  2621 22:04:18    -2397.714177        0.304929
MDMin:  2622 22:04:20    -2397.714216        0.272873
MDMin:  2623 22:04:22    -2397.714252        0.413298
MDMin:  2624 22:04:24    -2397.714267        0.279498
MDMin:  2625 22:04:26    -2397.714280        0.282026
MDMin:  2626 22:04:27    -2397.714294        0.284898
MDMin:  2627 22:04:29    -2397.714311        0.288093
MDMin:  2628 22:04:31    -2397.714331        0.291571
MDMin:  2629 22:04:33    -2397.714353        0.295289
MDMin:  2630 22:04:34    -2397.714378        0.299193
MDMin:  2631 22:04:36    -2397.714406        0.303222
MDMin:  2632 22:04:38    -2397.714437        0.307304
MDMin:  2633 22:04:41    -2397.714471        0.311359
MDMin:  2634 22:04:42    -2397.714509        0.315300
MDMin:  2635 22:04:44    -2397.714551        0.319032
MDMin:  2636 22:04:46    -2397.714596        0.322458
MDMin:  2637 22:04:48    -2397.714646        0.325477
MDMin:  2638 22:04:50    -2397.714700        0.327997
MDMin:  2639 22:04:52    -2397.714758        0.329921
MDMin:  2640 22:04:54    -2397.714821        0.331134
MDMin:  2641 22:04:56    -2397.714888        0.331566
MDMin:  2642 22:04:57    -2397.714955        0.331217
MDMin:  2643 22:04:59    -2397.715004        0.401995
MDMin:  2644 22:05:01    -2397.715020        0.330163
MDMin:  2645 22:05:03    -2397.715040        0.329693
MDMin:  2646 22:05:05    -2397.715065        0.329094
MDMin:  2647 22:05:07    -2397.715092        0.328344
MDMin:  2648 22:05:09    -2397.715123        0.327422
MDMin:  2649 22:05:11    -2397.715158        0.326305
MDMin:  2650 22:05:13    -2397.715197        0.324973
MDMin:  2651 22:05:16    -2397.715239        0.323412
MDMin:  2652 22:05:18    -2397.715286        0.321611
MDMin:  2653 22:05:19    -2397.715336        0.319571
MDMin:  2654 22:05:21    -2397.715391        0.317303
MDMin:  2655 22:05:23    -2397.715450        0.314833
MDMin:  2656 22:05:26    -2397.715513        0.312208
MDMin:  2657 22:05:28    -2397.715580        0.309492
MDMin:  2658 22:05:29    -2397.715653        0.306767
MDMin:  2659 22:05:31    -2397.715730        0.304125
MDMin:  2660 22:05:33    -2397.715811        0.301660
MDMin:  2661 22:05:35    -2397.715897        0.299452
MDMin:  2662 22:05:37    -2397.715978        0.318379
MDMin:  2663 22:05:39    -2397.716026        0.323858
MDMin:  2664 22:05:41    -2397.716047        0.296186
MDMin:  2665 22:05:42    -2397.716074        0.297792
MDMin:  2666 22:05:44    -2397.716104        0.301449
MDMin:  2667 22:05:46    -2397.716139        0.305675
MDMin:  2668 22:05:48    -2397.716178        0.310483
MDMin:  2669 22:05:50    -2397.716222        0.315874
MDMin:  2670 22:05:52    -2397.716269        0.321848
MDMin:  2671 22:05:54    -2397.716321        0.328395
MDMin:  2672 22:05:56    -2397.716377        0.335487
MDMin:  2673 22:05:58    -2397.716438        0.343078
MDMin:  2674 22:06:00    -2397.716503        0.351099
MDMin:  2675 22:06:02    -2397.716572        0.359464
MDMin:  2676 22:06:04    -2397.716646        0.368064
MDMin:  2677 22:06:06    -2397.716725        0.376776
MDMin:  2678 22:06:08    -2397.716808        0.385464
MDMin:  2679 22:06:10    -2397.716895        0.393978
MDMin:  2680 22:06:12    -2397.716988        0.402150
MDMin:  2681 22:06:14    -2397.717084        0.409777
MDMin:  2682 22:06:16    -2397.717181        0.416472
MDMin:  2683 22:06:18    -2397.717259        0.431575
MDMin:  2684 22:06:19    -2397.717291        0.422796
MDMin:  2685 22:06:20    -2397.717323        0.424403
MDMin:  2686 22:06:21    -2397.717360        0.426160
MDMin:  2687 22:06:23    -2397.717402        0.428050
MDMin:  2688 22:06:24    -2397.717448        0.430057
MDMin:  2689 22:06:26    -2397.717500        0.432180
MDMin:  2690 22:06:28    -2397.717556        0.434431
MDMin:  2691 22:06:30    -2397.717618        0.436850
MDMin:  2692 22:06:32    -2397.717685        0.439500
MDMin:  2693 22:06:34    -2397.717758        0.442469
MDMin:  2694 22:06:36    -2397.717836        0.445873
MDMin:  2695 22:06:38    -2397.717920        0.449833
MDMin:  2696 22:06:40    -2397.718009        0.454446
MDMin:  2697 22:06:42    -2397.718105        0.459764
MDMin:  2698 22:06:44    -2397.718205        0.465777
MDMin:  2699 22:06:46    -2397.718311        0.472371
MDMin:  2700 22:06:48    -2397.718414        0.478999
MDMin:  2701 22:06:50    -2397.718486        0.483743
MDMin:  2702 22:06:51    -2397.718517        0.485845
MDMin:  2703 22:06:53    -2397.718554        0.488265
MDMin:  2704 22:06:55    -2397.718596        0.491050
MDMin:  2705 22:06:57    -2397.718643        0.494193
MDMin:  2706 22:06:59    -2397.718696        0.497664
MDMin:  2707 22:07:01    -2397.718755        0.501392
MDMin:  2708 22:07:03    -2397.718819        0.505234
MDMin:  2709 22:07:05    -2397.718889        0.508917
MDMin:  2710 22:07:07    -2397.718966        0.511974
MDMin:  2711 22:07:09    -2397.719048        0.513671
MDMin:  2712 22:07:11    -2397.719137        0.512961
MDMin:  2713 22:07:13    -2397.719232        0.508515
MDMin:  2714 22:07:16    -2397.719335        0.498897
MDMin:  2715 22:07:17    -2397.719445        0.482907
MDMin:  2716 22:07:20    -2397.719564        0.460020
MDMin:  2717 22:07:21    -2397.719693        0.430750
MDMin:  2718 22:07:23    -2397.719830        0.396860
MDMin:  2719 22:07:25    -2397.719969        0.362453
MDMin:  2720 22:07:27    -2397.720062        0.438622
MDMin:  2721 22:07:29    -2397.720088        0.365175
MDMin:  2722 22:07:31    -2397.720124        0.372599
MDMin:  2723 22:07:33    -2397.720168        0.381368
MDMin:  2724 22:07:35    -2397.720217        0.391420
MDMin:  2725 22:07:37    -2397.720274        0.402637
MDMin:  2726 22:07:39    -2397.720337        0.414797
MDMin:  2727 22:07:41    -2397.720406        0.427518
MDMin:  2728 22:07:42    -2397.720483        0.440216
MDMin:  2729 22:07:44    -2397.720566        0.452048
MDMin:  2730 22:07:46    -2397.720656        0.461885
MDMin:  2731 22:07:48    -2397.720753        0.468321
MDMin:  2732 22:07:50    -2397.720858        0.469772
MDMin:  2733 22:07:53    -2397.720971        0.464665
MDMin:  2734 22:07:54    -2397.720882        0.451764
MDMin:  2735 22:07:57    -2397.720808        0.431208
MDMin:  2736 22:07:58    -2397.720877        0.403601
MDMin:  2737 22:08:00    -2397.720723        0.370847
MDMin:  2738 22:08:02    -2397.720806        0.334935
MDMin:  2739 22:08:04    -2397.720707        0.298277
MDMin:  2740 22:08:05    -2397.720682        0.263612
MDMin:  2741 22:08:07    -2397.720798        0.367138
MDMin:  2742 22:08:08    -2397.720784        0.229906
MDMin:  2743 22:08:09    -2397.720821        0.221876
MDMin:  2744 22:08:10    -2397.720712        0.213130
MDMin:  2745 22:08:11    -2397.720795        0.209103
MDMin:  2746 22:08:13    -2397.720779        0.210722
MDMin:  2747 22:08:14    -2397.720681        0.212406
MDMin:  2748 22:08:15    -2397.720782        0.214159
MDMin:  2749 22:08:17    -2397.720757        0.216007
MDMin:  2750 22:08:18    -2397.720613        0.217842
MDMin:  2751 22:08:20    -2397.720728        0.219682
MDMin:  2752 22:08:22    -2397.720766        0.221556
MDMin:  2753 22:08:24    -2397.720497        0.223340
MDMin:  2754 22:08:26    -2397.720620        0.225070
MDMin:  2755 22:08:28    -2397.720731        0.226774
MDMin:  2756 22:08:30    -2397.720748        0.228427
MDMin:  2757 22:08:32    -2397.720378        0.229904
MDMin:  2758 22:08:34    -2397.720500        0.231267
MDMin:  2759 22:08:36    -2397.720601        0.232534
MDMin:  2760 22:08:38    -2397.720681        0.233666
MDMin:  2761 22:08:40    -2397.720737        0.234552
MDMin:  2762 22:08:42    -2397.720761        0.234967
MDMin:  2763 22:08:44    -2397.720765        0.235123
MDMin:  2764 22:08:46    -2397.720601        0.235295
MDMin:  2765 22:08:48    -2397.720619        0.235479
MDMin:  2766 22:08:51    -2397.720636        0.236369
MDMin:  2767 22:08:53    -2397.720652        0.239686
MDMin:  2768 22:08:55    -2397.720668        0.243367
MDMin:  2769 22:08:57    -2397.720681        0.247408
MDMin:  2770 22:08:59    -2397.720691        0.251807
MDMin:  2771 22:09:01    -2397.720699        0.256559
MDMin:  2772 22:09:03    -2397.720702        0.261662
MDMin:  2773 22:09:05    -2397.720701        0.267108
MDMin:  2774 22:09:07    -2397.720696        0.272893
MDMin:  2775 22:09:09    -2397.720686        0.279020
MDMin:  2776 22:09:11    -2397.720670        0.285493
MDMin:  2777 22:09:13    -2397.720650        0.292334
MDMin:  2778 22:09:15    -2397.720624        0.299570
MDMin:  2779 22:09:17    -2397.720593        0.307187
MDMin:  2780 22:09:19    -2397.720557        0.315152
MDMin:  2781 22:09:21    -2397.720516        0.323394
MDMin:  2782 22:09:23    -2397.720471        0.331717
MDMin:  2783 22:09:25    -2397.720427        0.339183
MDMin:  2784 22:09:27    -2397.720403        0.343052
MDMin:  2785 22:09:29    -2397.720391        0.344838
MDMin:  2786 22:09:31    -2397.720376        0.347022
MDMin:  2787 22:09:33    -2397.720359        0.349516
MDMin:  2788 22:09:35    -2397.720340        0.352312
MDMin:  2789 22:09:37    -2397.720318        0.355396
MDMin:  2790 22:09:39    -2397.720293        0.358754
MDMin:  2791 22:09:41    -2397.720265        0.362372
MDMin:  2792 22:09:43    -2397.720235        0.366232
MDMin:  2793 22:09:45    -2397.720202        0.370322
MDMin:  2794 22:09:47    -2397.720167        0.374626
MDMin:  2795 22:09:49    -2397.720128        0.379098
MDMin:  2796 22:09:51    -2397.720087        0.383707
MDMin:  2797 22:09:53    -2397.720042        0.388451
MDMin:  2798 22:09:55    -2397.719995        0.393332
MDMin:  2799 22:09:57    -2397.719946        0.398318
MDMin:  2800 22:09:59    -2397.719893        0.403365
MDMin:  2801 22:10:01    -2397.719838        0.408413
MDMin:  2802 22:10:03    -2397.719780        0.413386
MDMin:  2803 22:10:05    -2397.719720        0.418171
MDMin:  2804 22:10:07    -2397.719660        0.422520
MDMin:  2805 22:10:09    -2397.719613        0.425621
MDMin:  2806 22:10:11    -2397.719595        0.426716
MDMin:  2807 22:10:13    -2397.719576        0.427800
MDMin:  2808 22:10:15    -2397.719554        0.428967
MDMin:  2809 22:10:17    -2397.719530        0.430196
MDMin:  2810 22:10:19    -2397.719503        0.431463
MDMin:  2811 22:10:22    -2397.719473        0.432737
MDMin:  2812 22:10:24    -2397.719440        0.433985
MDMin:  2813 22:10:26    -2397.719405        0.435168
MDMin:  2814 22:10:28    -2397.719367        0.436238
MDMin:  2815 22:10:30    -2397.719327        0.437141
MDMin:  2816 22:10:32    -2397.719284        0.437812
MDMin:  2817 22:10:34    -2397.719238        0.438174
MDMin:  2818 22:10:36    -2397.719190        0.438134
MDMin:  2819 22:10:38    -2397.719140        0.437579
MDMin:  2820 22:10:40    -2397.719087        0.436388
MDMin:  2821 22:10:42    -2397.719033        0.434429
MDMin:  2822 22:10:44    -2397.718976        0.431574
MDMin:  2823 22:10:46    -2397.718923        0.427996
MDMin:  2824 22:10:48    -2397.718890        0.425165
MDMin:  2825 22:10:49    -2397.718874        0.423633
MDMin:  2826 22:10:51    -2397.718855        0.421699
MDMin:  2827 22:10:53    -2397.718833        0.419340
MDMin:  2828 22:10:55    -2397.718808        0.416496
MDMin:  2829 22:10:56    -2397.718781        0.413102
MDMin:  2830 22:10:57    -2397.718751        0.409080
MDMin:  2831 22:10:59    -2397.718718        0.404347
MDMin:  2832 22:11:01    -2397.718682        0.398809
MDMin:  2833 22:11:03    -2397.718643        0.392373
MDMin:  2834 22:11:04    -2397.718601        0.384943
MDMin:  2835 22:11:06    -2397.718556        0.376433
MDMin:  2836 22:11:07    -2397.718508        0.366774
MDMin:  2837 22:11:08    -2397.718456        0.355920
MDMin:  2838 22:11:10    -2397.718400        0.343863
MDMin:  2839 22:11:12    -2397.718341        0.330647
MDMin:  2840 22:11:14    -2397.718278        0.316468
MDMin:  2841 22:11:16    -2397.718216        0.302492
MDMin:  2842 22:11:18    -2397.718180        0.306179
MDMin:  2843 22:11:19    -2397.718172        0.292798
MDMin:  2844 22:11:20    -2397.718160        0.290201
MDMin:  2845 22:11:21    -2397.718145        0.286928
MDMin:  2846 22:11:22    -2397.718126        0.283095
MDMin:  2847 22:11:24    -2397.718105        0.278724
MDMin:  2848 22:11:26    -2397.718082        0.273839
MDMin:  2849 22:11:28    -2397.718055        0.268469
MDMin:  2850 22:11:30    -2397.718025        0.262647
MDMin:  2851 22:11:31    -2397.717992        0.256416
MDMin:  2852 22:11:33    -2397.717955        0.249825
MDMin:  2853 22:11:34    -2397.717916        0.242933
MDMin:  2854 22:11:35    -2397.717873        0.235805
MDMin:  2855 22:11:37    -2397.717826        0.228520
MDMin:  2856 22:11:39    -2397.717775        0.221161
MDMin:  2857 22:11:41    -2397.717721        0.213821
MDMin:  2858 22:11:42    -2397.717663        0.206599
MDMin:  2859 22:11:43    -2397.717601        0.199598
MDMin:  2860 22:11:44    -2397.717535        0.192923
MDMin:  2861 22:11:46    -2397.717465        0.186706
MDMin:  2862 22:11:47    -2397.717396        0.182612
MDMin:  2863 22:11:49    -2397.717360        0.237439
MDMin:  2864 22:11:51    -2397.717355        0.178609
MDMin:  2865 22:11:53    -2397.717347        0.178103
MDMin:  2866 22:11:55    -2397.717335        0.177377
MDMin:  2867 22:11:57    -2397.717321        0.176489
MDMin:  2868 22:11:58    -2397.717303        0.175473
MDMin:  2869 22:12:00    -2397.717283        0.174345
MDMin:  2870 22:12:02    -2397.717261        0.173125
MDMin:  2871 22:12:04    -2397.717235        0.171835
MDMin:  2872 22:12:06    -2397.717207        0.170497
MDMin:  2873 22:12:08    -2397.717175        0.169135
MDMin:  2874 22:12:10    -2397.717141        0.167774
MDMin:  2875 22:12:12    -2397.717105        0.166440
MDMin:  2876 22:12:14    -2397.717065        0.165158
MDMin:  2877 22:12:16    -2397.717023        0.163954
MDMin:  2878 22:12:18    -2397.716978        0.162850
MDMin:  2879 22:12:20    -2397.716930        0.161870
MDMin:  2880 22:12:22    -2397.716879        0.161034
MDMin:  2881 22:12:24    -2397.716826        0.160372
MDMin:  2882 22:12:26    -2397.716770        0.159904
MDMin:  2883 22:12:28    -2397.716712        0.159636
MDMin:  2884 22:12:30    -2397.716651        0.159573
MDMin:  2885 22:12:32    -2397.716588        0.159709
MDMin:  2886 22:12:34    -2397.716528        0.159998
MDMin:  2887 22:12:36    -2397.716490        0.204946
MDMin:  2888 22:12:38    -2397.716482        0.160248
MDMin:  2889 22:12:40    -2397.716469        0.160319
MDMin:  2890 22:12:42    -2397.716454        0.160412
MDMin:  2891 22:12:44    -2397.716435        0.160528
MDMin:  2892 22:12:46    -2397.716415        0.160669
MDMin:  2893 22:12:48    -2397.716392        0.160834
MDMin:  2894 22:12:50    -2397.716367        0.161023
MDMin:  2895 22:12:52    -2397.716339        0.161231
MDMin:  2896 22:12:54    -2397.716309        0.161451
MDMin:  2897 22:12:56    -2397.716276        0.161672
MDMin:  2898 22:12:58    -2397.716242        0.161878
MDMin:  2899 22:13:00    -2397.716206        0.167387
MDMin:  2900 22:13:02    -2397.716167        0.173941
MDMin:  2901 22:13:04    -2397.716127        0.181558
MDMin:  2902 22:13:06    -2397.716086        0.190400
MDMin:  2903 22:13:08    -2397.716043        0.200642
MDMin:  2904 22:13:10    -2397.715999        0.212469
MDMin:  2905 22:13:12    -2397.715954        0.226063
MDMin:  2906 22:13:14    -2397.715909        0.241586
MDMin:  2907 22:13:16    -2397.715863        0.259151
MDMin:  2908 22:13:18    -2397.715818        0.278780
MDMin:  2909 22:13:20    -2397.715772        0.300317
MDMin:  2910 22:13:21    -2397.715729        0.323110
MDMin:  2911 22:13:24    -2397.715689        0.344921
MDMin:  2912 22:13:25    -2397.715662        0.360659
MDMin:  2913 22:13:27    -2397.715645        0.370353
MDMin:  2914 22:13:28    -2397.715628        0.380176
MDMin:  2915 22:13:30    -2397.715610        0.390864
MDMin:  2916 22:13:32    -2397.715590        0.402267
MDMin:  2917 22:13:35    -2397.715568        0.414085
MDMin:  2918 22:13:36    -2397.715545        0.425889
MDMin:  2919 22:13:38    -2397.715520        0.437113
MDMin:  2920 22:13:40    -2397.715494        0.447028
MDMin:  2921 22:13:42    -2397.715467        0.454753
MDMin:  2922 22:13:44    -2397.715438        0.459266
MDMin:  2923 22:13:46    -2397.715408        0.459479
MDMin:  2924 22:13:48    -2397.715377        0.454348
MDMin:  2925 22:13:50    -2397.715343        0.443051
MDMin:  2926 22:13:51    -2397.715309        0.425216
MDMin:  2927 22:13:53    -2397.715272        0.401242
MDMin:  2928 22:13:54    -2397.715235        0.373216
MDMin:  2929 22:13:56    -2397.715204        0.348254
MDMin:  2930 22:13:58    -2397.715190        0.336505
MDMin:  2931 22:13:59    -2397.715177        0.326427
MDMin:  2932 22:14:02    -2397.715163        0.314963
MDMin:  2933 22:14:04    -2397.715147        0.302076
MDMin:  2934 22:14:05    -2397.715128        0.287881
MDMin:  2935 22:14:08    -2397.715108        0.272542
MDMin:  2936 22:14:09    -2397.715086        0.256267
MDMin:  2937 22:14:10    -2397.715062        0.239298
MDMin:  2938 22:14:12    -2397.715037        0.221896
MDMin:  2939 22:14:14    -2397.715009        0.204331
MDMin:  2940 22:14:16    -2397.714980        0.209882
MDMin:  2941 22:14:18    -2397.714949        0.221016
MDMin:  2942 22:14:20    -2397.714917        0.232068
MDMin:  2943 22:14:22    -2397.714885        0.242500
MDMin:  2944 22:14:24    -2397.714857        0.250870
MDMin:  2945 22:14:26    -2397.714842        0.254882
MDMin:  2946 22:14:28    -2397.714832        0.257313
MDMin:  2947 22:14:30    -2397.714822        0.259969
MDMin:  2948 22:14:32    -2397.714809        0.262834
MDMin:  2949 22:14:34    -2397.714796        0.265841
MDMin:  2950 22:14:36    -2397.714781        0.268916
MDMin:  2951 22:14:38    -2397.714764        0.271974
MDMin:  2952 22:14:40    -2397.714747        0.274923
MDMin:  2953 22:14:41    -2397.714728        0.277661
MDMin:  2954 22:14:44    -2397.714708        0.280078
MDMin:  2955 22:14:46    -2397.714687        0.282060
MDMin:  2956 22:14:48    -2397.714665        0.283480
MDMin:  2957 22:14:49    -2397.714642        0.284244
MDMin:  2958 22:14:51    -2397.714618        0.284245
MDMin:  2959 22:14:53    -2397.714594        0.283355
MDMin:  2960 22:14:55    -2397.714569        0.281449
MDMin:  2961 22:14:57    -2397.714544        0.278468
MDMin:  2962 22:14:59    -2397.714522        0.274884
MDMin:  2963 22:15:01    -2397.714511        0.272717
MDMin:  2964 22:15:03    -2397.714504        0.271334
MDMin:  2965 22:15:05    -2397.714497        0.269633
MDMin:  2966 22:15:07    -2397.714488        0.267586
MDMin:  2967 22:15:09    -2397.714479        0.265155
MDMin:  2968 22:15:11    -2397.714468        0.262303
MDMin:  2969 22:15:13    -2397.714456        0.258989
MDMin:  2970 22:15:14    -2397.714444        0.255172
MDMin:  2971 22:15:15    -2397.714431        0.250815
MDMin:  2972 22:15:17    -2397.714417        0.245887
MDMin:  2973 22:15:18    -2397.714402        0.240361
MDMin:  2974 22:15:19    -2397.714386        0.234221
MDMin:  2975 22:15:21    -2397.714370        0.227463
MDMin:  2976 22:15:22    -2397.714353        0.220103
MDMin:  2977 22:15:23    -2397.714335        0.212182
MDMin:  2978 22:15:25    -2397.714317        0.203742
MDMin:  2979 22:15:27    -2397.714299        0.194841
MDMin:  2980 22:15:29    -2397.714280        0.185600
MDMin:  2981 22:15:31    -2397.714263        0.176692
MDMin:  2982 22:15:33    -2397.714253        0.211097
MDMin:  2983 22:15:35    -2397.714252        0.171164
MDMin:  2984 22:15:37    -2397.714250        0.169945
MDMin:  2985 22:15:38    -2397.714246        0.168273
MDMin:  2986 22:15:40    -2397.714243        0.166253
MDMin:  2987 22:15:42    -2397.714238        0.163910
MDMin:  2988 22:15:44    -2397.714233        0.161249
MDMin:  2989 22:15:46    -2397.714228        0.158280
MDMin:  2990 22:15:49    -2397.714222        0.155014
MDMin:  2991 22:15:50    -2397.714215        0.151461
MDMin:  2992 22:15:51    -2397.714208        0.147635
