       Step     Time          Energy          fmax
MDMin:    0 15:40:22    -2397.646505        0.149231
MDMin:    1 15:40:23    -2397.646505        0.149221
MDMin:    2 15:40:25    -2397.646505        0.149191
MDMin:    3 15:40:26    -2397.646506        0.149141
MDMin:    4 15:40:28    -2397.646506        0.149070
MDMin:    5 15:40:30    -2397.646507        0.148979
MDMin:    6 15:40:32    -2397.646508        0.148868
MDMin:    7 15:40:34    -2397.646508        0.148736
MDMin:    8 15:40:36    -2397.646509        0.148583
MDMin:    9 15:40:38    -2397.646511        0.148409
MDMin:   10 15:40:40    -2397.646512        0.148214
MDMin:   11 15:40:42    -2397.646513        0.147998
MDMin:   12 15:40:44    -2397.646515        0.147760
MDMin:   13 15:40:46    -2397.646517        0.147499
MDMin:   14 15:40:48    -2397.646519        0.147216
MDMin:   15 15:40:50    -2397.646521        0.146911
MDMin:   16 15:40:52    -2397.646523        0.146582
MDMin:   17 15:40:53    -2397.646526        0.146229
MDMin:   18 15:40:54    -2397.646529        0.145852
MDMin:   19 15:40:56    -2397.646532        0.145450
MDMin:   20 15:40:59    -2397.646535        0.145023
MDMin:   21 15:41:00    -2397.646538        0.144799
MDMin:   22 15:41:02    -2397.646542        0.145022
MDMin:   23 15:41:03    -2397.646546        0.145256
MDMin:   24 15:41:04    -2397.646550        0.145501
MDMin:   25 15:41:06    -2397.646554        0.145757
MDMin:   26 15:41:07    -2397.646559        0.146023
MDMin:   27 15:41:08    -2397.646563        0.146299
MDMin:   28 15:41:10    -2397.646569        0.146584
MDMin:   29 15:41:11    -2397.646574        0.146879
MDMin:   30 15:41:13    -2397.646580        0.147182
MDMin:   31 15:41:14    -2397.646585        0.147493
MDMin:   32 15:41:16    -2397.646592        0.147811
MDMin:   33 15:41:18    -2397.646598        0.148134
MDMin:   34 15:41:19    -2397.646605        0.148463
MDMin:   35 15:41:21    -2397.646612        0.148794
MDMin:   36 15:41:22    -2397.646619        0.149128
MDMin:   37 15:41:23    -2397.646627        0.149463
MDMin:   38 15:41:25    -2397.646635        0.149796
MDMin:   39 15:41:27    -2397.646643        0.150126
MDMin:   40 15:41:28    -2397.646652        0.150452
MDMin:   41 15:41:29    -2397.646661        0.150769
MDMin:   42 15:41:30    -2397.646670        0.151077
MDMin:   43 15:41:32    -2397.646679        0.151373
MDMin:   44 15:41:33    -2397.646689        0.151653
MDMin:   45 15:41:35    -2397.646699        0.151915
MDMin:   46 15:41:36    -2397.646709        0.152156
MDMin:   47 15:41:38    -2397.646719        0.152373
MDMin:   48 15:41:39    -2397.646730        0.152561
MDMin:   49 15:41:41    -2397.646741        0.152719
MDMin:   50 15:41:42    -2397.646752        0.152842
MDMin:   51 15:41:44    -2397.646764        0.152926
MDMin:   52 15:41:46    -2397.646776        0.152969
MDMin:   53 15:41:47    -2397.646788        0.152966
MDMin:   54 15:41:48    -2397.646800        0.152914
MDMin:   55 15:41:50    -2397.646812        0.152810
MDMin:   56 15:41:51    -2397.646825        0.152649
MDMin:   57 15:41:53    -2397.646838        0.152430
MDMin:   58 15:41:54    -2397.646851        0.152148
MDMin:   59 15:41:56    -2397.646864        0.151802
MDMin:   60 15:41:58    -2397.646877        0.151388
MDMin:   61 15:41:59    -2397.646890        0.150905
MDMin:   62 15:42:01    -2397.646904        0.150352
MDMin:   63 15:42:03    -2397.646918        0.149726
MDMin:   64 15:42:05    -2397.646931        0.149027
MDMin:   65 15:42:07    -2397.646945        0.148254
MDMin:   66 15:42:08    -2397.646959        0.147409
MDMin:   67 15:42:09    -2397.646973        0.147021
MDMin:   68 15:42:11    -2397.646987        0.147636
MDMin:   69 15:42:12    -2397.647001        0.148281
MDMin:   70 15:42:13    -2397.647015        0.148961
MDMin:   71 15:42:14    -2397.647029        0.149677
MDMin:   72 15:42:16    -2397.647044        0.150431
MDMin:   73 15:42:17    -2397.647058        0.151225
MDMin:   74 15:42:18    -2397.647072        0.152058
MDMin:   75 15:42:20    -2397.647086        0.152928
MDMin:   76 15:42:21    -2397.647100        0.153830
MDMin:   77 15:42:23    -2397.647114        0.154758
MDMin:   78 15:42:25    -2397.647128        0.155701
MDMin:   79 15:42:27    -2397.647142        0.156648
MDMin:   80 15:42:29    -2397.647156        0.157581
MDMin:   81 15:42:31    -2397.647170        0.158482
MDMin:   82 15:42:33    -2397.647183        0.159329
MDMin:   83 15:42:35    -2397.647197        0.160101
MDMin:   84 15:42:37    -2397.647211        0.160775
MDMin:   85 15:42:39    -2397.647224        0.161331
MDMin:   86 15:42:41    -2397.647237        0.161753
MDMin:   87 15:42:43    -2397.647251        0.162032
MDMin:   88 15:42:45    -2397.647264        0.162162
MDMin:   89 15:42:47    -2397.647277        0.162146
MDMin:   90 15:42:49    -2397.647290        0.161990
MDMin:   91 15:42:50    -2397.647303        0.161702
MDMin:   92 15:42:52    -2397.647315        0.161292
MDMin:   93 15:42:53    -2397.647328        0.160767
MDMin:   94 15:42:54    -2397.647341        0.160131
MDMin:   95 15:42:55    -2397.647353        0.159385
MDMin:   96 15:42:57    -2397.647366        0.158528
MDMin:   97 15:42:59    -2397.647378        0.157556
MDMin:   98 15:43:01    -2397.647390        0.156465
MDMin:   99 15:43:03    -2397.647402        0.155250
MDMin:  100 15:43:05    -2397.647414        0.153905
MDMin:  101 15:43:07    -2397.647426        0.152425
MDMin:  102 15:43:09    -2397.647438        0.150805
MDMin:  103 15:43:11    -2397.647450        0.149038
MDMin:  104 15:43:13    -2397.647461        0.147120
MDMin:  105 15:43:14    -2397.647473        0.145048
MDMin:  106 15:43:16    -2397.647484        0.142819
MDMin:  107 15:43:18    -2397.647495        0.140432
MDMin:  108 15:43:19    -2397.647506        0.137892
MDMin:  109 15:43:20    -2397.647517        0.135212
MDMin:  110 15:43:22    -2397.647527        0.134024
MDMin:  111 15:43:24    -2397.647537        0.148753
MDMin:  112 15:43:25    -2397.647544        0.156543
MDMin:  113 15:43:27    -2397.647548        0.136014
MDMin:  114 15:43:29    -2397.647552        0.136359
MDMin:  115 15:43:32    -2397.647556        0.136700
MDMin:  116 15:43:34    -2397.647560        0.137038
MDMin:  117 15:43:35    -2397.647564        0.137370
MDMin:  118 15:43:36    -2397.647568        0.137695
MDMin:  119 15:43:38    -2397.647572        0.138011
MDMin:  120 15:43:41    -2397.647576        0.138315
MDMin:  121 15:43:43    -2397.647580        0.138604
MDMin:  122 15:43:45    -2397.647584        0.138877
MDMin:  123 15:43:47    -2397.647589        0.139130
MDMin:  124 15:43:48    -2397.647593        0.139360
MDMin:  125 15:43:50    -2397.647597        0.139565
MDMin:  126 15:43:51    -2397.647602        0.139741
MDMin:  127 15:43:52    -2397.647606        0.139886
MDMin:  128 15:43:53    -2397.647611        0.141093
MDMin:  129 15:43:54    -2397.647615        0.143228
MDMin:  130 15:43:56    -2397.647620        0.145416
MDMin:  131 15:43:57    -2397.647624        0.147652
MDMin:  132 15:43:58    -2397.647629        0.149929
MDMin:  133 15:43:59    -2397.647633        0.152236
MDMin:  134 15:44:01    -2397.647638        0.154561
MDMin:  135 15:44:02    -2397.647643        0.156893
MDMin:  136 15:44:04    -2397.647647        0.159214
MDMin:  137 15:44:06    -2397.647652        0.161506
MDMin:  138 15:44:08    -2397.647657        0.163749
MDMin:  139 15:44:10    -2397.647661        0.165919
MDMin:  140 15:44:11    -2397.647666        0.167991
MDMin:  141 15:44:13    -2397.647671        0.169936
MDMin:  142 15:44:15    -2397.647676        0.171726
MDMin:  143 15:44:17    -2397.647680        0.173328
MDMin:  144 15:44:19    -2397.647685        0.174710
MDMin:  145 15:44:20    -2397.647690        0.175840
MDMin:  146 15:44:21    -2397.647695        0.176684
MDMin:  147 15:44:23    -2397.647700        0.177212
MDMin:  148 15:44:25    -2397.647704        0.177394
MDMin:  149 15:44:27    -2397.647709        0.177206
MDMin:  150 15:44:28    -2397.647714        0.176626
MDMin:  151 15:44:30    -2397.647719        0.175638
MDMin:  152 15:44:31    -2397.647724        0.174232
MDMin:  153 15:44:33    -2397.647728        0.172404
MDMin:  154 15:44:35    -2397.647733        0.170158
MDMin:  155 15:44:36    -2397.647738        0.167505
MDMin:  156 15:44:38    -2397.647743        0.164463
MDMin:  157 15:44:39    -2397.647748        0.161063
MDMin:  158 15:44:41    -2397.647752        0.157336
MDMin:  159 15:44:43    -2397.647757        0.153319
MDMin:  160 15:44:45    -2397.647762        0.151577
MDMin:  161 15:44:47    -2397.647767        0.152653
MDMin:  162 15:44:49    -2397.647772        0.153715
MDMin:  163 15:44:51    -2397.647776        0.154728
MDMin:  164 15:44:53    -2397.647781        0.155655
MDMin:  165 15:44:54    -2397.647786        0.156457
MDMin:  166 15:44:56    -2397.647791        0.157100
MDMin:  167 15:44:58    -2397.647795        0.157555
MDMin:  168 15:45:00    -2397.647800        0.157805
MDMin:  169 15:45:02    -2397.647805        0.157844
MDMin:  170 15:45:03    -2397.647810        0.157683
MDMin:  171 15:45:05    -2397.647814        0.157339
MDMin:  172 15:45:07    -2397.647819        0.156835
MDMin:  173 15:45:09    -2397.647824        0.156191
MDMin:  174 15:45:11    -2397.647829        0.155419
MDMin:  175 15:45:13    -2397.647833        0.154527
MDMin:  176 15:45:15    -2397.647838        0.153512
MDMin:  177 15:45:17    -2397.647843        0.152367
MDMin:  178 15:45:18    -2397.647847        0.151085
MDMin:  179 15:45:20    -2397.647852        0.149652
MDMin:  180 15:45:22    -2397.647856        0.148057
MDMin:  181 15:45:24    -2397.647861        0.146293
MDMin:  182 15:45:26    -2397.647865        0.144385
MDMin:  183 15:45:27    -2397.647869        0.150611
MDMin:  184 15:45:30    -2397.647872        0.141254
MDMin:  185 15:45:32    -2397.647873        0.140508
MDMin:  186 15:45:34    -2397.647874        0.139746
MDMin:  187 15:45:35    -2397.647876        0.138945
MDMin:  188 15:45:37    -2397.647877        0.138104
MDMin:  189 15:45:39    -2397.647879        0.137221
MDMin:  190 15:45:41    -2397.647880        0.136294
MDMin:  191 15:45:43    -2397.647882        0.135322
MDMin:  192 15:45:45    -2397.647883        0.134303
MDMin:  193 15:45:47    -2397.647885        0.133236
MDMin:  194 15:45:49    -2397.647886        0.132120
MDMin:  195 15:45:50    -2397.647888        0.130952
MDMin:  196 15:45:51    -2397.647890        0.129733
MDMin:  197 15:45:53    -2397.647891        0.128507
MDMin:  198 15:45:55    -2397.647893        0.129017
MDMin:  199 15:45:57    -2397.647895        0.129524
MDMin:  200 15:45:59    -2397.647896        0.130026
MDMin:  201 15:46:00    -2397.647898        0.130519
MDMin:  202 15:46:02    -2397.647900        0.131002
MDMin:  203 15:46:04    -2397.647902        0.131470
MDMin:  204 15:46:06    -2397.647903        0.131920
MDMin:  205 15:46:07    -2397.647905        0.132349
MDMin:  206 15:46:09    -2397.647907        0.132753
MDMin:  207 15:46:11    -2397.647909        0.133128
MDMin:  208 15:46:13    -2397.647911        0.133470
MDMin:  209 15:46:15    -2397.647913        0.133776
MDMin:  210 15:46:17    -2397.647914        0.134041
MDMin:  211 15:46:18    -2397.647916        0.134262
MDMin:  212 15:46:20    -2397.647918        0.134434
MDMin:  213 15:46:22    -2397.647920        0.134554
MDMin:  214 15:46:24    -2397.647922        0.134619
MDMin:  215 15:46:26    -2397.647924        0.134626
MDMin:  216 15:46:27    -2397.647926        0.134570
MDMin:  217 15:46:29    -2397.647928        0.135300
MDMin:  218 15:46:30    -2397.647930        0.136702
MDMin:  219 15:46:32    -2397.647932        0.138078
MDMin:  220 15:46:34    -2397.647934        0.139419
MDMin:  221 15:46:36    -2397.647936        0.140714
MDMin:  222 15:46:38    -2397.647938        0.141952
MDMin:  223 15:46:40    -2397.647939        0.143120
MDMin:  224 15:46:41    -2397.647941        0.144205
MDMin:  225 15:46:43    -2397.647943        0.145195
MDMin:  226 15:46:45    -2397.647945        0.146077
MDMin:  227 15:46:47    -2397.647947        0.146835
MDMin:  228 15:46:49    -2397.647949        0.147458
MDMin:  229 15:46:50    -2397.647951        0.147931
MDMin:  230 15:46:52    -2397.647953        0.148241
MDMin:  231 15:46:54    -2397.647955        0.148377
MDMin:  232 15:46:56    -2397.647957        0.148326
MDMin:  233 15:46:58    -2397.647959        0.148080
MDMin:  234 15:47:00    -2397.647961        0.147631
MDMin:  235 15:47:02    -2397.647963        0.146974
MDMin:  236 15:47:04    -2397.647965        0.146107
MDMin:  237 15:47:06    -2397.647967        0.145030
MDMin:  238 15:47:08    -2397.647969        0.143750
MDMin:  239 15:47:10    -2397.647971        0.142275
MDMin:  240 15:47:11    -2397.647973        0.140617
MDMin:  241 15:47:13    -2397.647974        0.138792
MDMin:  242 15:47:14    -2397.647976        0.138338
MDMin:  243 15:47:16    -2397.647978        0.139032
MDMin:  244 15:47:18    -2397.647980        0.139775
MDMin:  245 15:47:20    -2397.647982        0.140585
MDMin:  246 15:47:21    -2397.647984        0.141482
MDMin:  247 15:47:22    -2397.647986        0.142483
MDMin:  248 15:47:24    -2397.647988        0.143605
MDMin:  249 15:47:26    -2397.647990        0.144862
MDMin:  250 15:47:27    -2397.647992        0.146271
MDMin:  251 15:47:29    -2397.647994        0.147841
MDMin:  252 15:47:31    -2397.647996        0.149580
MDMin:  253 15:47:33    -2397.647998        0.151492
MDMin:  254 15:47:35    -2397.647999        0.153569
MDMin:  255 15:47:37    -2397.648001        0.155796
MDMin:  256 15:47:39    -2397.648003        0.158143
MDMin:  257 15:47:41    -2397.648005        0.160561
MDMin:  258 15:47:42    -2397.648007        0.162982
MDMin:  259 15:47:44    -2397.648009        0.165322
MDMin:  260 15:47:46    -2397.648010        0.167477
MDMin:  261 15:47:49    -2397.648012        0.169337
MDMin:  262 15:47:50    -2397.648014        0.170800
MDMin:  263 15:47:52    -2397.648016        0.171785
MDMin:  264 15:47:54    -2397.648017        0.172253
MDMin:  265 15:47:56    -2397.648019        0.172206
MDMin:  266 15:47:57    -2397.648021        0.171690
MDMin:  267 15:47:59    -2397.648022        0.170770
MDMin:  268 15:48:01    -2397.648024        0.169571
MDMin:  269 15:48:03    -2397.648025        0.168383
MDMin:  270 15:48:05    -2397.648026        0.167637
MDMin:  271 15:48:07    -2397.648026        0.166984
MDMin:  272 15:48:09    -2397.648027        0.166293
MDMin:  273 15:48:10    -2397.648027        0.165553
MDMin:  274 15:48:11    -2397.648028        0.164760
MDMin:  275 15:48:13    -2397.648029        0.163911
MDMin:  276 15:48:15    -2397.648029        0.163004
MDMin:  277 15:48:16    -2397.648030        0.162036
MDMin:  278 15:48:18    -2397.648030        0.161003
MDMin:  279 15:48:19    -2397.648031        0.159902
MDMin:  280 15:48:21    -2397.648032        0.158730
MDMin:  281 15:48:22    -2397.648032        0.157484
MDMin:  282 15:48:24    -2397.648033        0.156161
MDMin:  283 15:48:25    -2397.648034        0.154756
MDMin:  284 15:48:27    -2397.648034        0.153268
MDMin:  285 15:48:28    -2397.648035        0.151693
MDMin:  286 15:48:30    -2397.648036        0.150028
MDMin:  287 15:48:32    -2397.648036        0.148270
MDMin:  288 15:48:34    -2397.648037        0.146418
MDMin:  289 15:48:35    -2397.648038        0.144468
MDMin:  290 15:48:37    -2397.648039        0.142420
MDMin:  291 15:48:39    -2397.648039        0.140271
MDMin:  292 15:48:41    -2397.648040        0.138022
MDMin:  293 15:48:43    -2397.648041        0.135672
MDMin:  294 15:48:45    -2397.648042        0.133222
MDMin:  295 15:48:46    -2397.648042        0.133213
MDMin:  296 15:48:47    -2397.648043        0.133314
MDMin:  297 15:48:49    -2397.648044        0.133356
MDMin:  298 15:48:50    -2397.648045        0.133337
MDMin:  299 15:48:52    -2397.648046        0.133251
MDMin:  300 15:48:54    -2397.648047        0.133095
MDMin:  301 15:48:55    -2397.648047        0.132863
MDMin:  302 15:48:57    -2397.648048        0.132552
MDMin:  303 15:48:59    -2397.648049        0.132158
MDMin:  304 15:49:01    -2397.648050        0.131678
MDMin:  305 15:49:03    -2397.648051        0.131109
MDMin:  306 15:49:05    -2397.648052        0.130450
MDMin:  307 15:49:06    -2397.648053        0.129698
MDMin:  308 15:49:08    -2397.648053        0.128854
MDMin:  309 15:49:10    -2397.648054        0.127917
MDMin:  310 15:49:11    -2397.648055        0.126888
MDMin:  311 15:49:13    -2397.648056        0.125772
MDMin:  312 15:49:15    -2397.648057        0.124570
MDMin:  313 15:49:17    -2397.648058        0.123287
MDMin:  314 15:49:19    -2397.648059        0.121929
MDMin:  315 15:49:20    -2397.648060        0.120503
MDMin:  316 15:49:21    -2397.648061        0.119016
MDMin:  317 15:49:23    -2397.648062        0.117477
MDMin:  318 15:49:25    -2397.648063        0.115894
MDMin:  319 15:49:26    -2397.648064        0.114278
MDMin:  320 15:49:29    -2397.648065        0.112638
MDMin:  321 15:49:30    -2397.648065        0.110984
MDMin:  322 15:49:32    -2397.648066        0.109325
MDMin:  323 15:49:34    -2397.648067        0.107672
MDMin:  324 15:49:37    -2397.648068        0.106035
MDMin:  325 15:49:38    -2397.648069        0.104431
MDMin:  326 15:49:40    -2397.648070        0.102923
MDMin:  327 15:49:41    -2397.648071        0.117651
MDMin:  328 15:49:43    -2397.648071        0.101869
MDMin:  329 15:49:45    -2397.648071        0.101595
MDMin:  330 15:49:47    -2397.648072        0.101330
MDMin:  331 15:49:49    -2397.648072        0.101075
MDMin:  332 15:49:51    -2397.648072        0.100829
MDMin:  333 15:49:53    -2397.648073        0.100596
MDMin:  334 15:49:54    -2397.648073        0.100511
MDMin:  335 15:49:57    -2397.648073        0.100815
MDMin:  336 15:49:58    -2397.648073        0.101110
MDMin:  337 15:50:00    -2397.648074        0.101395
MDMin:  338 15:50:02    -2397.648074        0.101665
MDMin:  339 15:50:04    -2397.648074        0.101917
MDMin:  340 15:50:06    -2397.648075        0.102147
MDMin:  341 15:50:08    -2397.648075        0.102349
MDMin:  342 15:50:10    -2397.648075        0.102519
MDMin:  343 15:50:12    -2397.648076        0.102651
MDMin:  344 15:50:14    -2397.648076        0.102739
MDMin:  345 15:50:16    -2397.648076        0.102776
MDMin:  346 15:50:18    -2397.648077        0.102756
MDMin:  347 15:50:20    -2397.648077        0.102670
MDMin:  348 15:50:22    -2397.648078        0.102511
MDMin:  349 15:50:24    -2397.648078        0.102271
MDMin:  350 15:50:26    -2397.648078        0.101942
MDMin:  351 15:50:28    -2397.648079        0.101514
MDMin:  352 15:50:30    -2397.648079        0.100979
MDMin:  353 15:50:32    -2397.648079        0.100557
MDMin:  354 15:50:34    -2397.648080        0.100890
MDMin:  355 15:50:35    -2397.648080        0.101260
MDMin:  356 15:50:36    -2397.648081        0.101669
MDMin:  357 15:50:38    -2397.648081        0.102116
MDMin:  358 15:50:39    -2397.648081        0.102602
MDMin:  359 15:50:41    -2397.648082        0.103125
MDMin:  360 15:50:43    -2397.648082        0.103685
MDMin:  361 15:50:45    -2397.648082        0.104282
MDMin:  362 15:50:47    -2397.648083        0.104914
MDMin:  363 15:50:48    -2397.648083        0.105580
MDMin:  364 15:50:50    -2397.648084        0.106772
MDMin:  365 15:50:52    -2397.648084        0.109162
MDMin:  366 15:50:54    -2397.648084        0.111519
MDMin:  367 15:50:56    -2397.648085        0.113812
MDMin:  368 15:50:57    -2397.648085        0.116008
MDMin:  369 15:50:59    -2397.648086        0.118068
MDMin:  370 15:51:01    -2397.648086        0.119954
MDMin:  371 15:51:02    -2397.648086        0.122582
MDMin:  372 15:51:03    -2397.648087        0.125866
MDMin:  373 15:51:04    -2397.648087        0.129068
MDMin:  374 15:51:06    -2397.648087        0.132162
MDMin:  375 15:51:07    -2397.648088        0.135126
MDMin:  376 15:51:08    -2397.648088        0.137941
MDMin:  377 15:51:10    -2397.648089        0.140597
MDMin:  378 15:51:11    -2397.648089        0.143088
MDMin:  379 15:51:13    -2397.648089        0.145415
MDMin:  380 15:51:15    -2397.648090        0.147587
MDMin:  381 15:51:17    -2397.648090        0.149618
MDMin:  382 15:51:19    -2397.648090        0.151530
MDMin:  383 15:51:21    -2397.648091        0.153345
MDMin:  384 15:51:22    -2397.648091        0.155091
MDMin:  385 15:51:24    -2397.648092        0.156796
MDMin:  386 15:51:26    -2397.648092        0.158488
MDMin:  387 15:51:27    -2397.648092        0.160193
MDMin:  388 15:51:29    -2397.648093        0.161938
MDMin:  389 15:51:31    -2397.648093        0.163748
MDMin:  390 15:51:33    -2397.648093        0.165644
MDMin:  391 15:51:35    -2397.648094        0.167646
MDMin:  392 15:51:37    -2397.648094        0.169772
MDMin:  393 15:51:39    -2397.648095        0.172034
MDMin:  394 15:51:41    -2397.648095        0.174438
MDMin:  395 15:51:43    -2397.648095        0.176982
MDMin:  396 15:51:45    -2397.648096        0.179652
MDMin:  397 15:51:46    -2397.648096        0.182420
MDMin:  398 15:51:48    -2397.648096        0.185234
MDMin:  399 15:51:49    -2397.648097        0.188018
MDMin:  400 15:51:51    -2397.648097        0.190665
MDMin:  401 15:51:53    -2397.648098        0.193036
MDMin:  402 15:51:55    -2397.648098        0.194956
MDMin:  403 15:51:56    -2397.648098        0.196232
MDMin:  404 15:51:57    -2397.648099        0.196661
MDMin:  405 15:51:59    -2397.648099        0.196068
MDMin:  406 15:52:01    -2397.648099        0.194337
MDMin:  407 15:52:02    -2397.648100        0.191443
MDMin:  408 15:52:04    -2397.648100        0.187471
MDMin:  409 15:52:06    -2397.648100        0.182597
MDMin:  410 15:52:08    -2397.648101        0.177040
MDMin:  411 15:52:09    -2397.648101        0.171009
MDMin:  412 15:52:10    -2397.648101        0.164663
MDMin:  413 15:52:13    -2397.648102        0.158111
MDMin:  414 15:52:15    -2397.648102        0.151426
MDMin:  415 15:52:16    -2397.648102        0.144668
MDMin:  416 15:52:18    -2397.648103        0.137894
MDMin:  417 15:52:21    -2397.648103        0.131155
MDMin:  418 15:52:22    -2397.648103        0.124501
MDMin:  419 15:52:23    -2397.648104        0.117972
MDMin:  420 15:52:25    -2397.648104        0.115560
MDMin:  421 15:52:26    -2397.648105        0.113320
MDMin:  422 15:52:27    -2397.648105        0.111029
MDMin:  423 15:52:29    -2397.648105        0.121577
MDMin:  424 15:52:31    -2397.648106        0.138650
MDMin:  425 15:52:32    -2397.648106        0.107519
MDMin:  426 15:52:34    -2397.648106        0.107530
MDMin:  427 15:52:35    -2397.648106        0.107514
MDMin:  428 15:52:37    -2397.648106        0.107461
MDMin:  429 15:52:38    -2397.648106        0.107362
MDMin:  430 15:52:40    -2397.648106        0.107209
MDMin:  431 15:52:41    -2397.648106        0.106996
MDMin:  432 15:52:43    -2397.648107        0.106714
MDMin:  433 15:52:45    -2397.648107        0.106353
MDMin:  434 15:52:47    -2397.648107        0.105905
MDMin:  435 15:52:49    -2397.648107        0.105359
MDMin:  436 15:52:51    -2397.648107        0.104706
MDMin:  437 15:52:53    -2397.648107        0.103934
MDMin:  438 15:52:54    -2397.648107        0.103033
MDMin:  439 15:52:56    -2397.648108        0.101991
MDMin:  440 15:52:57    -2397.648108        0.100800
MDMin:  441 15:52:59    -2397.648108        0.099450
MDMin:  442 15:53:01    -2397.648108        0.099548
MDMin:  443 15:53:03    -2397.648108        0.099952
MDMin:  444 15:53:05    -2397.648108        0.100339
MDMin:  445 15:53:07    -2397.648109        0.100699
MDMin:  446 15:53:08    -2397.648109        0.101018
MDMin:  447 15:53:10    -2397.648109        0.101281
MDMin:  448 15:53:12    -2397.648109        0.101466
MDMin:  449 15:53:14    -2397.648109        0.101548
MDMin:  450 15:53:16    -2397.648110        0.101495
MDMin:  451 15:53:17    -2397.648110        0.101272
MDMin:  452 15:53:19    -2397.648110        0.100837
MDMin:  453 15:53:21    -2397.648110        0.100143
MDMin:  454 15:53:22    -2397.648110        0.099140
MDMin:  455 15:53:24    -2397.648111        0.097778
MDMin:  456 15:53:25    -2397.648111        0.096004
MDMin:  457 15:53:26    -2397.648111        0.093770
MDMin:  458 15:53:28    -2397.648111        0.091036
MDMin:  459 15:53:30    -2397.648111        0.087771
MDMin:  460 15:53:32    -2397.648112        0.083955
MDMin:  461 15:53:34    -2397.648112        0.079589
MDMin:  462 15:53:35    -2397.648112        0.074692
MDMin:  463 15:53:37    -2397.648112        0.069307
MDMin:  464 15:53:38    -2397.648113        0.063499
MDMin:  465 15:53:40    -2397.648113        0.057362
MDMin:  466 15:53:41    -2397.648113        0.055586
MDMin:  467 15:53:42    -2397.648113        0.055429
MDMin:  468 15:53:44    -2397.648114        0.055261
MDMin:  469 15:53:45    -2397.648114        0.055080
MDMin:  470 15:53:46    -2397.648114        0.054887
MDMin:  471 15:53:48    -2397.648115        0.054682
MDMin:  472 15:53:50    -2397.648115        0.054464
MDMin:  473 15:53:52    -2397.648115        0.054235
MDMin:  474 15:53:54    -2397.648115        0.054627
MDMin:  475 15:53:56    -2397.648116        0.055702
MDMin:  476 15:53:57    -2397.648116        0.056862
MDMin:  477 15:53:58    -2397.648116        0.063279
MDMin:  478 15:54:00    -2397.648116        0.087351
MDMin:  479 15:54:01    -2397.648116        0.058898
MDMin:  480 15:54:02    -2397.648117        0.059098
MDMin:  481 15:54:04    -2397.648117        0.059318
MDMin:  482 15:54:05    -2397.648117        0.059552
MDMin:  483 15:54:07    -2397.648117        0.059799
MDMin:  484 15:54:09    -2397.648117        0.060060
MDMin:  485 15:54:11    -2397.648117        0.060334
MDMin:  486 15:54:12    -2397.648117        0.060623
MDMin:  487 15:54:14    -2397.648117        0.060925
MDMin:  488 15:54:16    -2397.648117        0.061242
MDMin:  489 15:54:18    -2397.648117        0.061574
MDMin:  490 15:54:20    -2397.648117        0.061921
MDMin:  491 15:54:22    -2397.648117        0.062283
MDMin:  492 15:54:24    -2397.648117        0.062662
MDMin:  493 15:54:27    -2397.648117        0.063058
MDMin:  494 15:54:28    -2397.648117        0.063470
MDMin:  495 15:54:30    -2397.648117        0.063900
MDMin:  496 15:54:32    -2397.648117        0.064347
MDMin:  497 15:54:34    -2397.648118        0.064813
MDMin:  498 15:54:36    -2397.648118        0.065297
MDMin:  499 15:54:38    -2397.648118        0.065800
MDMin:  500 15:54:40    -2397.648118        0.066323
MDMin:  501 15:54:42    -2397.648118        0.066866
MDMin:  502 15:54:44    -2397.648118        0.067430
MDMin:  503 15:54:46    -2397.648118        0.068014
MDMin:  504 15:54:48    -2397.648118        0.068619
MDMin:  505 15:54:50    -2397.648118        0.069246
MDMin:  506 15:54:52    -2397.648118        0.069895
MDMin:  507 15:54:54    -2397.648118        0.070567
MDMin:  508 15:54:56    -2397.648118        0.071262
MDMin:  509 15:54:58    -2397.648118        0.071980
MDMin:  510 15:55:00    -2397.648119        0.072722
MDMin:  511 15:55:01    -2397.648119        0.073487
MDMin:  512 15:55:03    -2397.648119        0.074277
MDMin:  513 15:55:05    -2397.648119        0.075091
MDMin:  514 15:55:07    -2397.648119        0.075929
MDMin:  515 15:55:09    -2397.648119        0.076792
MDMin:  516 15:55:11    -2397.648119        0.077679
MDMin:  517 15:55:13    -2397.648119        0.078591
MDMin:  518 15:55:15    -2397.648119        0.079527
MDMin:  519 15:55:17    -2397.648119        0.080488
MDMin:  520 15:55:19    -2397.648119        0.081472
MDMin:  521 15:55:21    -2397.648120        0.082479
MDMin:  522 15:55:23    -2397.648120        0.083510
MDMin:  523 15:55:24    -2397.648120        0.084562
MDMin:  524 15:55:27    -2397.648120        0.085635
MDMin:  525 15:55:29    -2397.648120        0.086728
MDMin:  526 15:55:30    -2397.648120        0.087840
MDMin:  527 15:55:32    -2397.648120        0.088969
MDMin:  528 15:55:34    -2397.648120        0.090114
MDMin:  529 15:55:36    -2397.648120        0.091272
MDMin:  530 15:55:37    -2397.648120        0.092441
MDMin:  531 15:55:39    -2397.648120        0.093619
MDMin:  532 15:55:40    -2397.648121        0.094802
MDMin:  533 15:55:42    -2397.648121        0.095987
MDMin:  534 15:55:43    -2397.648121        0.097171
MDMin:  535 15:55:45    -2397.648121        0.098349
MDMin:  536 15:55:47    -2397.648121        0.099516
MDMin:  537 15:55:49    -2397.648121        0.100668
MDMin:  538 15:55:51    -2397.648121        0.101797
MDMin:  539 15:55:53    -2397.648121        0.102899
MDMin:  540 15:55:55    -2397.648121        0.103966
MDMin:  541 15:55:57    -2397.648121        0.104990
MDMin:  542 15:55:59    -2397.648122        0.105962
MDMin:  543 15:56:01    -2397.648122        0.106875
MDMin:  544 15:56:03    -2397.648122        0.107716
MDMin:  545 15:56:05    -2397.648122        0.108477
MDMin:  546 15:56:07    -2397.648122        0.109145
MDMin:  547 15:56:09    -2397.648122        0.109709
MDMin:  548 15:56:10    -2397.648122        0.110155
MDMin:  549 15:56:12    -2397.648122        0.110470
MDMin:  550 15:56:14    -2397.648122        0.110641
MDMin:  551 15:56:16    -2397.648122        0.110652
MDMin:  552 15:56:18    -2397.648122        0.110492
MDMin:  553 15:56:20    -2397.648123        0.110146
MDMin:  554 15:56:22    -2397.648123        0.109603
MDMin:  555 15:56:23    -2397.648123        0.108853
MDMin:  556 15:56:25    -2397.648123        0.107889
MDMin:  557 15:56:27    -2397.648123        0.106710
MDMin:  558 15:56:29    -2397.648123        0.107066
MDMin:  559 15:56:30    -2397.648123        0.108633
MDMin:  560 15:56:32    -2397.648123        0.110302
MDMin:  561 15:56:34    -2397.648123        0.112078
MDMin:  562 15:56:36    -2397.648123        0.113962
MDMin:  563 15:56:38    -2397.648123        0.115948
MDMin:  564 15:56:40    -2397.648124        0.118025
MDMin:  565 15:56:42    -2397.648124        0.120172
MDMin:  566 15:56:44    -2397.648124        0.122358
MDMin:  567 15:56:46    -2397.648124        0.124540
MDMin:  568 15:56:47    -2397.648124        0.126663
MDMin:  569 15:56:49    -2397.648124        0.128660
MDMin:  570 15:56:51    -2397.648124        0.130455
MDMin:  571 15:56:53    -2397.648124        0.131966
MDMin:  572 15:56:55    -2397.648124        0.133102
MDMin:  573 15:56:57    -2397.648124        0.133773
MDMin:  574 15:56:59    -2397.648125        0.133889
MDMin:  575 15:57:01    -2397.648125        0.133363
MDMin:  576 15:57:03    -2397.648125        0.132118
MDMin:  577 15:57:05    -2397.648125        0.130080
MDMin:  578 15:57:07    -2397.648125        0.127191
MDMin:  579 15:57:08    -2397.648125        0.123403
MDMin:  580 15:57:10    -2397.648125        0.118689
MDMin:  581 15:57:11    -2397.648125        0.113042
MDMin:  582 15:57:14    -2397.648125        0.106489
MDMin:  583 15:57:16    -2397.648126        0.099093
MDMin:  584 15:57:18    -2397.648126        0.090973
MDMin:  585 15:57:20    -2397.648126        0.082306
MDMin:  586 15:57:21    -2397.648126        0.073333
MDMin:  587 15:57:23    -2397.648126        0.064349
MDMin:  588 15:57:24    -2397.648126        0.055886
MDMin:  589 15:57:26    -2397.648126        0.053378
MDMin:  590 15:57:28    -2397.648126        0.052946
MDMin:  591 15:57:30    -2397.648127        0.054129
MDMin:  592 15:57:31    -2397.648127        0.055690
MDMin:  593 15:57:33    -2397.648127        0.057651
MDMin:  594 15:57:34    -2397.648127        0.060018
MDMin:  595 15:57:36    -2397.648127        0.062778
MDMin:  596 15:57:38    -2397.648127        0.065907
MDMin:  597 15:57:40    -2397.648127        0.069373
MDMin:  598 15:57:42    -2397.648128        0.073128
MDMin:  599 15:57:44    -2397.648128        0.077074
MDMin:  600 15:57:45    -2397.648128        0.091618
MDMin:  601 15:57:46    -2397.648128        0.081714
MDMin:  602 15:57:48    -2397.648128        0.082679
MDMin:  603 15:57:50    -2397.648128        0.083679
MDMin:  604 15:57:51    -2397.648128        0.084712
MDMin:  605 15:57:53    -2397.648128        0.085778
MDMin:  606 15:57:54    -2397.648128        0.086877
MDMin:  607 15:57:56    -2397.648128        0.088009
MDMin:  608 15:57:58    -2397.648128        0.089173
MDMin:  609 15:58:00    -2397.648128        0.090369
MDMin:  610 15:58:02    -2397.648128        0.091596
MDMin:  611 15:58:04    -2397.648128        0.092854
MDMin:  612 15:58:06    -2397.648128        0.094142
MDMin:  613 15:58:08    -2397.648128        0.095459
MDMin:  614 15:58:09    -2397.648128        0.096803
MDMin:  615 15:58:10    -2397.648128        0.098174
MDMin:  616 15:58:11    -2397.648128        0.099570
MDMin:  617 15:58:13    -2397.648128        0.100990
MDMin:  618 15:58:15    -2397.648129        0.102432
MDMin:  619 15:58:17    -2397.648129        0.103893
MDMin:  620 15:58:19    -2397.648129        0.105373
MDMin:  621 15:58:21    -2397.648129        0.106869
MDMin:  622 15:58:23    -2397.648129        0.108379
MDMin:  623 15:58:25    -2397.648129        0.109899
MDMin:  624 15:58:27    -2397.648129        0.111428
MDMin:  625 15:58:28    -2397.648129        0.112962
MDMin:  626 15:58:29    -2397.648129        0.114498
MDMin:  627 15:58:31    -2397.648129        0.116034
MDMin:  628 15:58:32    -2397.648129        0.117565
MDMin:  629 15:58:33    -2397.648129        0.119088
MDMin:  630 15:58:34    -2397.648129        0.120599
MDMin:  631 15:58:35    -2397.648129        0.122094
MDMin:  632 15:58:37    -2397.648129        0.123570
MDMin:  633 15:58:39    -2397.648129        0.125021
MDMin:  634 15:58:41    -2397.648129        0.126444
MDMin:  635 15:58:43    -2397.648129        0.127834
MDMin:  636 15:58:45    -2397.648129        0.129186
MDMin:  637 15:58:47    -2397.648129        0.130496
MDMin:  638 15:58:49    -2397.648129        0.131758
MDMin:  639 15:58:52    -2397.648129        0.132968
MDMin:  640 15:58:54    -2397.648129        0.134122
MDMin:  641 15:58:55    -2397.648130        0.135213
MDMin:  642 15:58:56    -2397.648130        0.136237
MDMin:  643 15:58:58    -2397.648130        0.137189
MDMin:  644 15:59:00    -2397.648130        0.138065
MDMin:  645 15:59:02    -2397.648130        0.138859
MDMin:  646 15:59:04    -2397.648130        0.139567
MDMin:  647 15:59:06    -2397.648130        0.140185
MDMin:  648 15:59:08    -2397.648130        0.140709
MDMin:  649 15:59:10    -2397.648130        0.141133
MDMin:  650 15:59:11    -2397.648130        0.141456
MDMin:  651 15:59:13    -2397.648130        0.141672
MDMin:  652 15:59:15    -2397.648130        0.141780
MDMin:  653 15:59:16    -2397.648130        0.141777
MDMin:  654 15:59:18    -2397.648130        0.143887
MDMin:  655 15:59:20    -2397.648130        0.146313
MDMin:  656 15:59:21    -2397.648130        0.148720
MDMin:  657 15:59:23    -2397.648130        0.151103
MDMin:  658 15:59:25    -2397.648130        0.153457
MDMin:  659 15:59:26    -2397.648130        0.155778
MDMin:  660 15:59:28    -2397.648130        0.158061
MDMin:  661 15:59:30    -2397.648131        0.160302
MDMin:  662 15:59:32    -2397.648131        0.162494
MDMin:  663 15:59:34    -2397.648131        0.164635
MDMin:  664 15:59:36    -2397.648131        0.166719
MDMin:  665 15:59:38    -2397.648131        0.168742
MDMin:  666 15:59:40    -2397.648131        0.170699
MDMin:  667 15:59:41    -2397.648131        0.172587
MDMin:  668 15:59:43    -2397.648131        0.174402
MDMin:  669 15:59:44    -2397.648131        0.176139
MDMin:  670 15:59:47    -2397.648131        0.177797
MDMin:  671 15:59:49    -2397.648131        0.179371
MDMin:  672 15:59:51    -2397.648131        0.180859
MDMin:  673 15:59:52    -2397.648131        0.182259
MDMin:  674 15:59:54    -2397.648131        0.183569
MDMin:  675 15:59:56    -2397.648131        0.184788
MDMin:  676 15:59:57    -2397.648131        0.185915
MDMin:  677 15:59:59    -2397.648131        0.186950
MDMin:  678 16:00:01    -2397.648131        0.187894
MDMin:  679 16:00:03    -2397.648131        0.188746
MDMin:  680 16:00:05    -2397.648132        0.189511
MDMin:  681 16:00:07    -2397.648132        0.190190
MDMin:  682 16:00:09    -2397.648132        0.190786
MDMin:  683 16:00:11    -2397.648132        0.191305
MDMin:  684 16:00:12    -2397.648132        0.191752
MDMin:  685 16:00:15    -2397.648132        0.192135
MDMin:  686 16:00:16    -2397.648132        0.192461
MDMin:  687 16:00:18    -2397.648132        0.192737
MDMin:  688 16:00:20    -2397.648132        0.192975
MDMin:  689 16:00:21    -2397.648132        0.193184
MDMin:  690 16:00:23    -2397.648132        0.193378
MDMin:  691 16:00:25    -2397.648132        0.193570
MDMin:  692 16:00:27    -2397.648132        0.193774
MDMin:  693 16:00:28    -2397.648132        0.194009
MDMin:  694 16:00:29    -2397.648132        0.194294
MDMin:  695 16:00:31    -2397.648133        0.194649
MDMin:  696 16:00:33    -2397.648133        0.195097
MDMin:  697 16:00:35    -2397.648133        0.195663
MDMin:  698 16:00:37    -2397.648133        0.196376
MDMin:  699 16:00:39    -2397.648133        0.197263
MDMin:  700 16:00:40    -2397.648133        0.198357
MDMin:  701 16:00:41    -2397.648133        0.199690
MDMin:  702 16:00:44    -2397.648133        0.201297
MDMin:  703 16:00:45    -2397.648133        0.203213
MDMin:  704 16:00:47    -2397.648133        0.205472
MDMin:  705 16:00:49    -2397.648133        0.208108
MDMin:  706 16:00:51    -2397.648133        0.211150
MDMin:  707 16:00:52    -2397.648133        0.214621
MDMin:  708 16:00:53    -2397.648133        0.218536
MDMin:  709 16:00:56    -2397.648133        0.222900
MDMin:  710 16:00:58    -2397.648134        0.227700
MDMin:  711 16:01:00    -2397.648134        0.232905
MDMin:  712 16:01:02    -2397.648134        0.238461
MDMin:  713 16:01:03    -2397.648134        0.244290
MDMin:  714 16:01:05    -2397.648134        0.250280
MDMin:  715 16:01:07    -2397.648134        0.256288
MDMin:  716 16:01:09    -2397.648134        0.262118
MDMin:  717 16:01:11    -2397.648134        0.267496
MDMin:  718 16:01:13    -2397.648134        0.272031
MDMin:  719 16:01:15    -2397.648134        0.275360
MDMin:  720 16:01:16    -2397.648134        0.277627
MDMin:  721 16:01:18    -2397.648134        0.279375
MDMin:  722 16:01:19    -2397.648134        0.280825
MDMin:  723 16:01:21    -2397.648134        0.281993
MDMin:  724 16:01:23    -2397.648134        0.282849
MDMin:  725 16:01:24    -2397.648134        0.283360
MDMin:  726 16:01:26    -2397.648134        0.283491
MDMin:  727 16:01:28    -2397.648134        0.283210
MDMin:  728 16:01:30    -2397.648134        0.282486
MDMin:  729 16:01:32    -2397.648134        0.281295
MDMin:  730 16:01:34    -2397.648134        0.279614
MDMin:  731 16:01:36    -2397.648134        0.277428
MDMin:  732 16:01:38    -2397.648135        0.274727
MDMin:  733 16:01:40    -2397.648135        0.271509
MDMin:  734 16:01:42    -2397.648135        0.267778
MDMin:  735 16:01:44    -2397.648135        0.263545
MDMin:  736 16:01:46    -2397.648135        0.258830
MDMin:  737 16:01:48    -2397.648135        0.253662
MDMin:  738 16:01:50    -2397.648135        0.248073
MDMin:  739 16:01:51    -2397.648135        0.242099
MDMin:  740 16:01:53    -2397.648135        0.235779
MDMin:  741 16:01:55    -2397.648135        0.229156
MDMin:  742 16:01:57    -2397.648135        0.222275
MDMin:  743 16:01:59    -2397.648135        0.215182
MDMin:  744 16:02:01    -2397.648135        0.207922
MDMin:  745 16:02:04    -2397.648135        0.200538
MDMin:  746 16:02:06    -2397.648135        0.193074
MDMin:  747 16:02:08    -2397.648135        0.185570
MDMin:  748 16:02:10    -2397.648135        0.178065
MDMin:  749 16:02:12    -2397.648135        0.170595
MDMin:  750 16:02:14    -2397.648135        0.163193
MDMin:  751 16:02:16    -2397.648135        0.155892
MDMin:  752 16:02:18    -2397.648135        0.148720
MDMin:  753 16:02:20    -2397.648135        0.141705
MDMin:  754 16:02:22    -2397.648135        0.134872
MDMin:  755 16:02:24    -2397.648136        0.128245
MDMin:  756 16:02:26    -2397.648136        0.121844
MDMin:  757 16:02:28    -2397.648136        0.116942
MDMin:  758 16:02:30    -2397.648136        0.118915
MDMin:  759 16:02:32    -2397.648136        0.121013
MDMin:  760 16:02:33    -2397.648136        0.123129
MDMin:  761 16:02:35    -2397.648136        0.124862
MDMin:  762 16:02:36    -2397.648136        0.125881
MDMin:  763 16:02:37    -2397.648136        0.126782
MDMin:  764 16:02:38    -2397.648136        0.127720
MDMin:  765 16:02:40    -2397.648136        0.128704
MDMin:  766 16:02:41    -2397.648136        0.129735
MDMin:  767 16:02:42    -2397.648136        0.130815
MDMin:  768 16:02:43    -2397.648136        0.131945
MDMin:  769 16:02:45    -2397.648136        0.133128
MDMin:  770 16:02:46    -2397.648136        0.134364
MDMin:  771 16:02:48    -2397.648136        0.135655
MDMin:  772 16:02:49    -2397.648136        0.137002
MDMin:  773 16:02:50    -2397.648136        0.138405
MDMin:  774 16:02:52    -2397.648136        0.139865
MDMin:  775 16:02:53    -2397.648136        0.141383
MDMin:  776 16:02:55    -2397.648136        0.142958
MDMin:  777 16:02:56    -2397.648136        0.144592
MDMin:  778 16:02:57    -2397.648136        0.146284
MDMin:  779 16:02:59    -2397.648136        0.148035
MDMin:  780 16:03:01    -2397.648136        0.149843
MDMin:  781 16:03:02    -2397.648136        0.151708
MDMin:  782 16:03:03    -2397.648136        0.153629
MDMin:  783 16:03:06    -2397.648136        0.155605
MDMin:  784 16:03:07    -2397.648136        0.157632
MDMin:  785 16:03:09    -2397.648136        0.159709
MDMin:  786 16:03:11    -2397.648137        0.161832
MDMin:  787 16:03:13    -2397.648137        0.163998
MDMin:  788 16:03:15    -2397.648137        0.166201
MDMin:  789 16:03:17    -2397.648137        0.168435
MDMin:  790 16:03:18    -2397.648137        0.170693
MDMin:  791 16:03:21    -2397.648137        0.172967
MDMin:  792 16:03:22    -2397.648137        0.175248
MDMin:  793 16:03:24    -2397.648137        0.177522
MDMin:  794 16:03:26    -2397.648137        0.179779
MDMin:  795 16:03:27    -2397.648137        0.182001
MDMin:  796 16:03:28    -2397.648137        0.184172
MDMin:  797 16:03:30    -2397.648137        0.186272
MDMin:  798 16:03:31    -2397.648137        0.188280
MDMin:  799 16:03:33    -2397.648137        0.190171
MDMin:  800 16:03:35    -2397.648137        0.191920
MDMin:  801 16:03:36    -2397.648137        0.193499
MDMin:  802 16:03:38    -2397.648137        0.194882
MDMin:  803 16:03:39    -2397.648137        0.196042
MDMin:  804 16:03:41    -2397.648137        0.196948
MDMin:  805 16:03:43    -2397.648137        0.197569
MDMin:  806 16:03:45    -2397.648137        0.197879
MDMin:  807 16:03:47    -2397.648137        0.197852
MDMin:  808 16:03:49    -2397.648137        0.197471
MDMin:  809 16:03:51    -2397.648137        0.196720
MDMin:  810 16:03:53    -2397.648137        0.195597
MDMin:  811 16:03:54    -2397.648137        0.194106
MDMin:  812 16:03:56    -2397.648137        0.192263
MDMin:  813 16:03:58    -2397.648137        0.190096
MDMin:  814 16:03:59    -2397.648137        0.187642
MDMin:  815 16:04:01    -2397.648137        0.184951
MDMin:  816 16:04:03    -2397.648138        0.182081
MDMin:  817 16:04:05    -2397.648138        0.179097
MDMin:  818 16:04:07    -2397.648138        0.176067
MDMin:  819 16:04:09    -2397.648138        0.173060
MDMin:  820 16:04:11    -2397.648138        0.170142
MDMin:  821 16:04:13    -2397.648138        0.167372
MDMin:  822 16:04:15    -2397.648138        0.164803
MDMin:  823 16:04:17    -2397.648138        0.162481
MDMin:  824 16:04:19    -2397.648138        0.160444
MDMin:  825 16:04:21    -2397.648138        0.158719
MDMin:  826 16:04:23    -2397.648138        0.157328
MDMin:  827 16:04:25    -2397.648138        0.156286
MDMin:  828 16:04:27    -2397.648138        0.155606
MDMin:  829 16:04:28    -2397.648138        0.155303
MDMin:  830 16:04:29    -2397.648138        0.155383
MDMin:  831 16:04:31    -2397.648138        0.155858
MDMin:  832 16:04:32    -2397.648138        0.156755
MDMin:  833 16:04:33    -2397.648138        0.158088
MDMin:  834 16:04:35    -2397.648138        0.159869
MDMin:  835 16:04:37    -2397.648138        0.162117
MDMin:  836 16:04:39    -2397.648138        0.164853
MDMin:  837 16:04:42    -2397.648138        0.168100
MDMin:  838 16:04:44    -2397.648138        0.171881
MDMin:  839 16:04:46    -2397.648138        0.176217
MDMin:  840 16:04:48    -2397.648139        0.181118
MDMin:  841 16:04:49    -2397.648139        0.186573
MDMin:  842 16:04:51    -2397.648139        0.192540
MDMin:  843 16:04:53    -2397.648139        0.198921
MDMin:  844 16:04:55    -2397.648139        0.205542
MDMin:  845 16:04:57    -2397.648139        0.212120
MDMin:  846 16:04:58    -2397.648139        0.218250
MDMin:  847 16:05:00    -2397.648139        0.223388
MDMin:  848 16:05:02    -2397.648139        0.226896
MDMin:  849 16:05:04    -2397.648139        0.228134
MDMin:  850 16:05:05    -2397.648139        0.226645
MDMin:  851 16:05:07    -2397.648139        0.222396
MDMin:  852 16:05:09    -2397.648139        0.216016
MDMin:  853 16:05:11    -2397.648139        0.208831
MDMin:  854 16:05:12    -2397.648139        0.202413
MDMin:  855 16:05:14    -2397.648139        0.197548
MDMin:  856 16:05:16    -2397.648139        0.193830
MDMin:  857 16:05:18    -2397.648139        0.190729
MDMin:  858 16:05:19    -2397.648139        0.188085
MDMin:  859 16:05:21    -2397.648139        0.185884
MDMin:  860 16:05:22    -2397.648139        0.186539
MDMin:  861 16:05:23    -2397.648139        0.189257
MDMin:  862 16:05:25    -2397.648139        0.191905
MDMin:  863 16:05:27    -2397.648139        0.194479
MDMin:  864 16:05:29    -2397.648139        0.196977
MDMin:  865 16:05:30    -2397.648139        0.199396
MDMin:  866 16:05:32    -2397.648139        0.201740
MDMin:  867 16:05:34    -2397.648139        0.204012
MDMin:  868 16:05:36    -2397.648139        0.206216
MDMin:  869 16:05:38    -2397.648139        0.208360
MDMin:  870 16:05:40    -2397.648139        0.210450
MDMin:  871 16:05:42    -2397.648139        0.212493
MDMin:  872 16:05:44    -2397.648140        0.214497
MDMin:  873 16:05:46    -2397.648140        0.216469
MDMin:  874 16:05:48    -2397.648140        0.218415
MDMin:  875 16:05:50    -2397.648140        0.220340
MDMin:  876 16:05:52    -2397.648140        0.222248
MDMin:  877 16:05:54    -2397.648140        0.224143
MDMin:  878 16:05:55    -2397.648140        0.226027
MDMin:  879 16:05:57    -2397.648140        0.227899
MDMin:  880 16:05:58    -2397.648140        0.229758
MDMin:  881 16:05:59    -2397.648140        0.231603
MDMin:  882 16:06:01    -2397.648140        0.233428
MDMin:  883 16:06:03    -2397.648140        0.235230
MDMin:  884 16:06:05    -2397.648140        0.237002
MDMin:  885 16:06:06    -2397.648140        0.238737
MDMin:  886 16:06:08    -2397.648140        0.240426
MDMin:  887 16:06:09    -2397.648140        0.242060
MDMin:  888 16:06:11    -2397.648140        0.243630
MDMin:  889 16:06:12    -2397.648140        0.245127
MDMin:  890 16:06:14    -2397.648140        0.246539
MDMin:  891 16:06:15    -2397.648140        0.247856
MDMin:  892 16:06:17    -2397.648140        0.249063
MDMin:  893 16:06:18    -2397.648140        0.250152
MDMin:  894 16:06:20    -2397.648140        0.251113
MDMin:  895 16:06:21    -2397.648140        0.251936
MDMin:  896 16:06:23    -2397.648140        0.252613
MDMin:  897 16:06:25    -2397.648140        0.253137
MDMin:  898 16:06:27    -2397.648140        0.253502
MDMin:  899 16:06:29    -2397.648140        0.253702
MDMin:  900 16:06:31    -2397.648140        0.253731
MDMin:  901 16:06:33    -2397.648140        0.253587
MDMin:  902 16:06:35    -2397.648140        0.253266
MDMin:  903 16:06:37    -2397.648140        0.252764
MDMin:  904 16:06:39    -2397.648140        0.252081
MDMin:  905 16:06:41    -2397.648140        0.251216
MDMin:  906 16:06:42    -2397.648140        0.250166
MDMin:  907 16:06:44    -2397.648140        0.248935
MDMin:  908 16:06:46    -2397.648141        0.247521
MDMin:  909 16:06:48    -2397.648141        0.245928
MDMin:  910 16:06:49    -2397.648141        0.244175
MDMin:  911 16:06:51    -2397.648141        0.242283
MDMin:  912 16:06:53    -2397.648141        0.240262
MDMin:  913 16:06:55    -2397.648141        0.238122
MDMin:  914 16:06:56    -2397.648141        0.235876
MDMin:  915 16:06:58    -2397.648141        0.233538
MDMin:  916 16:06:59    -2397.648141        0.231122
MDMin:  917 16:07:00    -2397.648141        0.228649
MDMin:  918 16:07:02    -2397.648141        0.226161
MDMin:  919 16:07:04    -2397.648141        0.223821
MDMin:  920 16:07:05    -2397.648141        0.222090
MDMin:  921 16:07:07    -2397.648141        0.221130
MDMin:  922 16:07:09    -2397.648141        0.220243
MDMin:  923 16:07:11    -2397.648141        0.219340
MDMin:  924 16:07:12    -2397.648141        0.218419
MDMin:  925 16:07:14    -2397.648141        0.217477
MDMin:  926 16:07:16    -2397.648141        0.216516
MDMin:  927 16:07:18    -2397.648141        0.215534
MDMin:  928 16:07:20    -2397.648141        0.214531
MDMin:  929 16:07:22    -2397.648141        0.213507
MDMin:  930 16:07:24    -2397.648141        0.212459
MDMin:  931 16:07:26    -2397.648141        0.211388
MDMin:  932 16:07:28    -2397.648141        0.210293
MDMin:  933 16:07:29    -2397.648141        0.209170
MDMin:  934 16:07:31    -2397.648141        0.208020
MDMin:  935 16:07:32    -2397.648141        0.206839
MDMin:  936 16:07:34    -2397.648141        0.205626
MDMin:  937 16:07:36    -2397.648141        0.204377
MDMin:  938 16:07:38    -2397.648141        0.203090
MDMin:  939 16:07:40    -2397.648141        0.201760
MDMin:  940 16:07:42    -2397.648141        0.200383
MDMin:  941 16:07:44    -2397.648141        0.198955
MDMin:  942 16:07:46    -2397.648141        0.197470
MDMin:  943 16:07:48    -2397.648141        0.195923
MDMin:  944 16:07:50    -2397.648141        0.194307
MDMin:  945 16:07:52    -2397.648141        0.192615
MDMin:  946 16:07:53    -2397.648141        0.190839
MDMin:  947 16:07:55    -2397.648142        0.188971
MDMin:  948 16:07:57    -2397.648142        0.187003
MDMin:  949 16:07:58    -2397.648142        0.184925
MDMin:  950 16:07:59    -2397.648142        0.182727
MDMin:  951 16:08:00    -2397.648142        0.180399
MDMin:  952 16:08:02    -2397.648142        0.177930
MDMin:  953 16:08:04    -2397.648142        0.175311
MDMin:  954 16:08:05    -2397.648142        0.172529
MDMin:  955 16:08:07    -2397.648142        0.169574
MDMin:  956 16:08:08    -2397.648142        0.166436
MDMin:  957 16:08:10    -2397.648142        0.163103
MDMin:  958 16:08:11    -2397.648142        0.159568
MDMin:  959 16:08:13    -2397.648142        0.155820
MDMin:  960 16:08:15    -2397.648142        0.151853
MDMin:  961 16:08:16    -2397.648142        0.147661
MDMin:  962 16:08:18    -2397.648142        0.143240
MDMin:  963 16:08:20    -2397.648142        0.138587
MDMin:  964 16:08:22    -2397.648142        0.133713
MDMin:  965 16:08:24    -2397.648142        0.128629
MDMin:  966 16:08:26    -2397.648142        0.123341
MDMin:  967 16:08:28    -2397.648142        0.117857
MDMin:  968 16:08:30    -2397.648142        0.112196
MDMin:  969 16:08:32    -2397.648142        0.106434
MDMin:  970 16:08:33    -2397.648142        0.112060
MDMin:  971 16:08:35    -2397.648142        0.099648
MDMin:  972 16:08:37    -2397.648142        0.098668
MDMin:  973 16:08:39    -2397.648142        0.097634
MDMin:  974 16:08:41    -2397.648142        0.096564
MDMin:  975 16:08:43    -2397.648142        0.095457
MDMin:  976 16:08:45    -2397.648142        0.094315
MDMin:  977 16:08:47    -2397.648142        0.093138
MDMin:  978 16:08:48    -2397.648142        0.091927
MDMin:  979 16:08:50    -2397.648142        0.090681
MDMin:  980 16:08:51    -2397.648142        0.089401
MDMin:  981 16:08:53    -2397.648143        0.088088
MDMin:  982 16:08:55    -2397.648143        0.086742
MDMin:  983 16:08:56    -2397.648143        0.085365
MDMin:  984 16:08:58    -2397.648143        0.083956
MDMin:  985 16:09:00    -2397.648143        0.082516
MDMin:  986 16:09:01    -2397.648143        0.081047
MDMin:  987 16:09:03    -2397.648143        0.079549
MDMin:  988 16:09:04    -2397.648143        0.078024
MDMin:  989 16:09:05    -2397.648143        0.076472
MDMin:  990 16:09:06    -2397.648143        0.074894
MDMin:  991 16:09:07    -2397.648143        0.073293
MDMin:  992 16:09:08    -2397.648143        0.071668
MDMin:  993 16:09:10    -2397.648143        0.070022
MDMin:  994 16:09:11    -2397.648143        0.068356
MDMin:  995 16:09:12    -2397.648143        0.066673
MDMin:  996 16:09:14    -2397.648143        0.064972
MDMin:  997 16:09:16    -2397.648143        0.063257
MDMin:  998 16:09:18    -2397.648143        0.061530
MDMin:  999 16:09:20    -2397.648143        0.059792
MDMin:  1000 16:09:21    -2397.648143        0.058046
MDMin:  1001 16:09:23    -2397.648143        0.056293
MDMin:  1002 16:09:25    -2397.648143        0.054537
MDMin:  1003 16:09:27    -2397.648143        0.052779
MDMin:  1004 16:09:29    -2397.648143        0.051022
MDMin:  1005 16:09:31    -2397.648143        0.049269
       Step     Time          Energy          fmax
MDMin:    0 19:59:31    -2397.646503        0.148974
MDMin:    1 19:59:32    -2397.646503        0.148964
MDMin:    2 19:59:34    -2397.646503        0.148934
MDMin:    3 19:59:35    -2397.646503        0.148883
MDMin:    4 19:59:36    -2397.646504        0.148813
MDMin:    5 19:59:37    -2397.646504        0.148722
MDMin:    6 19:59:39    -2397.646505        0.148610
MDMin:    7 19:59:40    -2397.646506        0.148478
MDMin:    8 19:59:42    -2397.646507        0.148325
MDMin:    9 19:59:44    -2397.646509        0.148151
MDMin:   10 19:59:46    -2397.646510        0.147956
MDMin:   11 19:59:48    -2397.646512        0.147740
MDMin:   12 19:59:50    -2397.646513        0.147501
MDMin:   13 19:59:51    -2397.646515        0.147241
MDMin:   14 19:59:53    -2397.646517        0.146958
MDMin:   15 19:59:54    -2397.646520        0.146652
MDMin:   16 19:59:55    -2397.646522        0.146323
MDMin:   17 19:59:57    -2397.646525        0.145970
MDMin:   18 19:59:58    -2397.646528        0.145593
MDMin:   19 19:59:59    -2397.646531        0.145191
MDMin:   20 20:00:02    -2397.646534        0.144763
MDMin:   21 20:00:04    -2397.646538        0.144821
MDMin:   22 20:00:06    -2397.646541        0.145046
MDMin:   23 20:00:08    -2397.646545        0.145282
MDMin:   24 20:00:10    -2397.646550        0.145528
MDMin:   25 20:00:12    -2397.646554        0.145785
MDMin:   26 20:00:14    -2397.646559        0.146052
MDMin:   27 20:00:16    -2397.646564        0.146330
MDMin:   28 20:00:17    -2397.646569        0.146616
MDMin:   29 20:00:18    -2397.646575        0.146912
MDMin:   30 20:00:20    -2397.646580        0.147216
MDMin:   31 20:00:21    -2397.646587        0.147528
MDMin:   32 20:00:22    -2397.646593        0.147846
MDMin:   33 20:00:23    -2397.646600        0.148170
MDMin:   34 20:00:25    -2397.646607        0.148498
MDMin:   35 20:00:27    -2397.646614        0.148830
MDMin:   36 20:00:28    -2397.646621        0.149163
MDMin:   37 20:00:30    -2397.646629        0.149497
MDMin:   38 20:00:31    -2397.646637        0.149830
MDMin:   39 20:00:32    -2397.646646        0.150158
MDMin:   40 20:00:33    -2397.646654        0.150482
MDMin:   41 20:00:34    -2397.646663        0.150797
MDMin:   42 20:00:35    -2397.646672        0.151103
MDMin:   43 20:00:37    -2397.646682        0.151395
MDMin:   44 20:00:39    -2397.646692        0.151673
MDMin:   45 20:00:41    -2397.646702        0.151931
MDMin:   46 20:00:42    -2397.646712        0.152168
MDMin:   47 20:00:44    -2397.646723        0.152380
MDMin:   48 20:00:46    -2397.646734        0.152564
MDMin:   49 20:00:47    -2397.646745        0.152716
MDMin:   50 20:00:48    -2397.646756        0.152833
MDMin:   51 20:00:50    -2397.646768        0.152912
MDMin:   52 20:00:51    -2397.646780        0.152948
MDMin:   53 20:00:52    -2397.646792        0.152938
MDMin:   54 20:00:54    -2397.646804        0.152879
MDMin:   55 20:00:56    -2397.646816        0.152767
MDMin:   56 20:00:57    -2397.646829        0.152599
MDMin:   57 20:00:59    -2397.646842        0.152372
MDMin:   58 20:01:01    -2397.646855        0.152082
MDMin:   59 20:01:03    -2397.646868        0.151728
MDMin:   60 20:01:04    -2397.646881        0.151306
MDMin:   61 20:01:07    -2397.646895        0.150815
MDMin:   62 20:01:08    -2397.646908        0.150253
MDMin:   63 20:01:09    -2397.646922        0.149619
MDMin:   64 20:01:11    -2397.646936        0.148912
MDMin:   65 20:01:12    -2397.646949        0.148133
MDMin:   66 20:01:15    -2397.646963        0.147280
MDMin:   67 20:01:16    -2397.646977        0.147067
MDMin:   68 20:01:18    -2397.646991        0.147685
MDMin:   69 20:01:20    -2397.647005        0.148334
MDMin:   70 20:01:21    -2397.647019        0.149017
MDMin:   71 20:01:22    -2397.647034        0.149737
MDMin:   72 20:01:24    -2397.647048        0.150496
MDMin:   73 20:01:25    -2397.647062        0.151294
MDMin:   74 20:01:26    -2397.647076        0.152131
MDMin:   75 20:01:27    -2397.647090        0.153004
MDMin:   76 20:01:28    -2397.647104        0.153909
MDMin:   77 20:01:30    -2397.647118        0.154838
MDMin:   78 20:01:31    -2397.647132        0.155781
MDMin:   79 20:01:32    -2397.647146        0.156726
MDMin:   80 20:01:33    -2397.647160        0.157656
MDMin:   81 20:01:35    -2397.647173        0.158551
MDMin:   82 20:01:37    -2397.647187        0.159391
MDMin:   83 20:01:39    -2397.647200        0.160153
MDMin:   84 20:01:41    -2397.647214        0.160815
MDMin:   85 20:01:43    -2397.647227        0.161358
MDMin:   86 20:01:44    -2397.647241        0.161767
MDMin:   87 20:01:46    -2397.647254        0.162032
MDMin:   88 20:01:47    -2397.647267        0.162148
MDMin:   89 20:01:49    -2397.647280        0.162119
MDMin:   90 20:01:50    -2397.647293        0.161951
MDMin:   91 20:01:51    -2397.647306        0.161652
MDMin:   92 20:01:52    -2397.647318        0.161233
MDMin:   93 20:01:54    -2397.647331        0.160699
MDMin:   94 20:01:56    -2397.647344        0.160055
MDMin:   95 20:01:58    -2397.647356        0.159301
MDMin:   96 20:02:00    -2397.647368        0.158436
MDMin:   97 20:02:02    -2397.647381        0.157455
MDMin:   98 20:02:04    -2397.647393        0.156356
MDMin:   99 20:02:06    -2397.647405        0.155132
MDMin:  100 20:02:08    -2397.647417        0.153778
MDMin:  101 20:02:10    -2397.647429        0.152289
MDMin:  102 20:02:12    -2397.647440        0.150659
MDMin:  103 20:02:15    -2397.647452        0.148883
MDMin:  104 20:02:17    -2397.647463        0.146956
MDMin:  105 20:02:18    -2397.647475        0.144874
MDMin:  106 20:02:21    -2397.647486        0.142635
MDMin:  107 20:02:23    -2397.647497        0.140240
MDMin:  108 20:02:25    -2397.647508        0.137696
MDMin:  109 20:02:27    -2397.647519        0.135030
MDMin:  110 20:02:29    -2397.647529        0.134043
MDMin:  111 20:02:31    -2397.647537        0.164788
MDMin:  112 20:02:32    -2397.647542        0.135363
MDMin:  113 20:02:34    -2397.647546        0.135730
MDMin:  114 20:02:35    -2397.647550        0.136087
MDMin:  115 20:02:37    -2397.647554        0.136442
MDMin:  116 20:02:38    -2397.647558        0.136794
MDMin:  117 20:02:40    -2397.647562        0.137141
MDMin:  118 20:02:42    -2397.647566        0.137482
MDMin:  119 20:02:45    -2397.647571        0.137813
MDMin:  120 20:02:46    -2397.647575        0.138133
MDMin:  121 20:02:48    -2397.647579        0.138438
MDMin:  122 20:02:49    -2397.647583        0.138727
MDMin:  123 20:02:50    -2397.647588        0.138996
MDMin:  124 20:02:51    -2397.647592        0.139243
MDMin:  125 20:02:53    -2397.647597        0.139464
MDMin:  126 20:02:54    -2397.647601        0.139657
MDMin:  127 20:02:55    -2397.647606        0.139818
MDMin:  128 20:02:57    -2397.647610        0.140432
MDMin:  129 20:02:59    -2397.647615        0.142587
MDMin:  130 20:03:00    -2397.647619        0.144799
MDMin:  131 20:03:01    -2397.647624        0.147061
MDMin:  132 20:03:02    -2397.647629        0.149365
MDMin:  133 20:03:03    -2397.647633        0.151702
MDMin:  134 20:03:05    -2397.647638        0.154061
MDMin:  135 20:03:06    -2397.647643        0.156427
MDMin:  136 20:03:07    -2397.647647        0.158785
MDMin:  137 20:03:08    -2397.647652        0.161115
MDMin:  138 20:03:09    -2397.647657        0.163398
MDMin:  139 20:03:11    -2397.647662        0.165610
MDMin:  140 20:03:12    -2397.647666        0.167723
MDMin:  141 20:03:13    -2397.647671        0.169711
MDMin:  142 20:03:15    -2397.647676        0.171542
MDMin:  143 20:03:16    -2397.647681        0.173184
MDMin:  144 20:03:17    -2397.647686        0.174603
MDMin:  145 20:03:18    -2397.647690        0.175767
MDMin:  146 20:03:19    -2397.647695        0.176642
MDMin:  147 20:03:21    -2397.647700        0.177195
MDMin:  148 20:03:22    -2397.647705        0.177397
MDMin:  149 20:03:23    -2397.647710        0.177223
MDMin:  150 20:03:24    -2397.647715        0.176649
MDMin:  151 20:03:26    -2397.647719        0.175660
MDMin:  152 20:03:27    -2397.647724        0.174246
MDMin:  153 20:03:28    -2397.647729        0.172403
MDMin:  154 20:03:30    -2397.647734        0.170134
MDMin:  155 20:03:32    -2397.647739        0.167452
MDMin:  156 20:03:33    -2397.647744        0.164376
MDMin:  157 20:03:34    -2397.647748        0.160937
MDMin:  158 20:03:35    -2397.647753        0.157168
MDMin:  159 20:03:37    -2397.647758        0.153107
MDMin:  160 20:03:38    -2397.647763        0.151626
MDMin:  161 20:03:39    -2397.647768        0.152711
MDMin:  162 20:03:40    -2397.647773        0.153778
MDMin:  163 20:03:42    -2397.647777        0.154794
MDMin:  164 20:03:43    -2397.647782        0.155719
MDMin:  165 20:03:44    -2397.647787        0.156516
MDMin:  166 20:03:46    -2397.647792        0.157148
MDMin:  167 20:03:47    -2397.647797        0.157588
MDMin:  168 20:03:48    -2397.647801        0.157819
MDMin:  169 20:03:49    -2397.647806        0.157837
MDMin:  170 20:03:51    -2397.647811        0.157653
MDMin:  171 20:03:53    -2397.647816        0.157287
MDMin:  172 20:03:55    -2397.647820        0.156762
MDMin:  173 20:03:57    -2397.647825        0.156097
MDMin:  174 20:03:59    -2397.647830        0.155305
MDMin:  175 20:04:00    -2397.647835        0.154390
MDMin:  176 20:04:02    -2397.647839        0.153351
MDMin:  177 20:04:03    -2397.647844        0.152180
MDMin:  178 20:04:05    -2397.647848        0.150868
MDMin:  179 20:04:07    -2397.647853        0.149403
MDMin:  180 20:04:09    -2397.647858        0.147779
MDMin:  181 20:04:10    -2397.647862        0.146023
MDMin:  182 20:04:12    -2397.647866        0.160941
MDMin:  183 20:04:14    -2397.647868        0.143208
MDMin:  184 20:04:16    -2397.647870        0.142505
MDMin:  185 20:04:18    -2397.647871        0.141784
MDMin:  186 20:04:21    -2397.647873        0.141026
MDMin:  187 20:04:23    -2397.647874        0.140229
MDMin:  188 20:04:24    -2397.647875        0.139391
MDMin:  189 20:04:25    -2397.647877        0.138509
MDMin:  190 20:04:27    -2397.647879        0.137583
MDMin:  191 20:04:28    -2397.647880        0.136611
MDMin:  192 20:04:30    -2397.647882        0.135590
MDMin:  193 20:04:32    -2397.647883        0.134520
MDMin:  194 20:04:33    -2397.647885        0.133399
MDMin:  195 20:04:35    -2397.647887        0.132225
MDMin:  196 20:04:37    -2397.647888        0.130996
MDMin:  197 20:04:38    -2397.647890        0.129713
MDMin:  198 20:04:40    -2397.647892        0.128503
MDMin:  199 20:04:42    -2397.647894        0.129040
MDMin:  200 20:04:44    -2397.647895        0.129573
MDMin:  201 20:04:46    -2397.647897        0.130098
MDMin:  202 20:04:48    -2397.647899        0.130613
MDMin:  203 20:04:50    -2397.647901        0.131114
MDMin:  204 20:04:52    -2397.647903        0.131598
MDMin:  205 20:04:53    -2397.647904        0.132060
MDMin:  206 20:04:55    -2397.647906        0.132497
MDMin:  207 20:04:56    -2397.647908        0.132906
MDMin:  208 20:04:58    -2397.647910        0.133281
MDMin:  209 20:04:59    -2397.647912        0.133618
MDMin:  210 20:05:01    -2397.647914        0.133914
MDMin:  211 20:05:03    -2397.647916        0.134164
MDMin:  212 20:05:04    -2397.647918        0.134364
MDMin:  213 20:05:06    -2397.647920        0.134510
MDMin:  214 20:05:07    -2397.647922        0.134599
MDMin:  215 20:05:09    -2397.647924        0.134626
MDMin:  216 20:05:10    -2397.647926        0.134589
MDMin:  217 20:05:12    -2397.647928        0.134937
MDMin:  218 20:05:14    -2397.647930        0.136379
MDMin:  219 20:05:16    -2397.647932        0.137796
MDMin:  220 20:05:18    -2397.647934        0.139177
MDMin:  221 20:05:20    -2397.647936        0.140510
MDMin:  222 20:05:22    -2397.647938        0.141785
MDMin:  223 20:05:24    -2397.647940        0.142987
MDMin:  224 20:05:26    -2397.647942        0.144104
MDMin:  225 20:05:28    -2397.647944        0.145122
MDMin:  226 20:05:29    -2397.647946        0.146028
MDMin:  227 20:05:30    -2397.647948        0.146806
MDMin:  228 20:05:32    -2397.647950        0.147442
MDMin:  229 20:05:33    -2397.647952        0.147923
MDMin:  230 20:05:34    -2397.647954        0.148235
MDMin:  231 20:05:36    -2397.647955        0.148365
MDMin:  232 20:05:37    -2397.647957        0.148302
MDMin:  233 20:05:38    -2397.647959        0.148036
MDMin:  234 20:05:39    -2397.647961        0.147560
MDMin:  235 20:05:41    -2397.647963        0.146870
MDMin:  236 20:05:42    -2397.647965        0.145962
MDMin:  237 20:05:43    -2397.647967        0.144840
MDMin:  238 20:05:45    -2397.647969        0.143509
MDMin:  239 20:05:47    -2397.647971        0.141979
MDMin:  240 20:05:48    -2397.647973        0.140264
MDMin:  241 20:05:50    -2397.647975        0.138383
MDMin:  242 20:05:51    -2397.647977        0.138516
MDMin:  243 20:05:53    -2397.647979        0.139229
MDMin:  244 20:05:55    -2397.647981        0.139997
MDMin:  245 20:05:57    -2397.647983        0.140839
MDMin:  246 20:05:59    -2397.647985        0.141774
MDMin:  247 20:06:01    -2397.647987        0.142820
MDMin:  248 20:06:02    -2397.647989        0.143994
MDMin:  249 20:06:04    -2397.647991        0.145312
MDMin:  250 20:06:06    -2397.647993        0.146787
MDMin:  251 20:06:07    -2397.647995        0.148431
MDMin:  252 20:06:09    -2397.647997        0.150249
MDMin:  253 20:06:11    -2397.647998        0.152242
MDMin:  254 20:06:13    -2397.648000        0.154399
MDMin:  255 20:06:15    -2397.648002        0.156700
MDMin:  256 20:06:16    -2397.648004        0.159105
MDMin:  257 20:06:18    -2397.648006        0.161558
MDMin:  258 20:06:20    -2397.648008        0.163981
MDMin:  259 20:06:22    -2397.648010        0.166279
MDMin:  260 20:06:23    -2397.648011        0.168341
MDMin:  261 20:06:25    -2397.648013        0.170055
MDMin:  262 20:06:26    -2397.648015        0.171324
MDMin:  263 20:06:27    -2397.648017        0.172081
MDMin:  264 20:06:29    -2397.648018        0.172308
MDMin:  265 20:06:31    -2397.648020        0.172031
MDMin:  266 20:06:33    -2397.648022        0.171313
MDMin:  267 20:06:35    -2397.648023        0.170283
MDMin:  268 20:06:37    -2397.648024        0.169170
MDMin:  269 20:06:39    -2397.648025        0.168339
MDMin:  270 20:06:41    -2397.648026        0.167607
MDMin:  271 20:06:42    -2397.648027        0.166849
MDMin:  272 20:06:43    -2397.648027        0.166031
MDMin:  273 20:06:45    -2397.648028        0.165150
MDMin:  274 20:06:46    -2397.648029        0.164202
MDMin:  275 20:06:48    -2397.648029        0.163184
MDMin:  276 20:06:50    -2397.648030        0.162092
MDMin:  277 20:06:51    -2397.648031        0.160924
MDMin:  278 20:06:53    -2397.648031        0.159675
MDMin:  279 20:06:55    -2397.648032        0.158341
MDMin:  280 20:06:57    -2397.648033        0.156919
MDMin:  281 20:06:59    -2397.648034        0.155406
MDMin:  282 20:07:01    -2397.648034        0.153797
MDMin:  283 20:07:02    -2397.648035        0.152089
MDMin:  284 20:07:05    -2397.648036        0.150278
MDMin:  285 20:07:07    -2397.648037        0.148363
MDMin:  286 20:07:09    -2397.648037        0.146341
MDMin:  287 20:07:10    -2397.648038        0.144208
MDMin:  288 20:07:12    -2397.648039        0.141965
MDMin:  289 20:07:14    -2397.648040        0.139610
MDMin:  290 20:07:17    -2397.648041        0.137142
MDMin:  291 20:07:18    -2397.648041        0.134563
MDMin:  292 20:07:20    -2397.648042        0.133195
MDMin:  293 20:07:22    -2397.648043        0.133329
MDMin:  294 20:07:23    -2397.648044        0.133399
MDMin:  295 20:07:25    -2397.648045        0.133400
MDMin:  296 20:07:27    -2397.648046        0.133325
MDMin:  297 20:07:29    -2397.648047        0.133171
MDMin:  298 20:07:30    -2397.648047        0.132932
MDMin:  299 20:07:31    -2397.648048        0.132604
MDMin:  300 20:07:33    -2397.648049        0.132183
MDMin:  301 20:07:35    -2397.648050        0.131666
MDMin:  302 20:07:37    -2397.648051        0.131049
MDMin:  303 20:07:39    -2397.648052        0.130331
MDMin:  304 20:07:41    -2397.648053        0.129511
MDMin:  305 20:07:43    -2397.648054        0.128588
MDMin:  306 20:07:44    -2397.648055        0.127564
MDMin:  307 20:07:45    -2397.648056        0.126441
MDMin:  308 20:07:46    -2397.648057        0.125223
MDMin:  309 20:07:48    -2397.648058        0.123916
MDMin:  310 20:07:49    -2397.648059        0.122532
MDMin:  311 20:07:50    -2397.648060        0.121102
MDMin:  312 20:07:52    -2397.648060        0.119737
MDMin:  313 20:07:53    -2397.648061        0.118703
MDMin:  314 20:07:55    -2397.648061        0.118052
MDMin:  315 20:07:57    -2397.648062        0.117450
MDMin:  316 20:07:58    -2397.648062        0.116837
MDMin:  317 20:08:00    -2397.648063        0.116206
MDMin:  318 20:08:02    -2397.648063        0.115559
MDMin:  319 20:08:04    -2397.648063        0.114895
MDMin:  320 20:08:06    -2397.648064        0.114216
MDMin:  321 20:08:08    -2397.648064        0.113520
MDMin:  322 20:08:10    -2397.648064        0.112811
MDMin:  323 20:08:12    -2397.648065        0.112087
MDMin:  324 20:08:14    -2397.648065        0.111350
MDMin:  325 20:08:16    -2397.648066        0.110602
MDMin:  326 20:08:18    -2397.648066        0.109843
MDMin:  327 20:08:20    -2397.648067        0.109074
MDMin:  328 20:08:22    -2397.648067        0.108296
MDMin:  329 20:08:24    -2397.648068        0.107510
MDMin:  330 20:08:26    -2397.648068        0.106718
MDMin:  331 20:08:28    -2397.648068        0.105921
MDMin:  332 20:08:30    -2397.648069        0.105120
MDMin:  333 20:08:32    -2397.648069        0.104316
MDMin:  334 20:08:34    -2397.648070        0.103510
MDMin:  335 20:08:36    -2397.648070        0.102703
MDMin:  336 20:08:37    -2397.648071        0.102065
MDMin:  337 20:08:39    -2397.648071        0.101599
MDMin:  338 20:08:41    -2397.648072        0.101166
MDMin:  339 20:08:43    -2397.648072        0.100768
MDMin:  340 20:08:45    -2397.648073        0.100409
MDMin:  341 20:08:46    -2397.648073        0.100906
MDMin:  342 20:08:47    -2397.648074        0.101393
MDMin:  343 20:08:49    -2397.648074        0.101833
MDMin:  344 20:08:50    -2397.648075        0.102214
MDMin:  345 20:08:52    -2397.648075        0.102526
MDMin:  346 20:08:53    -2397.648076        0.102754
MDMin:  347 20:08:55    -2397.648076        0.102884
MDMin:  348 20:08:57    -2397.648077        0.102900
MDMin:  349 20:09:00    -2397.648077        0.102786
MDMin:  350 20:09:02    -2397.648078        0.102525
MDMin:  351 20:09:04    -2397.648078        0.102098
MDMin:  352 20:09:05    -2397.648079        0.101491
MDMin:  353 20:09:07    -2397.648079        0.100687
MDMin:  354 20:09:09    -2397.648080        0.101028
MDMin:  355 20:09:10    -2397.648080        0.101537
MDMin:  356 20:09:12    -2397.648081        0.102108
MDMin:  357 20:09:13    -2397.648081        0.102739
MDMin:  358 20:09:14    -2397.648082        0.103428
MDMin:  359 20:09:16    -2397.648082        0.104172
MDMin:  360 20:09:18    -2397.648083        0.104968
MDMin:  361 20:09:20    -2397.648083        0.105814
MDMin:  362 20:09:21    -2397.648084        0.107501
MDMin:  363 20:09:23    -2397.648084        0.110460
MDMin:  364 20:09:25    -2397.648085        0.113325
MDMin:  365 20:09:26    -2397.648085        0.116038
MDMin:  366 20:09:27    -2397.648086        0.118534
MDMin:  367 20:09:28    -2397.648086        0.120745
MDMin:  368 20:09:30    -2397.648087        0.124730
MDMin:  369 20:09:32    -2397.648087        0.128611
MDMin:  370 20:09:34    -2397.648088        0.132324
MDMin:  371 20:09:36    -2397.648088        0.135836
MDMin:  372 20:09:38    -2397.648088        0.139120
MDMin:  373 20:09:40    -2397.648089        0.142163
MDMin:  374 20:09:42    -2397.648089        0.144966
MDMin:  375 20:09:44    -2397.648090        0.147541
MDMin:  376 20:09:46    -2397.648090        0.149914
MDMin:  377 20:09:47    -2397.648091        0.152118
MDMin:  378 20:09:49    -2397.648091        0.154193
MDMin:  379 20:09:51    -2397.648091        0.156182
MDMin:  380 20:09:53    -2397.648092        0.158129
MDMin:  381 20:09:55    -2397.648092        0.160074
MDMin:  382 20:09:57    -2397.648093        0.162057
MDMin:  383 20:09:59    -2397.648093        0.164112
MDMin:  384 20:10:02    -2397.648094        0.166265
MDMin:  385 20:10:04    -2397.648094        0.168525
MDMin:  386 20:10:06    -2397.648094        0.170859
MDMin:  387 20:10:08    -2397.648095        0.173128
MDMin:  388 20:10:09    -2397.648095        0.175078
MDMin:  389 20:10:11    -2397.648095        0.176650
MDMin:  390 20:10:14    -2397.648096        0.178096
MDMin:  391 20:10:16    -2397.648096        0.179561
MDMin:  392 20:10:18    -2397.648096        0.181073
MDMin:  393 20:10:19    -2397.648096        0.182631
MDMin:  394 20:10:21    -2397.648096        0.184227
MDMin:  395 20:10:23    -2397.648097        0.185845
MDMin:  396 20:10:25    -2397.648097        0.187469
MDMin:  397 20:10:27    -2397.648097        0.189075
MDMin:  398 20:10:28    -2397.648097        0.190633
MDMin:  399 20:10:30    -2397.648097        0.192106
MDMin:  400 20:10:32    -2397.648098        0.193452
MDMin:  401 20:10:33    -2397.648098        0.194622
MDMin:  402 20:10:35    -2397.648098        0.195558
MDMin:  403 20:10:37    -2397.648098        0.196201
MDMin:  404 20:10:38    -2397.648099        0.196489
MDMin:  405 20:10:40    -2397.648099        0.196361
MDMin:  406 20:10:42    -2397.648099        0.195765
MDMin:  407 20:10:44    -2397.648099        0.194658
MDMin:  408 20:10:46    -2397.648099        0.193018
MDMin:  409 20:10:48    -2397.648100        0.190843
MDMin:  410 20:10:50    -2397.648100        0.188155
MDMin:  411 20:10:51    -2397.648100        0.184997
MDMin:  412 20:10:52    -2397.648100        0.181429
MDMin:  413 20:10:53    -2397.648101        0.177518
MDMin:  414 20:10:55    -2397.648101        0.173331
MDMin:  415 20:10:56    -2397.648101        0.168928
MDMin:  416 20:10:57    -2397.648101        0.164356
MDMin:  417 20:10:59    -2397.648102        0.159652
MDMin:  418 20:11:00    -2397.648102        0.154844
MDMin:  419 20:11:02    -2397.648102        0.149957
MDMin:  420 20:11:04    -2397.648102        0.145010
MDMin:  421 20:11:06    -2397.648103        0.140024
MDMin:  422 20:11:08    -2397.648103        0.135022
MDMin:  423 20:11:09    -2397.648103        0.130023
MDMin:  424 20:11:11    -2397.648103        0.125048
MDMin:  425 20:11:13    -2397.648104        0.120115
MDMin:  426 20:11:15    -2397.648104        0.116722
MDMin:  427 20:11:16    -2397.648104        0.115066
MDMin:  428 20:11:18    -2397.648105        0.113349
MDMin:  429 20:11:20    -2397.648105        0.111571
MDMin:  430 20:11:22    -2397.648105        0.109727
MDMin:  431 20:11:24    -2397.648106        0.107811
MDMin:  432 20:11:26    -2397.648106        0.107659
MDMin:  433 20:11:28    -2397.648106        0.107591
MDMin:  434 20:11:30    -2397.648107        0.107179
MDMin:  435 20:11:32    -2397.648107        0.106354
MDMin:  436 20:11:34    -2397.648107        0.105046
MDMin:  437 20:11:36    -2397.648108        0.103188
MDMin:  438 20:11:38    -2397.648108        0.100728
MDMin:  439 20:11:39    -2397.648108        0.100865
MDMin:  440 20:11:41    -2397.648108        0.101689
MDMin:  441 20:11:42    -2397.648109        0.101994
MDMin:  442 20:11:44    -2397.648109        0.102033
MDMin:  443 20:11:45    -2397.648109        0.102060
MDMin:  444 20:11:46    -2397.648109        0.102073
MDMin:  445 20:11:48    -2397.648109        0.102068
MDMin:  446 20:11:50    -2397.648109        0.102041
MDMin:  447 20:11:52    -2397.648109        0.101989
MDMin:  448 20:11:54    -2397.648109        0.101902
MDMin:  449 20:11:55    -2397.648109        0.101774
MDMin:  450 20:11:56    -2397.648110        0.101596
MDMin:  451 20:11:58    -2397.648110        0.101358
MDMin:  452 20:12:00    -2397.648110        0.101047
MDMin:  453 20:12:02    -2397.648110        0.100651
MDMin:  454 20:12:04    -2397.648110        0.100157
MDMin:  455 20:12:06    -2397.648110        0.099549
MDMin:  456 20:12:08    -2397.648110        0.098810
MDMin:  457 20:12:10    -2397.648110        0.097923
MDMin:  458 20:12:12    -2397.648111        0.096871
MDMin:  459 20:12:13    -2397.648111        0.095636
MDMin:  460 20:12:14    -2397.648111        0.094199
MDMin:  461 20:12:16    -2397.648111        0.092542
MDMin:  462 20:12:18    -2397.648111        0.090651
MDMin:  463 20:12:20    -2397.648111        0.088510
MDMin:  464 20:12:21    -2397.648111        0.086108
MDMin:  465 20:12:23    -2397.648112        0.083436
MDMin:  466 20:12:24    -2397.648112        0.080490
MDMin:  467 20:12:26    -2397.648112        0.077270
MDMin:  468 20:12:27    -2397.648112        0.073782
MDMin:  469 20:12:29    -2397.648112        0.070039
MDMin:  470 20:12:31    -2397.648112        0.066060
MDMin:  471 20:12:32    -2397.648113        0.061870
MDMin:  472 20:12:34    -2397.648113        0.057504
MDMin:  473 20:12:36    -2397.648113        0.055625
MDMin:  474 20:12:37    -2397.648113        0.055514
MDMin:  475 20:12:39    -2397.648113        0.055395
MDMin:  476 20:12:40    -2397.648114        0.055270
MDMin:  477 20:12:41    -2397.648114        0.055137
MDMin:  478 20:12:43    -2397.648114        0.054997
MDMin:  479 20:12:44    -2397.648114        0.054849
MDMin:  480 20:12:47    -2397.648115        0.054694
MDMin:  481 20:12:49    -2397.648115        0.054531
MDMin:  482 20:12:51    -2397.648115        0.054360
MDMin:  483 20:12:53    -2397.648115        0.054182
MDMin:  484 20:12:55    -2397.648115        0.054535
MDMin:  485 20:12:57    -2397.648116        0.055356
MDMin:  486 20:12:59    -2397.648116        0.056237
MDMin:  487 20:13:01    -2397.648116        0.057179
MDMin:  488 20:13:02    -2397.648116        0.058182
MDMin:  489 20:13:04    -2397.648117        0.059248
MDMin:  490 20:13:06    -2397.648117        0.060379
MDMin:  491 20:13:07    -2397.648117        0.061576
MDMin:  492 20:13:08    -2397.648117        0.062839
MDMin:  493 20:13:09    -2397.648117        0.064171
MDMin:  494 20:13:11    -2397.648118        0.065571
MDMin:  495 20:13:12    -2397.648118        0.067038
MDMin:  496 20:13:13    -2397.648118        0.068574
MDMin:  497 20:13:15    -2397.648118        0.070175
MDMin:  498 20:13:17    -2397.648118        0.071838
MDMin:  499 20:13:20    -2397.648119        0.073535
MDMin:  500 20:13:21    -2397.648119        0.075151
MDMin:  501 20:13:23    -2397.648119        0.076356
MDMin:  502 20:13:25    -2397.648119        0.077065
MDMin:  503 20:13:26    -2397.648119        0.077723
MDMin:  504 20:13:28    -2397.648119        0.078403
MDMin:  505 20:13:30    -2397.648119        0.079106
MDMin:  506 20:13:31    -2397.648119        0.079832
MDMin:  507 20:13:33    -2397.648119        0.080579
MDMin:  508 20:13:35    -2397.648119        0.081349
MDMin:  509 20:13:37    -2397.648120        0.082141
MDMin:  510 20:13:39    -2397.648120        0.082954
MDMin:  511 20:13:42    -2397.648120        0.083789
MDMin:  512 20:13:44    -2397.648120        0.084645
MDMin:  513 20:13:46    -2397.648120        0.085521
MDMin:  514 20:13:47    -2397.648120        0.086418
MDMin:  515 20:13:49    -2397.648120        0.087333
MDMin:  516 20:13:51    -2397.648120        0.088268
MDMin:  517 20:13:52    -2397.648120        0.089219
MDMin:  518 20:13:54    -2397.648120        0.090188
MDMin:  519 20:13:56    -2397.648120        0.091171
MDMin:  520 20:13:57    -2397.648120        0.092169
MDMin:  521 20:13:58    -2397.648120        0.093178
MDMin:  522 20:13:59    -2397.648121        0.094197
MDMin:  523 20:14:01    -2397.648121        0.095225
MDMin:  524 20:14:02    -2397.648121        0.096257
MDMin:  525 20:14:04    -2397.648121        0.097292
MDMin:  526 20:14:06    -2397.648121        0.098327
MDMin:  527 20:14:08    -2397.648121        0.099358
MDMin:  528 20:14:11    -2397.648121        0.100381
MDMin:  529 20:14:12    -2397.648121        0.101391
MDMin:  530 20:14:13    -2397.648121        0.102385
MDMin:  531 20:14:15    -2397.648121        0.103357
MDMin:  532 20:14:16    -2397.648121        0.104301
MDMin:  533 20:14:19    -2397.648121        0.105211
MDMin:  534 20:14:21    -2397.648122        0.106079
MDMin:  535 20:14:22    -2397.648122        0.106900
MDMin:  536 20:14:24    -2397.648122        0.107663
MDMin:  537 20:14:25    -2397.648122        0.108362
MDMin:  538 20:14:26    -2397.648122        0.108986
MDMin:  539 20:14:28    -2397.648122        0.109525
MDMin:  540 20:14:30    -2397.648122        0.109969
MDMin:  541 20:14:32    -2397.648122        0.110306
MDMin:  542 20:14:35    -2397.648122        0.110526
MDMin:  543 20:14:37    -2397.648122        0.110616
MDMin:  544 20:14:39    -2397.648122        0.110564
MDMin:  545 20:14:41    -2397.648122        0.110358
MDMin:  546 20:14:43    -2397.648123        0.109988
MDMin:  547 20:14:45    -2397.648123        0.109442
MDMin:  548 20:14:47    -2397.648123        0.108713
MDMin:  549 20:14:49    -2397.648123        0.107794
MDMin:  550 20:14:51    -2397.648123        0.106682
MDMin:  551 20:14:53    -2397.648123        0.106734
MDMin:  552 20:14:55    -2397.648123        0.108187
MDMin:  553 20:14:57    -2397.648123        0.109733
MDMin:  554 20:14:58    -2397.648123        0.111377
MDMin:  555 20:15:00    -2397.648123        0.113119
MDMin:  556 20:15:03    -2397.648123        0.114959
MDMin:  557 20:15:05    -2397.648124        0.116887
MDMin:  558 20:15:07    -2397.648124        0.118890
MDMin:  559 20:15:09    -2397.648124        0.120946
MDMin:  560 20:15:10    -2397.648124        0.123022
MDMin:  561 20:15:12    -2397.648124        0.125076
MDMin:  562 20:15:13    -2397.648124        0.127056
MDMin:  563 20:15:14    -2397.648124        0.128901
MDMin:  564 20:15:16    -2397.648124        0.130540
MDMin:  565 20:15:17    -2397.648124        0.131898
MDMin:  566 20:15:18    -2397.648124        0.132895
MDMin:  567 20:15:20    -2397.648125        0.133450
MDMin:  568 20:15:22    -2397.648125        0.133482
MDMin:  569 20:15:24    -2397.648125        0.132913
MDMin:  570 20:15:26    -2397.648125        0.131673
MDMin:  571 20:15:28    -2397.648125        0.129696
MDMin:  572 20:15:29    -2397.648125        0.126927
MDMin:  573 20:15:30    -2397.648125        0.123322
MDMin:  574 20:15:32    -2397.648125        0.118855
MDMin:  575 20:15:33    -2397.648125        0.113515
MDMin:  576 20:15:35    -2397.648125        0.107320
MDMin:  577 20:15:37    -2397.648126        0.100321
MDMin:  578 20:15:39    -2397.648126        0.092615
MDMin:  579 20:15:41    -2397.648126        0.084349
MDMin:  580 20:15:43    -2397.648126        0.075727
MDMin:  581 20:15:45    -2397.648126        0.067005
MDMin:  582 20:15:47    -2397.648126        0.058472
MDMin:  583 20:15:49    -2397.648126        0.054175
MDMin:  584 20:15:51    -2397.648126        0.051501
MDMin:  585 20:15:52    -2397.648126        0.052251
MDMin:  586 20:15:54    -2397.648127        0.053560
MDMin:  587 20:15:55    -2397.648127        0.055240
MDMin:  588 20:15:56    -2397.648127        0.057305
MDMin:  589 20:15:57    -2397.648127        0.059753
MDMin:  590 20:15:59    -2397.648127        0.062570
MDMin:  591 20:16:00    -2397.648127        0.065731
MDMin:  592 20:16:02    -2397.648128        0.069202
MDMin:  593 20:16:04    -2397.648128        0.072945
MDMin:  594 20:16:06    -2397.648128        0.076906
MDMin:  595 20:16:08    -2397.648128        0.080893
MDMin:  596 20:16:09    -2397.648128        0.091003
MDMin:  597 20:16:10    -2397.648128        0.084535
MDMin:  598 20:16:13    -2397.648128        0.085431
MDMin:  599 20:16:15    -2397.648128        0.086370
MDMin:  600 20:16:17    -2397.648128        0.087341
MDMin:  601 20:16:19    -2397.648128        0.088344
MDMin:  602 20:16:21    -2397.648128        0.089378
MDMin:  603 20:16:23    -2397.648128        0.090443
MDMin:  604 20:16:25    -2397.648128        0.091539
MDMin:  605 20:16:27    -2397.648128        0.092665
MDMin:  606 20:16:28    -2397.648128        0.093822
MDMin:  607 20:16:29    -2397.648128        0.095007
MDMin:  608 20:16:31    -2397.648128        0.096221
MDMin:  609 20:16:32    -2397.648128        0.097463
MDMin:  610 20:16:33    -2397.648129        0.098731
MDMin:  611 20:16:34    -2397.648129        0.100024
MDMin:  612 20:16:36    -2397.648129        0.101342
MDMin:  613 20:16:37    -2397.648129        0.102682
MDMin:  614 20:16:38    -2397.648129        0.104044
MDMin:  615 20:16:39    -2397.648129        0.105425
MDMin:  616 20:16:41    -2397.648129        0.106824
MDMin:  617 20:16:42    -2397.648129        0.108239
MDMin:  618 20:16:44    -2397.648129        0.109667
MDMin:  619 20:16:45    -2397.648129        0.111106
MDMin:  620 20:16:47    -2397.648129        0.112554
MDMin:  621 20:16:49    -2397.648129        0.114008
MDMin:  622 20:16:51    -2397.648129        0.115466
MDMin:  623 20:16:52    -2397.648129        0.116923
MDMin:  624 20:16:53    -2397.648129        0.118377
MDMin:  625 20:16:55    -2397.648129        0.119825
MDMin:  626 20:16:56    -2397.648129        0.121263
MDMin:  627 20:16:57    -2397.648129        0.122687
MDMin:  628 20:16:58    -2397.648129        0.124094
MDMin:  629 20:17:00    -2397.648129        0.125479
MDMin:  630 20:17:01    -2397.648129        0.126839
MDMin:  631 20:17:03    -2397.648129        0.128169
MDMin:  632 20:17:04    -2397.648129        0.129464
MDMin:  633 20:17:05    -2397.648129        0.130722
MDMin:  634 20:17:07    -2397.648129        0.131936
MDMin:  635 20:17:08    -2397.648130        0.133102
MDMin:  636 20:17:10    -2397.648130        0.134215
MDMin:  637 20:17:11    -2397.648130        0.135272
MDMin:  638 20:17:14    -2397.648130        0.136266
MDMin:  639 20:17:15    -2397.648130        0.137194
MDMin:  640 20:17:16    -2397.648130        0.138050
MDMin:  641 20:17:18    -2397.648130        0.138830
MDMin:  642 20:17:19    -2397.648130        0.139530
MDMin:  643 20:17:20    -2397.648130        0.140146
MDMin:  644 20:17:22    -2397.648130        0.140672
MDMin:  645 20:17:24    -2397.648130        0.141105
MDMin:  646 20:17:26    -2397.648130        0.141442
MDMin:  647 20:17:28    -2397.648130        0.141679
MDMin:  648 20:17:30    -2397.648130        0.141813
MDMin:  649 20:17:32    -2397.648130        0.141841
MDMin:  650 20:17:34    -2397.648130        0.143210
MDMin:  651 20:17:36    -2397.648130        0.145595
MDMin:  652 20:17:38    -2397.648130        0.147964
MDMin:  653 20:17:40    -2397.648130        0.150312
MDMin:  654 20:17:42    -2397.648130        0.152637
MDMin:  655 20:17:43    -2397.648130        0.154932
MDMin:  656 20:17:44    -2397.648131        0.157194
MDMin:  657 20:17:46    -2397.648131        0.159417
MDMin:  658 20:17:47    -2397.648131        0.161597
MDMin:  659 20:17:49    -2397.648131        0.163730
MDMin:  660 20:17:50    -2397.648131        0.165811
MDMin:  661 20:17:52    -2397.648131        0.167835
MDMin:  662 20:17:53    -2397.648131        0.169799
MDMin:  663 20:17:54    -2397.648131        0.171698
MDMin:  664 20:17:55    -2397.648131        0.173528
MDMin:  665 20:17:57    -2397.648131        0.175286
MDMin:  666 20:17:58    -2397.648131        0.176968
MDMin:  667 20:18:00    -2397.648131        0.178571
MDMin:  668 20:18:02    -2397.648131        0.180092
MDMin:  669 20:18:03    -2397.648131        0.181529
MDMin:  670 20:18:04    -2397.648131        0.182879
MDMin:  671 20:18:06    -2397.648131        0.184141
MDMin:  672 20:18:08    -2397.648131        0.185314
MDMin:  673 20:18:10    -2397.648131        0.186398
MDMin:  674 20:18:11    -2397.648131        0.187392
MDMin:  675 20:18:12    -2397.648132        0.188296
MDMin:  676 20:18:13    -2397.648132        0.189112
MDMin:  677 20:18:15    -2397.648132        0.189843
MDMin:  678 20:18:17    -2397.648132        0.190491
MDMin:  679 20:18:18    -2397.648132        0.191060
MDMin:  680 20:18:19    -2397.648132        0.191554
MDMin:  681 20:18:21    -2397.648132        0.191980
MDMin:  682 20:18:23    -2397.648132        0.192345
MDMin:  683 20:18:25    -2397.648132        0.192655
MDMin:  684 20:18:26    -2397.648132        0.192921
MDMin:  685 20:18:28    -2397.648132        0.193151
MDMin:  686 20:18:30    -2397.648132        0.193356
MDMin:  687 20:18:32    -2397.648132        0.193549
MDMin:  688 20:18:34    -2397.648132        0.193743
MDMin:  689 20:18:36    -2397.648132        0.193955
MDMin:  690 20:18:38    -2397.648132        0.194200
MDMin:  691 20:18:41    -2397.648133        0.194500
MDMin:  692 20:18:43    -2397.648133        0.194873
MDMin:  693 20:18:44    -2397.648133        0.195344
MDMin:  694 20:18:46    -2397.648133        0.195937
MDMin:  695 20:18:48    -2397.648133        0.196680
MDMin:  696 20:18:50    -2397.648133        0.197602
MDMin:  697 20:18:52    -2397.648133        0.198734
MDMin:  698 20:18:53    -2397.648133        0.200109
MDMin:  699 20:18:55    -2397.648133        0.201761
MDMin:  700 20:18:58    -2397.648133        0.203724
MDMin:  701 20:18:59    -2397.648133        0.206033
MDMin:  702 20:19:01    -2397.648133        0.208718
MDMin:  703 20:19:03    -2397.648133        0.211809
MDMin:  704 20:19:04    -2397.648133        0.215328
MDMin:  705 20:19:06    -2397.648133        0.219288
MDMin:  706 20:19:07    -2397.648134        0.223690
MDMin:  707 20:19:09    -2397.648134        0.228521
MDMin:  708 20:19:10    -2397.648134        0.233747
MDMin:  709 20:19:11    -2397.648134        0.239313
MDMin:  710 20:19:13    -2397.648134        0.245137
MDMin:  711 20:19:14    -2397.648134        0.251110
MDMin:  712 20:19:16    -2397.648134        0.257094
MDMin:  713 20:19:18    -2397.648134        0.262916
MDMin:  714 20:19:19    -2397.648134        0.268361
MDMin:  715 20:19:21    -2397.648134        0.273146
MDMin:  716 20:19:23    -2397.648134        0.276907
MDMin:  717 20:19:25    -2397.648134        0.279404
MDMin:  718 20:19:27    -2397.648134        0.280961
MDMin:  719 20:19:29    -2397.648134        0.282085
MDMin:  720 20:19:32    -2397.648134        0.282914
MDMin:  721 20:19:33    -2397.648134        0.283442
MDMin:  722 20:19:35    -2397.648134        0.283642
MDMin:  723 20:19:37    -2397.648134        0.283483
MDMin:  724 20:19:39    -2397.648134        0.282937
MDMin:  725 20:19:42    -2397.648134        0.281979
MDMin:  726 20:19:44    -2397.648134        0.280588
MDMin:  727 20:19:46    -2397.648135        0.278744
MDMin:  728 20:19:47    -2397.648135        0.276435
MDMin:  729 20:19:49    -2397.648135        0.273653
MDMin:  730 20:19:51    -2397.648135        0.270396
MDMin:  731 20:19:53    -2397.648135        0.266668
MDMin:  732 20:19:54    -2397.648135        0.262480
MDMin:  733 20:19:57    -2397.648135        0.257850
MDMin:  734 20:19:58    -2397.648135        0.252802
MDMin:  735 20:20:00    -2397.648135        0.247366
MDMin:  736 20:20:02    -2397.648135        0.241571
MDMin:  737 20:20:04    -2397.648135        0.235453
MDMin:  738 20:20:06    -2397.648135        0.229050
MDMin:  739 20:20:08    -2397.648135        0.222402
MDMin:  740 20:20:10    -2397.648135        0.215549
MDMin:  741 20:20:12    -2397.648135        0.208532
MDMin:  742 20:20:14    -2397.648135        0.201391
MDMin:  743 20:20:17    -2397.648135        0.194166
MDMin:  744 20:20:19    -2397.648135        0.186892
MDMin:  745 20:20:21    -2397.648135        0.179606
MDMin:  746 20:20:23    -2397.648135        0.172342
MDMin:  747 20:20:25    -2397.648135        0.165132
MDMin:  748 20:20:27    -2397.648135        0.158004
MDMin:  749 20:20:28    -2397.648135        0.150987
MDMin:  750 20:20:30    -2397.648135        0.144108
MDMin:  751 20:20:32    -2397.648135        0.137390
MDMin:  752 20:20:34    -2397.648136        0.130855
MDMin:  753 20:20:36    -2397.648136        0.124525
MDMin:  754 20:20:37    -2397.648136        0.118417
MDMin:  755 20:20:39    -2397.648136        0.118122
MDMin:  756 20:20:41    -2397.648136        0.120140
MDMin:  757 20:20:43    -2397.648136        0.122313
MDMin:  758 20:20:44    -2397.648136        0.124647
MDMin:  759 20:20:46    -2397.648136        0.127118
MDMin:  760 20:20:47    -2397.648136        0.129566
MDMin:  761 20:20:49    -2397.648136        0.131453
MDMin:  762 20:20:51    -2397.648136        0.132526
MDMin:  763 20:20:53    -2397.648136        0.133538
MDMin:  764 20:20:55    -2397.648136        0.134593
MDMin:  765 20:20:57    -2397.648136        0.135694
MDMin:  766 20:20:59    -2397.648136        0.136844
MDMin:  767 20:21:01    -2397.648136        0.138043
MDMin:  768 20:21:03    -2397.648136        0.139291
MDMin:  769 20:21:04    -2397.648136        0.140590
MDMin:  770 20:21:05    -2397.648136        0.141940
MDMin:  771 20:21:06    -2397.648136        0.143342
MDMin:  772 20:21:08    -2397.648136        0.144796
MDMin:  773 20:21:11    -2397.648136        0.146303
MDMin:  774 20:21:13    -2397.648136        0.147862
MDMin:  775 20:21:15    -2397.648136        0.149475
MDMin:  776 20:21:17    -2397.648136        0.151140
MDMin:  777 20:21:19    -2397.648136        0.152858
MDMin:  778 20:21:20    -2397.648136        0.154626
MDMin:  779 20:21:22    -2397.648136        0.156445
MDMin:  780 20:21:24    -2397.648136        0.158312
MDMin:  781 20:21:25    -2397.648137        0.160226
MDMin:  782 20:21:27    -2397.648137        0.162183
MDMin:  783 20:21:29    -2397.648137        0.164182
MDMin:  784 20:21:31    -2397.648137        0.166217
MDMin:  785 20:21:33    -2397.648137        0.168285
MDMin:  786 20:21:34    -2397.648137        0.170379
MDMin:  787 20:21:37    -2397.648137        0.172493
MDMin:  788 20:21:39    -2397.648137        0.174620
MDMin:  789 20:21:40    -2397.648137        0.176750
MDMin:  790 20:21:41    -2397.648137        0.178872
MDMin:  791 20:21:43    -2397.648137        0.180975
MDMin:  792 20:21:44    -2397.648137        0.183045
MDMin:  793 20:21:45    -2397.648137        0.185066
MDMin:  794 20:21:46    -2397.648137        0.187021
MDMin:  795 20:21:48    -2397.648137        0.188889
MDMin:  796 20:21:49    -2397.648137        0.190651
MDMin:  797 20:21:50    -2397.648137        0.192282
MDMin:  798 20:21:52    -2397.648137        0.193758
MDMin:  799 20:21:53    -2397.648137        0.195057
MDMin:  800 20:21:54    -2397.648137        0.196153
MDMin:  801 20:21:56    -2397.648137        0.197019
MDMin:  802 20:21:58    -2397.648137        0.197628
MDMin:  803 20:22:00    -2397.648137        0.197955
MDMin:  804 20:22:02    -2397.648137        0.197976
MDMin:  805 20:22:04    -2397.648137        0.197674
MDMin:  806 20:22:06    -2397.648137        0.197034
MDMin:  807 20:22:08    -2397.648137        0.196050
MDMin:  808 20:22:10    -2397.648137        0.194722
MDMin:  809 20:22:12    -2397.648137        0.193062
MDMin:  810 20:22:14    -2397.648137        0.191088
MDMin:  811 20:22:16    -2397.648137        0.188832
MDMin:  812 20:22:17    -2397.648138        0.186332
MDMin:  813 20:22:19    -2397.648138        0.183637
MDMin:  814 20:22:21    -2397.648138        0.180804
MDMin:  815 20:22:23    -2397.648138        0.177891
MDMin:  816 20:22:25    -2397.648138        0.174961
MDMin:  817 20:22:26    -2397.648138        0.172076
MDMin:  818 20:22:28    -2397.648138        0.169295
MDMin:  819 20:22:29    -2397.648138        0.166669
MDMin:  820 20:22:30    -2397.648138        0.164246
MDMin:  821 20:22:31    -2397.648138        0.162065
MDMin:  822 20:22:33    -2397.648138        0.160158
MDMin:  823 20:22:34    -2397.648138        0.158551
MDMin:  824 20:22:35    -2397.648138        0.157263
MDMin:  825 20:22:36    -2397.648138        0.156306
MDMin:  826 20:22:38    -2397.648138        0.155696
MDMin:  827 20:22:39    -2397.648138        0.155444
MDMin:  828 20:22:40    -2397.648138        0.155557
MDMin:  829 20:22:41    -2397.648138        0.156048
MDMin:  830 20:22:43    -2397.648138        0.156944
MDMin:  831 20:22:45    -2397.648138        0.158257
MDMin:  832 20:22:47    -2397.648138        0.159999
MDMin:  833 20:22:49    -2397.648138        0.162189
MDMin:  834 20:22:51    -2397.648138        0.164847
MDMin:  835 20:22:53    -2397.648138        0.167996
MDMin:  836 20:22:54    -2397.648138        0.171659
MDMin:  837 20:22:57    -2397.648139        0.175857
MDMin:  838 20:22:59    -2397.648139        0.180600
MDMin:  839 20:23:01    -2397.648139        0.185884
MDMin:  840 20:23:03    -2397.648139        0.191675
MDMin:  841 20:23:05    -2397.648139        0.197891
MDMin:  842 20:23:07    -2397.648139        0.204383
MDMin:  843 20:23:10    -2397.648139        0.210905
MDMin:  844 20:23:12    -2397.648139        0.217097
MDMin:  845 20:23:14    -2397.648139        0.222472
MDMin:  846 20:23:16    -2397.648139        0.226434
MDMin:  847 20:23:18    -2397.648139        0.228354
MDMin:  848 20:23:20    -2397.648139        0.227707
MDMin:  849 20:23:22    -2397.648139        0.224266
MDMin:  850 20:23:24    -2397.648139        0.218299
MDMin:  851 20:23:26    -2397.648139        0.210624
MDMin:  852 20:23:28    -2397.648139        0.202434
MDMin:  853 20:23:30    -2397.648139        0.194906
MDMin:  854 20:23:32    -2397.648139        0.188836
MDMin:  855 20:23:34    -2397.648139        0.184916
MDMin:  856 20:23:36    -2397.648139        0.189941
MDMin:  857 20:23:38    -2397.648139        0.194612
MDMin:  858 20:23:40    -2397.648139        0.198916
MDMin:  859 20:23:42    -2397.648139        0.202863
MDMin:  860 20:23:44    -2397.648139        0.206460
MDMin:  861 20:23:46    -2397.648139        0.209676
MDMin:  862 20:23:48    -2397.648139        0.212409
MDMin:  863 20:23:50    -2397.648140        0.214563
MDMin:  864 20:23:52    -2397.648140        0.216289
MDMin:  865 20:23:54    -2397.648140        0.217856
MDMin:  866 20:23:56    -2397.648140        0.219386
MDMin:  867 20:23:58    -2397.648140        0.220911
MDMin:  868 20:24:00    -2397.648140        0.222438
MDMin:  869 20:24:02    -2397.648140        0.223969
MDMin:  870 20:24:04    -2397.648140        0.225506
MDMin:  871 20:24:06    -2397.648140        0.227047
MDMin:  872 20:24:07    -2397.648140        0.228592
MDMin:  873 20:24:09    -2397.648140        0.230139
MDMin:  874 20:24:11    -2397.648140        0.231686
MDMin:  875 20:24:13    -2397.648140        0.233230
MDMin:  876 20:24:15    -2397.648140        0.234766
MDMin:  877 20:24:17    -2397.648140        0.236292
MDMin:  878 20:24:20    -2397.648140        0.237800
MDMin:  879 20:24:22    -2397.648140        0.239285
MDMin:  880 20:24:24    -2397.648140        0.240742
MDMin:  881 20:24:26    -2397.648140        0.242162
MDMin:  882 20:24:28    -2397.648140        0.243539
MDMin:  883 20:24:30    -2397.648140        0.244865
MDMin:  884 20:24:32    -2397.648140        0.246132
MDMin:  885 20:24:34    -2397.648140        0.247331
MDMin:  886 20:24:37    -2397.648140        0.248452
MDMin:  887 20:24:39    -2397.648140        0.249486
MDMin:  888 20:24:42    -2397.648140        0.250425
MDMin:  889 20:24:44    -2397.648140        0.251261
MDMin:  890 20:24:46    -2397.648140        0.251986
MDMin:  891 20:24:49    -2397.648140        0.252593
MDMin:  892 20:24:51    -2397.648140        0.253076
MDMin:  893 20:24:53    -2397.648140        0.253429
MDMin:  894 20:24:55    -2397.648140        0.253646
MDMin:  895 20:24:57    -2397.648140        0.253723
MDMin:  896 20:24:59    -2397.648140        0.253656
MDMin:  897 20:25:01    -2397.648140        0.253440
MDMin:  898 20:25:02    -2397.648140        0.253073
MDMin:  899 20:25:04    -2397.648140        0.252552
MDMin:  900 20:25:05    -2397.648140        0.251874
MDMin:  901 20:25:06    -2397.648140        0.251038
MDMin:  902 20:25:08    -2397.648140        0.250044
MDMin:  903 20:25:10    -2397.648141        0.248890
MDMin:  904 20:25:12    -2397.648141        0.247578
MDMin:  905 20:25:14    -2397.648141        0.246107
MDMin:  906 20:25:16    -2397.648141        0.244493
MDMin:  907 20:25:18    -2397.648141        0.242753
MDMin:  908 20:25:20    -2397.648141        0.240895
MDMin:  909 20:25:22    -2397.648141        0.238928
MDMin:  910 20:25:24    -2397.648141        0.236861
MDMin:  911 20:25:26    -2397.648141        0.234704
MDMin:  912 20:25:28    -2397.648141        0.232470
MDMin:  913 20:25:30    -2397.648141        0.230167
MDMin:  914 20:25:32    -2397.648141        0.227806
MDMin:  915 20:25:34    -2397.648141        0.225395
MDMin:  916 20:25:36    -2397.648141        0.222943
MDMin:  917 20:25:38    -2397.648141        0.220458
MDMin:  918 20:25:40    -2397.648141        0.217947
MDMin:  919 20:25:42    -2397.648141        0.215445
MDMin:  920 20:25:44    -2397.648141        0.213121
MDMin:  921 20:25:46    -2397.648141        0.211554
MDMin:  922 20:25:48    -2397.648141        0.210785
MDMin:  923 20:25:50    -2397.648141        0.210002
MDMin:  924 20:25:51    -2397.648141        0.209199
MDMin:  925 20:25:53    -2397.648141        0.208374
MDMin:  926 20:25:55    -2397.648141        0.207526
MDMin:  927 20:25:57    -2397.648141        0.206653
MDMin:  928 20:25:59    -2397.648141        0.205755
MDMin:  929 20:26:01    -2397.648141        0.204830
MDMin:  930 20:26:03    -2397.648141        0.203876
MDMin:  931 20:26:05    -2397.648141        0.202892
MDMin:  932 20:26:08    -2397.648141        0.201876
MDMin:  933 20:26:09    -2397.648141        0.200824
MDMin:  934 20:26:12    -2397.648141        0.199736
MDMin:  935 20:26:13    -2397.648141        0.198608
MDMin:  936 20:26:14    -2397.648141        0.197437
MDMin:  937 20:26:16    -2397.648141        0.196219
MDMin:  938 20:26:18    -2397.648141        0.194951
MDMin:  939 20:26:19    -2397.648141        0.193630
MDMin:  940 20:26:20    -2397.648141        0.192249
MDMin:  941 20:26:22    -2397.648142        0.190806
MDMin:  942 20:26:24    -2397.648142        0.189294
MDMin:  943 20:26:26    -2397.648142        0.187708
MDMin:  944 20:26:28    -2397.648142        0.186043
MDMin:  945 20:26:30    -2397.648142        0.184292
MDMin:  946 20:26:32    -2397.648142        0.182449
MDMin:  947 20:26:34    -2397.648142        0.180507
MDMin:  948 20:26:36    -2397.648142        0.178460
MDMin:  949 20:26:38    -2397.648142        0.176299
MDMin:  950 20:26:40    -2397.648142        0.174018
MDMin:  951 20:26:41    -2397.648142        0.171609
MDMin:  952 20:26:43    -2397.648142        0.169064
MDMin:  953 20:26:44    -2397.648142        0.166377
MDMin:  954 20:26:45    -2397.648142        0.163540
MDMin:  955 20:26:46    -2397.648142        0.160546
MDMin:  956 20:26:48    -2397.648142        0.157389
MDMin:  957 20:26:50    -2397.648142        0.154062
MDMin:  958 20:26:52    -2397.648142        0.150561
MDMin:  959 20:26:54    -2397.648142        0.146881
MDMin:  960 20:26:56    -2397.648142        0.143020
MDMin:  961 20:26:58    -2397.648142        0.138975
MDMin:  962 20:27:00    -2397.648142        0.134752
MDMin:  963 20:27:02    -2397.648142        0.130359
MDMin:  964 20:27:04    -2397.648142        0.125800
MDMin:  965 20:27:06    -2397.648142        0.121079
MDMin:  966 20:27:08    -2397.648142        0.116202
MDMin:  967 20:27:11    -2397.648142        0.111179
MDMin:  968 20:27:13    -2397.648142        0.106021
MDMin:  969 20:27:15    -2397.648142        0.100744
MDMin:  970 20:27:17    -2397.648142        0.095365
MDMin:  971 20:27:19    -2397.648143        0.089903
MDMin:  972 20:27:21    -2397.648143        0.084383
MDMin:  973 20:27:23    -2397.648143        0.078831
MDMin:  974 20:27:25    -2397.648143        0.073276
MDMin:  975 20:27:26    -2397.648143        0.067751
MDMin:  976 20:27:27    -2397.648143        0.062293
MDMin:  977 20:27:29    -2397.648143        0.056996
MDMin:  978 20:27:30    -2397.648143        0.144617
MDMin:  979 20:27:31    -2397.648143        0.141910
MDMin:  980 20:27:33    -2397.648143        0.135087
MDMin:  981 20:27:34    -2397.648143        0.124422
MDMin:  982 20:27:36    -2397.648143        0.110381
MDMin:  983 20:27:38    -2397.648143        0.093652
MDMin:  984 20:27:40    -2397.648143        0.075203
MDMin:  985 20:27:42    -2397.648143        0.056373
MDMin:  986 20:27:44    -2397.648143        0.052196
MDMin:  987 20:27:45    -2397.648143        0.051916
MDMin:  988 20:27:47    -2397.648143        0.051598
MDMin:  989 20:27:48    -2397.648143        0.051252
MDMin:  990 20:27:50    -2397.648143        0.050882
MDMin:  991 20:27:51    -2397.648143        0.050491
MDMin:  992 20:27:53    -2397.648143        0.050080
MDMin:  993 20:27:55    -2397.648143        0.049650
