       Step     Time          Energy          fmax
MDMin:    0 10:23:45    -2397.223338        0.149960
MDMin:    1 10:23:47    -2397.223340        0.149957
MDMin:    2 10:23:48    -2397.223347        0.149949
MDMin:    3 10:23:49    -2397.223358        0.149935
MDMin:    4 10:23:51    -2397.223374        0.149915
MDMin:    5 10:23:53    -2397.223395        0.149891
MDMin:    6 10:23:55    -2397.223420        0.149862
MDMin:    7 10:23:57    -2397.223449        0.149828
MDMin:    8 10:23:59    -2397.223483        0.149790
MDMin:    9 10:24:01    -2397.223522        0.149748
MDMin:   10 10:24:03    -2397.223565        0.149703
MDMin:   11 10:24:05    -2397.223613        0.149655
MDMin:   12 10:24:07    -2397.223666        0.149605
MDMin:   13 10:24:09    -2397.223723        0.149554
MDMin:   14 10:24:11    -2397.223785        0.149502
MDMin:   15 10:24:13    -2397.223852        0.149450
MDMin:   16 10:24:15    -2397.223924        0.149399
MDMin:   17 10:24:17    -2397.224000        0.149349
MDMin:   18 10:24:19    -2397.224082        0.149302
MDMin:   19 10:24:21    -2397.224168        0.149259
MDMin:   20 10:24:23    -2397.224259        0.149220
MDMin:   21 10:24:25    -2397.224355        0.149186
MDMin:   22 10:24:27    -2397.224456        0.149160
MDMin:   23 10:24:29    -2397.224562        0.149141
MDMin:   24 10:24:31    -2397.224673        0.149131
MDMin:   25 10:24:33    -2397.224790        0.149131
MDMin:   26 10:24:35    -2397.224911        0.149143
MDMin:   27 10:24:37    -2397.225038        0.149167
MDMin:   28 10:24:39    -2397.225169        0.149206
MDMin:   29 10:24:41    -2397.225306        0.149259
MDMin:   30 10:24:43    -2397.225449        0.149330
MDMin:   31 10:24:45    -2397.225596        0.149419
MDMin:   32 10:24:47    -2397.225749        0.149528
MDMin:   33 10:24:49    -2397.225907        0.149658
MDMin:   34 10:24:51    -2397.226071        0.149810
MDMin:   35 10:24:53    -2397.226240        0.149986
MDMin:   36 10:24:55    -2397.226414        0.150188
MDMin:   37 10:24:58    -2397.226594        0.150416
MDMin:   38 10:25:00    -2397.226779        0.150672
MDMin:   39 10:25:02    -2397.226970        0.150957
MDMin:   40 10:25:03    -2397.227166        0.151272
MDMin:   41 10:25:05    -2397.227367        0.151618
MDMin:   42 10:25:07    -2397.227574        0.151997
MDMin:   43 10:25:09    -2397.227786        0.152408
MDMin:   44 10:25:11    -2397.228003        0.152852
MDMin:   45 10:25:13    -2397.228225        0.153331
MDMin:   46 10:25:15    -2397.228453        0.153842
MDMin:   47 10:25:17    -2397.228686        0.154388
MDMin:   48 10:25:19    -2397.228923        0.154966
MDMin:   49 10:25:21    -2397.229166        0.155576
MDMin:   50 10:25:23    -2397.229413        0.156216
MDMin:   51 10:25:25    -2397.229665        0.156885
MDMin:   52 10:25:27    -2397.229921        0.157579
MDMin:   53 10:25:29    -2397.230182        0.158297
MDMin:   54 10:25:31    -2397.230447        0.159033
MDMin:   55 10:25:33    -2397.230716        0.159784
MDMin:   56 10:25:35    -2397.230988        0.160545
MDMin:   57 10:25:36    -2397.231265        0.161308
MDMin:   58 10:25:38    -2397.231545        0.162066
MDMin:   59 10:25:40    -2397.231828        0.162812
MDMin:   60 10:25:42    -2397.232114        0.163536
MDMin:   61 10:25:43    -2397.232403        0.164226
MDMin:   62 10:25:44    -2397.232694        0.164872
MDMin:   63 10:25:46    -2397.232988        0.165461
MDMin:   64 10:25:47    -2397.233283        0.165977
MDMin:   65 10:25:48    -2397.233580        0.166405
MDMin:   66 10:25:50    -2397.233878        0.166729
MDMin:   67 10:25:51    -2397.234178        0.166929
MDMin:   68 10:25:53    -2397.234478        0.166988
MDMin:   69 10:25:54    -2397.234779        0.169669
MDMin:   70 10:25:56    -2397.235079        0.172709
MDMin:   71 10:25:58    -2397.235380        0.175905
MDMin:   72 10:25:59    -2397.235680        0.179256
MDMin:   73 10:26:01    -2397.235980        0.182758
MDMin:   74 10:26:02    -2397.236279        0.186406
MDMin:   75 10:26:04    -2397.236576        0.190194
MDMin:   76 10:26:06    -2397.236872        0.194115
MDMin:   77 10:26:07    -2397.237166        0.198161
MDMin:   78 10:26:09    -2397.237458        0.202320
MDMin:   79 10:26:10    -2397.237748        0.206583
MDMin:   80 10:26:11    -2397.238036        0.210939
MDMin:   81 10:26:13    -2397.238321        0.215377
MDMin:   82 10:26:15    -2397.238603        0.219883
MDMin:   83 10:26:17    -2397.238882        0.224445
MDMin:   84 10:26:19    -2397.239158        0.229053
MDMin:   85 10:26:20    -2397.239431        0.233694
MDMin:   86 10:26:22    -2397.239700        0.238357
MDMin:   87 10:26:24    -2397.239966        0.243035
MDMin:   88 10:26:26    -2397.240229        0.247720
MDMin:   89 10:26:28    -2397.240488        0.252408
MDMin:   90 10:26:30    -2397.240743        0.257097
MDMin:   91 10:26:32    -2397.240995        0.261790
MDMin:   92 10:26:34    -2397.241242        0.266490
MDMin:   93 10:26:36    -2397.241486        0.271208
MDMin:   94 10:26:38    -2397.241726        0.275957
MDMin:   95 10:26:40    -2397.241962        0.280752
MDMin:   96 10:26:42    -2397.242194        0.285612
MDMin:   97 10:26:44    -2397.242422        0.290558
MDMin:   98 10:26:46    -2397.242646        0.295613
MDMin:   99 10:26:48    -2397.242866        0.300798
MDMin:  100 10:26:50    -2397.243083        0.306134
MDMin:  101 10:26:52    -2397.243295        0.311637
MDMin:  102 10:26:54    -2397.243503        0.317317
MDMin:  103 10:26:56    -2397.243708        0.323174
MDMin:  104 10:26:58    -2397.243909        0.329195
MDMin:  105 10:26:59    -2397.244106        0.335347
MDMin:  106 10:27:01    -2397.244299        0.341575
MDMin:  107 10:27:03    -2397.244489        0.347790
MDMin:  108 10:27:04    -2397.244675        0.353862
MDMin:  109 10:27:06    -2397.244859        0.359613
MDMin:  110 10:27:07    -2397.245038        0.364799
MDMin:  111 10:27:09    -2397.245215        0.369101
MDMin:  112 10:27:10    -2397.245389        0.372112
MDMin:  113 10:27:11    -2397.245561        0.373318
MDMin:  114 10:27:12    -2397.245730        0.372098
MDMin:  115 10:27:13    -2397.245897        0.367718
MDMin:  116 10:27:15    -2397.246062        0.359353
MDMin:  117 10:27:16    -2397.246225        0.346138
MDMin:  118 10:27:17    -2397.246388        0.327259
MDMin:  119 10:27:18    -2397.246550        0.316992
MDMin:  120 10:27:20    -2397.246713        0.331088
MDMin:  121 10:27:21    -2397.246877        0.338026
MDMin:  122 10:27:22    -2397.247044        0.335069
MDMin:  123 10:27:23    -2397.247214        0.319916
MDMin:  124 10:27:25    -2397.247390        0.291669
MDMin:  125 10:27:26    -2397.247573        0.283911
MDMin:  126 10:27:27    -2397.247765        0.275324
MDMin:  127 10:27:28    -2397.247965        0.264835
MDMin:  128 10:27:30    -2397.248174        0.252438
MDMin:  129 10:27:31    -2397.248390        0.238286
MDMin:  130 10:27:32    -2397.248613        0.235703
MDMin:  131 10:27:33    -2397.248842        0.239052
MDMin:  132 10:27:34    -2397.249076        0.242307
MDMin:  133 10:27:35    -2397.249316        0.245351
MDMin:  134 10:27:37    -2397.249559        0.248000
MDMin:  135 10:27:38    -2397.249802        0.249972
MDMin:  136 10:27:39    -2397.250013        0.291897
MDMin:  137 10:27:40    -2397.250086        0.250941
MDMin:  138 10:27:42    -2397.250136        0.250905
MDMin:  139 10:27:43    -2397.250188        0.250804
MDMin:  140 10:27:46    -2397.250242        0.250629
MDMin:  141 10:27:47    -2397.250297        0.250368
MDMin:  142 10:27:49    -2397.250354        0.250009
MDMin:  143 10:27:50    -2397.250413        0.249540
MDMin:  144 10:27:52    -2397.250474        0.248948
MDMin:  145 10:27:54    -2397.250536        0.248218
MDMin:  146 10:27:56    -2397.250600        0.247334
MDMin:  147 10:27:57    -2397.250666        0.246281
MDMin:  148 10:27:59    -2397.250733        0.245043
MDMin:  149 10:28:01    -2397.250803        0.243602
MDMin:  150 10:28:03    -2397.250874        0.241942
MDMin:  151 10:28:05    -2397.250946        0.240045
MDMin:  152 10:28:07    -2397.251021        0.237896
MDMin:  153 10:28:09    -2397.251097        0.235478
MDMin:  154 10:28:11    -2397.251175        0.232777
MDMin:  155 10:28:12    -2397.251254        0.229779
MDMin:  156 10:28:13    -2397.251336        0.226474
MDMin:  157 10:28:15    -2397.251419        0.222852
MDMin:  158 10:28:17    -2397.251504        0.218907
MDMin:  159 10:28:19    -2397.251591        0.214636
MDMin:  160 10:28:21    -2397.251679        0.210039
MDMin:  161 10:28:23    -2397.251770        0.205123
MDMin:  162 10:28:25    -2397.251862        0.199895
MDMin:  163 10:28:27    -2397.251956        0.194369
MDMin:  164 10:28:29    -2397.252052        0.188563
MDMin:  165 10:28:31    -2397.252150        0.182500
MDMin:  166 10:28:33    -2397.252250        0.176209
MDMin:  167 10:28:35    -2397.252352        0.169719
MDMin:  168 10:28:37    -2397.252456        0.167505
MDMin:  169 10:28:39    -2397.252562        0.168512
MDMin:  170 10:28:41    -2397.252669        0.169523
MDMin:  171 10:28:43    -2397.252779        0.170554
MDMin:  172 10:28:44    -2397.252890        0.171621
MDMin:  173 10:28:45    -2397.253003        0.172741
MDMin:  174 10:28:46    -2397.253118        0.173930
MDMin:  175 10:28:48    -2397.253234        0.175206
MDMin:  176 10:28:49    -2397.253352        0.176585
MDMin:  177 10:28:50    -2397.253472        0.178082
MDMin:  178 10:28:52    -2397.253593        0.179710
MDMin:  179 10:28:53    -2397.253715        0.181479
MDMin:  180 10:28:55    -2397.253838        0.183395
MDMin:  181 10:28:56    -2397.253963        0.185460
MDMin:  182 10:28:58    -2397.254088        0.187670
MDMin:  183 10:29:00    -2397.254214        0.190016
MDMin:  184 10:29:02    -2397.254341        0.192483
MDMin:  185 10:29:04    -2397.254468        0.195048
MDMin:  186 10:29:06    -2397.254596        0.197681
MDMin:  187 10:29:08    -2397.254724        0.200345
MDMin:  188 10:29:10    -2397.254853        0.202998
MDMin:  189 10:29:12    -2397.254981        0.205588
MDMin:  190 10:29:14    -2397.255110        0.208059
MDMin:  191 10:29:16    -2397.255239        0.210348
MDMin:  192 10:29:18    -2397.255369        0.212388
MDMin:  193 10:29:20    -2397.255498        0.214109
MDMin:  194 10:29:22    -2397.255627        0.215440
MDMin:  195 10:29:24    -2397.255757        0.216308
MDMin:  196 10:29:26    -2397.255887        0.216644
MDMin:  197 10:29:28    -2397.256017        0.216382
MDMin:  198 10:29:30    -2397.256148        0.215462
MDMin:  199 10:29:32    -2397.256279        0.213832
MDMin:  200 10:29:34    -2397.256411        0.211452
MDMin:  201 10:29:36    -2397.256544        0.208295
MDMin:  202 10:29:37    -2397.256678        0.204357
MDMin:  203 10:29:39    -2397.256812        0.199641
MDMin:  204 10:29:41    -2397.256948        0.194166
MDMin:  205 10:29:43    -2397.257086        0.187968
MDMin:  206 10:29:45    -2397.257224        0.181108
MDMin:  207 10:29:47    -2397.257364        0.173694
MDMin:  208 10:29:49    -2397.257501        0.165995
MDMin:  209 10:29:51    -2397.257623        0.158872
MDMin:  210 10:29:53    -2397.257705        0.154014
MDMin:  211 10:29:55    -2397.257758        0.150882
MDMin:  212 10:29:57    -2397.257810        0.147829
MDMin:  213 10:29:59    -2397.257862        0.147256
MDMin:  214 10:30:01    -2397.257916        0.146945
MDMin:  215 10:30:03    -2397.257972        0.146631
MDMin:  216 10:30:05    -2397.258029        0.146316
MDMin:  217 10:30:07    -2397.258088        0.146003
MDMin:  218 10:30:09    -2397.258148        0.145697
MDMin:  219 10:30:11    -2397.258209        0.145402
MDMin:  220 10:30:14    -2397.258272        0.145122
MDMin:  221 10:30:15    -2397.258337        0.144862
MDMin:  222 10:30:17    -2397.258403        0.144627
MDMin:  223 10:30:19    -2397.258470        0.144424
MDMin:  224 10:30:21    -2397.258539        0.144258
MDMin:  225 10:30:23    -2397.258610        0.144135
MDMin:  226 10:30:25    -2397.258682        0.144063
MDMin:  227 10:30:27    -2397.258756        0.144048
MDMin:  228 10:30:29    -2397.258831        0.144097
MDMin:  229 10:30:31    -2397.258908        0.144218
MDMin:  230 10:30:33    -2397.258986        0.144417
MDMin:  231 10:30:34    -2397.259066        0.144701
MDMin:  232 10:30:35    -2397.259147        0.145078
MDMin:  233 10:30:37    -2397.259230        0.145554
MDMin:  234 10:30:38    -2397.259315        0.146134
MDMin:  235 10:30:39    -2397.259401        0.146825
MDMin:  236 10:30:41    -2397.259488        0.147631
MDMin:  237 10:30:43    -2397.259577        0.148555
MDMin:  238 10:30:45    -2397.259667        0.149601
MDMin:  239 10:30:47    -2397.259758        0.150769
MDMin:  240 10:30:49    -2397.259851        0.152059
MDMin:  241 10:30:51    -2397.259945        0.153470
MDMin:  242 10:30:53    -2397.260040        0.154998
MDMin:  243 10:30:54    -2397.260137        0.156638
MDMin:  244 10:30:56    -2397.260234        0.158384
MDMin:  245 10:30:58    -2397.260333        0.160226
MDMin:  246 10:31:00    -2397.260432        0.162153
MDMin:  247 10:31:01    -2397.260533        0.164151
MDMin:  248 10:31:02    -2397.260635        0.166207
MDMin:  249 10:31:04    -2397.260737        0.168302
MDMin:  250 10:31:05    -2397.260841        0.170417
MDMin:  251 10:31:06    -2397.260945        0.172531
MDMin:  252 10:31:07    -2397.261050        0.174621
MDMin:  253 10:31:08    -2397.261156        0.176663
MDMin:  254 10:31:10    -2397.261263        0.178628
MDMin:  255 10:31:11    -2397.261370        0.180491
MDMin:  256 10:31:12    -2397.261478        0.182221
MDMin:  257 10:31:13    -2397.261588        0.183788
MDMin:  258 10:31:14    -2397.261698        0.185167
MDMin:  259 10:31:16    -2397.261808        0.186332
MDMin:  260 10:31:17    -2397.261920        0.187253
MDMin:  261 10:31:18    -2397.262033        0.187901
MDMin:  262 10:31:19    -2397.262147        0.188247
MDMin:  263 10:31:21    -2397.262262        0.188262
MDMin:  264 10:31:22    -2397.262377        0.187921
MDMin:  265 10:31:23    -2397.262495        0.187199
MDMin:  266 10:31:25    -2397.262613        0.186074
MDMin:  267 10:31:27    -2397.262733        0.184526
MDMin:  268 10:31:29    -2397.262854        0.182540
MDMin:  269 10:31:31    -2397.262976        0.180105
MDMin:  270 10:31:33    -2397.263101        0.177211
MDMin:  271 10:31:35    -2397.263226        0.173858
MDMin:  272 10:31:37    -2397.263354        0.170049
MDMin:  273 10:31:39    -2397.263483        0.165793
MDMin:  274 10:31:41    -2397.263615        0.161109
MDMin:  275 10:31:43    -2397.263748        0.156028
MDMin:  276 10:31:45    -2397.263882        0.150612
MDMin:  277 10:31:47    -2397.264015        0.145027
MDMin:  278 10:31:48    -2397.264136        0.139776
MDMin:  279 10:31:50    -2397.264225        0.135843
MDMin:  280 10:31:51    -2397.264285        0.133171
MDMin:  281 10:31:52    -2397.264342        0.130652
MDMin:  282 10:31:53    -2397.264399        0.128082
MDMin:  283 10:31:55    -2397.264459        0.125445
MDMin:  284 10:31:57    -2397.264519        0.122745
MDMin:  285 10:31:59    -2397.264582        0.120271
MDMin:  286 10:32:01    -2397.264646        0.119773
MDMin:  287 10:32:03    -2397.264711        0.119281
MDMin:  288 10:32:05    -2397.264779        0.118800
MDMin:  289 10:32:07    -2397.264848        0.118333
MDMin:  290 10:32:09    -2397.264918        0.117884
MDMin:  291 10:32:11    -2397.264991        0.117459
MDMin:  292 10:32:13    -2397.265065        0.117062
MDMin:  293 10:32:15    -2397.265140        0.116699
MDMin:  294 10:32:16    -2397.265218        0.116374
MDMin:  295 10:32:18    -2397.265297        0.116094
MDMin:  296 10:32:20    -2397.265379        0.115864
MDMin:  297 10:32:22    -2397.265462        0.115690
MDMin:  298 10:32:24    -2397.265547        0.115577
MDMin:  299 10:32:26    -2397.265633        0.115532
MDMin:  300 10:32:28    -2397.265722        0.115558
MDMin:  301 10:32:30    -2397.265813        0.115662
MDMin:  302 10:32:32    -2397.265905        0.115848
MDMin:  303 10:32:34    -2397.266000        0.116120
MDMin:  304 10:32:36    -2397.266096        0.116482
MDMin:  305 10:32:38    -2397.266195        0.116938
MDMin:  306 10:32:40    -2397.266295        0.117489
MDMin:  307 10:32:42    -2397.266398        0.118137
MDMin:  308 10:32:43    -2397.266503        0.118885
MDMin:  309 10:32:44    -2397.266610        0.119731
MDMin:  310 10:32:46    -2397.266718        0.120675
MDMin:  311 10:32:47    -2397.266829        0.121717
MDMin:  312 10:32:48    -2397.266942        0.122854
MDMin:  313 10:32:50    -2397.267057        0.124084
MDMin:  314 10:32:51    -2397.267174        0.125403
MDMin:  315 10:32:52    -2397.267293        0.126806
MDMin:  316 10:32:53    -2397.267414        0.128288
MDMin:  317 10:32:55    -2397.267537        0.129844
MDMin:  318 10:32:57    -2397.267662        0.131466
MDMin:  319 10:32:59    -2397.267789        0.133146
MDMin:  320 10:33:01    -2397.267917        0.134875
MDMin:  321 10:33:02    -2397.268047        0.136645
MDMin:  322 10:33:04    -2397.268179        0.138444
MDMin:  323 10:33:06    -2397.268313        0.140261
MDMin:  324 10:33:08    -2397.268449        0.142084
MDMin:  325 10:33:10    -2397.268587        0.143899
MDMin:  326 10:33:12    -2397.268726        0.145695
MDMin:  327 10:33:14    -2397.268867        0.147459
MDMin:  328 10:33:16    -2397.269010        0.149180
MDMin:  329 10:33:18    -2397.269155        0.150843
MDMin:  330 10:33:20    -2397.269302        0.152432
MDMin:  331 10:33:22    -2397.269451        0.153933
MDMin:  332 10:33:24    -2397.269602        0.155331
MDMin:  333 10:33:26    -2397.269754        0.156609
MDMin:  334 10:33:29    -2397.269910        0.157753
MDMin:  335 10:33:31    -2397.270067        0.158748
MDMin:  336 10:33:33    -2397.270226        0.159578
MDMin:  337 10:33:35    -2397.270388        0.160229
MDMin:  338 10:33:37    -2397.270551        0.160684
MDMin:  339 10:33:39    -2397.270712        0.160932
MDMin:  340 10:33:41    -2397.270865        0.160970
MDMin:  341 10:33:43    -2397.270995        0.160841
MDMin:  342 10:33:45    -2397.271095        0.160637
MDMin:  343 10:33:46    -2397.271183        0.160393
MDMin:  344 10:33:48    -2397.271268        0.160100
MDMin:  345 10:33:50    -2397.271355        0.159748
MDMin:  346 10:33:52    -2397.271445        0.159333
MDMin:  347 10:33:54    -2397.271536        0.158849
MDMin:  348 10:33:56    -2397.271630        0.158294
MDMin:  349 10:33:58    -2397.271725        0.157663
MDMin:  350 10:34:00    -2397.271823        0.156952
MDMin:  351 10:34:02    -2397.271924        0.156156
MDMin:  352 10:34:04    -2397.272026        0.155274
MDMin:  353 10:34:06    -2397.272132        0.154299
MDMin:  354 10:34:08    -2397.272239        0.153230
MDMin:  355 10:34:10    -2397.272349        0.152061
MDMin:  356 10:34:12    -2397.272462        0.150791
MDMin:  357 10:34:14    -2397.272577        0.149415
MDMin:  358 10:34:16    -2397.272694        0.147931
MDMin:  359 10:34:18    -2397.272815        0.146335
MDMin:  360 10:34:20    -2397.272938        0.144627
MDMin:  361 10:34:22    -2397.273064        0.142803
MDMin:  362 10:34:24    -2397.273193        0.140863
MDMin:  363 10:34:26    -2397.273324        0.138805
MDMin:  364 10:34:28    -2397.273459        0.136629
MDMin:  365 10:34:30    -2397.273597        0.134335
MDMin:  366 10:34:32    -2397.273738        0.131925
MDMin:  367 10:34:34    -2397.273882        0.129400
MDMin:  368 10:34:36    -2397.274029        0.126763
MDMin:  369 10:34:37    -2397.274179        0.124018
MDMin:  370 10:34:39    -2397.274333        0.121170
MDMin:  371 10:34:41    -2397.274491        0.118224
MDMin:  372 10:34:42    -2397.274652        0.115188
MDMin:  373 10:34:44    -2397.274817        0.112070
MDMin:  374 10:34:46    -2397.274985        0.108880
MDMin:  375 10:34:48    -2397.275158        0.105628
MDMin:  376 10:34:50    -2397.275334        0.102325
MDMin:  377 10:34:52    -2397.275514        0.098983
MDMin:  378 10:34:54    -2397.275699        0.096482
MDMin:  379 10:34:56    -2397.275888        0.097056
MDMin:  380 10:34:58    -2397.276081        0.097630
MDMin:  381 10:35:00    -2397.276278        0.098213
MDMin:  382 10:35:02    -2397.276481        0.098791
MDMin:  383 10:35:04    -2397.276688        0.099382
MDMin:  384 10:35:06    -2397.276900        0.099960
MDMin:  385 10:35:08    -2397.277116        0.100560
MDMin:  386 10:35:11    -2397.277338        0.101129
MDMin:  387 10:35:13    -2397.277565        0.101749
MDMin:  388 10:35:15    -2397.277798        0.102302
MDMin:  389 10:35:17    -2397.278036        0.102969
MDMin:  390 10:35:19    -2397.278279        0.103482
MDMin:  391 10:35:21    -2397.278528        0.104294
MDMin:  392 10:35:23    -2397.278783        0.104808
MDMin:  393 10:35:25    -2397.279043        0.106303
MDMin:  394 10:35:27    -2397.279308        0.107818
MDMin:  395 10:35:29    -2397.279574        0.113643
MDMin:  396 10:35:31    -2397.279835        0.123189
MDMin:  397 10:35:33    -2397.280071        0.137023
MDMin:  398 10:35:35    -2397.280263        0.130120
MDMin:  399 10:35:37    -2397.280419        0.115299
MDMin:  400 10:35:38    -2397.280567        0.109610
MDMin:  401 10:35:40    -2397.280715        0.109051
MDMin:  402 10:35:42    -2397.280867        0.109095
MDMin:  403 10:35:44    -2397.281023        0.109367
MDMin:  404 10:35:46    -2397.281183        0.109640
MDMin:  405 10:35:47    -2397.281347        0.109930
MDMin:  406 10:35:48    -2397.281515        0.110221
MDMin:  407 10:35:50    -2397.281687        0.110514
MDMin:  408 10:35:51    -2397.281863        0.110809
MDMin:  409 10:35:53    -2397.282043        0.111104
MDMin:  410 10:35:55    -2397.282228        0.111401
MDMin:  411 10:35:57    -2397.282417        0.111697
MDMin:  412 10:35:59    -2397.282610        0.111994
MDMin:  413 10:36:01    -2397.282807        0.112290
MDMin:  414 10:36:03    -2397.283009        0.112587
MDMin:  415 10:36:05    -2397.283216        0.112882
MDMin:  416 10:36:07    -2397.283427        0.113176
MDMin:  417 10:36:09    -2397.283643        0.113468
MDMin:  418 10:36:11    -2397.283863        0.113759
MDMin:  419 10:36:14    -2397.284088        0.114047
MDMin:  420 10:36:16    -2397.284318        0.114333
MDMin:  421 10:36:18    -2397.284553        0.114616
MDMin:  422 10:36:20    -2397.284792        0.114896
MDMin:  423 10:36:22    -2397.285037        0.115172
MDMin:  424 10:36:24    -2397.285287        0.115445
MDMin:  425 10:36:26    -2397.285542        0.115713
MDMin:  426 10:36:28    -2397.285803        0.115977
MDMin:  427 10:36:30    -2397.286069        0.116236
MDMin:  428 10:36:32    -2397.286340        0.116490
MDMin:  429 10:36:34    -2397.286617        0.116738
MDMin:  430 10:36:36    -2397.286900        0.116981
MDMin:  431 10:36:38    -2397.287188        0.117217
MDMin:  432 10:36:40    -2397.287482        0.117446
MDMin:  433 10:36:42    -2397.287783        0.117669
MDMin:  434 10:36:44    -2397.288089        0.117884
MDMin:  435 10:36:46    -2397.288402        0.118092
MDMin:  436 10:36:48    -2397.288721        0.118292
MDMin:  437 10:36:50    -2397.289047        0.118482
MDMin:  438 10:36:52    -2397.289379        0.118665
MDMin:  439 10:36:54    -2397.289718        0.118838
MDMin:  440 10:36:57    -2397.290063        0.119002
MDMin:  441 10:36:59    -2397.290416        0.119155
MDMin:  442 10:37:01    -2397.290776        0.119300
MDMin:  443 10:37:03    -2397.291143        0.119431
MDMin:  444 10:37:05    -2397.291518        0.119555
MDMin:  445 10:37:07    -2397.291900        0.119662
MDMin:  446 10:37:09    -2397.292291        0.119764
MDMin:  447 10:37:11    -2397.292689        0.120097
MDMin:  448 10:37:13    -2397.293096        0.120743
MDMin:  449 10:37:15    -2397.293511        0.121334
MDMin:  450 10:37:17    -2397.293935        0.121869
MDMin:  451 10:37:19    -2397.294368        0.122344
MDMin:  452 10:37:21    -2397.294810        0.122756
MDMin:  453 10:37:23    -2397.295262        0.123103
MDMin:  454 10:37:25    -2397.295723        0.123383
MDMin:  455 10:37:27    -2397.296195        0.123594
MDMin:  456 10:37:29    -2397.296677        0.123734
MDMin:  457 10:37:31    -2397.297169        0.123801
MDMin:  458 10:37:33    -2397.297671        0.123796
MDMin:  459 10:37:35    -2397.298185        0.123717
MDMin:  460 10:37:37    -2397.298709        0.123565
MDMin:  461 10:37:39    -2397.299244        0.123339
MDMin:  462 10:37:41    -2397.299787        0.123042
MDMin:  463 10:37:43    -2397.300336        0.122677
MDMin:  464 10:37:45    -2397.300880        0.128872
MDMin:  465 10:37:47    -2397.301397        0.144962
MDMin:  466 10:37:49    -2397.301804        0.347297
MDMin:  467 10:37:50    -2397.301964        0.331876
MDMin:  468 10:37:51    -2397.302133        0.316013
MDMin:  469 10:37:53    -2397.302304        0.120607
MDMin:  470 10:37:54    -2397.302489        0.300654
MDMin:  471 10:37:55    -2397.302601        0.291942
MDMin:  472 10:37:56    -2397.302718        0.283003
MDMin:  473 10:37:58    -2397.302843        0.273943
MDMin:  474 10:37:59    -2397.302975        0.264848
MDMin:  475 10:38:00    -2397.303113        0.255795
MDMin:  476 10:38:02    -2397.303259        0.246847
MDMin:  477 10:38:03    -2397.303412        0.238056
MDMin:  478 10:38:04    -2397.303572        0.229469
MDMin:  479 10:38:05    -2397.303739        0.221123
MDMin:  480 10:38:07    -2397.303914        0.213053
MDMin:  481 10:38:08    -2397.304096        0.205286
MDMin:  482 10:38:09    -2397.304286        0.197844
MDMin:  483 10:38:11    -2397.304483        0.190746
MDMin:  484 10:38:12    -2397.304688        0.184005
MDMin:  485 10:38:14    -2397.304900        0.177630
MDMin:  486 10:38:16    -2397.305120        0.171625
MDMin:  487 10:38:18    -2397.305347        0.165992
MDMin:  488 10:38:20    -2397.305582        0.160728
MDMin:  489 10:38:22    -2397.305825        0.155826
MDMin:  490 10:38:24    -2397.306065        0.135919
MDMin:  491 10:38:26    -2397.306318        0.151615
MDMin:  492 10:38:28    -2397.306544        0.148702
MDMin:  493 10:38:30    -2397.306777        0.148681
MDMin:  494 10:38:32    -2397.306996        0.139006
MDMin:  495 10:38:34    -2397.307248        0.149331
MDMin:  496 10:38:35    -2397.307464        0.149396
MDMin:  497 10:38:37    -2397.307687        0.149171
MDMin:  498 10:38:39    -2397.307908        0.140936
MDMin:  499 10:38:41    -2397.308136        0.149527
MDMin:  500 10:38:43    -2397.308343        0.149438
MDMin:  501 10:38:45    -2397.308556        0.149123
MDMin:  502 10:38:47    -2397.308776        0.148700
MDMin:  503 10:38:49    -2397.309004        0.148225
MDMin:  504 10:38:51    -2397.309239        0.147721
MDMin:  505 10:38:52    -2397.309481        0.147201
MDMin:  506 10:38:53    -2397.309730        0.146670
MDMin:  507 10:38:54    -2397.309987        0.146132
MDMin:  508 10:38:56    -2397.310251        0.145591
MDMin:  509 10:38:57    -2397.310524        0.145047
MDMin:  510 10:38:58    -2397.310803        0.144504
MDMin:  511 10:38:59    -2397.311091        0.143964
MDMin:  512 10:39:01    -2397.311387        0.143428
MDMin:  513 10:39:02    -2397.311690        0.142898
MDMin:  514 10:39:03    -2397.312002        0.142376
MDMin:  515 10:39:04    -2397.312322        0.141862
MDMin:  516 10:39:06    -2397.312650        0.141360
MDMin:  517 10:39:07    -2397.312986        0.140868
MDMin:  518 10:39:08    -2397.313332        0.140389
MDMin:  519 10:39:09    -2397.313685        0.139922
MDMin:  520 10:39:11    -2397.314048        0.140123
MDMin:  521 10:39:12    -2397.314419        0.140838
MDMin:  522 10:39:13    -2397.314800        0.141548
MDMin:  523 10:39:14    -2397.315190        0.142255
MDMin:  524 10:39:16    -2397.315589        0.142959
MDMin:  525 10:39:17    -2397.315997        0.143660
MDMin:  526 10:39:18    -2397.316416        0.144358
MDMin:  527 10:39:20    -2397.316843        0.145054
MDMin:  528 10:39:21    -2397.317281        0.145746
MDMin:  529 10:39:22    -2397.317729        0.146435
MDMin:  530 10:39:23    -2397.318187        0.147121
MDMin:  531 10:39:25    -2397.318656        0.147803
MDMin:  532 10:39:27    -2397.319135        0.148481
MDMin:  533 10:39:29    -2397.319625        0.149154
MDMin:  534 10:39:31    -2397.320126        0.149821
MDMin:  535 10:39:33    -2397.320638        0.150480
MDMin:  536 10:39:35    -2397.321161        0.151131
MDMin:  537 10:39:37    -2397.321696        0.151772
MDMin:  538 10:39:39    -2397.322242        0.152400
MDMin:  539 10:39:41    -2397.322800        0.153019
MDMin:  540 10:39:43    -2397.323371        0.153640
MDMin:  541 10:39:45    -2397.323954        0.154263
MDMin:  542 10:39:47    -2397.324549        0.154886
MDMin:  543 10:39:49    -2397.325158        0.155507
MDMin:  544 10:39:51    -2397.325779        0.156125
MDMin:  545 10:39:53    -2397.326413        0.156737
MDMin:  546 10:39:55    -2397.327061        0.157341
MDMin:  547 10:39:57    -2397.327723        0.157936
MDMin:  548 10:39:59    -2397.328399        0.158530
MDMin:  549 10:40:01    -2397.329089        0.159122
MDMin:  550 10:40:03    -2397.329793        0.159707
MDMin:  551 10:40:05    -2397.330512        0.160285
MDMin:  552 10:40:07    -2397.331247        0.160851
MDMin:  553 10:40:09    -2397.331996        0.161403
MDMin:  554 10:40:11    -2397.332761        0.161938
MDMin:  555 10:40:13    -2397.333542        0.162450
MDMin:  556 10:40:15    -2397.334338        0.162937
MDMin:  557 10:40:17    -2397.335151        0.163394
MDMin:  558 10:40:19    -2397.335981        0.163816
MDMin:  559 10:40:21    -2397.336828        0.164200
MDMin:  560 10:40:23    -2397.337692        0.164539
MDMin:  561 10:40:25    -2397.338573        0.164829
MDMin:  562 10:40:26    -2397.339472        0.165065
MDMin:  563 10:40:27    -2397.340389        0.165241
MDMin:  564 10:40:29    -2397.341325        0.165352
MDMin:  565 10:40:31    -2397.342279        0.165393
MDMin:  566 10:40:33    -2397.343252        0.165357
MDMin:  567 10:40:35    -2397.344244        0.165240
MDMin:  568 10:40:37    -2397.345255        0.165036
MDMin:  569 10:40:39    -2397.346286        0.164741
MDMin:  570 10:40:41    -2397.347337        0.164349
MDMin:  571 10:40:43    -2397.348408        0.163856
MDMin:  572 10:40:45    -2397.349499        0.163259
MDMin:  573 10:40:47    -2397.350611        0.162554
MDMin:  574 10:40:49    -2397.351743        0.161739
MDMin:  575 10:40:51    -2397.352896        0.160816
MDMin:  576 10:40:53    -2397.354070        0.159806
MDMin:  577 10:40:55    -2397.355263        0.158717
MDMin:  578 10:40:56    -2397.356471        0.157552
MDMin:  579 10:40:57    -2397.357681        0.156329
MDMin:  580 10:40:59    -2397.358846        0.215333
MDMin:  581 10:41:01    -2397.359848        0.226214
MDMin:  582 10:41:03    -2397.360576        0.210852
MDMin:  583 10:41:05    -2397.361160        0.157016
MDMin:  584 10:41:07    -2397.361732        0.157625
MDMin:  585 10:41:09    -2397.362314        0.158155
MDMin:  586 10:41:11    -2397.362910        0.158718
MDMin:  587 10:41:13    -2397.363519        0.159284
MDMin:  588 10:41:15    -2397.364143        0.159865
MDMin:  589 10:41:16    -2397.364780        0.160457
MDMin:  590 10:41:18    -2397.365431        0.161061
MDMin:  591 10:41:19    -2397.366096        0.161677
MDMin:  592 10:41:21    -2397.366775        0.162304
MDMin:  593 10:41:22    -2397.367468        0.162942
MDMin:  594 10:41:24    -2397.368175        0.163592
MDMin:  595 10:41:25    -2397.368896        0.164252
MDMin:  596 10:41:27    -2397.369593        0.252120
MDMin:  597 10:41:28    -2397.370039        0.239479
MDMin:  598 10:41:30    -2397.370503        0.228176
MDMin:  599 10:41:31    -2397.370982        0.218186
MDMin:  600 10:41:33    -2397.371476        0.209474
MDMin:  601 10:41:35    -2397.371983        0.201952
MDMin:  602 10:41:36    -2397.372503        0.195513
MDMin:  603 10:41:37    -2397.373035        0.190044
MDMin:  604 10:41:39    -2397.373577        0.185431
MDMin:  605 10:41:40    -2397.374129        0.181566
MDMin:  606 10:41:42    -2397.374690        0.180164
MDMin:  607 10:41:44    -2397.375260        0.181253
MDMin:  608 10:41:46    -2397.375838        0.182246
MDMin:  609 10:41:48    -2397.376425        0.183157
MDMin:  610 10:41:50    -2397.377018        0.183998
MDMin:  611 10:41:52    -2397.377619        0.184780
MDMin:  612 10:41:54    -2397.378227        0.185515
MDMin:  613 10:41:56    -2397.378842        0.186213
MDMin:  614 10:41:58    -2397.379463        0.186882
MDMin:  615 10:42:00    -2397.380090        0.187529
MDMin:  616 10:42:01    -2397.380722        0.188159
MDMin:  617 10:42:03    -2397.381361        0.188776
MDMin:  618 10:42:05    -2397.382004        0.189384
MDMin:  619 10:42:07    -2397.382653        0.189985
MDMin:  620 10:42:09    -2397.383307        0.190579
MDMin:  621 10:42:11    -2397.383965        0.191167
MDMin:  622 10:42:13    -2397.384628        0.191749
MDMin:  623 10:42:15    -2397.385294        0.192323
MDMin:  624 10:42:17    -2397.385965        0.192888
MDMin:  625 10:42:19    -2397.386638        0.193441
MDMin:  626 10:42:21    -2397.387316        0.193980
MDMin:  627 10:42:22    -2397.387996        0.194502
MDMin:  628 10:42:24    -2397.388679        0.195002
MDMin:  629 10:42:26    -2397.389365        0.195478
MDMin:  630 10:42:27    -2397.390053        0.195924
MDMin:  631 10:42:29    -2397.390743        0.196336
MDMin:  632 10:42:30    -2397.391435        0.196709
MDMin:  633 10:42:32    -2397.392129        0.197038
MDMin:  634 10:42:34    -2397.392824        0.197318
MDMin:  635 10:42:36    -2397.393520        0.198540
MDMin:  636 10:42:38    -2397.394218        0.200243
MDMin:  637 10:42:40    -2397.394916        0.201926
MDMin:  638 10:42:41    -2397.395616        0.203575
MDMin:  639 10:42:43    -2397.396316        0.205188
MDMin:  640 10:42:45    -2397.397017        0.206741
MDMin:  641 10:42:47    -2397.397718        0.208242
MDMin:  642 10:42:49    -2397.398419        0.209647
MDMin:  643 10:42:51    -2397.398418        0.210993
MDMin:  644 10:42:53    -2397.397241        0.211882
MDMin:  645 10:42:55    -2397.396208        0.212805
MDMin:  646 10:42:56    -2397.395313        0.213590
MDMin:  647 10:42:59    -2397.394546        0.214393
MDMin:  648 10:43:00    -2397.393897        0.215001
MDMin:  649 10:43:01    -2397.393352        0.215636
MDMin:  650 10:43:03    -2397.392900        0.215998
MDMin:  651 10:43:04    -2397.392528        0.216430
MDMin:  652 10:43:06    -2397.392228        0.216488
MDMin:  653 10:43:08    -2397.391987        0.216716
MDMin:  654 10:43:10    -2397.391799        0.216530
MDMin:  655 10:43:12    -2397.391655        0.216740
MDMin:  656 10:43:14    -2397.391549        0.217393
MDMin:  657 10:43:16    -2397.391475        0.219712
MDMin:  658 10:43:18    -2397.391429        0.229535
MDMin:  659 10:43:19    -2397.391406        0.240743
MDMin:  660 10:43:21    -2397.391398        0.242314
MDMin:  661 10:43:23    -2397.391398        0.217675
MDMin:  662 10:43:25    -2397.391402        0.212547
MDMin:  663 10:43:27    -2397.391408        0.210208
MDMin:  664 10:43:28    -2397.391417        0.209681
MDMin:  665 10:43:30    -2397.391429        0.208718
MDMin:  666 10:43:31    -2397.391444        0.207917
MDMin:  667 10:43:32    -2397.391461        0.206963
MDMin:  668 10:43:34    -2397.391480        0.205999
MDMin:  669 10:43:35    -2397.391502        0.204950
MDMin:  670 10:43:37    -2397.391526        0.203854
MDMin:  671 10:43:38    -2397.391552        0.202689
MDMin:  672 10:43:39    -2397.391579        0.201467
MDMin:  673 10:43:40    -2397.391609        0.200181
MDMin:  674 10:43:42    -2397.391640        0.198835
MDMin:  675 10:43:44    -2397.391673        0.197427
MDMin:  676 10:43:46    -2397.391707        0.195959
MDMin:  677 10:43:48    -2397.391743        0.194431
MDMin:  678 10:43:50    -2397.391779        0.192846
MDMin:  679 10:43:52    -2397.391817        0.191204
MDMin:  680 10:43:54    -2397.391856        0.189506
MDMin:  681 10:43:56    -2397.391895        0.187755
MDMin:  682 10:43:58    -2397.391935        0.185953
MDMin:  683 10:43:59    -2397.391976        0.184103
MDMin:  684 10:44:01    -2397.392018        0.182206
MDMin:  685 10:44:02    -2397.392060        0.180271
MDMin:  686 10:44:03    -2397.392102        0.178308
MDMin:  687 10:44:05    -2397.392145        0.176318
MDMin:  688 10:44:06    -2397.392188        0.174305
MDMin:  689 10:44:07    -2397.392231        0.172272
MDMin:  690 10:44:08    -2397.392274        0.170220
MDMin:  691 10:44:10    -2397.392317        0.168157
MDMin:  692 10:44:12    -2397.392360        0.166079
MDMin:  693 10:44:14    -2397.392403        0.164000
MDMin:  694 10:44:17    -2397.392446        0.161904
MDMin:  695 10:44:18    -2397.392488        0.159829
MDMin:  696 10:44:20    -2397.392530        0.157716
MDMin:  697 10:44:22    -2397.392572        0.155679
MDMin:  698 10:44:24    -2397.392614        0.153524
MDMin:  699 10:44:26    -2397.392655        0.151614
MDMin:  700 10:44:28    -2397.392696        0.149290
MDMin:  701 10:44:30    -2397.392736        0.147814
MDMin:  702 10:44:32    -2397.392775        0.144854
MDMin:  703 10:44:33    -2397.392812        0.144979
MDMin:  704 10:44:35    -2397.392845        0.179531
MDMin:  705 10:44:36    -2397.392870        0.159486
MDMin:  706 10:44:37    -2397.392888        0.138953
MDMin:  707 10:44:38    -2397.392905        0.139185
MDMin:  708 10:44:40    -2397.392922        0.137908
MDMin:  709 10:44:41    -2397.392938        0.137203
MDMin:  710 10:44:43    -2397.392955        0.136276
MDMin:  711 10:44:44    -2397.392972        0.135432
MDMin:  712 10:44:46    -2397.392990        0.134544
MDMin:  713 10:44:48    -2397.393007        0.133670
MDMin:  714 10:44:50    -2397.393024        0.132783
MDMin:  715 10:44:51    -2397.393042        0.131898
MDMin:  716 10:44:53    -2397.393059        0.131009
MDMin:  717 10:44:55    -2397.393077        0.130119
MDMin:  718 10:44:57    -2397.393094        0.129227
MDMin:  719 10:44:58    -2397.393112        0.128336
MDMin:  720 10:45:00    -2397.393129        0.127445
MDMin:  721 10:45:02    -2397.393147        0.126555
MDMin:  722 10:45:04    -2397.393164        0.126363
MDMin:  723 10:45:06    -2397.393182        0.127195
MDMin:  724 10:45:08    -2397.393199        0.128033
MDMin:  725 10:45:10    -2397.393217        0.128874
MDMin:  726 10:45:12    -2397.393234        0.129717
MDMin:  727 10:45:13    -2397.393252        0.130556
MDMin:  728 10:45:14    -2397.393269        0.131389
MDMin:  729 10:45:16    -2397.393286        0.132211
MDMin:  730 10:45:17    -2397.393303        0.133017
MDMin:  731 10:45:19    -2397.393320        0.133801
MDMin:  732 10:45:20    -2397.393337        0.134559
MDMin:  733 10:45:21    -2397.393354        0.135282
MDMin:  734 10:45:22    -2397.393371        0.135964
MDMin:  735 10:45:24    -2397.393387        0.136596
MDMin:  736 10:45:25    -2397.393404        0.137169
MDMin:  737 10:45:26    -2397.393420        0.137675
MDMin:  738 10:45:28    -2397.393436        0.138102
MDMin:  739 10:45:29    -2397.393452        0.138440
MDMin:  740 10:45:30    -2397.393468        0.138676
MDMin:  741 10:45:32    -2397.393484        0.138800
MDMin:  742 10:45:34    -2397.393499        0.138797
MDMin:  743 10:45:36    -2397.393514        0.138655
MDMin:  744 10:45:38    -2397.393530        0.138361
MDMin:  745 10:45:40    -2397.393545        0.137901
MDMin:  746 10:45:42    -2397.393559        0.137263
MDMin:  747 10:45:44    -2397.393574        0.136433
MDMin:  748 10:45:45    -2397.393589        0.137126
MDMin:  749 10:45:47    -2397.393603        0.139675
MDMin:  750 10:45:48    -2397.393617        0.142030
MDMin:  751 10:45:50    -2397.393631        0.144152
MDMin:  752 10:45:51    -2397.393645        0.146000
MDMin:  753 10:45:52    -2397.393659        0.147534
MDMin:  754 10:45:54    -2397.393672        0.148713
MDMin:  755 10:45:56    -2397.393686        0.149501
MDMin:  756 10:45:57    -2397.393699        0.149862
MDMin:  757 10:45:58    -2397.393712        0.149765
MDMin:  758 10:46:00    -2397.393725        0.149185
MDMin:  759 10:46:01    -2397.393738        0.148104
MDMin:  760 10:46:02    -2397.393751        0.146515
MDMin:  761 10:46:03    -2397.393763        0.144420
MDMin:  762 10:46:05    -2397.393776        0.141833
MDMin:  763 10:46:07    -2397.393789        0.138780
MDMin:  764 10:46:09    -2397.393801        0.135311
MDMin:  765 10:46:10    -2397.393813        0.131513
MDMin:  766 10:46:12    -2397.393824        0.136075
MDMin:  767 10:46:14    -2397.393834        0.162889
MDMin:  768 10:46:16    -2397.393840        0.121896
MDMin:  769 10:46:17    -2397.393845        0.119984
MDMin:  770 10:46:18    -2397.393850        0.118084
MDMin:  771 10:46:20    -2397.393855        0.116137
MDMin:  772 10:46:22    -2397.393860        0.114142
MDMin:  773 10:46:24    -2397.393865        0.112101
MDMin:  774 10:46:26    -2397.393870        0.110019
MDMin:  775 10:46:29    -2397.393875        0.107898
MDMin:  776 10:46:30    -2397.393880        0.105744
MDMin:  777 10:46:32    -2397.393886        0.103560
MDMin:  778 10:46:34    -2397.393891        0.101350
MDMin:  779 10:46:35    -2397.393897        0.099120
MDMin:  780 10:46:36    -2397.393902        0.096872
MDMin:  781 10:46:38    -2397.393908        0.094999
MDMin:  782 10:46:40    -2397.393914        0.093695
MDMin:  783 10:46:41    -2397.393919        0.092344
MDMin:  784 10:46:42    -2397.393925        0.090949
MDMin:  785 10:46:43    -2397.393931        0.090749
MDMin:  786 10:46:45    -2397.393937        0.090641
MDMin:  787 10:46:46    -2397.393943        0.090530
MDMin:  788 10:46:47    -2397.393948        0.090415
MDMin:  789 10:46:49    -2397.393954        0.090296
MDMin:  790 10:46:51    -2397.393960        0.090172
MDMin:  791 10:46:53    -2397.393966        0.090044
MDMin:  792 10:46:54    -2397.393973        0.089911
MDMin:  793 10:46:55    -2397.393979        0.089773
MDMin:  794 10:46:56    -2397.393985        0.089630
MDMin:  795 10:46:58    -2397.393991        0.089482
MDMin:  796 10:46:59    -2397.393997        0.089328
MDMin:  797 10:47:01    -2397.394003        0.089169
MDMin:  798 10:47:03    -2397.394009        0.089002
MDMin:  799 10:47:05    -2397.394016        0.088831
MDMin:  800 10:47:07    -2397.394022        0.088650
MDMin:  801 10:47:09    -2397.394028        0.088467
MDMin:  802 10:47:10    -2397.394034        0.088269
MDMin:  803 10:47:12    -2397.394041        0.088076
MDMin:  804 10:47:13    -2397.394047        0.087855
MDMin:  805 10:47:14    -2397.394053        0.087661
MDMin:  806 10:47:16    -2397.394059        0.087396
MDMin:  807 10:47:17    -2397.394065        0.087236
MDMin:  808 10:47:19    -2397.394072        0.086857
MDMin:  809 10:47:21    -2397.394078        0.086875
MDMin:  810 10:47:22    -2397.394084        0.086090
MDMin:  811 10:47:23    -2397.394090        0.086929
MDMin:  812 10:47:25    -2397.394096        0.085640
MDMin:  813 10:47:26    -2397.394102        0.089300
MDMin:  814 10:47:28    -2397.394107        0.110904
MDMin:  815 10:47:29    -2397.394110        0.089377
MDMin:  816 10:47:30    -2397.394112        0.084717
MDMin:  817 10:47:31    -2397.394114        0.085047
MDMin:  818 10:47:33    -2397.394116        0.084873
MDMin:  819 10:47:34    -2397.394118        0.084769
MDMin:  820 10:47:36    -2397.394120        0.084649
MDMin:  821 10:47:37    -2397.394122        0.084527
MDMin:  822 10:47:39    -2397.394125        0.084402
MDMin:  823 10:47:40    -2397.394127        0.084272
MDMin:  824 10:47:41    -2397.394129        0.084139
MDMin:  825 10:47:43    -2397.394132        0.084001
MDMin:  826 10:47:44    -2397.394134        0.083859
MDMin:  827 10:47:45    -2397.394136        0.083714
MDMin:  828 10:47:47    -2397.394139        0.083563
MDMin:  829 10:47:48    -2397.394141        0.083409
MDMin:  830 10:47:49    -2397.394144        0.083250
MDMin:  831 10:47:51    -2397.394146        0.083086
MDMin:  832 10:47:52    -2397.394149        0.082918
MDMin:  833 10:47:53    -2397.394151        0.082745
MDMin:  834 10:47:55    -2397.394154        0.082568
MDMin:  835 10:47:56    -2397.394156        0.082386
MDMin:  836 10:47:57    -2397.394159        0.082198
MDMin:  837 10:47:59    -2397.394162        0.082006
MDMin:  838 10:48:00    -2397.394164        0.081809
MDMin:  839 10:48:02    -2397.394167        0.081607
MDMin:  840 10:48:03    -2397.394170        0.081399
MDMin:  841 10:48:04    -2397.394172        0.081186
MDMin:  842 10:48:06    -2397.394175        0.080968
MDMin:  843 10:48:07    -2397.394178        0.080744
MDMin:  844 10:48:09    -2397.394181        0.080515
MDMin:  845 10:48:11    -2397.394183        0.080280
MDMin:  846 10:48:13    -2397.394186        0.080041
MDMin:  847 10:48:15    -2397.394189        0.079798
MDMin:  848 10:48:16    -2397.394192        0.079553
MDMin:  849 10:48:18    -2397.394195        0.079306
MDMin:  850 10:48:20    -2397.394198        0.079057
MDMin:  851 10:48:22    -2397.394200        0.078805
MDMin:  852 10:48:23    -2397.394203        0.078552
MDMin:  853 10:48:25    -2397.394206        0.078434
MDMin:  854 10:48:27    -2397.394209        0.078403
MDMin:  855 10:48:29    -2397.394212        0.078370
MDMin:  856 10:48:31    -2397.394215        0.078337
MDMin:  857 10:48:32    -2397.394218        0.078302
MDMin:  858 10:48:34    -2397.394220        0.078267
MDMin:  859 10:48:35    -2397.394223        0.078230
MDMin:  860 10:48:37    -2397.394226        0.078191
MDMin:  861 10:48:39    -2397.394229        0.078151
MDMin:  862 10:48:41    -2397.394232        0.078110
MDMin:  863 10:48:42    -2397.394235        0.078067
MDMin:  864 10:48:44    -2397.394238        0.078021
MDMin:  865 10:48:46    -2397.394241        0.077974
MDMin:  866 10:48:48    -2397.394244        0.077924
MDMin:  867 10:48:50    -2397.394246        0.077873
MDMin:  868 10:48:52    -2397.394249        0.077815
MDMin:  869 10:48:54    -2397.394252        0.077762
MDMin:  870 10:48:56    -2397.394255        0.077691
MDMin:  871 10:48:57    -2397.394258        0.077645
MDMin:  872 10:48:59    -2397.394261        0.077538
MDMin:  873 10:49:00    -2397.394264        0.077545
MDMin:  874 10:49:02    -2397.394266        0.084732
MDMin:  875 10:49:03    -2397.394269        0.091972
MDMin:  876 10:49:05    -2397.394271        0.118132
MDMin:  877 10:49:07    -2397.394273        0.079091
MDMin:  878 10:49:09    -2397.394274        0.077149
MDMin:  879 10:49:11    -2397.394275        0.077160
MDMin:  880 10:49:13    -2397.394276        0.077113
MDMin:  881 10:49:15    -2397.394277        0.077077
MDMin:  882 10:49:17    -2397.394278        0.077036
MDMin:  883 10:49:18    -2397.394279        0.076995
MDMin:  884 10:49:20    -2397.394280        0.076951
MDMin:  885 10:49:22    -2397.394282        0.076905
MDMin:  886 10:49:24    -2397.394283        0.076858
MDMin:  887 10:49:26    -2397.394284        0.076809
MDMin:  888 10:49:28    -2397.394285        0.076757
MDMin:  889 10:49:30    -2397.394286        0.076704
MDMin:  890 10:49:32    -2397.394288        0.076648
MDMin:  891 10:49:34    -2397.394289        0.076591
MDMin:  892 10:49:36    -2397.394290        0.076531
MDMin:  893 10:49:37    -2397.394292        0.076469
MDMin:  894 10:49:39    -2397.394293        0.076405
MDMin:  895 10:49:41    -2397.394294        0.076338
MDMin:  896 10:49:43    -2397.394296        0.076269
MDMin:  897 10:49:45    -2397.394297        0.076197
MDMin:  898 10:49:47    -2397.394298        0.076123
MDMin:  899 10:49:49    -2397.394300        0.076045
MDMin:  900 10:49:50    -2397.394301        0.075965
MDMin:  901 10:49:52    -2397.394303        0.075881
MDMin:  902 10:49:54    -2397.394304        0.075794
MDMin:  903 10:49:56    -2397.394305        0.075703
MDMin:  904 10:49:58    -2397.394307        0.075609
MDMin:  905 10:50:00    -2397.394308        0.075511
MDMin:  906 10:50:02    -2397.394310        0.075410
MDMin:  907 10:50:04    -2397.394311        0.075304
MDMin:  908 10:50:05    -2397.394313        0.075194
MDMin:  909 10:50:07    -2397.394314        0.075079
MDMin:  910 10:50:08    -2397.394316        0.074960
MDMin:  911 10:50:10    -2397.394317        0.074836
MDMin:  912 10:50:12    -2397.394319        0.074707
MDMin:  913 10:50:14    -2397.394320        0.074574
MDMin:  914 10:50:15    -2397.394322        0.074434
MDMin:  915 10:50:17    -2397.394324        0.074289
MDMin:  916 10:50:18    -2397.394325        0.074139
MDMin:  917 10:50:20    -2397.394327        0.073982
MDMin:  918 10:50:22    -2397.394328        0.073820
MDMin:  919 10:50:23    -2397.394330        0.073651
MDMin:  920 10:50:25    -2397.394332        0.073475
MDMin:  921 10:50:27    -2397.394333        0.073293
MDMin:  922 10:50:28    -2397.394335        0.073104
MDMin:  923 10:50:29    -2397.394336        0.072908
MDMin:  924 10:50:31    -2397.394338        0.072704
MDMin:  925 10:50:32    -2397.394340        0.072493
MDMin:  926 10:50:33    -2397.394341        0.072274
MDMin:  927 10:50:35    -2397.394343        0.072047
MDMin:  928 10:50:36    -2397.394345        0.071812
MDMin:  929 10:50:38    -2397.394347        0.071570
MDMin:  930 10:50:39    -2397.394348        0.071317
MDMin:  931 10:50:40    -2397.394350        0.071060
MDMin:  932 10:50:42    -2397.394352        0.070789
MDMin:  933 10:50:43    -2397.394353        0.070529
MDMin:  934 10:50:45    -2397.394355        0.070270
MDMin:  935 10:50:47    -2397.394356        0.070124
MDMin:  936 10:50:49    -2397.394356        0.070013
MDMin:  937 10:50:50    -2397.394357        0.069912
MDMin:  938 10:50:52    -2397.394358        0.069807
MDMin:  939 10:50:53    -2397.394358        0.069699
MDMin:  940 10:50:55    -2397.394359        0.069588
MDMin:  941 10:50:57    -2397.394359        0.069473
MDMin:  942 10:50:58    -2397.394360        0.069356
MDMin:  943 10:51:00    -2397.394361        0.069235
MDMin:  944 10:51:02    -2397.394361        0.069111
MDMin:  945 10:51:04    -2397.394362        0.068984
MDMin:  946 10:51:05    -2397.394363        0.068853
MDMin:  947 10:51:06    -2397.394363        0.068720
MDMin:  948 10:51:08    -2397.394364        0.068582
MDMin:  949 10:51:10    -2397.394365        0.068442
MDMin:  950 10:51:11    -2397.394366        0.068297
MDMin:  951 10:51:13    -2397.394366        0.068150
MDMin:  952 10:51:15    -2397.394367        0.067999
MDMin:  953 10:51:17    -2397.394368        0.067845
MDMin:  954 10:51:18    -2397.394369        0.067687
MDMin:  955 10:51:19    -2397.394370        0.067526
MDMin:  956 10:51:21    -2397.394370        0.067361
MDMin:  957 10:51:23    -2397.394371        0.067193
MDMin:  958 10:51:25    -2397.394372        0.067021
MDMin:  959 10:51:26    -2397.394373        0.066846
MDMin:  960 10:51:28    -2397.394374        0.066667
MDMin:  961 10:51:30    -2397.394375        0.066485
MDMin:  962 10:51:31    -2397.394376        0.066299
MDMin:  963 10:51:33    -2397.394376        0.066110
MDMin:  964 10:51:34    -2397.394377        0.065917
MDMin:  965 10:51:36    -2397.394378        0.065722
MDMin:  966 10:51:38    -2397.394379        0.065524
MDMin:  967 10:51:40    -2397.394380        0.065324
MDMin:  968 10:51:41    -2397.394381        0.065123
MDMin:  969 10:51:43    -2397.394382        0.064919
MDMin:  970 10:51:45    -2397.394383        0.064714
MDMin:  971 10:51:46    -2397.394384        0.064507
MDMin:  972 10:51:47    -2397.394385        0.064298
MDMin:  973 10:51:49    -2397.394386        0.064088
MDMin:  974 10:51:51    -2397.394387        0.063876
MDMin:  975 10:51:53    -2397.394388        0.063663
MDMin:  976 10:51:55    -2397.394389        0.063449
MDMin:  977 10:51:56    -2397.394390        0.063234
MDMin:  978 10:51:57    -2397.394391        0.063018
MDMin:  979 10:51:59    -2397.394392        0.062801
MDMin:  980 10:52:01    -2397.394393        0.062584
MDMin:  981 10:52:03    -2397.394394        0.062366
MDMin:  982 10:52:05    -2397.394396        0.062148
MDMin:  983 10:52:07    -2397.394397        0.061929
MDMin:  984 10:52:09    -2397.394398        0.061711
MDMin:  985 10:52:11    -2397.394399        0.061493
MDMin:  986 10:52:12    -2397.394400        0.061275
MDMin:  987 10:52:13    -2397.394401        0.061058
MDMin:  988 10:52:15    -2397.394402        0.060842
MDMin:  989 10:52:16    -2397.394403        0.060627
MDMin:  990 10:52:18    -2397.394405        0.060413
MDMin:  991 10:52:20    -2397.394406        0.060201
MDMin:  992 10:52:22    -2397.394407        0.059991
MDMin:  993 10:52:23    -2397.394408        0.059783
MDMin:  994 10:52:26    -2397.394409        0.059576
MDMin:  995 10:52:28    -2397.394410        0.059375
MDMin:  996 10:52:30    -2397.394412        0.059172
MDMin:  997 10:52:31    -2397.394413        0.058990
MDMin:  998 10:52:34    -2397.394414        0.059226
MDMin:  999 10:52:36    -2397.394414        0.058728
MDMin:  1000 10:52:38    -2397.394415        0.058655
MDMin:  1001 10:52:39    -2397.394415        0.058588
MDMin:  1002 10:52:41    -2397.394416        0.058520
MDMin:  1003 10:52:42    -2397.394416        0.058452
MDMin:  1004 10:52:44    -2397.394417        0.058382
MDMin:  1005 10:52:45    -2397.394417        0.058312
MDMin:  1006 10:52:46    -2397.394417        0.058242
MDMin:  1007 10:52:48    -2397.394418        0.058171
MDMin:  1008 10:52:49    -2397.394418        0.058099
MDMin:  1009 10:52:51    -2397.394419        0.058027
MDMin:  1010 10:52:53    -2397.394419        0.057955
MDMin:  1011 10:52:55    -2397.394420        0.057882
MDMin:  1012 10:52:57    -2397.394421        0.057810
MDMin:  1013 10:52:59    -2397.394421        0.057737
MDMin:  1014 10:53:01    -2397.394422        0.057665
MDMin:  1015 10:53:03    -2397.394422        0.057592
MDMin:  1016 10:53:05    -2397.394423        0.057520
MDMin:  1017 10:53:06    -2397.394423        0.057448
MDMin:  1018 10:53:08    -2397.394424        0.057376
MDMin:  1019 10:53:10    -2397.394424        0.057305
MDMin:  1020 10:53:12    -2397.394425        0.057234
MDMin:  1021 10:53:14    -2397.394426        0.057164
MDMin:  1022 10:53:16    -2397.394426        0.057095
MDMin:  1023 10:53:18    -2397.394427        0.057027
MDMin:  1024 10:53:20    -2397.394428        0.056960
MDMin:  1025 10:53:22    -2397.394428        0.056893
MDMin:  1026 10:53:24    -2397.394429        0.056828
MDMin:  1027 10:53:26    -2397.394430        0.056765
MDMin:  1028 10:53:28    -2397.394430        0.056702
MDMin:  1029 10:53:30    -2397.394431        0.056642
MDMin:  1030 10:53:31    -2397.394432        0.056583
MDMin:  1031 10:53:32    -2397.394432        0.056525
MDMin:  1032 10:53:34    -2397.394433        0.056470
MDMin:  1033 10:53:35    -2397.394434        0.056417
MDMin:  1034 10:53:37    -2397.394434        0.056366
MDMin:  1035 10:53:39    -2397.394435        0.056317
MDMin:  1036 10:53:41    -2397.394436        0.056271
MDMin:  1037 10:53:43    -2397.394436        0.056227
MDMin:  1038 10:53:44    -2397.394437        0.056186
MDMin:  1039 10:53:46    -2397.394438        0.056148
MDMin:  1040 10:53:48    -2397.394439        0.056113
MDMin:  1041 10:53:50    -2397.394439        0.056081
MDMin:  1042 10:53:52    -2397.394440        0.056053
MDMin:  1043 10:53:54    -2397.394441        0.056028
MDMin:  1044 10:53:55    -2397.394442        0.056007
MDMin:  1045 10:53:57    -2397.394443        0.055989
MDMin:  1046 10:53:59    -2397.394443        0.055976
MDMin:  1047 10:54:01    -2397.394444        0.055966
MDMin:  1048 10:54:02    -2397.394445        0.055961
MDMin:  1049 10:54:04    -2397.394446        0.055961
MDMin:  1050 10:54:06    -2397.394447        0.055965
MDMin:  1051 10:54:08    -2397.394447        0.055974
MDMin:  1052 10:54:10    -2397.394448        0.055987
MDMin:  1053 10:54:12    -2397.394449        0.056006
MDMin:  1054 10:54:14    -2397.394450        0.056031
MDMin:  1055 10:54:15    -2397.394451        0.056061
MDMin:  1056 10:54:17    -2397.394452        0.056096
MDMin:  1057 10:54:18    -2397.394453        0.056137
MDMin:  1058 10:54:20    -2397.394453        0.056185
MDMin:  1059 10:54:22    -2397.394454        0.056238
MDMin:  1060 10:54:24    -2397.394455        0.056298
MDMin:  1061 10:54:26    -2397.394456        0.056365
MDMin:  1062 10:54:28    -2397.394457        0.056438
MDMin:  1063 10:54:30    -2397.394458        0.056517
MDMin:  1064 10:54:32    -2397.394459        0.056606
MDMin:  1065 10:54:33    -2397.394460        0.056697
MDMin:  1066 10:54:35    -2397.394460        0.056804
MDMin:  1067 10:54:37    -2397.394461        0.056903
MDMin:  1068 10:54:39    -2397.394462        0.057036
MDMin:  1069 10:54:41    -2397.394463        0.057121
MDMin:  1070 10:54:43    -2397.394464        0.057263
MDMin:  1071 10:54:45    -2397.394464        0.057288
MDMin:  1072 10:54:47    -2397.394464        0.057344
MDMin:  1073 10:54:49    -2397.394465        0.057394
MDMin:  1074 10:54:51    -2397.394465        0.057447
MDMin:  1075 10:54:52    -2397.394465        0.057502
MDMin:  1076 10:54:53    -2397.394466        0.057559
MDMin:  1077 10:54:55    -2397.394466        0.057619
MDMin:  1078 10:54:57    -2397.394467        0.057680
MDMin:  1079 10:54:59    -2397.394467        0.057744
MDMin:  1080 10:55:00    -2397.394467        0.057811
MDMin:  1081 10:55:01    -2397.394468        0.057880
MDMin:  1082 10:55:03    -2397.394468        0.057952
MDMin:  1083 10:55:04    -2397.394468        0.058026
MDMin:  1084 10:55:06    -2397.394469        0.058103
MDMin:  1085 10:55:08    -2397.394469        0.058183
MDMin:  1086 10:55:10    -2397.394470        0.058265
MDMin:  1087 10:55:12    -2397.394470        0.058351
MDMin:  1088 10:55:14    -2397.394471        0.058439
MDMin:  1089 10:55:16    -2397.394471        0.058530
MDMin:  1090 10:55:18    -2397.394471        0.058625
MDMin:  1091 10:55:19    -2397.394472        0.058722
MDMin:  1092 10:55:21    -2397.394472        0.058823
MDMin:  1093 10:55:22    -2397.394473        0.058927
MDMin:  1094 10:55:23    -2397.394473        0.059034
MDMin:  1095 10:55:25    -2397.394474        0.059144
MDMin:  1096 10:55:26    -2397.394474        0.059258
MDMin:  1097 10:55:27    -2397.394475        0.059375
MDMin:  1098 10:55:29    -2397.394475        0.059495
MDMin:  1099 10:55:31    -2397.394476        0.059619
MDMin:  1100 10:55:33    -2397.394476        0.059746
MDMin:  1101 10:55:35    -2397.394477        0.059876
MDMin:  1102 10:55:37    -2397.394477        0.060010
MDMin:  1103 10:55:39    -2397.394478        0.060147
MDMin:  1104 10:55:40    -2397.394478        0.060288
MDMin:  1105 10:55:42    -2397.394479        0.060432
MDMin:  1106 10:55:44    -2397.394479        0.060580
MDMin:  1107 10:55:46    -2397.394480        0.060730
MDMin:  1108 10:55:48    -2397.394480        0.060884
MDMin:  1109 10:55:49    -2397.394481        0.061042
MDMin:  1110 10:55:51    -2397.394481        0.061202
MDMin:  1111 10:55:52    -2397.394482        0.061365
MDMin:  1112 10:55:53    -2397.394483        0.061531
MDMin:  1113 10:55:54    -2397.394483        0.061700
MDMin:  1114 10:55:56    -2397.394484        0.061872
MDMin:  1115 10:55:58    -2397.394484        0.062046
MDMin:  1116 10:56:00    -2397.394485        0.062223
MDMin:  1117 10:56:02    -2397.394485        0.062401
MDMin:  1118 10:56:03    -2397.394486        0.062582
MDMin:  1119 10:56:05    -2397.394487        0.062764
MDMin:  1120 10:56:07    -2397.394487        0.062947
MDMin:  1121 10:56:09    -2397.394488        0.063132
MDMin:  1122 10:56:11    -2397.394488        0.063317
MDMin:  1123 10:56:13    -2397.394489        0.063502
MDMin:  1124 10:56:15    -2397.394490        0.063688
MDMin:  1125 10:56:17    -2397.394490        0.063873
MDMin:  1126 10:56:19    -2397.394491        0.064057
MDMin:  1127 10:56:21    -2397.394491        0.064240
MDMin:  1128 10:56:22    -2397.394492        0.064422
MDMin:  1129 10:56:24    -2397.394493        0.064600
MDMin:  1130 10:56:26    -2397.394493        0.064776
MDMin:  1131 10:56:27    -2397.394494        0.064948
MDMin:  1132 10:56:28    -2397.394495        0.065116
MDMin:  1133 10:56:30    -2397.394495        0.065278
MDMin:  1134 10:56:31    -2397.394496        0.065435
MDMin:  1135 10:56:33    -2397.394497        0.065586
MDMin:  1136 10:56:35    -2397.394497        0.065729
MDMin:  1137 10:56:37    -2397.394498        0.065863
MDMin:  1138 10:56:39    -2397.394498        0.065989
MDMin:  1139 10:56:40    -2397.394499        0.066105
MDMin:  1140 10:56:41    -2397.394500        0.066209
MDMin:  1141 10:56:43    -2397.394500        0.066302
MDMin:  1142 10:56:45    -2397.394501        0.066381
MDMin:  1143 10:56:47    -2397.394502        0.066447
MDMin:  1144 10:56:48    -2397.394502        0.066497
MDMin:  1145 10:56:49    -2397.394503        0.066531
MDMin:  1146 10:56:50    -2397.394504        0.066548
MDMin:  1147 10:56:52    -2397.394504        0.066545
MDMin:  1148 10:56:53    -2397.394505        0.066525
MDMin:  1149 10:56:54    -2397.394506        0.066480
MDMin:  1150 10:56:55    -2397.394506        0.066422
MDMin:  1151 10:56:57    -2397.394507        0.066325
MDMin:  1152 10:56:58    -2397.394508        0.066234
MDMin:  1153 10:56:59    -2397.394508        0.066280
MDMin:  1154 10:57:00    -2397.394509        0.066626
MDMin:  1155 10:57:02    -2397.394509        0.066864
MDMin:  1156 10:57:04    -2397.394510        0.067057
MDMin:  1157 10:57:06    -2397.394510        0.067224
MDMin:  1158 10:57:08    -2397.394510        0.067394
MDMin:  1159 10:57:10    -2397.394511        0.067565
MDMin:  1160 10:57:12    -2397.394511        0.067739
MDMin:  1161 10:57:13    -2397.394511        0.067916
MDMin:  1162 10:57:14    -2397.394511        0.068094
MDMin:  1163 10:57:15    -2397.394512        0.068275
MDMin:  1164 10:57:16    -2397.394512        0.068458
MDMin:  1165 10:57:18    -2397.394512        0.068642
MDMin:  1166 10:57:19    -2397.394513        0.068828
MDMin:  1167 10:57:20    -2397.394513        0.069016
MDMin:  1168 10:57:21    -2397.394513        0.069205
MDMin:  1169 10:57:22    -2397.394514        0.069394
MDMin:  1170 10:57:24    -2397.394514        0.069585
MDMin:  1171 10:57:26    -2397.394515        0.069776
MDMin:  1172 10:57:28    -2397.394515        0.069968
MDMin:  1173 10:57:29    -2397.394515        0.070160
MDMin:  1174 10:57:31    -2397.394516        0.070351
MDMin:  1175 10:57:33    -2397.394516        0.070543
MDMin:  1176 10:57:34    -2397.394516        0.070733
MDMin:  1177 10:57:36    -2397.394517        0.070923
MDMin:  1178 10:57:38    -2397.394517        0.071111
MDMin:  1179 10:57:40    -2397.394518        0.071298
MDMin:  1180 10:57:42    -2397.394518        0.071483
MDMin:  1181 10:57:43    -2397.394518        0.071666
MDMin:  1182 10:57:45    -2397.394519        0.071846
MDMin:  1183 10:57:46    -2397.394519        0.072024
MDMin:  1184 10:57:48    -2397.394520        0.072198
MDMin:  1185 10:57:50    -2397.394520        0.072369
MDMin:  1186 10:57:52    -2397.394520        0.072537
MDMin:  1187 10:57:53    -2397.394521        0.072700
MDMin:  1188 10:57:55    -2397.394521        0.072858
MDMin:  1189 10:57:57    -2397.394522        0.073012
MDMin:  1190 10:57:58    -2397.394522        0.073161
MDMin:  1191 10:58:00    -2397.394523        0.073304
MDMin:  1192 10:58:02    -2397.394523        0.073442
MDMin:  1193 10:58:03    -2397.394524        0.073574
MDMin:  1194 10:58:04    -2397.394524        0.073700
MDMin:  1195 10:58:05    -2397.394524        0.073819
MDMin:  1196 10:58:07    -2397.394525        0.073931
MDMin:  1197 10:58:09    -2397.394525        0.074037
MDMin:  1198 10:58:11    -2397.394526        0.074135
MDMin:  1199 10:58:13    -2397.394526        0.074226
MDMin:  1200 10:58:15    -2397.394527        0.074310
MDMin:  1201 10:58:16    -2397.394527        0.074386
MDMin:  1202 10:58:18    -2397.394528        0.074455
MDMin:  1203 10:58:19    -2397.394528        0.074515
MDMin:  1204 10:58:20    -2397.394529        0.074568
MDMin:  1205 10:58:22    -2397.394529        0.074613
MDMin:  1206 10:58:24    -2397.394530        0.074651
MDMin:  1207 10:58:26    -2397.394530        0.074681
MDMin:  1208 10:58:27    -2397.394531        0.074703
MDMin:  1209 10:58:29    -2397.394531        0.074719
MDMin:  1210 10:58:30    -2397.394532        0.074727
MDMin:  1211 10:58:32    -2397.394532        0.074728
MDMin:  1212 10:58:34    -2397.394533        0.074723
MDMin:  1213 10:58:35    -2397.394533        0.074712
MDMin:  1214 10:58:37    -2397.394534        0.074694
MDMin:  1215 10:58:38    -2397.394534        0.074672
MDMin:  1216 10:58:40    -2397.394535        0.074645
MDMin:  1217 10:58:42    -2397.394535        0.074613
MDMin:  1218 10:58:44    -2397.394536        0.074578
MDMin:  1219 10:58:46    -2397.394537        0.074540
MDMin:  1220 10:58:48    -2397.394537        0.074499
MDMin:  1221 10:58:50    -2397.394538        0.074457
MDMin:  1222 10:58:51    -2397.394538        0.074413
MDMin:  1223 10:58:53    -2397.394539        0.074369
MDMin:  1224 10:58:55    -2397.394539        0.074325
MDMin:  1225 10:58:57    -2397.394540        0.074285
MDMin:  1226 10:58:59    -2397.394540        0.074243
MDMin:  1227 10:59:01    -2397.394541        0.074210
MDMin:  1228 10:59:02    -2397.394541        0.074174
MDMin:  1229 10:59:04    -2397.394542        0.074153
MDMin:  1230 10:59:05    -2397.394542        0.074134
MDMin:  1231 10:59:07    -2397.394542        0.074121
MDMin:  1232 10:59:08    -2397.394543        0.074109
MDMin:  1233 10:59:09    -2397.394543        0.074098
MDMin:  1234 10:59:10    -2397.394543        0.074088
MDMin:  1235 10:59:12    -2397.394543        0.074081
MDMin:  1236 10:59:13    -2397.394544        0.074075
MDMin:  1237 10:59:14    -2397.394544        0.074071
MDMin:  1238 10:59:15    -2397.394544        0.074070
MDMin:  1239 10:59:17    -2397.394544        0.074071
MDMin:  1240 10:59:19    -2397.394545        0.074074
MDMin:  1241 10:59:20    -2397.394545        0.074081
MDMin:  1242 10:59:22    -2397.394545        0.074090
MDMin:  1243 10:59:23    -2397.394546        0.074103
MDMin:  1244 10:59:25    -2397.394546        0.074119
MDMin:  1245 10:59:27    -2397.394546        0.074140
MDMin:  1246 10:59:28    -2397.394547        0.074164
MDMin:  1247 10:59:31    -2397.394547        0.074192
MDMin:  1248 10:59:33    -2397.394547        0.074226
MDMin:  1249 10:59:35    -2397.394548        0.074263
MDMin:  1250 10:59:36    -2397.394548        0.074307
MDMin:  1251 10:59:38    -2397.394548        0.074355
MDMin:  1252 10:59:40    -2397.394549        0.074409
MDMin:  1253 10:59:42    -2397.394549        0.074469
MDMin:  1254 10:59:44    -2397.394549        0.074535
MDMin:  1255 10:59:46    -2397.394550        0.074607
MDMin:  1256 10:59:48    -2397.394550        0.074687
MDMin:  1257 10:59:49    -2397.394551        0.074773
MDMin:  1258 10:59:50    -2397.394551        0.074866
MDMin:  1259 10:59:52    -2397.394551        0.074967
MDMin:  1260 10:59:53    -2397.394552        0.075076
MDMin:  1261 10:59:54    -2397.394552        0.075192
MDMin:  1262 10:59:56    -2397.394553        0.075317
MDMin:  1263 10:59:58    -2397.394553        0.075449
MDMin:  1264 11:00:00    -2397.394553        0.075632
MDMin:  1265 11:00:02    -2397.394554        0.075887
MDMin:  1266 11:00:04    -2397.394554        0.076151
MDMin:  1267 11:00:05    -2397.394555        0.076425
MDMin:  1268 11:00:06    -2397.394555        0.076708
MDMin:  1269 11:00:07    -2397.394555        0.077002
MDMin:  1270 11:00:09    -2397.394556        0.077306
MDMin:  1271 11:00:11    -2397.394556        0.077621
MDMin:  1272 11:00:12    -2397.394557        0.077948
MDMin:  1273 11:00:14    -2397.394557        0.078286
MDMin:  1274 11:00:15    -2397.394558        0.078637
MDMin:  1275 11:00:17    -2397.394558        0.079000
MDMin:  1276 11:00:18    -2397.394558        0.079376
MDMin:  1277 11:00:20    -2397.394559        0.079765
MDMin:  1278 11:00:21    -2397.394559        0.080168
MDMin:  1279 11:00:22    -2397.394560        0.080585
MDMin:  1280 11:00:24    -2397.394560        0.081016
MDMin:  1281 11:00:25    -2397.394561        0.081461
MDMin:  1282 11:00:27    -2397.394561        0.081921
MDMin:  1283 11:00:29    -2397.394562        0.082397
MDMin:  1284 11:00:31    -2397.394562        0.082887
MDMin:  1285 11:00:33    -2397.394562        0.083393
MDMin:  1286 11:00:34    -2397.394563        0.083915
MDMin:  1287 11:00:36    -2397.394563        0.084453
MDMin:  1288 11:00:38    -2397.394564        0.085007
MDMin:  1289 11:00:39    -2397.394564        0.085576
MDMin:  1290 11:00:41    -2397.394565        0.086163
MDMin:  1291 11:00:44    -2397.394565        0.086763
MDMin:  1292 11:00:46    -2397.394566        0.087379
MDMin:  1293 11:00:48    -2397.394566        0.087995
MDMin:  1294 11:00:50    -2397.394567        0.088610
MDMin:  1295 11:00:52    -2397.394567        0.089162
MDMin:  1296 11:00:54    -2397.394567        0.089638
MDMin:  1297 11:00:56    -2397.394568        0.090022
MDMin:  1298 11:00:57    -2397.394568        0.090388
MDMin:  1299 11:00:59    -2397.394568        0.090752
MDMin:  1300 11:01:00    -2397.394568        0.091125
MDMin:  1301 11:01:02    -2397.394569        0.091507
MDMin:  1302 11:01:03    -2397.394569        0.091898
MDMin:  1303 11:01:05    -2397.394569        0.092299
MDMin:  1304 11:01:07    -2397.394569        0.092710
MDMin:  1305 11:01:09    -2397.394570        0.093130
MDMin:  1306 11:01:11    -2397.394570        0.093560
MDMin:  1307 11:01:13    -2397.394570        0.094000
MDMin:  1308 11:01:14    -2397.394571        0.094449
MDMin:  1309 11:01:16    -2397.394571        0.094908
MDMin:  1310 11:01:17    -2397.394571        0.095377
MDMin:  1311 11:01:19    -2397.394571        0.095855
MDMin:  1312 11:01:20    -2397.394572        0.096343
MDMin:  1313 11:01:22    -2397.394572        0.096841
MDMin:  1314 11:01:23    -2397.394572        0.097347
MDMin:  1315 11:01:25    -2397.394573        0.097863
MDMin:  1316 11:01:26    -2397.394573        0.098388
MDMin:  1317 11:01:27    -2397.394573        0.098921
MDMin:  1318 11:01:29    -2397.394574        0.099463
MDMin:  1319 11:01:31    -2397.394574        0.100013
MDMin:  1320 11:01:33    -2397.394574        0.100572
MDMin:  1321 11:01:35    -2397.394575        0.101138
MDMin:  1322 11:01:37    -2397.394575        0.101711
MDMin:  1323 11:01:39    -2397.394575        0.102292
MDMin:  1324 11:01:40    -2397.394576        0.102879
MDMin:  1325 11:01:42    -2397.394576        0.103472
MDMin:  1326 11:01:44    -2397.394576        0.104071
MDMin:  1327 11:01:46    -2397.394577        0.104674
MDMin:  1328 11:01:48    -2397.394577        0.105283
MDMin:  1329 11:01:50    -2397.394577        0.105895
MDMin:  1330 11:01:51    -2397.394578        0.106511
MDMin:  1331 11:01:53    -2397.394578        0.107129
MDMin:  1332 11:01:55    -2397.394578        0.107749
MDMin:  1333 11:01:57    -2397.394579        0.108369
MDMin:  1334 11:01:59    -2397.394579        0.108994
MDMin:  1335 11:02:00    -2397.394579        0.109622
MDMin:  1336 11:02:02    -2397.394580        0.110254
MDMin:  1337 11:02:04    -2397.394580        0.110889
MDMin:  1338 11:02:05    -2397.394580        0.111526
MDMin:  1339 11:02:06    -2397.394581        0.112165
MDMin:  1340 11:02:08    -2397.394581        0.112805
MDMin:  1341 11:02:10    -2397.394582        0.113444
MDMin:  1342 11:02:12    -2397.394582        0.114083
MDMin:  1343 11:02:13    -2397.394582        0.114720
MDMin:  1344 11:02:14    -2397.394583        0.115354
MDMin:  1345 11:02:16    -2397.394583        0.115984
MDMin:  1346 11:02:18    -2397.394583        0.116610
MDMin:  1347 11:02:19    -2397.394584        0.117230
MDMin:  1348 11:02:21    -2397.394584        0.117843
MDMin:  1349 11:02:22    -2397.394585        0.118448
MDMin:  1350 11:02:24    -2397.394585        0.119044
MDMin:  1351 11:02:26    -2397.394585        0.119631
MDMin:  1352 11:02:28    -2397.394586        0.120207
MDMin:  1353 11:02:29    -2397.394586        0.120770
MDMin:  1354 11:02:31    -2397.394587        0.121320
MDMin:  1355 11:02:32    -2397.394587        0.121855
MDMin:  1356 11:02:34    -2397.394587        0.122375
MDMin:  1357 11:02:36    -2397.394588        0.122875
MDMin:  1358 11:02:38    -2397.394588        0.123353
MDMin:  1359 11:02:40    -2397.394589        0.123794
MDMin:  1360 11:02:42    -2397.394589        0.124187
MDMin:  1361 11:02:44    -2397.394589        0.124502
MDMin:  1362 11:02:46    -2397.394590        0.124757
MDMin:  1363 11:02:48    -2397.394590        0.124974
MDMin:  1364 11:02:50    -2397.394590        0.125181
MDMin:  1365 11:02:52    -2397.394590        0.125382
MDMin:  1366 11:02:54    -2397.394591        0.125579
MDMin:  1367 11:02:56    -2397.394591        0.125772
MDMin:  1368 11:02:57    -2397.394591        0.125960
MDMin:  1369 11:02:59    -2397.394591        0.126143
MDMin:  1370 11:03:01    -2397.394592        0.126321
MDMin:  1371 11:03:02    -2397.394592        0.126493
MDMin:  1372 11:03:04    -2397.394592        0.126659
MDMin:  1373 11:03:06    -2397.394592        0.126818
MDMin:  1374 11:03:07    -2397.394593        0.126969
MDMin:  1375 11:03:08    -2397.394593        0.127113
MDMin:  1376 11:03:10    -2397.394593        0.127249
MDMin:  1377 11:03:12    -2397.394593        0.127377
MDMin:  1378 11:03:14    -2397.394594        0.127495
MDMin:  1379 11:03:16    -2397.394594        0.127603
MDMin:  1380 11:03:17    -2397.394594        0.127702
MDMin:  1381 11:03:18    -2397.394595        0.127791
MDMin:  1382 11:03:19    -2397.394595        0.127868
MDMin:  1383 11:03:20    -2397.394595        0.127935
MDMin:  1384 11:03:22    -2397.394595        0.127990
MDMin:  1385 11:03:23    -2397.394596        0.128033
MDMin:  1386 11:03:24    -2397.394596        0.128064
MDMin:  1387 11:03:25    -2397.394596        0.128083
MDMin:  1388 11:03:27    -2397.394597        0.128090
MDMin:  1389 11:03:28    -2397.394597        0.128083
MDMin:  1390 11:03:29    -2397.394597        0.128064
MDMin:  1391 11:03:31    -2397.394598        0.128031
MDMin:  1392 11:03:32    -2397.394598        0.127984
MDMin:  1393 11:03:33    -2397.394598        0.127923
MDMin:  1394 11:03:34    -2397.394599        0.127849
MDMin:  1395 11:03:36    -2397.394599        0.127759
MDMin:  1396 11:03:37    -2397.394599        0.127656
MDMin:  1397 11:03:38    -2397.394600        0.127538
MDMin:  1398 11:03:39    -2397.394600        0.127405
MDMin:  1399 11:03:41    -2397.394600        0.127258
MDMin:  1400 11:03:42    -2397.394601        0.127095
MDMin:  1401 11:03:43    -2397.394601        0.126917
MDMin:  1402 11:03:44    -2397.394602        0.126722
MDMin:  1403 11:03:46    -2397.394602        0.126512
MDMin:  1404 11:03:47    -2397.394602        0.126773
MDMin:  1405 11:03:48    -2397.394603        0.127338
MDMin:  1406 11:03:49    -2397.394603        0.127826
MDMin:  1407 11:03:51    -2397.394603        0.128424
MDMin:  1408 11:03:52    -2397.394604        0.128816
MDMin:  1409 11:03:53    -2397.394604        0.129496
MDMin:  1410 11:03:55    -2397.394604        0.129658
MDMin:  1411 11:03:57    -2397.394605        0.130350
MDMin:  1412 11:03:58    -2397.394605        0.130372
MDMin:  1413 11:03:59    -2397.394605        0.130802
MDMin:  1414 11:04:01    -2397.394605        0.130978
MDMin:  1415 11:04:02    -2397.394606        0.131274
MDMin:  1416 11:04:03    -2397.394606        0.131511
MDMin:  1417 11:04:04    -2397.394606        0.131779
MDMin:  1418 11:04:05    -2397.394606        0.132031
MDMin:  1419 11:04:07    -2397.394607        0.132293
MDMin:  1420 11:04:08    -2397.394607        0.132549
MDMin:  1421 11:04:09    -2397.394607        0.132808
MDMin:  1422 11:04:10    -2397.394607        0.133065
MDMin:  1423 11:04:12    -2397.394608        0.133324
MDMin:  1424 11:04:13    -2397.394608        0.133580
MDMin:  1425 11:04:14    -2397.394608        0.133836
MDMin:  1426 11:04:16    -2397.394608        0.134090
MDMin:  1427 11:04:17    -2397.394609        0.134344
MDMin:  1428 11:04:18    -2397.394609        0.134595
MDMin:  1429 11:04:19    -2397.394609        0.134845
MDMin:  1430 11:04:21    -2397.394609        0.135092
MDMin:  1431 11:04:22    -2397.394610        0.135337
MDMin:  1432 11:04:23    -2397.394610        0.135579
MDMin:  1433 11:04:25    -2397.394610        0.135819
MDMin:  1434 11:04:26    -2397.394610        0.136055
MDMin:  1435 11:04:27    -2397.394611        0.136288
MDMin:  1436 11:04:29    -2397.394611        0.136518
MDMin:  1437 11:04:30    -2397.394611        0.136743
MDMin:  1438 11:04:31    -2397.394612        0.136964
MDMin:  1439 11:04:32    -2397.394612        0.137181
MDMin:  1440 11:04:34    -2397.394612        0.137392
MDMin:  1441 11:04:35    -2397.394613        0.137600
MDMin:  1442 11:04:36    -2397.394613        0.137801
MDMin:  1443 11:04:37    -2397.394613        0.137998
MDMin:  1444 11:04:39    -2397.394614        0.138187
MDMin:  1445 11:04:40    -2397.394614        0.138372
MDMin:  1446 11:04:41    -2397.394614        0.138548
MDMin:  1447 11:04:42    -2397.394615        0.138721
MDMin:  1448 11:04:44    -2397.394615        0.138881
MDMin:  1449 11:04:45    -2397.394615        0.139043
MDMin:  1450 11:04:46    -2397.394616        0.139182
MDMin:  1451 11:04:48    -2397.394616        0.139337
MDMin:  1452 11:04:49    -2397.394616        0.139446
MDMin:  1453 11:04:51    -2397.394617        0.139606
MDMin:  1454 11:04:53    -2397.394617        0.139658
MDMin:  1455 11:04:55    -2397.394617        0.139863
MDMin:  1456 11:04:57    -2397.394618        0.139788
MDMin:  1457 11:04:59    -2397.394618        0.140131
MDMin:  1458 11:05:01    -2397.394618        0.139824
MDMin:  1459 11:05:03    -2397.394619        0.140254
MDMin:  1460 11:05:04    -2397.394619        0.140005
MDMin:  1461 11:05:06    -2397.394619        0.140171
MDMin:  1462 11:05:08    -2397.394619        0.140125
MDMin:  1463 11:05:09    -2397.394619        0.140170
MDMin:  1464 11:05:11    -2397.394620        0.140168
MDMin:  1465 11:05:12    -2397.394620        0.140183
MDMin:  1466 11:05:13    -2397.394620        0.140183
MDMin:  1467 11:05:14    -2397.394620        0.140186
MDMin:  1468 11:05:16    -2397.394620        0.140180
MDMin:  1469 11:05:17    -2397.394621        0.140172
MDMin:  1470 11:05:18    -2397.394621        0.140158
MDMin:  1471 11:05:19    -2397.394621        0.140140
MDMin:  1472 11:05:21    -2397.394621        0.140115
MDMin:  1473 11:05:22    -2397.394622        0.140085
MDMin:  1474 11:05:23    -2397.394622        0.140049
MDMin:  1475 11:05:24    -2397.394622        0.140006
MDMin:  1476 11:05:26    -2397.394622        0.139957
MDMin:  1477 11:05:27    -2397.394623        0.139900
MDMin:  1478 11:05:29    -2397.394623        0.139836
MDMin:  1479 11:05:30    -2397.394623        0.139764
MDMin:  1480 11:05:32    -2397.394623        0.139684
MDMin:  1481 11:05:34    -2397.394624        0.139594
MDMin:  1482 11:05:36    -2397.394624        0.139496
MDMin:  1483 11:05:37    -2397.394624        0.139388
MDMin:  1484 11:05:38    -2397.394624        0.139270
MDMin:  1485 11:05:40    -2397.394625        0.139154
MDMin:  1486 11:05:41    -2397.394625        0.139040
MDMin:  1487 11:05:42    -2397.394625        0.138931
MDMin:  1488 11:05:44    -2397.394626        0.138825
MDMin:  1489 11:05:46    -2397.394626        0.138723
MDMin:  1490 11:05:48    -2397.394626        0.138625
MDMin:  1491 11:05:49    -2397.394626        0.138531
MDMin:  1492 11:05:51    -2397.394627        0.138439
MDMin:  1493 11:05:53    -2397.394627        0.138352
MDMin:  1494 11:05:55    -2397.394627        0.138266
MDMin:  1495 11:05:57    -2397.394628        0.138186
MDMin:  1496 11:05:58    -2397.394628        0.138104
MDMin:  1497 11:06:00    -2397.394628        0.138031
MDMin:  1498 11:06:02    -2397.394629        0.137951
MDMin:  1499 11:06:04    -2397.394629        0.137887
MDMin:  1500 11:06:05    -2397.394629        0.137802
MDMin:  1501 11:06:07    -2397.394630        0.137754
MDMin:  1502 11:06:09    -2397.394630        0.137650
MDMin:  1503 11:06:11    -2397.394630        0.137643
MDMin:  1504 11:06:13    -2397.394631        0.137487
MDMin:  1505 11:06:14    -2397.394631        0.137566
MDMin:  1506 11:06:16    -2397.394631        0.137383
MDMin:  1507 11:06:17    -2397.394631        0.137442
MDMin:  1508 11:06:18    -2397.394632        0.137356
MDMin:  1509 11:06:20    -2397.394632        0.137331
MDMin:  1510 11:06:21    -2397.394632        0.137280
MDMin:  1511 11:06:23    -2397.394632        0.137239
MDMin:  1512 11:06:24    -2397.394632        0.137192
MDMin:  1513 11:06:26    -2397.394633        0.137145
MDMin:  1514 11:06:27    -2397.394633        0.137097
MDMin:  1515 11:06:29    -2397.394633        0.137047
MDMin:  1516 11:06:31    -2397.394633        0.136994
MDMin:  1517 11:06:33    -2397.394633        0.136940
MDMin:  1518 11:06:35    -2397.394634        0.136882
MDMin:  1519 11:06:37    -2397.394634        0.136822
MDMin:  1520 11:06:38    -2397.394634        0.136759
MDMin:  1521 11:06:40    -2397.394634        0.136692
MDMin:  1522 11:06:42    -2397.394634        0.136621
MDMin:  1523 11:06:43    -2397.394635        0.136546
MDMin:  1524 11:06:44    -2397.394635        0.136466
MDMin:  1525 11:06:46    -2397.394635        0.136381
MDMin:  1526 11:06:47    -2397.394635        0.136290
MDMin:  1527 11:06:49    -2397.394636        0.136193
MDMin:  1528 11:06:50    -2397.394636        0.136090
MDMin:  1529 11:06:52    -2397.394636        0.135979
MDMin:  1530 11:06:53    -2397.394636        0.135859
MDMin:  1531 11:06:55    -2397.394637        0.135732
MDMin:  1532 11:06:57    -2397.394637        0.135594
MDMin:  1533 11:06:58    -2397.394637        0.135446
MDMin:  1534 11:06:59    -2397.394637        0.135287
MDMin:  1535 11:07:01    -2397.394638        0.135116
MDMin:  1536 11:07:02    -2397.394638        0.134932
MDMin:  1537 11:07:03    -2397.394638        0.134734
MDMin:  1538 11:07:04    -2397.394638        0.134520
MDMin:  1539 11:07:06    -2397.394639        0.134291
MDMin:  1540 11:07:07    -2397.394639        0.134043
MDMin:  1541 11:07:09    -2397.394639        0.133777
MDMin:  1542 11:07:11    -2397.394640        0.133491
MDMin:  1543 11:07:12    -2397.394640        0.133184
MDMin:  1544 11:07:13    -2397.394640        0.132854
MDMin:  1545 11:07:15    -2397.394640        0.132500
MDMin:  1546 11:07:17    -2397.394641        0.132121
MDMin:  1547 11:07:19    -2397.394641        0.131714
MDMin:  1548 11:07:20    -2397.394641        0.131280
MDMin:  1549 11:07:22    -2397.394642        0.130815
MDMin:  1550 11:07:23    -2397.394642        0.130320
MDMin:  1551 11:07:25    -2397.394642        0.129789
MDMin:  1552 11:07:26    -2397.394643        0.129229
MDMin:  1553 11:07:27    -2397.394643        0.128630
MDMin:  1554 11:07:28    -2397.394643        0.128020
MDMin:  1555 11:07:30    -2397.394643        0.127393
MDMin:  1556 11:07:31    -2397.394644        0.126858
MDMin:  1557 11:07:32    -2397.394644        0.126404
MDMin:  1558 11:07:34    -2397.394644        0.126039
MDMin:  1559 11:07:36    -2397.394644        0.125662
MDMin:  1560 11:07:38    -2397.394644        0.125278
MDMin:  1561 11:07:40    -2397.394645        0.124877
MDMin:  1562 11:07:42    -2397.394645        0.124462
MDMin:  1563 11:07:44    -2397.394645        0.124030
MDMin:  1564 11:07:45    -2397.394645        0.123582
MDMin:  1565 11:07:46    -2397.394645        0.123118
MDMin:  1566 11:07:47    -2397.394645        0.122636
MDMin:  1567 11:07:49    -2397.394646        0.122137
MDMin:  1568 11:07:50    -2397.394646        0.121621
MDMin:  1569 11:07:52    -2397.394646        0.121086
MDMin:  1570 11:07:54    -2397.394646        0.120532
MDMin:  1571 11:07:56    -2397.394646        0.119960
MDMin:  1572 11:07:57    -2397.394647        0.119368
MDMin:  1573 11:07:59    -2397.394647        0.118758
MDMin:  1574 11:08:01    -2397.394647        0.118127
MDMin:  1575 11:08:03    -2397.394647        0.117477
MDMin:  1576 11:08:05    -2397.394647        0.116807
MDMin:  1577 11:08:07    -2397.394648        0.116118
MDMin:  1578 11:08:09    -2397.394648        0.115408
MDMin:  1579 11:08:11    -2397.394648        0.114678
MDMin:  1580 11:08:13    -2397.394648        0.113928
MDMin:  1581 11:08:15    -2397.394649        0.113158
MDMin:  1582 11:08:16    -2397.394649        0.112369
MDMin:  1583 11:08:17    -2397.394649        0.111560
MDMin:  1584 11:08:18    -2397.394649        0.110735
MDMin:  1585 11:08:19    -2397.394649        0.109894
MDMin:  1586 11:08:21    -2397.394650        0.109036
MDMin:  1587 11:08:23    -2397.394650        0.108163
MDMin:  1588 11:08:24    -2397.394650        0.107275
MDMin:  1589 11:08:26    -2397.394650        0.106372
MDMin:  1590 11:08:28    -2397.394651        0.105455
MDMin:  1591 11:08:30    -2397.394651        0.104524
MDMin:  1592 11:08:32    -2397.394651        0.103580
MDMin:  1593 11:08:34    -2397.394651        0.102624
MDMin:  1594 11:08:35    -2397.394652        0.101657
MDMin:  1595 11:08:36    -2397.394652        0.100678
MDMin:  1596 11:08:37    -2397.394652        0.099689
MDMin:  1597 11:08:39    -2397.394653        0.098690
MDMin:  1598 11:08:41    -2397.394653        0.097683
MDMin:  1599 11:08:43    -2397.394653        0.096667
MDMin:  1600 11:08:45    -2397.394653        0.095645
MDMin:  1601 11:08:47    -2397.394654        0.094849
MDMin:  1602 11:08:49    -2397.394654        0.094755
MDMin:  1603 11:08:50    -2397.394654        0.094625
MDMin:  1604 11:08:52    -2397.394655        0.094571
MDMin:  1605 11:08:53    -2397.394655        0.094391
MDMin:  1606 11:08:55    -2397.394655        0.094455
MDMin:  1607 11:08:57    -2397.394655        0.094113
MDMin:  1608 11:08:58    -2397.394656        0.094433
MDMin:  1609 11:09:00    -2397.394656        0.094009
MDMin:  1610 11:09:01    -2397.394656        0.094199
MDMin:  1611 11:09:03    -2397.394656        0.094079
MDMin:  1612 11:09:05    -2397.394656        0.094081
MDMin:  1613 11:09:06    -2397.394656        0.094052
MDMin:  1614 11:09:08    -2397.394657        0.094359
MDMin:  1615 11:09:10    -2397.394657        0.094674
MDMin:  1616 11:09:12    -2397.394657        0.094999
MDMin:  1617 11:09:14    -2397.394657        0.095332
MDMin:  1618 11:09:15    -2397.394657        0.095674
MDMin:  1619 11:09:17    -2397.394657        0.096025
MDMin:  1620 11:09:19    -2397.394658        0.096386
MDMin:  1621 11:09:20    -2397.394658        0.096756
MDMin:  1622 11:09:22    -2397.394658        0.097135
MDMin:  1623 11:09:23    -2397.394658        0.097523
MDMin:  1624 11:09:25    -2397.394658        0.097922
MDMin:  1625 11:09:26    -2397.394658        0.098330
MDMin:  1626 11:09:28    -2397.394659        0.098748
MDMin:  1627 11:09:29    -2397.394659        0.099177
MDMin:  1628 11:09:30    -2397.394659        0.099615
MDMin:  1629 11:09:32    -2397.394659        0.100064
MDMin:  1630 11:09:33    -2397.394659        0.100524
MDMin:  1631 11:09:35    -2397.394660        0.100995
MDMin:  1632 11:09:36    -2397.394660        0.101476
MDMin:  1633 11:09:37    -2397.394660        0.101969
MDMin:  1634 11:09:39    -2397.394660        0.102473
MDMin:  1635 11:09:41    -2397.394660        0.102989
MDMin:  1636 11:09:43    -2397.394661        0.103517
MDMin:  1637 11:09:45    -2397.394661        0.104056
MDMin:  1638 11:09:47    -2397.394661        0.104608
MDMin:  1639 11:09:48    -2397.394661        0.105171
MDMin:  1640 11:09:49    -2397.394662        0.105748
MDMin:  1641 11:09:51    -2397.394662        0.106336
MDMin:  1642 11:09:52    -2397.394662        0.106938
MDMin:  1643 11:09:53    -2397.394662        0.107552
MDMin:  1644 11:09:55    -2397.394662        0.108180
MDMin:  1645 11:09:56    -2397.394663        0.108820
MDMin:  1646 11:09:57    -2397.394663        0.109474
MDMin:  1647 11:09:59    -2397.394663        0.110141
MDMin:  1648 11:10:00    -2397.394663        0.110821
MDMin:  1649 11:10:02    -2397.394664        0.111514
MDMin:  1650 11:10:04    -2397.394664        0.112221
MDMin:  1651 11:10:05    -2397.394664        0.112940
MDMin:  1652 11:10:06    -2397.394664        0.113673
MDMin:  1653 11:10:08    -2397.394665        0.114419
MDMin:  1654 11:10:09    -2397.394665        0.115178
MDMin:  1655 11:10:10    -2397.394665        0.115949
MDMin:  1656 11:10:11    -2397.394665        0.116733
MDMin:  1657 11:10:13    -2397.394666        0.117528
MDMin:  1658 11:10:14    -2397.394666        0.118336
MDMin:  1659 11:10:15    -2397.394666        0.119155
MDMin:  1660 11:10:16    -2397.394666        0.119985
MDMin:  1661 11:10:18    -2397.394667        0.120826
MDMin:  1662 11:10:19    -2397.394667        0.121676
MDMin:  1663 11:10:20    -2397.394667        0.122536
MDMin:  1664 11:10:22    -2397.394667        0.123402
MDMin:  1665 11:10:24    -2397.394668        0.124273
MDMin:  1666 11:10:26    -2397.394668        0.125132
MDMin:  1667 11:10:28    -2397.394668        0.125963
MDMin:  1668 11:10:29    -2397.394668        0.126688
MDMin:  1669 11:10:30    -2397.394669        0.127277
MDMin:  1670 11:10:31    -2397.394669        0.127737
MDMin:  1671 11:10:33    -2397.394669        0.128174
MDMin:  1672 11:10:35    -2397.394669        0.128607
MDMin:  1673 11:10:36    -2397.394669        0.129049
MDMin:  1674 11:10:38    -2397.394669        0.129499
MDMin:  1675 11:10:40    -2397.394669        0.129958
MDMin:  1676 11:10:42    -2397.394670        0.130426
MDMin:  1677 11:10:44    -2397.394670        0.130902
MDMin:  1678 11:10:46    -2397.394670        0.131385
MDMin:  1679 11:10:47    -2397.394670        0.131876
MDMin:  1680 11:10:49    -2397.394670        0.132373
MDMin:  1681 11:10:50    -2397.394670        0.132877
MDMin:  1682 11:10:51    -2397.394670        0.133388
MDMin:  1683 11:10:53    -2397.394671        0.133903
MDMin:  1684 11:10:55    -2397.394671        0.134424
MDMin:  1685 11:10:56    -2397.394671        0.134950
MDMin:  1686 11:10:58    -2397.394671        0.135480
MDMin:  1687 11:10:59    -2397.394671        0.136013
MDMin:  1688 11:11:00    -2397.394671        0.136550
MDMin:  1689 11:11:01    -2397.394672        0.137089
MDMin:  1690 11:11:03    -2397.394672        0.137629
MDMin:  1691 11:11:04    -2397.394672        0.138171
MDMin:  1692 11:11:06    -2397.394672        0.138712
MDMin:  1693 11:11:08    -2397.394672        0.139253
MDMin:  1694 11:11:10    -2397.394672        0.139793
MDMin:  1695 11:11:12    -2397.394673        0.140330
MDMin:  1696 11:11:14    -2397.394673        0.140863
MDMin:  1697 11:11:15    -2397.394673        0.141391
MDMin:  1698 11:11:17    -2397.394673        0.141913
MDMin:  1699 11:11:19    -2397.394673        0.142428
MDMin:  1700 11:11:21    -2397.394674        0.142933
MDMin:  1701 11:11:23    -2397.394674        0.143427
MDMin:  1702 11:11:25    -2397.394674        0.143909
MDMin:  1703 11:11:27    -2397.394674        0.144376
MDMin:  1704 11:11:28    -2397.394674        0.144827
MDMin:  1705 11:11:29    -2397.394675        0.145258
MDMin:  1706 11:11:30    -2397.394675        0.145667
MDMin:  1707 11:11:32    -2397.394675        0.146052
MDMin:  1708 11:11:34    -2397.394675        0.146409
MDMin:  1709 11:11:36    -2397.394675        0.146735
MDMin:  1710 11:11:37    -2397.394676        0.147028
MDMin:  1711 11:11:39    -2397.394676        0.147282
MDMin:  1712 11:11:41    -2397.394676        0.147495
MDMin:  1713 11:11:43    -2397.394676        0.147663
MDMin:  1714 11:11:45    -2397.394676        0.147781
MDMin:  1715 11:11:46    -2397.394677        0.147844
MDMin:  1716 11:11:48    -2397.394677        0.147850
MDMin:  1717 11:11:50    -2397.394677        0.147791
MDMin:  1718 11:11:52    -2397.394677        0.147665
MDMin:  1719 11:11:53    -2397.394677        0.147467
MDMin:  1720 11:11:55    -2397.394678        0.147190
MDMin:  1721 11:11:56    -2397.394678        0.146831
MDMin:  1722 11:11:57    -2397.394678        0.146385
MDMin:  1723 11:11:59    -2397.394678        0.145848
MDMin:  1724 11:12:00    -2397.394678        0.145214
MDMin:  1725 11:12:02    -2397.394679        0.144480
MDMin:  1726 11:12:04    -2397.394679        0.143641
MDMin:  1727 11:12:06    -2397.394679        0.142694
MDMin:  1728 11:12:08    -2397.394679        0.141635
MDMin:  1729 11:12:09    -2397.394680        0.140462
MDMin:  1730 11:12:11    -2397.394680        0.139171
MDMin:  1731 11:12:13    -2397.394680        0.137763
MDMin:  1732 11:12:14    -2397.394680        0.136234
MDMin:  1733 11:12:16    -2397.394680        0.134599
MDMin:  1734 11:12:18    -2397.394681        0.132854
MDMin:  1735 11:12:20    -2397.394681        0.131061
MDMin:  1736 11:12:22    -2397.394681        0.129256
MDMin:  1737 11:12:24    -2397.394681        0.127619
MDMin:  1738 11:12:26    -2397.394681        0.126146
MDMin:  1739 11:12:28    -2397.394682        0.124823
MDMin:  1740 11:12:29    -2397.394682        0.123498
MDMin:  1741 11:12:31    -2397.394682        0.122153
MDMin:  1742 11:12:32    -2397.394682        0.120758
MDMin:  1743 11:12:34    -2397.394682        0.119793
MDMin:  1744 11:12:35    -2397.394682        0.119777
MDMin:  1745 11:12:36    -2397.394682        0.119740
MDMin:  1746 11:12:38    -2397.394683        0.119693
MDMin:  1747 11:12:39    -2397.394683        0.119627
MDMin:  1748 11:12:40    -2397.394683        0.119548
MDMin:  1749 11:12:41    -2397.394683        0.119450
MDMin:  1750 11:12:42    -2397.394683        0.119334
MDMin:  1751 11:12:43    -2397.394683        0.119200
MDMin:  1752 11:12:45    -2397.394683        0.119046
MDMin:  1753 11:12:46    -2397.394684        0.118871
MDMin:  1754 11:12:47    -2397.394684        0.118675
MDMin:  1755 11:12:48    -2397.394684        0.118456
MDMin:  1756 11:12:50    -2397.394684        0.118215
MDMin:  1757 11:12:51    -2397.394684        0.117950
MDMin:  1758 11:12:52    -2397.394684        0.117661
MDMin:  1759 11:12:54    -2397.394685        0.117346
MDMin:  1760 11:12:56    -2397.394685        0.117006
MDMin:  1761 11:12:58    -2397.394685        0.116639
MDMin:  1762 11:12:59    -2397.394685        0.116246
MDMin:  1763 11:13:00    -2397.394685        0.115825
MDMin:  1764 11:13:02    -2397.394686        0.115377
MDMin:  1765 11:13:03    -2397.394686        0.114900
MDMin:  1766 11:13:04    -2397.394686        0.114397
MDMin:  1767 11:13:06    -2397.394686        0.113864
MDMin:  1768 11:13:07    -2397.394686        0.113306
MDMin:  1769 11:13:08    -2397.394687        0.112716
MDMin:  1770 11:13:10    -2397.394687        0.112106
MDMin:  1771 11:13:12    -2397.394687        0.111460
MDMin:  1772 11:13:13    -2397.394687        0.110807
MDMin:  1773 11:13:15    -2397.394687        0.110117
MDMin:  1774 11:13:16    -2397.394688        0.109470
MDMin:  1775 11:13:17    -2397.394688        0.108841
MDMin:  1776 11:13:19    -2397.394688        0.108397
MDMin:  1777 11:13:20    -2397.394688        0.108005
MDMin:  1778 11:13:21    -2397.394688        0.107653
MDMin:  1779 11:13:23    -2397.394688        0.107285
MDMin:  1780 11:13:24    -2397.394688        0.106913
MDMin:  1781 11:13:25    -2397.394689        0.106534
MDMin:  1782 11:13:27    -2397.394689        0.106150
MDMin:  1783 11:13:29    -2397.394689        0.105760
MDMin:  1784 11:13:30    -2397.394689        0.105365
MDMin:  1785 11:13:32    -2397.394689        0.104966
MDMin:  1786 11:13:34    -2397.394689        0.104562
MDMin:  1787 11:13:36    -2397.394689        0.104154
MDMin:  1788 11:13:37    -2397.394690        0.103742
MDMin:  1789 11:13:39    -2397.394690        0.103327
MDMin:  1790 11:13:40    -2397.394690        0.102909
MDMin:  1791 11:13:42    -2397.394690        0.102488
MDMin:  1792 11:13:44    -2397.394690        0.102066
MDMin:  1793 11:13:45    -2397.394690        0.101641
MDMin:  1794 11:13:47    -2397.394690        0.101216
MDMin:  1795 11:13:48    -2397.394691        0.100789
MDMin:  1796 11:13:50    -2397.394691        0.100363
MDMin:  1797 11:13:51    -2397.394691        0.099937
MDMin:  1798 11:13:53    -2397.394691        0.099511
MDMin:  1799 11:13:54    -2397.394691        0.099087
MDMin:  1800 11:13:55    -2397.394691        0.098665
MDMin:  1801 11:13:57    -2397.394692        0.098246
MDMin:  1802 11:13:58    -2397.394692        0.097829
MDMin:  1803 11:13:59    -2397.394692        0.097415
MDMin:  1804 11:14:01    -2397.394692        0.097006
MDMin:  1805 11:14:03    -2397.394692        0.096601
MDMin:  1806 11:14:04    -2397.394693        0.096201
MDMin:  1807 11:14:06    -2397.394693        0.095806
MDMin:  1808 11:14:07    -2397.394693        0.095417
MDMin:  1809 11:14:08    -2397.394693        0.095034
MDMin:  1810 11:14:10    -2397.394693        0.094657
MDMin:  1811 11:14:11    -2397.394694        0.094289
MDMin:  1812 11:14:12    -2397.394694        0.093923
MDMin:  1813 11:14:14    -2397.394694        0.093575
MDMin:  1814 11:14:15    -2397.394694        0.093216
MDMin:  1815 11:14:16    -2397.394694        0.092911
MDMin:  1816 11:14:18    -2397.394695        0.092555
MDMin:  1817 11:14:19    -2397.394695        0.092395
MDMin:  1818 11:14:20    -2397.394695        0.092165
MDMin:  1819 11:14:22    -2397.394695        0.092068
MDMin:  1820 11:14:23    -2397.394695        0.091928
MDMin:  1821 11:14:25    -2397.394695        0.091800
MDMin:  1822 11:14:27    -2397.394695        0.091667
MDMin:  1823 11:14:29    -2397.394696        0.091535
MDMin:  1824 11:14:31    -2397.394696        0.091402
MDMin:  1825 11:14:32    -2397.394696        0.091268
MDMin:  1826 11:14:34    -2397.394696        0.091134
MDMin:  1827 11:14:36    -2397.394696        0.090999
MDMin:  1828 11:14:37    -2397.394696        0.090864
MDMin:  1829 11:14:39    -2397.394696        0.090728
MDMin:  1830 11:14:40    -2397.394696        0.090593
MDMin:  1831 11:14:42    -2397.394696        0.090456
MDMin:  1832 11:14:44    -2397.394697        0.090320
MDMin:  1833 11:14:45    -2397.394697        0.090183
MDMin:  1834 11:14:47    -2397.394697        0.090045
MDMin:  1835 11:14:48    -2397.394697        0.089908
MDMin:  1836 11:14:50    -2397.394697        0.089770
MDMin:  1837 11:14:52    -2397.394697        0.089631
MDMin:  1838 11:14:53    -2397.394697        0.089493
MDMin:  1839 11:14:54    -2397.394697        0.089353
MDMin:  1840 11:14:56    -2397.394698        0.089213
MDMin:  1841 11:14:57    -2397.394698        0.089073
MDMin:  1842 11:14:59    -2397.394698        0.088931
MDMin:  1843 11:15:00    -2397.394698        0.088789
MDMin:  1844 11:15:02    -2397.394698        0.088646
MDMin:  1845 11:15:03    -2397.394698        0.088502
MDMin:  1846 11:15:06    -2397.394699        0.088356
MDMin:  1847 11:15:08    -2397.394699        0.088210
MDMin:  1848 11:15:09    -2397.394699        0.088061
MDMin:  1849 11:15:11    -2397.394699        0.087912
MDMin:  1850 11:15:12    -2397.394699        0.087760
MDMin:  1851 11:15:14    -2397.394699        0.087606
MDMin:  1852 11:15:15    -2397.394700        0.087450
MDMin:  1853 11:15:17    -2397.394700        0.087292
MDMin:  1854 11:15:18    -2397.394700        0.087131
MDMin:  1855 11:15:20    -2397.394700        0.086967
MDMin:  1856 11:15:21    -2397.394700        0.086800
MDMin:  1857 11:15:23    -2397.394700        0.086629
MDMin:  1858 11:15:25    -2397.394701        0.086455
MDMin:  1859 11:15:27    -2397.394701        0.086277
MDMin:  1860 11:15:28    -2397.394701        0.086095
MDMin:  1861 11:15:30    -2397.394701        0.085909
MDMin:  1862 11:15:31    -2397.394701        0.085717
MDMin:  1863 11:15:33    -2397.394702        0.085521
MDMin:  1864 11:15:35    -2397.394702        0.085320
MDMin:  1865 11:15:37    -2397.394702        0.085113
MDMin:  1866 11:15:39    -2397.394702        0.084900
MDMin:  1867 11:15:41    -2397.394702        0.084682
MDMin:  1868 11:15:43    -2397.394703        0.084455
MDMin:  1869 11:15:45    -2397.394703        0.084226
MDMin:  1870 11:15:47    -2397.394703        0.083981
MDMin:  1871 11:15:49    -2397.394703        0.083747
MDMin:  1872 11:15:50    -2397.394703        0.083470
MDMin:  1873 11:15:52    -2397.394704        0.083262
MDMin:  1874 11:15:53    -2397.394704        0.082914
MDMin:  1875 11:15:55    -2397.394704        0.082853
MDMin:  1876 11:15:57    -2397.394704        0.082525
MDMin:  1877 11:15:59    -2397.394704        0.082506
MDMin:  1878 11:16:00    -2397.394704        0.082361
MDMin:  1879 11:16:02    -2397.394704        0.082247
MDMin:  1880 11:16:03    -2397.394704        0.082122
MDMin:  1881 11:16:04    -2397.394705        0.081996
MDMin:  1882 11:16:06    -2397.394705        0.081867
MDMin:  1883 11:16:08    -2397.394705        0.081735
MDMin:  1884 11:16:10    -2397.394705        0.081601
MDMin:  1885 11:16:12    -2397.394705        0.081464
MDMin:  1886 11:16:14    -2397.394705        0.081324
MDMin:  1887 11:16:16    -2397.394705        0.081181
MDMin:  1888 11:16:18    -2397.394705        0.081035
MDMin:  1889 11:16:20    -2397.394705        0.080886
MDMin:  1890 11:16:22    -2397.394706        0.080734
MDMin:  1891 11:16:24    -2397.394706        0.080579
MDMin:  1892 11:16:26    -2397.394706        0.080422
MDMin:  1893 11:16:28    -2397.394706        0.080261
MDMin:  1894 11:16:30    -2397.394706        0.080097
MDMin:  1895 11:16:32    -2397.394706        0.079930
MDMin:  1896 11:16:34    -2397.394706        0.079760
MDMin:  1897 11:16:36    -2397.394706        0.079587
MDMin:  1898 11:16:38    -2397.394706        0.079410
MDMin:  1899 11:16:40    -2397.394707        0.079230
MDMin:  1900 11:16:42    -2397.394707        0.079047
MDMin:  1901 11:16:44    -2397.394707        0.078861
MDMin:  1902 11:16:46    -2397.394707        0.078671
MDMin:  1903 11:16:48    -2397.394707        0.078478
MDMin:  1904 11:16:49    -2397.394707        0.078282
MDMin:  1905 11:16:51    -2397.394707        0.078082
MDMin:  1906 11:16:52    -2397.394708        0.077879
MDMin:  1907 11:16:54    -2397.394708        0.077672
MDMin:  1908 11:16:56    -2397.394708        0.077461
MDMin:  1909 11:16:58    -2397.394708        0.077247
MDMin:  1910 11:17:00    -2397.394708        0.077030
MDMin:  1911 11:17:02    -2397.394708        0.076809
MDMin:  1912 11:17:04    -2397.394708        0.076584
MDMin:  1913 11:17:05    -2397.394709        0.076355
MDMin:  1914 11:17:07    -2397.394709        0.076123
MDMin:  1915 11:17:09    -2397.394709        0.075887
MDMin:  1916 11:17:11    -2397.394709        0.075648
MDMin:  1917 11:17:13    -2397.394709        0.075404
MDMin:  1918 11:17:15    -2397.394709        0.075157
MDMin:  1919 11:17:17    -2397.394709        0.074906
MDMin:  1920 11:17:19    -2397.394710        0.074652
MDMin:  1921 11:17:21    -2397.394710        0.074393
MDMin:  1922 11:17:22    -2397.394710        0.074131
MDMin:  1923 11:17:24    -2397.394710        0.073865
MDMin:  1924 11:17:26    -2397.394710        0.073595
MDMin:  1925 11:17:28    -2397.394710        0.073321
MDMin:  1926 11:17:30    -2397.394711        0.073043
MDMin:  1927 11:17:32    -2397.394711        0.072762
MDMin:  1928 11:17:34    -2397.394711        0.072477
MDMin:  1929 11:17:36    -2397.394711        0.072188
MDMin:  1930 11:17:38    -2397.394711        0.071895
MDMin:  1931 11:17:40    -2397.394712        0.071598
MDMin:  1932 11:17:42    -2397.394712        0.071298
MDMin:  1933 11:17:44    -2397.394712        0.070994
MDMin:  1934 11:17:46    -2397.394712        0.070686
MDMin:  1935 11:17:48    -2397.394712        0.070376
MDMin:  1936 11:17:50    -2397.394712        0.070059
MDMin:  1937 11:17:52    -2397.394713        0.069744
MDMin:  1938 11:17:54    -2397.394713        0.069415
MDMin:  1939 11:17:56    -2397.394713        0.069103
MDMin:  1940 11:17:58    -2397.394713        0.068750
MDMin:  1941 11:17:59    -2397.394713        0.068470
MDMin:  1942 11:18:01    -2397.394714        0.068052
MDMin:  1943 11:18:02    -2397.394714        0.067929
MDMin:  1944 11:18:04    -2397.394714        0.079442
MDMin:  1945 11:18:06    -2397.394714        0.067498
MDMin:  1946 11:18:08    -2397.394714        0.067307
MDMin:  1947 11:18:10    -2397.394714        0.067177
MDMin:  1948 11:18:12    -2397.394714        0.067027
MDMin:  1949 11:18:14    -2397.394714        0.066879
MDMin:  1950 11:18:16    -2397.394714        0.066726
MDMin:  1951 11:18:18    -2397.394714        0.066571
MDMin:  1952 11:18:20    -2397.394715        0.066413
MDMin:  1953 11:18:21    -2397.394715        0.066370
MDMin:  1954 11:18:22    -2397.394715        0.066518
MDMin:  1955 11:18:24    -2397.394715        0.066669
MDMin:  1956 11:18:25    -2397.394715        0.066824
MDMin:  1957 11:18:26    -2397.394715        0.066982
MDMin:  1958 11:18:28    -2397.394715        0.067144
MDMin:  1959 11:18:29    -2397.394715        0.067308
MDMin:  1960 11:18:31    -2397.394715        0.067476
MDMin:  1961 11:18:32    -2397.394715        0.067648
MDMin:  1962 11:18:34    -2397.394716        0.067823
MDMin:  1963 11:18:36    -2397.394716        0.068001
MDMin:  1964 11:18:38    -2397.394716        0.068183
MDMin:  1965 11:18:40    -2397.394716        0.068368
MDMin:  1966 11:18:42    -2397.394716        0.068558
MDMin:  1967 11:18:43    -2397.394716        0.068753
MDMin:  1968 11:18:45    -2397.394716        0.068953
MDMin:  1969 11:18:47    -2397.394716        0.069158
MDMin:  1970 11:18:49    -2397.394716        0.069368
MDMin:  1971 11:18:51    -2397.394717        0.069585
MDMin:  1972 11:18:53    -2397.394717        0.069807
MDMin:  1973 11:18:54    -2397.394717        0.070036
MDMin:  1974 11:18:55    -2397.394717        0.070272
MDMin:  1975 11:18:57    -2397.394717        0.070514
MDMin:  1976 11:18:58    -2397.394717        0.070764
MDMin:  1977 11:18:59    -2397.394717        0.071022
MDMin:  1978 11:19:01    -2397.394717        0.071288
MDMin:  1979 11:19:02    -2397.394718        0.071563
MDMin:  1980 11:19:04    -2397.394718        0.071846
MDMin:  1981 11:19:05    -2397.394718        0.072139
MDMin:  1982 11:19:06    -2397.394718        0.072441
MDMin:  1983 11:19:08    -2397.394718        0.072754
MDMin:  1984 11:19:10    -2397.394718        0.073077
MDMin:  1985 11:19:12    -2397.394718        0.073411
MDMin:  1986 11:19:14    -2397.394719        0.073758
MDMin:  1987 11:19:15    -2397.394719        0.074116
MDMin:  1988 11:19:17    -2397.394719        0.074487
MDMin:  1989 11:19:19    -2397.394719        0.074871
MDMin:  1990 11:19:21    -2397.394719        0.075270
MDMin:  1991 11:19:23    -2397.394719        0.075683
MDMin:  1992 11:19:24    -2397.394719        0.076111
MDMin:  1993 11:19:26    -2397.394720        0.076556
MDMin:  1994 11:19:27    -2397.394720        0.077017
MDMin:  1995 11:19:29    -2397.394720        0.077496
MDMin:  1996 11:19:31    -2397.394720        0.077992
MDMin:  1997 11:19:32    -2397.394720        0.078508
MDMin:  1998 11:19:33    -2397.394720        0.079044
MDMin:  1999 11:19:34    -2397.394720        0.079601
MDMin:  2000 11:19:36    -2397.394721        0.080179
MDMin:  2001 11:19:37    -2397.394721        0.080781
MDMin:  2002 11:19:38    -2397.394721        0.081405
MDMin:  2003 11:19:40    -2397.394721        0.082055
MDMin:  2004 11:19:41    -2397.394721        0.082728
MDMin:  2005 11:19:42    -2397.394721        0.083431
MDMin:  2006 11:19:44    -2397.394722        0.084158
MDMin:  2007 11:19:45    -2397.394722        0.084919
MDMin:  2008 11:19:46    -2397.394722        0.085703
MDMin:  2009 11:19:47    -2397.394722        0.086525
MDMin:  2010 11:19:49    -2397.394722        0.087372
MDMin:  2011 11:19:50    -2397.394722        0.088256
MDMin:  2012 11:19:52    -2397.394723        0.089172
MDMin:  2013 11:19:53    -2397.394723        0.090091
MDMin:  2014 11:19:55    -2397.394723        0.091057
MDMin:  2015 11:19:56    -2397.394723        0.091830
MDMin:  2016 11:19:57    -2397.394723        0.092610
MDMin:  2017 11:19:59    -2397.394723        0.093074
MDMin:  2018 11:20:00    -2397.394723        0.093640
MDMin:  2019 11:20:01    -2397.394723        0.094153
MDMin:  2020 11:20:02    -2397.394723        0.094711
MDMin:  2021 11:20:04    -2397.394724        0.095277
MDMin:  2022 11:20:06    -2397.394724        0.095868
MDMin:  2023 11:20:07    -2397.394724        0.096476
MDMin:  2024 11:20:08    -2397.394724        0.097106
MDMin:  2025 11:20:10    -2397.394724        0.097757
MDMin:  2026 11:20:11    -2397.394724        0.098429
MDMin:  2027 11:20:13    -2397.394724        0.099124
MDMin:  2028 11:20:14    -2397.394724        0.099841
MDMin:  2029 11:20:16    -2397.394724        0.100581
MDMin:  2030 11:20:17    -2397.394724        0.101345
MDMin:  2031 11:20:18    -2397.394724        0.102133
MDMin:  2032 11:20:20    -2397.394725        0.102946
MDMin:  2033 11:20:22    -2397.394725        0.103785
MDMin:  2034 11:20:23    -2397.394725        0.104649
MDMin:  2035 11:20:24    -2397.394725        0.105540
MDMin:  2036 11:20:26    -2397.394725        0.106458
MDMin:  2037 11:20:27    -2397.394725        0.107404
MDMin:  2038 11:20:29    -2397.394725        0.108379
MDMin:  2039 11:20:31    -2397.394725        0.109382
MDMin:  2040 11:20:33    -2397.394725        0.110415
MDMin:  2041 11:20:34    -2397.394725        0.111478
MDMin:  2042 11:20:35    -2397.394726        0.112572
MDMin:  2043 11:20:37    -2397.394726        0.113697
MDMin:  2044 11:20:38    -2397.394726        0.114854
MDMin:  2045 11:20:39    -2397.394726        0.116044
MDMin:  2046 11:20:40    -2397.394726        0.117267
MDMin:  2047 11:20:42    -2397.394726        0.118524
MDMin:  2048 11:20:43    -2397.394726        0.119815
MDMin:  2049 11:20:44    -2397.394726        0.121140
MDMin:  2050 11:20:46    -2397.394726        0.122501
MDMin:  2051 11:20:47    -2397.394726        0.123897
MDMin:  2052 11:20:48    -2397.394727        0.125330
MDMin:  2053 11:20:50    -2397.394727        0.126799
MDMin:  2054 11:20:51    -2397.394727        0.128305
MDMin:  2055 11:20:53    -2397.394727        0.129848
MDMin:  2056 11:20:54    -2397.394727        0.131429
MDMin:  2057 11:20:55    -2397.394727        0.133048
MDMin:  2058 11:20:57    -2397.394727        0.134705
MDMin:  2059 11:20:58    -2397.394727        0.136401
MDMin:  2060 11:20:59    -2397.394727        0.138135
MDMin:  2061 11:21:01    -2397.394728        0.139907
MDMin:  2062 11:21:02    -2397.394728        0.141719
MDMin:  2063 11:21:03    -2397.394728        0.143569
MDMin:  2064 11:21:04    -2397.394728        0.145457
MDMin:  2065 11:21:06    -2397.394728        0.147385
MDMin:  2066 11:21:07    -2397.394728        0.149350
MDMin:  2067 11:21:09    -2397.394728        0.151354
MDMin:  2068 11:21:10    -2397.394728        0.153396
MDMin:  2069 11:21:11    -2397.394728        0.155475
MDMin:  2070 11:21:12    -2397.394729        0.157592
MDMin:  2071 11:21:14    -2397.394729        0.159745
MDMin:  2072 11:21:15    -2397.394729        0.161934
MDMin:  2073 11:21:16    -2397.394729        0.164159
MDMin:  2074 11:21:18    -2397.394729        0.166419
MDMin:  2075 11:21:19    -2397.394729        0.168714
MDMin:  2076 11:21:21    -2397.394729        0.171042
MDMin:  2077 11:21:22    -2397.394729        0.173402
MDMin:  2078 11:21:24    -2397.394729        0.175794
MDMin:  2079 11:21:25    -2397.394730        0.178217
MDMin:  2080 11:21:27    -2397.394730        0.180670
MDMin:  2081 11:21:29    -2397.394730        0.183151
MDMin:  2082 11:21:31    -2397.394730        0.185660
MDMin:  2083 11:21:33    -2397.394730        0.188194
MDMin:  2084 11:21:35    -2397.394730        0.190753
MDMin:  2085 11:21:36    -2397.394730        0.193336
MDMin:  2086 11:21:37    -2397.394730        0.195939
MDMin:  2087 11:21:39    -2397.394730        0.198563
MDMin:  2088 11:21:40    -2397.394731        0.201203
MDMin:  2089 11:21:42    -2397.394731        0.203859
MDMin:  2090 11:21:43    -2397.394731        0.206527
MDMin:  2091 11:21:45    -2397.394731        0.209205
MDMin:  2092 11:21:46    -2397.394731        0.211889
MDMin:  2093 11:21:47    -2397.394731        0.214577
MDMin:  2094 11:21:49    -2397.394731        0.217264
MDMin:  2095 11:21:50    -2397.394731        0.219945
MDMin:  2096 11:21:51    -2397.394731        0.222615
MDMin:  2097 11:21:52    -2397.394731        0.225269
MDMin:  2098 11:21:54    -2397.394732        0.227901
MDMin:  2099 11:21:56    -2397.394732        0.230504
MDMin:  2100 11:21:57    -2397.394732        0.233069
MDMin:  2101 11:21:59    -2397.394732        0.235589
MDMin:  2102 11:22:00    -2397.394732        0.238053
MDMin:  2103 11:22:01    -2397.394732        0.240453
MDMin:  2104 11:22:03    -2397.394732        0.242778
MDMin:  2105 11:22:04    -2397.394732        0.245015
MDMin:  2106 11:22:05    -2397.394732        0.247152
MDMin:  2107 11:22:07    -2397.394733        0.249177
MDMin:  2108 11:22:09    -2397.394733        0.251075
MDMin:  2109 11:22:11    -2397.394733        0.252834
MDMin:  2110 11:22:13    -2397.394733        0.254438
MDMin:  2111 11:22:14    -2397.394733        0.255873
MDMin:  2112 11:22:16    -2397.394733        0.257123
MDMin:  2113 11:22:18    -2397.394733        0.258175
MDMin:  2114 11:22:20    -2397.394733        0.259012
MDMin:  2115 11:22:22    -2397.394733        0.259620
MDMin:  2116 11:22:23    -2397.394733        0.259984
MDMin:  2117 11:22:25    -2397.394734        0.260090
MDMin:  2118 11:22:26    -2397.394734        0.259922
MDMin:  2119 11:22:28    -2397.394734        0.259466
MDMin:  2120 11:22:30    -2397.394734        0.258708
MDMin:  2121 11:22:31    -2397.394734        0.257632
MDMin:  2122 11:22:33    -2397.394734        0.256224
MDMin:  2123 11:22:34    -2397.394734        0.254463
MDMin:  2124 11:22:36    -2397.394734        0.252335
MDMin:  2125 11:22:37    -2397.394734        0.249837
MDMin:  2126 11:22:39    -2397.394734        0.246944
MDMin:  2127 11:22:40    -2397.394735        0.243655
MDMin:  2128 11:22:41    -2397.394735        0.239949
MDMin:  2129 11:22:43    -2397.394735        0.235824
MDMin:  2130 11:22:45    -2397.394735        0.231259
MDMin:  2131 11:22:46    -2397.394735        0.226259
MDMin:  2132 11:22:48    -2397.394735        0.220800
MDMin:  2133 11:22:49    -2397.394735        0.214896
MDMin:  2134 11:22:51    -2397.394735        0.208525
MDMin:  2135 11:22:53    -2397.394735        0.201724
MDMin:  2136 11:22:55    -2397.394736        0.194464
MDMin:  2137 11:22:56    -2397.394736        0.186832
MDMin:  2138 11:22:58    -2397.394736        0.178760
MDMin:  2139 11:23:00    -2397.394736        0.170450
MDMin:  2140 11:23:02    -2397.394736        0.161688
MDMin:  2141 11:23:03    -2397.394736        0.153012
MDMin:  2142 11:23:05    -2397.394736        0.143607
MDMin:  2143 11:23:07    -2397.394736        0.135284
MDMin:  2144 11:23:09    -2397.394737        0.124550
MDMin:  2145 11:23:11    -2397.394737        0.119290
MDMin:  2146 11:23:13    -2397.394737        0.114280
MDMin:  2147 11:23:15    -2397.394737        0.115469
MDMin:  2148 11:23:18    -2397.394737        0.138180
MDMin:  2149 11:23:20    -2397.394737        0.192764
MDMin:  2150 11:23:22    -2397.394737        0.227684
MDMin:  2151 11:23:24    -2397.394738        0.125355
MDMin:  2152 11:23:25    -2397.394738        0.097657
MDMin:  2153 11:23:27    -2397.394738        0.096692
MDMin:  2154 11:23:28    -2397.394738        0.095702
MDMin:  2155 11:23:30    -2397.394738        0.094680
MDMin:  2156 11:23:32    -2397.394738        0.093625
MDMin:  2157 11:23:34    -2397.394738        0.092537
MDMin:  2158 11:23:35    -2397.394738        0.091810
MDMin:  2159 11:23:37    -2397.394738        0.091070
MDMin:  2160 11:23:39    -2397.394738        0.090308
MDMin:  2161 11:23:41    -2397.394738        0.089525
MDMin:  2162 11:23:43    -2397.394738        0.088720
MDMin:  2163 11:23:45    -2397.394738        0.087894
MDMin:  2164 11:23:47    -2397.394738        0.087048
MDMin:  2165 11:23:49    -2397.394738        0.086182
MDMin:  2166 11:23:51    -2397.394738        0.085297
MDMin:  2167 11:23:52    -2397.394738        0.084393
MDMin:  2168 11:23:54    -2397.394738        0.083471
MDMin:  2169 11:23:55    -2397.394738        0.082532
MDMin:  2170 11:23:56    -2397.394739        0.081577
MDMin:  2171 11:23:58    -2397.394739        0.080606
MDMin:  2172 11:24:00    -2397.394739        0.079620
MDMin:  2173 11:24:02    -2397.394739        0.078620
MDMin:  2174 11:24:04    -2397.394739        0.077608
MDMin:  2175 11:24:05    -2397.394739        0.076583
MDMin:  2176 11:24:07    -2397.394739        0.075549
MDMin:  2177 11:24:09    -2397.394739        0.074504
MDMin:  2178 11:24:10    -2397.394739        0.073451
MDMin:  2179 11:24:12    -2397.394739        0.072391
MDMin:  2180 11:24:13    -2397.394739        0.071325
MDMin:  2181 11:24:14    -2397.394739        0.070254
MDMin:  2182 11:24:16    -2397.394740        0.069179
MDMin:  2183 11:24:18    -2397.394740        0.068102
MDMin:  2184 11:24:19    -2397.394740        0.067023
MDMin:  2185 11:24:20    -2397.394740        0.065945
MDMin:  2186 11:24:22    -2397.394740        0.064868
MDMin:  2187 11:24:23    -2397.394740        0.063794
MDMin:  2188 11:24:24    -2397.394740        0.062723
MDMin:  2189 11:24:26    -2397.394740        0.061658
MDMin:  2190 11:24:27    -2397.394740        0.060599
MDMin:  2191 11:24:28    -2397.394741        0.059547
MDMin:  2192 11:24:30    -2397.394741        0.058505
MDMin:  2193 11:24:31    -2397.394741        0.057472
MDMin:  2194 11:24:32    -2397.394741        0.056451
MDMin:  2195 11:24:34    -2397.394741        0.055442
MDMin:  2196 11:24:36    -2397.394741        0.054448
MDMin:  2197 11:24:37    -2397.394741        0.053468
MDMin:  2198 11:24:39    -2397.394741        0.052504
MDMin:  2199 11:24:41    -2397.394742        0.051558
MDMin:  2200 11:24:43    -2397.394742        0.050628
MDMin:  2201 11:24:44    -2397.394742        0.049725
