       Step     Time          Energy          fmax
MDMin:    0 05:23:24    -2397.374194        0.148400
MDMin:    1 05:23:25    -2397.374193        0.148387
MDMin:    2 05:23:27    -2397.374191        0.148345
MDMin:    3 05:23:29    -2397.374187        0.148277
MDMin:    4 05:23:32    -2397.374182        0.148181
MDMin:    5 05:23:33    -2397.374175        0.148058
MDMin:    6 05:23:35    -2397.374167        0.147908
MDMin:    7 05:23:37    -2397.374157        0.147731
MDMin:    8 05:23:38    -2397.374146        0.147527
MDMin:    9 05:23:40    -2397.374134        0.147297
MDMin:   10 05:23:41    -2397.374121        0.147041
MDMin:   11 05:23:43    -2397.374106        0.146759
MDMin:   12 05:23:45    -2397.374090        0.146451
MDMin:   13 05:23:46    -2397.374074        0.146118
MDMin:   14 05:23:48    -2397.374056        0.145761
MDMin:   15 05:23:50    -2397.374038        0.145379
MDMin:   16 05:23:52    -2397.374019        0.144974
MDMin:   17 05:23:54    -2397.373999        0.144545
MDMin:   18 05:23:56    -2397.373979        0.144094
MDMin:   19 05:23:58    -2397.373958        0.143621
MDMin:   20 05:23:59    -2397.373938        0.143127
MDMin:   21 05:24:00    -2397.373917        0.142612
MDMin:   22 05:24:01    -2397.373896        0.142078
MDMin:   23 05:24:03    -2397.373876        0.141526
MDMin:   24 05:24:05    -2397.373856        0.140957
MDMin:   25 05:24:07    -2397.373837        0.140371
MDMin:   26 05:24:09    -2397.373818        0.139770
MDMin:   27 05:24:11    -2397.373800        0.139155
MDMin:   28 05:24:12    -2397.373783        0.138528
MDMin:   29 05:24:14    -2397.373768        0.137889
MDMin:   30 05:24:15    -2397.373753        0.137242
MDMin:   31 05:24:16    -2397.373741        0.136586
MDMin:   32 05:24:18    -2397.373730        0.135924
MDMin:   33 05:24:19    -2397.373721        0.135259
MDMin:   34 05:24:21    -2397.373715        0.134591
MDMin:   35 05:24:22    -2397.373710        0.133923
MDMin:   36 05:24:23    -2397.373708        0.133258
MDMin:   37 05:24:24    -2397.373709        0.132597
MDMin:   38 05:24:26    -2397.373713        0.131943
MDMin:   39 05:24:27    -2397.373720        0.131299
MDMin:   40 05:24:29    -2397.373730        0.130668
MDMin:   41 05:24:31    -2397.373743        0.130052
MDMin:   42 05:24:32    -2397.373760        0.129455
MDMin:   43 05:24:34    -2397.373781        0.128880
MDMin:   44 05:24:36    -2397.373805        0.128331
MDMin:   45 05:24:38    -2397.373834        0.127811
MDMin:   46 05:24:40    -2397.373867        0.127325
MDMin:   47 05:24:42    -2397.373904        0.126877
MDMin:   48 05:24:44    -2397.373945        0.126471
MDMin:   49 05:24:46    -2397.373991        0.126111
MDMin:   50 05:24:47    -2397.374042        0.125804
MDMin:   51 05:24:49    -2397.374098        0.125555
MDMin:   52 05:24:51    -2397.374158        0.125368
MDMin:   53 05:24:53    -2397.374224        0.125252
MDMin:   54 05:24:54    -2397.374294        0.125211
MDMin:   55 05:24:56    -2397.374370        0.125253
MDMin:   56 05:24:58    -2397.374450        0.125386
MDMin:   57 05:24:59    -2397.374536        0.125618
MDMin:   58 05:25:00    -2397.374627        0.125956
MDMin:   59 05:25:02    -2397.374723        0.126412
MDMin:   60 05:25:04    -2397.374824        0.126993
MDMin:   61 05:25:07    -2397.374931        0.127712
MDMin:   62 05:25:09    -2397.375042        0.128579
MDMin:   63 05:25:11    -2397.375159        0.129606
MDMin:   64 05:25:13    -2397.375280        0.130807
MDMin:   65 05:25:15    -2397.375407        0.132194
MDMin:   66 05:25:17    -2397.375538        0.133784
MDMin:   67 05:25:19    -2397.375674        0.135592
MDMin:   68 05:25:21    -2397.375815        0.137633
MDMin:   69 05:25:23    -2397.375960        0.139925
MDMin:   70 05:25:24    -2397.376109        0.142485
MDMin:   71 05:25:26    -2397.376263        0.145332
MDMin:   72 05:25:28    -2397.376420        0.148484
MDMin:   73 05:25:30    -2397.376581        0.151958
MDMin:   74 05:25:32    -2397.376746        0.155772
MDMin:   75 05:25:34    -2397.376914        0.159941
MDMin:   76 05:25:36    -2397.377085        0.164477
MDMin:   77 05:25:38    -2397.377258        0.169391
MDMin:   78 05:25:40    -2397.377434        0.174687
MDMin:   79 05:25:42    -2397.377612        0.180363
MDMin:   80 05:25:43    -2397.377792        0.186410
MDMin:   81 05:25:45    -2397.377973        0.192807
MDMin:   82 05:25:47    -2397.378156        0.199523
MDMin:   83 05:25:49    -2397.378339        0.206512
MDMin:   84 05:25:50    -2397.378523        0.213713
MDMin:   85 05:25:52    -2397.378707        0.221046
MDMin:   86 05:25:54    -2397.378891        0.228417
MDMin:   87 05:25:56    -2397.379075        0.235710
MDMin:   88 05:25:58    -2397.379259        0.242794
MDMin:   89 05:26:00    -2397.379442        0.249523
MDMin:   90 05:26:02    -2397.379624        0.255736
MDMin:   91 05:26:03    -2397.379806        0.261265
MDMin:   92 05:26:05    -2397.379987        0.265938
MDMin:   93 05:26:07    -2397.380167        0.269584
MDMin:   94 05:26:09    -2397.380346        0.272040
MDMin:   95 05:26:11    -2397.380525        0.273154
MDMin:   96 05:26:13    -2397.380704        0.272798
MDMin:   97 05:26:15    -2397.380882        0.270864
MDMin:   98 05:26:16    -2397.381060        0.267277
MDMin:   99 05:26:18    -2397.381238        0.261994
MDMin:  100 05:26:21    -2397.381416        0.266534
MDMin:  101 05:26:23    -2397.381595        0.271632
MDMin:  102 05:26:25    -2397.381774        0.276154
MDMin:  103 05:26:27    -2397.381954        0.280029
MDMin:  104 05:26:29    -2397.382135        0.283192
MDMin:  105 05:26:31    -2397.382317        0.285585
MDMin:  106 05:26:33    -2397.382501        0.287164
MDMin:  107 05:26:35    -2397.382687        0.287893
MDMin:  108 05:26:36    -2397.382875        0.288294
MDMin:  109 05:26:38    -2397.383065        0.291280
MDMin:  110 05:26:40    -2397.383257        0.292495
MDMin:  111 05:26:42    -2397.383452        0.291954
MDMin:  112 05:26:44    -2397.383649        0.289715
MDMin:  113 05:26:46    -2397.383849        0.285887
MDMin:  114 05:26:47    -2397.384052        0.280624
MDMin:  115 05:26:49    -2397.384258        0.274117
MDMin:  116 05:26:51    -2397.384467        0.266591
MDMin:  117 05:26:53    -2397.384678        0.258288
MDMin:  118 05:26:55    -2397.384892        0.249453
MDMin:  119 05:26:57    -2397.385108        0.240313
MDMin:  120 05:26:58    -2397.385327        0.231065
MDMin:  121 05:27:00    -2397.385551        0.222355
MDMin:  122 05:27:02    -2397.385779        0.218442
MDMin:  123 05:27:04    -2397.386013        0.218867
MDMin:  124 05:27:06    -2397.386254        0.217288
MDMin:  125 05:27:07    -2397.386503        0.213745
MDMin:  126 05:27:09    -2397.386758        0.208515
MDMin:  127 05:27:10    -2397.387019        0.202039
MDMin:  128 05:27:12    -2397.387274        0.195022
MDMin:  129 05:27:13    -2397.387481        0.188958
MDMin:  130 05:27:15    -2397.387608        0.185158
MDMin:  131 05:27:16    -2397.387715        0.181948
MDMin:  132 05:27:18    -2397.387823        0.178664
MDMin:  133 05:27:19    -2397.387935        0.175264
MDMin:  134 05:27:21    -2397.388050        0.171749
MDMin:  135 05:27:23    -2397.388169        0.168124
MDMin:  136 05:27:25    -2397.388292        0.164395
MDMin:  137 05:27:26    -2397.388418        0.160569
MDMin:  138 05:27:28    -2397.388549        0.156652
MDMin:  139 05:27:29    -2397.388684        0.152654
MDMin:  140 05:27:31    -2397.388822        0.148585
MDMin:  141 05:27:33    -2397.388965        0.144454
MDMin:  142 05:27:35    -2397.389112        0.140271
MDMin:  143 05:27:37    -2397.389263        0.136048
MDMin:  144 05:27:39    -2397.389418        0.131796
MDMin:  145 05:27:41    -2397.389578        0.127526
MDMin:  146 05:27:43    -2397.389743        0.123834
MDMin:  147 05:27:45    -2397.389911        0.121100
MDMin:  148 05:27:46    -2397.390085        0.118348
MDMin:  149 05:27:47    -2397.390263        0.115581
MDMin:  150 05:27:49    -2397.390446        0.112800
MDMin:  151 05:27:51    -2397.390633        0.110010
MDMin:  152 05:27:53    -2397.390825        0.107661
MDMin:  153 05:27:55    -2397.391022        0.105993
MDMin:  154 05:27:56    -2397.391225        0.104359
MDMin:  155 05:27:58    -2397.391432        0.102752
MDMin:  156 05:28:00    -2397.391644        0.101165
MDMin:  157 05:28:02    -2397.391861        0.099591
MDMin:  158 05:28:03    -2397.392084        0.098023
MDMin:  159 05:28:04    -2397.392311        0.096452
MDMin:  160 05:28:06    -2397.392544        0.094871
MDMin:  161 05:28:07    -2397.392783        0.093274
MDMin:  162 05:28:08    -2397.393027        0.091652
MDMin:  163 05:28:09    -2397.393276        0.089999
MDMin:  164 05:28:11    -2397.393531        0.088309
MDMin:  165 05:28:13    -2397.393792        0.086578
MDMin:  166 05:28:14    -2397.394058        0.084801
MDMin:  167 05:28:16    -2397.394331        0.082977
MDMin:  168 05:28:18    -2397.394609        0.081104
MDMin:  169 05:28:19    -2397.394894        0.079181
MDMin:  170 05:28:20    -2397.395185        0.078212
MDMin:  171 05:28:22    -2397.395482        0.077441
MDMin:  172 05:28:23    -2397.395785        0.077663
MDMin:  173 05:28:25    -2397.396095        0.077887
MDMin:  174 05:28:27    -2397.396411        0.078111
MDMin:  175 05:28:29    -2397.396733        0.078335
MDMin:  176 05:28:31    -2397.397059        0.078557
MDMin:  177 05:28:33    -2397.397373        0.092544
MDMin:  178 05:28:35    -2397.397628        0.131928
MDMin:  179 05:28:36    -2397.397776        0.079033
MDMin:  180 05:28:38    -2397.397898        0.079111
MDMin:  181 05:28:40    -2397.398022        0.079188
MDMin:  182 05:28:42    -2397.398150        0.079266
MDMin:  183 05:28:43    -2397.398281        0.079344
MDMin:  184 05:28:44    -2397.398415        0.079424
MDMin:  185 05:28:46    -2397.398553        0.079505
MDMin:  186 05:28:48    -2397.398694        0.079586
MDMin:  187 05:28:50    -2397.398839        0.079668
MDMin:  188 05:28:52    -2397.398988        0.079751
MDMin:  189 05:28:54    -2397.399140        0.079835
MDMin:  190 05:28:55    -2397.399296        0.079919
MDMin:  191 05:28:57    -2397.399456        0.080004
MDMin:  192 05:28:58    -2397.399620        0.080089
MDMin:  193 05:29:00    -2397.399787        0.080174
MDMin:  194 05:29:02    -2397.399958        0.080259
MDMin:  195 05:29:04    -2397.400133        0.080344
MDMin:  196 05:29:06    -2397.400312        0.080428
MDMin:  197 05:29:07    -2397.400496        0.080512
MDMin:  198 05:29:08    -2397.400683        0.080595
MDMin:  199 05:29:10    -2397.400874        0.080678
MDMin:  200 05:29:11    -2397.401070        0.080759
MDMin:  201 05:29:12    -2397.401269        0.080839
MDMin:  202 05:29:13    -2397.401473        0.080918
MDMin:  203 05:29:15    -2397.401681        0.080996
MDMin:  204 05:29:16    -2397.401894        0.081071
MDMin:  205 05:29:18    -2397.402110        0.081145
MDMin:  206 05:29:20    -2397.402332        0.081217
MDMin:  207 05:29:22    -2397.402557        0.081287
MDMin:  208 05:29:24    -2397.402788        0.081355
MDMin:  209 05:29:26    -2397.403023        0.081522
MDMin:  210 05:29:28    -2397.403262        0.081903
MDMin:  211 05:29:29    -2397.403506        0.082289
MDMin:  212 05:29:30    -2397.403755        0.082681
MDMin:  213 05:29:32    -2397.404009        0.083079
MDMin:  214 05:29:34    -2397.404267        0.083482
MDMin:  215 05:29:36    -2397.404531        0.083889
MDMin:  216 05:29:38    -2397.404799        0.084301
MDMin:  217 05:29:40    -2397.405073        0.084717
MDMin:  218 05:29:41    -2397.405351        0.085137
MDMin:  219 05:29:43    -2397.405635        0.085560
MDMin:  220 05:29:44    -2397.405924        0.085985
MDMin:  221 05:29:46    -2397.406218        0.086413
MDMin:  222 05:29:48    -2397.406518        0.086843
MDMin:  223 05:29:49    -2397.406823        0.087274
MDMin:  224 05:29:51    -2397.407133        0.087706
MDMin:  225 05:29:53    -2397.407449        0.088138
MDMin:  226 05:29:55    -2397.407770        0.088570
MDMin:  227 05:29:56    -2397.408097        0.089002
MDMin:  228 05:29:58    -2397.408430        0.089432
MDMin:  229 05:30:00    -2397.408768        0.089860
MDMin:  230 05:30:02    -2397.409113        0.090286
MDMin:  231 05:30:04    -2397.409463        0.090710
MDMin:  232 05:30:05    -2397.409819        0.091130
MDMin:  233 05:30:07    -2397.410181        0.091547
MDMin:  234 05:30:09    -2397.410549        0.091959
MDMin:  235 05:30:11    -2397.410923        0.092366
MDMin:  236 05:30:12    -2397.411304        0.092768
MDMin:  237 05:30:14    -2397.411690        0.093165
MDMin:  238 05:30:15    -2397.412083        0.093555
MDMin:  239 05:30:17    -2397.412483        0.093938
MDMin:  240 05:30:18    -2397.412888        0.094314
MDMin:  241 05:30:20    -2397.413300        0.094682
MDMin:  242 05:30:23    -2397.413719        0.095042
MDMin:  243 05:30:24    -2397.414143        0.095393
MDMin:  244 05:30:26    -2397.414575        0.095734
MDMin:  245 05:30:28    -2397.415013        0.096065
MDMin:  246 05:30:29    -2397.415457        0.096384
MDMin:  247 05:30:31    -2397.415907        0.096691
MDMin:  248 05:30:32    -2397.416362        0.096986
MDMin:  249 05:30:34    -2397.416819        0.097265
MDMin:  250 05:30:35    -2397.417265        0.097522
MDMin:  251 05:30:37    -2397.417665        0.102851
MDMin:  252 05:30:39    -2397.417967        0.097901
MDMin:  253 05:30:41    -2397.418192        0.098013
MDMin:  254 05:30:42    -2397.418405        0.098112
MDMin:  255 05:30:44    -2397.418620        0.098207
MDMin:  256 05:30:45    -2397.418839        0.098300
MDMin:  257 05:30:46    -2397.419062        0.098390
MDMin:  258 05:30:47    -2397.419290        0.098479
MDMin:  259 05:30:49    -2397.419523        0.098566
MDMin:  260 05:30:50    -2397.419760        0.098651
MDMin:  261 05:30:51    -2397.420001        0.098733
MDMin:  262 05:30:52    -2397.420246        0.098812
MDMin:  263 05:30:54    -2397.420496        0.098889
MDMin:  264 05:30:55    -2397.420749        0.098962
MDMin:  265 05:30:57    -2397.421007        0.099032
MDMin:  266 05:30:59    -2397.421268        0.099099
MDMin:  267 05:31:00    -2397.421533        0.099161
MDMin:  268 05:31:02    -2397.421801        0.099220
MDMin:  269 05:31:04    -2397.422073        0.099879
MDMin:  270 05:31:07    -2397.422348        0.104304
MDMin:  271 05:31:08    -2397.422625        0.108825
MDMin:  272 05:31:10    -2397.422906        0.113369
MDMin:  273 05:31:12    -2397.423188        0.117841
MDMin:  274 05:31:13    -2397.423474        0.122120
MDMin:  275 05:31:15    -2397.423761        0.126065
MDMin:  276 05:31:16    -2397.424051        0.129516
MDMin:  277 05:31:17    -2397.424343        0.132310
MDMin:  278 05:31:19    -2397.424637        0.134303
MDMin:  279 05:31:20    -2397.424934        0.138167
MDMin:  280 05:31:22    -2397.425234        0.141815
MDMin:  281 05:31:24    -2397.425538        0.144638
MDMin:  282 05:31:26    -2397.425846        0.146543
MDMin:  283 05:31:28    -2397.426159        0.147515
MDMin:  284 05:31:30    -2397.426476        0.147628
MDMin:  285 05:31:31    -2397.426799        0.147029
MDMin:  286 05:31:33    -2397.427128        0.145910
MDMin:  287 05:31:35    -2397.427463        0.144467
MDMin:  288 05:31:36    -2397.427803        0.142871
MDMin:  289 05:31:37    -2397.428150        0.141244
MDMin:  290 05:31:39    -2397.428503        0.139659
MDMin:  291 05:31:40    -2397.428862        0.138146
MDMin:  292 05:31:41    -2397.429227        0.136706
MDMin:  293 05:31:43    -2397.429598        0.135321
MDMin:  294 05:31:45    -2397.429976        0.133967
MDMin:  295 05:31:47    -2397.430359        0.132616
MDMin:  296 05:31:49    -2397.430749        0.131247
MDMin:  297 05:31:51    -2397.431145        0.129841
MDMin:  298 05:31:53    -2397.431547        0.128385
MDMin:  299 05:31:54    -2397.431956        0.126869
MDMin:  300 05:31:56    -2397.432370        0.125290
MDMin:  301 05:31:57    -2397.432791        0.123647
MDMin:  302 05:31:59    -2397.433218        0.121942
MDMin:  303 05:32:01    -2397.433652        0.120178
MDMin:  304 05:32:02    -2397.434092        0.118363
MDMin:  305 05:32:04    -2397.434538        0.116503
MDMin:  306 05:32:06    -2397.434992        0.114607
MDMin:  307 05:32:07    -2397.435451        0.112683
MDMin:  308 05:32:09    -2397.435918        0.110740
MDMin:  309 05:32:11    -2397.436391        0.108787
MDMin:  310 05:32:13    -2397.436871        0.106834
MDMin:  311 05:32:15    -2397.437358        0.104888
MDMin:  312 05:32:17    -2397.437852        0.102958
MDMin:  313 05:32:18    -2397.438353        0.101052
MDMin:  314 05:32:20    -2397.438861        0.099174
MDMin:  315 05:32:22    -2397.439375        0.097331
MDMin:  316 05:32:24    -2397.439897        0.095620
MDMin:  317 05:32:26    -2397.440425        0.095839
MDMin:  318 05:32:27    -2397.440961        0.096000
MDMin:  319 05:32:29    -2397.441503        0.096104
MDMin:  320 05:32:30    -2397.442052        0.096150
MDMin:  321 05:32:32    -2397.442608        0.096139
MDMin:  322 05:32:34    -2397.443170        0.096071
MDMin:  323 05:32:36    -2397.443739        0.095950
MDMin:  324 05:32:38    -2397.444314        0.095777
MDMin:  325 05:32:41    -2397.444895        0.096279
MDMin:  326 05:32:43    -2397.445482        0.098824
MDMin:  327 05:32:44    -2397.446075        0.101411
MDMin:  328 05:32:45    -2397.446673        0.104036
MDMin:  329 05:32:47    -2397.447276        0.106695
MDMin:  330 05:32:48    -2397.447885        0.109384
MDMin:  331 05:32:50    -2397.448498        0.112095
MDMin:  332 05:32:52    -2397.449115        0.114818
MDMin:  333 05:32:54    -2397.449737        0.117541
MDMin:  334 05:32:56    -2397.450361        0.120244
MDMin:  335 05:32:58    -2397.450985        0.122899
MDMin:  336 05:32:59    -2397.451595        0.125431
MDMin:  337 05:33:01    -2397.452145        0.130753
MDMin:  338 05:33:03    -2397.452532        0.129139
MDMin:  339 05:33:05    -2397.452785        0.130093
MDMin:  340 05:33:07    -2397.453023        0.130970
MDMin:  341 05:33:09    -2397.453266        0.131840
MDMin:  342 05:33:10    -2397.453513        0.132702
MDMin:  343 05:33:12    -2397.453765        0.133553
MDMin:  344 05:33:14    -2397.454021        0.134388
MDMin:  345 05:33:16    -2397.454283        0.135203
MDMin:  346 05:33:18    -2397.454549        0.135994
MDMin:  347 05:33:20    -2397.454820        0.136755
MDMin:  348 05:33:21    -2397.455095        0.137480
MDMin:  349 05:33:23    -2397.455375        0.138164
MDMin:  350 05:33:25    -2397.455660        0.138801
MDMin:  351 05:33:27    -2397.455949        0.139383
MDMin:  352 05:33:29    -2397.456242        0.139905
MDMin:  353 05:33:31    -2397.456540        0.140358
MDMin:  354 05:33:33    -2397.456841        0.140736
MDMin:  355 05:33:35    -2397.457147        0.141030
MDMin:  356 05:33:36    -2397.457458        0.141233
MDMin:  357 05:33:37    -2397.457772        0.141338
MDMin:  358 05:33:39    -2397.458090        0.141336
MDMin:  359 05:33:41    -2397.458412        0.141219
MDMin:  360 05:33:43    -2397.458738        0.140980
MDMin:  361 05:33:45    -2397.459068        0.140612
MDMin:  362 05:33:47    -2397.459401        0.140108
MDMin:  363 05:33:49    -2397.459738        0.139462
MDMin:  364 05:33:50    -2397.460079        0.138669
MDMin:  365 05:33:52    -2397.460423        0.137722
MDMin:  366 05:33:54    -2397.460770        0.136620
MDMin:  367 05:33:56    -2397.461121        0.135360
MDMin:  368 05:33:57    -2397.461475        0.133939
MDMin:  369 05:33:59    -2397.461832        0.132359
MDMin:  370 05:34:00    -2397.462192        0.130621
MDMin:  371 05:34:01    -2397.462555        0.128727
MDMin:  372 05:34:03    -2397.462920        0.126682
MDMin:  373 05:34:04    -2397.463289        0.124492
MDMin:  374 05:34:05    -2397.463660        0.122165
MDMin:  375 05:34:07    -2397.464033        0.119710
MDMin:  376 05:34:09    -2397.464409        0.117137
MDMin:  377 05:34:11    -2397.464787        0.114459
MDMin:  378 05:34:13    -2397.465166        0.111688
MDMin:  379 05:34:15    -2397.465548        0.108838
MDMin:  380 05:34:16    -2397.465931        0.105923
MDMin:  381 05:34:18    -2397.466316        0.102958
MDMin:  382 05:34:20    -2397.466702        0.099959
MDMin:  383 05:34:22    -2397.467090        0.096941
MDMin:  384 05:34:23    -2397.467478        0.096205
MDMin:  385 05:34:25    -2397.467867        0.095861
MDMin:  386 05:34:27    -2397.468257        0.095474
MDMin:  387 05:34:28    -2397.468648        0.095042
MDMin:  388 05:34:30    -2397.469039        0.094563
MDMin:  389 05:34:31    -2397.469430        0.094038
MDMin:  390 05:34:32    -2397.469822        0.093467
MDMin:  391 05:34:34    -2397.470214        0.092850
MDMin:  392 05:34:35    -2397.470606        0.092187
MDMin:  393 05:34:37    -2397.470998        0.091480
MDMin:  394 05:34:38    -2397.471391        0.090731
MDMin:  395 05:34:40    -2397.471784        0.089940
MDMin:  396 05:34:42    -2397.472177        0.089258
MDMin:  397 05:34:44    -2397.472570        0.089343
MDMin:  398 05:34:46    -2397.472965        0.089428
MDMin:  399 05:34:47    -2397.473360        0.089512
MDMin:  400 05:34:49    -2397.473757        0.089597
MDMin:  401 05:34:51    -2397.474155        0.089682
MDMin:  402 05:34:52    -2397.474555        0.089766
MDMin:  403 05:34:54    -2397.474958        0.089851
MDMin:  404 05:34:55    -2397.475362        0.089936
MDMin:  405 05:34:56    -2397.475766        0.090021
MDMin:  406 05:34:57    -2397.476151        0.108149
MDMin:  407 05:34:59    -2397.476444        0.159434
MDMin:  408 05:35:01    -2397.476587        0.090182
MDMin:  409 05:35:03    -2397.476719        0.090205
MDMin:  410 05:35:05    -2397.476854        0.090229
MDMin:  411 05:35:07    -2397.476993        0.090254
MDMin:  412 05:35:09    -2397.477136        0.090279
MDMin:  413 05:35:11    -2397.477282        0.090305
MDMin:  414 05:35:13    -2397.477431        0.090332
MDMin:  415 05:35:14    -2397.477584        0.090359
MDMin:  416 05:35:16    -2397.477741        0.090387
MDMin:  417 05:35:17    -2397.477902        0.090415
MDMin:  418 05:35:19    -2397.478066        0.090444
MDMin:  419 05:35:21    -2397.478234        0.090474
MDMin:  420 05:35:23    -2397.478407        0.090504
MDMin:  421 05:35:25    -2397.478583        0.090534
MDMin:  422 05:35:26    -2397.478763        0.090566
MDMin:  423 05:35:28    -2397.478947        0.090597
MDMin:  424 05:35:29    -2397.479135        0.090629
MDMin:  425 05:35:30    -2397.479328        0.090662
MDMin:  426 05:35:31    -2397.479525        0.090694
MDMin:  427 05:35:33    -2397.479726        0.090727
MDMin:  428 05:35:34    -2397.479931        0.090760
MDMin:  429 05:35:35    -2397.480141        0.090794
MDMin:  430 05:35:37    -2397.480356        0.090827
MDMin:  431 05:35:38    -2397.480575        0.090941
MDMin:  432 05:35:39    -2397.480799        0.091218
MDMin:  433 05:35:41    -2397.481028        0.091496
MDMin:  434 05:35:43    -2397.481262        0.091775
MDMin:  435 05:35:45    -2397.481501        0.092054
MDMin:  436 05:35:47    -2397.481744        0.092333
MDMin:  437 05:35:49    -2397.481993        0.092611
MDMin:  438 05:35:50    -2397.482247        0.092888
MDMin:  439 05:35:51    -2397.482506        0.093163
MDMin:  440 05:35:53    -2397.482770        0.093435
MDMin:  441 05:35:55    -2397.483040        0.093704
MDMin:  442 05:35:57    -2397.483315        0.093969
MDMin:  443 05:35:59    -2397.483595        0.094229
MDMin:  444 05:36:01    -2397.483881        0.094484
MDMin:  445 05:36:02    -2397.484172        0.094732
MDMin:  446 05:36:03    -2397.484469        0.094974
MDMin:  447 05:36:05    -2397.484771        0.095208
MDMin:  448 05:36:06    -2397.485079        0.095434
MDMin:  449 05:36:07    -2397.485392        0.095651
MDMin:  450 05:36:08    -2397.485710        0.095857
MDMin:  451 05:36:10    -2397.486034        0.096053
MDMin:  452 05:36:11    -2397.486364        0.096237
MDMin:  453 05:36:13    -2397.486699        0.096409
MDMin:  454 05:36:15    -2397.486965        0.349878
MDMin:  455 05:36:16    -2397.487067        0.333182
MDMin:  456 05:36:18    -2397.487174        0.315609
MDMin:  457 05:36:20    -2397.487289        0.297720
MDMin:  458 05:36:21    -2397.487330        0.279891
MDMin:  459 05:36:22    -2397.487348        0.264258
MDMin:  460 05:36:24    -2397.487367        0.248687
MDMin:  461 05:36:26    -2397.487388        0.233282
MDMin:  462 05:36:27    -2397.487409        0.218134
MDMin:  463 05:36:29    -2397.487431        0.203322
MDMin:  464 05:36:31    -2397.487454        0.188918
MDMin:  465 05:36:32    -2397.487479        0.174984
MDMin:  466 05:36:34    -2397.487504        0.161577
MDMin:  467 05:36:36    -2397.487531        0.148741
MDMin:  468 05:36:38    -2397.487558        0.136515
MDMin:  469 05:36:39    -2397.487587        0.124926
MDMin:  470 05:36:41    -2397.487617        0.113991
MDMin:  471 05:36:42    -2397.487647        0.103720
MDMin:  472 05:36:44    -2397.487679        0.096157
MDMin:  473 05:36:46    -2397.487711        0.095361
MDMin:  474 05:36:48    -2397.487744        0.094429
MDMin:  475 05:36:50    -2397.487778        0.093391
MDMin:  476 05:36:52    -2397.487812        0.092277
MDMin:  477 05:36:54    -2397.487847        0.091113
MDMin:  478 05:36:56    -2397.487882        0.089924
MDMin:  479 05:36:58    -2397.487918        0.088732
MDMin:  480 05:37:00    -2397.487955        0.087555
MDMin:  481 05:37:02    -2397.487991        0.086409
MDMin:  482 05:37:03    -2397.488029        0.085304
MDMin:  483 05:37:05    -2397.488066        0.084250
MDMin:  484 05:37:06    -2397.488104        0.083253
MDMin:  485 05:37:08    -2397.488141        0.082317
MDMin:  486 05:37:09    -2397.488179        0.081442
MDMin:  487 05:37:11    -2397.488217        0.080629
MDMin:  488 05:37:12    -2397.488255        0.080831
MDMin:  489 05:37:13    -2397.488293        0.081203
MDMin:  490 05:37:14    -2397.488332        0.081561
MDMin:  491 05:37:16    -2397.488370        0.081902
MDMin:  492 05:37:17    -2397.488408        0.082227
MDMin:  493 05:37:18    -2397.488446        0.082534
MDMin:  494 05:37:19    -2397.488484        0.082820
MDMin:  495 05:37:21    -2397.488522        0.083086
MDMin:  496 05:37:23    -2397.488560        0.083330
MDMin:  497 05:37:24    -2397.488597        0.083550
MDMin:  498 05:37:25    -2397.488635        0.083745
MDMin:  499 05:37:27    -2397.488672        0.083915
MDMin:  500 05:37:28    -2397.488710        0.084057
MDMin:  501 05:37:30    -2397.488747        0.084380
MDMin:  502 05:37:32    -2397.488784        0.084835
MDMin:  503 05:37:33    -2397.488820        0.085259
MDMin:  504 05:37:35    -2397.488857        0.085653
MDMin:  505 05:37:36    -2397.488893        0.086018
MDMin:  506 05:37:38    -2397.488929        0.086354
MDMin:  507 05:37:39    -2397.488965        0.086662
MDMin:  508 05:37:41    -2397.489001        0.087054
MDMin:  509 05:37:43    -2397.489036        0.087655
MDMin:  510 05:37:45    -2397.489071        0.088253
MDMin:  511 05:37:46    -2397.489106        0.088834
MDMin:  512 05:37:48    -2397.489141        0.089416
MDMin:  513 05:37:50    -2397.489176        0.089970
MDMin:  514 05:37:52    -2397.489210        0.090536
MDMin:  515 05:37:54    -2397.489244        0.091048
MDMin:  516 05:37:55    -2397.489277        0.091609
MDMin:  517 05:37:56    -2397.489311        0.092051
MDMin:  518 05:37:58    -2397.489344        0.092641
MDMin:  519 05:38:00    -2397.489377        0.092949
MDMin:  520 05:38:01    -2397.489409        0.093683
MDMin:  521 05:38:03    -2397.489442        0.093712
MDMin:  522 05:38:05    -2397.489473        0.094943
MDMin:  523 05:38:07    -2397.489501        0.121243
MDMin:  524 05:38:09    -2397.489523        0.103507
MDMin:  525 05:38:11    -2397.489538        0.094911
MDMin:  526 05:38:12    -2397.489551        0.095197
MDMin:  527 05:38:13    -2397.489564        0.095390
MDMin:  528 05:38:14    -2397.489577        0.095798
MDMin:  529 05:38:16    -2397.489590        0.096211
MDMin:  530 05:38:17    -2397.489604        0.096624
MDMin:  531 05:38:19    -2397.489617        0.097037
MDMin:  532 05:38:20    -2397.489631        0.097450
MDMin:  533 05:38:22    -2397.489645        0.097863
MDMin:  534 05:38:23    -2397.489659        0.098274
MDMin:  535 05:38:26    -2397.489673        0.098683
MDMin:  536 05:38:27    -2397.489688        0.099089
MDMin:  537 05:38:29    -2397.489702        0.099491
MDMin:  538 05:38:31    -2397.489717        0.099889
MDMin:  539 05:38:33    -2397.489731        0.100282
MDMin:  540 05:38:35    -2397.489746        0.100670
MDMin:  541 05:38:36    -2397.489761        0.101051
MDMin:  542 05:38:37    -2397.489776        0.101425
MDMin:  543 05:38:39    -2397.489792        0.101791
MDMin:  544 05:38:41    -2397.489807        0.102148
MDMin:  545 05:38:42    -2397.489822        0.102495
MDMin:  546 05:38:44    -2397.489838        0.102832
MDMin:  547 05:38:45    -2397.489853        0.103158
MDMin:  548 05:38:47    -2397.489869        0.103471
MDMin:  549 05:38:49    -2397.489885        0.103772
MDMin:  550 05:38:51    -2397.489901        0.104059
MDMin:  551 05:38:53    -2397.489917        0.104331
MDMin:  552 05:38:55    -2397.489933        0.104589
MDMin:  553 05:38:57    -2397.489949        0.104830
MDMin:  554 05:38:59    -2397.489965        0.105054
MDMin:  555 05:39:01    -2397.489982        0.105261
MDMin:  556 05:39:03    -2397.489998        0.105449
MDMin:  557 05:39:04    -2397.490014        0.105618
MDMin:  558 05:39:05    -2397.490031        0.105768
MDMin:  559 05:39:07    -2397.490047        0.105897
MDMin:  560 05:39:08    -2397.490064        0.106005
MDMin:  561 05:39:09    -2397.490081        0.106091
MDMin:  562 05:39:10    -2397.490097        0.106156
MDMin:  563 05:39:12    -2397.490114        0.106197
MDMin:  564 05:39:13    -2397.490131        0.106216
MDMin:  565 05:39:15    -2397.490148        0.106211
MDMin:  566 05:39:16    -2397.490165        0.106181
MDMin:  567 05:39:18    -2397.490182        0.106128
MDMin:  568 05:39:20    -2397.490198        0.106050
MDMin:  569 05:39:22    -2397.490215        0.105947
MDMin:  570 05:39:24    -2397.490232        0.105820
MDMin:  571 05:39:26    -2397.490249        0.105667
MDMin:  572 05:39:28    -2397.490266        0.105490
MDMin:  573 05:39:30    -2397.490283        0.105288
MDMin:  574 05:39:32    -2397.490300        0.105060
MDMin:  575 05:39:34    -2397.490318        0.104808
MDMin:  576 05:39:35    -2397.490335        0.104532
MDMin:  577 05:39:37    -2397.490352        0.104232
MDMin:  578 05:39:38    -2397.490369        0.103908
MDMin:  579 05:39:40    -2397.490386        0.103560
MDMin:  580 05:39:42    -2397.490403        0.103190
MDMin:  581 05:39:44    -2397.490420        0.102796
MDMin:  582 05:39:46    -2397.490437        0.102384
MDMin:  583 05:39:48    -2397.490454        0.101944
MDMin:  584 05:39:50    -2397.490471        0.101497
MDMin:  585 05:39:51    -2397.490488        0.101006
MDMin:  586 05:39:53    -2397.490505        0.100543
MDMin:  587 05:39:55    -2397.490522        0.099973
MDMin:  588 05:39:57    -2397.490539        0.099563
MDMin:  589 05:39:59    -2397.490556        0.098786
MDMin:  590 05:40:01    -2397.490572        0.098720
MDMin:  591 05:40:02    -2397.490588        0.097297
MDMin:  592 05:40:04    -2397.490600        0.109104
MDMin:  593 05:40:05    -2397.490607        0.096918
MDMin:  594 05:40:07    -2397.490613        0.097014
MDMin:  595 05:40:09    -2397.490620        0.096743
MDMin:  596 05:40:11    -2397.490626        0.096523
MDMin:  597 05:40:13    -2397.490632        0.096287
MDMin:  598 05:40:14    -2397.490639        0.096049
MDMin:  599 05:40:16    -2397.490645        0.095804
MDMin:  600 05:40:18    -2397.490652        0.095553
MDMin:  601 05:40:19    -2397.490659        0.095297
MDMin:  602 05:40:20    -2397.490666        0.095036
MDMin:  603 05:40:22    -2397.490673        0.094769
MDMin:  604 05:40:24    -2397.490680        0.094497
MDMin:  605 05:40:25    -2397.490687        0.094220
MDMin:  606 05:40:26    -2397.490695        0.093938
MDMin:  607 05:40:28    -2397.490702        0.093650
MDMin:  608 05:40:30    -2397.490709        0.093358
MDMin:  609 05:40:31    -2397.490717        0.093061
MDMin:  610 05:40:32    -2397.490725        0.092759
MDMin:  611 05:40:34    -2397.490732        0.092452
MDMin:  612 05:40:36    -2397.490740        0.092141
MDMin:  613 05:40:38    -2397.490748        0.091826
MDMin:  614 05:40:39    -2397.490756        0.091731
MDMin:  615 05:40:41    -2397.490764        0.091736
MDMin:  616 05:40:42    -2397.490772        0.091740
MDMin:  617 05:40:44    -2397.490780        0.091743
MDMin:  618 05:40:46    -2397.490788        0.091746
MDMin:  619 05:40:47    -2397.490797        0.091748
MDMin:  620 05:40:48    -2397.490805        0.091750
MDMin:  621 05:40:50    -2397.490814        0.091751
MDMin:  622 05:40:51    -2397.490822        0.091751
MDMin:  623 05:40:53    -2397.490831        0.091751
MDMin:  624 05:40:55    -2397.490839        0.091750
MDMin:  625 05:40:57    -2397.490848        0.091748
MDMin:  626 05:40:59    -2397.490856        0.091746
MDMin:  627 05:41:01    -2397.490865        0.091744
MDMin:  628 05:41:03    -2397.490874        0.091742
MDMin:  629 05:41:05    -2397.490883        0.091739
MDMin:  630 05:41:07    -2397.490892        0.091735
MDMin:  631 05:41:08    -2397.490901        0.091732
MDMin:  632 05:41:09    -2397.490909        0.091729
MDMin:  633 05:41:11    -2397.490918        0.091725
MDMin:  634 05:41:13    -2397.490927        0.091721
MDMin:  635 05:41:15    -2397.490936        0.091718
MDMin:  636 05:41:17    -2397.490945        0.091714
MDMin:  637 05:41:19    -2397.490955        0.091710
MDMin:  638 05:41:21    -2397.490964        0.091707
MDMin:  639 05:41:23    -2397.490973        0.091704
MDMin:  640 05:41:25    -2397.490982        0.091701
MDMin:  641 05:41:27    -2397.490991        0.091698
MDMin:  642 05:41:29    -2397.491000        0.091696
MDMin:  643 05:41:31    -2397.491009        0.091693
MDMin:  644 05:41:33    -2397.491018        0.091692
MDMin:  645 05:41:35    -2397.491027        0.091690
MDMin:  646 05:41:37    -2397.491037        0.091689
MDMin:  647 05:41:39    -2397.491046        0.091687
MDMin:  648 05:41:40    -2397.491055        0.091687
MDMin:  649 05:41:42    -2397.491064        0.091686
MDMin:  650 05:41:44    -2397.491073        0.091685
MDMin:  651 05:41:46    -2397.491082        0.091684
MDMin:  652 05:41:48    -2397.491091        0.091683
MDMin:  653 05:41:49    -2397.491100        0.091679
MDMin:  654 05:41:50    -2397.491109        0.091675
MDMin:  655 05:41:52    -2397.491118        0.091668
MDMin:  656 05:41:54    -2397.491127        0.091662
MDMin:  657 05:41:55    -2397.491136        0.091647
MDMin:  658 05:41:57    -2397.491145        0.091641
MDMin:  659 05:41:59    -2397.491154        0.091612
MDMin:  660 05:42:01    -2397.491163        0.091614
MDMin:  661 05:42:03    -2397.491170        0.091557
MDMin:  662 05:42:05    -2397.491176        0.093212
MDMin:  663 05:42:07    -2397.491179        0.091545
MDMin:  664 05:42:08    -2397.491182        0.091531
MDMin:  665 05:42:10    -2397.491185        0.091517
MDMin:  666 05:42:12    -2397.491188        0.091502
MDMin:  667 05:42:14    -2397.491191        0.091487
MDMin:  668 05:42:15    -2397.491194        0.091471
MDMin:  669 05:42:17    -2397.491197        0.091454
MDMin:  670 05:42:18    -2397.491200        0.091437
MDMin:  671 05:42:20    -2397.491203        0.091419
MDMin:  672 05:42:22    -2397.491195        0.091401
MDMin:  673 05:42:24    -2397.491186        0.091381
MDMin:  674 05:42:26    -2397.491177        0.091361
MDMin:  675 05:42:28    -2397.491168        0.091340
MDMin:  676 05:42:30    -2397.491159        0.091317
MDMin:  677 05:42:31    -2397.491150        0.091293
MDMin:  678 05:42:33    -2397.491141        0.091268
MDMin:  679 05:42:35    -2397.491133        0.091241
MDMin:  680 05:42:37    -2397.491124        0.091212
MDMin:  681 05:42:39    -2397.491115        0.091181
MDMin:  682 05:42:40    -2397.491106        0.091149
MDMin:  683 05:42:41    -2397.491098        0.091114
MDMin:  684 05:42:43    -2397.491089        0.091077
MDMin:  685 05:42:45    -2397.491081        0.091038
MDMin:  686 05:42:46    -2397.491072        0.090996
MDMin:  687 05:42:47    -2397.491064        0.090951
MDMin:  688 05:42:49    -2397.491056        0.090903
MDMin:  689 05:42:51    -2397.491047        0.090852
MDMin:  690 05:42:53    -2397.491039        0.090797
MDMin:  691 05:42:54    -2397.491031        0.090739
MDMin:  692 05:42:56    -2397.491023        0.090676
MDMin:  693 05:42:57    -2397.491016        0.090610
MDMin:  694 05:42:59    -2397.491008        0.090538
MDMin:  695 05:43:00    -2397.491000        0.090462
MDMin:  696 05:43:02    -2397.490993        0.090381
MDMin:  697 05:43:04    -2397.490986        0.090294
MDMin:  698 05:43:05    -2397.490978        0.090202
MDMin:  699 05:43:07    -2397.490971        0.090103
MDMin:  700 05:43:08    -2397.490964        0.089998
MDMin:  701 05:43:10    -2397.490957        0.089886
MDMin:  702 05:43:11    -2397.490951        0.089767
MDMin:  703 05:43:14    -2397.490944        0.089640
MDMin:  704 05:43:16    -2397.490937        0.089505
MDMin:  705 05:43:17    -2397.490931        0.089361
MDMin:  706 05:43:19    -2397.490925        0.089208
MDMin:  707 05:43:21    -2397.490919        0.089046
MDMin:  708 05:43:23    -2397.490913        0.088873
MDMin:  709 05:43:25    -2397.490907        0.088690
MDMin:  710 05:43:27    -2397.490901        0.088496
MDMin:  711 05:43:29    -2397.490895        0.088290
MDMin:  712 05:43:31    -2397.490890        0.088349
MDMin:  713 05:43:33    -2397.490884        0.088502
MDMin:  714 05:43:35    -2397.490879        0.088651
MDMin:  715 05:43:37    -2397.490874        0.088795
MDMin:  716 05:43:39    -2397.490869        0.088934
MDMin:  717 05:43:41    -2397.490864        0.089066
MDMin:  718 05:43:42    -2397.490859        0.089190
MDMin:  719 05:43:44    -2397.490855        0.089305
MDMin:  720 05:43:45    -2397.490850        0.089411
MDMin:  721 05:43:46    -2397.490846        0.089505
MDMin:  722 05:43:48    -2397.490841        0.089586
MDMin:  723 05:43:50    -2397.490837        0.089654
MDMin:  724 05:43:51    -2397.490833        0.089706
MDMin:  725 05:43:53    -2397.490829        0.089742
MDMin:  726 05:43:54    -2397.490825        0.089759
MDMin:  727 05:43:55    -2397.490821        0.089757
MDMin:  728 05:43:57    -2397.490818        0.089734
MDMin:  729 05:43:59    -2397.490814        0.089689
MDMin:  730 05:44:01    -2397.490811        0.089620
MDMin:  731 05:44:03    -2397.490808        0.089525
MDMin:  732 05:44:05    -2397.490804        0.089404
MDMin:  733 05:44:07    -2397.490801        0.089254
MDMin:  734 05:44:09    -2397.490798        0.089075
MDMin:  735 05:44:11    -2397.490795        0.088865
MDMin:  736 05:44:13    -2397.490792        0.088622
MDMin:  737 05:44:15    -2397.490790        0.088347
MDMin:  738 05:44:16    -2397.490787        0.088035
MDMin:  739 05:44:18    -2397.490784        0.087693
MDMin:  740 05:44:20    -2397.490782        0.087303
MDMin:  741 05:44:22    -2397.490779        0.086901
MDMin:  742 05:44:24    -2397.490777        0.086406
MDMin:  743 05:44:25    -2397.490775        0.085993
MDMin:  744 05:44:27    -2397.490773        0.085285
MDMin:  745 05:44:28    -2397.490771        0.085145
MDMin:  746 05:44:29    -2397.490769        0.094005
MDMin:  747 05:44:30    -2397.490768        0.084214
MDMin:  748 05:44:31    -2397.490768        0.083975
MDMin:  749 05:44:33    -2397.490767        0.083767
MDMin:  750 05:44:35    -2397.490767        0.083553
MDMin:  751 05:44:37    -2397.490766        0.083332
MDMin:  752 05:44:39    -2397.490765        0.083102
MDMin:  753 05:44:41    -2397.490765        0.082864
MDMin:  754 05:44:43    -2397.490764        0.082618
MDMin:  755 05:44:45    -2397.490764        0.082363
MDMin:  756 05:44:47    -2397.490763        0.082099
MDMin:  757 05:44:49    -2397.490762        0.081827
MDMin:  758 05:44:51    -2397.490762        0.081545
MDMin:  759 05:44:52    -2397.490761        0.081254
MDMin:  760 05:44:54    -2397.490761        0.080953
MDMin:  761 05:44:55    -2397.490760        0.080643
MDMin:  762 05:44:57    -2397.490759        0.080324
MDMin:  763 05:44:58    -2397.490759        0.079996
MDMin:  764 05:45:00    -2397.490758        0.079658
MDMin:  765 05:45:01    -2397.490757        0.079312
MDMin:  766 05:45:03    -2397.490757        0.078955
MDMin:  767 05:45:05    -2397.490756        0.078590
MDMin:  768 05:45:06    -2397.490756        0.078214
MDMin:  769 05:45:07    -2397.490755        0.077830
MDMin:  770 05:45:09    -2397.490754        0.077436
MDMin:  771 05:45:11    -2397.490754        0.077032
MDMin:  772 05:45:12    -2397.490753        0.076619
MDMin:  773 05:45:14    -2397.490753        0.076196
MDMin:  774 05:45:16    -2397.490752        0.075764
MDMin:  775 05:45:17    -2397.490752        0.075323
MDMin:  776 05:45:19    -2397.490751        0.074872
MDMin:  777 05:45:21    -2397.490750        0.074415
MDMin:  778 05:45:23    -2397.490750        0.073950
MDMin:  779 05:45:25    -2397.490749        0.073478
MDMin:  780 05:45:27    -2397.490749        0.072999
MDMin:  781 05:45:29    -2397.490748        0.072513
MDMin:  782 05:45:31    -2397.490748        0.072021
MDMin:  783 05:45:32    -2397.490747        0.071523
MDMin:  784 05:45:34    -2397.490747        0.071018
MDMin:  785 05:45:35    -2397.490746        0.070509
MDMin:  786 05:45:36    -2397.490746        0.069994
MDMin:  787 05:45:37    -2397.490745        0.069474
MDMin:  788 05:45:39    -2397.490745        0.069201
MDMin:  789 05:45:41    -2397.490744        0.068999
MDMin:  790 05:45:43    -2397.490744        0.068794
MDMin:  791 05:45:44    -2397.490743        0.068585
MDMin:  792 05:45:46    -2397.490743        0.068375
MDMin:  793 05:45:48    -2397.490742        0.068161
MDMin:  794 05:45:50    -2397.490742        0.067946
MDMin:  795 05:45:52    -2397.490742        0.067730
MDMin:  796 05:45:54    -2397.490741        0.067512
MDMin:  797 05:45:56    -2397.490741        0.067294
MDMin:  798 05:45:58    -2397.490741        0.067075
MDMin:  799 05:46:00    -2397.490740        0.066857
MDMin:  800 05:46:02    -2397.490740        0.066640
MDMin:  801 05:46:04    -2397.490740        0.066425
MDMin:  802 05:46:05    -2397.490739        0.066212
MDMin:  803 05:46:07    -2397.490739        0.066001
MDMin:  804 05:46:09    -2397.490739        0.065794
MDMin:  805 05:46:11    -2397.490738        0.065592
MDMin:  806 05:46:13    -2397.490738        0.065394
MDMin:  807 05:46:15    -2397.490738        0.065202
MDMin:  808 05:46:16    -2397.490738        0.065016
MDMin:  809 05:46:18    -2397.490737        0.064838
MDMin:  810 05:46:20    -2397.490737        0.064668
MDMin:  811 05:46:22    -2397.490737        0.064507
MDMin:  812 05:46:24    -2397.490737        0.064355
MDMin:  813 05:46:26    -2397.490737        0.064213
MDMin:  814 05:46:27    -2397.490737        0.064086
MDMin:  815 05:46:29    -2397.490736        0.063961
MDMin:  816 05:46:31    -2397.490736        0.063879
MDMin:  817 05:46:33    -2397.490736        0.063732
MDMin:  818 05:46:35    -2397.490736        0.063807
MDMin:  819 05:46:36    -2397.490736        0.063398
MDMin:  820 05:46:38    -2397.490736        0.090553
MDMin:  821 05:46:40    -2397.490736        0.063323
MDMin:  822 05:46:41    -2397.490736        0.063611
MDMin:  823 05:46:43    -2397.490736        0.063541
MDMin:  824 05:46:45    -2397.490736        0.063545
MDMin:  825 05:46:46    -2397.490736        0.063538
MDMin:  826 05:46:47    -2397.490736        0.063537
MDMin:  827 05:46:49    -2397.490736        0.063537
MDMin:  828 05:46:51    -2397.490736        0.063540
MDMin:  829 05:46:52    -2397.490736        0.063547
MDMin:  830 05:46:54    -2397.490736        0.063556
MDMin:  831 05:46:56    -2397.490736        0.063568
MDMin:  832 05:46:57    -2397.490736        0.063584
MDMin:  833 05:46:59    -2397.490736        0.063604
MDMin:  834 05:47:01    -2397.490736        0.063628
MDMin:  835 05:47:02    -2397.490736        0.063656
MDMin:  836 05:47:04    -2397.490736        0.063688
MDMin:  837 05:47:05    -2397.490736        0.063724
MDMin:  838 05:47:06    -2397.490736        0.063766
MDMin:  839 05:47:07    -2397.490736        0.063812
MDMin:  840 05:47:09    -2397.490736        0.063863
MDMin:  841 05:47:10    -2397.490736        0.063920
MDMin:  842 05:47:11    -2397.490736        0.063983
MDMin:  843 05:47:13    -2397.490736        0.064051
MDMin:  844 05:47:15    -2397.490736        0.064125
MDMin:  845 05:47:17    -2397.490736        0.064206
MDMin:  846 05:47:18    -2397.490736        0.064293
MDMin:  847 05:47:20    -2397.490736        0.064387
MDMin:  848 05:47:22    -2397.490736        0.064488
MDMin:  849 05:47:24    -2397.490736        0.064597
MDMin:  850 05:47:26    -2397.490736        0.064713
MDMin:  851 05:47:28    -2397.490736        0.064837
MDMin:  852 05:47:29    -2397.490736        0.064968
MDMin:  853 05:47:31    -2397.490736        0.065108
MDMin:  854 05:47:33    -2397.490736        0.065257
MDMin:  855 05:47:34    -2397.490736        0.065414
MDMin:  856 05:47:36    -2397.490736        0.065580
MDMin:  857 05:47:38    -2397.490736        0.065756
MDMin:  858 05:47:39    -2397.490736        0.065940
MDMin:  859 05:47:41    -2397.490736        0.066135
MDMin:  860 05:47:43    -2397.490736        0.066339
MDMin:  861 05:47:45    -2397.490736        0.066554
MDMin:  862 05:47:46    -2397.490736        0.066778
MDMin:  863 05:47:47    -2397.490736        0.067014
MDMin:  864 05:47:49    -2397.490737        0.067260
MDMin:  865 05:47:50    -2397.490737        0.067516
MDMin:  866 05:47:52    -2397.490737        0.067784
MDMin:  867 05:47:54    -2397.490737        0.068063
MDMin:  868 05:47:56    -2397.490737        0.068353
MDMin:  869 05:47:58    -2397.490737        0.068654
MDMin:  870 05:47:59    -2397.490737        0.068967
MDMin:  871 05:48:01    -2397.490737        0.069292
MDMin:  872 05:48:02    -2397.490737        0.069628
MDMin:  873 05:48:04    -2397.490737        0.069976
MDMin:  874 05:48:05    -2397.490737        0.070335
MDMin:  875 05:48:07    -2397.490737        0.070706
MDMin:  876 05:48:09    -2397.490737        0.071089
MDMin:  877 05:48:11    -2397.490737        0.071483
MDMin:  878 05:48:12    -2397.490738        0.071889
MDMin:  879 05:48:14    -2397.490738        0.072305
MDMin:  880 05:48:16    -2397.490738        0.072733
MDMin:  881 05:48:18    -2397.490738        0.073172
MDMin:  882 05:48:20    -2397.490738        0.073622
MDMin:  883 05:48:22    -2397.490738        0.074082
MDMin:  884 05:48:23    -2397.490738        0.074552
MDMin:  885 05:48:25    -2397.490738        0.075032
MDMin:  886 05:48:27    -2397.490738        0.075521
MDMin:  887 05:48:28    -2397.490738        0.076020
MDMin:  888 05:48:30    -2397.490739        0.076524
MDMin:  889 05:48:32    -2397.490739        0.077035
MDMin:  890 05:48:34    -2397.490739        0.077538
MDMin:  891 05:48:35    -2397.490739        0.078010
MDMin:  892 05:48:37    -2397.490739        0.078398
MDMin:  893 05:48:39    -2397.490739        0.078688
MDMin:  894 05:48:40    -2397.490739        0.078939
MDMin:  895 05:48:42    -2397.490739        0.079188
MDMin:  896 05:48:44    -2397.490739        0.079441
MDMin:  897 05:48:46    -2397.490739        0.079698
MDMin:  898 05:48:48    -2397.490739        0.079961
MDMin:  899 05:48:49    -2397.490739        0.080229
MDMin:  900 05:48:51    -2397.490739        0.080502
MDMin:  901 05:48:53    -2397.490740        0.080780
MDMin:  902 05:48:54    -2397.490740        0.081063
MDMin:  903 05:48:56    -2397.490740        0.081350
MDMin:  904 05:48:58    -2397.490740        0.081641
MDMin:  905 05:48:59    -2397.490740        0.081937
MDMin:  906 05:49:01    -2397.490740        0.082236
MDMin:  907 05:49:02    -2397.490740        0.082540
MDMin:  908 05:49:04    -2397.490740        0.082847
MDMin:  909 05:49:05    -2397.490740        0.083158
MDMin:  910 05:49:07    -2397.490740        0.083471
MDMin:  911 05:49:09    -2397.490740        0.083788
MDMin:  912 05:49:11    -2397.490740        0.084108
MDMin:  913 05:49:13    -2397.490740        0.084430
MDMin:  914 05:49:15    -2397.490740        0.084755
MDMin:  915 05:49:17    -2397.490740        0.085081
MDMin:  916 05:49:18    -2397.490741        0.085409
MDMin:  917 05:49:19    -2397.490741        0.085739
MDMin:  918 05:49:20    -2397.490741        0.086069
MDMin:  919 05:49:22    -2397.490741        0.086400
MDMin:  920 05:49:24    -2397.490741        0.086732
MDMin:  921 05:49:26    -2397.490741        0.087064
MDMin:  922 05:49:28    -2397.490741        0.087396
MDMin:  923 05:49:30    -2397.490741        0.087726
MDMin:  924 05:49:32    -2397.490741        0.088056
MDMin:  925 05:49:34    -2397.490741        0.088385
MDMin:  926 05:49:36    -2397.490741        0.088712
MDMin:  927 05:49:38    -2397.490741        0.089036
MDMin:  928 05:49:39    -2397.490742        0.089358
MDMin:  929 05:49:41    -2397.490742        0.089677
MDMin:  930 05:49:43    -2397.490742        0.089992
MDMin:  931 05:49:45    -2397.490742        0.090304
MDMin:  932 05:49:46    -2397.490742        0.090611
MDMin:  933 05:49:48    -2397.490742        0.090913
MDMin:  934 05:49:50    -2397.490742        0.091210
MDMin:  935 05:49:52    -2397.490742        0.091501
MDMin:  936 05:49:53    -2397.490742        0.091787
MDMin:  937 05:49:54    -2397.490742        0.092065
MDMin:  938 05:49:55    -2397.490743        0.092336
MDMin:  939 05:49:57    -2397.490743        0.092600
MDMin:  940 05:49:59    -2397.490743        0.092856
MDMin:  941 05:50:01    -2397.490743        0.093103
MDMin:  942 05:50:03    -2397.490743        0.093341
MDMin:  943 05:50:04    -2397.490743        0.093569
MDMin:  944 05:50:06    -2397.490743        0.093788
MDMin:  945 05:50:07    -2397.490743        0.093996
MDMin:  946 05:50:09    -2397.490743        0.094193
MDMin:  947 05:50:10    -2397.490743        0.094378
MDMin:  948 05:50:12    -2397.490744        0.094552
MDMin:  949 05:50:14    -2397.490744        0.094714
MDMin:  950 05:50:16    -2397.490744        0.094862
MDMin:  951 05:50:18    -2397.490744        0.094998
MDMin:  952 05:50:20    -2397.490744        0.095119
MDMin:  953 05:50:22    -2397.490744        0.095227
MDMin:  954 05:50:23    -2397.490744        0.095320
MDMin:  955 05:50:25    -2397.490744        0.095398
MDMin:  956 05:50:27    -2397.490744        0.095461
MDMin:  957 05:50:29    -2397.490745        0.095508
MDMin:  958 05:50:31    -2397.490745        0.095539
MDMin:  959 05:50:32    -2397.490745        0.095553
MDMin:  960 05:50:34    -2397.490745        0.095550
MDMin:  961 05:50:36    -2397.490745        0.095529
MDMin:  962 05:50:38    -2397.490745        0.095490
MDMin:  963 05:50:40    -2397.490745        0.095435
MDMin:  964 05:50:42    -2397.490745        0.095369
MDMin:  965 05:50:44    -2397.490745        0.095306
MDMin:  966 05:50:45    -2397.490746        0.095246
MDMin:  967 05:50:46    -2397.490746        0.095184
MDMin:  968 05:50:48    -2397.490746        0.095118
MDMin:  969 05:50:50    -2397.490746        0.095048
MDMin:  970 05:50:52    -2397.490746        0.094973
MDMin:  971 05:50:54    -2397.490746        0.094894
MDMin:  972 05:50:56    -2397.490746        0.094810
MDMin:  973 05:50:58    -2397.490746        0.094720
MDMin:  974 05:51:00    -2397.490746        0.094625
MDMin:  975 05:51:01    -2397.490746        0.094524
MDMin:  976 05:51:03    -2397.490746        0.094416
MDMin:  977 05:51:05    -2397.490746        0.094302
MDMin:  978 05:51:07    -2397.490746        0.094182
MDMin:  979 05:51:09    -2397.490746        0.094054
MDMin:  980 05:51:10    -2397.490746        0.093919
MDMin:  981 05:51:12    -2397.490746        0.093777
MDMin:  982 05:51:14    -2397.490747        0.093627
MDMin:  983 05:51:16    -2397.490747        0.093469
MDMin:  984 05:51:18    -2397.490747        0.093302
MDMin:  985 05:51:20    -2397.490747        0.093127
MDMin:  986 05:51:21    -2397.490747        0.092945
MDMin:  987 05:51:23    -2397.490747        0.092755
MDMin:  988 05:51:25    -2397.490747        0.092557
MDMin:  989 05:51:26    -2397.490747        0.092352
MDMin:  990 05:51:27    -2397.490747        0.092139
MDMin:  991 05:51:29    -2397.490747        0.091919
MDMin:  992 05:51:31    -2397.490747        0.091690
MDMin:  993 05:51:33    -2397.490747        0.091453
MDMin:  994 05:51:35    -2397.490748        0.091208
MDMin:  995 05:51:36    -2397.490748        0.090954
MDMin:  996 05:51:38    -2397.490748        0.090692
MDMin:  997 05:51:40    -2397.490748        0.090422
MDMin:  998 05:51:42    -2397.490748        0.090143
MDMin:  999 05:51:44    -2397.490748        0.089855
MDMin:  1000 05:51:45    -2397.490748        0.089558
MDMin:  1001 05:51:47    -2397.490748        0.089253
MDMin:  1002 05:51:49    -2397.490748        0.088938
MDMin:  1003 05:51:51    -2397.490748        0.088615
MDMin:  1004 05:51:52    -2397.490748        0.088283
MDMin:  1005 05:51:53    -2397.490749        0.087941
MDMin:  1006 05:51:55    -2397.490749        0.087591
MDMin:  1007 05:51:56    -2397.490749        0.087232
MDMin:  1008 05:51:57    -2397.490749        0.086862
MDMin:  1009 05:51:59    -2397.490749        0.086483
MDMin:  1010 05:52:01    -2397.490749        0.086096
MDMin:  1011 05:52:03    -2397.490749        0.085699
MDMin:  1012 05:52:05    -2397.490749        0.085294
MDMin:  1013 05:52:07    -2397.490749        0.084881
MDMin:  1014 05:52:09    -2397.490750        0.084461
MDMin:  1015 05:52:10    -2397.490750        0.084032
MDMin:  1016 05:52:12    -2397.490750        0.083599
MDMin:  1017 05:52:14    -2397.490750        0.083157
MDMin:  1018 05:52:16    -2397.490750        0.082718
MDMin:  1019 05:52:18    -2397.490750        0.082277
MDMin:  1020 05:52:20    -2397.490750        0.081887
MDMin:  1021 05:52:22    -2397.490750        0.081573
MDMin:  1022 05:52:24    -2397.490750        0.081356
MDMin:  1023 05:52:25    -2397.490750        0.081150
MDMin:  1024 05:52:27    -2397.490750        0.080944
MDMin:  1025 05:52:29    -2397.490750        0.080735
MDMin:  1026 05:52:30    -2397.490750        0.080523
MDMin:  1027 05:52:32    -2397.490751        0.080308
MDMin:  1028 05:52:34    -2397.490751        0.080090
MDMin:  1029 05:52:36    -2397.490751        0.079870
MDMin:  1030 05:52:38    -2397.490751        0.079646
MDMin:  1031 05:52:40    -2397.490751        0.079420
MDMin:  1032 05:52:42    -2397.490751        0.079191
MDMin:  1033 05:52:44    -2397.490751        0.078959
MDMin:  1034 05:52:46    -2397.490751        0.078725
MDMin:  1035 05:52:48    -2397.490751        0.078491
MDMin:  1036 05:52:50    -2397.490751        0.078256
MDMin:  1037 05:52:52    -2397.490751        0.078020
MDMin:  1038 05:52:53    -2397.490751        0.077785
MDMin:  1039 05:52:55    -2397.490751        0.077550
MDMin:  1040 05:52:57    -2397.490751        0.077315
MDMin:  1041 05:52:59    -2397.490751        0.077081
MDMin:  1042 05:53:01    -2397.490751        0.076848
MDMin:  1043 05:53:03    -2397.490752        0.076617
MDMin:  1044 05:53:04    -2397.490752        0.076387
MDMin:  1045 05:53:06    -2397.490752        0.076160
MDMin:  1046 05:53:08    -2397.490752        0.075935
MDMin:  1047 05:53:10    -2397.490752        0.075713
MDMin:  1048 05:53:11    -2397.490752        0.075495
MDMin:  1049 05:53:12    -2397.490752        0.075280
MDMin:  1050 05:53:14    -2397.490752        0.075069
MDMin:  1051 05:53:15    -2397.490752        0.074863
MDMin:  1052 05:53:17    -2397.490752        0.074661
MDMin:  1053 05:53:19    -2397.490752        0.074465
MDMin:  1054 05:53:20    -2397.490752        0.074275
MDMin:  1055 05:53:22    -2397.490752        0.074091
MDMin:  1056 05:53:24    -2397.490753        0.073914
MDMin:  1057 05:53:26    -2397.490753        0.073744
MDMin:  1058 05:53:27    -2397.490753        0.073582
MDMin:  1059 05:53:29    -2397.490753        0.073428
MDMin:  1060 05:53:31    -2397.490753        0.073282
MDMin:  1061 05:53:33    -2397.490753        0.073144
MDMin:  1062 05:53:34    -2397.490753        0.073017
MDMin:  1063 05:53:36    -2397.490753        0.072898
MDMin:  1064 05:53:37    -2397.490753        0.072790
MDMin:  1065 05:53:38    -2397.490753        0.072691
MDMin:  1066 05:53:40    -2397.490753        0.072604
MDMin:  1067 05:53:42    -2397.490754        0.072526
MDMin:  1068 05:53:44    -2397.490754        0.072460
MDMin:  1069 05:53:45    -2397.490754        0.072404
MDMin:  1070 05:53:47    -2397.490754        0.072359
MDMin:  1071 05:53:49    -2397.490754        0.072325
MDMin:  1072 05:53:50    -2397.490754        0.072301
MDMin:  1073 05:53:52    -2397.490754        0.072288
MDMin:  1074 05:53:53    -2397.490754        0.072284
MDMin:  1075 05:53:55    -2397.490754        0.072291
MDMin:  1076 05:53:57    -2397.490754        0.072306
MDMin:  1077 05:53:59    -2397.490755        0.072330
MDMin:  1078 05:54:01    -2397.490755        0.072361
MDMin:  1079 05:54:02    -2397.490755        0.072399
MDMin:  1080 05:54:04    -2397.490755        0.072441
MDMin:  1081 05:54:05    -2397.490755        0.072483
MDMin:  1082 05:54:07    -2397.490755        0.072518
MDMin:  1083 05:54:09    -2397.490755        0.072541
MDMin:  1084 05:54:11    -2397.490755        0.072558
MDMin:  1085 05:54:12    -2397.490755        0.072576
MDMin:  1086 05:54:14    -2397.490755        0.072594
MDMin:  1087 05:54:15    -2397.490755        0.072613
MDMin:  1088 05:54:16    -2397.490755        0.072631
MDMin:  1089 05:54:18    -2397.490755        0.072650
MDMin:  1090 05:54:19    -2397.490755        0.072669
MDMin:  1091 05:54:20    -2397.490755        0.072687
MDMin:  1092 05:54:22    -2397.490755        0.072704
MDMin:  1093 05:54:24    -2397.490756        0.072720
MDMin:  1094 05:54:26    -2397.490756        0.072735
MDMin:  1095 05:54:27    -2397.490756        0.072747
MDMin:  1096 05:54:28    -2397.490756        0.072757
MDMin:  1097 05:54:29    -2397.490756        0.072764
MDMin:  1098 05:54:30    -2397.490756        0.072768
MDMin:  1099 05:54:32    -2397.490756        0.072768
MDMin:  1100 05:54:33    -2397.490756        0.072764
MDMin:  1101 05:54:35    -2397.490756        0.072755
MDMin:  1102 05:54:37    -2397.490756        0.072740
MDMin:  1103 05:54:38    -2397.490756        0.072720
MDMin:  1104 05:54:40    -2397.490756        0.072693
MDMin:  1105 05:54:41    -2397.490756        0.072658
MDMin:  1106 05:54:42    -2397.490756        0.072616
MDMin:  1107 05:54:44    -2397.490756        0.072564
MDMin:  1108 05:54:45    -2397.490756        0.072503
MDMin:  1109 05:54:47    -2397.490756        0.072432
MDMin:  1110 05:54:49    -2397.490756        0.072524
MDMin:  1111 05:54:51    -2397.490757        0.072811
MDMin:  1112 05:54:54    -2397.490757        0.073102
MDMin:  1113 05:54:55    -2397.490757        0.073397
MDMin:  1114 05:54:57    -2397.490757        0.073697
MDMin:  1115 05:54:59    -2397.490757        0.073999
MDMin:  1116 05:55:01    -2397.490757        0.074305
MDMin:  1117 05:55:03    -2397.490757        0.074614
MDMin:  1118 05:55:05    -2397.490757        0.074924
MDMin:  1119 05:55:06    -2397.490757        0.075237
MDMin:  1120 05:55:08    -2397.490757        0.075552
MDMin:  1121 05:55:10    -2397.490757        0.075867
MDMin:  1122 05:55:11    -2397.490757        0.076183
MDMin:  1123 05:55:13    -2397.490757        0.076500
MDMin:  1124 05:55:14    -2397.490757        0.076815
MDMin:  1125 05:55:16    -2397.490758        0.077130
MDMin:  1126 05:55:18    -2397.490758        0.077443
MDMin:  1127 05:55:20    -2397.490758        0.077755
MDMin:  1128 05:55:21    -2397.490758        0.078063
MDMin:  1129 05:55:23    -2397.490758        0.078368
MDMin:  1130 05:55:24    -2397.490758        0.078669
MDMin:  1131 05:55:26    -2397.490758        0.078966
MDMin:  1132 05:55:28    -2397.490758        0.079258
MDMin:  1133 05:55:30    -2397.490758        0.079544
MDMin:  1134 05:55:31    -2397.490758        0.079824
MDMin:  1135 05:55:32    -2397.490758        0.080097
MDMin:  1136 05:55:34    -2397.490758        0.080363
MDMin:  1137 05:55:37    -2397.490758        0.080621
MDMin:  1138 05:55:38    -2397.490759        0.080870
MDMin:  1139 05:55:40    -2397.490759        0.081110
MDMin:  1140 05:55:41    -2397.490759        0.081341
MDMin:  1141 05:55:43    -2397.490759        0.081562
MDMin:  1142 05:55:44    -2397.490759        0.081773
MDMin:  1143 05:55:46    -2397.490759        0.081973
MDMin:  1144 05:55:48    -2397.490759        0.082161
MDMin:  1145 05:55:50    -2397.490759        0.082339
MDMin:  1146 05:55:52    -2397.490759        0.082505
MDMin:  1147 05:55:53    -2397.490759        0.082658
MDMin:  1148 05:55:55    -2397.490759        0.082800
MDMin:  1149 05:55:57    -2397.490759        0.082930
MDMin:  1150 05:55:59    -2397.490760        0.083048
MDMin:  1151 05:56:01    -2397.490760        0.083153
MDMin:  1152 05:56:02    -2397.490760        0.083246
MDMin:  1153 05:56:04    -2397.490760        0.083325
MDMin:  1154 05:56:06    -2397.490760        0.083388
MDMin:  1155 05:56:08    -2397.490760        0.083426
MDMin:  1156 05:56:09    -2397.490760        0.083446
MDMin:  1157 05:56:10    -2397.490760        0.083457
MDMin:  1158 05:56:12    -2397.490760        0.083466
MDMin:  1159 05:56:14    -2397.490760        0.083475
MDMin:  1160 05:56:16    -2397.490760        0.083481
MDMin:  1161 05:56:18    -2397.490760        0.083487
MDMin:  1162 05:56:20    -2397.490760        0.083491
MDMin:  1163 05:56:22    -2397.490760        0.083494
MDMin:  1164 05:56:24    -2397.490760        0.083495
MDMin:  1165 05:56:26    -2397.490760        0.083494
MDMin:  1166 05:56:27    -2397.490760        0.083492
MDMin:  1167 05:56:29    -2397.490760        0.083488
MDMin:  1168 05:56:31    -2397.490760        0.083483
MDMin:  1169 05:56:33    -2397.490761        0.083475
MDMin:  1170 05:56:35    -2397.490761        0.083466
MDMin:  1171 05:56:37    -2397.490761        0.083454
MDMin:  1172 05:56:39    -2397.490761        0.083441
MDMin:  1173 05:56:40    -2397.490761        0.083426
MDMin:  1174 05:56:42    -2397.490761        0.083410
MDMin:  1175 05:56:44    -2397.490761        0.083391
MDMin:  1176 05:56:45    -2397.490761        0.083371
MDMin:  1177 05:56:47    -2397.490761        0.083349
MDMin:  1178 05:56:49    -2397.490761        0.083326
MDMin:  1179 05:56:51    -2397.490761        0.083301
MDMin:  1180 05:56:52    -2397.490761        0.083274
MDMin:  1181 05:56:54    -2397.490761        0.083247
MDMin:  1182 05:56:55    -2397.490761        0.083218
MDMin:  1183 05:56:56    -2397.490761        0.083187
MDMin:  1184 05:56:57    -2397.490761        0.083156
MDMin:  1185 05:56:58    -2397.490761        0.083124
MDMin:  1186 05:57:00    -2397.490761        0.083091
MDMin:  1187 05:57:01    -2397.490762        0.083058
MDMin:  1188 05:57:03    -2397.490762        0.083024
MDMin:  1189 05:57:05    -2397.490762        0.082990
MDMin:  1190 05:57:06    -2397.490762        0.082956
MDMin:  1191 05:57:08    -2397.490762        0.082921
MDMin:  1192 05:57:10    -2397.490762        0.082887
MDMin:  1193 05:57:12    -2397.490762        0.082854
MDMin:  1194 05:57:14    -2397.490762        0.082821
MDMin:  1195 05:57:16    -2397.490762        0.082789
MDMin:  1196 05:57:18    -2397.490762        0.082758
MDMin:  1197 05:57:19    -2397.490762        0.082728
MDMin:  1198 05:57:21    -2397.490762        0.082699
MDMin:  1199 05:57:23    -2397.490762        0.082672
MDMin:  1200 05:57:25    -2397.490762        0.082647
MDMin:  1201 05:57:27    -2397.490762        0.082624
MDMin:  1202 05:57:29    -2397.490763        0.082603
MDMin:  1203 05:57:31    -2397.490763        0.082584
MDMin:  1204 05:57:32    -2397.490763        0.082567
MDMin:  1205 05:57:33    -2397.490763        0.082554
MDMin:  1206 05:57:35    -2397.490763        0.082542
MDMin:  1207 05:57:37    -2397.490763        0.082534
MDMin:  1208 05:57:39    -2397.490763        0.082529
MDMin:  1209 05:57:42    -2397.490763        0.082527
MDMin:  1210 05:57:44    -2397.490763        0.082529
MDMin:  1211 05:57:45    -2397.490763        0.082533
MDMin:  1212 05:57:47    -2397.490763        0.082541
MDMin:  1213 05:57:49    -2397.490763        0.082553
MDMin:  1214 05:57:51    -2397.490763        0.082568
MDMin:  1215 05:57:53    -2397.490763        0.082587
MDMin:  1216 05:57:55    -2397.490764        0.082609
MDMin:  1217 05:57:57    -2397.490764        0.082633
MDMin:  1218 05:57:59    -2397.490764        0.082653
MDMin:  1219 05:58:01    -2397.490764        0.082666
MDMin:  1220 05:58:02    -2397.490764        0.082674
MDMin:  1221 05:58:04    -2397.490764        0.082682
MDMin:  1222 05:58:06    -2397.490764        0.082692
MDMin:  1223 05:58:08    -2397.490764        0.082703
MDMin:  1224 05:58:10    -2397.490764        0.082715
MDMin:  1225 05:58:11    -2397.490764        0.082729
MDMin:  1226 05:58:13    -2397.490764        0.082745
MDMin:  1227 05:58:14    -2397.490764        0.082762
MDMin:  1228 05:58:16    -2397.490764        0.082780
MDMin:  1229 05:58:18    -2397.490764        0.082800
MDMin:  1230 05:58:20    -2397.490764        0.082821
MDMin:  1231 05:58:22    -2397.490764        0.082844
MDMin:  1232 05:58:23    -2397.490764        0.082868
MDMin:  1233 05:58:25    -2397.490764        0.082893
MDMin:  1234 05:58:27    -2397.490764        0.082920
MDMin:  1235 05:58:29    -2397.490764        0.082948
MDMin:  1236 05:58:32    -2397.490764        0.082977
MDMin:  1237 05:58:33    -2397.490764        0.083007
MDMin:  1238 05:58:35    -2397.490765        0.083039
MDMin:  1239 05:58:37    -2397.490765        0.083072
MDMin:  1240 05:58:39    -2397.490765        0.083106
MDMin:  1241 05:58:41    -2397.490765        0.083141
MDMin:  1242 05:58:42    -2397.490765        0.083178
MDMin:  1243 05:58:44    -2397.490765        0.083215
MDMin:  1244 05:58:46    -2397.490765        0.083253
MDMin:  1245 05:58:48    -2397.490765        0.083293
MDMin:  1246 05:58:50    -2397.490765        0.083333
MDMin:  1247 05:58:51    -2397.490765        0.083374
MDMin:  1248 05:58:53    -2397.490765        0.083415
MDMin:  1249 05:58:55    -2397.490765        0.083457
MDMin:  1250 05:58:57    -2397.490765        0.083500
MDMin:  1251 05:58:59    -2397.490765        0.083544
MDMin:  1252 05:59:00    -2397.490765        0.083588
MDMin:  1253 05:59:02    -2397.490765        0.083632
MDMin:  1254 05:59:04    -2397.490765        0.083676
MDMin:  1255 05:59:06    -2397.490765        0.083720
MDMin:  1256 05:59:08    -2397.490765        0.083765
MDMin:  1257 05:59:09    -2397.490766        0.083809
MDMin:  1258 05:59:11    -2397.490766        0.083853
MDMin:  1259 05:59:12    -2397.490766        0.083896
MDMin:  1260 05:59:14    -2397.490766        0.083940
MDMin:  1261 05:59:16    -2397.490766        0.083982
MDMin:  1262 05:59:17    -2397.490766        0.084024
MDMin:  1263 05:59:19    -2397.490766        0.084064
MDMin:  1264 05:59:21    -2397.490766        0.084104
MDMin:  1265 05:59:22    -2397.490766        0.084142
MDMin:  1266 05:59:24    -2397.490766        0.084179
MDMin:  1267 05:59:25    -2397.490766        0.084214
MDMin:  1268 05:59:27    -2397.490766        0.084247
MDMin:  1269 05:59:29    -2397.490766        0.084278
MDMin:  1270 05:59:31    -2397.490766        0.084307
MDMin:  1271 05:59:33    -2397.490766        0.084334
MDMin:  1272 05:59:35    -2397.490766        0.084358
MDMin:  1273 05:59:37    -2397.490767        0.084379
MDMin:  1274 05:59:39    -2397.490767        0.084398
MDMin:  1275 05:59:41    -2397.490767        0.084413
MDMin:  1276 05:59:42    -2397.490767        0.084425
MDMin:  1277 05:59:44    -2397.490767        0.084433
MDMin:  1278 05:59:46    -2397.490767        0.084437
MDMin:  1279 05:59:48    -2397.490767        0.084438
MDMin:  1280 05:59:49    -2397.490767        0.084434
MDMin:  1281 05:59:50    -2397.490767        0.084425
MDMin:  1282 05:59:52    -2397.490767        0.084411
MDMin:  1283 05:59:53    -2397.490767        0.084391
MDMin:  1284 05:59:54    -2397.490767        0.084364
MDMin:  1285 05:59:56    -2397.490767        0.084333
MDMin:  1286 05:59:58    -2397.490767        0.084305
MDMin:  1287 06:00:00    -2397.490767        0.084278
MDMin:  1288 06:00:02    -2397.490767        0.084250
MDMin:  1289 06:00:04    -2397.490767        0.084222
MDMin:  1290 06:00:06    -2397.490767        0.084193
MDMin:  1291 06:00:08    -2397.490767        0.084163
MDMin:  1292 06:00:09    -2397.490768        0.084132
MDMin:  1293 06:00:10    -2397.490768        0.084100
MDMin:  1294 06:00:12    -2397.490768        0.084067
MDMin:  1295 06:00:13    -2397.490768        0.084033
MDMin:  1296 06:00:15    -2397.490768        0.083997
MDMin:  1297 06:00:16    -2397.490768        0.083959
MDMin:  1298 06:00:17    -2397.490768        0.083920
MDMin:  1299 06:00:19    -2397.490768        0.083879
MDMin:  1300 06:00:20    -2397.490768        0.083837
MDMin:  1301 06:00:22    -2397.490768        0.083792
MDMin:  1302 06:00:24    -2397.490768        0.083744
MDMin:  1303 06:00:26    -2397.490768        0.083695
MDMin:  1304 06:00:27    -2397.490768        0.083643
MDMin:  1305 06:00:29    -2397.490768        0.083589
MDMin:  1306 06:00:30    -2397.490768        0.083533
MDMin:  1307 06:00:32    -2397.490768        0.083475
MDMin:  1308 06:00:34    -2397.490768        0.083416
MDMin:  1309 06:00:36    -2397.490768        0.083355
MDMin:  1310 06:00:38    -2397.490768        0.083292
MDMin:  1311 06:00:40    -2397.490768        0.083227
MDMin:  1312 06:00:42    -2397.490768        0.083160
MDMin:  1313 06:00:43    -2397.490768        0.083090
MDMin:  1314 06:00:44    -2397.490768        0.083018
MDMin:  1315 06:00:46    -2397.490768        0.082943
MDMin:  1316 06:00:48    -2397.490769        0.082866
MDMin:  1317 06:00:49    -2397.490769        0.082786
MDMin:  1318 06:00:50    -2397.490769        0.082703
MDMin:  1319 06:00:51    -2397.490769        0.082618
MDMin:  1320 06:00:52    -2397.490769        0.082530
MDMin:  1321 06:00:54    -2397.490769        0.082439
MDMin:  1322 06:00:55    -2397.490769        0.082346
MDMin:  1323 06:00:57    -2397.490769        0.082251
MDMin:  1324 06:00:58    -2397.490769        0.082153
MDMin:  1325 06:01:00    -2397.490769        0.082052
MDMin:  1326 06:01:02    -2397.490769        0.081950
MDMin:  1327 06:01:04    -2397.490769        0.081844
MDMin:  1328 06:01:06    -2397.490769        0.081737
MDMin:  1329 06:01:08    -2397.490769        0.081627
MDMin:  1330 06:01:10    -2397.490769        0.081514
MDMin:  1331 06:01:12    -2397.490769        0.081400
MDMin:  1332 06:01:14    -2397.490769        0.081284
MDMin:  1333 06:01:16    -2397.490769        0.081166
MDMin:  1334 06:01:18    -2397.490770        0.081046
MDMin:  1335 06:01:19    -2397.490770        0.080924
MDMin:  1336 06:01:21    -2397.490770        0.080801
MDMin:  1337 06:01:23    -2397.490770        0.080677
MDMin:  1338 06:01:24    -2397.490770        0.080552
MDMin:  1339 06:01:26    -2397.490770        0.080426
MDMin:  1340 06:01:27    -2397.490770        0.080300
MDMin:  1341 06:01:29    -2397.490770        0.080173
MDMin:  1342 06:01:30    -2397.490770        0.080047
MDMin:  1343 06:01:31    -2397.490770        0.079922
MDMin:  1344 06:01:33    -2397.490770        0.079796
MDMin:  1345 06:01:35    -2397.490770        0.079676
MDMin:  1346 06:01:37    -2397.490770        0.079561
MDMin:  1347 06:01:38    -2397.490770        0.079470
MDMin:  1348 06:01:40    -2397.490770        0.079401
MDMin:  1349 06:01:42    -2397.490770        0.079340
MDMin:  1350 06:01:44    -2397.490770        0.079280
MDMin:  1351 06:01:45    -2397.490770        0.079221
MDMin:  1352 06:01:47    -2397.490770        0.079162
MDMin:  1353 06:01:49    -2397.490770        0.079104
MDMin:  1354 06:01:51    -2397.490771        0.079046
MDMin:  1355 06:01:53    -2397.490771        0.078989
MDMin:  1356 06:01:55    -2397.490771        0.078934
MDMin:  1357 06:01:57    -2397.490771        0.078879
MDMin:  1358 06:01:59    -2397.490771        0.078825
MDMin:  1359 06:02:01    -2397.490771        0.078772
MDMin:  1360 06:02:02    -2397.490771        0.078721
MDMin:  1361 06:02:04    -2397.490771        0.078671
MDMin:  1362 06:02:06    -2397.490771        0.078623
MDMin:  1363 06:02:08    -2397.490771        0.078576
MDMin:  1364 06:02:10    -2397.490771        0.078531
MDMin:  1365 06:02:12    -2397.490771        0.078488
MDMin:  1366 06:02:14    -2397.490771        0.078447
MDMin:  1367 06:02:16    -2397.490771        0.078409
MDMin:  1368 06:02:18    -2397.490771        0.078373
MDMin:  1369 06:02:20    -2397.490771        0.078340
MDMin:  1370 06:02:22    -2397.490771        0.078310
MDMin:  1371 06:02:23    -2397.490771        0.078283
MDMin:  1372 06:02:25    -2397.490771        0.078261
MDMin:  1373 06:02:26    -2397.490771        0.078246
MDMin:  1374 06:02:28    -2397.490771        0.078237
MDMin:  1375 06:02:30    -2397.490771        0.078236
MDMin:  1376 06:02:31    -2397.490771        0.078242
MDMin:  1377 06:02:33    -2397.490771        0.078256
MDMin:  1378 06:02:35    -2397.490771        0.078279
MDMin:  1379 06:02:37    -2397.490771        0.078311
MDMin:  1380 06:02:39    -2397.490771        0.078352
MDMin:  1381 06:02:41    -2397.490772        0.078404
MDMin:  1382 06:02:43    -2397.490772        0.078467
MDMin:  1383 06:02:44    -2397.490772        0.078542
MDMin:  1384 06:02:46    -2397.490772        0.078628
MDMin:  1385 06:02:48    -2397.490772        0.078727
MDMin:  1386 06:02:50    -2397.490772        0.078839
MDMin:  1387 06:02:52    -2397.490772        0.078965
MDMin:  1388 06:02:54    -2397.490772        0.079105
MDMin:  1389 06:02:56    -2397.490772        0.079260
MDMin:  1390 06:02:58    -2397.490772        0.079431
MDMin:  1391 06:03:00    -2397.490772        0.079617
MDMin:  1392 06:03:02    -2397.490772        0.079819
MDMin:  1393 06:03:04    -2397.490772        0.080038
MDMin:  1394 06:03:06    -2397.490772        0.080274
MDMin:  1395 06:03:08    -2397.490772        0.080527
MDMin:  1396 06:03:10    -2397.490772        0.080797
MDMin:  1397 06:03:12    -2397.490772        0.081085
MDMin:  1398 06:03:14    -2397.490772        0.081391
MDMin:  1399 06:03:16    -2397.490772        0.081714
MDMin:  1400 06:03:18    -2397.490772        0.082055
MDMin:  1401 06:03:20    -2397.490773        0.082414
MDMin:  1402 06:03:22    -2397.490773        0.082789
MDMin:  1403 06:03:24    -2397.490773        0.083180
MDMin:  1404 06:03:26    -2397.490773        0.083588
MDMin:  1405 06:03:28    -2397.490773        0.084010
MDMin:  1406 06:03:30    -2397.490773        0.084445
MDMin:  1407 06:03:32    -2397.490773        0.084894
MDMin:  1408 06:03:34    -2397.490773        0.085353
MDMin:  1409 06:03:36    -2397.490773        0.085822
MDMin:  1410 06:03:38    -2397.490773        0.086298
MDMin:  1411 06:03:40    -2397.490773        0.086781
MDMin:  1412 06:03:41    -2397.490773        0.087261
MDMin:  1413 06:03:43    -2397.490773        0.087744
MDMin:  1414 06:03:45    -2397.490773        0.088194
MDMin:  1415 06:03:47    -2397.490773        0.088605
MDMin:  1416 06:03:49    -2397.490773        0.088893
MDMin:  1417 06:03:51    -2397.490773        0.089118
MDMin:  1418 06:03:53    -2397.490773        0.089315
MDMin:  1419 06:03:55    -2397.490773        0.089513
MDMin:  1420 06:03:58    -2397.490773        0.089711
MDMin:  1421 06:03:59    -2397.490773        0.089909
MDMin:  1422 06:04:01    -2397.490774        0.090105
MDMin:  1423 06:04:03    -2397.490774        0.090300
MDMin:  1424 06:04:05    -2397.490774        0.090493
MDMin:  1425 06:04:07    -2397.490774        0.090682
MDMin:  1426 06:04:09    -2397.490774        0.090867
MDMin:  1427 06:04:11    -2397.490774        0.091048
MDMin:  1428 06:04:13    -2397.490774        0.091223
MDMin:  1429 06:04:15    -2397.490774        0.091391
MDMin:  1430 06:04:17    -2397.490774        0.091551
MDMin:  1431 06:04:19    -2397.490774        0.091702
MDMin:  1432 06:04:21    -2397.490774        0.091843
MDMin:  1433 06:04:23    -2397.490774        0.091973
MDMin:  1434 06:04:25    -2397.490774        0.092090
MDMin:  1435 06:04:27    -2397.490774        0.092194
MDMin:  1436 06:04:29    -2397.490774        0.092282
MDMin:  1437 06:04:31    -2397.490774        0.092355
MDMin:  1438 06:04:33    -2397.490774        0.092409
MDMin:  1439 06:04:35    -2397.490774        0.092444
MDMin:  1440 06:04:37    -2397.490774        0.092458
MDMin:  1441 06:04:38    -2397.490774        0.092451
MDMin:  1442 06:04:40    -2397.490774        0.092419
MDMin:  1443 06:04:41    -2397.490774        0.092362
MDMin:  1444 06:04:43    -2397.490774        0.092278
MDMin:  1445 06:04:44    -2397.490774        0.092166
MDMin:  1446 06:04:45    -2397.490774        0.092023
MDMin:  1447 06:04:47    -2397.490774        0.091849
MDMin:  1448 06:04:49    -2397.490774        0.091642
MDMin:  1449 06:04:51    -2397.490774        0.091400
MDMin:  1450 06:04:53    -2397.490774        0.091122
MDMin:  1451 06:04:55    -2397.490774        0.090805
MDMin:  1452 06:04:57    -2397.490775        0.090450
MDMin:  1453 06:04:59    -2397.490775        0.090054
MDMin:  1454 06:05:00    -2397.490775        0.089615
MDMin:  1455 06:05:02    -2397.490775        0.089134
MDMin:  1456 06:05:03    -2397.490775        0.088607
MDMin:  1457 06:05:05    -2397.490775        0.088035
MDMin:  1458 06:05:07    -2397.490775        0.087416
MDMin:  1459 06:05:08    -2397.490775        0.086749
MDMin:  1460 06:05:09    -2397.490775        0.086034
MDMin:  1461 06:05:10    -2397.490775        0.085269
MDMin:  1462 06:05:12    -2397.490775        0.084453
MDMin:  1463 06:05:13    -2397.490775        0.083587
MDMin:  1464 06:05:14    -2397.490775        0.082670
MDMin:  1465 06:05:16    -2397.490775        0.081701
MDMin:  1466 06:05:17    -2397.490775        0.080681
MDMin:  1467 06:05:19    -2397.490775        0.079610
MDMin:  1468 06:05:21    -2397.490775        0.078487
MDMin:  1469 06:05:23    -2397.490775        0.077313
MDMin:  1470 06:05:24    -2397.490775        0.076089
MDMin:  1471 06:05:26    -2397.490775        0.074815
MDMin:  1472 06:05:28    -2397.490775        0.073492
MDMin:  1473 06:05:30    -2397.490775        0.072120
MDMin:  1474 06:05:32    -2397.490776        0.070702
MDMin:  1475 06:05:34    -2397.490776        0.069239
MDMin:  1476 06:05:35    -2397.490776        0.067732
MDMin:  1477 06:05:37    -2397.490776        0.066182
MDMin:  1478 06:05:39    -2397.490776        0.064593
MDMin:  1479 06:05:41    -2397.490776        0.063319
MDMin:  1480 06:05:42    -2397.490776        0.063083
MDMin:  1481 06:05:44    -2397.490776        0.062824
MDMin:  1482 06:05:46    -2397.490776        0.062554
MDMin:  1483 06:05:47    -2397.490776        0.062263
MDMin:  1484 06:05:49    -2397.490776        0.080305
MDMin:  1485 06:05:50    -2397.490776        0.067458
MDMin:  1486 06:05:51    -2397.490776        0.061695
MDMin:  1487 06:05:53    -2397.490776        0.061574
MDMin:  1488 06:05:54    -2397.490776        0.061449
MDMin:  1489 06:05:56    -2397.490776        0.061320
MDMin:  1490 06:05:57    -2397.490776        0.061188
MDMin:  1491 06:05:59    -2397.490776        0.061051
MDMin:  1492 06:06:00    -2397.490776        0.060911
MDMin:  1493 06:06:02    -2397.490776        0.060768
MDMin:  1494 06:06:03    -2397.490776        0.060620
MDMin:  1495 06:06:04    -2397.490776        0.060468
MDMin:  1496 06:06:06    -2397.490776        0.060313
MDMin:  1497 06:06:08    -2397.490776        0.060154
MDMin:  1498 06:06:10    -2397.490776        0.059991
MDMin:  1499 06:06:12    -2397.490776        0.059824
MDMin:  1500 06:06:13    -2397.490776        0.059654
MDMin:  1501 06:06:15    -2397.490776        0.059480
MDMin:  1502 06:06:16    -2397.490776        0.059302
MDMin:  1503 06:06:18    -2397.490777        0.059121
MDMin:  1504 06:06:19    -2397.490777        0.058936
MDMin:  1505 06:06:21    -2397.490777        0.058749
MDMin:  1506 06:06:23    -2397.490777        0.058558
MDMin:  1507 06:06:25    -2397.490777        0.058364
MDMin:  1508 06:06:26    -2397.490777        0.058167
MDMin:  1509 06:06:28    -2397.490777        0.057968
MDMin:  1510 06:06:30    -2397.490777        0.057766
MDMin:  1511 06:06:32    -2397.490777        0.057562
MDMin:  1512 06:06:34    -2397.490777        0.057355
MDMin:  1513 06:06:35    -2397.490777        0.057147
MDMin:  1514 06:06:36    -2397.490777        0.056937
MDMin:  1515 06:06:38    -2397.490777        0.056726
MDMin:  1516 06:06:39    -2397.490777        0.056514
MDMin:  1517 06:06:40    -2397.490777        0.056300
MDMin:  1518 06:06:41    -2397.490777        0.056086
MDMin:  1519 06:06:43    -2397.490777        0.055872
MDMin:  1520 06:06:44    -2397.490777        0.055658
MDMin:  1521 06:06:46    -2397.490777        0.055444
MDMin:  1522 06:06:48    -2397.490777        0.055231
MDMin:  1523 06:06:50    -2397.490777        0.055019
MDMin:  1524 06:06:52    -2397.490777        0.054809
MDMin:  1525 06:06:53    -2397.490777        0.054600
MDMin:  1526 06:06:55    -2397.490777        0.054393
MDMin:  1527 06:06:57    -2397.490777        0.054188
MDMin:  1528 06:06:59    -2397.490777        0.053987
MDMin:  1529 06:07:01    -2397.490777        0.053789
MDMin:  1530 06:07:03    -2397.490778        0.053594
MDMin:  1531 06:07:05    -2397.490778        0.053403
MDMin:  1532 06:07:07    -2397.490778        0.053217
MDMin:  1533 06:07:10    -2397.490778        0.053035
MDMin:  1534 06:07:12    -2397.490778        0.052859
MDMin:  1535 06:07:14    -2397.490778        0.052688
MDMin:  1536 06:07:16    -2397.490778        0.052523
MDMin:  1537 06:07:18    -2397.490778        0.052364
MDMin:  1538 06:07:20    -2397.490778        0.052211
MDMin:  1539 06:07:22    -2397.490778        0.052066
MDMin:  1540 06:07:24    -2397.490778        0.051928
MDMin:  1541 06:07:26    -2397.490778        0.051797
MDMin:  1542 06:07:28    -2397.490778        0.051675
MDMin:  1543 06:07:29    -2397.490778        0.051560
MDMin:  1544 06:07:31    -2397.490778        0.051454
MDMin:  1545 06:07:32    -2397.490778        0.051359
MDMin:  1546 06:07:34    -2397.490778        0.060621
MDMin:  1547 06:07:35    -2397.490778        0.059985
MDMin:  1548 06:07:37    -2397.490778        0.051208
MDMin:  1549 06:07:39    -2397.490778        0.051186
MDMin:  1550 06:07:41    -2397.490778        0.051165
MDMin:  1551 06:07:43    -2397.490778        0.051143
MDMin:  1552 06:07:45    -2397.490778        0.051122
MDMin:  1553 06:07:47    -2397.490779        0.051102
MDMin:  1554 06:07:49    -2397.490779        0.051082
MDMin:  1555 06:07:50    -2397.490779        0.051062
MDMin:  1556 06:07:52    -2397.490779        0.051044
MDMin:  1557 06:07:53    -2397.490779        0.051026
MDMin:  1558 06:07:55    -2397.490779        0.051008
MDMin:  1559 06:07:56    -2397.490779        0.050992
MDMin:  1560 06:07:58    -2397.490779        0.050976
MDMin:  1561 06:08:00    -2397.490779        0.050961
MDMin:  1562 06:08:01    -2397.490779        0.050947
MDMin:  1563 06:08:03    -2397.490779        0.050935
MDMin:  1564 06:08:04    -2397.490779        0.050923
MDMin:  1565 06:08:06    -2397.490779        0.050913
MDMin:  1566 06:08:07    -2397.490779        0.050904
MDMin:  1567 06:08:09    -2397.490779        0.050896
MDMin:  1568 06:08:11    -2397.490779        0.050890
MDMin:  1569 06:08:13    -2397.490779        0.050885
MDMin:  1570 06:08:15    -2397.490779        0.050881
MDMin:  1571 06:08:17    -2397.490779        0.050879
MDMin:  1572 06:08:19    -2397.490779        0.050879
MDMin:  1573 06:08:20    -2397.490779        0.050881
MDMin:  1574 06:08:21    -2397.490779        0.050884
MDMin:  1575 06:08:23    -2397.490779        0.050890
MDMin:  1576 06:08:25    -2397.490779        0.050897
MDMin:  1577 06:08:27    -2397.490779        0.050906
MDMin:  1578 06:08:28    -2397.490779        0.050918
MDMin:  1579 06:08:30    -2397.490779        0.050931
MDMin:  1580 06:08:32    -2397.490779        0.050947
MDMin:  1581 06:08:34    -2397.490779        0.050965
MDMin:  1582 06:08:36    -2397.490779        0.050985
MDMin:  1583 06:08:37    -2397.490779        0.051008
MDMin:  1584 06:08:39    -2397.490779        0.051034
MDMin:  1585 06:08:40    -2397.490779        0.051062
MDMin:  1586 06:08:42    -2397.490779        0.051092
MDMin:  1587 06:08:44    -2397.490779        0.051125
MDMin:  1588 06:08:46    -2397.490779        0.051161
MDMin:  1589 06:08:47    -2397.490779        0.051200
MDMin:  1590 06:08:48    -2397.490779        0.051241
MDMin:  1591 06:08:50    -2397.490779        0.051286
MDMin:  1592 06:08:52    -2397.490780        0.051333
MDMin:  1593 06:08:53    -2397.490780        0.051384
MDMin:  1594 06:08:55    -2397.490780        0.051437
MDMin:  1595 06:08:57    -2397.490780        0.051494
MDMin:  1596 06:08:59    -2397.490780        0.051553
MDMin:  1597 06:09:01    -2397.490780        0.051616
MDMin:  1598 06:09:03    -2397.490780        0.051682
MDMin:  1599 06:09:05    -2397.490780        0.051751
MDMin:  1600 06:09:06    -2397.490780        0.051824
MDMin:  1601 06:09:08    -2397.490780        0.051900
MDMin:  1602 06:09:09    -2397.490780        0.051979
MDMin:  1603 06:09:10    -2397.490780        0.052061
MDMin:  1604 06:09:11    -2397.490780        0.052147
MDMin:  1605 06:09:13    -2397.490780        0.052237
MDMin:  1606 06:09:15    -2397.490780        0.052329
MDMin:  1607 06:09:17    -2397.490780        0.052425
MDMin:  1608 06:09:20    -2397.490780        0.052525
MDMin:  1609 06:09:21    -2397.490780        0.052628
MDMin:  1610 06:09:23    -2397.490780        0.052734
MDMin:  1611 06:09:25    -2397.490780        0.052844
MDMin:  1612 06:09:27    -2397.490780        0.052957
MDMin:  1613 06:09:28    -2397.490780        0.053073
MDMin:  1614 06:09:30    -2397.490780        0.053193
MDMin:  1615 06:09:31    -2397.490780        0.053317
MDMin:  1616 06:09:33    -2397.490780        0.053443
MDMin:  1617 06:09:35    -2397.490780        0.053573
MDMin:  1618 06:09:37    -2397.490780        0.053706
MDMin:  1619 06:09:38    -2397.490781        0.053843
MDMin:  1620 06:09:40    -2397.490781        0.053982
MDMin:  1621 06:09:42    -2397.490781        0.054125
MDMin:  1622 06:09:43    -2397.490781        0.054271
MDMin:  1623 06:09:44    -2397.490781        0.054420
MDMin:  1624 06:09:46    -2397.490781        0.054571
MDMin:  1625 06:09:48    -2397.490781        0.054726
MDMin:  1626 06:09:50    -2397.490781        0.054884
MDMin:  1627 06:09:51    -2397.490781        0.055045
MDMin:  1628 06:09:53    -2397.490781        0.055208
MDMin:  1629 06:09:54    -2397.490781        0.055374
MDMin:  1630 06:09:56    -2397.490781        0.055543
MDMin:  1631 06:09:57    -2397.490781        0.055714
MDMin:  1632 06:09:59    -2397.490781        0.055888
MDMin:  1633 06:10:00    -2397.490781        0.056064
MDMin:  1634 06:10:02    -2397.490781        0.056243
MDMin:  1635 06:10:03    -2397.490781        0.056424
MDMin:  1636 06:10:05    -2397.490781        0.056607
MDMin:  1637 06:10:06    -2397.490781        0.056791
MDMin:  1638 06:10:08    -2397.490781        0.056978
MDMin:  1639 06:10:09    -2397.490781        0.057164
MDMin:  1640 06:10:10    -2397.490781        0.057347
MDMin:  1641 06:10:11    -2397.490781        0.058522
MDMin:  1642 06:10:12    -2397.490781        0.057592
MDMin:  1643 06:10:14    -2397.490781        0.057658
MDMin:  1644 06:10:16    -2397.490782        0.057725
MDMin:  1645 06:10:18    -2397.490782        0.057793
MDMin:  1646 06:10:19    -2397.490782        0.057864
MDMin:  1647 06:10:21    -2397.490782        0.057935
MDMin:  1648 06:10:23    -2397.490782        0.058009
MDMin:  1649 06:10:24    -2397.490782        0.058084
MDMin:  1650 06:10:26    -2397.490782        0.058161
MDMin:  1651 06:10:29    -2397.490782        0.058240
MDMin:  1652 06:10:31    -2397.490782        0.058320
MDMin:  1653 06:10:33    -2397.490782        0.058402
MDMin:  1654 06:10:35    -2397.490782        0.058485
MDMin:  1655 06:10:37    -2397.490782        0.058570
MDMin:  1656 06:10:38    -2397.490782        0.058657
MDMin:  1657 06:10:40    -2397.490782        0.058745
MDMin:  1658 06:10:41    -2397.490782        0.058835
MDMin:  1659 06:10:43    -2397.490782        0.058926
MDMin:  1660 06:10:45    -2397.490782        0.059019
MDMin:  1661 06:10:47    -2397.490782        0.059113
MDMin:  1662 06:10:48    -2397.490782        0.059209
MDMin:  1663 06:10:50    -2397.490782        0.059306
MDMin:  1664 06:10:51    -2397.490782        0.059405
MDMin:  1665 06:10:53    -2397.490782        0.059505
MDMin:  1666 06:10:55    -2397.490782        0.059607
MDMin:  1667 06:10:57    -2397.490782        0.059710
MDMin:  1668 06:10:59    -2397.490782        0.059814
MDMin:  1669 06:11:01    -2397.490782        0.059920
MDMin:  1670 06:11:03    -2397.490782        0.060027
MDMin:  1671 06:11:05    -2397.490782        0.060135
MDMin:  1672 06:11:07    -2397.490782        0.060244
MDMin:  1673 06:11:09    -2397.490782        0.060355
MDMin:  1674 06:11:11    -2397.490782        0.060467
MDMin:  1675 06:11:13    -2397.490782        0.060580
MDMin:  1676 06:11:15    -2397.490782        0.060694
MDMin:  1677 06:11:17    -2397.490782        0.060810
MDMin:  1678 06:11:19    -2397.490782        0.060926
MDMin:  1679 06:11:21    -2397.490782        0.061044
MDMin:  1680 06:11:23    -2397.490782        0.061162
MDMin:  1681 06:11:25    -2397.490782        0.061282
MDMin:  1682 06:11:27    -2397.490782        0.061402
MDMin:  1683 06:11:28    -2397.490782        0.061524
MDMin:  1684 06:11:29    -2397.490782        0.061646
MDMin:  1685 06:11:31    -2397.490782        0.061769
MDMin:  1686 06:11:32    -2397.490782        0.061893
MDMin:  1687 06:11:33    -2397.490782        0.062017
MDMin:  1688 06:11:34    -2397.490783        0.062142
MDMin:  1689 06:11:36    -2397.490783        0.062268
MDMin:  1690 06:11:37    -2397.490783        0.062395
MDMin:  1691 06:11:38    -2397.490783        0.062522
MDMin:  1692 06:11:40    -2397.490783        0.062649
MDMin:  1693 06:11:41    -2397.490783        0.062777
MDMin:  1694 06:11:42    -2397.490783        0.062906
MDMin:  1695 06:11:44    -2397.490783        0.063034
MDMin:  1696 06:11:46    -2397.490783        0.063163
MDMin:  1697 06:11:48    -2397.490783        0.063292
MDMin:  1698 06:11:50    -2397.490783        0.063421
MDMin:  1699 06:11:51    -2397.490783        0.063551
MDMin:  1700 06:11:53    -2397.490783        0.063680
MDMin:  1701 06:11:55    -2397.490783        0.063809
MDMin:  1702 06:11:57    -2397.490783        0.063938
MDMin:  1703 06:11:58    -2397.490783        0.064067
MDMin:  1704 06:12:00    -2397.490783        0.064196
MDMin:  1705 06:12:01    -2397.490783        0.064324
MDMin:  1706 06:12:02    -2397.490783        0.064451
MDMin:  1707 06:12:03    -2397.490783        0.064578
MDMin:  1708 06:12:05    -2397.490783        0.064705
MDMin:  1709 06:12:06    -2397.490783        0.064830
MDMin:  1710 06:12:08    -2397.490783        0.064955
MDMin:  1711 06:12:09    -2397.490783        0.065079
MDMin:  1712 06:12:11    -2397.490783        0.065201
MDMin:  1713 06:12:12    -2397.490783        0.065323
MDMin:  1714 06:12:14    -2397.490783        0.065443
MDMin:  1715 06:12:16    -2397.490783        0.065561
MDMin:  1716 06:12:17    -2397.490783        0.065678
MDMin:  1717 06:12:18    -2397.490783        0.065794
MDMin:  1718 06:12:20    -2397.490783        0.065907
MDMin:  1719 06:12:22    -2397.490784        0.066018
MDMin:  1720 06:12:24    -2397.490784        0.066128
MDMin:  1721 06:12:26    -2397.490784        0.066235
MDMin:  1722 06:12:27    -2397.490784        0.066339
MDMin:  1723 06:12:29    -2397.490784        0.066442
MDMin:  1724 06:12:30    -2397.490784        0.066541
MDMin:  1725 06:12:32    -2397.490784        0.066638
MDMin:  1726 06:12:34    -2397.490784        0.066732
MDMin:  1727 06:12:35    -2397.490784        0.066823
MDMin:  1728 06:12:37    -2397.490784        0.066911
MDMin:  1729 06:12:39    -2397.490784        0.066993
MDMin:  1730 06:12:41    -2397.490784        0.067073
MDMin:  1731 06:12:43    -2397.490784        0.067138
MDMin:  1732 06:12:45    -2397.490784        0.067189
MDMin:  1733 06:12:47    -2397.490784        0.067214
MDMin:  1734 06:12:49    -2397.490784        0.067236
MDMin:  1735 06:12:51    -2397.490784        0.067258
MDMin:  1736 06:12:53    -2397.490784        0.067280
MDMin:  1737 06:12:55    -2397.490784        0.067301
MDMin:  1738 06:12:57    -2397.490784        0.067323
MDMin:  1739 06:12:59    -2397.490784        0.067344
MDMin:  1740 06:13:00    -2397.490784        0.067365
MDMin:  1741 06:13:01    -2397.490784        0.067385
MDMin:  1742 06:13:03    -2397.490784        0.067405
MDMin:  1743 06:13:04    -2397.490784        0.067425
MDMin:  1744 06:13:05    -2397.490784        0.067443
MDMin:  1745 06:13:06    -2397.490784        0.067461
MDMin:  1746 06:13:07    -2397.490784        0.067479
MDMin:  1747 06:13:09    -2397.490784        0.067495
MDMin:  1748 06:13:10    -2397.490784        0.067510
MDMin:  1749 06:13:12    -2397.490784        0.067524
MDMin:  1750 06:13:14    -2397.490784        0.067536
MDMin:  1751 06:13:16    -2397.490784        0.067547
MDMin:  1752 06:13:18    -2397.490784        0.067557
MDMin:  1753 06:13:20    -2397.490784        0.067565
MDMin:  1754 06:13:21    -2397.490784        0.067571
MDMin:  1755 06:13:23    -2397.490784        0.067576
MDMin:  1756 06:13:25    -2397.490784        0.067578
MDMin:  1757 06:13:27    -2397.490784        0.067578
MDMin:  1758 06:13:29    -2397.490784        0.067577
MDMin:  1759 06:13:31    -2397.490784        0.067572
MDMin:  1760 06:13:32    -2397.490784        0.067565
MDMin:  1761 06:13:34    -2397.490785        0.067556
MDMin:  1762 06:13:35    -2397.490785        0.067544
MDMin:  1763 06:13:37    -2397.490785        0.067529
MDMin:  1764 06:13:38    -2397.490785        0.067510
MDMin:  1765 06:13:40    -2397.490785        0.067489
MDMin:  1766 06:13:42    -2397.490785        0.067464
MDMin:  1767 06:13:44    -2397.490785        0.067435
MDMin:  1768 06:13:46    -2397.490785        0.067403
MDMin:  1769 06:13:48    -2397.490785        0.067367
MDMin:  1770 06:13:49    -2397.490785        0.067327
MDMin:  1771 06:13:51    -2397.490785        0.067283
MDMin:  1772 06:13:53    -2397.490785        0.067235
MDMin:  1773 06:13:55    -2397.490785        0.067181
MDMin:  1774 06:13:57    -2397.490785        0.067124
MDMin:  1775 06:13:58    -2397.490785        0.067061
MDMin:  1776 06:14:00    -2397.490785        0.066993
MDMin:  1777 06:14:01    -2397.490785        0.066920
MDMin:  1778 06:14:03    -2397.490785        0.066841
MDMin:  1779 06:14:05    -2397.490785        0.066757
MDMin:  1780 06:14:07    -2397.490785        0.066667
MDMin:  1781 06:14:09    -2397.490785        0.066570
MDMin:  1782 06:14:11    -2397.490785        0.066468
MDMin:  1783 06:14:13    -2397.490785        0.066359
MDMin:  1784 06:14:15    -2397.490785        0.066243
MDMin:  1785 06:14:17    -2397.490785        0.066121
MDMin:  1786 06:14:18    -2397.490785        0.065991
MDMin:  1787 06:14:19    -2397.490785        0.065855
MDMin:  1788 06:14:20    -2397.490785        0.065710
MDMin:  1789 06:14:22    -2397.490785        0.065559
MDMin:  1790 06:14:24    -2397.490785        0.065399
MDMin:  1791 06:14:26    -2397.490785        0.065231
MDMin:  1792 06:14:28    -2397.490785        0.065055
MDMin:  1793 06:14:30    -2397.490785        0.064870
MDMin:  1794 06:14:31    -2397.490785        0.064677
MDMin:  1795 06:14:33    -2397.490785        0.064475
MDMin:  1796 06:14:35    -2397.490785        0.064263
MDMin:  1797 06:14:38    -2397.490785        0.064043
MDMin:  1798 06:14:39    -2397.490785        0.063813
MDMin:  1799 06:14:41    -2397.490786        0.063573
MDMin:  1800 06:14:43    -2397.490786        0.063595
MDMin:  1801 06:14:45    -2397.490786        0.063612
MDMin:  1802 06:14:47    -2397.490786        0.063623
MDMin:  1803 06:14:49    -2397.490786        0.063628
MDMin:  1804 06:14:50    -2397.490786        0.063626
MDMin:  1805 06:14:52    -2397.490786        0.063621
MDMin:  1806 06:14:54    -2397.490786        0.063612
MDMin:  1807 06:14:55    -2397.490786        0.063599
MDMin:  1808 06:14:57    -2397.490786        0.063581
MDMin:  1809 06:14:59    -2397.490786        0.070864
MDMin:  1810 06:15:00    -2397.490786        0.063542
MDMin:  1811 06:15:02    -2397.490786        0.063525
MDMin:  1812 06:15:04    -2397.490786        0.063508
MDMin:  1813 06:15:06    -2397.490786        0.063490
MDMin:  1814 06:15:07    -2397.490786        0.063471
MDMin:  1815 06:15:09    -2397.490786        0.063452
MDMin:  1816 06:15:11    -2397.490786        0.063432
MDMin:  1817 06:15:13    -2397.490786        0.063410
MDMin:  1818 06:15:15    -2397.490786        0.063388
MDMin:  1819 06:15:17    -2397.490786        0.063365
MDMin:  1820 06:15:19    -2397.490786        0.063340
MDMin:  1821 06:15:21    -2397.490786        0.063314
MDMin:  1822 06:15:22    -2397.490786        0.063287
MDMin:  1823 06:15:24    -2397.490786        0.063259
MDMin:  1824 06:15:25    -2397.490786        0.063229
MDMin:  1825 06:15:26    -2397.490786        0.063197
MDMin:  1826 06:15:28    -2397.490786        0.063164
MDMin:  1827 06:15:29    -2397.490786        0.063129
MDMin:  1828 06:15:30    -2397.490786        0.063092
MDMin:  1829 06:15:31    -2397.490786        0.063053
MDMin:  1830 06:15:33    -2397.490786        0.063013
MDMin:  1831 06:15:34    -2397.490786        0.062971
MDMin:  1832 06:15:36    -2397.490786        0.062926
MDMin:  1833 06:15:37    -2397.490786        0.062880
MDMin:  1834 06:15:38    -2397.490786        0.062832
MDMin:  1835 06:15:40    -2397.490786        0.062781
MDMin:  1836 06:15:41    -2397.490786        0.062728
MDMin:  1837 06:15:42    -2397.490786        0.062673
MDMin:  1838 06:15:43    -2397.490786        0.062616
MDMin:  1839 06:15:45    -2397.490786        0.062556
MDMin:  1840 06:15:46    -2397.490786        0.062494
MDMin:  1841 06:15:48    -2397.490786        0.062430
MDMin:  1842 06:15:50    -2397.490786        0.062364
MDMin:  1843 06:15:52    -2397.490786        0.062295
MDMin:  1844 06:15:53    -2397.490786        0.062225
MDMin:  1845 06:15:55    -2397.490786        0.062152
MDMin:  1846 06:15:57    -2397.490786        0.062077
MDMin:  1847 06:15:59    -2397.490786        0.062000
MDMin:  1848 06:16:00    -2397.490787        0.061921
MDMin:  1849 06:16:02    -2397.490787        0.061840
MDMin:  1850 06:16:04    -2397.490787        0.061758
MDMin:  1851 06:16:05    -2397.490787        0.061674
MDMin:  1852 06:16:07    -2397.490787        0.061588
MDMin:  1853 06:16:09    -2397.490787        0.061501
MDMin:  1854 06:16:11    -2397.490787        0.061414
MDMin:  1855 06:16:13    -2397.490787        0.061326
MDMin:  1856 06:16:14    -2397.490787        0.061238
MDMin:  1857 06:16:16    -2397.490787        0.061150
MDMin:  1858 06:16:17    -2397.490787        0.061062
MDMin:  1859 06:16:19    -2397.490787        0.060974
MDMin:  1860 06:16:20    -2397.490787        0.060888
MDMin:  1861 06:16:22    -2397.490787        0.060802
MDMin:  1862 06:16:23    -2397.490787        0.060718
MDMin:  1863 06:16:25    -2397.490787        0.060635
MDMin:  1864 06:16:27    -2397.490787        0.060555
MDMin:  1865 06:16:29    -2397.490787        0.060477
MDMin:  1866 06:16:31    -2397.490787        0.060401
MDMin:  1867 06:16:33    -2397.490787        0.060328
MDMin:  1868 06:16:34    -2397.490787        0.060259
MDMin:  1869 06:16:36    -2397.490787        0.060194
MDMin:  1870 06:16:37    -2397.490787        0.060133
MDMin:  1871 06:16:39    -2397.490787        0.060076
MDMin:  1872 06:16:41    -2397.490787        0.060025
MDMin:  1873 06:16:43    -2397.490787        0.059980
MDMin:  1874 06:16:45    -2397.490787        0.059938
MDMin:  1875 06:16:47    -2397.490787        0.059907
MDMin:  1876 06:16:49    -2397.490787        0.059876
MDMin:  1877 06:16:51    -2397.490787        0.059865
MDMin:  1878 06:16:53    -2397.490787        0.059839
MDMin:  1879 06:16:54    -2397.490787        0.062396
MDMin:  1880 06:16:56    -2397.490787        0.059835
MDMin:  1881 06:16:57    -2397.490787        0.059835
MDMin:  1882 06:16:59    -2397.490787        0.059835
MDMin:  1883 06:17:01    -2397.490787        0.059836
MDMin:  1884 06:17:03    -2397.490787        0.059838
MDMin:  1885 06:17:05    -2397.490787        0.059843
MDMin:  1886 06:17:07    -2397.490787        0.059849
MDMin:  1887 06:17:09    -2397.490787        0.059857
MDMin:  1888 06:17:11    -2397.490787        0.059868
MDMin:  1889 06:17:13    -2397.490787        0.059880
MDMin:  1890 06:17:14    -2397.490787        0.059895
MDMin:  1891 06:17:15    -2397.490787        0.059913
MDMin:  1892 06:17:17    -2397.490788        0.059933
MDMin:  1893 06:17:19    -2397.490788        0.059955
MDMin:  1894 06:17:21    -2397.490788        0.059981
MDMin:  1895 06:17:23    -2397.490788        0.060009
MDMin:  1896 06:17:25    -2397.490788        0.060041
MDMin:  1897 06:17:27    -2397.490788        0.060076
MDMin:  1898 06:17:29    -2397.490788        0.060114
MDMin:  1899 06:17:31    -2397.490788        0.060156
MDMin:  1900 06:17:33    -2397.490788        0.060201
MDMin:  1901 06:17:35    -2397.490788        0.060250
MDMin:  1902 06:17:36    -2397.490788        0.060304
MDMin:  1903 06:17:37    -2397.490788        0.060361
MDMin:  1904 06:17:39    -2397.490788        0.060422
MDMin:  1905 06:17:40    -2397.490788        0.060488
MDMin:  1906 06:17:41    -2397.490788        0.060559
MDMin:  1907 06:17:43    -2397.490788        0.060634
MDMin:  1908 06:17:45    -2397.490788        0.060714
MDMin:  1909 06:17:47    -2397.490788        0.060799
MDMin:  1910 06:17:49    -2397.490788        0.060889
MDMin:  1911 06:17:51    -2397.490788        0.060984
MDMin:  1912 06:17:53    -2397.490788        0.061085
MDMin:  1913 06:17:55    -2397.490788        0.061191
MDMin:  1914 06:17:57    -2397.490788        0.061303
MDMin:  1915 06:17:58    -2397.490788        0.061421
MDMin:  1916 06:18:00    -2397.490788        0.061544
MDMin:  1917 06:18:02    -2397.490788        0.061674
MDMin:  1918 06:18:04    -2397.490788        0.061809
MDMin:  1919 06:18:06    -2397.490788        0.061951
MDMin:  1920 06:18:08    -2397.490788        0.062099
MDMin:  1921 06:18:10    -2397.490788        0.062254
MDMin:  1922 06:18:12    -2397.490788        0.062415
MDMin:  1923 06:18:14    -2397.490788        0.062582
MDMin:  1924 06:18:16    -2397.490788        0.062756
MDMin:  1925 06:18:17    -2397.490788        0.062937
MDMin:  1926 06:18:20    -2397.490788        0.063125
MDMin:  1927 06:18:22    -2397.490788        0.063320
MDMin:  1928 06:18:23    -2397.490788        0.063521
MDMin:  1929 06:18:25    -2397.490788        0.063730
MDMin:  1930 06:18:27    -2397.490788        0.063945
MDMin:  1931 06:18:29    -2397.490788        0.064168
MDMin:  1932 06:18:30    -2397.490788        0.064397
MDMin:  1933 06:18:31    -2397.490788        0.064633
MDMin:  1934 06:18:32    -2397.490788        0.064877
MDMin:  1935 06:18:34    -2397.490788        0.065127
MDMin:  1936 06:18:36    -2397.490788        0.065385
MDMin:  1937 06:18:38    -2397.490788        0.065649
MDMin:  1938 06:18:40    -2397.490788        0.065920
MDMin:  1939 06:18:42    -2397.490788        0.066198
MDMin:  1940 06:18:44    -2397.490788        0.066483
MDMin:  1941 06:18:46    -2397.490788        0.066775
MDMin:  1942 06:18:48    -2397.490788        0.067074
MDMin:  1943 06:18:49    -2397.490789        0.067379
MDMin:  1944 06:18:50    -2397.490789        0.067692
MDMin:  1945 06:18:51    -2397.490789        0.068010
MDMin:  1946 06:18:53    -2397.490789        0.068335
MDMin:  1947 06:18:55    -2397.490789        0.068667
MDMin:  1948 06:18:57    -2397.490789        0.069005
MDMin:  1949 06:18:59    -2397.490789        0.069349
MDMin:  1950 06:19:00    -2397.490789        0.069699
MDMin:  1951 06:19:02    -2397.490789        0.070055
MDMin:  1952 06:19:04    -2397.490789        0.070414
MDMin:  1953 06:19:05    -2397.490789        0.070770
MDMin:  1954 06:19:07    -2397.490789        0.071098
MDMin:  1955 06:19:09    -2397.490789        0.071352
MDMin:  1956 06:19:10    -2397.490789        0.071529
MDMin:  1957 06:19:12    -2397.490789        0.071689
MDMin:  1958 06:19:14    -2397.490789        0.071850
MDMin:  1959 06:19:16    -2397.490789        0.072015
MDMin:  1960 06:19:18    -2397.490789        0.072182
MDMin:  1961 06:19:20    -2397.490789        0.072354
MDMin:  1962 06:19:22    -2397.490789        0.072529
MDMin:  1963 06:19:24    -2397.490789        0.072707
MDMin:  1964 06:19:26    -2397.490789        0.072889
MDMin:  1965 06:19:28    -2397.490789        0.073075
MDMin:  1966 06:19:30    -2397.490789        0.073265
MDMin:  1967 06:19:32    -2397.490789        0.073459
MDMin:  1968 06:19:33    -2397.490789        0.073656
MDMin:  1969 06:19:35    -2397.490789        0.073858
MDMin:  1970 06:19:37    -2397.490789        0.074063
MDMin:  1971 06:19:38    -2397.490789        0.074273
MDMin:  1972 06:19:40    -2397.490789        0.074486
MDMin:  1973 06:19:42    -2397.490789        0.074703
MDMin:  1974 06:19:44    -2397.490789        0.074924
MDMin:  1975 06:19:46    -2397.490789        0.075148
MDMin:  1976 06:19:48    -2397.490789        0.075376
MDMin:  1977 06:19:50    -2397.490789        0.075608
MDMin:  1978 06:19:52    -2397.490789        0.075843
MDMin:  1979 06:19:53    -2397.490789        0.076081
MDMin:  1980 06:19:55    -2397.490789        0.076322
MDMin:  1981 06:19:56    -2397.490789        0.076566
MDMin:  1982 06:19:57    -2397.490789        0.076813
MDMin:  1983 06:19:58    -2397.490789        0.077063
MDMin:  1984 06:20:00    -2397.490789        0.077315
MDMin:  1985 06:20:02    -2397.490789        0.077569
MDMin:  1986 06:20:03    -2397.490789        0.077825
MDMin:  1987 06:20:04    -2397.490789        0.078082
MDMin:  1988 06:20:06    -2397.490789        0.078341
MDMin:  1989 06:20:08    -2397.490789        0.078600
MDMin:  1990 06:20:10    -2397.490789        0.078859
MDMin:  1991 06:20:12    -2397.490789        0.079119
MDMin:  1992 06:20:13    -2397.490789        0.079377
MDMin:  1993 06:20:15    -2397.490789        0.079635
MDMin:  1994 06:20:17    -2397.490789        0.079890
MDMin:  1995 06:20:19    -2397.490789        0.080143
MDMin:  1996 06:20:21    -2397.490789        0.080393
MDMin:  1997 06:20:23    -2397.490789        0.080638
MDMin:  1998 06:20:24    -2397.490789        0.080879
MDMin:  1999 06:20:25    -2397.490789        0.081114
MDMin:  2000 06:20:27    -2397.490789        0.081342
MDMin:  2001 06:20:29    -2397.490789        0.081563
MDMin:  2002 06:20:31    -2397.490790        0.081774
MDMin:  2003 06:20:32    -2397.490790        0.081976
MDMin:  2004 06:20:34    -2397.490790        0.082166
MDMin:  2005 06:20:36    -2397.490790        0.082343
MDMin:  2006 06:20:37    -2397.490790        0.082506
MDMin:  2007 06:20:39    -2397.490790        0.082654
MDMin:  2008 06:20:41    -2397.490790        0.082785
MDMin:  2009 06:20:43    -2397.490790        0.082898
MDMin:  2010 06:20:44    -2397.490790        0.082990
MDMin:  2011 06:20:46    -2397.490790        0.083061
MDMin:  2012 06:20:48    -2397.490790        0.083108
MDMin:  2013 06:20:50    -2397.490790        0.083131
MDMin:  2014 06:20:52    -2397.490790        0.083127
MDMin:  2015 06:20:54    -2397.490790        0.083095
MDMin:  2016 06:20:56    -2397.490790        0.083032
MDMin:  2017 06:20:57    -2397.490790        0.082938
MDMin:  2018 06:21:00    -2397.490790        0.082811
MDMin:  2019 06:21:01    -2397.490790        0.082649
MDMin:  2020 06:21:02    -2397.490790        0.082451
MDMin:  2021 06:21:04    -2397.490790        0.082216
MDMin:  2022 06:21:05    -2397.490790        0.081941
MDMin:  2023 06:21:07    -2397.490790        0.081628
MDMin:  2024 06:21:09    -2397.490790        0.081273
MDMin:  2025 06:21:11    -2397.490790        0.080880
MDMin:  2026 06:21:13    -2397.490790        0.080443
MDMin:  2027 06:21:15    -2397.490790        0.079991
MDMin:  2028 06:21:16    -2397.490790        0.079538
MDMin:  2029 06:21:18    -2397.490790        0.079192
MDMin:  2030 06:21:20    -2397.490790        0.078917
MDMin:  2031 06:21:22    -2397.490790        0.078662
MDMin:  2032 06:21:23    -2397.490790        0.078393
MDMin:  2033 06:21:25    -2397.490790        0.078113
MDMin:  2034 06:21:27    -2397.490790        0.077819
MDMin:  2035 06:21:29    -2397.490790        0.077512
MDMin:  2036 06:21:30    -2397.490790        0.077192
MDMin:  2037 06:21:32    -2397.490790        0.076858
MDMin:  2038 06:21:33    -2397.490790        0.076510
MDMin:  2039 06:21:35    -2397.490790        0.076147
MDMin:  2040 06:21:36    -2397.490790        0.075770
MDMin:  2041 06:21:38    -2397.490790        0.075378
MDMin:  2042 06:21:40    -2397.490790        0.074971
MDMin:  2043 06:21:42    -2397.490790        0.074548
MDMin:  2044 06:21:44    -2397.490790        0.074111
MDMin:  2045 06:21:46    -2397.490790        0.074251
MDMin:  2046 06:21:47    -2397.490790        0.074767
MDMin:  2047 06:21:49    -2397.490790        0.075293
MDMin:  2048 06:21:51    -2397.490790        0.075829
MDMin:  2049 06:21:53    -2397.490790        0.076375
MDMin:  2050 06:21:54    -2397.490790        0.076930
MDMin:  2051 06:21:56    -2397.490790        0.077495
MDMin:  2052 06:21:58    -2397.490790        0.078068
MDMin:  2053 06:21:59    -2397.490790        0.078649
MDMin:  2054 06:22:01    -2397.490790        0.079239
MDMin:  2055 06:22:02    -2397.490790        0.079836
MDMin:  2056 06:22:03    -2397.490790        0.080440
MDMin:  2057 06:22:05    -2397.490790        0.081051
MDMin:  2058 06:22:06    -2397.490790        0.081667
MDMin:  2059 06:22:08    -2397.490790        0.082289
MDMin:  2060 06:22:09    -2397.490790        0.082916
MDMin:  2061 06:22:10    -2397.490790        0.083547
MDMin:  2062 06:22:12    -2397.490790        0.084181
MDMin:  2063 06:22:14    -2397.490791        0.084818
MDMin:  2064 06:22:16    -2397.490791        0.085457
MDMin:  2065 06:22:18    -2397.490791        0.086098
MDMin:  2066 06:22:19    -2397.490791        0.086739
MDMin:  2067 06:22:21    -2397.490791        0.087379
MDMin:  2068 06:22:23    -2397.490791        0.088018
MDMin:  2069 06:22:25    -2397.490791        0.088655
MDMin:  2070 06:22:26    -2397.490791        0.089290
MDMin:  2071 06:22:28    -2397.490791        0.089920
MDMin:  2072 06:22:30    -2397.490791        0.090546
MDMin:  2073 06:22:32    -2397.490791        0.091166
MDMin:  2074 06:22:34    -2397.490791        0.091780
MDMin:  2075 06:22:35    -2397.490791        0.092386
MDMin:  2076 06:22:37    -2397.490791        0.092984
MDMin:  2077 06:22:39    -2397.490791        0.093573
MDMin:  2078 06:22:41    -2397.490791        0.094153
MDMin:  2079 06:22:43    -2397.490791        0.094726
MDMin:  2080 06:22:45    -2397.490791        0.095291
MDMin:  2081 06:22:47    -2397.490791        0.095846
MDMin:  2082 06:22:49    -2397.490791        0.096392
MDMin:  2083 06:22:50    -2397.490791        0.096927
MDMin:  2084 06:22:51    -2397.490791        0.097451
MDMin:  2085 06:22:53    -2397.490791        0.097962
MDMin:  2086 06:22:55    -2397.490791        0.098461
MDMin:  2087 06:22:56    -2397.490791        0.098946
MDMin:  2088 06:22:58    -2397.490791        0.099416
MDMin:  2089 06:23:00    -2397.490791        0.099872
MDMin:  2090 06:23:02    -2397.490791        0.100311
MDMin:  2091 06:23:04    -2397.490791        0.100735
MDMin:  2092 06:23:06    -2397.490791        0.101138
MDMin:  2093 06:23:08    -2397.490791        0.101524
MDMin:  2094 06:23:11    -2397.490791        0.101883
MDMin:  2095 06:23:13    -2397.490791        0.102211
MDMin:  2096 06:23:14    -2397.490791        0.102470
MDMin:  2097 06:23:16    -2397.490791        0.102644
MDMin:  2098 06:23:18    -2397.490791        0.102770
MDMin:  2099 06:23:20    -2397.490791        0.102888
MDMin:  2100 06:23:22    -2397.490791        0.103004
MDMin:  2101 06:23:24    -2397.490791        0.103120
MDMin:  2102 06:23:26    -2397.490791        0.103236
MDMin:  2103 06:23:28    -2397.490791        0.103350
MDMin:  2104 06:23:29    -2397.490791        0.103464
MDMin:  2105 06:23:30    -2397.490791        0.103576
MDMin:  2106 06:23:32    -2397.490791        0.103688
MDMin:  2107 06:23:33    -2397.490791        0.103798
MDMin:  2108 06:23:35    -2397.490791        0.103907
MDMin:  2109 06:23:37    -2397.490791        0.104015
MDMin:  2110 06:23:38    -2397.490791        0.104121
MDMin:  2111 06:23:40    -2397.490791        0.104226
MDMin:  2112 06:23:42    -2397.490791        0.104330
MDMin:  2113 06:23:44    -2397.490791        0.104432
MDMin:  2114 06:23:45    -2397.490791        0.104533
MDMin:  2115 06:23:46    -2397.490791        0.104633
MDMin:  2116 06:23:48    -2397.490791        0.104733
MDMin:  2117 06:23:49    -2397.490791        0.104831
MDMin:  2118 06:23:50    -2397.490791        0.104929
MDMin:  2119 06:23:51    -2397.490791        0.105027
MDMin:  2120 06:23:53    -2397.490791        0.105124
MDMin:  2121 06:23:55    -2397.490791        0.105222
MDMin:  2122 06:23:56    -2397.490791        0.105320
MDMin:  2123 06:23:58    -2397.490791        0.105419
MDMin:  2124 06:24:00    -2397.490791        0.105520
MDMin:  2125 06:24:02    -2397.490791        0.105622
MDMin:  2126 06:24:03    -2397.490791        0.105727
MDMin:  2127 06:24:05    -2397.490791        0.105835
MDMin:  2128 06:24:06    -2397.490791        0.105947
MDMin:  2129 06:24:07    -2397.490791        0.106063
MDMin:  2130 06:24:09    -2397.490792        0.106184
MDMin:  2131 06:24:11    -2397.490792        0.106312
MDMin:  2132 06:24:12    -2397.490792        0.106449
MDMin:  2133 06:24:14    -2397.490792        0.106597
MDMin:  2134 06:24:16    -2397.490792        0.106756
MDMin:  2135 06:24:18    -2397.490792        0.106928
MDMin:  2136 06:24:19    -2397.490792        0.107116
MDMin:  2137 06:24:21    -2397.490792        0.107320
MDMin:  2138 06:24:23    -2397.490792        0.107541
MDMin:  2139 06:24:25    -2397.490792        0.107783
MDMin:  2140 06:24:26    -2397.490792        0.108046
MDMin:  2141 06:24:28    -2397.490792        0.108332
MDMin:  2142 06:24:30    -2397.490792        0.108643
MDMin:  2143 06:24:32    -2397.490792        0.108981
MDMin:  2144 06:24:33    -2397.490792        0.109348
MDMin:  2145 06:24:35    -2397.490792        0.109745
MDMin:  2146 06:24:36    -2397.490792        0.110176
MDMin:  2147 06:24:37    -2397.490792        0.110641
MDMin:  2148 06:24:39    -2397.490792        0.111144
MDMin:  2149 06:24:41    -2397.490792        0.111686
MDMin:  2150 06:24:43    -2397.490792        0.112269
MDMin:  2151 06:24:45    -2397.490792        0.112896
MDMin:  2152 06:24:47    -2397.490792        0.113569
MDMin:  2153 06:24:49    -2397.490792        0.114290
MDMin:  2154 06:24:50    -2397.490792        0.115060
MDMin:  2155 06:24:52    -2397.490792        0.115883
MDMin:  2156 06:24:54    -2397.490792        0.116759
MDMin:  2157 06:24:56    -2397.490792        0.117690
MDMin:  2158 06:24:57    -2397.490792        0.118680
MDMin:  2159 06:24:59    -2397.490792        0.119726
MDMin:  2160 06:25:01    -2397.490792        0.120835
MDMin:  2161 06:25:02    -2397.490792        0.122001
MDMin:  2162 06:25:04    -2397.490792        0.123233
MDMin:  2163 06:25:06    -2397.490792        0.124521
MDMin:  2164 06:25:08    -2397.490792        0.125877
MDMin:  2165 06:25:10    -2397.490792        0.127285
MDMin:  2166 06:25:12    -2397.490792        0.128759
MDMin:  2167 06:25:14    -2397.490792        0.130272
MDMin:  2168 06:25:15    -2397.490792        0.131834
MDMin:  2169 06:25:17    -2397.490792        0.133389
MDMin:  2170 06:25:18    -2397.490792        0.134928
MDMin:  2171 06:25:19    -2397.490792        0.136360
MDMin:  2172 06:25:21    -2397.490792        0.137701
MDMin:  2173 06:25:23    -2397.490792        0.138950
MDMin:  2174 06:25:25    -2397.490792        0.140175
MDMin:  2175 06:25:26    -2397.490792        0.141400
MDMin:  2176 06:25:28    -2397.490792        0.142645
MDMin:  2177 06:25:30    -2397.490792        0.143914
MDMin:  2178 06:25:32    -2397.490792        0.145208
MDMin:  2179 06:25:34    -2397.490792        0.146527
MDMin:  2180 06:25:35    -2397.490792        0.147868
MDMin:  2181 06:25:36    -2397.490792        0.149230
MDMin:  2182 06:25:38    -2397.490792        0.150611
MDMin:  2183 06:25:40    -2397.490792        0.152009
MDMin:  2184 06:25:42    -2397.490792        0.153419
MDMin:  2185 06:25:44    -2397.490792        0.154840
MDMin:  2186 06:25:46    -2397.490792        0.156268
MDMin:  2187 06:25:48    -2397.490792        0.157700
MDMin:  2188 06:25:50    -2397.490792        0.159133
MDMin:  2189 06:25:52    -2397.490792        0.160561
MDMin:  2190 06:25:54    -2397.490792        0.161982
MDMin:  2191 06:25:55    -2397.490792        0.163391
MDMin:  2192 06:25:56    -2397.490792        0.164782
MDMin:  2193 06:25:58    -2397.490792        0.166152
MDMin:  2194 06:25:59    -2397.490792        0.167495
MDMin:  2195 06:26:00    -2397.490792        0.168805
MDMin:  2196 06:26:02    -2397.490792        0.170078
MDMin:  2197 06:26:03    -2397.490792        0.171307
MDMin:  2198 06:26:04    -2397.490792        0.172485
MDMin:  2199 06:26:05    -2397.490792        0.173607
MDMin:  2200 06:26:07    -2397.490792        0.174666
MDMin:  2201 06:26:09    -2397.490792        0.175655
MDMin:  2202 06:26:10    -2397.490792        0.176567
MDMin:  2203 06:26:12    -2397.490792        0.177394
MDMin:  2204 06:26:14    -2397.490792        0.178130
MDMin:  2205 06:26:16    -2397.490792        0.178766
MDMin:  2206 06:26:18    -2397.490792        0.179295
MDMin:  2207 06:26:20    -2397.490793        0.179709
MDMin:  2208 06:26:22    -2397.490793        0.179999
MDMin:  2209 06:26:23    -2397.490793        0.180158
MDMin:  2210 06:26:24    -2397.490793        0.180177
MDMin:  2211 06:26:26    -2397.490793        0.180048
MDMin:  2212 06:26:27    -2397.490793        0.179762
MDMin:  2213 06:26:28    -2397.490793        0.179307
MDMin:  2214 06:26:30    -2397.490793        0.178677
MDMin:  2215 06:26:32    -2397.490793        0.177862
MDMin:  2216 06:26:34    -2397.490793        0.176855
MDMin:  2217 06:26:36    -2397.490793        0.175647
MDMin:  2218 06:26:38    -2397.490793        0.174231
MDMin:  2219 06:26:40    -2397.490793        0.172600
MDMin:  2220 06:26:42    -2397.490793        0.170747
MDMin:  2221 06:26:44    -2397.490793        0.168667
MDMin:  2222 06:26:46    -2397.490793        0.166354
MDMin:  2223 06:26:48    -2397.490793        0.163803
MDMin:  2224 06:26:50    -2397.490793        0.161010
MDMin:  2225 06:26:52    -2397.490793        0.157971
MDMin:  2226 06:26:54    -2397.490793        0.154684
MDMin:  2227 06:26:56    -2397.490793        0.151153
MDMin:  2228 06:26:58    -2397.490793        0.147379
MDMin:  2229 06:27:00    -2397.490793        0.143365
MDMin:  2230 06:27:01    -2397.490793        0.139119
MDMin:  2231 06:27:03    -2397.490793        0.134652
MDMin:  2232 06:27:05    -2397.490793        0.129975
MDMin:  2233 06:27:07    -2397.490793        0.125104
MDMin:  2234 06:27:09    -2397.490793        0.120055
MDMin:  2235 06:27:11    -2397.490793        0.114849
MDMin:  2236 06:27:14    -2397.490793        0.109505
MDMin:  2237 06:27:16    -2397.490793        0.104052
MDMin:  2238 06:27:18    -2397.490793        0.098506
MDMin:  2239 06:27:20    -2397.490793        0.095361
MDMin:  2240 06:27:21    -2397.490793        0.093041
MDMin:  2241 06:27:23    -2397.490793        0.090535
MDMin:  2242 06:27:25    -2397.490793        0.087857
MDMin:  2243 06:27:27    -2397.490793        0.085007
MDMin:  2244 06:27:28    -2397.490793        0.082018
MDMin:  2245 06:27:30    -2397.490793        0.078865
MDMin:  2246 06:27:31    -2397.490793        0.075646
MDMin:  2247 06:27:33    -2397.490793        0.072195
MDMin:  2248 06:27:35    -2397.490793        0.081034
MDMin:  2249 06:27:37    -2397.490793        0.147664
MDMin:  2250 06:27:39    -2397.490793        0.109205
MDMin:  2251 06:27:41    -2397.490793        0.066734
MDMin:  2252 06:27:43    -2397.490793        0.066377
MDMin:  2253 06:27:44    -2397.490793        0.066031
MDMin:  2254 06:27:46    -2397.490793        0.065682
MDMin:  2255 06:27:48    -2397.490793        0.065326
MDMin:  2256 06:27:50    -2397.490793        0.064962
MDMin:  2257 06:27:51    -2397.490793        0.064588
MDMin:  2258 06:27:52    -2397.490793        0.064206
MDMin:  2259 06:27:54    -2397.490793        0.063815
MDMin:  2260 06:27:56    -2397.490793        0.063417
MDMin:  2261 06:27:57    -2397.490793        0.063010
MDMin:  2262 06:27:58    -2397.490793        0.062595
MDMin:  2263 06:27:59    -2397.490793        0.062174
MDMin:  2264 06:28:01    -2397.490793        0.061745
MDMin:  2265 06:28:02    -2397.490793        0.061310
MDMin:  2266 06:28:04    -2397.490793        0.060869
MDMin:  2267 06:28:06    -2397.490793        0.060422
MDMin:  2268 06:28:08    -2397.490793        0.059969
MDMin:  2269 06:28:10    -2397.490793        0.059512
MDMin:  2270 06:28:12    -2397.490793        0.059051
MDMin:  2271 06:28:14    -2397.490793        0.058585
MDMin:  2272 06:28:16    -2397.490793        0.058116
MDMin:  2273 06:28:18    -2397.490793        0.057644
MDMin:  2274 06:28:19    -2397.490793        0.057169
MDMin:  2275 06:28:21    -2397.490793        0.056693
MDMin:  2276 06:28:22    -2397.490793        0.056215
MDMin:  2277 06:28:24    -2397.490793        0.055736
MDMin:  2278 06:28:26    -2397.490793        0.055257
MDMin:  2279 06:28:27    -2397.490793        0.054777
MDMin:  2280 06:28:29    -2397.490793        0.054299
MDMin:  2281 06:28:31    -2397.490793        0.053821
MDMin:  2282 06:28:33    -2397.490793        0.053345
MDMin:  2283 06:28:35    -2397.490793        0.052871
MDMin:  2284 06:28:36    -2397.490793        0.052400
MDMin:  2285 06:28:38    -2397.490793        0.051932
MDMin:  2286 06:28:39    -2397.490793        0.051467
MDMin:  2287 06:28:41    -2397.490793        0.051006
MDMin:  2288 06:28:43    -2397.490793        0.050550
MDMin:  2289 06:28:45    -2397.490793        0.050098
MDMin:  2290 06:28:47    -2397.490793        0.049651
