       Step     Time          Energy          fmax
MDMin:    0 19:37:17    -2397.219185        0.149830
MDMin:    1 19:37:20    -2397.219185        0.149813
MDMin:    2 19:37:21    -2397.219185        0.149760
MDMin:    3 19:37:23    -2397.219185        0.149672
MDMin:    4 19:37:25    -2397.219186        0.149550
MDMin:    5 19:37:26    -2397.219186        0.149392
MDMin:    6 19:37:28    -2397.219187        0.149200
MDMin:    7 19:37:30    -2397.219188        0.148973
MDMin:    8 19:37:32    -2397.219189        0.148712
MDMin:    9 19:37:34    -2397.219190        0.148417
MDMin:   10 19:37:36    -2397.219191        0.148088
MDMin:   11 19:37:37    -2397.219193        0.147726
MDMin:   12 19:37:39    -2397.219194        0.147331
MDMin:   13 19:37:40    -2397.219196        0.146903
MDMin:   14 19:37:41    -2397.219198        0.146443
MDMin:   15 19:37:43    -2397.219200        0.145951
MDMin:   16 19:37:45    -2397.219202        0.145428
MDMin:   17 19:37:46    -2397.219204        0.144874
MDMin:   18 19:37:47    -2397.219206        0.144290
MDMin:   19 19:37:49    -2397.219209        0.143677
MDMin:   20 19:37:50    -2397.219212        0.143035
MDMin:   21 19:37:52    -2397.219215        0.142366
MDMin:   22 19:37:53    -2397.219218        0.141669
MDMin:   23 19:37:55    -2397.219221        0.140946
MDMin:   24 19:37:56    -2397.219224        0.140198
MDMin:   25 19:37:58    -2397.219228        0.139426
MDMin:   26 19:38:00    -2397.219232        0.138630
MDMin:   27 19:38:01    -2397.219236        0.137812
MDMin:   28 19:38:02    -2397.219240        0.136974
MDMin:   29 19:38:03    -2397.219244        0.136115
MDMin:   30 19:38:05    -2397.219249        0.135239
MDMin:   31 19:38:06    -2397.219254        0.134345
MDMin:   32 19:38:08    -2397.219258        0.133435
MDMin:   33 19:38:09    -2397.219264        0.132512
MDMin:   34 19:38:11    -2397.219269        0.131576
MDMin:   35 19:38:13    -2397.219274        0.130630
MDMin:   36 19:38:15    -2397.219280        0.129674
MDMin:   37 19:38:17    -2397.219286        0.128712
MDMin:   38 19:38:19    -2397.219292        0.127744
MDMin:   39 19:38:21    -2397.219299        0.126772
MDMin:   40 19:38:23    -2397.219306        0.125800
MDMin:   41 19:38:25    -2397.219312        0.124828
MDMin:   42 19:38:27    -2397.219320        0.123860
MDMin:   43 19:38:28    -2397.219327        0.122896
MDMin:   44 19:38:29    -2397.219335        0.121941
MDMin:   45 19:38:30    -2397.219342        0.120996
MDMin:   46 19:38:32    -2397.219351        0.120064
MDMin:   47 19:38:33    -2397.219359        0.119147
MDMin:   48 19:38:34    -2397.219368        0.118248
MDMin:   49 19:38:36    -2397.219376        0.117370
MDMin:   50 19:38:38    -2397.219386        0.116516
MDMin:   51 19:38:40    -2397.219395        0.115688
MDMin:   52 19:38:42    -2397.219405        0.114889
MDMin:   53 19:38:44    -2397.219415        0.115303
MDMin:   54 19:38:46    -2397.219425        0.115885
MDMin:   55 19:38:47    -2397.219435        0.116522
MDMin:   56 19:38:49    -2397.219446        0.117219
MDMin:   57 19:38:51    -2397.219457        0.117979
MDMin:   58 19:38:53    -2397.219468        0.118805
MDMin:   59 19:38:54    -2397.219480        0.119701
MDMin:   60 19:38:55    -2397.219491        0.120669
MDMin:   61 19:38:57    -2397.219503        0.121711
MDMin:   62 19:38:59    -2397.219516        0.122825
MDMin:   63 19:39:00    -2397.219528        0.124010
MDMin:   64 19:39:01    -2397.219541        0.125260
MDMin:   65 19:39:03    -2397.219554        0.126564
MDMin:   66 19:39:05    -2397.219567        0.127909
MDMin:   67 19:39:06    -2397.219581        0.129272
MDMin:   68 19:39:08    -2397.219594        0.130623
MDMin:   69 19:39:10    -2397.219608        0.131922
MDMin:   70 19:39:11    -2397.219622        0.133119
MDMin:   71 19:39:13    -2397.219636        0.134148
MDMin:   72 19:39:14    -2397.219651        0.134933
MDMin:   73 19:39:16    -2397.219665        0.135386
MDMin:   74 19:39:17    -2397.219680        0.135412
MDMin:   75 19:39:18    -2397.219695        0.134914
MDMin:   76 19:39:20    -2397.219710        0.133807
MDMin:   77 19:39:22    -2397.219726        0.132027
MDMin:   78 19:39:25    -2397.219741        0.129546
MDMin:   79 19:39:26    -2397.219757        0.126390
MDMin:   80 19:39:28    -2397.219773        0.122636
MDMin:   81 19:39:30    -2397.219790        0.119541
MDMin:   82 19:39:32    -2397.219806        0.121315
MDMin:   83 19:39:34    -2397.219823        0.123264
MDMin:   84 19:39:36    -2397.219840        0.125397
MDMin:   85 19:39:38    -2397.219857        0.127724
MDMin:   86 19:39:40    -2397.219875        0.130252
MDMin:   87 19:39:42    -2397.219892        0.132991
MDMin:   88 19:39:44    -2397.219910        0.135950
MDMin:   89 19:39:45    -2397.219928        0.139139
MDMin:   90 19:39:47    -2397.219946        0.142568
MDMin:   91 19:39:48    -2397.219964        0.146248
MDMin:   92 19:39:49    -2397.219983        0.150191
MDMin:   93 19:39:50    -2397.220001        0.154410
MDMin:   94 19:39:52    -2397.220020        0.158919
MDMin:   95 19:39:53    -2397.220038        0.163732
MDMin:   96 19:39:55    -2397.220057        0.168865
MDMin:   97 19:39:56    -2397.220075        0.174336
MDMin:   98 19:39:58    -2397.220094        0.180162
MDMin:   99 19:39:59    -2397.220112        0.186362
MDMin:  100 19:40:01    -2397.220130        0.192954
MDMin:  101 19:40:03    -2397.220149        0.199956
MDMin:  102 19:40:04    -2397.220167        0.207388
MDMin:  103 19:40:06    -2397.220185        0.215266
MDMin:  104 19:40:08    -2397.220202        0.223608
MDMin:  105 19:40:10    -2397.220220        0.232429
MDMin:  106 19:40:12    -2397.220237        0.241742
MDMin:  107 19:40:14    -2397.220254        0.251560
MDMin:  108 19:40:15    -2397.220271        0.261891
MDMin:  109 19:40:17    -2397.220287        0.272743
MDMin:  110 19:40:19    -2397.220303        0.284119
MDMin:  111 19:40:20    -2397.220319        0.296021
MDMin:  112 19:40:22    -2397.220335        0.308448
MDMin:  113 19:40:24    -2397.220350        0.321394
MDMin:  114 19:40:26    -2397.220365        0.334848
MDMin:  115 19:40:28    -2397.220380        0.348789
MDMin:  116 19:40:29    -2397.220394        0.363182
MDMin:  117 19:40:31    -2397.220408        0.377960
MDMin:  118 19:40:33    -2397.220421        0.393010
MDMin:  119 19:40:34    -2397.220434        0.408158
MDMin:  120 19:40:35    -2397.220446        0.423174
MDMin:  121 19:40:37    -2397.220458        0.437816
MDMin:  122 19:40:39    -2397.220468        0.451954
MDMin:  123 19:40:40    -2397.220478        0.465615
MDMin:  124 19:40:41    -2397.220488        0.478916
MDMin:  125 19:40:43    -2397.220498        0.491950
MDMin:  126 19:40:44    -2397.220507        0.504747
MDMin:  127 19:40:45    -2397.220516        0.517266
MDMin:  128 19:40:46    -2397.220525        0.529421
MDMin:  129 19:40:48    -2397.220534        0.541098
MDMin:  130 19:40:49    -2397.220543        0.552166
MDMin:  131 19:40:51    -2397.220552        0.562484
MDMin:  132 19:40:53    -2397.220560        0.571912
MDMin:  133 19:40:54    -2397.220569        0.580314
MDMin:  134 19:40:55    -2397.220578        0.587565
MDMin:  135 19:40:56    -2397.220586        0.593555
MDMin:  136 19:40:58    -2397.220595        0.598193
MDMin:  137 19:40:59    -2397.220604        0.601410
MDMin:  138 19:41:01    -2397.220612        0.603157
MDMin:  139 19:41:03    -2397.220621        0.603403
MDMin:  140 19:41:05    -2397.220630        0.602134
MDMin:  141 19:41:07    -2397.220639        0.599339
MDMin:  142 19:41:09    -2397.220647        0.595004
MDMin:  143 19:41:11    -2397.220656        0.589092
MDMin:  144 19:41:13    -2397.220665        0.581557
MDMin:  145 19:41:15    -2397.220675        0.572321
MDMin:  146 19:41:17    -2397.220684        0.561262
MDMin:  147 19:41:19    -2397.220694        0.548219
MDMin:  148 19:41:21    -2397.220704        0.532997
MDMin:  149 19:41:23    -2397.220714        0.515379
MDMin:  150 19:41:25    -2397.220724        0.495144
MDMin:  151 19:41:26    -2397.220735        0.472092
MDMin:  152 19:41:28    -2397.220747        0.446093
MDMin:  153 19:41:30    -2397.220759        0.417126
MDMin:  154 19:41:31    -2397.220771        0.385344
MDMin:  155 19:41:33    -2397.220785        0.351125
MDMin:  156 19:41:35    -2397.220799        0.315117
MDMin:  157 19:41:37    -2397.220814        0.278254
MDMin:  158 19:41:39    -2397.220830        0.245450
MDMin:  159 19:41:41    -2397.220847        0.236200
MDMin:  160 19:41:42    -2397.220865        0.225242
MDMin:  161 19:41:43    -2397.220884        0.212964
MDMin:  162 19:41:45    -2397.220904        0.199899
MDMin:  163 19:41:47    -2397.220925        0.186880
MDMin:  164 19:41:49    -2397.220941        0.258765
MDMin:  165 19:41:50    -2397.220944        0.175990
MDMin:  166 19:41:52    -2397.220947        0.174266
MDMin:  167 19:41:53    -2397.220950        0.172335
MDMin:  168 19:41:55    -2397.220954        0.170342
MDMin:  169 19:41:56    -2397.220958        0.168303
MDMin:  170 19:41:57    -2397.220962        0.166223
MDMin:  171 19:41:58    -2397.220966        0.164106
MDMin:  172 19:42:00    -2397.220971        0.161957
MDMin:  173 19:42:01    -2397.220975        0.159781
MDMin:  174 19:42:03    -2397.220980        0.157582
MDMin:  175 19:42:04    -2397.220985        0.155678
MDMin:  176 19:42:06    -2397.220990        0.154906
MDMin:  177 19:42:07    -2397.220995        0.154117
MDMin:  178 19:42:09    -2397.221000        0.153316
MDMin:  179 19:42:11    -2397.221006        0.152505
MDMin:  180 19:42:13    -2397.221012        0.151687
MDMin:  181 19:42:15    -2397.221017        0.150867
MDMin:  182 19:42:17    -2397.221023        0.150048
MDMin:  183 19:42:18    -2397.221030        0.149236
MDMin:  184 19:42:20    -2397.221036        0.148434
MDMin:  185 19:42:22    -2397.221042        0.147648
MDMin:  186 19:42:24    -2397.221049        0.146884
MDMin:  187 19:42:26    -2397.221056        0.146148
MDMin:  188 19:42:28    -2397.221063        0.145446
MDMin:  189 19:42:30    -2397.221070        0.144784
MDMin:  190 19:42:32    -2397.221077        0.144170
MDMin:  191 19:42:34    -2397.221084        0.143611
MDMin:  192 19:42:36    -2397.221092        0.143114
MDMin:  193 19:42:38    -2397.221100        0.142685
MDMin:  194 19:42:39    -2397.221107        0.142331
MDMin:  195 19:42:40    -2397.221115        0.142060
MDMin:  196 19:42:42    -2397.221123        0.141875
MDMin:  197 19:42:44    -2397.221132        0.141781
MDMin:  198 19:42:46    -2397.221140        0.141780
MDMin:  199 19:42:47    -2397.221148        0.141870
MDMin:  200 19:42:49    -2397.221157        0.142044
MDMin:  201 19:42:51    -2397.221166        0.142293
MDMin:  202 19:42:52    -2397.221174        0.142596
MDMin:  203 19:42:53    -2397.221183        0.142926
MDMin:  204 19:42:54    -2397.221192        0.143240
MDMin:  205 19:42:55    -2397.221201        0.143486
MDMin:  206 19:42:57    -2397.221210        0.143590
MDMin:  207 19:42:58    -2397.221220        0.143464
MDMin:  208 19:42:59    -2397.221229        0.143003
MDMin:  209 19:43:00    -2397.221238        0.142089
MDMin:  210 19:43:02    -2397.221248        0.140599
MDMin:  211 19:43:03    -2397.221257        0.138419
MDMin:  212 19:43:05    -2397.221267        0.135465
MDMin:  213 19:43:07    -2397.221277        0.131698
MDMin:  214 19:43:09    -2397.221287        0.127152
MDMin:  215 19:43:11    -2397.221297        0.121942
MDMin:  216 19:43:13    -2397.221307        0.116256
MDMin:  217 19:43:15    -2397.221317        0.110339
MDMin:  218 19:43:17    -2397.221328        0.104445
MDMin:  219 19:43:19    -2397.221338        0.098797
MDMin:  220 19:43:20    -2397.221349        0.093557
MDMin:  221 19:43:22    -2397.221360        0.088813
MDMin:  222 19:43:24    -2397.221371        0.084594
MDMin:  223 19:43:25    -2397.221382        0.082500
MDMin:  224 19:43:27    -2397.221394        0.081395
MDMin:  225 19:43:28    -2397.221405        0.081780
MDMin:  226 19:43:30    -2397.221417        0.082147
MDMin:  227 19:43:31    -2397.221428        0.082498
MDMin:  228 19:43:32    -2397.221440        0.082833
MDMin:  229 19:43:34    -2397.221452        0.083151
MDMin:  230 19:43:35    -2397.221464        0.083450
MDMin:  231 19:43:36    -2397.221475        0.083726
MDMin:  232 19:43:38    -2397.221487        0.083975
MDMin:  233 19:43:39    -2397.221499        0.084189
MDMin:  234 19:43:40    -2397.221511        0.084364
MDMin:  235 19:43:42    -2397.221523        0.084491
MDMin:  236 19:43:43    -2397.221535        0.084563
MDMin:  237 19:43:45    -2397.221543        0.126406
MDMin:  238 19:43:47    -2397.221545        0.084572
MDMin:  239 19:43:49    -2397.221548        0.084564
MDMin:  240 19:43:50    -2397.221551        0.084553
MDMin:  241 19:43:51    -2397.221554        0.084538
MDMin:  242 19:43:52    -2397.221557        0.084517
MDMin:  243 19:43:54    -2397.221560        0.084491
MDMin:  244 19:43:56    -2397.221563        0.084459
MDMin:  245 19:43:57    -2397.221566        0.084421
MDMin:  246 19:43:59    -2397.221570        0.084375
MDMin:  247 19:44:00    -2397.221573        0.084321
MDMin:  248 19:44:02    -2397.221577        0.084258
MDMin:  249 19:44:03    -2397.221580        0.084186
MDMin:  250 19:44:05    -2397.221584        0.084104
MDMin:  251 19:44:06    -2397.221588        0.084010
MDMin:  252 19:44:07    -2397.221592        0.083906
MDMin:  253 19:44:08    -2397.221596        0.083788
MDMin:  254 19:44:09    -2397.221600        0.083657
MDMin:  255 19:44:10    -2397.221604        0.083512
MDMin:  256 19:44:12    -2397.221608        0.083352
MDMin:  257 19:44:13    -2397.221612        0.083176
MDMin:  258 19:44:15    -2397.221617        0.082983
MDMin:  259 19:44:17    -2397.221621        0.082772
MDMin:  260 19:44:19    -2397.221626        0.082543
MDMin:  261 19:44:21    -2397.221630        0.082294
MDMin:  262 19:44:23    -2397.221635        0.082024
MDMin:  263 19:44:25    -2397.221640        0.081733
MDMin:  264 19:44:26    -2397.221644        0.081420
MDMin:  265 19:44:28    -2397.221649        0.081084
MDMin:  266 19:44:30    -2397.221654        0.080724
MDMin:  267 19:44:31    -2397.221659        0.080339
MDMin:  268 19:44:32    -2397.221664        0.079929
MDMin:  269 19:44:34    -2397.221669        0.079493
MDMin:  270 19:44:36    -2397.221674        0.079030
MDMin:  271 19:44:37    -2397.221680        0.078539
MDMin:  272 19:44:38    -2397.221685        0.078021
MDMin:  273 19:44:39    -2397.221690        0.077475
MDMin:  274 19:44:41    -2397.221696        0.076901
MDMin:  275 19:44:42    -2397.221701        0.076297
MDMin:  276 19:44:44    -2397.221707        0.075664
MDMin:  277 19:44:45    -2397.221712        0.075003
MDMin:  278 19:44:47    -2397.221718        0.074312
MDMin:  279 19:44:49    -2397.221724        0.073592
MDMin:  280 19:44:50    -2397.221729        0.072844
MDMin:  281 19:44:52    -2397.221735        0.072066
MDMin:  282 19:44:54    -2397.221741        0.071261
MDMin:  283 19:44:56    -2397.221747        0.070428
MDMin:  284 19:44:58    -2397.221753        0.069569
MDMin:  285 19:45:01    -2397.221759        0.068683
MDMin:  286 19:45:03    -2397.221765        0.067771
MDMin:  287 19:45:05    -2397.221771        0.066836
MDMin:  288 19:45:07    -2397.221777        0.065877
MDMin:  289 19:45:08    -2397.221784        0.064895
MDMin:  290 19:45:11    -2397.221790        0.063893
MDMin:  291 19:45:13    -2397.221796        0.063939
MDMin:  292 19:45:15    -2397.221803        0.064059
MDMin:  293 19:45:17    -2397.221809        0.064177
MDMin:  294 19:45:19    -2397.221816        0.064290
MDMin:  295 19:45:20    -2397.221822        0.064398
MDMin:  296 19:45:22    -2397.221829        0.064501
MDMin:  297 19:45:24    -2397.221835        0.064597
MDMin:  298 19:45:26    -2397.221842        0.064686
MDMin:  299 19:45:28    -2397.221849        0.064766
MDMin:  300 19:45:30    -2397.221856        0.064837
MDMin:  301 19:45:31    -2397.221862        0.064899
MDMin:  302 19:45:33    -2397.221869        0.064949
MDMin:  303 19:45:35    -2397.221876        0.064989
MDMin:  304 19:45:37    -2397.221883        0.065017
MDMin:  305 19:45:39    -2397.221890        0.065032
MDMin:  306 19:45:40    -2397.221897        0.065035
MDMin:  307 19:45:42    -2397.221904        0.065025
MDMin:  308 19:45:44    -2397.221911        0.065002
MDMin:  309 19:45:46    -2397.221919        0.064966
MDMin:  310 19:45:48    -2397.221926        0.064917
MDMin:  311 19:45:50    -2397.221933        0.064854
MDMin:  312 19:45:51    -2397.221940        0.064779
MDMin:  313 19:45:53    -2397.221948        0.064692
MDMin:  314 19:45:55    -2397.221955        0.064594
MDMin:  315 19:45:57    -2397.221962        0.064486
MDMin:  316 19:45:59    -2397.221969        0.088590
MDMin:  317 19:46:01    -2397.221971        0.064326
MDMin:  318 19:46:02    -2397.221973        0.064294
MDMin:  319 19:46:03    -2397.221975        0.064261
MDMin:  320 19:46:05    -2397.221976        0.064226
MDMin:  321 19:46:06    -2397.221978        0.064189
MDMin:  322 19:46:08    -2397.221980        0.064152
MDMin:  323 19:46:10    -2397.221982        0.064113
MDMin:  324 19:46:12    -2397.221984        0.064073
MDMin:  325 19:46:14    -2397.221986        0.064032
MDMin:  326 19:46:16    -2397.221988        0.063989
MDMin:  327 19:46:18    -2397.221990        0.063946
MDMin:  328 19:46:20    -2397.221992        0.063901
MDMin:  329 19:46:22    -2397.221994        0.063855
MDMin:  330 19:46:24    -2397.221997        0.063808
MDMin:  331 19:46:26    -2397.221999        0.063760
MDMin:  332 19:46:27    -2397.222001        0.063710
MDMin:  333 19:46:29    -2397.222004        0.063660
MDMin:  334 19:46:31    -2397.222006        0.063609
MDMin:  335 19:46:33    -2397.222009        0.063557
MDMin:  336 19:46:34    -2397.222011        0.063504
MDMin:  337 19:46:36    -2397.222014        0.063451
MDMin:  338 19:46:37    -2397.222017        0.063398
MDMin:  339 19:46:38    -2397.222019        0.063344
MDMin:  340 19:46:40    -2397.222022        0.063290
MDMin:  341 19:46:42    -2397.222025        0.063236
MDMin:  342 19:46:43    -2397.222028        0.063182
MDMin:  343 19:46:44    -2397.222031        0.063129
MDMin:  344 19:46:46    -2397.222034        0.063077
MDMin:  345 19:46:48    -2397.222037        0.063026
MDMin:  346 19:46:49    -2397.222040        0.062977
MDMin:  347 19:46:51    -2397.222043        0.062929
MDMin:  348 19:46:52    -2397.222046        0.062884
MDMin:  349 19:46:53    -2397.222049        0.062842
MDMin:  350 19:46:55    -2397.222053        0.062803
MDMin:  351 19:46:57    -2397.222056        0.062767
MDMin:  352 19:46:58    -2397.222059        0.062736
MDMin:  353 19:46:59    -2397.222062        0.062710
MDMin:  354 19:47:01    -2397.222066        0.062690
MDMin:  355 19:47:02    -2397.222069        0.062676
MDMin:  356 19:47:04    -2397.222073        0.062670
MDMin:  357 19:47:06    -2397.222076        0.062671
MDMin:  358 19:47:08    -2397.222080        0.062682
MDMin:  359 19:47:10    -2397.222083        0.062703
MDMin:  360 19:47:12    -2397.222087        0.062735
MDMin:  361 19:47:13    -2397.222091        0.062780
MDMin:  362 19:47:15    -2397.222094        0.062839
MDMin:  363 19:47:16    -2397.222098        0.062913
MDMin:  364 19:47:18    -2397.222102        0.063004
MDMin:  365 19:47:20    -2397.222106        0.063114
MDMin:  366 19:47:21    -2397.222109        0.063243
MDMin:  367 19:47:23    -2397.222113        0.063396
MDMin:  368 19:47:25    -2397.222117        0.063572
MDMin:  369 19:47:26    -2397.222121        0.063775
MDMin:  370 19:47:27    -2397.222125        0.064007
MDMin:  371 19:47:28    -2397.222129        0.064270
MDMin:  372 19:47:30    -2397.222133        0.064568
MDMin:  373 19:47:32    -2397.222137        0.064902
MDMin:  374 19:47:34    -2397.222141        0.065277
MDMin:  375 19:47:36    -2397.222145        0.065695
MDMin:  376 19:47:38    -2397.222149        0.066159
MDMin:  377 19:47:40    -2397.222152        0.066672
MDMin:  378 19:47:41    -2397.222156        0.067239
MDMin:  379 19:47:43    -2397.222160        0.067861
MDMin:  380 19:47:45    -2397.222164        0.068542
MDMin:  381 19:47:46    -2397.222168        0.069285
MDMin:  382 19:47:48    -2397.222172        0.070091
MDMin:  383 19:47:50    -2397.222176        0.070963
MDMin:  384 19:47:52    -2397.222180        0.071899
MDMin:  385 19:47:54    -2397.222184        0.072899
MDMin:  386 19:47:56    -2397.222188        0.073959
MDMin:  387 19:47:58    -2397.222192        0.075073
MDMin:  388 19:47:59    -2397.222196        0.076231
MDMin:  389 19:48:01    -2397.222200        0.077420
MDMin:  390 19:48:03    -2397.222204        0.078621
MDMin:  391 19:48:05    -2397.222208        0.079810
MDMin:  392 19:48:07    -2397.222212        0.080956
MDMin:  393 19:48:09    -2397.222215        0.082022
MDMin:  394 19:48:11    -2397.222219        0.082963
MDMin:  395 19:48:13    -2397.222223        0.083730
MDMin:  396 19:48:14    -2397.222227        0.084266
MDMin:  397 19:48:16    -2397.222230        0.084525
MDMin:  398 19:48:17    -2397.222233        0.084527
MDMin:  399 19:48:18    -2397.222234        0.084433
MDMin:  400 19:48:20    -2397.222236        0.084305
MDMin:  401 19:48:22    -2397.222237        0.084127
MDMin:  402 19:48:24    -2397.222238        0.083894
MDMin:  403 19:48:25    -2397.222240        0.083601
MDMin:  404 19:48:27    -2397.222241        0.083245
MDMin:  405 19:48:28    -2397.222243        0.082824
MDMin:  406 19:48:30    -2397.222244        0.082335
MDMin:  407 19:48:32    -2397.222246        0.081776
MDMin:  408 19:48:33    -2397.222247        0.081148
MDMin:  409 19:48:35    -2397.222249        0.080450
MDMin:  410 19:48:37    -2397.222250        0.079686
MDMin:  411 19:48:38    -2397.222252        0.078857
MDMin:  412 19:48:40    -2397.222254        0.077968
MDMin:  413 19:48:42    -2397.222255        0.077025
MDMin:  414 19:48:44    -2397.222257        0.076033
MDMin:  415 19:48:46    -2397.222259        0.075001
MDMin:  416 19:48:48    -2397.222260        0.073935
MDMin:  417 19:48:50    -2397.222262        0.072846
MDMin:  418 19:48:52    -2397.222264        0.071741
MDMin:  419 19:48:53    -2397.222266        0.070629
MDMin:  420 19:48:54    -2397.222268        0.069518
MDMin:  421 19:48:56    -2397.222269        0.068415
MDMin:  422 19:48:58    -2397.222271        0.067328
MDMin:  423 19:49:00    -2397.222273        0.066263
MDMin:  424 19:49:02    -2397.222275        0.065223
MDMin:  425 19:49:04    -2397.222277        0.064214
MDMin:  426 19:49:06    -2397.222279        0.063238
MDMin:  427 19:49:08    -2397.222281        0.062296
MDMin:  428 19:49:10    -2397.222283        0.061391
MDMin:  429 19:49:12    -2397.222285        0.060522
MDMin:  430 19:49:14    -2397.222287        0.059689
MDMin:  431 19:49:16    -2397.222289        0.058891
MDMin:  432 19:49:17    -2397.222291        0.058128
MDMin:  433 19:49:18    -2397.222293        0.058219
MDMin:  434 19:49:20    -2397.222295        0.058612
MDMin:  435 19:49:21    -2397.222297        0.059005
MDMin:  436 19:49:23    -2397.222299        0.059399
MDMin:  437 19:49:25    -2397.222301        0.059793
MDMin:  438 19:49:26    -2397.222303        0.060187
MDMin:  439 19:49:28    -2397.222306        0.060581
MDMin:  440 19:49:30    -2397.222308        0.060975
MDMin:  441 19:49:32    -2397.222310        0.061368
MDMin:  442 19:49:34    -2397.222312        0.061761
MDMin:  443 19:49:36    -2397.222314        0.062151
MDMin:  444 19:49:37    -2397.222316        0.062540
MDMin:  445 19:49:39    -2397.222319        0.062926
MDMin:  446 19:49:40    -2397.222321        0.063309
MDMin:  447 19:49:42    -2397.222323        0.063688
MDMin:  448 19:49:45    -2397.222325        0.064063
MDMin:  449 19:49:47    -2397.222328        0.064432
MDMin:  450 19:49:49    -2397.222330        0.064794
MDMin:  451 19:49:50    -2397.222332        0.065149
MDMin:  452 19:49:52    -2397.222334        0.065496
MDMin:  453 19:49:54    -2397.222337        0.065834
MDMin:  454 19:49:55    -2397.222339        0.066161
MDMin:  455 19:49:57    -2397.222341        0.066476
MDMin:  456 19:49:58    -2397.222344        0.066778
MDMin:  457 19:49:59    -2397.222346        0.067067
MDMin:  458 19:50:00    -2397.222348        0.067339
MDMin:  459 19:50:01    -2397.222351        0.067595
MDMin:  460 19:50:03    -2397.222353        0.067832
MDMin:  461 19:50:05    -2397.222355        0.068050
MDMin:  462 19:50:07    -2397.222357        0.068247
MDMin:  463 19:50:08    -2397.222360        0.068421
MDMin:  464 19:50:10    -2397.222362        0.068571
MDMin:  465 19:50:11    -2397.222364        0.068696
MDMin:  466 19:50:12    -2397.222367        0.068794
MDMin:  467 19:50:14    -2397.222369        0.068863
MDMin:  468 19:50:16    -2397.222371        0.068903
MDMin:  469 19:50:18    -2397.222374        0.068913
MDMin:  470 19:50:20    -2397.222376        0.068894
MDMin:  471 19:50:22    -2397.222377        0.071329
MDMin:  472 19:50:24    -2397.222378        0.068825
MDMin:  473 19:50:26    -2397.222379        0.068792
MDMin:  474 19:50:28    -2397.222380        0.068754
MDMin:  475 19:50:30    -2397.222381        0.068710
MDMin:  476 19:50:32    -2397.222382        0.068660
MDMin:  477 19:50:33    -2397.222383        0.068604
MDMin:  478 19:50:35    -2397.222384        0.068540
MDMin:  479 19:50:37    -2397.222385        0.068469
MDMin:  480 19:50:38    -2397.222386        0.068390
MDMin:  481 19:50:40    -2397.222387        0.068303
MDMin:  482 19:50:42    -2397.222388        0.068207
MDMin:  483 19:50:44    -2397.222389        0.068103
MDMin:  484 19:50:46    -2397.222390        0.067988
MDMin:  485 19:50:48    -2397.222391        0.067864
MDMin:  486 19:50:50    -2397.222392        0.067729
MDMin:  487 19:50:52    -2397.222393        0.067584
MDMin:  488 19:50:54    -2397.222394        0.067428
MDMin:  489 19:50:55    -2397.222395        0.067261
MDMin:  490 19:50:58    -2397.222396        0.067081
MDMin:  491 19:50:59    -2397.222398        0.066890
MDMin:  492 19:51:01    -2397.222399        0.066686
MDMin:  493 19:51:02    -2397.222400        0.066469
MDMin:  494 19:51:04    -2397.222401        0.066239
MDMin:  495 19:51:06    -2397.222402        0.065995
MDMin:  496 19:51:07    -2397.222404        0.065738
MDMin:  497 19:51:09    -2397.222405        0.065467
MDMin:  498 19:51:11    -2397.222406        0.065181
MDMin:  499 19:51:12    -2397.222407        0.064881
MDMin:  500 19:51:13    -2397.222409        0.064566
MDMin:  501 19:51:15    -2397.222410        0.064237
MDMin:  502 19:51:16    -2397.222411        0.063892
MDMin:  503 19:51:18    -2397.222413        0.063532
MDMin:  504 19:51:19    -2397.222414        0.063156
MDMin:  505 19:51:20    -2397.222415        0.062765
MDMin:  506 19:51:22    -2397.222417        0.062359
MDMin:  507 19:51:24    -2397.222418        0.061937
MDMin:  508 19:51:25    -2397.222419        0.061499
MDMin:  509 19:51:27    -2397.222421        0.061046
MDMin:  510 19:51:29    -2397.222422        0.061293
MDMin:  511 19:51:30    -2397.222423        0.061645
MDMin:  512 19:51:32    -2397.222425        0.061999
MDMin:  513 19:51:34    -2397.222426        0.062355
MDMin:  514 19:51:36    -2397.222428        0.062714
MDMin:  515 19:51:37    -2397.222429        0.063074
MDMin:  516 19:51:39    -2397.222431        0.063437
MDMin:  517 19:51:41    -2397.222432        0.063801
MDMin:  518 19:51:43    -2397.222433        0.064167
MDMin:  519 19:51:45    -2397.222435        0.064535
MDMin:  520 19:51:46    -2397.222436        0.064906
MDMin:  521 19:51:48    -2397.222438        0.065279
MDMin:  522 19:51:50    -2397.222439        0.065654
MDMin:  523 19:51:52    -2397.222441        0.066033
MDMin:  524 19:51:54    -2397.222442        0.066415
MDMin:  525 19:51:56    -2397.222444        0.066801
MDMin:  526 19:51:57    -2397.222445        0.067192
MDMin:  527 19:51:59    -2397.222447        0.067588
MDMin:  528 19:52:00    -2397.222448        0.067990
MDMin:  529 19:52:02    -2397.222450        0.068399
MDMin:  530 19:52:04    -2397.222452        0.068817
MDMin:  531 19:52:05    -2397.222453        0.069243
MDMin:  532 19:52:07    -2397.222455        0.069680
MDMin:  533 19:52:08    -2397.222456        0.070128
MDMin:  534 19:52:09    -2397.222458        0.070588
MDMin:  535 19:52:10    -2397.222459        0.071056
MDMin:  536 19:52:11    -2397.222461        0.071509
MDMin:  537 19:52:13    -2397.222462        0.075569
MDMin:  538 19:52:15    -2397.222462        0.072069
MDMin:  539 19:52:17    -2397.222463        0.072244
MDMin:  540 19:52:18    -2397.222464        0.072425
MDMin:  541 19:52:20    -2397.222464        0.072613
MDMin:  542 19:52:22    -2397.222465        0.072807
MDMin:  543 19:52:23    -2397.222465        0.073009
MDMin:  544 19:52:25    -2397.222466        0.073219
MDMin:  545 19:52:26    -2397.222467        0.073437
MDMin:  546 19:52:27    -2397.222467        0.073663
MDMin:  547 19:52:29    -2397.222468        0.073898
MDMin:  548 19:52:31    -2397.222469        0.074142
MDMin:  549 19:52:33    -2397.222469        0.074396
MDMin:  550 19:52:34    -2397.222470        0.074659
MDMin:  551 19:52:36    -2397.222471        0.074933
MDMin:  552 19:52:37    -2397.222471        0.075217
MDMin:  553 19:52:39    -2397.222472        0.075513
MDMin:  554 19:52:41    -2397.222473        0.075820
MDMin:  555 19:52:43    -2397.222473        0.076139
MDMin:  556 19:52:45    -2397.222474        0.076471
MDMin:  557 19:52:46    -2397.222475        0.076816
MDMin:  558 19:52:48    -2397.222476        0.077175
MDMin:  559 19:52:50    -2397.222476        0.077548
MDMin:  560 19:52:51    -2397.222477        0.077937
MDMin:  561 19:52:53    -2397.222478        0.078341
MDMin:  562 19:52:55    -2397.222479        0.078761
MDMin:  563 19:52:57    -2397.222480        0.079198
MDMin:  564 19:52:59    -2397.222481        0.079653
MDMin:  565 19:53:00    -2397.222481        0.080126
MDMin:  566 19:53:02    -2397.222482        0.080618
MDMin:  567 19:53:03    -2397.222483        0.081129
MDMin:  568 19:53:05    -2397.222484        0.081661
MDMin:  569 19:53:06    -2397.222485        0.082213
MDMin:  570 19:53:08    -2397.222486        0.082787
MDMin:  571 19:53:10    -2397.222487        0.083384
MDMin:  572 19:53:12    -2397.222487        0.084003
MDMin:  573 19:53:13    -2397.222488        0.084645
MDMin:  574 19:53:15    -2397.222489        0.085312
MDMin:  575 19:53:18    -2397.222490        0.086003
MDMin:  576 19:53:20    -2397.222491        0.086719
MDMin:  577 19:53:22    -2397.222492        0.087461
MDMin:  578 19:53:24    -2397.222493        0.088228
MDMin:  579 19:53:25    -2397.222494        0.089022
MDMin:  580 19:53:26    -2397.222495        0.089841
MDMin:  581 19:53:27    -2397.222496        0.090688
MDMin:  582 19:53:29    -2397.222497        0.091561
MDMin:  583 19:53:31    -2397.222497        0.092461
MDMin:  584 19:53:33    -2397.222498        0.093388
MDMin:  585 19:53:35    -2397.222499        0.094342
MDMin:  586 19:53:37    -2397.222500        0.095322
MDMin:  587 19:53:38    -2397.222501        0.096330
MDMin:  588 19:53:40    -2397.222502        0.097363
MDMin:  589 19:53:42    -2397.222503        0.098424
MDMin:  590 19:53:44    -2397.222504        0.099511
MDMin:  591 19:53:46    -2397.222505        0.100624
MDMin:  592 19:53:48    -2397.222506        0.101764
MDMin:  593 19:53:50    -2397.222507        0.102931
MDMin:  594 19:53:52    -2397.222508        0.104126
MDMin:  595 19:53:53    -2397.222509        0.105349
MDMin:  596 19:53:56    -2397.222510        0.106601
MDMin:  597 19:53:58    -2397.222511        0.107884
MDMin:  598 19:54:00    -2397.222512        0.109200
MDMin:  599 19:54:02    -2397.222513        0.110551
MDMin:  600 19:54:03    -2397.222514        0.111940
MDMin:  601 19:54:05    -2397.222514        0.113370
MDMin:  602 19:54:07    -2397.222515        0.114844
MDMin:  603 19:54:08    -2397.222516        0.116368
MDMin:  604 19:54:10    -2397.222517        0.117944
MDMin:  605 19:54:12    -2397.222518        0.119567
MDMin:  606 19:54:14    -2397.222519        0.121207
MDMin:  607 19:54:16    -2397.222520        0.122747
MDMin:  608 19:54:18    -2397.222520        0.123967
MDMin:  609 19:54:20    -2397.222521        0.124876
MDMin:  610 19:54:22    -2397.222521        0.125729
MDMin:  611 19:54:24    -2397.222522        0.126609
MDMin:  612 19:54:26    -2397.222522        0.127527
MDMin:  613 19:54:28    -2397.222522        0.128487
MDMin:  614 19:54:30    -2397.222523        0.129490
MDMin:  615 19:54:32    -2397.222523        0.130540
MDMin:  616 19:54:34    -2397.222524        0.131638
MDMin:  617 19:54:36    -2397.222524        0.132788
MDMin:  618 19:54:38    -2397.222524        0.133993
MDMin:  619 19:54:40    -2397.222525        0.135256
MDMin:  620 19:54:42    -2397.222525        0.136581
MDMin:  621 19:54:45    -2397.222526        0.137972
MDMin:  622 19:54:47    -2397.222526        0.139433
MDMin:  623 19:54:48    -2397.222527        0.140969
MDMin:  624 19:54:50    -2397.222527        0.142584
MDMin:  625 19:54:52    -2397.222527        0.144285
MDMin:  626 19:54:54    -2397.222528        0.146075
MDMin:  627 19:54:56    -2397.222528        0.147961
MDMin:  628 19:54:58    -2397.222529        0.149950
MDMin:  629 19:55:00    -2397.222529        0.152048
MDMin:  630 19:55:02    -2397.222530        0.154263
MDMin:  631 19:55:04    -2397.222530        0.156602
MDMin:  632 19:55:05    -2397.222531        0.159075
MDMin:  633 19:55:07    -2397.222531        0.161691
MDMin:  634 19:55:09    -2397.222532        0.164459
MDMin:  635 19:55:11    -2397.222532        0.167390
MDMin:  636 19:55:13    -2397.222532        0.170495
MDMin:  637 19:55:15    -2397.222533        0.173787
MDMin:  638 19:55:16    -2397.222533        0.177279
MDMin:  639 19:55:17    -2397.222534        0.180983
MDMin:  640 19:55:19    -2397.222534        0.184916
MDMin:  641 19:55:20    -2397.222535        0.189091
MDMin:  642 19:55:21    -2397.222535        0.193527
MDMin:  643 19:55:23    -2397.222536        0.198239
MDMin:  644 19:55:25    -2397.222536        0.203247
MDMin:  645 19:55:27    -2397.222536        0.208568
MDMin:  646 19:55:28    -2397.222537        0.214223
MDMin:  647 19:55:29    -2397.222537        0.220231
MDMin:  648 19:55:30    -2397.222538        0.226611
MDMin:  649 19:55:32    -2397.222538        0.233384
MDMin:  650 19:55:34    -2397.222539        0.240567
MDMin:  651 19:55:35    -2397.222539        0.248178
MDMin:  652 19:55:36    -2397.222539        0.256231
MDMin:  653 19:55:37    -2397.222540        0.264736
MDMin:  654 19:55:39    -2397.222540        0.273698
MDMin:  655 19:55:40    -2397.222540        0.283115
MDMin:  656 19:55:42    -2397.222541        0.292975
MDMin:  657 19:55:44    -2397.222541        0.303256
MDMin:  658 19:55:45    -2397.222542        0.313918
MDMin:  659 19:55:47    -2397.222542        0.324905
MDMin:  660 19:55:49    -2397.222542        0.336140
MDMin:  661 19:55:51    -2397.222543        0.347520
MDMin:  662 19:55:53    -2397.222543        0.358920
MDMin:  663 19:55:55    -2397.222543        0.370188
MDMin:  664 19:55:57    -2397.222544        0.381149
MDMin:  665 19:55:59    -2397.222544        0.391610
MDMin:  666 19:56:00    -2397.222544        0.401370
MDMin:  667 19:56:02    -2397.222544        0.410232
MDMin:  668 19:56:04    -2397.222545        0.418023
MDMin:  669 19:56:06    -2397.222545        0.424608
MDMin:  670 19:56:07    -2397.222545        0.429905
MDMin:  671 19:56:09    -2397.222546        0.433903
MDMin:  672 19:56:11    -2397.222546        0.436655
MDMin:  673 19:56:13    -2397.222546        0.438278
MDMin:  674 19:56:14    -2397.222547        0.438936
MDMin:  675 19:56:16    -2397.222547        0.438821
MDMin:  676 19:56:18    -2397.222547        0.438133
MDMin:  677 19:56:19    -2397.222547        0.437068
MDMin:  678 19:56:21    -2397.222548        0.435801
MDMin:  679 19:56:23    -2397.222548        0.434480
MDMin:  680 19:56:25    -2397.222548        0.433222
MDMin:  681 19:56:27    -2397.222549        0.432109
MDMin:  682 19:56:29    -2397.222549        0.431188
MDMin:  683 19:56:31    -2397.222549        0.430473
MDMin:  684 19:56:33    -2397.222550        0.429938
MDMin:  685 19:56:35    -2397.222550        0.429530
MDMin:  686 19:56:37    -2397.222550        0.429161
MDMin:  687 19:56:38    -2397.222551        0.428720
MDMin:  688 19:56:40    -2397.222551        0.428073
MDMin:  689 19:56:42    -2397.222551        0.427070
MDMin:  690 19:56:44    -2397.222552        0.425551
MDMin:  691 19:56:46    -2397.222552        0.423352
MDMin:  692 19:56:48    -2397.222552        0.420313
MDMin:  693 19:56:50    -2397.222553        0.416278
MDMin:  694 19:56:52    -2397.222553        0.411106
MDMin:  695 19:56:54    -2397.222553        0.404678
MDMin:  696 19:56:56    -2397.222554        0.396897
MDMin:  697 19:56:58    -2397.222554        0.387699
MDMin:  698 19:57:00    -2397.222555        0.377058
MDMin:  699 19:57:01    -2397.222555        0.364987
MDMin:  700 19:57:02    -2397.222556        0.351554
MDMin:  701 19:57:04    -2397.222556        0.336872
MDMin:  702 19:57:05    -2397.222556        0.321089
MDMin:  703 19:57:06    -2397.222557        0.304412
MDMin:  704 19:57:08    -2397.222557        0.287091
MDMin:  705 19:57:10    -2397.222558        0.269420
MDMin:  706 19:57:12    -2397.222559        0.251718
MDMin:  707 19:57:13    -2397.222559        0.234316
MDMin:  708 19:57:14    -2397.222560        0.217528
MDMin:  709 19:57:16    -2397.222560        0.201634
MDMin:  710 19:57:18    -2397.222561        0.186856
MDMin:  711 19:57:20    -2397.222562        0.173351
MDMin:  712 19:57:22    -2397.222562        0.161202
MDMin:  713 19:57:23    -2397.222563        0.150426
MDMin:  714 19:57:25    -2397.222564        0.140978
MDMin:  715 19:57:27    -2397.222565        0.132773
MDMin:  716 19:57:29    -2397.222566        0.125696
MDMin:  717 19:57:30    -2397.222566        0.119623
MDMin:  718 19:57:32    -2397.222567        0.114419
MDMin:  719 19:57:34    -2397.222568        0.109973
MDMin:  720 19:57:35    -2397.222569        0.106141
MDMin:  721 19:57:37    -2397.222570        0.102907
MDMin:  722 19:57:38    -2397.222571        0.099921
MDMin:  723 19:57:40    -2397.222572        0.100134
MDMin:  724 19:57:41    -2397.222572        0.194458
MDMin:  725 19:57:43    -2397.222573        0.103993
MDMin:  726 19:57:44    -2397.222573        0.104649
MDMin:  727 19:57:45    -2397.222573        0.105283
MDMin:  728 19:57:46    -2397.222573        0.105913
MDMin:  729 19:57:48    -2397.222573        0.106554
MDMin:  730 19:57:49    -2397.222573        0.107214
MDMin:  731 19:57:50    -2397.222573        0.107899
MDMin:  732 19:57:52    -2397.222573        0.108609
MDMin:  733 19:57:53    -2397.222574        0.109345
MDMin:  734 19:57:55    -2397.222574        0.110109
MDMin:  735 19:57:57    -2397.222574        0.110899
MDMin:  736 19:57:59    -2397.222574        0.111716
MDMin:  737 19:58:01    -2397.222574        0.112558
MDMin:  738 19:58:02    -2397.222574        0.113426
MDMin:  739 19:58:04    -2397.222574        0.114318
MDMin:  740 19:58:06    -2397.222575        0.115235
MDMin:  741 19:58:08    -2397.222575        0.116174
MDMin:  742 19:58:10    -2397.222575        0.117136
MDMin:  743 19:58:12    -2397.222575        0.118118
MDMin:  744 19:58:13    -2397.222575        0.119120
MDMin:  745 19:58:15    -2397.222575        0.120140
MDMin:  746 19:58:17    -2397.222576        0.121176
MDMin:  747 19:58:19    -2397.222576        0.122227
MDMin:  748 19:58:21    -2397.222576        0.123290
MDMin:  749 19:58:23    -2397.222576        0.124363
MDMin:  750 19:58:24    -2397.222576        0.125443
MDMin:  751 19:58:26    -2397.222576        0.126529
MDMin:  752 19:58:27    -2397.222577        0.127616
MDMin:  753 19:58:29    -2397.222577        0.128703
MDMin:  754 19:58:30    -2397.222577        0.129785
MDMin:  755 19:58:32    -2397.222577        0.130858
MDMin:  756 19:58:34    -2397.222577        0.132699
MDMin:  757 19:58:36    -2397.222578        0.136008
MDMin:  758 19:58:37    -2397.222578        0.139428
MDMin:  759 19:58:39    -2397.222578        0.142960
MDMin:  760 19:58:41    -2397.222578        0.146606
MDMin:  761 19:58:44    -2397.222578        0.150366
MDMin:  762 19:58:46    -2397.222579        0.154239
MDMin:  763 19:58:48    -2397.222579        0.158226
MDMin:  764 19:58:50    -2397.222579        0.162326
MDMin:  765 19:58:52    -2397.222579        0.166537
MDMin:  766 19:58:54    -2397.222579        0.170857
MDMin:  767 19:58:55    -2397.222580        0.175284
MDMin:  768 19:58:56    -2397.222580        0.179813
MDMin:  769 19:58:58    -2397.222580        0.184440
MDMin:  770 19:59:00    -2397.222580        0.189159
MDMin:  771 19:59:02    -2397.222580        0.193963
MDMin:  772 19:59:04    -2397.222581        0.198844
MDMin:  773 19:59:05    -2397.222581        0.203793
MDMin:  774 19:59:07    -2397.222581        0.208800
MDMin:  775 19:59:08    -2397.222581        0.213853
MDMin:  776 19:59:10    -2397.222581        0.218939
MDMin:  777 19:59:11    -2397.222582        0.224043
MDMin:  778 19:59:13    -2397.222582        0.229148
MDMin:  779 19:59:14    -2397.222582        0.234239
MDMin:  780 19:59:16    -2397.222582        0.239295
MDMin:  781 19:59:18    -2397.222582        0.244302
MDMin:  782 19:59:20    -2397.222583        0.249232
MDMin:  783 19:59:21    -2397.222583        0.254056
MDMin:  784 19:59:23    -2397.222583        0.258744
MDMin:  785 19:59:25    -2397.222583        0.263266
MDMin:  786 19:59:27    -2397.222583        0.267589
MDMin:  787 19:59:29    -2397.222584        0.271680
MDMin:  788 19:59:31    -2397.222584        0.275506
MDMin:  789 19:59:33    -2397.222584        0.279033
MDMin:  790 19:59:35    -2397.222584        0.282230
MDMin:  791 19:59:36    -2397.222584        0.285064
MDMin:  792 19:59:38    -2397.222585        0.287506
MDMin:  793 19:59:40    -2397.222585        0.289527
MDMin:  794 19:59:42    -2397.222585        0.291107
MDMin:  795 19:59:43    -2397.222585        0.292226
MDMin:  796 19:59:44    -2397.222585        0.292875
MDMin:  797 19:59:46    -2397.222586        0.293050
MDMin:  798 19:59:48    -2397.222586        0.292760
MDMin:  799 19:59:50    -2397.222586        0.292027
MDMin:  800 19:59:52    -2397.222586        0.290888
MDMin:  801 19:59:54    -2397.222586        0.289396
MDMin:  802 19:59:55    -2397.222587        0.287632
MDMin:  803 19:59:57    -2397.222587        0.285696
MDMin:  804 19:59:58    -2397.222587        0.283723
MDMin:  805 20:00:00    -2397.222587        0.281884
MDMin:  806 20:00:01    -2397.222588        0.280396
MDMin:  807 20:00:03    -2397.222588        0.279552
MDMin:  808 20:00:04    -2397.222588        0.279777
MDMin:  809 20:00:06    -2397.222588        0.281920
MDMin:  810 20:00:07    -2397.222589        0.281805
MDMin:  811 20:00:08    -2397.222589        0.276553
MDMin:  812 20:00:10    -2397.222589        0.257474
MDMin:  813 20:00:12    -2397.222589        0.205056
MDMin:  814 20:00:14    -2397.222590        0.195459
MDMin:  815 20:00:16    -2397.222590        0.837406
MDMin:  816 20:00:18    -2397.222590        0.851590
MDMin:  817 20:00:20    -2397.222590        0.909152
MDMin:  818 20:00:22    -2397.222590        0.789133
MDMin:  819 20:00:24    -2397.222590        0.928441
MDMin:  820 20:00:26    -2397.222590        0.973173
MDMin:  821 20:00:28    -2397.222590        0.992631
MDMin:  822 20:00:30    -2397.222590        0.999963
MDMin:  823 20:00:32    -2397.222590        0.999932
MDMin:  824 20:00:34    -2397.222590        0.994705
MDMin:  825 20:00:35    -2397.222590        0.985350
MDMin:  826 20:00:37    -2397.222590        0.972392
MDMin:  827 20:00:39    -2397.222590        0.956073
MDMin:  828 20:00:40    -2397.222590        0.936482
MDMin:  829 20:00:42    -2397.222590        0.913646
MDMin:  830 20:00:44    -2397.222590        0.887569
MDMin:  831 20:00:45    -2397.222590        0.858272
MDMin:  832 20:00:46    -2397.222590        0.825807
MDMin:  833 20:00:47    -2397.222590        0.790264
MDMin:  834 20:00:50    -2397.222590        0.751774
MDMin:  835 20:00:51    -2397.222590        0.710504
MDMin:  836 20:00:52    -2397.222590        0.666652
MDMin:  837 20:00:54    -2397.222591        0.620440
MDMin:  838 20:00:56    -2397.222591        0.572107
MDMin:  839 20:00:58    -2397.222591        0.521901
MDMin:  840 20:00:59    -2397.222591        0.470085
MDMin:  841 20:01:00    -2397.222591        0.416931
MDMin:  842 20:01:02    -2397.222591        0.362733
MDMin:  843 20:01:03    -2397.222591        0.324293
MDMin:  844 20:01:04    -2397.222591        0.300926
MDMin:  845 20:01:05    -2397.222591        0.274950
MDMin:  846 20:01:06    -2397.222592        0.246231
MDMin:  847 20:01:08    -2397.222592        0.214695
MDMin:  848 20:01:10    -2397.222592        0.180496
MDMin:  849 20:01:12    -2397.222592        0.144343
MDMin:  850 20:01:14    -2397.222593        0.107881
MDMin:  851 20:01:16    -2397.222593        0.103546
MDMin:  852 20:01:18    -2397.222593        0.125252
MDMin:  853 20:01:19    -2397.222594        0.140509
MDMin:  854 20:01:21    -2397.222594        0.150579
MDMin:  855 20:01:23    -2397.222594        0.156735
MDMin:  856 20:01:24    -2397.222594        0.159950
MDMin:  857 20:01:26    -2397.222595        0.160936
MDMin:  858 20:01:28    -2397.222595        0.160205
MDMin:  859 20:01:30    -2397.222595        0.158138
MDMin:  860 20:01:32    -2397.222596        0.155024
MDMin:  861 20:01:34    -2397.222596        0.151090
MDMin:  862 20:01:36    -2397.222596        0.146515
MDMin:  863 20:01:38    -2397.222596        0.141449
MDMin:  864 20:01:39    -2397.222597        0.136014
MDMin:  865 20:01:41    -2397.222597        0.139820
MDMin:  866 20:01:44    -2397.222597        0.146419
MDMin:  867 20:01:45    -2397.222598        0.152652
MDMin:  868 20:01:47    -2397.222598        0.158616
MDMin:  869 20:01:49    -2397.222598        0.164409
MDMin:  870 20:01:51    -2397.222598        0.170128
MDMin:  871 20:01:52    -2397.222599        0.175877
MDMin:  872 20:01:54    -2397.222599        0.181757
MDMin:  873 20:01:56    -2397.222599        0.187848
MDMin:  874 20:01:57    -2397.222599        0.194033
MDMin:  875 20:01:59    -2397.222600        0.199212
MDMin:  876 20:02:01    -2397.222600        0.201709
MDMin:  877 20:02:03    -2397.222600        0.203721
MDMin:  878 20:02:05    -2397.222600        0.205855
MDMin:  879 20:02:07    -2397.222600        0.208137
MDMin:  880 20:02:08    -2397.222600        0.210578
MDMin:  881 20:02:10    -2397.222600        0.213189
MDMin:  882 20:02:11    -2397.222600        0.215985
MDMin:  883 20:02:13    -2397.222600        0.218980
MDMin:  884 20:02:15    -2397.222600        0.222190
MDMin:  885 20:02:17    -2397.222600        0.225634
MDMin:  886 20:02:19    -2397.222600        0.229331
MDMin:  887 20:02:21    -2397.222601        0.233303
MDMin:  888 20:02:23    -2397.222601        0.237574
MDMin:  889 20:02:24    -2397.222601        0.242171
MDMin:  890 20:02:26    -2397.222601        0.247120
MDMin:  891 20:02:27    -2397.222601        0.252456
MDMin:  892 20:02:29    -2397.222601        0.258211
MDMin:  893 20:02:31    -2397.222601        0.264423
MDMin:  894 20:02:32    -2397.222601        0.271135
MDMin:  895 20:02:33    -2397.222601        0.278391
MDMin:  896 20:02:35    -2397.222601        0.286241
MDMin:  897 20:02:36    -2397.222601        0.294739
MDMin:  898 20:02:37    -2397.222601        0.303942
MDMin:  899 20:02:39    -2397.222602        0.313915
MDMin:  900 20:02:41    -2397.222602        0.324725
MDMin:  901 20:02:43    -2397.222602        0.336445
MDMin:  902 20:02:45    -2397.222602        0.349154
MDMin:  903 20:02:47    -2397.222602        0.362932
MDMin:  904 20:02:49    -2397.222602        0.377864
MDMin:  905 20:02:51    -2397.222602        0.394035
MDMin:  906 20:02:53    -2397.222602        0.411519
MDMin:  907 20:02:55    -2397.222602        0.430365
MDMin:  908 20:02:57    -2397.222602        0.450548
MDMin:  909 20:02:58    -2397.222602        0.471838
MDMin:  910 20:02:59    -2397.222602        0.493322
MDMin:  911 20:03:01    -2397.222602        0.511005
MDMin:  912 20:03:02    -2397.222602        0.795754
MDMin:  913 20:03:04    -2397.222603        0.469359
MDMin:  914 20:03:06    -2397.222603        0.388581
MDMin:  915 20:03:07    -2397.222603        0.266915
MDMin:  916 20:03:09    -2397.222603        0.132526
MDMin:  917 20:03:10    -2397.222603        0.300930
MDMin:  918 20:03:12    -2397.222603        0.303441
MDMin:  919 20:03:13    -2397.222603        0.310335
MDMin:  920 20:03:15    -2397.222603        0.321693
MDMin:  921 20:03:17    -2397.222603        0.337594
MDMin:  922 20:03:19    -2397.222603        0.358142
MDMin:  923 20:03:21    -2397.222603        0.383500
MDMin:  924 20:03:22    -2397.222603        0.413939
MDMin:  925 20:03:24    -2397.222603        0.449911
MDMin:  926 20:03:26    -2397.222603        0.492159
MDMin:  927 20:03:27    -2397.222603        0.541900
MDMin:  928 20:03:30    -2397.222603        0.601171
MDMin:  929 20:03:31    -2397.222603        0.673518
MDMin:  930 20:03:33    -2397.222603        0.765110
MDMin:  931 20:03:34    -2397.222603        0.862969
MDMin:  932 20:03:36    -2397.222603        0.681801
MDMin:  933 20:03:38    -2397.222603        0.511814
MDMin:  934 20:03:40    -2397.222603        0.352385
MDMin:  935 20:03:42    -2397.222603        0.189814
MDMin:  936 20:03:44    -2397.222603        0.088977
MDMin:  937 20:03:46    -2397.222603        0.162875
MDMin:  938 20:03:47    -2397.222603        0.199019
MDMin:  939 20:03:49    -2397.222603        0.231146
MDMin:  940 20:03:52    -2397.222603        0.260893
MDMin:  941 20:03:53    -2397.222603        0.289152
MDMin:  942 20:03:55    -2397.222603        0.316454
MDMin:  943 20:03:57    -2397.222603        0.343113
MDMin:  944 20:03:59    -2397.222603        0.369281
MDMin:  945 20:04:00    -2397.222603        0.394889
MDMin:  946 20:04:02    -2397.222603        0.419355
MDMin:  947 20:04:03    -2397.222603        0.508063
MDMin:  948 20:04:04    -2397.222603        0.728905
MDMin:  949 20:04:06    -2397.222603        0.269139
MDMin:  950 20:04:08    -2397.222604        0.141198
MDMin:  951 20:04:10    -2397.222604        0.156412
MDMin:  952 20:04:11    -2397.222604        0.204029
MDMin:  953 20:04:13    -2397.222604        0.285265
MDMin:  954 20:04:15    -2397.222604        0.404537
MDMin:  955 20:04:17    -2397.222604        0.581566
MDMin:  956 20:04:19    -2397.222604        0.834020
MDMin:  957 20:04:21    -2397.222604        0.774768
MDMin:  958 20:04:23    -2397.222604        0.696402
MDMin:  959 20:04:25    -2397.222604        0.614876
MDMin:  960 20:04:27    -2397.222604        0.531025
MDMin:  961 20:04:29    -2397.222604        0.444547
MDMin:  962 20:04:31    -2397.222604        0.354548
MDMin:  963 20:04:33    -2397.222604        0.259275
MDMin:  964 20:04:34    -2397.222604        0.155276
MDMin:  965 20:04:36    -2397.222604        0.081095
MDMin:  966 20:04:38    -2397.222604        0.097549
MDMin:  967 20:04:40    -2397.222604        0.143381
MDMin:  968 20:04:42    -2397.222604        0.178919
MDMin:  969 20:04:44    -2397.222604        0.209268
MDMin:  970 20:04:46    -2397.222604        0.236607
MDMin:  971 20:04:48    -2397.222604        0.262064
MDMin:  972 20:04:50    -2397.222604        0.286298
MDMin:  973 20:04:52    -2397.222604        0.309724
MDMin:  974 20:04:54    -2397.222604        0.332603
MDMin:  975 20:04:56    -2397.222604        0.355069
MDMin:  976 20:04:58    -2397.222604        0.377072
MDMin:  977 20:05:01    -2397.222604        0.398128
MDMin:  978 20:05:03    -2397.222604        0.498815
MDMin:  979 20:05:05    -2397.222604        0.691855
MDMin:  980 20:05:07    -2397.222604        0.506802
MDMin:  981 20:05:09    -2397.222604        0.656441
MDMin:  982 20:05:10    -2397.222604        0.258206
MDMin:  983 20:05:11    -2397.222604        0.098908
MDMin:  984 20:05:13    -2397.222604        0.135984
MDMin:  985 20:05:14    -2397.222604        0.234931
MDMin:  986 20:05:15    -2397.222604        0.349562
MDMin:  987 20:05:17    -2397.222604        0.877372
MDMin:  988 20:05:18    -2397.222604        0.741760
MDMin:  989 20:05:20    -2397.222604        0.650606
MDMin:  990 20:05:22    -2397.222604        0.572021
MDMin:  991 20:05:24    -2397.222604        0.498921
MDMin:  992 20:05:26    -2397.222604        0.428313
MDMin:  993 20:05:28    -2397.222604        0.358479
MDMin:  994 20:05:29    -2397.222604        0.325726
MDMin:  995 20:05:31    -2397.222604        0.287861
MDMin:  996 20:05:33    -2397.222604        0.238738
MDMin:  997 20:05:35    -2397.222604        0.172804
MDMin:  998 20:05:37    -2397.222604        0.107568
MDMin:  999 20:05:39    -2397.222604        0.102273
MDMin:  1000 20:05:41    -2397.222604        0.132002
MDMin:  1001 20:05:43    -2397.222605        0.185779
MDMin:  1002 20:05:45    -2397.222605        0.237066
MDMin:  1003 20:05:47    -2397.222605        0.288792
MDMin:  1004 20:05:49    -2397.222605        0.343151
MDMin:  1005 20:05:50    -2397.222605        0.402375
MDMin:  1006 20:05:52    -2397.222605        0.469406
MDMin:  1007 20:05:53    -2397.222605        0.549013
MDMin:  1008 20:05:54    -2397.222605        0.650564
MDMin:  1009 20:05:56    -2397.222605        0.788422
MDMin:  1010 20:05:57    -2397.222605        0.487014
MDMin:  1011 20:05:59    -2397.222605        0.267145
MDMin:  1012 20:06:01    -2397.222605        0.093144
MDMin:  1013 20:06:02    -2397.222605        0.185803
MDMin:  1014 20:06:04    -2397.222605        0.188118
MDMin:  1015 20:06:06    -2397.222605        0.195045
MDMin:  1016 20:06:08    -2397.222605        0.206314
MDMin:  1017 20:06:10    -2397.222605        0.221430
MDMin:  1018 20:06:12    -2397.222605        0.239777
MDMin:  1019 20:06:13    -2397.222605        0.260733
MDMin:  1020 20:06:15    -2397.222605        0.283728
MDMin:  1021 20:06:17    -2397.222605        0.308238
MDMin:  1022 20:06:18    -2397.222605        0.333673
MDMin:  1023 20:06:20    -2397.222605        0.392127
MDMin:  1024 20:06:22    -2397.222605        0.525860
MDMin:  1025 20:06:23    -2397.222605        0.846866
MDMin:  1026 20:06:24    -2397.222605        0.650488
MDMin:  1027 20:06:26    -2397.222605        0.536934
MDMin:  1028 20:06:27    -2397.222605        0.443461
MDMin:  1029 20:06:28    -2397.222605        0.357694
MDMin:  1030 20:06:30    -2397.222605        0.294537
MDMin:  1031 20:06:31    -2397.222605        0.251153
MDMin:  1032 20:06:33    -2397.222605        0.193349
MDMin:  1033 20:06:35    -2397.222605        0.111535
MDMin:  1034 20:06:37    -2397.222605        0.097098
MDMin:  1035 20:06:38    -2397.222605        0.118236
MDMin:  1036 20:06:39    -2397.222605        0.167248
MDMin:  1037 20:06:40    -2397.222605        0.221236
MDMin:  1038 20:06:42    -2397.222605        0.273910
MDMin:  1039 20:06:44    -2397.222605        0.328271
MDMin:  1040 20:06:46    -2397.222605        0.386983
MDMin:  1041 20:06:48    -2397.222605        0.453392
MDMin:  1042 20:06:50    -2397.222605        0.532980
MDMin:  1043 20:06:51    -2397.222605        0.637107
MDMin:  1044 20:06:53    -2397.222605        0.771129
MDMin:  1045 20:06:54    -2397.222605        0.695190
MDMin:  1046 20:06:56    -2397.222605        0.617648
MDMin:  1047 20:06:58    -2397.222605        0.544088
MDMin:  1048 20:07:00    -2397.222605        0.472094
MDMin:  1049 20:07:01    -2397.222605        0.400137
MDMin:  1050 20:07:03    -2397.222606        0.326995
MDMin:  1051 20:07:04    -2397.222606        0.251328
MDMin:  1052 20:07:06    -2397.222606        0.171174
MDMin:  1053 20:07:07    -2397.222606        0.099523
MDMin:  1054 20:07:09    -2397.222606        0.070895
MDMin:  1055 20:07:11    -2397.222606        0.096506
MDMin:  1056 20:07:13    -2397.222606        0.132723
MDMin:  1057 20:07:14    -2397.222606        0.159738
MDMin:  1058 20:07:16    -2397.222606        0.182169
MDMin:  1059 20:07:17    -2397.222606        0.201886
MDMin:  1060 20:07:19    -2397.222606        0.219857
MDMin:  1061 20:07:21    -2397.222606        0.236663
MDMin:  1062 20:07:23    -2397.222606        0.252685
MDMin:  1063 20:07:25    -2397.222606        0.268184
MDMin:  1064 20:07:26    -2397.222606        0.283335
MDMin:  1065 20:07:28    -2397.222606        0.298224
MDMin:  1066 20:07:30    -2397.222606        0.312789
MDMin:  1067 20:07:31    -2397.222606        0.380177
MDMin:  1068 20:07:32    -2397.222606        0.475992
MDMin:  1069 20:07:33    -2397.222606        0.642473
MDMin:  1070 20:07:35    -2397.222606        1.287247
MDMin:  1071 20:07:36    -2397.222606        1.254610
MDMin:  1072 20:07:38    -2397.222607        1.228245
MDMin:  1073 20:07:40    -2397.222607        1.202965
MDMin:  1074 20:07:42    -2397.222607        1.177131
MDMin:  1075 20:07:43    -2397.222607        1.149923
MDMin:  1076 20:07:45    -2397.222607        1.120842
MDMin:  1077 20:07:46    -2397.222607        1.089563
MDMin:  1078 20:07:48    -2397.222607        1.055885
MDMin:  1079 20:07:49    -2397.222607        1.019707
MDMin:  1080 20:07:50    -2397.222607        0.981017
MDMin:  1081 20:07:52    -2397.222607        0.939880
MDMin:  1082 20:07:53    -2397.222607        0.896424
MDMin:  1083 20:07:54    -2397.222607        0.850828
MDMin:  1084 20:07:56    -2397.222607        0.803315
MDMin:  1085 20:07:58    -2397.222607        0.754129
MDMin:  1086 20:08:00    -2397.222607        0.703530
MDMin:  1087 20:08:02    -2397.222607        0.651782
MDMin:  1088 20:08:04    -2397.222607        0.599150
MDMin:  1089 20:08:06    -2397.222607        0.545897
MDMin:  1090 20:08:08    -2397.222607        0.492285
MDMin:  1091 20:08:09    -2397.222607        0.438582
MDMin:  1092 20:08:11    -2397.222607        0.385076
MDMin:  1093 20:08:13    -2397.222607        0.345639
MDMin:  1094 20:08:15    -2397.222607        0.328837
MDMin:  1095 20:08:17    -2397.222607        0.310459
MDMin:  1096 20:08:19    -2397.222608        0.290265
MDMin:  1097 20:08:21    -2397.222608        0.267993
MDMin:  1098 20:08:23    -2397.222608        0.243556
MDMin:  1099 20:08:25    -2397.222608        0.216095
MDMin:  1100 20:08:27    -2397.222608        0.184767
MDMin:  1101 20:08:28    -2397.222608        0.150959
MDMin:  1102 20:08:30    -2397.222609        0.121968
MDMin:  1103 20:08:31    -2397.222609        0.220285
MDMin:  1104 20:08:33    -2397.222609        0.200337
MDMin:  1105 20:08:35    -2397.222609        0.163577
MDMin:  1106 20:08:36    -2397.222609        0.131177
MDMin:  1107 20:08:38    -2397.222609        0.130326
MDMin:  1108 20:08:41    -2397.222609        0.121983
MDMin:  1109 20:08:42    -2397.222609        0.166904
MDMin:  1110 20:08:44    -2397.222609        0.124674
MDMin:  1111 20:08:46    -2397.222609        0.124807
MDMin:  1112 20:08:48    -2397.222609        0.125278
MDMin:  1113 20:08:50    -2397.222609        0.125706
MDMin:  1114 20:08:51    -2397.222609        0.126083
MDMin:  1115 20:08:53    -2397.222609        0.126392
MDMin:  1116 20:08:55    -2397.222609        0.126624
MDMin:  1117 20:08:57    -2397.222609        0.126769
MDMin:  1118 20:08:59    -2397.222609        0.126820
MDMin:  1119 20:09:01    -2397.222609        0.126769
MDMin:  1120 20:09:03    -2397.222609        0.126611
MDMin:  1121 20:09:05    -2397.222609        0.126339
MDMin:  1122 20:09:07    -2397.222610        0.125952
MDMin:  1123 20:09:09    -2397.222610        0.125448
MDMin:  1124 20:09:11    -2397.222610        0.124824
MDMin:  1125 20:09:13    -2397.222610        0.124084
MDMin:  1126 20:09:15    -2397.222610        0.123228
MDMin:  1127 20:09:16    -2397.222610        0.122259
MDMin:  1128 20:09:18    -2397.222610        0.121182
MDMin:  1129 20:09:19    -2397.222610        0.120002
MDMin:  1130 20:09:21    -2397.222610        0.118723
MDMin:  1131 20:09:23    -2397.222610        0.117354
MDMin:  1132 20:09:25    -2397.222610        0.115899
MDMin:  1133 20:09:27    -2397.222610        0.114366
MDMin:  1134 20:09:29    -2397.222610        0.112763
MDMin:  1135 20:09:31    -2397.222610        0.111095
MDMin:  1136 20:09:33    -2397.222610        0.109370
MDMin:  1137 20:09:35    -2397.222610        0.107596
MDMin:  1138 20:09:36    -2397.222610        0.105777
MDMin:  1139 20:09:38    -2397.222610        0.103922
MDMin:  1140 20:09:39    -2397.222611        0.102035
MDMin:  1141 20:09:41    -2397.222611        0.100123
MDMin:  1142 20:09:43    -2397.222611        0.102608
MDMin:  1143 20:09:45    -2397.222611        0.105276
MDMin:  1144 20:09:47    -2397.222611        0.107802
MDMin:  1145 20:09:49    -2397.222611        0.110194
MDMin:  1146 20:09:51    -2397.222611        0.112462
MDMin:  1147 20:09:53    -2397.222611        0.114614
MDMin:  1148 20:09:54    -2397.222611        0.116663
MDMin:  1149 20:09:55    -2397.222611        0.118621
MDMin:  1150 20:09:57    -2397.222611        0.120503
MDMin:  1151 20:09:58    -2397.222611        0.122324
MDMin:  1152 20:10:00    -2397.222611        0.124100
MDMin:  1153 20:10:03    -2397.222612        0.125849
MDMin:  1154 20:10:05    -2397.222612        0.127589
MDMin:  1155 20:10:06    -2397.222612        0.129340
MDMin:  1156 20:10:08    -2397.222612        0.131122
MDMin:  1157 20:10:11    -2397.222612        0.132956
MDMin:  1158 20:10:13    -2397.222612        0.134865
MDMin:  1159 20:10:15    -2397.222612        0.136871
MDMin:  1160 20:10:17    -2397.222612        0.138995
MDMin:  1161 20:10:18    -2397.222612        0.141261
MDMin:  1162 20:10:20    -2397.222612        0.143690
MDMin:  1163 20:10:22    -2397.222612        0.146306
MDMin:  1164 20:10:24    -2397.222613        0.149127
MDMin:  1165 20:10:26    -2397.222613        0.152175
MDMin:  1166 20:10:28    -2397.222613        0.155465
MDMin:  1167 20:10:30    -2397.222613        0.159010
MDMin:  1168 20:10:31    -2397.222613        0.162820
MDMin:  1169 20:10:32    -2397.222613        0.166897
MDMin:  1170 20:10:34    -2397.222613        0.171238
MDMin:  1171 20:10:36    -2397.222613        0.175829
MDMin:  1172 20:10:38    -2397.222613        0.180643
MDMin:  1173 20:10:40    -2397.222613        0.185639
MDMin:  1174 20:10:42    -2397.222613        0.190756
MDMin:  1175 20:10:44    -2397.222614        0.195905
MDMin:  1176 20:10:46    -2397.222614        0.200963
MDMin:  1177 20:10:48    -2397.222614        0.205758
MDMin:  1178 20:10:50    -2397.222614        0.210050
MDMin:  1179 20:10:52    -2397.222614        0.217671
MDMin:  1180 20:10:54    -2397.222614        0.257777
MDMin:  1181 20:10:55    -2397.222614        0.306521
MDMin:  1182 20:10:57    -2397.222614        0.367591
MDMin:  1183 20:10:58    -2397.222614        0.449186
MDMin:  1184 20:11:00    -2397.222614        0.579593
MDMin:  1185 20:11:03    -2397.222614        0.170016
MDMin:  1186 20:11:05    -2397.222614        0.183687
MDMin:  1187 20:11:06    -2397.222614        0.276196
MDMin:  1188 20:11:08    -2397.222614        0.505966
MDMin:  1189 20:11:10    -2397.222614        0.419161
MDMin:  1190 20:11:12    -2397.222614        0.298432
MDMin:  1191 20:11:14    -2397.222614        0.191047
MDMin:  1192 20:11:16    -2397.222614        0.139003
MDMin:  1193 20:11:18    -2397.222614        0.076134
MDMin:  1194 20:11:20    -2397.222614        0.099835
MDMin:  1195 20:11:22    -2397.222614        0.121757
MDMin:  1196 20:11:24    -2397.222614        0.140930
MDMin:  1197 20:11:25    -2397.222614        0.191614
MDMin:  1198 20:11:27    -2397.222614        0.256752
MDMin:  1199 20:11:29    -2397.222614        0.334529
MDMin:  1200 20:11:31    -2397.222614        0.434005
MDMin:  1201 20:11:33    -2397.222614        0.593448
MDMin:  1202 20:11:35    -2397.222614        0.414194
MDMin:  1203 20:11:37    -2397.222614        0.282411
MDMin:  1204 20:11:39    -2397.222614        0.148978
MDMin:  1205 20:11:41    -2397.222614        0.080254
MDMin:  1206 20:11:43    -2397.222614        0.174780
MDMin:  1207 20:11:45    -2397.222614        0.177634
MDMin:  1208 20:11:46    -2397.222614        0.184931
MDMin:  1209 20:11:48    -2397.222614        0.194641
MDMin:  1210 20:11:49    -2397.222614        0.204067
MDMin:  1211 20:11:50    -2397.222614        0.265458
MDMin:  1212 20:11:52    -2397.222614        0.348169
MDMin:  1213 20:11:54    -2397.222614        0.456161
MDMin:  1214 20:11:56    -2397.222614        0.788600
MDMin:  1215 20:11:57    -2397.222614        0.727956
MDMin:  1216 20:11:59    -2397.222614        0.677425
MDMin:  1217 20:12:00    -2397.222614        0.631643
MDMin:  1218 20:12:02    -2397.222614        0.588668
MDMin:  1219 20:12:04    -2397.222614        0.547679
MDMin:  1220 20:12:05    -2397.222614        0.508248
MDMin:  1221 20:12:07    -2397.222614        0.475365
MDMin:  1222 20:12:08    -2397.222614        0.466249
MDMin:  1223 20:12:10    -2397.222614        0.464131
MDMin:  1224 20:12:11    -2397.222614        0.458943
MDMin:  1225 20:12:13    -2397.222614        0.450868
MDMin:  1226 20:12:15    -2397.222614        0.440063
MDMin:  1227 20:12:17    -2397.222615        0.426664
MDMin:  1228 20:12:19    -2397.222615        0.410807
MDMin:  1229 20:12:21    -2397.222615        0.392624
MDMin:  1230 20:12:22    -2397.222615        0.372253
MDMin:  1231 20:12:23    -2397.222615        0.349833
MDMin:  1232 20:12:25    -2397.222615        0.325497
MDMin:  1233 20:12:26    -2397.222615        0.299372
MDMin:  1234 20:12:28    -2397.222615        0.271571
MDMin:  1235 20:12:30    -2397.222615        0.242189
MDMin:  1236 20:12:31    -2397.222615        0.211300
MDMin:  1237 20:12:32    -2397.222615        0.178950
MDMin:  1238 20:12:34    -2397.222615        0.145173
MDMin:  1239 20:12:36    -2397.222615        0.138933
MDMin:  1240 20:12:38    -2397.222615        0.133315
MDMin:  1241 20:12:40    -2397.222615        0.124753
MDMin:  1242 20:12:42    -2397.222615        0.113482
MDMin:  1243 20:12:44    -2397.222616        0.101372
MDMin:  1244 20:12:46    -2397.222616        0.090577
MDMin:  1245 20:12:48    -2397.222616        0.081619
MDMin:  1246 20:12:50    -2397.222616        0.078400
MDMin:  1247 20:12:52    -2397.222616        0.088343
MDMin:  1248 20:12:53    -2397.222616        0.096621
MDMin:  1249 20:12:54    -2397.222616        0.103747
MDMin:  1250 20:12:55    -2397.222616        0.110060
MDMin:  1251 20:12:57    -2397.222617        0.115785
MDMin:  1252 20:12:59    -2397.222617        0.121072
MDMin:  1253 20:13:01    -2397.222617        0.126014
MDMin:  1254 20:13:03    -2397.222617        0.130659
MDMin:  1255 20:13:06    -2397.222617        0.135018
MDMin:  1256 20:13:08    -2397.222617        0.139066
MDMin:  1257 20:13:09    -2397.222617        0.142739
MDMin:  1258 20:13:11    -2397.222617        0.145940
MDMin:  1259 20:13:12    -2397.222617        0.159913
MDMin:  1260 20:13:13    -2397.222617        0.186117
MDMin:  1261 20:13:15    -2397.222617        0.216193
MDMin:  1262 20:13:17    -2397.222617        0.250738
MDMin:  1263 20:13:19    -2397.222617        0.290663
MDMin:  1264 20:13:21    -2397.222618        0.337500
MDMin:  1265 20:13:23    -2397.222618        0.394324
MDMin:  1266 20:13:25    -2397.222618        0.469730
MDMin:  1267 20:13:27    -2397.222618        0.620269
MDMin:  1268 20:13:28    -2397.222618        0.621762
MDMin:  1269 20:13:31    -2397.222618        0.621743
MDMin:  1270 20:13:32    -2397.222618        0.617414
MDMin:  1271 20:13:33    -2397.222618        0.607730
MDMin:  1272 20:13:35    -2397.222618        0.593146
MDMin:  1273 20:13:37    -2397.222618        0.574693
MDMin:  1274 20:13:38    -2397.222618        0.553497
MDMin:  1275 20:13:40    -2397.222618        0.530577
MDMin:  1276 20:13:42    -2397.222618        0.506760
MDMin:  1277 20:13:44    -2397.222618        0.482671
MDMin:  1278 20:13:46    -2397.222618        0.458747
MDMin:  1279 20:13:48    -2397.222618        0.435274
MDMin:  1280 20:13:50    -2397.222618        0.412423
MDMin:  1281 20:13:52    -2397.222618        0.390293
MDMin:  1282 20:13:54    -2397.222618        0.371967
MDMin:  1283 20:13:56    -2397.222618        0.363907
MDMin:  1284 20:13:57    -2397.222618        0.355807
MDMin:  1285 20:13:59    -2397.222618        0.347582
MDMin:  1286 20:14:01    -2397.222619        0.339139
MDMin:  1287 20:14:03    -2397.222619        0.330380
MDMin:  1288 20:14:05    -2397.222619        0.321199
MDMin:  1289 20:14:07    -2397.222619        0.311479
MDMin:  1290 20:14:09    -2397.222619        0.301203
MDMin:  1291 20:14:10    -2397.222619        0.289532
MDMin:  1292 20:14:12    -2397.222619        0.273851
MDMin:  1293 20:14:13    -2397.222619        0.251261
MDMin:  1294 20:14:15    -2397.222619        0.220081
MDMin:  1295 20:14:17    -2397.222619        0.180316
MDMin:  1296 20:14:19    -2397.222619        0.147723
MDMin:  1297 20:14:20    -2397.222619        0.134851
MDMin:  1298 20:14:21    -2397.222619        0.137175
MDMin:  1299 20:14:22    -2397.222620        0.131987
MDMin:  1300 20:14:24    -2397.222620        0.131076
MDMin:  1301 20:14:26    -2397.222620        0.130159
MDMin:  1302 20:14:28    -2397.222620        0.132844
MDMin:  1303 20:14:29    -2397.222620        0.138549
MDMin:  1304 20:14:31    -2397.222620        0.144861
MDMin:  1305 20:14:32    -2397.222620        0.150095
MDMin:  1306 20:14:34    -2397.222620        0.153590
MDMin:  1307 20:14:36    -2397.222620        0.155302
MDMin:  1308 20:14:38    -2397.222620        0.155471
MDMin:  1309 20:14:40    -2397.222621        0.154418
MDMin:  1310 20:14:42    -2397.222621        0.152429
MDMin:  1311 20:14:44    -2397.222621        0.149720
MDMin:  1312 20:14:46    -2397.222621        0.146477
MDMin:  1313 20:14:48    -2397.222621        0.142905
MDMin:  1314 20:14:50    -2397.222621        0.139211
MDMin:  1315 20:14:52    -2397.222621        0.135563
MDMin:  1316 20:14:54    -2397.222621        0.132066
MDMin:  1317 20:14:55    -2397.222621        0.128770
MDMin:  1318 20:14:57    -2397.222622        0.125678
MDMin:  1319 20:14:58    -2397.222622        0.122769
MDMin:  1320 20:15:00    -2397.222622        0.120010
MDMin:  1321 20:15:02    -2397.222622        0.117368
MDMin:  1322 20:15:04    -2397.222622        0.114811
MDMin:  1323 20:15:06    -2397.222622        0.112317
MDMin:  1324 20:15:08    -2397.222622        0.109864
MDMin:  1325 20:15:10    -2397.222622        0.108036
MDMin:  1326 20:15:12    -2397.222623        0.106138
MDMin:  1327 20:15:14    -2397.222623        0.104143
MDMin:  1328 20:15:16    -2397.222623        0.102218
MDMin:  1329 20:15:18    -2397.222623        0.100943
MDMin:  1330 20:15:20    -2397.222623        0.100510
MDMin:  1331 20:15:21    -2397.222623        0.100014
MDMin:  1332 20:15:23    -2397.222623        0.099502
MDMin:  1333 20:15:24    -2397.222623        0.098977
MDMin:  1334 20:15:26    -2397.222623        0.098441
MDMin:  1335 20:15:27    -2397.222623        0.097894
MDMin:  1336 20:15:29    -2397.222623        0.097338
MDMin:  1337 20:15:31    -2397.222623        0.096773
MDMin:  1338 20:15:32    -2397.222623        0.096201
MDMin:  1339 20:15:34    -2397.222623        0.095623
MDMin:  1340 20:15:36    -2397.222623        0.095039
MDMin:  1341 20:15:38    -2397.222623        0.094453
MDMin:  1342 20:15:40    -2397.222623        0.093863
MDMin:  1343 20:15:42    -2397.222623        0.093273
MDMin:  1344 20:15:44    -2397.222623        0.092684
MDMin:  1345 20:15:46    -2397.222623        0.092097
MDMin:  1346 20:15:48    -2397.222623        0.091514
MDMin:  1347 20:15:50    -2397.222623        0.090936
MDMin:  1348 20:15:52    -2397.222624        0.090367
MDMin:  1349 20:15:54    -2397.222624        0.089807
MDMin:  1350 20:15:57    -2397.222624        0.089260
MDMin:  1351 20:15:58    -2397.222624        0.088728
MDMin:  1352 20:16:01    -2397.222624        0.088213
MDMin:  1353 20:16:03    -2397.222624        0.087718
MDMin:  1354 20:16:05    -2397.222624        0.087246
MDMin:  1355 20:16:07    -2397.222624        0.086801
MDMin:  1356 20:16:08    -2397.222624        0.086386
MDMin:  1357 20:16:11    -2397.222624        0.086004
MDMin:  1358 20:16:12    -2397.222624        0.085660
MDMin:  1359 20:16:14    -2397.222624        0.086078
MDMin:  1360 20:16:15    -2397.222624        0.086722
MDMin:  1361 20:16:17    -2397.222624        0.087367
MDMin:  1362 20:16:19    -2397.222624        0.088009
MDMin:  1363 20:16:21    -2397.222624        0.088649
MDMin:  1364 20:16:23    -2397.222624        0.089284
MDMin:  1365 20:16:25    -2397.222624        0.089910
MDMin:  1366 20:16:27    -2397.222624        0.090526
MDMin:  1367 20:16:29    -2397.222625        0.091125
MDMin:  1368 20:16:31    -2397.222625        0.091704
MDMin:  1369 20:16:33    -2397.222625        0.092256
MDMin:  1370 20:16:35    -2397.222625        0.092774
MDMin:  1371 20:16:37    -2397.222625        0.093249
MDMin:  1372 20:16:39    -2397.222625        0.093669
MDMin:  1373 20:16:40    -2397.222625        0.096673
MDMin:  1374 20:16:42    -2397.222625        0.100462
MDMin:  1375 20:16:44    -2397.222625        0.104799
MDMin:  1376 20:16:45    -2397.222625        0.109706
MDMin:  1377 20:16:47    -2397.222625        0.115199
MDMin:  1378 20:16:50    -2397.222625        0.121285
MDMin:  1379 20:16:52    -2397.222625        0.127961
MDMin:  1380 20:16:53    -2397.222625        0.135213
MDMin:  1381 20:16:54    -2397.222625        0.143015
MDMin:  1382 20:16:56    -2397.222625        0.151328
MDMin:  1383 20:16:57    -2397.222625        0.160096
MDMin:  1384 20:16:58    -2397.222626        0.169245
MDMin:  1385 20:17:00    -2397.222626        0.178681
MDMin:  1386 20:17:02    -2397.222626        0.188281
MDMin:  1387 20:17:03    -2397.222626        0.197891
MDMin:  1388 20:17:05    -2397.222626        0.207314
MDMin:  1389 20:17:06    -2397.222626        0.216301
MDMin:  1390 20:17:08    -2397.222626        0.224527
MDMin:  1391 20:17:09    -2397.222626        0.231570
MDMin:  1392 20:17:10    -2397.222626        0.236860
MDMin:  1393 20:17:12    -2397.222626        0.239603
MDMin:  1394 20:17:13    -2397.222626        0.238638
MDMin:  1395 20:17:15    -2397.222626        0.232160
MDMin:  1396 20:17:16    -2397.222626        0.217120
MDMin:  1397 20:17:17    -2397.222626        0.187948
MDMin:  1398 20:17:18    -2397.222626        0.135706
MDMin:  1399 20:17:20    -2397.222626        0.087384
MDMin:  1400 20:17:21    -2397.222626        0.083022
MDMin:  1401 20:17:23    -2397.222627        0.075111
MDMin:  1402 20:17:25    -2397.222627        0.068187
MDMin:  1403 20:17:26    -2397.222627        0.065743
MDMin:  1404 20:17:29    -2397.222627        0.064317
MDMin:  1405 20:17:30    -2397.222627        0.062551
MDMin:  1406 20:17:32    -2397.222627        0.060643
MDMin:  1407 20:17:34    -2397.222627        0.058575
MDMin:  1408 20:17:36    -2397.222627        0.056373
MDMin:  1409 20:17:39    -2397.222627        0.054066
MDMin:  1410 20:17:41    -2397.222627        0.051681
MDMin:  1411 20:17:43    -2397.222627        0.049247
       Step     Time          Energy          fmax
MDMin:    0 22:18:41    -2397.219187        0.148796
MDMin:    1 22:18:42    -2397.219187        0.148779
MDMin:    2 22:18:45    -2397.219188        0.148727
MDMin:    3 22:18:46    -2397.219188        0.148640
MDMin:    4 22:18:48    -2397.219188        0.148519
MDMin:    5 22:18:49    -2397.219189        0.148363
MDMin:    6 22:18:51    -2397.219190        0.148172
MDMin:    7 22:18:53    -2397.219191        0.147946
MDMin:    8 22:18:54    -2397.219192        0.147685
MDMin:    9 22:18:56    -2397.219193        0.147390
MDMin:   10 22:18:58    -2397.219194        0.147062
MDMin:   11 22:19:01    -2397.219195        0.146701
MDMin:   12 22:19:03    -2397.219197        0.146306
MDMin:   13 22:19:05    -2397.219199        0.145880
MDMin:   14 22:19:06    -2397.219201        0.145421
MDMin:   15 22:19:08    -2397.219203        0.144932
MDMin:   16 22:19:10    -2397.219205        0.144411
MDMin:   17 22:19:12    -2397.219207        0.143860
MDMin:   18 22:19:14    -2397.219210        0.143280
MDMin:   19 22:19:16    -2397.219212        0.142671
MDMin:   20 22:19:18    -2397.219215        0.142033
MDMin:   21 22:19:20    -2397.219218        0.141368
MDMin:   22 22:19:21    -2397.219221        0.140677
MDMin:   23 22:19:23    -2397.219224        0.139959
MDMin:   24 22:19:25    -2397.219228        0.139217
MDMin:   25 22:19:26    -2397.219231        0.138451
MDMin:   26 22:19:28    -2397.219235        0.137662
MDMin:   27 22:19:29    -2397.219239        0.136852
MDMin:   28 22:19:31    -2397.219243        0.136021
MDMin:   29 22:19:32    -2397.219248        0.135170
MDMin:   30 22:19:34    -2397.219252        0.134302
MDMin:   31 22:19:36    -2397.219257        0.133417
MDMin:   32 22:19:38    -2397.219262        0.132517
MDMin:   33 22:19:40    -2397.219267        0.131603
MDMin:   34 22:19:41    -2397.219272        0.130677
MDMin:   35 22:19:42    -2397.219278        0.129741
MDMin:   36 22:19:43    -2397.219284        0.128797
MDMin:   37 22:19:45    -2397.219290        0.127845
MDMin:   38 22:19:46    -2397.219296        0.126889
MDMin:   39 22:19:48    -2397.219303        0.125930
MDMin:   40 22:19:49    -2397.219309        0.124970
MDMin:   41 22:19:50    -2397.219316        0.124011
MDMin:   42 22:19:51    -2397.219323        0.123056
MDMin:   43 22:19:53    -2397.219331        0.122107
MDMin:   44 22:19:55    -2397.219338        0.121166
MDMin:   45 22:19:56    -2397.219346        0.120235
MDMin:   46 22:19:58    -2397.219355        0.119318
MDMin:   47 22:20:00    -2397.219363        0.118416
MDMin:   48 22:20:02    -2397.219372        0.117533
MDMin:   49 22:20:03    -2397.219381        0.116672
MDMin:   50 22:20:04    -2397.219390        0.115834
MDMin:   51 22:20:06    -2397.219399        0.115023
MDMin:   52 22:20:08    -2397.219409        0.114995
MDMin:   53 22:20:10    -2397.219419        0.115545
MDMin:   54 22:20:11    -2397.219429        0.116148
MDMin:   55 22:20:12    -2397.219440        0.116808
MDMin:   56 22:20:14    -2397.219450        0.117528
MDMin:   57 22:20:15    -2397.219461        0.118313
MDMin:   58 22:20:16    -2397.219473        0.119164
MDMin:   59 22:20:18    -2397.219484        0.120086
MDMin:   60 22:20:20    -2397.219496        0.121080
MDMin:   61 22:20:22    -2397.219508        0.122146
MDMin:   62 22:20:24    -2397.219520        0.123284
MDMin:   63 22:20:25    -2397.219533        0.124490
MDMin:   64 22:20:27    -2397.219545        0.125756
MDMin:   65 22:20:28    -2397.219558        0.127072
MDMin:   66 22:20:30    -2397.219572        0.128420
MDMin:   67 22:20:32    -2397.219585        0.129775
MDMin:   68 22:20:33    -2397.219599        0.131105
MDMin:   69 22:20:35    -2397.219612        0.132366
MDMin:   70 22:20:37    -2397.219627        0.133502
MDMin:   71 22:20:39    -2397.219641        0.134445
MDMin:   72 22:20:41    -2397.219655        0.135116
MDMin:   73 22:20:43    -2397.219670        0.135423
MDMin:   74 22:20:45    -2397.219685        0.135272
MDMin:   75 22:20:47    -2397.219700        0.134570
MDMin:   76 22:20:49    -2397.219715        0.133236
MDMin:   77 22:20:51    -2397.219730        0.131221
MDMin:   78 22:20:53    -2397.219746        0.128513
MDMin:   79 22:20:55    -2397.219762        0.125153
MDMin:   80 22:20:56    -2397.219778        0.121239
MDMin:   81 22:20:58    -2397.219794        0.119526
MDMin:   82 22:21:00    -2397.219811        0.121330
MDMin:   83 22:21:01    -2397.219828        0.123311
MDMin:   84 22:21:02    -2397.219845        0.125475
MDMin:   85 22:21:04    -2397.219862        0.127834
MDMin:   86 22:21:06    -2397.219879        0.130394
MDMin:   87 22:21:07    -2397.219897        0.133166
MDMin:   88 22:21:09    -2397.219915        0.136158
MDMin:   89 22:21:11    -2397.219933        0.139380
MDMin:   90 22:21:13    -2397.219951        0.142842
MDMin:   91 22:21:15    -2397.219969        0.146556
MDMin:   92 22:21:17    -2397.219987        0.150533
MDMin:   93 22:21:19    -2397.220006        0.154786
MDMin:   94 22:21:21    -2397.220024        0.159330
MDMin:   95 22:21:23    -2397.220043        0.164180
MDMin:   96 22:21:26    -2397.220061        0.169351
MDMin:   97 22:21:28    -2397.220080        0.174861
MDMin:   98 22:21:30    -2397.220098        0.180727
MDMin:   99 22:21:32    -2397.220117        0.186968
MDMin:  100 22:21:34    -2397.220135        0.193603
MDMin:  101 22:21:35    -2397.220153        0.200650
MDMin:  102 22:21:37    -2397.220171        0.208127
MDMin:  103 22:21:39    -2397.220189        0.216052
MDMin:  104 22:21:40    -2397.220207        0.224441
MDMin:  105 22:21:42    -2397.220224        0.233311
MDMin:  106 22:21:43    -2397.220241        0.242673
MDMin:  107 22:21:45    -2397.220258        0.252540
MDMin:  108 22:21:46    -2397.220275        0.262920
MDMin:  109 22:21:48    -2397.220291        0.273820
MDMin:  110 22:21:50    -2397.220308        0.285244
MDMin:  111 22:21:51    -2397.220323        0.297194
MDMin:  112 22:21:53    -2397.220339        0.309666
MDMin:  113 22:21:54    -2397.220354        0.322655
MDMin:  114 22:21:56    -2397.220369        0.336151
MDMin:  115 22:21:58    -2397.220383        0.350133
MDMin:  116 22:22:00    -2397.220398        0.364564
MDMin:  117 22:22:02    -2397.220411        0.379378
MDMin:  118 22:22:04    -2397.220425        0.394465
MDMin:  119 22:22:06    -2397.220438        0.409652
MDMin:  120 22:22:08    -2397.220450        0.424709
MDMin:  121 22:22:09    -2397.220461        0.439397
MDMin:  122 22:22:12    -2397.220472        0.453583
MDMin:  123 22:22:14    -2397.220482        0.467291
MDMin:  124 22:22:16    -2397.220492        0.480628
MDMin:  125 22:22:18    -2397.220501        0.493686
MDMin:  126 22:22:19    -2397.220510        0.506489
MDMin:  127 22:22:21    -2397.220520        0.518996
MDMin:  128 22:22:23    -2397.220529        0.531119
MDMin:  129 22:22:25    -2397.220538        0.542741
MDMin:  130 22:22:27    -2397.220546        0.553729
MDMin:  131 22:22:28    -2397.220555        0.563943
MDMin:  132 22:22:30    -2397.220564        0.573242
MDMin:  133 22:22:31    -2397.220573        0.581491
MDMin:  134 22:22:33    -2397.220581        0.588567
MDMin:  135 22:22:34    -2397.220590        0.594362
MDMin:  136 22:22:36    -2397.220599        0.598789
MDMin:  137 22:22:37    -2397.220607        0.601781
MDMin:  138 22:22:39    -2397.220616        0.603292
MDMin:  139 22:22:40    -2397.220625        0.603296
MDMin:  140 22:22:42    -2397.220633        0.601778
MDMin:  141 22:22:43    -2397.220642        0.598729
MDMin:  142 22:22:45    -2397.220651        0.594132
MDMin:  143 22:22:47    -2397.220660        0.587949
MDMin:  144 22:22:49    -2397.220669        0.580129
MDMin:  145 22:22:51    -2397.220678        0.570588
MDMin:  146 22:22:52    -2397.220688        0.559198
MDMin:  147 22:22:53    -2397.220698        0.545790
MDMin:  148 22:22:55    -2397.220708        0.530165
MDMin:  149 22:22:56    -2397.220718        0.512103
MDMin:  150 22:22:58    -2397.220728        0.491385
MDMin:  151 22:22:59    -2397.220739        0.467821
MDMin:  152 22:23:01    -2397.220751        0.441294
MDMin:  153 22:23:03    -2397.220763        0.411811
MDMin:  154 22:23:05    -2397.220776        0.379559
MDMin:  155 22:23:06    -2397.220789        0.344961
MDMin:  156 22:23:08    -2397.220803        0.308716
MDMin:  157 22:23:10    -2397.220819        0.271804
MDMin:  158 22:23:12    -2397.220835        0.243933
MDMin:  159 22:23:14    -2397.220852        0.234354
MDMin:  160 22:23:16    -2397.220870        0.223124
MDMin:  161 22:23:17    -2397.220890        0.210656
MDMin:  162 22:23:19    -2397.220910        0.197519
MDMin:  163 22:23:21    -2397.220931        0.184759
MDMin:  164 22:23:23    -2397.220944        0.253199
MDMin:  165 22:23:25    -2397.220945        0.203486
MDMin:  166 22:23:26    -2397.220946        0.175897
MDMin:  167 22:23:28    -2397.220947        0.175116
MDMin:  168 22:23:30    -2397.220949        0.174184
MDMin:  169 22:23:32    -2397.220951        0.173127
MDMin:  170 22:23:34    -2397.220953        0.171977
MDMin:  171 22:23:35    -2397.220955        0.170753
MDMin:  172 22:23:36    -2397.220958        0.169464
MDMin:  173 22:23:38    -2397.220960        0.168115
MDMin:  174 22:23:40    -2397.220963        0.166709
MDMin:  175 22:23:42    -2397.220966        0.165249
MDMin:  176 22:23:45    -2397.220969        0.163738
MDMin:  177 22:23:47    -2397.220972        0.162178
MDMin:  178 22:23:49    -2397.220976        0.160572
MDMin:  179 22:23:51    -2397.220979        0.158925
MDMin:  180 22:23:52    -2397.220983        0.157240
MDMin:  181 22:23:54    -2397.220987        0.155636
MDMin:  182 22:23:56    -2397.220991        0.155032
MDMin:  183 22:23:58    -2397.220995        0.154410
MDMin:  184 22:24:00    -2397.220999        0.153772
MDMin:  185 22:24:02    -2397.221003        0.153120
MDMin:  186 22:24:04    -2397.221008        0.152455
MDMin:  187 22:24:06    -2397.221013        0.151779
MDMin:  188 22:24:08    -2397.221017        0.151096
MDMin:  189 22:24:10    -2397.221022        0.150408
MDMin:  190 22:24:12    -2397.221027        0.149718
MDMin:  191 22:24:14    -2397.221033        0.149029
MDMin:  192 22:24:16    -2397.221038        0.148345
MDMin:  193 22:24:18    -2397.221044        0.147670
MDMin:  194 22:24:20    -2397.221050        0.147007
MDMin:  195 22:24:22    -2397.221056        0.146362
MDMin:  196 22:24:23    -2397.221062        0.145738
MDMin:  197 22:24:26    -2397.221068        0.145142
MDMin:  198 22:24:27    -2397.221074        0.144578
MDMin:  199 22:24:29    -2397.221081        0.144052
MDMin:  200 22:24:30    -2397.221087        0.143569
MDMin:  201 22:24:31    -2397.221094        0.143135
MDMin:  202 22:24:33    -2397.221101        0.142756
MDMin:  203 22:24:35    -2397.221108        0.142438
MDMin:  204 22:24:37    -2397.221115        0.142185
MDMin:  205 22:24:39    -2397.221123        0.142003
MDMin:  206 22:24:41    -2397.221130        0.141895
MDMin:  207 22:24:43    -2397.221138        0.141864
MDMin:  208 22:24:44    -2397.221145        0.141910
MDMin:  209 22:24:46    -2397.221153        0.142031
MDMin:  210 22:24:48    -2397.221161        0.142220
MDMin:  211 22:24:50    -2397.221169        0.142468
MDMin:  212 22:24:52    -2397.221177        0.142758
MDMin:  213 22:24:54    -2397.221185        0.143063
MDMin:  214 22:24:56    -2397.221194        0.143352
MDMin:  215 22:24:58    -2397.221202        0.143576
MDMin:  216 22:24:59    -2397.221211        0.143678
MDMin:  217 22:25:01    -2397.221219        0.143586
MDMin:  218 22:25:03    -2397.221228        0.143212
MDMin:  219 22:25:04    -2397.221237        0.142461
MDMin:  220 22:25:06    -2397.221245        0.141230
MDMin:  221 22:25:08    -2397.221254        0.139418
MDMin:  222 22:25:11    -2397.221263        0.136942
MDMin:  223 22:25:12    -2397.221273        0.133750
MDMin:  224 22:25:14    -2397.221282        0.129837
MDMin:  225 22:25:16    -2397.221291        0.125262
MDMin:  226 22:25:17    -2397.221301        0.120147
MDMin:  227 22:25:19    -2397.221311        0.114672
MDMin:  228 22:25:21    -2397.221320        0.109048
MDMin:  229 22:25:23    -2397.221330        0.103490
MDMin:  230 22:25:26    -2397.221341        0.098177
MDMin:  231 22:25:28    -2397.221351        0.093241
MDMin:  232 22:25:30    -2397.221361        0.088752
MDMin:  233 22:25:32    -2397.221372        0.084733
MDMin:  234 22:25:34    -2397.221383        0.082669
MDMin:  235 22:25:36    -2397.221393        0.081399
MDMin:  236 22:25:38    -2397.221404        0.081769
MDMin:  237 22:25:40    -2397.221415        0.082124
MDMin:  238 22:25:42    -2397.221426        0.082464
MDMin:  239 22:25:44    -2397.221438        0.082789
MDMin:  240 22:25:46    -2397.221449        0.083099
MDMin:  241 22:25:48    -2397.221460        0.083391
MDMin:  242 22:25:49    -2397.221472        0.083665
MDMin:  243 22:25:51    -2397.221483        0.083914
MDMin:  244 22:25:53    -2397.221494        0.084134
MDMin:  245 22:25:54    -2397.221506        0.084318
MDMin:  246 22:25:56    -2397.221518        0.084463
MDMin:  247 22:25:58    -2397.221529        0.084562
MDMin:  248 22:26:00    -2397.221541        0.084607
MDMin:  249 22:26:01    -2397.221552        0.084592
MDMin:  250 22:26:03    -2397.221563        0.101673
MDMin:  251 22:26:05    -2397.221568        0.095225
MDMin:  252 22:26:08    -2397.221571        0.084416
MDMin:  253 22:26:10    -2397.221573        0.084376
MDMin:  254 22:26:11    -2397.221576        0.084330
MDMin:  255 22:26:13    -2397.221578        0.084279
MDMin:  256 22:26:14    -2397.221581        0.084222
MDMin:  257 22:26:16    -2397.221584        0.084158
MDMin:  258 22:26:18    -2397.221587        0.084087
MDMin:  259 22:26:20    -2397.221590        0.084009
MDMin:  260 22:26:22    -2397.221593        0.083922
MDMin:  261 22:26:24    -2397.221596        0.083826
MDMin:  262 22:26:26    -2397.221599        0.083721
MDMin:  263 22:26:28    -2397.221603        0.083605
MDMin:  264 22:26:30    -2397.221606        0.083478
MDMin:  265 22:26:32    -2397.221610        0.083340
MDMin:  266 22:26:33    -2397.221613        0.083190
MDMin:  267 22:26:34    -2397.221617        0.083027
MDMin:  268 22:26:36    -2397.221621        0.082849
MDMin:  269 22:26:37    -2397.221624        0.082658
MDMin:  270 22:26:38    -2397.221628        0.082451
MDMin:  271 22:26:40    -2397.221632        0.082228
MDMin:  272 22:26:43    -2397.221636        0.081988
MDMin:  273 22:26:45    -2397.221640        0.081731
MDMin:  274 22:26:46    -2397.221644        0.081456
MDMin:  275 22:26:48    -2397.221649        0.081161
MDMin:  276 22:26:50    -2397.221653        0.080847
MDMin:  277 22:26:52    -2397.221657        0.080512
MDMin:  278 22:26:55    -2397.221662        0.080156
MDMin:  279 22:26:56    -2397.221666        0.079779
MDMin:  280 22:26:57    -2397.221671        0.079379
MDMin:  281 22:26:58    -2397.221676        0.078955
MDMin:  282 22:27:00    -2397.221680        0.078508
MDMin:  283 22:27:02    -2397.221685        0.078037
MDMin:  284 22:27:04    -2397.221690        0.077542
MDMin:  285 22:27:06    -2397.221695        0.077021
MDMin:  286 22:27:08    -2397.221700        0.076475
MDMin:  287 22:27:10    -2397.221705        0.075903
MDMin:  288 22:27:12    -2397.221710        0.075306
MDMin:  289 22:27:13    -2397.221715        0.074682
MDMin:  290 22:27:15    -2397.221721        0.074033
MDMin:  291 22:27:17    -2397.221726        0.073357
MDMin:  292 22:27:19    -2397.221731        0.072655
MDMin:  293 22:27:20    -2397.221737        0.071927
MDMin:  294 22:27:21    -2397.221742        0.071174
MDMin:  295 22:27:23    -2397.221748        0.070396
MDMin:  296 22:27:25    -2397.221753        0.069593
MDMin:  297 22:27:27    -2397.221759        0.068765
MDMin:  298 22:27:29    -2397.221764        0.067914
MDMin:  299 22:27:30    -2397.221770        0.067040
MDMin:  300 22:27:31    -2397.221776        0.066144
MDMin:  301 22:27:33    -2397.221782        0.065227
MDMin:  302 22:27:34    -2397.221788        0.064289
MDMin:  303 22:27:35    -2397.221794        0.063911
MDMin:  304 22:27:37    -2397.221800        0.064024
MDMin:  305 22:27:39    -2397.221806        0.064135
MDMin:  306 22:27:41    -2397.221812        0.064243
MDMin:  307 22:27:42    -2397.221818        0.064348
MDMin:  308 22:27:44    -2397.221824        0.064448
MDMin:  309 22:27:46    -2397.221831        0.064543
MDMin:  310 22:27:48    -2397.221837        0.064631
MDMin:  311 22:27:50    -2397.221843        0.064713
MDMin:  312 22:27:52    -2397.221850        0.064787
MDMin:  313 22:27:54    -2397.221856        0.064853
MDMin:  314 22:27:56    -2397.221863        0.064910
MDMin:  315 22:27:57    -2397.221869        0.064958
MDMin:  316 22:27:59    -2397.221876        0.064995
MDMin:  317 22:28:00    -2397.221882        0.065021
MDMin:  318 22:28:02    -2397.221889        0.065037
MDMin:  319 22:28:04    -2397.221896        0.065041
MDMin:  320 22:28:06    -2397.221903        0.065033
MDMin:  321 22:28:08    -2397.221909        0.065014
MDMin:  322 22:28:10    -2397.221916        0.064982
MDMin:  323 22:28:12    -2397.221923        0.064938
MDMin:  324 22:28:13    -2397.221930        0.064882
MDMin:  325 22:28:15    -2397.221937        0.064814
MDMin:  326 22:28:16    -2397.221944        0.064735
MDMin:  327 22:28:18    -2397.221951        0.064645
MDMin:  328 22:28:20    -2397.221958        0.064547
MDMin:  329 22:28:21    -2397.221963        0.080816
MDMin:  330 22:28:23    -2397.221965        0.064422
MDMin:  331 22:28:25    -2397.221967        0.064385
MDMin:  332 22:28:27    -2397.221969        0.064347
MDMin:  333 22:28:28    -2397.221972        0.064307
MDMin:  334 22:28:31    -2397.221974        0.064265
MDMin:  335 22:28:33    -2397.221976        0.064222
MDMin:  336 22:28:34    -2397.221978        0.064178
MDMin:  337 22:28:36    -2397.221980        0.064133
MDMin:  338 22:28:37    -2397.221983        0.064086
MDMin:  339 22:28:39    -2397.221985        0.064037
MDMin:  340 22:28:41    -2397.221988        0.063988
MDMin:  341 22:28:43    -2397.221990        0.063937
MDMin:  342 22:28:45    -2397.221993        0.063885
MDMin:  343 22:28:47    -2397.221995        0.063831
MDMin:  344 22:28:49    -2397.221998        0.063777
MDMin:  345 22:28:51    -2397.222001        0.063721
MDMin:  346 22:28:53    -2397.222004        0.063665
MDMin:  347 22:28:55    -2397.222006        0.063607
MDMin:  348 22:28:57    -2397.222009        0.063549
MDMin:  349 22:28:58    -2397.222012        0.063490
MDMin:  350 22:29:00    -2397.222015        0.063431
MDMin:  351 22:29:03    -2397.222018        0.063371
MDMin:  352 22:29:05    -2397.222021        0.063311
MDMin:  353 22:29:07    -2397.222024        0.063252
MDMin:  354 22:29:09    -2397.222027        0.063193
MDMin:  355 22:29:11    -2397.222031        0.063135
MDMin:  356 22:29:13    -2397.222034        0.063079
MDMin:  357 22:29:15    -2397.222037        0.063024
MDMin:  358 22:29:17    -2397.222041        0.062970
MDMin:  359 22:29:19    -2397.222044        0.062920
MDMin:  360 22:29:21    -2397.222047        0.062872
MDMin:  361 22:29:22    -2397.222051        0.062828
MDMin:  362 22:29:23    -2397.222054        0.062788
MDMin:  363 22:29:25    -2397.222058        0.062753
MDMin:  364 22:29:26    -2397.222062        0.062723
MDMin:  365 22:29:28    -2397.222065        0.062700
MDMin:  366 22:29:29    -2397.222069        0.062684
MDMin:  367 22:29:31    -2397.222073        0.062676
MDMin:  368 22:29:33    -2397.222076        0.062678
MDMin:  369 22:29:35    -2397.222080        0.062689
MDMin:  370 22:29:37    -2397.222084        0.062713
MDMin:  371 22:29:40    -2397.222088        0.062749
MDMin:  372 22:29:42    -2397.222092        0.062799
MDMin:  373 22:29:44    -2397.222096        0.062866
MDMin:  374 22:29:46    -2397.222099        0.062949
MDMin:  375 22:29:48    -2397.222103        0.063053
MDMin:  376 22:29:50    -2397.222107        0.063177
MDMin:  377 22:29:51    -2397.222111        0.063324
MDMin:  378 22:29:53    -2397.222115        0.063498
MDMin:  379 22:29:55    -2397.222119        0.063699
MDMin:  380 22:29:57    -2397.222124        0.063931
MDMin:  381 22:29:59    -2397.222128        0.064196
MDMin:  382 22:30:00    -2397.222132        0.064497
MDMin:  383 22:30:02    -2397.222136        0.064838
MDMin:  384 22:30:03    -2397.222140        0.065221
MDMin:  385 22:30:05    -2397.222144        0.065650
MDMin:  386 22:30:07    -2397.222148        0.066129
MDMin:  387 22:30:09    -2397.222152        0.066661
MDMin:  388 22:30:10    -2397.222157        0.067250
MDMin:  389 22:30:12    -2397.222161        0.067899
MDMin:  390 22:30:14    -2397.222165        0.068611
MDMin:  391 22:30:16    -2397.222169        0.069389
MDMin:  392 22:30:18    -2397.222173        0.070235
MDMin:  393 22:30:20    -2397.222177        0.071151
MDMin:  394 22:30:23    -2397.222181        0.072135
MDMin:  395 22:30:25    -2397.222186        0.073187
MDMin:  396 22:30:27    -2397.222190        0.074300
MDMin:  397 22:30:29    -2397.222194        0.075468
MDMin:  398 22:30:31    -2397.222198        0.076678
MDMin:  399 22:30:32    -2397.222202        0.077913
MDMin:  400 22:30:34    -2397.222206        0.079148
MDMin:  401 22:30:36    -2397.222210        0.080350
MDMin:  402 22:30:39    -2397.222213        0.081453
MDMin:  403 22:30:41    -2397.222217        0.082322
MDMin:  404 22:30:43    -2397.222219        0.082809
MDMin:  405 22:30:45    -2397.222220        0.083117
MDMin:  406 22:30:47    -2397.222221        0.083401
MDMin:  407 22:30:49    -2397.222223        0.083664
MDMin:  408 22:30:50    -2397.222224        0.083902
MDMin:  409 22:30:52    -2397.222225        0.084111
MDMin:  410 22:30:54    -2397.222227        0.084286
MDMin:  411 22:30:55    -2397.222228        0.084420
MDMin:  412 22:30:57    -2397.222230        0.084508
MDMin:  413 22:30:59    -2397.222231        0.084544
MDMin:  414 22:31:01    -2397.222233        0.084520
MDMin:  415 22:31:02    -2397.222235        0.084432
MDMin:  416 22:31:04    -2397.222236        0.084273
MDMin:  417 22:31:06    -2397.222238        0.084037
MDMin:  418 22:31:08    -2397.222239        0.083720
MDMin:  419 22:31:10    -2397.222241        0.083317
MDMin:  420 22:31:11    -2397.222243        0.082825
MDMin:  421 22:31:13    -2397.222245        0.082242
MDMin:  422 22:31:14    -2397.222246        0.081568
MDMin:  423 22:31:16    -2397.222248        0.080805
MDMin:  424 22:31:17    -2397.222250        0.079955
MDMin:  425 22:31:19    -2397.222252        0.079023
MDMin:  426 22:31:21    -2397.222254        0.078017
MDMin:  427 22:31:23    -2397.222255        0.076946
MDMin:  428 22:31:25    -2397.222257        0.075818
MDMin:  429 22:31:27    -2397.222259        0.074647
MDMin:  430 22:31:28    -2397.222261        0.073442
MDMin:  431 22:31:29    -2397.222263        0.072218
MDMin:  432 22:31:31    -2397.222265        0.070985
MDMin:  433 22:31:32    -2397.222267        0.069755
MDMin:  434 22:31:34    -2397.222269        0.068538
MDMin:  435 22:31:36    -2397.222271        0.067343
MDMin:  436 22:31:38    -2397.222273        0.066178
MDMin:  437 22:31:40    -2397.222275        0.065048
MDMin:  438 22:31:41    -2397.222277        0.063958
MDMin:  439 22:31:42    -2397.222280        0.062910
MDMin:  440 22:31:44    -2397.222282        0.061907
MDMin:  441 22:31:46    -2397.222284        0.060949
MDMin:  442 22:31:47    -2397.222286        0.060035
MDMin:  443 22:31:49    -2397.222288        0.059165
MDMin:  444 22:31:51    -2397.222290        0.058337
MDMin:  445 22:31:53    -2397.222293        0.058130
MDMin:  446 22:31:55    -2397.222295        0.058549
MDMin:  447 22:31:56    -2397.222297        0.058967
MDMin:  448 22:31:58    -2397.222299        0.059386
MDMin:  449 22:32:00    -2397.222301        0.059804
MDMin:  450 22:32:02    -2397.222304        0.060222
MDMin:  451 22:32:03    -2397.222306        0.060640
MDMin:  452 22:32:05    -2397.222308        0.061056
MDMin:  453 22:32:07    -2397.222310        0.061471
MDMin:  454 22:32:09    -2397.222313        0.061884
MDMin:  455 22:32:12    -2397.222315        0.062295
MDMin:  456 22:32:13    -2397.222317        0.062702
MDMin:  457 22:32:15    -2397.222320        0.063107
MDMin:  458 22:32:16    -2397.222322        0.063506
MDMin:  459 22:32:18    -2397.222324        0.063901
MDMin:  460 22:32:19    -2397.222327        0.064289
MDMin:  461 22:32:21    -2397.222329        0.064671
MDMin:  462 22:32:23    -2397.222331        0.065045
MDMin:  463 22:32:25    -2397.222334        0.065409
MDMin:  464 22:32:27    -2397.222336        0.065763
MDMin:  465 22:32:29    -2397.222339        0.066106
MDMin:  466 22:32:31    -2397.222341        0.066436
MDMin:  467 22:32:34    -2397.222343        0.066752
MDMin:  468 22:32:36    -2397.222346        0.067053
MDMin:  469 22:32:38    -2397.222348        0.067336
MDMin:  470 22:32:40    -2397.222351        0.067602
MDMin:  471 22:32:42    -2397.222353        0.067847
MDMin:  472 22:32:43    -2397.222355        0.068071
MDMin:  473 22:32:44    -2397.222358        0.068273
MDMin:  474 22:32:46    -2397.222360        0.068450
MDMin:  475 22:32:48    -2397.222362        0.068601
MDMin:  476 22:32:50    -2397.222365        0.068724
MDMin:  477 22:32:52    -2397.222367        0.068819
MDMin:  478 22:32:54    -2397.222370        0.068883
MDMin:  479 22:32:56    -2397.222372        0.068916
MDMin:  480 22:32:58    -2397.222374        0.068916
MDMin:  481 22:33:00    -2397.222377        0.068884
MDMin:  482 22:33:02    -2397.222378        0.076844
MDMin:  483 22:33:03    -2397.222379        0.068798
MDMin:  484 22:33:05    -2397.222380        0.068762
MDMin:  485 22:33:07    -2397.222381        0.068720
MDMin:  486 22:33:09    -2397.222382        0.068674
MDMin:  487 22:33:12    -2397.222383        0.068621
MDMin:  488 22:33:14    -2397.222384        0.068561
MDMin:  489 22:33:15    -2397.222385        0.068495
MDMin:  490 22:33:17    -2397.222385        0.068422
MDMin:  491 22:33:19    -2397.222386        0.068341
MDMin:  492 22:33:21    -2397.222387        0.068252
MDMin:  493 22:33:23    -2397.222388        0.068155
MDMin:  494 22:33:25    -2397.222389        0.068049
MDMin:  495 22:33:27    -2397.222390        0.067934
MDMin:  496 22:33:29    -2397.222391        0.067809
MDMin:  497 22:33:30    -2397.222393        0.067674
MDMin:  498 22:33:32    -2397.222394        0.067529
MDMin:  499 22:33:35    -2397.222395        0.067374
MDMin:  500 22:33:36    -2397.222396        0.067207
MDMin:  501 22:33:38    -2397.222397        0.067029
MDMin:  502 22:33:41    -2397.222398        0.066840
MDMin:  503 22:33:43    -2397.222399        0.066638
MDMin:  504 22:33:45    -2397.222400        0.066424
MDMin:  505 22:33:47    -2397.222401        0.066197
MDMin:  506 22:33:48    -2397.222403        0.065957
MDMin:  507 22:33:49    -2397.222404        0.065703
MDMin:  508 22:33:51    -2397.222405        0.065436
MDMin:  509 22:33:52    -2397.222406        0.065155
MDMin:  510 22:33:53    -2397.222408        0.064860
MDMin:  511 22:33:55    -2397.222409        0.064551
MDMin:  512 22:33:56    -2397.222410        0.064227
MDMin:  513 22:33:58    -2397.222411        0.063889
MDMin:  514 22:33:59    -2397.222413        0.063535
MDMin:  515 22:34:00    -2397.222414        0.063167
MDMin:  516 22:34:02    -2397.222415        0.062783
MDMin:  517 22:34:03    -2397.222417        0.062385
MDMin:  518 22:34:05    -2397.222418        0.061971
MDMin:  519 22:34:08    -2397.222419        0.061541
MDMin:  520 22:34:09    -2397.222421        0.061097
MDMin:  521 22:34:11    -2397.222422        0.061251
MDMin:  522 22:34:13    -2397.222423        0.061597
MDMin:  523 22:34:15    -2397.222425        0.061945
MDMin:  524 22:34:17    -2397.222426        0.062296
MDMin:  525 22:34:19    -2397.222427        0.062649
MDMin:  526 22:34:21    -2397.222429        0.063004
MDMin:  527 22:34:23    -2397.222430        0.063361
MDMin:  528 22:34:25    -2397.222432        0.063720
MDMin:  529 22:34:27    -2397.222433        0.064081
MDMin:  530 22:34:29    -2397.222435        0.064444
MDMin:  531 22:34:31    -2397.222436        0.064809
MDMin:  532 22:34:33    -2397.222438        0.065176
MDMin:  533 22:34:34    -2397.222439        0.065547
MDMin:  534 22:34:36    -2397.222440        0.065920
MDMin:  535 22:34:37    -2397.222442        0.066297
MDMin:  536 22:34:39    -2397.222443        0.066677
MDMin:  537 22:34:41    -2397.222445        0.067062
MDMin:  538 22:34:42    -2397.222446        0.067452
MDMin:  539 22:34:44    -2397.222448        0.067848
MDMin:  540 22:34:47    -2397.222449        0.068250
MDMin:  541 22:34:49    -2397.222451        0.068660
MDMin:  542 22:34:51    -2397.222453        0.069079
MDMin:  543 22:34:53    -2397.222454        0.069508
MDMin:  544 22:34:55    -2397.222456        0.069947
MDMin:  545 22:34:57    -2397.222457        0.070399
MDMin:  546 22:34:59    -2397.222459        0.070865
MDMin:  547 22:35:00    -2397.222460        0.071347
MDMin:  548 22:35:02    -2397.222462        0.071846
MDMin:  549 22:35:03    -2397.222463        0.072363
MDMin:  550 22:35:05    -2397.222465        0.072895
MDMin:  551 22:35:06    -2397.222466        0.073417
MDMin:  552 22:35:08    -2397.222468        0.080644
MDMin:  553 22:35:09    -2397.222468        0.074047
MDMin:  554 22:35:11    -2397.222469        0.074236
MDMin:  555 22:35:13    -2397.222469        0.074432
MDMin:  556 22:35:15    -2397.222470        0.074637
MDMin:  557 22:35:16    -2397.222470        0.074849
MDMin:  558 22:35:18    -2397.222471        0.075071
MDMin:  559 22:35:21    -2397.222471        0.075301
MDMin:  560 22:35:23    -2397.222472        0.075540
MDMin:  561 22:35:24    -2397.222473        0.075790
MDMin:  562 22:35:25    -2397.222473        0.076049
MDMin:  563 22:35:27    -2397.222474        0.076318
MDMin:  564 22:35:29    -2397.222474        0.076599
MDMin:  565 22:35:30    -2397.222475        0.076890
MDMin:  566 22:35:31    -2397.222476        0.077193
MDMin:  567 22:35:32    -2397.222476        0.077509
MDMin:  568 22:35:34    -2397.222477        0.077837
MDMin:  569 22:35:36    -2397.222478        0.078178
MDMin:  570 22:35:38    -2397.222478        0.078532
MDMin:  571 22:35:40    -2397.222479        0.078901
MDMin:  572 22:35:42    -2397.222480        0.079284
MDMin:  573 22:35:44    -2397.222481        0.079683
MDMin:  574 22:35:46    -2397.222481        0.080097
MDMin:  575 22:35:48    -2397.222482        0.080527
MDMin:  576 22:35:50    -2397.222483        0.080975
MDMin:  577 22:35:52    -2397.222483        0.081440
MDMin:  578 22:35:53    -2397.222484        0.081922
MDMin:  579 22:35:54    -2397.222485        0.082424
MDMin:  580 22:35:56    -2397.222486        0.082944
MDMin:  581 22:35:58    -2397.222487        0.083485
MDMin:  582 22:36:00    -2397.222487        0.084045
MDMin:  583 22:36:02    -2397.222488        0.084627
MDMin:  584 22:36:03    -2397.222489        0.085230
MDMin:  585 22:36:05    -2397.222490        0.085854
MDMin:  586 22:36:07    -2397.222491        0.086501
MDMin:  587 22:36:09    -2397.222492        0.087171
MDMin:  588 22:36:11    -2397.222492        0.087864
MDMin:  589 22:36:13    -2397.222493        0.088580
MDMin:  590 22:36:15    -2397.222494        0.089321
MDMin:  591 22:36:17    -2397.222495        0.090085
MDMin:  592 22:36:18    -2397.222496        0.090874
MDMin:  593 22:36:20    -2397.222497        0.091687
MDMin:  594 22:36:22    -2397.222498        0.092525
MDMin:  595 22:36:24    -2397.222498        0.093388
MDMin:  596 22:36:26    -2397.222499        0.094275
MDMin:  597 22:36:28    -2397.222500        0.095188
MDMin:  598 22:36:29    -2397.222501        0.096125
MDMin:  599 22:36:30    -2397.222502        0.097088
MDMin:  600 22:36:32    -2397.222503        0.098075
MDMin:  601 22:36:34    -2397.222504        0.099087
MDMin:  602 22:36:37    -2397.222505        0.100123
MDMin:  603 22:36:39    -2397.222506        0.101185
MDMin:  604 22:36:41    -2397.222506        0.102273
MDMin:  605 22:36:43    -2397.222507        0.103386
MDMin:  606 22:36:44    -2397.222508        0.104525
MDMin:  607 22:36:46    -2397.222509        0.105691
MDMin:  608 22:36:47    -2397.222510        0.106886
MDMin:  609 22:36:49    -2397.222511        0.108110
MDMin:  610 22:36:51    -2397.222512        0.109366
MDMin:  611 22:36:52    -2397.222513        0.110654
MDMin:  612 22:36:54    -2397.222514        0.111979
MDMin:  613 22:36:55    -2397.222514        0.113343
MDMin:  614 22:36:57    -2397.222515        0.114749
MDMin:  615 22:36:58    -2397.222516        0.116202
MDMin:  616 22:37:00    -2397.222517        0.117706
MDMin:  617 22:37:03    -2397.222518        0.119268
MDMin:  618 22:37:04    -2397.222519        0.120894
MDMin:  619 22:37:06    -2397.222520        0.122590
MDMin:  620 22:37:07    -2397.222521        0.124365
MDMin:  621 22:37:09    -2397.222521        0.126228
MDMin:  622 22:37:10    -2397.222522        0.128188
MDMin:  623 22:37:12    -2397.222523        0.130257
MDMin:  624 22:37:13    -2397.222524        0.132446
MDMin:  625 22:37:15    -2397.222525        0.134768
MDMin:  626 22:37:16    -2397.222525        0.137232
MDMin:  627 22:37:18    -2397.222526        0.139845
MDMin:  628 22:37:20    -2397.222527        0.142588
MDMin:  629 22:37:21    -2397.222528        0.145367
MDMin:  630 22:37:23    -2397.222528        0.147942
MDMin:  631 22:37:25    -2397.222529        0.150064
MDMin:  632 22:37:27    -2397.222529        0.151892
MDMin:  633 22:37:29    -2397.222530        0.153705
MDMin:  634 22:37:31    -2397.222530        0.155596
MDMin:  635 22:37:33    -2397.222530        0.157588
MDMin:  636 22:37:35    -2397.222531        0.159688
MDMin:  637 22:37:37    -2397.222531        0.161906
MDMin:  638 22:37:39    -2397.222532        0.164247
MDMin:  639 22:37:41    -2397.222532        0.166720
MDMin:  640 22:37:43    -2397.222532        0.169333
MDMin:  641 22:37:46    -2397.222533        0.172095
MDMin:  642 22:37:48    -2397.222533        0.175016
MDMin:  643 22:37:49    -2397.222534        0.178107
MDMin:  644 22:37:51    -2397.222534        0.181378
MDMin:  645 22:37:52    -2397.222534        0.184841
MDMin:  646 22:37:54    -2397.222535        0.188509
MDMin:  647 22:37:56    -2397.222535        0.192395
MDMin:  648 22:37:58    -2397.222535        0.196513
MDMin:  649 22:38:00    -2397.222536        0.200878
MDMin:  650 22:38:01    -2397.222536        0.205505
MDMin:  651 22:38:03    -2397.222537        0.210411
MDMin:  652 22:38:04    -2397.222537        0.215613
MDMin:  653 22:38:05    -2397.222537        0.221127
MDMin:  654 22:38:07    -2397.222538        0.226971
MDMin:  655 22:38:09    -2397.222538        0.233163
MDMin:  656 22:38:11    -2397.222539        0.239719
MDMin:  657 22:38:13    -2397.222539        0.246656
MDMin:  658 22:38:15    -2397.222539        0.253988
MDMin:  659 22:38:16    -2397.222540        0.261726
MDMin:  660 22:38:18    -2397.222540        0.269879
MDMin:  661 22:38:20    -2397.222540        0.278450
MDMin:  662 22:38:22    -2397.222541        0.287438
MDMin:  663 22:38:24    -2397.222541        0.296829
MDMin:  664 22:38:26    -2397.222541        0.306603
MDMin:  665 22:38:29    -2397.222542        0.316725
MDMin:  666 22:38:31    -2397.222542        0.327145
MDMin:  667 22:38:33    -2397.222542        0.337793
MDMin:  668 22:38:35    -2397.222543        0.348581
MDMin:  669 22:38:37    -2397.222543        0.359399
MDMin:  670 22:38:38    -2397.222543        0.370114
MDMin:  671 22:38:40    -2397.222544        0.380573
MDMin:  672 22:38:41    -2397.222544        0.390606
MDMin:  673 22:38:42    -2397.222544        0.400034
MDMin:  674 22:38:44    -2397.222544        0.408677
MDMin:  675 22:38:46    -2397.222545        0.416375
MDMin:  676 22:38:48    -2397.222545        0.422991
MDMin:  677 22:38:50    -2397.222545        0.428438
MDMin:  678 22:38:52    -2397.222546        0.432679
MDMin:  679 22:38:55    -2397.222546        0.435740
MDMin:  680 22:38:57    -2397.222546        0.437703
MDMin:  681 22:38:59    -2397.222546        0.438700
MDMin:  682 22:39:00    -2397.222547        0.438893
MDMin:  683 22:39:01    -2397.222547        0.438462
MDMin:  684 22:39:04    -2397.222547        0.437590
MDMin:  685 22:39:06    -2397.222548        0.436444
MDMin:  686 22:39:08    -2397.222548        0.435176
MDMin:  687 22:39:09    -2397.222548        0.433910
MDMin:  688 22:39:11    -2397.222548        0.432739
MDMin:  689 22:39:13    -2397.222549        0.431728
MDMin:  690 22:39:14    -2397.222549        0.430907
MDMin:  691 22:39:16    -2397.222549        0.430276
MDMin:  692 22:39:17    -2397.222550        0.429801
MDMin:  693 22:39:19    -2397.222550        0.429420
MDMin:  694 22:39:21    -2397.222550        0.429043
MDMin:  695 22:39:23    -2397.222551        0.428557
MDMin:  696 22:39:25    -2397.222551        0.427830
MDMin:  697 22:39:27    -2397.222551        0.426715
MDMin:  698 22:39:28    -2397.222552        0.425058
MDMin:  699 22:39:30    -2397.222552        0.422701
MDMin:  700 22:39:31    -2397.222552        0.419491
MDMin:  701 22:39:33    -2397.222553        0.415279
MDMin:  702 22:39:35    -2397.222553        0.409935
MDMin:  703 22:39:37    -2397.222554        0.403343
MDMin:  704 22:39:39    -2397.222554        0.395417
MDMin:  705 22:39:41    -2397.222554        0.386100
MDMin:  706 22:39:43    -2397.222555        0.375369
MDMin:  707 22:39:45    -2397.222555        0.363244
MDMin:  708 22:39:47    -2397.222556        0.349798
MDMin:  709 22:39:49    -2397.222556        0.335140
MDMin:  710 22:39:51    -2397.222557        0.319421
MDMin:  711 22:39:53    -2397.222557        0.302846
MDMin:  712 22:39:55    -2397.222557        0.285661
MDMin:  713 22:39:57    -2397.222558        0.268153
MDMin:  714 22:39:59    -2397.222559        0.250635
MDMin:  715 22:40:01    -2397.222559        0.233426
MDMin:  716 22:40:03    -2397.222560        0.216833
MDMin:  717 22:40:05    -2397.222560        0.201124
MDMin:  718 22:40:07    -2397.222561        0.186515
MDMin:  719 22:40:09    -2397.222562        0.173157
MDMin:  720 22:40:11    -2397.222562        0.161130
MDMin:  721 22:40:13    -2397.222563        0.150450
MDMin:  722 22:40:16    -2397.222564        0.141075
MDMin:  723 22:40:17    -2397.222565        0.132922
MDMin:  724 22:40:19    -2397.222566        0.125881
MDMin:  725 22:40:21    -2397.222566        0.119829
MDMin:  726 22:40:22    -2397.222567        0.114637
MDMin:  727 22:40:24    -2397.222568        0.110193
MDMin:  728 22:40:26    -2397.222569        0.106364
MDMin:  729 22:40:27    -2397.222570        0.103113
MDMin:  730 22:40:29    -2397.222571        0.100168
MDMin:  731 22:40:32    -2397.222572        0.099758
MDMin:  732 22:40:34    -2397.222572        0.101346
MDMin:  733 22:40:35    -2397.222573        0.223010
MDMin:  734 22:40:38    -2397.222573        0.181776
MDMin:  735 22:40:39    -2397.222573        0.138638
MDMin:  736 22:40:41    -2397.222573        0.107068
MDMin:  737 22:40:43    -2397.222573        0.107283
MDMin:  738 22:40:45    -2397.222573        0.107505
MDMin:  739 22:40:47    -2397.222573        0.107753
MDMin:  740 22:40:49    -2397.222573        0.108040
MDMin:  741 22:40:51    -2397.222573        0.108371
MDMin:  742 22:40:53    -2397.222573        0.108747
MDMin:  743 22:40:55    -2397.222574        0.109165
MDMin:  744 22:40:57    -2397.222574        0.109620
MDMin:  745 22:40:59    -2397.222574        0.110110
MDMin:  746 22:41:00    -2397.222574        0.110631
MDMin:  747 22:41:02    -2397.222574        0.111180
MDMin:  748 22:41:03    -2397.222574        0.111758
MDMin:  749 22:41:04    -2397.222574        0.112361
MDMin:  750 22:41:06    -2397.222574        0.112991
MDMin:  751 22:41:08    -2397.222574        0.113645
MDMin:  752 22:41:10    -2397.222574        0.114324
MDMin:  753 22:41:12    -2397.222575        0.115028
MDMin:  754 22:41:13    -2397.222575        0.115755
MDMin:  755 22:41:15    -2397.222575        0.116506
MDMin:  756 22:41:17    -2397.222575        0.117279
MDMin:  757 22:41:19    -2397.222575        0.118075
MDMin:  758 22:41:20    -2397.222575        0.118891
MDMin:  759 22:41:21    -2397.222575        0.119728
MDMin:  760 22:41:23    -2397.222575        0.120585
MDMin:  761 22:41:24    -2397.222576        0.121460
MDMin:  762 22:41:25    -2397.222576        0.122351
MDMin:  763 22:41:27    -2397.222576        0.123258
MDMin:  764 22:41:28    -2397.222576        0.124179
MDMin:  765 22:41:30    -2397.222576        0.125113
MDMin:  766 22:41:32    -2397.222576        0.126056
MDMin:  767 22:41:34    -2397.222577        0.127007
MDMin:  768 22:41:36    -2397.222577        0.127965
MDMin:  769 22:41:37    -2397.222577        0.128925
MDMin:  770 22:41:39    -2397.222577        0.129887
MDMin:  771 22:41:41    -2397.222577        0.130845
MDMin:  772 22:41:43    -2397.222577        0.132327
MDMin:  773 22:41:45    -2397.222578        0.135295
MDMin:  774 22:41:47    -2397.222578        0.138366
MDMin:  775 22:41:48    -2397.222578        0.141542
MDMin:  776 22:41:50    -2397.222578        0.144823
MDMin:  777 22:41:51    -2397.222578        0.148210
MDMin:  778 22:41:53    -2397.222578        0.151705
MDMin:  779 22:41:55    -2397.222579        0.155308
MDMin:  780 22:41:57    -2397.222579        0.159018
MDMin:  781 22:41:59    -2397.222579        0.162836
MDMin:  782 22:42:01    -2397.222579        0.166760
MDMin:  783 22:42:03    -2397.222579        0.170790
MDMin:  784 22:42:05    -2397.222580        0.174922
MDMin:  785 22:42:07    -2397.222580        0.179154
MDMin:  786 22:42:09    -2397.222580        0.183483
MDMin:  787 22:42:11    -2397.222580        0.187904
MDMin:  788 22:42:13    -2397.222580        0.192411
MDMin:  789 22:42:15    -2397.222580        0.196999
MDMin:  790 22:42:17    -2397.222581        0.201660
MDMin:  791 22:42:18    -2397.222581        0.206386
MDMin:  792 22:42:20    -2397.222581        0.211166
MDMin:  793 22:42:22    -2397.222581        0.215991
MDMin:  794 22:42:23    -2397.222581        0.220848
MDMin:  795 22:42:25    -2397.222582        0.225724
MDMin:  796 22:42:27    -2397.222582        0.230603
MDMin:  797 22:42:28    -2397.222582        0.235470
MDMin:  798 22:42:29    -2397.222582        0.240309
MDMin:  799 22:42:31    -2397.222582        0.245104
MDMin:  800 22:42:33    -2397.222583        0.249829
MDMin:  801 22:42:35    -2397.222583        0.254457
MDMin:  802 22:42:37    -2397.222583        0.258961
MDMin:  803 22:42:38    -2397.222583        0.263313
MDMin:  804 22:42:40    -2397.222583        0.267482
MDMin:  805 22:42:42    -2397.222584        0.271439
MDMin:  806 22:42:44    -2397.222584        0.275152
MDMin:  807 22:42:46    -2397.222584        0.278590
MDMin:  808 22:42:48    -2397.222584        0.281721
MDMin:  809 22:42:49    -2397.222584        0.284517
MDMin:  810 22:42:51    -2397.222585        0.286948
MDMin:  811 22:42:53    -2397.222585        0.288989
MDMin:  812 22:42:54    -2397.222585        0.290615
MDMin:  813 22:42:56    -2397.222585        0.291810
MDMin:  814 22:42:57    -2397.222585        0.292560
MDMin:  815 22:42:59    -2397.222586        0.292860
MDMin:  816 22:43:01    -2397.222586        0.292715
MDMin:  817 22:43:03    -2397.222586        0.292139
MDMin:  818 22:43:05    -2397.222586        0.291161
MDMin:  819 22:43:07    -2397.222586        0.289826
MDMin:  820 22:43:09    -2397.222587        0.288199
MDMin:  821 22:43:11    -2397.222587        0.286365
MDMin:  822 22:43:12    -2397.222587        0.284438
MDMin:  823 22:43:14    -2397.222587        0.282563
MDMin:  824 22:43:16    -2397.222587        0.280924
MDMin:  825 22:43:18    -2397.222588        0.279760
MDMin:  826 22:43:20    -2397.222588        0.279399
MDMin:  827 22:43:22    -2397.222588        0.280372
MDMin:  828 22:43:24    -2397.222588        0.284306
MDMin:  829 22:43:27    -2397.222589        0.290626
MDMin:  830 22:43:29    -2397.222589        0.299083
MDMin:  831 22:43:31    -2397.222589        0.307847
MDMin:  832 22:43:33    -2397.222589        0.313220
MDMin:  833 22:43:34    -2397.222590        0.312663
MDMin:  834 22:43:36    -2397.222590        0.306046
MDMin:  835 22:43:37    -2397.222590        0.294430
MDMin:  836 22:43:39    -2397.222590        0.278697
MDMin:  837 22:43:41    -2397.222590        0.258945
MDMin:  838 22:43:42    -2397.222591        0.234377
MDMin:  839 22:43:44    -2397.222591        0.204146
MDMin:  840 22:43:46    -2397.222591        0.196754
MDMin:  841 22:43:48    -2397.222591        0.185601
MDMin:  842 22:43:50    -2397.222592        0.168694
MDMin:  843 22:43:52    -2397.222592        0.316516
MDMin:  844 22:43:54    -2397.222592        0.763773
MDMin:  845 22:43:55    -2397.222592        0.536320
MDMin:  846 22:43:56    -2397.222592        0.405983
MDMin:  847 22:43:58    -2397.222593        0.305815
MDMin:  848 22:43:59    -2397.222593        0.220366
MDMin:  849 22:44:01    -2397.222593        0.143958
MDMin:  850 22:44:02    -2397.222593        0.080700
MDMin:  851 22:44:04    -2397.222593        0.075615
MDMin:  852 22:44:05    -2397.222593        0.073294
MDMin:  853 22:44:06    -2397.222594        0.073049
MDMin:  854 22:44:08    -2397.222594        0.098413
MDMin:  855 22:44:09    -2397.222594        0.122076
MDMin:  856 22:44:11    -2397.222594        0.143169
MDMin:  857 22:44:13    -2397.222594        0.162873
MDMin:  858 22:44:15    -2397.222595        0.181937
MDMin:  859 22:44:16    -2397.222595        0.200885
MDMin:  860 22:44:18    -2397.222595        0.220115
MDMin:  861 22:44:19    -2397.222595        0.239963
MDMin:  862 22:44:21    -2397.222595        0.260740
MDMin:  863 22:44:23    -2397.222595        0.282759
MDMin:  864 22:44:25    -2397.222595        0.306375
MDMin:  865 22:44:27    -2397.222595        0.332022
MDMin:  866 22:44:29    -2397.222596        0.360300
MDMin:  867 22:44:31    -2397.222596        0.392150
MDMin:  868 22:44:32    -2397.222596        0.429328
MDMin:  869 22:44:34    -2397.222596        0.475864
MDMin:  870 22:44:36    -2397.222596        1.310855
MDMin:  871 22:44:38    -2397.222596        1.301050
MDMin:  872 22:44:40    -2397.222596        1.280559
MDMin:  873 22:44:42    -2397.222596        1.256364
MDMin:  874 22:44:44    -2397.222596        1.229126
MDMin:  875 22:44:46    -2397.222596        1.198812
MDMin:  876 22:44:48    -2397.222596        1.165293
MDMin:  877 22:44:50    -2397.222596        1.128477
MDMin:  878 22:44:52    -2397.222596        1.088341
MDMin:  879 22:44:54    -2397.222596        1.044940
MDMin:  880 22:44:56    -2397.222596        0.998404
MDMin:  881 22:44:57    -2397.222596        0.948923
MDMin:  882 22:44:59    -2397.222596        0.896735
MDMin:  883 22:45:00    -2397.222596        0.842108
MDMin:  884 22:45:03    -2397.222596        0.785332
MDMin:  885 22:45:04    -2397.222596        0.726699
MDMin:  886 22:45:05    -2397.222597        0.666504
MDMin:  887 22:45:07    -2397.222597        0.605037
MDMin:  888 22:45:09    -2397.222597        0.542588
MDMin:  889 22:45:11    -2397.222597        0.479462
MDMin:  890 22:45:13    -2397.222597        0.415990
MDMin:  891 22:45:15    -2397.222597        0.352558
MDMin:  892 22:45:16    -2397.222597        0.323719
MDMin:  893 22:45:19    -2397.222597        0.294983
MDMin:  894 22:45:21    -2397.222597        0.262710
MDMin:  895 22:45:23    -2397.222598        0.226532
MDMin:  896 22:45:24    -2397.222598        0.203564
MDMin:  897 22:45:26    -2397.222598        0.202018
MDMin:  898 22:45:28    -2397.222598        0.194091
MDMin:  899 22:45:30    -2397.222599        0.174966
MDMin:  900 22:45:32    -2397.222599        0.142710
MDMin:  901 22:45:34    -2397.222599        0.129688
MDMin:  902 22:45:36    -2397.222599        0.126400
MDMin:  903 22:45:38    -2397.222600        0.141461
MDMin:  904 22:45:39    -2397.222600        0.121413
MDMin:  905 22:45:41    -2397.222600        0.126018
MDMin:  906 22:45:43    -2397.222600        0.139062
MDMin:  907 22:45:45    -2397.222600        0.148893
MDMin:  908 22:45:47    -2397.222601        0.156923
MDMin:  909 22:45:49    -2397.222601        0.163190
MDMin:  910 22:45:51    -2397.222601        0.168281
MDMin:  911 22:45:53    -2397.222601        0.172293
MDMin:  912 22:45:55    -2397.222601        0.175670
MDMin:  913 22:45:56    -2397.222601        0.178582
MDMin:  914 22:45:58    -2397.222602        0.181369
MDMin:  915 22:46:00    -2397.222602        0.184247
MDMin:  916 22:46:01    -2397.222602        0.187505
MDMin:  917 22:46:03    -2397.222602        0.191379
MDMin:  918 22:46:05    -2397.222602        0.196130
MDMin:  919 22:46:07    -2397.222603        0.201997
MDMin:  920 22:46:09    -2397.222603        0.209225
MDMin:  921 22:46:11    -2397.222603        0.218041
MDMin:  922 22:46:13    -2397.222603        0.228664
MDMin:  923 22:46:15    -2397.222603        0.241286
MDMin:  924 22:46:17    -2397.222603        0.256069
MDMin:  925 22:46:18    -2397.222604        0.273116
MDMin:  926 22:46:20    -2397.222604        0.292418
MDMin:  927 22:46:21    -2397.222604        0.313732
MDMin:  928 22:46:22    -2397.222604        0.336162
MDMin:  929 22:46:24    -2397.222604        0.369793
MDMin:  930 22:46:25    -2397.222604        0.607289
MDMin:  931 22:46:27    -2397.222604        0.113212
MDMin:  932 22:46:29    -2397.222604        0.585272
MDMin:  933 22:46:31    -2397.222604        0.588660
MDMin:  934 22:46:33    -2397.222604        0.599402
MDMin:  935 22:46:35    -2397.222604        0.618681
MDMin:  936 22:46:37    -2397.222604        0.648274
MDMin:  937 22:46:38    -2397.222604        0.687823
MDMin:  938 22:46:40    -2397.222604        1.112645
MDMin:  939 22:46:42    -2397.222604        1.095430
MDMin:  940 22:46:44    -2397.222604        1.079330
MDMin:  941 22:46:45    -2397.222604        1.062804
MDMin:  942 22:46:47    -2397.222604        1.045251
MDMin:  943 22:46:48    -2397.222604        1.026329
MDMin:  944 22:46:50    -2397.222604        1.005796
MDMin:  945 22:46:52    -2397.222604        0.983468
MDMin:  946 22:46:54    -2397.222605        0.959210
MDMin:  947 22:46:56    -2397.222605        0.932930
MDMin:  948 22:46:58    -2397.222605        0.904585
MDMin:  949 22:47:00    -2397.222605        0.874176
MDMin:  950 22:47:03    -2397.222605        0.841752
MDMin:  951 22:47:05    -2397.222605        0.807405
MDMin:  952 22:47:07    -2397.222605        0.771262
MDMin:  953 22:47:09    -2397.222605        0.733484
MDMin:  954 22:47:11    -2397.222605        0.694255
MDMin:  955 22:47:13    -2397.222605        0.653773
MDMin:  956 22:47:15    -2397.222605        0.612250
MDMin:  957 22:47:17    -2397.222605        0.569905
MDMin:  958 22:47:19    -2397.222605        0.526957
MDMin:  959 22:47:21    -2397.222605        0.483631
MDMin:  960 22:47:22    -2397.222605        0.440160
MDMin:  961 22:47:24    -2397.222605        0.396791
MDMin:  962 22:47:26    -2397.222605        0.353802
MDMin:  963 22:47:27    -2397.222605        0.324265
MDMin:  964 22:47:28    -2397.222605        0.309808
MDMin:  965 22:47:30    -2397.222605        0.294060
MDMin:  966 22:47:32    -2397.222606        0.276888
MDMin:  967 22:47:33    -2397.222606        0.258166
MDMin:  968 22:47:35    -2397.222606        0.237889
MDMin:  969 22:47:36    -2397.222606        0.215652
MDMin:  970 22:47:38    -2397.222606        0.191046
MDMin:  971 22:47:39    -2397.222606        0.164927
MDMin:  972 22:47:41    -2397.222606        0.140736
MDMin:  973 22:47:42    -2397.222607        0.194969
MDMin:  974 22:47:44    -2397.222607        0.191507
MDMin:  975 22:47:45    -2397.222607        0.144941
MDMin:  976 22:47:46    -2397.222607        0.113730
MDMin:  977 22:47:48    -2397.222607        0.120156
MDMin:  978 22:47:50    -2397.222607        0.118740
MDMin:  979 22:47:51    -2397.222607        0.120628
MDMin:  980 22:47:53    -2397.222607        0.119999
MDMin:  981 22:47:54    -2397.222607        0.120779
MDMin:  982 22:47:55    -2397.222607        0.121481
MDMin:  983 22:47:57    -2397.222607        0.122160
MDMin:  984 22:47:59    -2397.222607        0.122780
MDMin:  985 22:48:01    -2397.222607        0.123352
MDMin:  986 22:48:02    -2397.222607        0.123830
MDMin:  987 22:48:03    -2397.222607        0.124279
MDMin:  988 22:48:05    -2397.222607        0.124502
MDMin:  989 22:48:06    -2397.222607        0.124981
MDMin:  990 22:48:08    -2397.222607        0.124494
MDMin:  991 22:48:09    -2397.222607        0.125370
MDMin:  992 22:48:11    -2397.222607        0.124504
MDMin:  993 22:48:13    -2397.222608        0.124831
MDMin:  994 22:48:14    -2397.222608        0.124491
MDMin:  995 22:48:16    -2397.222608        0.124304
MDMin:  996 22:48:18    -2397.222608        0.123979
MDMin:  997 22:48:20    -2397.222608        0.123597
MDMin:  998 22:48:22    -2397.222608        0.123138
MDMin:  999 22:48:24    -2397.222608        0.122604
MDMin:  1000 22:48:25    -2397.222608        0.121995
MDMin:  1001 22:48:27    -2397.222608        0.121311
MDMin:  1002 22:48:29    -2397.222608        0.120554
MDMin:  1003 22:48:31    -2397.222608        0.119726
MDMin:  1004 22:48:32    -2397.222608        0.118829
MDMin:  1005 22:48:34    -2397.222608        0.117867
MDMin:  1006 22:48:36    -2397.222608        0.116842
MDMin:  1007 22:48:37    -2397.222608        0.115757
MDMin:  1008 22:48:39    -2397.222608        0.114617
MDMin:  1009 22:48:41    -2397.222608        0.113425
MDMin:  1010 22:48:43    -2397.222608        0.112185
MDMin:  1011 22:48:45    -2397.222608        0.110901
MDMin:  1012 22:48:47    -2397.222609        0.109576
MDMin:  1013 22:48:49    -2397.222609        0.108215
MDMin:  1014 22:48:50    -2397.222609        0.106820
MDMin:  1015 22:48:52    -2397.222609        0.105396
MDMin:  1016 22:48:53    -2397.222609        0.103945
MDMin:  1017 22:48:54    -2397.222609        0.102472
MDMin:  1018 22:48:55    -2397.222609        0.100978
MDMin:  1019 22:48:57    -2397.222609        0.099466
MDMin:  1020 22:48:59    -2397.222609        0.101452
MDMin:  1021 22:49:01    -2397.222609        0.103576
MDMin:  1022 22:49:03    -2397.222609        0.105612
MDMin:  1023 22:49:05    -2397.222609        0.107570
MDMin:  1024 22:49:06    -2397.222609        0.109459
MDMin:  1025 22:49:08    -2397.222610        0.111290
MDMin:  1026 22:49:10    -2397.222610        0.113073
MDMin:  1027 22:49:12    -2397.222610        0.114820
MDMin:  1028 22:49:14    -2397.222610        0.116544
MDMin:  1029 22:49:16    -2397.222610        0.118258
MDMin:  1030 22:49:18    -2397.222610        0.119976
MDMin:  1031 22:49:20    -2397.222610        0.121713
MDMin:  1032 22:49:22    -2397.222610        0.123483
MDMin:  1033 22:49:23    -2397.222610        0.125302
MDMin:  1034 22:49:25    -2397.222610        0.127184
MDMin:  1035 22:49:26    -2397.222610        0.129145
MDMin:  1036 22:49:28    -2397.222611        0.131200
MDMin:  1037 22:49:30    -2397.222611        0.133365
MDMin:  1038 22:49:31    -2397.222611        0.135651
MDMin:  1039 22:49:33    -2397.222611        0.138073
MDMin:  1040 22:49:34    -2397.222611        0.140640
MDMin:  1041 22:49:36    -2397.222611        0.143361
MDMin:  1042 22:49:37    -2397.222611        0.146241
MDMin:  1043 22:49:39    -2397.222611        0.149280
MDMin:  1044 22:49:40    -2397.222611        0.152474
MDMin:  1045 22:49:42    -2397.222611        0.155811
MDMin:  1046 22:49:44    -2397.222611        0.159273
MDMin:  1047 22:49:45    -2397.222612        0.162828
MDMin:  1048 22:49:47    -2397.222612        0.166436
MDMin:  1049 22:49:50    -2397.222612        0.170035
MDMin:  1050 22:49:51    -2397.222612        0.173548
MDMin:  1051 22:49:52    -2397.222612        0.176870
MDMin:  1052 22:49:54    -2397.222612        0.179864
MDMin:  1053 22:49:55    -2397.222612        0.182352
MDMin:  1054 22:49:56    -2397.222612        0.199970
MDMin:  1055 22:49:58    -2397.222612        0.228721
MDMin:  1056 22:50:00    -2397.222612        0.262213
MDMin:  1057 22:50:01    -2397.222612        0.301555
MDMin:  1058 22:50:03    -2397.222612        0.348624
MDMin:  1059 22:50:04    -2397.222612        0.407201
MDMin:  1060 22:50:06    -2397.222613        0.487881
MDMin:  1061 22:50:07    -2397.222613        0.661272
MDMin:  1062 22:50:09    -2397.222613        0.659339
MDMin:  1063 22:50:10    -2397.222613        0.655954
MDMin:  1064 22:50:12    -2397.222613        0.648992
MDMin:  1065 22:50:14    -2397.222613        0.637623
MDMin:  1066 22:50:16    -2397.222613        0.622120
MDMin:  1067 22:50:18    -2397.222613        0.603245
MDMin:  1068 22:50:20    -2397.222613        0.581900
MDMin:  1069 22:50:21    -2397.222613        0.558961
MDMin:  1070 22:50:23    -2397.222613        0.535198
MDMin:  1071 22:50:25    -2397.222613        0.511238
MDMin:  1072 22:50:26    -2397.222613        0.487565
MDMin:  1073 22:50:28    -2397.222613        0.464526
MDMin:  1074 22:50:30    -2397.222613        0.442359
MDMin:  1075 22:50:32    -2397.222613        0.421208
MDMin:  1076 22:50:34    -2397.222613        0.401157
MDMin:  1077 22:50:35    -2397.222613        0.382246
MDMin:  1078 22:50:37    -2397.222613        0.367669
MDMin:  1079 22:50:39    -2397.222613        0.361546
MDMin:  1080 22:50:41    -2397.222614        0.355816
MDMin:  1081 22:50:43    -2397.222614        0.350399
MDMin:  1082 22:50:45    -2397.222614        0.345221
MDMin:  1083 22:50:47    -2397.222614        0.340364
MDMin:  1084 22:50:49    -2397.222614        0.335314
MDMin:  1085 22:50:51    -2397.222614        0.329311
MDMin:  1086 22:50:52    -2397.222614        0.322173
MDMin:  1087 22:50:54    -2397.222614        0.314342
MDMin:  1088 22:50:55    -2397.222614        0.306315
MDMin:  1089 22:50:57    -2397.222614        0.298168
MDMin:  1090 22:50:58    -2397.222614        0.289423
MDMin:  1091 22:51:00    -2397.222614        0.279068
MDMin:  1092 22:51:02    -2397.222615        0.265367
MDMin:  1093 22:51:04    -2397.222615        0.245199
MDMin:  1094 22:51:06    -2397.222615        0.213197
MDMin:  1095 22:51:07    -2397.222615        0.253555
MDMin:  1096 22:51:09    -2397.222615        0.330665
MDMin:  1097 22:51:11    -2397.222615        0.216973
MDMin:  1098 22:51:13    -2397.222615        0.233588
MDMin:  1099 22:51:14    -2397.222615        0.286655
MDMin:  1100 22:51:16    -2397.222615        0.274399
MDMin:  1101 22:51:17    -2397.222615        0.227923
MDMin:  1102 22:51:18    -2397.222615        0.170922
MDMin:  1103 22:51:20    -2397.222615        0.165422
MDMin:  1104 22:51:21    -2397.222615        0.141700
MDMin:  1105 22:51:23    -2397.222615        0.125364
MDMin:  1106 22:51:25    -2397.222615        0.125170
MDMin:  1107 22:51:27    -2397.222615        0.125111
MDMin:  1108 22:51:29    -2397.222615        0.125479
MDMin:  1109 22:51:31    -2397.222616        0.126434
MDMin:  1110 22:51:33    -2397.222616        0.127923
MDMin:  1111 22:51:35    -2397.222616        0.139896
MDMin:  1112 22:51:37    -2397.222616        0.151506
MDMin:  1113 22:51:40    -2397.222616        0.158066
MDMin:  1114 22:51:42    -2397.222616        0.159926
MDMin:  1115 22:51:44    -2397.222616        0.157369
MDMin:  1116 22:51:45    -2397.222616        0.150303
MDMin:  1117 22:51:47    -2397.222616        0.139230
MDMin:  1118 22:51:49    -2397.222616        0.140039
MDMin:  1119 22:51:50    -2397.222616        0.140695
MDMin:  1120 22:51:52    -2397.222616        0.141210
MDMin:  1121 22:51:54    -2397.222616        0.190598
MDMin:  1122 22:51:56    -2397.222616        0.198896
MDMin:  1123 22:51:57    -2397.222616        0.139372
MDMin:  1124 22:51:59    -2397.222616        0.139448
MDMin:  1125 22:52:01    -2397.222616        0.139516
MDMin:  1126 22:52:03    -2397.222616        0.139582
MDMin:  1127 22:52:05    -2397.222616        0.139593
MDMin:  1128 22:52:06    -2397.222616        0.212912
MDMin:  1129 22:52:08    -2397.222616        0.139328
MDMin:  1130 22:52:10    -2397.222616        0.139387
MDMin:  1131 22:52:12    -2397.222616        0.139382
MDMin:  1132 22:52:14    -2397.222616        0.139419
MDMin:  1133 22:52:16    -2397.222616        0.184293
MDMin:  1134 22:52:17    -2397.222616        0.139498
MDMin:  1135 22:52:18    -2397.222616        0.139374
MDMin:  1136 22:52:20    -2397.222616        0.139252
MDMin:  1137 22:52:21    -2397.222616        0.139210
MDMin:  1138 22:52:23    -2397.222616        0.139209
MDMin:  1139 22:52:25    -2397.222616        0.139214
MDMin:  1140 22:52:27    -2397.222616        0.139216
MDMin:  1141 22:52:29    -2397.222616        0.139216
MDMin:  1142 22:52:31    -2397.222616        0.139205
MDMin:  1143 22:52:34    -2397.222616        0.181717
MDMin:  1144 22:52:35    -2397.222616        0.139243
MDMin:  1145 22:52:37    -2397.222616        0.139062
MDMin:  1146 22:52:38    -2397.222616        0.138983
MDMin:  1147 22:52:40    -2397.222616        0.138962
MDMin:  1148 22:52:41    -2397.222616        0.138951
MDMin:  1149 22:52:43    -2397.222616        0.138934
MDMin:  1150 22:52:45    -2397.222616        0.138913
MDMin:  1151 22:52:46    -2397.222616        0.138884
MDMin:  1152 22:52:48    -2397.222616        0.138849
MDMin:  1153 22:52:50    -2397.222616        0.138798
MDMin:  1154 22:52:52    -2397.222616        0.138785
MDMin:  1155 22:52:54    -2397.222616        0.149594
MDMin:  1156 22:52:56    -2397.222617        0.138493
MDMin:  1157 22:52:57    -2397.222617        0.138514
MDMin:  1158 22:52:59    -2397.222617        0.138486
MDMin:  1159 22:53:01    -2397.222617        0.138445
MDMin:  1160 22:53:02    -2397.222617        0.138398
MDMin:  1161 22:53:04    -2397.222617        0.138343
MDMin:  1162 22:53:05    -2397.222617        0.138280
MDMin:  1163 22:53:07    -2397.222617        0.138207
MDMin:  1164 22:53:09    -2397.222617        0.138123
MDMin:  1165 22:53:11    -2397.222617        0.138029
MDMin:  1166 22:53:13    -2397.222617        0.137924
MDMin:  1167 22:53:14    -2397.222617        0.137807
MDMin:  1168 22:53:17    -2397.222617        0.137678
MDMin:  1169 22:53:19    -2397.222617        0.137536
MDMin:  1170 22:53:20    -2397.222617        0.137381
MDMin:  1171 22:53:22    -2397.222617        0.137214
MDMin:  1172 22:53:24    -2397.222617        0.137034
MDMin:  1173 22:53:26    -2397.222617        0.136842
MDMin:  1174 22:53:27    -2397.222617        0.136637
MDMin:  1175 22:53:29    -2397.222617        0.136421
MDMin:  1176 22:53:31    -2397.222617        0.136194
MDMin:  1177 22:53:33    -2397.222617        0.135957
MDMin:  1178 22:53:35    -2397.222617        0.135709
MDMin:  1179 22:53:36    -2397.222617        0.135452
MDMin:  1180 22:53:38    -2397.222617        0.135185
MDMin:  1181 22:53:40    -2397.222617        0.134910
MDMin:  1182 22:53:42    -2397.222617        0.134627
MDMin:  1183 22:53:45    -2397.222617        0.134335
MDMin:  1184 22:53:47    -2397.222617        0.134034
MDMin:  1185 22:53:49    -2397.222617        0.133724
MDMin:  1186 22:53:51    -2397.222617        0.133405
MDMin:  1187 22:53:53    -2397.222617        0.133075
MDMin:  1188 22:53:55    -2397.222617        0.132734
MDMin:  1189 22:53:58    -2397.222617        0.132473
MDMin:  1190 22:54:00    -2397.222617        0.133066
MDMin:  1191 22:54:02    -2397.222617        0.133563
MDMin:  1192 22:54:04    -2397.222618        0.133961
MDMin:  1193 22:54:05    -2397.222618        0.134256
MDMin:  1194 22:54:07    -2397.222618        0.134447
MDMin:  1195 22:54:08    -2397.222618        0.134531
MDMin:  1196 22:54:11    -2397.222618        0.134509
MDMin:  1197 22:54:13    -2397.222618        0.134380
MDMin:  1198 22:54:15    -2397.222618        0.134143
MDMin:  1199 22:54:16    -2397.222618        0.133801
MDMin:  1200 22:54:18    -2397.222618        0.133353
MDMin:  1201 22:54:20    -2397.222618        0.132803
MDMin:  1202 22:54:22    -2397.222618        0.132153
MDMin:  1203 22:54:24    -2397.222618        0.131404
MDMin:  1204 22:54:26    -2397.222618        0.130562
MDMin:  1205 22:54:28    -2397.222618        0.129629
MDMin:  1206 22:54:29    -2397.222618        0.128609
MDMin:  1207 22:54:30    -2397.222618        0.127507
MDMin:  1208 22:54:31    -2397.222618        0.126328
MDMin:  1209 22:54:33    -2397.222619        0.125075
MDMin:  1210 22:54:34    -2397.222619        0.123756
MDMin:  1211 22:54:36    -2397.222619        0.122374
MDMin:  1212 22:54:37    -2397.222619        0.120935
MDMin:  1213 22:54:39    -2397.222619        0.119446
MDMin:  1214 22:54:41    -2397.222619        0.117911
MDMin:  1215 22:54:43    -2397.222619        0.116338
MDMin:  1216 22:54:46    -2397.222619        0.114731
MDMin:  1217 22:54:47    -2397.222619        0.113097
MDMin:  1218 22:54:49    -2397.222619        0.111441
MDMin:  1219 22:54:51    -2397.222619        0.109770
MDMin:  1220 22:54:53    -2397.222619        0.108088
MDMin:  1221 22:54:55    -2397.222619        0.106402
MDMin:  1222 22:54:58    -2397.222619        0.104718
MDMin:  1223 22:55:00    -2397.222620        0.103039
MDMin:  1224 22:55:02    -2397.222620        0.101689
MDMin:  1225 22:55:03    -2397.222620        0.100361
MDMin:  1226 22:55:05    -2397.222620        0.099044
MDMin:  1227 22:55:07    -2397.222620        0.097745
MDMin:  1228 22:55:08    -2397.222620        0.096472
MDMin:  1229 22:55:10    -2397.222620        0.095235
MDMin:  1230 22:55:12    -2397.222620        0.094989
MDMin:  1231 22:55:14    -2397.222620        0.096034
MDMin:  1232 22:55:16    -2397.222620        0.097063
MDMin:  1233 22:55:18    -2397.222620        0.098074
MDMin:  1234 22:55:19    -2397.222621        0.099068
MDMin:  1235 22:55:20    -2397.222621        0.100041
MDMin:  1236 22:55:23    -2397.222621        0.100987
MDMin:  1237 22:55:24    -2397.222621        0.101897
MDMin:  1238 22:55:26    -2397.222621        0.102761
MDMin:  1239 22:55:29    -2397.222621        0.103560
MDMin:  1240 22:55:30    -2397.222621        0.104275
MDMin:  1241 22:55:32    -2397.222621        0.104879
MDMin:  1242 22:55:34    -2397.222621        0.105339
MDMin:  1243 22:55:36    -2397.222621        0.105614
MDMin:  1244 22:55:37    -2397.222622        0.105656
MDMin:  1245 22:55:39    -2397.222622        0.109190
MDMin:  1246 22:55:41    -2397.222622        0.115695
MDMin:  1247 22:55:42    -2397.222622        0.123251
MDMin:  1248 22:55:44    -2397.222622        0.131808
MDMin:  1249 22:55:46    -2397.222622        0.141256
MDMin:  1250 22:55:49    -2397.222622        0.151430
MDMin:  1251 22:55:51    -2397.222622        0.162091
MDMin:  1252 22:55:53    -2397.222622        0.172919
MDMin:  1253 22:55:55    -2397.222622        0.183498
MDMin:  1254 22:55:57    -2397.222622        0.193289
MDMin:  1255 22:55:59    -2397.222623        0.201594
MDMin:  1256 22:56:01    -2397.222623        0.207490
MDMin:  1257 22:56:03    -2397.222623        0.209718
MDMin:  1258 22:56:05    -2397.222623        0.206491
MDMin:  1259 22:56:07    -2397.222623        0.195117
MDMin:  1260 22:56:09    -2397.222623        0.171352
MDMin:  1261 22:56:11    -2397.222623        0.129181
MDMin:  1262 22:56:13    -2397.222623        0.074968
MDMin:  1263 22:56:15    -2397.222623        0.068078
MDMin:  1264 22:56:17    -2397.222623        0.088706
MDMin:  1265 22:56:19    -2397.222623        0.056977
MDMin:  1266 22:56:21    -2397.222623        0.056952
MDMin:  1267 22:56:23    -2397.222623        0.056879
MDMin:  1268 22:56:25    -2397.222623        0.056755
MDMin:  1269 22:56:27    -2397.222623        0.056578
MDMin:  1270 22:56:29    -2397.222623        0.056348
MDMin:  1271 22:56:31    -2397.222623        0.056061
MDMin:  1272 22:56:33    -2397.222623        0.055716
MDMin:  1273 22:56:34    -2397.222623        0.055315
MDMin:  1274 22:56:36    -2397.222623        0.054859
MDMin:  1275 22:56:38    -2397.222623        0.054351
MDMin:  1276 22:56:40    -2397.222624        0.053796
MDMin:  1277 22:56:42    -2397.222624        0.053195
MDMin:  1278 22:56:44    -2397.222624        0.052552
MDMin:  1279 22:56:46    -2397.222624        0.051866
MDMin:  1280 22:56:47    -2397.222624        0.051142
MDMin:  1281 22:56:49    -2397.222624        0.050379
MDMin:  1282 22:56:50    -2397.222624        0.049580
       Step     Time          Energy          fmax
MDMin:    0 07:30:05    -2397.219194        0.147139
MDMin:    1 07:30:07    -2397.219194        0.147122
MDMin:    2 07:30:08    -2397.219194        0.147071
MDMin:    3 07:30:09    -2397.219194        0.146985
MDMin:    4 07:30:11    -2397.219195        0.146866
MDMin:    5 07:30:13    -2397.219195        0.146713
MDMin:    6 07:30:14    -2397.219196        0.146526
MDMin:    7 07:30:15    -2397.219197        0.146306
MDMin:    8 07:30:16    -2397.219198        0.146053
MDMin:    9 07:30:18    -2397.219199        0.145766
MDMin:   10 07:30:19    -2397.219200        0.145447
MDMin:   11 07:30:21    -2397.219202        0.145095
MDMin:   12 07:30:23    -2397.219203        0.144711
MDMin:   13 07:30:25    -2397.219205        0.144296
MDMin:   14 07:30:27    -2397.219207        0.143850
MDMin:   15 07:30:29    -2397.219209        0.143373
MDMin:   16 07:30:31    -2397.219211        0.142866
MDMin:   17 07:30:33    -2397.219214        0.142329
MDMin:   18 07:30:35    -2397.219216        0.141764
MDMin:   19 07:30:37    -2397.219219        0.141170
MDMin:   20 07:30:39    -2397.219222        0.140549
MDMin:   21 07:30:41    -2397.219225        0.139901
MDMin:   22 07:30:42    -2397.219228        0.139228
MDMin:   23 07:30:44    -2397.219231        0.138530
MDMin:   24 07:30:45    -2397.219234        0.137807
MDMin:   25 07:30:47    -2397.219238        0.137062
MDMin:   26 07:30:49    -2397.219242        0.136295
MDMin:   27 07:30:51    -2397.219246        0.135507
MDMin:   28 07:30:53    -2397.219250        0.134700
MDMin:   29 07:30:54    -2397.219255        0.133874
MDMin:   30 07:30:55    -2397.219259        0.133032
MDMin:   31 07:30:56    -2397.219264        0.132173
MDMin:   32 07:30:58    -2397.219269        0.131301
MDMin:   33 07:31:00    -2397.219274        0.130417
MDMin:   34 07:31:01    -2397.219280        0.129521
MDMin:   35 07:31:03    -2397.219285        0.128616
MDMin:   36 07:31:05    -2397.219291        0.127704
MDMin:   37 07:31:07    -2397.219297        0.126785
MDMin:   38 07:31:08    -2397.219303        0.125864
MDMin:   39 07:31:10    -2397.219310        0.124940
MDMin:   40 07:31:12    -2397.219317        0.124016
MDMin:   41 07:31:14    -2397.219324        0.123095
MDMin:   42 07:31:15    -2397.219331        0.122179
MDMin:   43 07:31:17    -2397.219338        0.121270
MDMin:   44 07:31:18    -2397.219346        0.120369
MDMin:   45 07:31:19    -2397.219354        0.119481
MDMin:   46 07:31:20    -2397.219362        0.118606
MDMin:   47 07:31:22    -2397.219370        0.117748
MDMin:   48 07:31:23    -2397.219379        0.116910
MDMin:   49 07:31:25    -2397.219388        0.116094
MDMin:   50 07:31:27    -2397.219397        0.115302
MDMin:   51 07:31:29    -2397.219407        0.114908
MDMin:   52 07:31:31    -2397.219416        0.115436
MDMin:   53 07:31:33    -2397.219426        0.116014
MDMin:   54 07:31:34    -2397.219437        0.116646
MDMin:   55 07:31:35    -2397.219447        0.117336
MDMin:   56 07:31:37    -2397.219458        0.118087
MDMin:   57 07:31:38    -2397.219469        0.118902
MDMin:   58 07:31:40    -2397.219480        0.119785
MDMin:   59 07:31:41    -2397.219492        0.120737
MDMin:   60 07:31:42    -2397.219503        0.121760
MDMin:   61 07:31:44    -2397.219515        0.122854
MDMin:   62 07:31:45    -2397.219528        0.124015
MDMin:   63 07:31:46    -2397.219540        0.125239
MDMin:   64 07:31:48    -2397.219553        0.126517
MDMin:   65 07:31:49    -2397.219566        0.127834
MDMin:   66 07:31:51    -2397.219579        0.129170
MDMin:   67 07:31:53    -2397.219592        0.130498
MDMin:   68 07:31:55    -2397.219606        0.131780
MDMin:   69 07:31:57    -2397.219619        0.132969
MDMin:   70 07:31:59    -2397.219633        0.134004
MDMin:   71 07:32:00    -2397.219648        0.134814
MDMin:   72 07:32:02    -2397.219662        0.135316
MDMin:   73 07:32:04    -2397.219676        0.135420
MDMin:   74 07:32:05    -2397.219691        0.135034
MDMin:   75 07:32:07    -2397.219706        0.134071
MDMin:   76 07:32:09    -2397.219721        0.132466
MDMin:   77 07:32:10    -2397.219737        0.130182
MDMin:   78 07:32:12    -2397.219752        0.127230
MDMin:   79 07:32:14    -2397.219768        0.123673
MDMin:   80 07:32:15    -2397.219784        0.119623
MDMin:   81 07:32:17    -2397.219800        0.120660
MDMin:   82 07:32:18    -2397.219817        0.122530
MDMin:   83 07:32:20    -2397.219834        0.124578
MDMin:   84 07:32:21    -2397.219851        0.126811
MDMin:   85 07:32:23    -2397.219868        0.129238
MDMin:   86 07:32:24    -2397.219885        0.131869
MDMin:   87 07:32:25    -2397.219903        0.134713
MDMin:   88 07:32:27    -2397.219920        0.137778
MDMin:   89 07:32:29    -2397.219938        0.141074
MDMin:   90 07:32:31    -2397.219956        0.144612
MDMin:   91 07:32:32    -2397.219974        0.148404
MDMin:   92 07:32:34    -2397.219992        0.152460
MDMin:   93 07:32:35    -2397.220011        0.156796
MDMin:   94 07:32:37    -2397.220029        0.161424
MDMin:   95 07:32:39    -2397.220047        0.166360
MDMin:   96 07:32:40    -2397.220066        0.171620
MDMin:   97 07:32:41    -2397.220084        0.177222
MDMin:   98 07:32:43    -2397.220102        0.183182
MDMin:   99 07:32:45    -2397.220121        0.189520
MDMin:  100 07:32:47    -2397.220139        0.196253
MDMin:  101 07:32:49    -2397.220157        0.203400
MDMin:  102 07:32:50    -2397.220175        0.210979
MDMin:  103 07:32:52    -2397.220192        0.219006
MDMin:  104 07:32:54    -2397.220210        0.227498
MDMin:  105 07:32:55    -2397.220227        0.236470
MDMin:  106 07:32:57    -2397.220244        0.245933
MDMin:  107 07:32:59    -2397.220261        0.255899
MDMin:  108 07:33:01    -2397.220277        0.266375
MDMin:  109 07:33:03    -2397.220294        0.277368
MDMin:  110 07:33:05    -2397.220310        0.288881
MDMin:  111 07:33:06    -2397.220325        0.300914
MDMin:  112 07:33:07    -2397.220341        0.313463
MDMin:  113 07:33:09    -2397.220356        0.326517
MDMin:  114 07:33:10    -2397.220370        0.340058
MDMin:  115 07:33:12    -2397.220385        0.354044
MDMin:  116 07:33:13    -2397.220398        0.368398
MDMin:  117 07:33:15    -2397.220412        0.382982
MDMin:  118 07:33:16    -2397.220425        0.397580
MDMin:  119 07:33:18    -2397.220437        0.411925
MDMin:  120 07:33:19    -2397.220448        0.425803
MDMin:  121 07:33:21    -2397.220458        0.439162
MDMin:  122 07:33:22    -2397.220468        0.452135
MDMin:  123 07:33:24    -2397.220478        0.464900
MDMin:  124 07:33:26    -2397.220487        0.477564
MDMin:  125 07:33:27    -2397.220496        0.490150
MDMin:  126 07:33:29    -2397.220505        0.502619
MDMin:  127 07:33:31    -2397.220514        0.514892
MDMin:  128 07:33:32    -2397.220523        0.526867
MDMin:  129 07:33:33    -2397.220532        0.538424
MDMin:  130 07:33:35    -2397.220540        0.549434
MDMin:  131 07:33:37    -2397.220549        0.559763
MDMin:  132 07:33:39    -2397.220558        0.569274
MDMin:  133 07:33:41    -2397.220566        0.577834
MDMin:  134 07:33:43    -2397.220575        0.585319
MDMin:  135 07:33:45    -2397.220583        0.591616
MDMin:  136 07:33:47    -2397.220592        0.596632
MDMin:  137 07:33:48    -2397.220600        0.600290
MDMin:  138 07:33:50    -2397.220609        0.602534
MDMin:  139 07:33:51    -2397.220617        0.603328
MDMin:  140 07:33:53    -2397.220626        0.602650
MDMin:  141 07:33:55    -2397.220635        0.600487
MDMin:  142 07:33:57    -2397.220643        0.596829
MDMin:  143 07:33:58    -2397.220652        0.591645
MDMin:  144 07:33:59    -2397.220661        0.584895
MDMin:  145 07:34:01    -2397.220670        0.576516
MDMin:  146 07:34:02    -2397.220679        0.566409
MDMin:  147 07:34:03    -2397.220689        0.554433
MDMin:  148 07:34:05    -2397.220698        0.540411
MDMin:  149 07:34:07    -2397.220708        0.524140
MDMin:  150 07:34:09    -2397.220719        0.505401
MDMin:  151 07:34:11    -2397.220729        0.483987
MDMin:  152 07:34:13    -2397.220740        0.459728
MDMin:  153 07:34:15    -2397.220752        0.432542
MDMin:  154 07:34:17    -2397.220764        0.402483
MDMin:  155 07:34:18    -2397.220777        0.369794
MDMin:  156 07:34:20    -2397.220790        0.334962
MDMin:  157 07:34:22    -2397.220805        0.298748
MDMin:  158 07:34:24    -2397.220820        0.262173
MDMin:  159 07:34:26    -2397.220837        0.241619
MDMin:  160 07:34:28    -2397.220854        0.231684
MDMin:  161 07:34:30    -2397.220872        0.220209
MDMin:  162 07:34:32    -2397.220892        0.207629
MDMin:  163 07:34:34    -2397.220912        0.194475
MDMin:  164 07:34:36    -2397.220934        0.181310
MDMin:  165 07:34:38    -2397.220956        0.168821
MDMin:  166 07:34:40    -2397.220974        0.262062
MDMin:  167 07:34:42    -2397.220976        0.158848
MDMin:  168 07:34:44    -2397.220978        0.157581
MDMin:  169 07:34:46    -2397.220982        0.156348
MDMin:  170 07:34:48    -2397.220985        0.155796
MDMin:  171 07:34:49    -2397.220989        0.155223
MDMin:  172 07:34:51    -2397.220992        0.154633
MDMin:  173 07:34:53    -2397.220996        0.154027
MDMin:  174 07:34:55    -2397.221000        0.153405
MDMin:  175 07:34:57    -2397.221005        0.152770
MDMin:  176 07:34:58    -2397.221009        0.152123
MDMin:  177 07:35:00    -2397.221013        0.151467
MDMin:  178 07:35:02    -2397.221018        0.150804
MDMin:  179 07:35:04    -2397.221023        0.150137
MDMin:  180 07:35:06    -2397.221028        0.149468
MDMin:  181 07:35:07    -2397.221033        0.148800
MDMin:  182 07:35:08    -2397.221038        0.148137
MDMin:  183 07:35:09    -2397.221044        0.147483
MDMin:  184 07:35:11    -2397.221049        0.146841
MDMin:  185 07:35:13    -2397.221055        0.146215
MDMin:  186 07:35:15    -2397.221061        0.145610
MDMin:  187 07:35:17    -2397.221067        0.145030
MDMin:  188 07:35:19    -2397.221073        0.144481
MDMin:  189 07:35:20    -2397.221079        0.143967
MDMin:  190 07:35:22    -2397.221086        0.143494
MDMin:  191 07:35:24    -2397.221092        0.143067
MDMin:  192 07:35:26    -2397.221099        0.142691
MDMin:  193 07:35:27    -2397.221106        0.142372
MDMin:  194 07:35:28    -2397.221113        0.142115
MDMin:  195 07:35:30    -2397.221120        0.141924
MDMin:  196 07:35:32    -2397.221127        0.141803
MDMin:  197 07:35:34    -2397.221134        0.141754
MDMin:  198 07:35:35    -2397.221142        0.141780
MDMin:  199 07:35:37    -2397.221149        0.141877
MDMin:  200 07:35:39    -2397.221157        0.142043
MDMin:  201 07:35:41    -2397.221165        0.142268
MDMin:  202 07:35:42    -2397.221173        0.142539
MDMin:  203 07:35:44    -2397.221181        0.142835
MDMin:  204 07:35:46    -2397.221189        0.143128
MDMin:  205 07:35:47    -2397.221197        0.143378
MDMin:  206 07:35:49    -2397.221206        0.143536
MDMin:  207 07:35:51    -2397.221214        0.143538
MDMin:  208 07:35:52    -2397.221222        0.143309
MDMin:  209 07:35:53    -2397.221231        0.142761
MDMin:  210 07:35:55    -2397.221240        0.141799
MDMin:  211 07:35:56    -2397.221248        0.140324
MDMin:  212 07:35:58    -2397.221257        0.138248
MDMin:  213 07:35:59    -2397.221266        0.135502
MDMin:  214 07:36:00    -2397.221275        0.132056
MDMin:  215 07:36:02    -2397.221284        0.127929
MDMin:  216 07:36:03    -2397.221294        0.123201
MDMin:  217 07:36:05    -2397.221303        0.118013
MDMin:  218 07:36:06    -2397.221313        0.112550
MDMin:  219 07:36:08    -2397.221323        0.107018
MDMin:  220 07:36:10    -2397.221333        0.101613
MDMin:  221 07:36:11    -2397.221343        0.096493
MDMin:  222 07:36:13    -2397.221353        0.091763
MDMin:  223 07:36:15    -2397.221363        0.087477
MDMin:  224 07:36:17    -2397.221374        0.083844
MDMin:  225 07:36:19    -2397.221384        0.082109
MDMin:  226 07:36:21    -2397.221395        0.081423
MDMin:  227 07:36:24    -2397.221406        0.081784
MDMin:  228 07:36:25    -2397.221417        0.082131
MDMin:  229 07:36:27    -2397.221428        0.082463
MDMin:  230 07:36:29    -2397.221439        0.082782
MDMin:  231 07:36:31    -2397.221450        0.083086
MDMin:  232 07:36:33    -2397.221461        0.083373
MDMin:  233 07:36:34    -2397.221472        0.083640
MDMin:  234 07:36:35    -2397.221484        0.083884
MDMin:  235 07:36:37    -2397.221495        0.084099
MDMin:  236 07:36:38    -2397.221506        0.084279
MDMin:  237 07:36:39    -2397.221518        0.084419
MDMin:  238 07:36:40    -2397.221529        0.084514
MDMin:  239 07:36:42    -2397.221541        0.084556
MDMin:  240 07:36:44    -2397.221552        0.084540
MDMin:  241 07:36:46    -2397.221559        0.117131
MDMin:  242 07:36:48    -2397.221562        0.084466
MDMin:  243 07:36:50    -2397.221564        0.084434
MDMin:  244 07:36:52    -2397.221567        0.084397
MDMin:  245 07:36:54    -2397.221570        0.084355
MDMin:  246 07:36:56    -2397.221573        0.084306
MDMin:  247 07:36:58    -2397.221576        0.084250
MDMin:  248 07:37:00    -2397.221580        0.084186
MDMin:  249 07:37:02    -2397.221583        0.084114
MDMin:  250 07:37:04    -2397.221586        0.084033
MDMin:  251 07:37:06    -2397.221590        0.083943
MDMin:  252 07:37:08    -2397.221593        0.083842
MDMin:  253 07:37:09    -2397.221597        0.083730
MDMin:  254 07:37:10    -2397.221601        0.083607
MDMin:  255 07:37:12    -2397.221605        0.083471
MDMin:  256 07:37:13    -2397.221608        0.083321
MDMin:  257 07:37:15    -2397.221612        0.083158
MDMin:  258 07:37:16    -2397.221616        0.082979
MDMin:  259 07:37:18    -2397.221620        0.082785
MDMin:  260 07:37:20    -2397.221625        0.082574
MDMin:  261 07:37:22    -2397.221629        0.082345
MDMin:  262 07:37:24    -2397.221633        0.082099
MDMin:  263 07:37:26    -2397.221638        0.081833
MDMin:  264 07:37:28    -2397.221642        0.081547
MDMin:  265 07:37:30    -2397.221647        0.081241
MDMin:  266 07:37:32    -2397.221651        0.080913
MDMin:  267 07:37:34    -2397.221656        0.080563
MDMin:  268 07:37:36    -2397.221661        0.080190
MDMin:  269 07:37:38    -2397.221665        0.079793
MDMin:  270 07:37:40    -2397.221670        0.079372
MDMin:  271 07:37:41    -2397.221675        0.078926
MDMin:  272 07:37:42    -2397.221680        0.078455
MDMin:  273 07:37:43    -2397.221685        0.077957
MDMin:  274 07:37:45    -2397.221690        0.077433
MDMin:  275 07:37:47    -2397.221696        0.076882
MDMin:  276 07:37:49    -2397.221701        0.076304
MDMin:  277 07:37:51    -2397.221706        0.075699
MDMin:  278 07:37:52    -2397.221711        0.075066
MDMin:  279 07:37:53    -2397.221717        0.074405
MDMin:  280 07:37:55    -2397.221722        0.073717
MDMin:  281 07:37:56    -2397.221728        0.073002
MDMin:  282 07:37:57    -2397.221734        0.072259
MDMin:  283 07:37:59    -2397.221739        0.071489
MDMin:  284 07:38:01    -2397.221745        0.070692
MDMin:  285 07:38:03    -2397.221751        0.069870
MDMin:  286 07:38:05    -2397.221756        0.069022
MDMin:  287 07:38:07    -2397.221762        0.068149
MDMin:  288 07:38:09    -2397.221768        0.067253
MDMin:  289 07:38:11    -2397.221774        0.066333
MDMin:  290 07:38:12    -2397.221780        0.065391
MDMin:  291 07:38:13    -2397.221786        0.064428
MDMin:  292 07:38:14    -2397.221793        0.063864
MDMin:  293 07:38:16    -2397.221799        0.063982
MDMin:  294 07:38:18    -2397.221805        0.064098
MDMin:  295 07:38:20    -2397.221811        0.064210
MDMin:  296 07:38:22    -2397.221818        0.064319
MDMin:  297 07:38:24    -2397.221824        0.064423
MDMin:  298 07:38:26    -2397.221830        0.064521
MDMin:  299 07:38:28    -2397.221837        0.064613
MDMin:  300 07:38:30    -2397.221843        0.064697
MDMin:  301 07:38:31    -2397.221850        0.064773
MDMin:  302 07:38:33    -2397.221857        0.064841
MDMin:  303 07:38:34    -2397.221863        0.064899
MDMin:  304 07:38:36    -2397.221870        0.064946
MDMin:  305 07:38:38    -2397.221877        0.064983
MDMin:  306 07:38:39    -2397.221884        0.065009
MDMin:  307 07:38:41    -2397.221890        0.065023
MDMin:  308 07:38:43    -2397.221897        0.065025
MDMin:  309 07:38:45    -2397.221904        0.065014
MDMin:  310 07:38:47    -2397.221911        0.064991
MDMin:  311 07:38:49    -2397.221918        0.064955
MDMin:  312 07:38:51    -2397.221925        0.064907
MDMin:  313 07:38:52    -2397.221933        0.064846
MDMin:  314 07:38:54    -2397.221940        0.064773
MDMin:  315 07:38:55    -2397.221947        0.064688
MDMin:  316 07:38:56    -2397.221954        0.064592
MDMin:  317 07:38:57    -2397.221961        0.064488
MDMin:  318 07:38:59    -2397.221967        0.084002
MDMin:  319 07:39:00    -2397.221970        0.064341
MDMin:  320 07:39:01    -2397.221971        0.064304
MDMin:  321 07:39:02    -2397.221973        0.064266
MDMin:  322 07:39:04    -2397.221975        0.064226
MDMin:  323 07:39:06    -2397.221977        0.064185
MDMin:  324 07:39:08    -2397.221980        0.064143
MDMin:  325 07:39:09    -2397.221982        0.064099
MDMin:  326 07:39:10    -2397.221984        0.064054
MDMin:  327 07:39:12    -2397.221986        0.064008
MDMin:  328 07:39:14    -2397.221989        0.063961
MDMin:  329 07:39:15    -2397.221991        0.063912
MDMin:  330 07:39:16    -2397.221993        0.063862
MDMin:  331 07:39:18    -2397.221996        0.063811
MDMin:  332 07:39:19    -2397.221998        0.063759
MDMin:  333 07:39:20    -2397.222001        0.063706
MDMin:  334 07:39:21    -2397.222004        0.063652
MDMin:  335 07:39:23    -2397.222006        0.063597
MDMin:  336 07:39:24    -2397.222009        0.063541
MDMin:  337 07:39:26    -2397.222012        0.063484
MDMin:  338 07:39:28    -2397.222015        0.063428
MDMin:  339 07:39:30    -2397.222018        0.063370
MDMin:  340 07:39:31    -2397.222021        0.063313
MDMin:  341 07:39:33    -2397.222023        0.063256
MDMin:  342 07:39:35    -2397.222027        0.063199
MDMin:  343 07:39:36    -2397.222030        0.063143
MDMin:  344 07:39:37    -2397.222033        0.063088
MDMin:  345 07:39:39    -2397.222036        0.063034
MDMin:  346 07:39:41    -2397.222039        0.062982
MDMin:  347 07:39:43    -2397.222042        0.062931
MDMin:  348 07:39:44    -2397.222046        0.062884
MDMin:  349 07:39:45    -2397.222049        0.062839
MDMin:  350 07:39:47    -2397.222052        0.062799
MDMin:  351 07:39:48    -2397.222056        0.062762
MDMin:  352 07:39:50    -2397.222059        0.062730
MDMin:  353 07:39:52    -2397.222063        0.062704
MDMin:  354 07:39:53    -2397.222066        0.062684
MDMin:  355 07:39:55    -2397.222070        0.062671
MDMin:  356 07:39:57    -2397.222074        0.062667
MDMin:  357 07:39:58    -2397.222077        0.062671
MDMin:  358 07:40:00    -2397.222081        0.062686
MDMin:  359 07:40:01    -2397.222085        0.062712
MDMin:  360 07:40:03    -2397.222088        0.062750
MDMin:  361 07:40:05    -2397.222092        0.062803
MDMin:  362 07:40:07    -2397.222096        0.062871
MDMin:  363 07:40:09    -2397.222100        0.062956
MDMin:  364 07:40:11    -2397.222104        0.063060
MDMin:  365 07:40:13    -2397.222108        0.063185
MDMin:  366 07:40:15    -2397.222112        0.063332
MDMin:  367 07:40:17    -2397.222116        0.063504
MDMin:  368 07:40:19    -2397.222120        0.063704
MDMin:  369 07:40:21    -2397.222124        0.063933
MDMin:  370 07:40:22    -2397.222128        0.064194
MDMin:  371 07:40:25    -2397.222132        0.064490
MDMin:  372 07:40:27    -2397.222136        0.064825
MDMin:  373 07:40:28    -2397.222140        0.065201
MDMin:  374 07:40:29    -2397.222144        0.065621
MDMin:  375 07:40:30    -2397.222148        0.066089
MDMin:  376 07:40:32    -2397.222152        0.066608
MDMin:  377 07:40:33    -2397.222156        0.067182
MDMin:  378 07:40:35    -2397.222160        0.067814
MDMin:  379 07:40:36    -2397.222164        0.068507
MDMin:  380 07:40:38    -2397.222168        0.069265
MDMin:  381 07:40:40    -2397.222172        0.070088
MDMin:  382 07:40:42    -2397.222176        0.070979
MDMin:  383 07:40:44    -2397.222180        0.071937
MDMin:  384 07:40:46    -2397.222184        0.072960
MDMin:  385 07:40:48    -2397.222189        0.074046
MDMin:  386 07:40:50    -2397.222193        0.075186
MDMin:  387 07:40:52    -2397.222197        0.076371
MDMin:  388 07:40:54    -2397.222200        0.077586
MDMin:  389 07:40:55    -2397.222204        0.078809
MDMin:  390 07:40:56    -2397.222208        0.080015
MDMin:  391 07:40:58    -2397.222212        0.081169
MDMin:  392 07:41:00    -2397.222216        0.082229
MDMin:  393 07:41:02    -2397.222220        0.083139
MDMin:  394 07:41:04    -2397.222223        0.083824
MDMin:  395 07:41:05    -2397.222226        0.084210
MDMin:  396 07:41:07    -2397.222228        0.084367
MDMin:  397 07:41:09    -2397.222229        0.084466
MDMin:  398 07:41:11    -2397.222230        0.084526
MDMin:  399 07:41:13    -2397.222232        0.084543
MDMin:  400 07:41:15    -2397.222233        0.084512
MDMin:  401 07:41:17    -2397.222234        0.084428
MDMin:  402 07:41:19    -2397.222236        0.084285
MDMin:  403 07:41:20    -2397.222237        0.084079
MDMin:  404 07:41:22    -2397.222239        0.083806
MDMin:  405 07:41:23    -2397.222240        0.083460
MDMin:  406 07:41:24    -2397.222242        0.083039
MDMin:  407 07:41:25    -2397.222244        0.082540
MDMin:  408 07:41:27    -2397.222245        0.081962
MDMin:  409 07:41:28    -2397.222247        0.081304
MDMin:  410 07:41:31    -2397.222248        0.080567
MDMin:  411 07:41:32    -2397.222250        0.079755
MDMin:  412 07:41:34    -2397.222252        0.078871
MDMin:  413 07:41:35    -2397.222254        0.077920
MDMin:  414 07:41:37    -2397.222255        0.076911
MDMin:  415 07:41:38    -2397.222257        0.075850
MDMin:  416 07:41:40    -2397.222259        0.074747
MDMin:  417 07:41:42    -2397.222261        0.073612
MDMin:  418 07:41:43    -2397.222263        0.072456
MDMin:  419 07:41:45    -2397.222265        0.071287
MDMin:  420 07:41:46    -2397.222266        0.070117
MDMin:  421 07:41:48    -2397.222268        0.068954
MDMin:  422 07:41:50    -2397.222270        0.067806
MDMin:  423 07:41:52    -2397.222272        0.066681
MDMin:  424 07:41:54    -2397.222274        0.065585
MDMin:  425 07:41:56    -2397.222276        0.064521
MDMin:  426 07:41:58    -2397.222278        0.063494
MDMin:  427 07:42:00    -2397.222280        0.062506
MDMin:  428 07:42:02    -2397.222282        0.061558
MDMin:  429 07:42:04    -2397.222284        0.060650
MDMin:  430 07:42:05    -2397.222286        0.059782
MDMin:  431 07:42:07    -2397.222289        0.058953
MDMin:  432 07:42:09    -2397.222291        0.058162
MDMin:  433 07:42:11    -2397.222293        0.058203
MDMin:  434 07:42:13    -2397.222295        0.058608
MDMin:  435 07:42:14    -2397.222297        0.059014
MDMin:  436 07:42:17    -2397.222299        0.059419
MDMin:  437 07:42:18    -2397.222301        0.059825
MDMin:  438 07:42:20    -2397.222304        0.060231
MDMin:  439 07:42:22    -2397.222306        0.060636
MDMin:  440 07:42:23    -2397.222308        0.061040
MDMin:  441 07:42:25    -2397.222310        0.061444
MDMin:  442 07:42:26    -2397.222313        0.061846
MDMin:  443 07:42:27    -2397.222315        0.062246
MDMin:  444 07:42:29    -2397.222317        0.062644
MDMin:  445 07:42:30    -2397.222319        0.063038
MDMin:  446 07:42:31    -2397.222322        0.063429
MDMin:  447 07:42:33    -2397.222324        0.063815
MDMin:  448 07:42:35    -2397.222326        0.064196
MDMin:  449 07:42:37    -2397.222328        0.064571
MDMin:  450 07:42:38    -2397.222331        0.064938
MDMin:  451 07:42:40    -2397.222333        0.065297
MDMin:  452 07:42:41    -2397.222335        0.065647
MDMin:  453 07:42:43    -2397.222338        0.065986
MDMin:  454 07:42:45    -2397.222340        0.066314
MDMin:  455 07:42:46    -2397.222342        0.066629
MDMin:  456 07:42:48    -2397.222345        0.066930
MDMin:  457 07:42:49    -2397.222347        0.067215
MDMin:  458 07:42:50    -2397.222349        0.067483
MDMin:  459 07:42:52    -2397.222352        0.067733
MDMin:  460 07:42:54    -2397.222354        0.067963
MDMin:  461 07:42:56    -2397.222356        0.068171
MDMin:  462 07:42:58    -2397.222359        0.068357
MDMin:  463 07:43:00    -2397.222361        0.068519
MDMin:  464 07:43:02    -2397.222364        0.068655
MDMin:  465 07:43:04    -2397.222366        0.068764
MDMin:  466 07:43:05    -2397.222368        0.068844
MDMin:  467 07:43:07    -2397.222371        0.068894
MDMin:  468 07:43:08    -2397.222373        0.068913
MDMin:  469 07:43:09    -2397.222375        0.068901
MDMin:  470 07:43:11    -2397.222377        0.071215
MDMin:  471 07:43:12    -2397.222378        0.068827
MDMin:  472 07:43:14    -2397.222379        0.068794
MDMin:  473 07:43:16    -2397.222380        0.068758
MDMin:  474 07:43:18    -2397.222381        0.068716
MDMin:  475 07:43:19    -2397.222382        0.068668
MDMin:  476 07:43:21    -2397.222383        0.068614
MDMin:  477 07:43:22    -2397.222384        0.068554
MDMin:  478 07:43:24    -2397.222385        0.068486
MDMin:  479 07:43:25    -2397.222385        0.068411
MDMin:  480 07:43:27    -2397.222386        0.068327
MDMin:  481 07:43:29    -2397.222387        0.068236
MDMin:  482 07:43:30    -2397.222388        0.068136
MDMin:  483 07:43:31    -2397.222389        0.068027
MDMin:  484 07:43:33    -2397.222391        0.067908
MDMin:  485 07:43:35    -2397.222392        0.067780
MDMin:  486 07:43:37    -2397.222393        0.067641
MDMin:  487 07:43:39    -2397.222394        0.067492
MDMin:  488 07:43:40    -2397.222395        0.067331
MDMin:  489 07:43:42    -2397.222396        0.067160
MDMin:  490 07:43:44    -2397.222397        0.066976
MDMin:  491 07:43:46    -2397.222398        0.066781
MDMin:  492 07:43:48    -2397.222399        0.066573
MDMin:  493 07:43:49    -2397.222401        0.066352
MDMin:  494 07:43:51    -2397.222402        0.066119
MDMin:  495 07:43:52    -2397.222403        0.065872
MDMin:  496 07:43:54    -2397.222404        0.065611
MDMin:  497 07:43:55    -2397.222405        0.065336
MDMin:  498 07:43:57    -2397.222407        0.065047
MDMin:  499 07:43:59    -2397.222408        0.064744
MDMin:  500 07:44:01    -2397.222409        0.064426
MDMin:  501 07:44:03    -2397.222410        0.064094
MDMin:  502 07:44:05    -2397.222412        0.063746
MDMin:  503 07:44:07    -2397.222413        0.063383
MDMin:  504 07:44:09    -2397.222414        0.063005
MDMin:  505 07:44:10    -2397.222416        0.062612
MDMin:  506 07:44:12    -2397.222417        0.062203
MDMin:  507 07:44:14    -2397.222418        0.061779
MDMin:  508 07:44:16    -2397.222420        0.061340
MDMin:  509 07:44:18    -2397.222421        0.061059
MDMin:  510 07:44:20    -2397.222422        0.061407
MDMin:  511 07:44:22    -2397.222424        0.061757
MDMin:  512 07:44:24    -2397.222425        0.062109
MDMin:  513 07:44:26    -2397.222427        0.062463
MDMin:  514 07:44:28    -2397.222428        0.062820
MDMin:  515 07:44:30    -2397.222429        0.063178
MDMin:  516 07:44:31    -2397.222431        0.063538
MDMin:  517 07:44:33    -2397.222432        0.063901
MDMin:  518 07:44:36    -2397.222434        0.064265
MDMin:  519 07:44:38    -2397.222435        0.064631
MDMin:  520 07:44:40    -2397.222437        0.065000
MDMin:  521 07:44:42    -2397.222438        0.065371
MDMin:  522 07:44:44    -2397.222440        0.065745
MDMin:  523 07:44:46    -2397.222441        0.066122
MDMin:  524 07:44:48    -2397.222443        0.066503
MDMin:  525 07:44:49    -2397.222444        0.066888
MDMin:  526 07:44:51    -2397.222446        0.067278
MDMin:  527 07:44:53    -2397.222447        0.067673
MDMin:  528 07:44:55    -2397.222449        0.068074
MDMin:  529 07:44:56    -2397.222450        0.068483
MDMin:  530 07:44:57    -2397.222452        0.068900
MDMin:  531 07:44:59    -2397.222453        0.069326
MDMin:  532 07:45:00    -2397.222455        0.069763
MDMin:  533 07:45:01    -2397.222456        0.070212
MDMin:  534 07:45:03    -2397.222458        0.070674
MDMin:  535 07:45:05    -2397.222460        0.071151
MDMin:  536 07:45:07    -2397.222461        0.071644
MDMin:  537 07:45:09    -2397.222463        0.072150
MDMin:  538 07:45:10    -2397.222464        0.072648
MDMin:  539 07:45:12    -2397.222465        0.079243
MDMin:  540 07:45:14    -2397.222466        0.073276
MDMin:  541 07:45:15    -2397.222466        0.073459
MDMin:  542 07:45:17    -2397.222467        0.073648
MDMin:  543 07:45:18    -2397.222468        0.073844
MDMin:  544 07:45:19    -2397.222468        0.074048
MDMin:  545 07:45:21    -2397.222469        0.074261
MDMin:  546 07:45:23    -2397.222469        0.074481
MDMin:  547 07:45:25    -2397.222470        0.074711
MDMin:  548 07:45:27    -2397.222470        0.074950
MDMin:  549 07:45:28    -2397.222471        0.075198
MDMin:  550 07:45:30    -2397.222472        0.075456
MDMin:  551 07:45:32    -2397.222472        0.075724
MDMin:  552 07:45:33    -2397.222473        0.076003
MDMin:  553 07:45:34    -2397.222474        0.076293
MDMin:  554 07:45:35    -2397.222474        0.076594
MDMin:  555 07:45:36    -2397.222475        0.076908
MDMin:  556 07:45:38    -2397.222476        0.077234
MDMin:  557 07:45:40    -2397.222476        0.077573
MDMin:  558 07:45:42    -2397.222477        0.077925
MDMin:  559 07:45:44    -2397.222478        0.078292
MDMin:  560 07:45:46    -2397.222479        0.078673
MDMin:  561 07:45:48    -2397.222479        0.079069
MDMin:  562 07:45:50    -2397.222480        0.079481
MDMin:  563 07:45:51    -2397.222481        0.079910
MDMin:  564 07:45:53    -2397.222482        0.080355
MDMin:  565 07:45:55    -2397.222482        0.080818
MDMin:  566 07:45:57    -2397.222483        0.081300
MDMin:  567 07:45:59    -2397.222484        0.081800
MDMin:  568 07:46:01    -2397.222485        0.082319
MDMin:  569 07:46:03    -2397.222486        0.082858
MDMin:  570 07:46:05    -2397.222487        0.083418
MDMin:  571 07:46:06    -2397.222487        0.083999
MDMin:  572 07:46:08    -2397.222488        0.084602
MDMin:  573 07:46:09    -2397.222489        0.085227
MDMin:  574 07:46:11    -2397.222490        0.085875
MDMin:  575 07:46:13    -2397.222491        0.086546
MDMin:  576 07:46:14    -2397.222492        0.087241
MDMin:  577 07:46:16    -2397.222492        0.087960
MDMin:  578 07:46:18    -2397.222493        0.088704
MDMin:  579 07:46:20    -2397.222494        0.089472
MDMin:  580 07:46:21    -2397.222495        0.090265
MDMin:  581 07:46:22    -2397.222496        0.091083
MDMin:  582 07:46:23    -2397.222497        0.091927
MDMin:  583 07:46:25    -2397.222498        0.092796
MDMin:  584 07:46:26    -2397.222499        0.093691
MDMin:  585 07:46:27    -2397.222500        0.094612
MDMin:  586 07:46:28    -2397.222501        0.095557
MDMin:  587 07:46:30    -2397.222501        0.096529
MDMin:  588 07:46:31    -2397.222502        0.097526
MDMin:  589 07:46:32    -2397.222503        0.098548
MDMin:  590 07:46:33    -2397.222504        0.099596
MDMin:  591 07:46:35    -2397.222505        0.100669
MDMin:  592 07:46:37    -2397.222506        0.101768
MDMin:  593 07:46:38    -2397.222507        0.102893
MDMin:  594 07:46:40    -2397.222508        0.104045
MDMin:  595 07:46:41    -2397.222509        0.105224
MDMin:  596 07:46:43    -2397.222510        0.106431
MDMin:  597 07:46:45    -2397.222511        0.107668
MDMin:  598 07:46:47    -2397.222511        0.108936
MDMin:  599 07:46:49    -2397.222512        0.110237
MDMin:  600 07:46:50    -2397.222513        0.111575
MDMin:  601 07:46:52    -2397.222514        0.112951
MDMin:  602 07:46:54    -2397.222515        0.114369
MDMin:  603 07:46:56    -2397.222516        0.115834
MDMin:  604 07:46:58    -2397.222517        0.117350
MDMin:  605 07:46:59    -2397.222518        0.118924
MDMin:  606 07:47:01    -2397.222519        0.120561
MDMin:  607 07:47:03    -2397.222519        0.122269
MDMin:  608 07:47:04    -2397.222520        0.124056
MDMin:  609 07:47:06    -2397.222521        0.125931
MDMin:  610 07:47:07    -2397.222522        0.127903
MDMin:  611 07:47:09    -2397.222523        0.129979
MDMin:  612 07:47:11    -2397.222524        0.132155
MDMin:  613 07:47:13    -2397.222525        0.134389
MDMin:  614 07:47:15    -2397.222525        0.136529
MDMin:  615 07:47:16    -2397.222526        0.138305
MDMin:  616 07:47:18    -2397.222526        0.139703
MDMin:  617 07:47:19    -2397.222527        0.141021
MDMin:  618 07:47:21    -2397.222527        0.142383
MDMin:  619 07:47:23    -2397.222527        0.143812
MDMin:  620 07:47:25    -2397.222528        0.145315
MDMin:  621 07:47:26    -2397.222528        0.146898
MDMin:  622 07:47:28    -2397.222529        0.148563
MDMin:  623 07:47:31    -2397.222529        0.150317
MDMin:  624 07:47:32    -2397.222529        0.152166
MDMin:  625 07:47:34    -2397.222530        0.154114
MDMin:  626 07:47:36    -2397.222530        0.156169
MDMin:  627 07:47:38    -2397.222531        0.158336
MDMin:  628 07:47:39    -2397.222531        0.160625
MDMin:  629 07:47:41    -2397.222531        0.163041
MDMin:  630 07:47:43    -2397.222532        0.165595
MDMin:  631 07:47:45    -2397.222532        0.168294
MDMin:  632 07:47:47    -2397.222533        0.171149
MDMin:  633 07:47:49    -2397.222533        0.174170
MDMin:  634 07:47:51    -2397.222533        0.177368
MDMin:  635 07:47:53    -2397.222534        0.180755
MDMin:  636 07:47:54    -2397.222534        0.184343
MDMin:  637 07:47:55    -2397.222535        0.188146
MDMin:  638 07:47:57    -2397.222535        0.192178
MDMin:  639 07:47:59    -2397.222535        0.196454
MDMin:  640 07:48:01    -2397.222536        0.200989
MDMin:  641 07:48:04    -2397.222536        0.205801
MDMin:  642 07:48:05    -2397.222537        0.210906
MDMin:  643 07:48:07    -2397.222537        0.216322
MDMin:  644 07:48:09    -2397.222537        0.222067
MDMin:  645 07:48:11    -2397.222538        0.228160
MDMin:  646 07:48:13    -2397.222538        0.234617
MDMin:  647 07:48:15    -2397.222539        0.241458
MDMin:  648 07:48:17    -2397.222539        0.248696
MDMin:  649 07:48:19    -2397.222539        0.256347
MDMin:  650 07:48:21    -2397.222540        0.264421
MDMin:  651 07:48:23    -2397.222540        0.272924
MDMin:  652 07:48:25    -2397.222540        0.281857
MDMin:  653 07:48:27    -2397.222541        0.291214
MDMin:  654 07:48:29    -2397.222541        0.300975
MDMin:  655 07:48:30    -2397.222541        0.311114
MDMin:  656 07:48:32    -2397.222542        0.321584
MDMin:  657 07:48:34    -2397.222542        0.332324
MDMin:  658 07:48:35    -2397.222542        0.343250
MDMin:  659 07:48:37    -2397.222543        0.354257
MDMin:  660 07:48:39    -2397.222543        0.365219
MDMin:  661 07:48:40    -2397.222543        0.375983
MDMin:  662 07:48:42    -2397.222544        0.386380
MDMin:  663 07:48:44    -2397.222544        0.396227
MDMin:  664 07:48:46    -2397.222544        0.405338
MDMin:  665 07:48:47    -2397.222545        0.413535
MDMin:  666 07:48:49    -2397.222545        0.420668
MDMin:  667 07:48:51    -2397.222545        0.426626
MDMin:  668 07:48:53    -2397.222545        0.431354
MDMin:  669 07:48:55    -2397.222546        0.434856
MDMin:  670 07:48:56    -2397.222546        0.437201
MDMin:  671 07:48:58    -2397.222546        0.438509
MDMin:  672 07:48:59    -2397.222547        0.438940
MDMin:  673 07:49:00    -2397.222547        0.438678
MDMin:  674 07:49:02    -2397.222547        0.437910
MDMin:  675 07:49:03    -2397.222547        0.436815
MDMin:  676 07:49:05    -2397.222548        0.435556
MDMin:  677 07:49:06    -2397.222548        0.434266
MDMin:  678 07:49:07    -2397.222548        0.433051
MDMin:  679 07:49:08    -2397.222549        0.431984
MDMin:  680 07:49:10    -2397.222549        0.431107
MDMin:  681 07:49:11    -2397.222549        0.430425
MDMin:  682 07:49:12    -2397.222550        0.429914
MDMin:  683 07:49:14    -2397.222550        0.429517
MDMin:  684 07:49:15    -2397.222550        0.429148
MDMin:  685 07:49:17    -2397.222551        0.428697
MDMin:  686 07:49:19    -2397.222551        0.428035
MDMin:  687 07:49:20    -2397.222551        0.427014
MDMin:  688 07:49:22    -2397.222552        0.425480
MDMin:  689 07:49:23    -2397.222552        0.423274
MDMin:  690 07:49:25    -2397.222552        0.420239
MDMin:  691 07:49:26    -2397.222553        0.416222
MDMin:  692 07:49:28    -2397.222553        0.411088
MDMin:  693 07:49:30    -2397.222553        0.404718
MDMin:  694 07:49:32    -2397.222554        0.397018
MDMin:  695 07:49:34    -2397.222554        0.387924
MDMin:  696 07:49:36    -2397.222555        0.377407
MDMin:  697 07:49:38    -2397.222555        0.365481
MDMin:  698 07:49:39    -2397.222555        0.352208
MDMin:  699 07:49:40    -2397.222556        0.337695
MDMin:  700 07:49:42    -2397.222556        0.322086
MDMin:  701 07:49:43    -2397.222557        0.305578
MDMin:  702 07:49:44    -2397.222557        0.288416
MDMin:  703 07:49:46    -2397.222558        0.270882
MDMin:  704 07:49:48    -2397.222558        0.253290
MDMin:  705 07:49:49    -2397.222559        0.235961
MDMin:  706 07:49:51    -2397.222560        0.219208
MDMin:  707 07:49:53    -2397.222560        0.203310
MDMin:  708 07:49:55    -2397.222561        0.188492
MDMin:  709 07:49:57    -2397.222562        0.174916
MDMin:  710 07:49:59    -2397.222562        0.162672
MDMin:  711 07:50:01    -2397.222563        0.151785
MDMin:  712 07:50:03    -2397.222564        0.142218
MDMin:  713 07:50:04    -2397.222565        0.133892
MDMin:  714 07:50:06    -2397.222565        0.126700
MDMin:  715 07:50:08    -2397.222566        0.120517
MDMin:  716 07:50:10    -2397.222567        0.115215
MDMin:  717 07:50:11    -2397.222568        0.110678
MDMin:  718 07:50:13    -2397.222569        0.106771
MDMin:  719 07:50:14    -2397.222570        0.103461
MDMin:  720 07:50:16    -2397.222571        0.100450
MDMin:  721 07:50:17    -2397.222572        0.099378
MDMin:  722 07:50:19    -2397.222572        0.105757
MDMin:  723 07:50:20    -2397.222573        0.143581
MDMin:  724 07:50:22    -2397.222573        0.107452
MDMin:  725 07:50:24    -2397.222573        0.108202
MDMin:  726 07:50:25    -2397.222573        0.109166
MDMin:  727 07:50:27    -2397.222574        0.110195
MDMin:  728 07:50:29    -2397.222574        0.111262
MDMin:  729 07:50:30    -2397.222574        0.112361
MDMin:  730 07:50:31    -2397.222574        0.113491
MDMin:  731 07:50:33    -2397.222574        0.114648
MDMin:  732 07:50:35    -2397.222575        0.115830
MDMin:  733 07:50:36    -2397.222575        0.117036
MDMin:  734 07:50:38    -2397.222575        0.118262
MDMin:  735 07:50:40    -2397.222575        0.119506
MDMin:  736 07:50:42    -2397.222576        0.120765
MDMin:  737 07:50:44    -2397.222576        0.122035
MDMin:  738 07:50:46    -2397.222576        0.123315
MDMin:  739 07:50:47    -2397.222576        0.124598
MDMin:  740 07:50:49    -2397.222576        0.125883
MDMin:  741 07:50:51    -2397.222577        0.127164
MDMin:  742 07:50:53    -2397.222577        0.128438
MDMin:  743 07:50:55    -2397.222577        0.129699
MDMin:  744 07:50:57    -2397.222577        0.130942
MDMin:  745 07:50:59    -2397.222577        0.133345
MDMin:  746 07:51:01    -2397.222578        0.137160
MDMin:  747 07:51:03    -2397.222578        0.141099
MDMin:  748 07:51:04    -2397.222578        0.145165
MDMin:  749 07:51:06    -2397.222578        0.149356
MDMin:  750 07:51:09    -2397.222579        0.153672
MDMin:  751 07:51:10    -2397.222579        0.158112
MDMin:  752 07:51:12    -2397.222579        0.162674
MDMin:  753 07:51:14    -2397.222579        0.167355
MDMin:  754 07:51:16    -2397.222579        0.172152
MDMin:  755 07:51:17    -2397.222580        0.177059
MDMin:  756 07:51:19    -2397.222580        0.182072
MDMin:  757 07:51:20    -2397.222580        0.187182
MDMin:  758 07:51:22    -2397.222580        0.192382
MDMin:  759 07:51:24    -2397.222580        0.197661
MDMin:  760 07:51:26    -2397.222581        0.203009
MDMin:  761 07:51:27    -2397.222581        0.208411
MDMin:  762 07:51:28    -2397.222581        0.213855
MDMin:  763 07:51:30    -2397.222581        0.219325
MDMin:  764 07:51:32    -2397.222582        0.224801
MDMin:  765 07:51:34    -2397.222582        0.230266
MDMin:  766 07:51:35    -2397.222582        0.235696
MDMin:  767 07:51:37    -2397.222582        0.241074
MDMin:  768 07:51:39    -2397.222582        0.246377
MDMin:  769 07:51:40    -2397.222583        0.251571
MDMin:  770 07:51:41    -2397.222583        0.256623
MDMin:  771 07:51:43    -2397.222583        0.261499
MDMin:  772 07:51:45    -2397.222583        0.266162
MDMin:  773 07:51:46    -2397.222583        0.270576
MDMin:  774 07:51:48    -2397.222584        0.274703
MDMin:  775 07:51:50    -2397.222584        0.278507
MDMin:  776 07:51:52    -2397.222584        0.281951
MDMin:  777 07:51:54    -2397.222584        0.284999
MDMin:  778 07:51:56    -2397.222585        0.287620
MDMin:  779 07:51:58    -2397.222585        0.289783
MDMin:  780 07:51:59    -2397.222585        0.291464
MDMin:  781 07:52:02    -2397.222585        0.292643
MDMin:  782 07:52:04    -2397.222585        0.293311
MDMin:  783 07:52:05    -2397.222586        0.293465
MDMin:  784 07:52:06    -2397.222586        0.293118
MDMin:  785 07:52:07    -2397.222586        0.292295
MDMin:  786 07:52:09    -2397.222586        0.291042
MDMin:  787 07:52:10    -2397.222586        0.289425
MDMin:  788 07:52:12    -2397.222587        0.287535
MDMin:  789 07:52:13    -2397.222587        0.285493
MDMin:  790 07:52:15    -2397.222587        0.283456
MDMin:  791 07:52:17    -2397.222587        0.281627
MDMin:  792 07:52:19    -2397.222588        0.280267
MDMin:  793 07:52:20    -2397.222588        0.279733
MDMin:  794 07:52:22    -2397.222588        0.280602
MDMin:  795 07:52:24    -2397.222588        0.284650
MDMin:  796 07:52:26    -2397.222589        0.291208
MDMin:  797 07:52:29    -2397.222589        0.299919
MDMin:  798 07:52:30    -2397.222589        0.308731
MDMin:  799 07:52:32    -2397.222589        0.313671
MDMin:  800 07:52:33    -2397.222590        0.312212
MDMin:  801 07:52:35    -2397.222590        0.304445
MDMin:  802 07:52:37    -2397.222590        0.291592
MDMin:  803 07:52:39    -2397.222590        0.274506
MDMin:  804 07:52:40    -2397.222590        0.253103
MDMin:  805 07:52:42    -2397.222591        0.226268
MDMin:  806 07:52:44    -2397.222591        0.202326
MDMin:  807 07:52:46    -2397.222591        0.193606
MDMin:  808 07:52:48    -2397.222592        0.180363
MDMin:  809 07:52:50    -2397.222592        0.160190
MDMin:  810 07:52:51    -2397.222592        0.516927
MDMin:  811 07:52:53    -2397.222592        1.148722
MDMin:  812 07:52:54    -2397.222592        1.130690
MDMin:  813 07:52:55    -2397.222592        0.854667
MDMin:  814 07:52:57    -2397.222592        0.947855
MDMin:  815 07:52:59    -2397.222592        0.992682
MDMin:  816 07:53:00    -2397.222592        1.021409
MDMin:  817 07:53:02    -2397.222592        1.041073
MDMin:  818 07:53:04    -2397.222592        1.054406
MDMin:  819 07:53:06    -2397.222592        1.062754
MDMin:  820 07:53:08    -2397.222592        1.066868
MDMin:  821 07:53:09    -2397.222592        1.067202
MDMin:  822 07:53:11    -2397.222592        1.064048
MDMin:  823 07:53:12    -2397.222593        1.057603
MDMin:  824 07:53:13    -2397.222593        1.048014
MDMin:  825 07:53:14    -2397.222593        1.035401
MDMin:  826 07:53:16    -2397.222593        1.019870
MDMin:  827 07:53:17    -2397.222593        1.001529
MDMin:  828 07:53:19    -2397.222593        0.980490
MDMin:  829 07:53:21    -2397.222593        0.956871
MDMin:  830 07:53:23    -2397.222593        0.930800
MDMin:  831 07:53:24    -2397.222593        0.902417
MDMin:  832 07:53:26    -2397.222593        0.871870
MDMin:  833 07:53:28    -2397.222593        0.839320
MDMin:  834 07:53:30    -2397.222593        0.804937
MDMin:  835 07:53:32    -2397.222593        0.768904
MDMin:  836 07:53:34    -2397.222593        0.731419
MDMin:  837 07:53:36    -2397.222593        0.692695
MDMin:  838 07:53:38    -2397.222593        0.652962
MDMin:  839 07:53:40    -2397.222593        0.612480
MDMin:  840 07:53:41    -2397.222594        0.571523
MDMin:  841 07:53:43    -2397.222594        0.530390
MDMin:  842 07:53:45    -2397.222594        0.489406
MDMin:  843 07:53:47    -2397.222594        0.448917
MDMin:  844 07:53:48    -2397.222594        0.409294
MDMin:  845 07:53:50    -2397.222594        0.370925
MDMin:  846 07:53:52    -2397.222594        0.334199
MDMin:  847 07:53:54    -2397.222595        0.299501
MDMin:  848 07:53:56    -2397.222595        0.289039
MDMin:  849 07:53:58    -2397.222595        0.327813
MDMin:  850 07:54:00    -2397.222595        0.344394
MDMin:  851 07:54:01    -2397.222595        0.350201
MDMin:  852 07:54:02    -2397.222595        0.345388
MDMin:  853 07:54:04    -2397.222596        0.331396
MDMin:  854 07:54:06    -2397.222596        0.309806
MDMin:  855 07:54:08    -2397.222596        0.281188
MDMin:  856 07:54:10    -2397.222596        0.245703
MDMin:  857 07:54:12    -2397.222596        0.203968
MDMin:  858 07:54:14    -2397.222597        0.158978
MDMin:  859 07:54:15    -2397.222597        0.157341
MDMin:  860 07:54:17    -2397.222597        0.144991
MDMin:  861 07:54:19    -2397.222597        0.128005
MDMin:  862 07:54:20    -2397.222598        0.110098
MDMin:  863 07:54:22    -2397.222598        0.089176
MDMin:  864 07:54:24    -2397.222598        0.089216
MDMin:  865 07:54:26    -2397.222599        0.085003
MDMin:  866 07:54:28    -2397.222599        0.074707
MDMin:  867 07:54:30    -2397.222599        0.079780
MDMin:  868 07:54:31    -2397.222600        0.089482
MDMin:  869 07:54:33    -2397.222600        0.094849
MDMin:  870 07:54:35    -2397.222600        0.099434
MDMin:  871 07:54:37    -2397.222601        0.107681
MDMin:  872 07:54:40    -2397.222601        0.169100
MDMin:  873 07:54:41    -2397.222601        0.114198
MDMin:  874 07:54:43    -2397.222601        0.115328
MDMin:  875 07:54:45    -2397.222601        0.116536
MDMin:  876 07:54:47    -2397.222601        0.117768
MDMin:  877 07:54:49    -2397.222601        0.119017
MDMin:  878 07:54:51    -2397.222601        0.120277
MDMin:  879 07:54:53    -2397.222601        0.121543
MDMin:  880 07:54:55    -2397.222601        0.122810
MDMin:  881 07:54:57    -2397.222602        0.124072
MDMin:  882 07:54:58    -2397.222602        0.125323
MDMin:  883 07:54:59    -2397.222602        0.126555
MDMin:  884 07:55:01    -2397.222602        0.127762
MDMin:  885 07:55:03    -2397.222602        0.128937
MDMin:  886 07:55:05    -2397.222602        0.130072
MDMin:  887 07:55:06    -2397.222602        0.131159
MDMin:  888 07:55:08    -2397.222602        0.132190
MDMin:  889 07:55:09    -2397.222602        0.133155
MDMin:  890 07:55:10    -2397.222602        0.134047
MDMin:  891 07:55:11    -2397.222602        0.134856
MDMin:  892 07:55:13    -2397.222602        0.135574
MDMin:  893 07:55:14    -2397.222602        0.136192
MDMin:  894 07:55:16    -2397.222602        0.136702
MDMin:  895 07:55:18    -2397.222603        0.137096
MDMin:  896 07:55:19    -2397.222603        0.137367
MDMin:  897 07:55:21    -2397.222603        0.137508
MDMin:  898 07:55:23    -2397.222603        0.137513
MDMin:  899 07:55:25    -2397.222603        0.137378
MDMin:  900 07:55:27    -2397.222603        0.137099
MDMin:  901 07:55:29    -2397.222603        0.136676
MDMin:  902 07:55:31    -2397.222603        0.136106
MDMin:  903 07:55:32    -2397.222603        0.135392
MDMin:  904 07:55:34    -2397.222603        0.134537
MDMin:  905 07:55:36    -2397.222603        0.133545
MDMin:  906 07:55:38    -2397.222604        0.132423
MDMin:  907 07:55:40    -2397.222604        0.136221
MDMin:  908 07:55:42    -2397.222604        0.141460
MDMin:  909 07:55:44    -2397.222604        0.146479
MDMin:  910 07:55:46    -2397.222604        0.151259
MDMin:  911 07:55:47    -2397.222604        0.155790
MDMin:  912 07:55:49    -2397.222604        0.160067
MDMin:  913 07:55:50    -2397.222604        0.164094
MDMin:  914 07:55:51    -2397.222604        0.167886
MDMin:  915 07:55:53    -2397.222604        0.171464
MDMin:  916 07:55:54    -2397.222605        0.174861
MDMin:  917 07:55:56    -2397.222605        0.178120
MDMin:  918 07:55:58    -2397.222605        0.181291
MDMin:  919 07:55:59    -2397.222605        0.184434
MDMin:  920 07:56:00    -2397.222605        0.187616
MDMin:  921 07:56:01    -2397.222605        0.190910
MDMin:  922 07:56:03    -2397.222605        0.194398
MDMin:  923 07:56:04    -2397.222605        0.198165
MDMin:  924 07:56:05    -2397.222605        0.202297
MDMin:  925 07:56:06    -2397.222606        0.206886
MDMin:  926 07:56:08    -2397.222606        0.212019
MDMin:  927 07:56:09    -2397.222606        0.217782
MDMin:  928 07:56:11    -2397.222606        0.224253
MDMin:  929 07:56:13    -2397.222606        0.231497
MDMin:  930 07:56:15    -2397.222606        0.239561
MDMin:  931 07:56:16    -2397.222606        0.248459
MDMin:  932 07:56:17    -2397.222606        0.258154
MDMin:  933 07:56:19    -2397.222606        0.268522
MDMin:  934 07:56:21    -2397.222606        0.279282
MDMin:  935 07:56:23    -2397.222607        0.289800
MDMin:  936 07:56:24    -2397.222607        0.338001
MDMin:  937 07:56:25    -2397.222607        0.426923
MDMin:  938 07:56:27    -2397.222607        0.582121
MDMin:  939 07:56:28    -2397.222607        0.535695
MDMin:  940 07:56:30    -2397.222607        0.539612
MDMin:  941 07:56:32    -2397.222607        0.802584
MDMin:  942 07:56:33    -2397.222607        0.700410
MDMin:  943 07:56:35    -2397.222607        0.631265
MDMin:  944 07:56:37    -2397.222607        0.574372
MDMin:  945 07:56:39    -2397.222607        0.524800
MDMin:  946 07:56:41    -2397.222607        0.518167
MDMin:  947 07:56:43    -2397.222607        0.509098
MDMin:  948 07:56:44    -2397.222607        0.495611
MDMin:  949 07:56:46    -2397.222607        0.478212
MDMin:  950 07:56:48    -2397.222607        0.457248
MDMin:  951 07:56:50    -2397.222607        0.432961
MDMin:  952 07:56:52    -2397.222607        0.405531
MDMin:  953 07:56:54    -2397.222607        0.375095
MDMin:  954 07:56:56    -2397.222607        0.341755
MDMin:  955 07:56:58    -2397.222607        0.305579
MDMin:  956 07:56:59    -2397.222607        0.266596
MDMin:  957 07:57:01    -2397.222607        0.224773
MDMin:  958 07:57:02    -2397.222607        0.179982
MDMin:  959 07:57:04    -2397.222607        0.147684
MDMin:  960 07:57:06    -2397.222607        0.128919
MDMin:  961 07:57:07    -2397.222607        0.109263
MDMin:  962 07:57:09    -2397.222608        0.091777
MDMin:  963 07:57:10    -2397.222608        0.083072
MDMin:  964 07:57:12    -2397.222608        0.098337
MDMin:  965 07:57:14    -2397.222608        0.118782
MDMin:  966 07:57:16    -2397.222608        0.135095
MDMin:  967 07:57:18    -2397.222608        0.148801
MDMin:  968 07:57:20    -2397.222608        0.160741
MDMin:  969 07:57:22    -2397.222608        0.171419
MDMin:  970 07:57:24    -2397.222608        0.181157
MDMin:  971 07:57:26    -2397.222608        0.190161
MDMin:  972 07:57:28    -2397.222608        0.198553
MDMin:  973 07:57:30    -2397.222608        0.206384
MDMin:  974 07:57:31    -2397.222608        0.215699
MDMin:  975 07:57:33    -2397.222609        0.243483
MDMin:  976 07:57:35    -2397.222609        0.276395
MDMin:  977 07:57:37    -2397.222609        0.316191
MDMin:  978 07:57:39    -2397.222609        0.365859
MDMin:  979 07:57:40    -2397.222609        0.431385
MDMin:  980 07:57:42    -2397.222609        0.529024
MDMin:  981 07:57:44    -2397.222609        0.756706
MDMin:  982 07:57:45    -2397.222609        0.721627
MDMin:  983 07:57:47    -2397.222609        0.694848
MDMin:  984 07:57:49    -2397.222609        0.668314
MDMin:  985 07:57:51    -2397.222609        0.640088
MDMin:  986 07:57:53    -2397.222609        0.609643
MDMin:  987 07:57:54    -2397.222609        0.577010
MDMin:  988 07:57:56    -2397.222609        0.542481
MDMin:  989 07:57:57    -2397.222609        0.506480
MDMin:  990 07:57:59    -2397.222609        0.469478
MDMin:  991 07:58:01    -2397.222609        0.431952
MDMin:  992 07:58:02    -2397.222609        0.394360
MDMin:  993 07:58:04    -2397.222609        0.357126
MDMin:  994 07:58:06    -2397.222609        0.320645
MDMin:  995 07:58:08    -2397.222609        0.285293
MDMin:  996 07:58:10    -2397.222610        0.251443
MDMin:  997 07:58:11    -2397.222610        0.219493
MDMin:  998 07:58:13    -2397.222610        0.189887
MDMin:  999 07:58:15    -2397.222610        0.163133
MDMin:  1000 07:58:17    -2397.222610        0.152252
MDMin:  1001 07:58:19    -2397.222610        0.144995
MDMin:  1002 07:58:21    -2397.222610        0.136086
MDMin:  1003 07:58:22    -2397.222610        0.125649
MDMin:  1004 07:58:23    -2397.222611        0.113293
MDMin:  1005 07:58:24    -2397.222611        0.095269
MDMin:  1006 07:58:26    -2397.222611        0.097451
MDMin:  1007 07:58:27    -2397.222611        0.127747
MDMin:  1008 07:58:28    -2397.222611        0.136108
MDMin:  1009 07:58:30    -2397.222611        0.121461
MDMin:  1010 07:58:32    -2397.222611        0.102996
MDMin:  1011 07:58:34    -2397.222611        0.095664
MDMin:  1012 07:58:35    -2397.222611        0.097453
MDMin:  1013 07:58:37    -2397.222611        0.101021
MDMin:  1014 07:58:39    -2397.222611        0.104184
MDMin:  1015 07:58:40    -2397.222612        0.106951
MDMin:  1016 07:58:42    -2397.222612        0.109531
MDMin:  1017 07:58:43    -2397.222612        0.111963
MDMin:  1018 07:58:45    -2397.222612        0.114188
MDMin:  1019 07:58:47    -2397.222612        0.116148
MDMin:  1020 07:58:48    -2397.222612        0.117822
MDMin:  1021 07:58:50    -2397.222612        0.119228
MDMin:  1022 07:58:51    -2397.222612        0.120411
MDMin:  1023 07:58:52    -2397.222612        0.121434
MDMin:  1024 07:58:54    -2397.222612        0.122368
MDMin:  1025 07:58:55    -2397.222612        0.123284
MDMin:  1026 07:58:57    -2397.222612        0.124252
MDMin:  1027 07:58:59    -2397.222612        0.125339
MDMin:  1028 07:59:00    -2397.222612        0.126615
MDMin:  1029 07:59:02    -2397.222613        0.128148
MDMin:  1030 07:59:04    -2397.222613        0.130013
MDMin:  1031 07:59:05    -2397.222613        0.132289
MDMin:  1032 07:59:06    -2397.222613        0.135069
MDMin:  1033 07:59:07    -2397.222613        0.138457
MDMin:  1034 07:59:08    -2397.222613        0.142577
MDMin:  1035 07:59:10    -2397.222613        0.147573
MDMin:  1036 07:59:12    -2397.222613        0.153616
MDMin:  1037 07:59:13    -2397.222613        0.160908
MDMin:  1038 07:59:15    -2397.222613        0.169686
MDMin:  1039 07:59:17    -2397.222613        0.180225
MDMin:  1040 07:59:19    -2397.222613        0.192834
MDMin:  1041 07:59:21    -2397.222613        0.207835
MDMin:  1042 07:59:23    -2397.222613        0.225495
MDMin:  1043 07:59:25    -2397.222613        0.245803
MDMin:  1044 07:59:27    -2397.222613        0.267748
MDMin:  1045 07:59:29    -2397.222614        0.286161
MDMin:  1046 07:59:31    -2397.222614        0.263631
MDMin:  1047 07:59:32    -2397.222614        0.294996
MDMin:  1048 07:59:33    -2397.222614        0.325028
MDMin:  1049 07:59:35    -2397.222614        0.344616
MDMin:  1050 07:59:37    -2397.222614        0.355144
MDMin:  1051 07:59:39    -2397.222614        0.359662
MDMin:  1052 07:59:40    -2397.222614        0.360574
MDMin:  1053 07:59:41    -2397.222614        0.359459
MDMin:  1054 07:59:43    -2397.222614        0.357252
MDMin:  1055 07:59:45    -2397.222614        0.354452
MDMin:  1056 07:59:47    -2397.222614        0.351280
MDMin:  1057 07:59:49    -2397.222614        0.347799
MDMin:  1058 07:59:51    -2397.222614        0.343993
MDMin:  1059 07:59:52    -2397.222614        0.339819
MDMin:  1060 07:59:55    -2397.222614        0.335234
MDMin:  1061 07:59:56    -2397.222614        0.330208
MDMin:  1062 07:59:58    -2397.222614        0.326561
MDMin:  1063 08:00:00    -2397.222614        0.329292
MDMin:  1064 08:00:02    -2397.222614        0.331323
MDMin:  1065 08:00:04    -2397.222615        0.332578
MDMin:  1066 08:00:06    -2397.222615        0.332987
MDMin:  1067 08:00:08    -2397.222615        0.332482
MDMin:  1068 08:00:10    -2397.222615        0.331002
MDMin:  1069 08:00:12    -2397.222615        0.328514
MDMin:  1070 08:00:14    -2397.222615        0.324829
MDMin:  1071 08:00:15    -2397.222615        0.319607
MDMin:  1072 08:00:16    -2397.222615        0.312598
MDMin:  1073 08:00:18    -2397.222615        0.303842
MDMin:  1074 08:00:19    -2397.222615        0.293650
MDMin:  1075 08:00:21    -2397.222615        0.282422
MDMin:  1076 08:00:23    -2397.222615        0.270413
MDMin:  1077 08:00:24    -2397.222615        0.257541
MDMin:  1078 08:00:26    -2397.222615        0.243206
MDMin:  1079 08:00:28    -2397.222616        0.225820
MDMin:  1080 08:00:30    -2397.222616        0.201583
MDMin:  1081 08:00:32    -2397.222616        0.292956
MDMin:  1082 08:00:34    -2397.222616        0.182141
MDMin:  1083 08:00:36    -2397.222616        0.142193
MDMin:  1084 08:00:37    -2397.222616        0.190823
MDMin:  1085 08:00:39    -2397.222616        0.282213
MDMin:  1086 08:00:41    -2397.222616        0.253704
MDMin:  1087 08:00:43    -2397.222616        0.212897
MDMin:  1088 08:00:45    -2397.222616        0.204036
MDMin:  1089 08:00:47    -2397.222616        0.173159
MDMin:  1090 08:00:49    -2397.222616        0.129616
MDMin:  1091 08:00:51    -2397.222616        0.101137
MDMin:  1092 08:00:53    -2397.222616        0.099776
MDMin:  1093 08:00:55    -2397.222616        0.099604
MDMin:  1094 08:00:57    -2397.222616        0.100257
MDMin:  1095 08:00:59    -2397.222616        0.101365
MDMin:  1096 08:01:01    -2397.222616        0.102656
MDMin:  1097 08:01:03    -2397.222616        0.105176
MDMin:  1098 08:01:05    -2397.222616        0.111214
MDMin:  1099 08:01:07    -2397.222616        0.113936
MDMin:  1100 08:01:09    -2397.222616        0.113817
MDMin:  1101 08:01:11    -2397.222616        0.111181
MDMin:  1102 08:01:13    -2397.222616        0.108398
MDMin:  1103 08:01:15    -2397.222616        0.108719
MDMin:  1104 08:01:17    -2397.222617        0.108838
MDMin:  1105 08:01:19    -2397.222617        0.108746
MDMin:  1106 08:01:20    -2397.222617        0.108440
MDMin:  1107 08:01:22    -2397.222617        0.107926
MDMin:  1108 08:01:23    -2397.222617        0.107209
MDMin:  1109 08:01:25    -2397.222617        0.106316
MDMin:  1110 08:01:27    -2397.222617        0.154096
MDMin:  1111 08:01:29    -2397.222617        0.269498
MDMin:  1112 08:01:30    -2397.222617        0.246060
MDMin:  1113 08:01:31    -2397.222617        0.211362
MDMin:  1114 08:01:32    -2397.222617        0.165021
MDMin:  1115 08:01:34    -2397.222617        0.118114
MDMin:  1116 08:01:35    -2397.222617        0.097552
MDMin:  1117 08:01:36    -2397.222617        0.096872
MDMin:  1118 08:01:38    -2397.222617        0.096397
MDMin:  1119 08:01:40    -2397.222617        0.096072
MDMin:  1120 08:01:42    -2397.222617        0.095837
MDMin:  1121 08:01:44    -2397.222617        0.095648
MDMin:  1122 08:01:46    -2397.222617        0.095475
MDMin:  1123 08:01:48    -2397.222617        0.095296
MDMin:  1124 08:01:50    -2397.222617        0.095101
MDMin:  1125 08:01:52    -2397.222617        0.094880
MDMin:  1126 08:01:53    -2397.222617        0.094629
MDMin:  1127 08:01:55    -2397.222617        0.094346
MDMin:  1128 08:01:57    -2397.222617        0.094031
MDMin:  1129 08:01:59    -2397.222617        0.093684
MDMin:  1130 08:02:01    -2397.222617        0.093308
MDMin:  1131 08:02:03    -2397.222617        0.092908
MDMin:  1132 08:02:05    -2397.222617        0.092487
MDMin:  1133 08:02:07    -2397.222618        0.092051
MDMin:  1134 08:02:08    -2397.222618        0.091606
MDMin:  1135 08:02:10    -2397.222618        0.091160
MDMin:  1136 08:02:11    -2397.222618        0.090718
MDMin:  1137 08:02:13    -2397.222618        0.090288
MDMin:  1138 08:02:15    -2397.222618        0.090216
MDMin:  1139 08:02:17    -2397.222618        0.091198
MDMin:  1140 08:02:18    -2397.222618        0.092233
MDMin:  1141 08:02:20    -2397.222618        0.093318
MDMin:  1142 08:02:22    -2397.222618        0.094446
MDMin:  1143 08:02:24    -2397.222618        0.095614
MDMin:  1144 08:02:26    -2397.222618        0.096816
MDMin:  1145 08:02:28    -2397.222618        0.098046
MDMin:  1146 08:02:30    -2397.222618        0.099300
MDMin:  1147 08:02:32    -2397.222618        0.100572
MDMin:  1148 08:02:34    -2397.222618        0.101859
MDMin:  1149 08:02:36    -2397.222618        0.103155
MDMin:  1150 08:02:38    -2397.222618        0.104457
MDMin:  1151 08:02:39    -2397.222618        0.105760
MDMin:  1152 08:02:41    -2397.222619        0.107063
MDMin:  1153 08:02:43    -2397.222619        0.108362
MDMin:  1154 08:02:44    -2397.222619        0.109655
MDMin:  1155 08:02:45    -2397.222619        0.110940
MDMin:  1156 08:02:47    -2397.222619        0.112214
MDMin:  1157 08:02:48    -2397.222619        0.113477
MDMin:  1158 08:02:50    -2397.222619        0.114727
MDMin:  1159 08:02:52    -2397.222619        0.115962
MDMin:  1160 08:02:53    -2397.222619        0.117182
MDMin:  1161 08:02:55    -2397.222619        0.118386
MDMin:  1162 08:02:57    -2397.222619        0.119572
MDMin:  1163 08:02:58    -2397.222619        0.120740
MDMin:  1164 08:03:00    -2397.222619        0.121889
MDMin:  1165 08:03:01    -2397.222619        0.123017
MDMin:  1166 08:03:02    -2397.222619        0.124125
MDMin:  1167 08:03:03    -2397.222620        0.125210
MDMin:  1168 08:03:05    -2397.222620        0.126272
MDMin:  1169 08:03:06    -2397.222620        0.127311
MDMin:  1170 08:03:08    -2397.222620        0.128324
MDMin:  1171 08:03:09    -2397.222620        0.129311
MDMin:  1172 08:03:11    -2397.222620        0.130272
MDMin:  1173 08:03:13    -2397.222620        0.131204
MDMin:  1174 08:03:15    -2397.222620        0.132108
MDMin:  1175 08:03:17    -2397.222620        0.132983
MDMin:  1176 08:03:19    -2397.222620        0.133828
MDMin:  1177 08:03:20    -2397.222620        0.134642
MDMin:  1178 08:03:21    -2397.222620        0.135426
MDMin:  1179 08:03:23    -2397.222620        0.136180
MDMin:  1180 08:03:24    -2397.222620        0.136903
MDMin:  1181 08:03:25    -2397.222620        0.137595
MDMin:  1182 08:03:27    -2397.222621        0.138258
MDMin:  1183 08:03:29    -2397.222621        0.138891
MDMin:  1184 08:03:31    -2397.222621        0.139495
MDMin:  1185 08:03:33    -2397.222621        0.140070
MDMin:  1186 08:03:35    -2397.222621        0.140615
MDMin:  1187 08:03:37    -2397.222621        0.141130
MDMin:  1188 08:03:39    -2397.222621        0.143629
MDMin:  1189 08:03:41    -2397.222621        0.146234
MDMin:  1190 08:03:43    -2397.222621        0.148859
MDMin:  1191 08:03:45    -2397.222621        0.151490
MDMin:  1192 08:03:46    -2397.222621        0.154107
MDMin:  1193 08:03:48    -2397.222621        0.156681
MDMin:  1194 08:03:50    -2397.222621        0.159175
MDMin:  1195 08:03:52    -2397.222621        0.161537
MDMin:  1196 08:03:53    -2397.222622        0.163691
MDMin:  1197 08:03:54    -2397.222622        0.165528
MDMin:  1198 08:03:56    -2397.222622        0.166893
MDMin:  1199 08:03:58    -2397.222622        0.167557
MDMin:  1200 08:04:00    -2397.222622        0.167188
MDMin:  1201 08:04:02    -2397.222622        0.165300
MDMin:  1202 08:04:04    -2397.222622        0.161177
MDMin:  1203 08:04:05    -2397.222622        0.153772
MDMin:  1204 08:04:06    -2397.222622        0.141574
MDMin:  1205 08:04:08    -2397.222622        0.122489
MDMin:  1206 08:04:11    -2397.222622        0.093982
MDMin:  1207 08:04:13    -2397.222622        0.054551
MDMin:  1208 08:04:15    -2397.222623        0.039518
