LAMMPS data file via write_data, version 11 Feb 2026, timestep = 2000000, units = metal

501 atoms
8 atom types

-0.0009286579612474992 17.86277573986123 xlo xhi
-0.0009286579612474992 17.86277573986123 ylo yhi
-0.0009286579612474992 17.86277573986123 zlo zhi

Masses

1 26.9815
2 10.811
3 12.011
4 51.9961
5 55.845
6 95.95999999999999
7 58.6934
8 1.008

Atoms # atomic/kk

2 7 0.16834566320732303 1.8183723118221442 1.895714208153849 0 0 0
121 5 3.429551584452371 3.5679212271395713 0.07079566779692494 0 0 0
3 4 1.7080184903580753 3.1813833448524065e-05 1.9537672012010079 0 0 0
5 7 0.11316223977553008 0.1232759743860164 3.4838264163338875 0 0 0
101 7 3.3333237135227796 0.0060462797648028754 0.06035397880385159 0 0 0
102 6 3.572050025899554 1.8575710258583986 1.8798320835742728 0 0 0
202 7 7.056938206317783 1.7879551198721388 1.8070189521891986 0 0 0
125 7 3.7025621845736207 3.5360170321362996 3.548234127457769 0 0 0
105 7 3.707515414628815 0.042960450315650434 3.5116338069299906 0 0 0
104 7 5.354923061894155 1.825170244938094 0.13164596148994434 0 0 0
302 7 10.683111792314907 1.787262133977951 1.92610968149562 0 0 0
208 7 8.751129671899987 1.7312592432195928 3.5388963719105577 0 0 0
204 7 8.831538620770784 1.6845232228943474 0.17237732578802023 0 0 0
321 7 10.720781384608095 3.362800142805441 0.18269681457506337 0 0 0
421 7 14.11654951468913 3.4598889393386076 0.03991607401144412 0 0 0
303 6 12.367897592409614 0.006362537058119955 1.6419267753818851 0 0 0
425 7 14.280914848147143 3.5658510372009538 3.462916376245847 0 0 0
402 7 14.306949848331978 1.8743118819481428 1.7572472100673588 0 0 0
404 7 16.18978246192079 1.8509819872124023 0.04240468110066849 0 0 0
401 7 14.315389781758922 0.03155200658993411 0.0252905155119841 0 0 0
423 4 16.051390883858826 3.5612502397558554 1.7320889143297882 0 0 0
23 4 1.7214711349708767 3.7150904171889607 1.89460435738567 0 0 0
122 7 3.5350384031734583 5.473010026613624 1.7408541756996656 0 0 0
28 7 1.7487498547302367 5.3887070773461065 3.508123123420309 0 0 0
21 7 0.10355542123789974 3.644314052233969 0.04980346602488439 0 0 0
24 7 1.7131549394925083 5.3823465475120145 0.06915325692630603 0 0 0
123 7 5.40803880450454 3.6186976129783672 1.8158600170848314 0 0 0
128 7 5.347009800258972 5.556920465486942 3.4193809440396286 0 0 0
223 4 8.901307390123195 3.7165298933893824 1.7197712503503597 0 0 0
222 6 7.179216218023524 5.3354716637372475 1.7002501230894673 0 0 0
322 6 10.704521439747055 5.5510924429796775 1.7879656095325813 0 0 0
325 7 10.664053705763067 3.6924855694721987 3.5091070288760986 0 0 0
323 7 12.608620238664038 3.6320744969361227 1.8523619141200434 0 0 0
422 7 14.284627569993605 5.379217436496727 1.8068868785901058 0 0 0
441 7 14.21206597599627 7.104842325222642 0.04807836472924121 0 0 0
445 7 14.189353018482988 7.002062951575985 3.5493475562293244 0 0 0
343 5 12.582265089936861 7.135355790115926 1.717814209044819 0 0 0
328 7 12.539542399071077 5.366454781265027 3.5508914545858614 0 0 0
324 7 12.444600637484502 5.403256683740398 0.024519256899882436 0 0 0
22 7 17.817583705338485 5.228558196558863 1.8019285220820966 -1 0 0
428 7 15.9502706633538 5.492827537328439 3.5375414068311395 0 0 0
424 6 15.946363609278121 5.294072282120284 0.05832676192423343 0 0 0
43 7 1.7030731566190054 7.2001889827398795 1.757617767559972 0 0 0
145 7 3.392022717832414 7.198938765816069 3.4350063093535 0 0 0
45 7 0.006088820507994086 7.235483178054402 3.474005201075462 0 0 0
463 4 1.56912716835414 8.91056577452687 0.06629550191695799 1 0 0
63 2 2.078404125971317 10.393113312446236 1.8953839235805046 0 0 0
62 7 0.07231919188856173 9.318962099165153 2.0302811597018304 0 0 0
142 7 3.468901497913965 10.604504497021763 3.5074504833046833 0 0 0
44 7 3.4829889292939806 8.885901949503229 1.7224046930157744 0 0 0
161 7 3.219170334278485 10.669250756039963 0.06745175219310795 0 0 0
143 7 5.250649307220121 7.259652489374539 1.4840354772930142 0 0 0
148 7 5.2839459299931715 8.730886105460783 3.369100671945383 0 0 0
163 4 5.276129595624331 10.557344884500427 1.6227828015681365 0 0 0
243 4 8.99694429293929 7.368149192877919 1.8596298470101644 0 0 0
242 7 7.206089483152401 8.86628907302081 1.6211099899639725 0 0 0
245 7 7.201476454877313 7.366491765658694 3.4471781657799623 0 0 0
265 4 7.144630681574021 10.682884229175533 3.381717019268313 0 0 0
263 7 8.856102290075372 10.566974027297801 1.5498887214094241 0 0 0
342 7 10.842151468104502 9.055112140764592 1.5984048136922568 0 0 0
442 7 14.053368040433078 8.79517923549319 1.851026667828652 0 0 0
465 7 14.188499150457234 10.615665268299084 3.47265167642772 0 0 0
41 1 17.764119574319857 7.145096284622872 0.15935357216654686 -1 0 0
443 7 15.874182588385219 7.259844809544178 1.8465994969162158 0 0 0
42 3 15.92115756485087 9.5071093223341 1.6533230747751742 -1 0 0
461 6 14.687386224162406 10.680238733304146 0.33187371042372277 0 0 0
68 7 1.0574082100095927 11.406718264445827 3.1140092445880505 0 0 0
64 7 0.6604516286881047 11.457443789864667 0.6916128167133251 0 0 0
162 7 3.2293004051113634 12.386503415903134 1.8379623124679239 0 0 0
83 6 1.2159177531877763 13.80222630809622 2.470811027006804 0 0 0
181 7 3.1037640164221156 14.14482569310708 0.20515011606736244 0 0 0
81 5 0.0008647222423121548 14.256299190940284 0.29000845595693764 0 0 0
168 7 5.2040991189319685 12.369295454335214 3.3676918325291885 0 0 0
164 7 4.975831662241937 12.520144028756555 0.07574554951947447 0 0 0
262 6 7.1372098472830015 12.60405478376317 1.3610607735373992 0 0 0
183 7 5.109725183162719 14.222802381662627 1.758483261473731 0 0 0
188 3 5.421653589993594 14.263192376109343 3.5486046167278795 0 0 0
385 7 10.67926885724488 14.220796877774573 3.5028765321972988 0 0 0
283 7 9.051173206559952 14.186299477669264 1.5691343409726732 0 0 0
268 4 8.982450263819793 12.428932045507002 3.4354365512287512 0 0 0
362 6 10.551886605693985 12.318285677409179 1.68615670788898 0 0 0
381 7 10.696046662852908 14.124682909441933 -0.0005635937601766727 0 0 0
285 7 7.2839658078945755 14.130749867017936 3.544833917861524 0 0 0
363 5 12.580857542672572 10.735846360297684 1.6951497533461164 0 0 0
364 6 12.749122998935388 12.588685650404912 0.047432265323553886 0 0 0
462 7 14.249196078745527 12.651652686606662 2.097728191101944 0 0 0
368 7 12.147641722423492 12.202503813524647 3.479704712198145 0 0 0
468 6 16.553357994342115 11.432279614562255 2.6607468745656564 0 0 0
464 7 16.365346634940018 12.49830945450703 0.0996490684786729 0 0 0
483 6 16.180788569442832 13.954160728162979 2.390071704988025 0 0 0
481 7 14.470855816677663 14.175997738000774 0.18739106422152624 0 0 0
1 7 0.11607179391318567 17.809014403064058 0.22386362637930945 0 -1 0
182 7 3.3220029319420674 16.24138678522282 1.743488000834901 0 0 0
84 7 1.6580782561291652 15.897882733090926 0.24755491307045774 0 0 0
103 7 5.210531791202236 17.778920112895772 1.7197310937536696 0 -1 0
282 7 7.014271025020988 15.741222680710031 1.5780913880624996 0 0 0
205 1 6.865483849643202 17.673555284166163 3.4229253819626098 0 -1 0
184 7 4.98965282553987 16.00520559692888 0.1302706009731432 0 0 0
201 4 7.028298058292599 17.75443177355851 0.09642786079936194 0 -1 0
203 4 8.823747291132111 17.85644664815843 1.9042891442044942 0 -1 0
288 7 8.818268760356188 15.951687727485767 3.445239017011381 0 0 0
382 7 10.594786986952373 16.054200717971376 1.7558473994656902 0 0 0
284 7 8.86164342794857 16.136453738438252 0.09873129170204002 0 0 0
383 7 12.417684405273402 14.350022546980766 1.90470620132514 0 0 0
388 7 12.44129878528303 16.13392323744177 3.4508252250729887 0 0 0
485 2 13.80799361117565 14.524748155909906 3.4181637653349712 0 0 0
403 7 16.01206399106523 17.83845785479641 1.7772430312210463 0 -1 0
82 7 17.779636326472605 15.915463482951813 2.126782374697744 -1 0 0
482 7 14.421928878002792 15.83169423895559 2.0951731122759063 0 0 0
484 7 16.2137852432244 16.076431814103806 0.13150253019952823 0 0 0
8 7 1.9459204041434148 1.8402982067491456 3.755776473199001 0 0 0
7 7 1.8861293162317372 0.02881097461482899 5.364481863127025 0 0 0
29 3 1.5815352168234063 3.530806068975034 7.010455052860367 0 0 0
12 7 1.7543605384547303 1.6955152983710111 7.099256559603359 0 0 0
108 7 5.348445847633516 1.8143297565275762 3.636955712293563 0 0 0
106 7 3.859094271649649 1.8091505940617347 5.466643657370091 0 0 0
206 6 6.946289557054362 1.7832509494483018 5.537379091095753 0 0 0
306 7 10.708894546281762 1.7632125743796043 5.300934102960255 0 0 0
329 7 10.647484632970805 3.538436973225054 7.057169111177956 0 0 0
308 7 12.572387306076557 1.8250134744274211 3.653743375694492 0 0 0
312 7 12.63367805546883 1.8041906352060522 7.0520988233925666 0 0 0
408 7 15.975453707621753 1.874872747764431 3.641172005502883 0 0 0
406 7 14.344899156526434 1.788274614955738 5.268469294279919 0 0 0
405 6 14.29975740419272 0.0625701589211907 3.6239110455518353 0 0 0
407 1 17.785908488381526 1.6950801409571679 5.2734360320340965 0 0 0
412 7 16.04628461524921 1.778940292579605 7.093496410169101 0 0 0
27 5 1.783672702262267 3.5837828950124 5.156658962355706 0 0 0
126 7 3.4629117697899865 5.395807154658436 5.139329943775279 0 0 0
32 4 1.8150699738533524 5.425276234458406 7.140490494555884 0 0 0
26 7 0.022921712998059087 5.342550676420167 5.402426554977188 0 0 0
25 7 0.1060826189101015 3.601390747446202 3.5850258536222737 0 0 0
47 7 1.680589397403873 7.127569734450831 5.345815383708224 0 0 0
127 7 5.409526767658091 3.893319390538793 5.270083241464438 0 0 0
147 1 5.241281592871709 7.051692907429272 5.248855845964813 0 0 0
129 7 3.586620001479259 3.6003322206520973 6.955185446495276 0 0 0
132 7 5.343723111992899 5.4433343154019305 7.08686842758687 0 0 0
225 7 7.186396022409009 3.646651538548378 3.6706343287253542 0 0 0
227 7 8.89325899780134 3.6160076473703375 5.322066862264979 0 0 0
228 7 8.857886261723575 5.272355213386704 3.601901018850627 0 0 0
226 7 7.147989688448183 5.601770229055825 5.225074508413978 0 0 0
232 7 8.989547873623257 5.292271901663201 7.06837961941248 0 0 0
249 4 7.21667493000128 7.021298596804264 7.120227207770534 0 0 0
327 3 12.446820593237593 3.6482571290714225 7.067325616053016 0 0 0
326 7 10.752703369780226 5.479653180468471 5.2495365872818 0 0 0
347 7 12.449000585329799 7.1215456228134375 5.332884367316717 0 0 0
332 7 12.547407279185675 5.444512916106584 7.0918914993998445 0 0 0
6 7 17.662707559330983 3.630464653094478 7.1161651224735705 -1 0 0
426 7 14.321734733130226 5.38555805377876 5.275945999792279 0 0 0
427 7 16.04587828330544 3.59159204837341 5.368734294367076 0 0 0
432 7 16.180796676692378 5.4164297182678744 7.126125682575476 0 0 0
65 7 1.7341381306081014 8.898994718473144 3.5966708191997063 0 0 0
149 7 3.469638758247013 7.166462679454504 7.087064815979428 0 0 0
46 7 0.10938068934962075 9.007402646074997 5.198594729587003 0 0 0
52 6 1.6757802367902792 8.981562423639645 7.1027764687778845 0 0 0
146 3 3.588991295251617 9.021735061127249 7.103245935237393 0 0 0
48 7 3.611229468773534 9.002553264716433 5.237433850738214 0 0 0
165 3 5.301137688157993 10.510604018710804 3.6668379912087374 0 0 0
167 7 5.380208829032339 10.716342946681369 5.404187224774135 0 0 0
152 7 5.50766118772705 8.8425058914243 7.015620725427017 0 0 0
248 7 9.192245665173438 9.196655001581433 3.571932920574443 0 0 0
246 6 7.22825517725604 9.119512007406454 5.109173245161347 0 0 0
247 7 8.882825451889621 7.187700314329549 5.365508393885515 0 0 0
252 7 8.8871936710424 8.895409869708507 7.132775544703167 0 0 0
267 7 9.137953701402989 10.667560611066785 5.433789594306098 0 0 0
345 7 10.730203125938226 7.190954516958209 3.6448375242444166 0 0 0
348 7 12.25812923792168 8.986257473585654 3.6587682144299887 0 0 0
365 2 10.854691744868015 10.425379132122314 4.303281350744248 0 0 0
346 7 10.791296916244475 8.959173371836034 5.553962968066496 0 0 0
446 7 14.275373078232427 8.930033695276105 5.287685060153073 0 0 0
449 7 14.208536798693421 7.182794467956751 7.064283716899948 0 0 0
448 4 16.06911937634476 8.824323446578388 3.614122826912893 0 0 0
447 6 16.080403523117496 7.176626438296006 5.294546690005403 0 0 0
452 5 16.125598520597844 9.033042516332047 6.957152808239463 0 0 0
67 7 1.7998575660645817 10.935718769671972 5.235024185728874 0 0 0
166 1 3.469379026511762 12.539341877533564 5.230236879604109 0 0 0
72 7 1.7557854718311097 12.684602399379598 7.018396954869915 0 0 0
69 7 0.010741805489544731 10.870715048298736 6.949401476451196 0 0 0
87 7 1.7096589285505117 14.162064900182925 5.1101303529125195 0 0 0
266 7 7.135205039383579 12.290482295538379 5.30832094684487 0 0 0
187 7 5.401401261526978 14.228992186422195 5.277953632492702 0 0 0
287 7 8.805190202481764 14.118138181772185 5.265364482505947 0 0 0
501 8 8.75711340402317 14.256468075294489 7.098372594329214 0 0 0
367 7 12.65121450374768 10.74256741176416 5.323367364527668 0 0 0
366 7 10.806236575644146 12.62232532156924 5.464014579963638 0 0 0
372 7 12.653560764175348 12.541149551391332 7.013494205519108 0 0 0
387 7 12.512699587474907 14.217850518127591 5.012489811538393 0 0 0
467 7 16.21416870801255 10.720938228281023 5.069921278216822 0 0 0
469 7 14.610355916492026 10.786034596332154 7.010928246584929 0 0 0
66 4 17.669718499988125 12.716045023383773 4.81182937581644 -1 0 0
466 6 14.503107723552823 12.687090974217572 4.771422380685056 0 0 0
472 7 16.201592616831437 12.596232446989323 6.985296158013165 0 0 0
489 7 14.427398317497737 14.244199858054346 6.920061199286577 0 0 0
88 7 1.6874287518335407 16.17068352189638 3.595356452568991 0 0 0
86 7 0.020613115773855384 16.312883475157538 5.432704698387914 0 0 0
92 7 1.7469087456389454 16.10066163115258 7.031164701818219 0 0 0
89 7 0.1005345385679135 14.320221142393798 7.0697576769649295 0 0 0
185 7 3.5994677486143076 14.389373223366 3.588698168888776 0 0 0
186 7 3.6115316886087614 15.94639887136235 5.382066581888113 0 0 0
107 7 5.3747445300422445 17.767124750860006 5.467777571932663 0 -1 0
305 7 10.713227162288076 17.841491291630906 3.5974757193057134 0 -1 0
207 7 8.95062108509036 17.81753957076291 5.309543327758446 0 -1 0
286 7 7.154668737646951 16.132163980046826 5.3506626380778615 0 0 0
386 7 10.65679800488278 15.966963183843944 5.190003627192156 0 0 0
292 7 8.93703898314251 16.128666104903463 7.047762309150238 0 0 0
409 7 14.24408229452963 17.803472430199818 7.0039571158098655 0 -1 0
389 7 10.720576116286582 14.334419890151219 7.137033935098908 0 0 0
307 7 12.460796862308767 17.675661682748594 5.311615109318215 0 -1 0
392 7 12.531554213471544 15.948759838517118 7.024865338805039 0 0 0
486 7 14.202457568318588 15.924861565609632 5.139131790236039 0 0 0
309 6 10.797970692912275 17.736908210447847 7.0115316723176635 0 -1 0
85 2 17.71475989924958 14.852305086800248 3.9398264103478557 -1 0 0
488 7 16.163189667849167 16.31270195875279 3.7799175249570722 0 0 0
487 7 16.17148195625279 14.41967510046995 5.2711639729238895 0 0 0
492 7 16.043627903054777 16.238255476709774 6.934761645629486 0 0 0
16 7 1.832714291241876 1.6986755131355744 10.585203407200584 0 0 0
31 4 1.7086574527687604 3.495367377972388 8.910239702245429 0 0 0
112 2 5.389540917396782 1.0735272449232065 7.33920409463374 0 0 0
110 5 3.7321860345035645 1.7633529929624636 8.716783734866603 0 0 0
213 6 7.139387264848555 0.148033402400241 10.691152595331465 0 0 0
116 6 5.170757583788932 1.8521078619079165 10.544834361602547 0 0 0
212 7 9.089719430131163 1.7906728223797737 7.187187863317549 0 0 0
210 7 7.245076055518161 1.7121276861769905 8.789403848224465 0 0 0
310 7 10.583022955446253 1.6776049212511996 8.936921053955079 0 0 0
233 7 7.155430255545845 3.458068392453796 10.694729202132773 0 0 0
316 7 12.417583979026757 1.8255468394876928 10.639618213635055 0 0 0
410 5 14.220581267499577 1.8155917855941945 8.991532097525965 0 0 0
331 7 12.440968411361014 3.4715238432120152 8.899897723088387 0 0 0
9 7 17.76082238250504 0.11738450136366933 7.198863317872381 -1 0 0
10 7 17.861044825655497 1.7407524148392035 8.902090944943057 -1 0 0
13 7 17.80005917514539 0.05713409468738817 10.669027654593021 -1 0 0
411 7 15.881613783036943 0.08476786114190343 8.924665992632082 0 0 0
33 6 17.78049442944032 3.5482699865611673 10.70897393142962 -1 0 0
130 7 3.4891093210786894 5.424842823503012 8.958012785305979 0 0 0
30 7 0.02930951250605318 5.452133840537068 8.965793790863964 0 0 0
36 7 1.7285442003288614 5.3556928016446195 10.671402667643243 0 0 0
133 6 3.5232767443383577 3.744427774876103 10.689690533449067 0 0 0
131 7 5.311437889869959 3.575561220569115 8.746283440110362 0 0 0
229 6 7.100769417372374 3.7917321043764236 7.157015846516477 0 0 0
230 7 6.979409432726988 5.554851893629789 9.079767829575655 0 0 0
231 7 8.862154962500178 3.6041556285202283 8.885144350910261 0 0 0
251 7 9.011885854037759 7.004424462294377 8.842877914850602 0 0 0
330 7 10.777966678748292 5.362744768074562 9.031035660191561 0 0 0
430 7 14.216995481530693 5.4149080387810296 8.992962980188162 0 0 0
429 7 14.293029411665573 3.775061277986943 7.215302898526835 0 0 0
431 7 15.92807423419379 3.613953723829715 9.02675446372096 0 0 0
451 7 16.07173294655096 7.0633387577637015 8.939249977978811 0 0 0
51 5 1.6577985570923581 7.2114435375387895 8.959817820862938 0 0 0
56 7 1.6969259072411207 8.921412486804837 10.621290554773362 0 0 0
173 7 3.5381936154971316 10.674162730311954 10.692626838664482 0 0 0
153 7 3.5020614868037683 7.2730047935810225 10.662232888601464 0 0 0
151 7 5.3492559955486385 7.266484518028671 9.121500207772327 0 0 0
150 7 3.5907793700031987 8.967085611277994 8.99612599757616 0 0 0
269 7 7.143168584017147 10.524638778311358 7.176945421017081 0 0 0
171 7 5.358056236379177 10.692083506281314 9.030864148059578 0 0 0
250 6 7.248285020251612 8.80897042673074 9.01162930097446 0 0 0
350 7 10.658642480207671 8.772641162291022 9.094240201011528 0 0 0
271 7 9.005539902049216 10.678117818482999 9.077367549917662 0 0 0
352 7 12.539909903529507 8.988945708483607 7.317909674560221 0 0 0
349 7 10.877142073262055 7.197861320533007 7.218054977198713 0 0 0
369 5 10.821514647222498 10.717270052871159 7.227828797312737 0 0 0
351 4 12.537634517059931 7.212853024008308 8.95756306823391 0 0 0
356 6 12.553612664943628 8.979233318995679 10.609615328336021 0 0 0
373 2 11.079300973662512 10.619445862386996 9.376426397353153 0 0 0
49 7 17.751756431305697 7.264161884751082 7.258852104122583 -1 0 0
450 7 14.458001541628091 8.961818552297656 8.764487113563469 0 0 0
50 7 17.684564591089348 8.90284278637805 8.971520709049273 -1 0 0
453 5 14.532922642747824 7.3881925216616935 10.655644545413818 0 0 0
169 5 3.4287252850490786 10.926101201366254 7.157287634736296 0 0 0
71 7 1.7048727160368862 10.763278177604668 8.867718553441964 0 0 0
76 7 1.7071685913867356 12.576017069972345 10.58283917609369 0 0 0
193 7 3.515144565849468 14.16881924937228 10.61201699313638 0 0 0
170 7 3.589331614996136 12.518307708771482 8.830363678712786 0 0 0
172 7 5.382073465618429 12.449690148675547 7.229885369681577 0 0 0
191 7 5.5107342334489395 14.286941325701127 8.898501309082206 0 0 0
176 7 5.2967774418616145 12.600404835928767 10.689272395707322 0 0 0
272 1 8.824069973263454 12.248598460350198 7.183855317836358 0 0 0
270 7 7.150733235972185 12.40288724694242 9.06219137290513 0 0 0
370 7 10.7630119368185 12.422447315351981 9.024693659996487 0 0 0
371 7 12.823045618006974 10.9023854866401 8.647161618505805 0 0 0
73 7 17.760814836101375 10.759108406637218 10.559185148566247 -1 0 0
471 4 16.120942969150704 10.870329586576803 8.67729831613291 0 0 0
473 6 14.457483110303507 10.833400358986482 10.676910332976957 0 0 0
70 7 17.826082276614798 12.615448462604899 8.805937487484043 -1 0 0
470 7 14.434927016865975 12.610054985138767 8.933413345857463 0 0 0
476 7 16.00026392330784 12.717132579564952 10.64720166909821 0 0 0
109 7 3.4852662008757553 17.789188466867934 7.175674528529287 0 -1 0
11 7 1.8614436852857181 17.76579259819696 8.96794546185817 0 -1 0
91 6 1.7661013889189303 14.45318611353709 8.874351511051062 0 0 0
96 7 1.8076855794694338 16.017775297839275 10.686000970191373 0 0 0
289 7 7.090142870678236 14.309018093116533 7.186566046410027 0 0 0
192 7 5.439614448853613 16.030777199015088 7.171486740019281 0 0 0
111 7 5.259947442333583 17.78736179745348 8.903000662173449 0 -1 0
209 7 7.134223438007481 17.73071520922158 7.244322724936969 0 -1 0
189 4 3.682840869086906 14.296633318035617 7.180960107289004 0 0 0
190 7 3.6069116201781437 16.031344092941044 8.921497026694363 0 0 0
290 5 7.110763576767905 15.980248647905718 9.047643699445363 0 0 0
211 7 8.956698674620226 17.80115815374059 8.974097215531572 0 -1 0
291 7 9.092624760232003 14.304421288569978 8.978477784411982 0 0 0
296 4 9.0075715476562 15.907985618850438 10.65202513405729 0 0 0
311 7 12.473507768462301 17.849275945591277 8.806400266642404 0 -1 0
391 6 12.50627657432298 14.328572645785849 8.936250016707957 0 0 0
493 7 14.167479344450767 14.332207843955674 10.62261588941844 0 0 0
390 7 10.890429669562014 16.083061546834788 9.073645166667038 0 0 0
490 4 14.322835278112292 16.18993588017907 8.74046755164381 0 0 0
90 4 17.809723426671987 16.166071685525527 8.734140060866617 -1 0 0
491 7 16.128741067992376 14.458550051080724 8.865716030719469 0 0 0
496 7 15.994792858895991 16.111470552596604 10.563460991634063 0 0 0
93 7 17.795870825466377 14.511395691220962 10.592426329956325 -1 0 0
114 7 3.4272244108665215 1.8262330942952538 12.436952944307714 0 0 0
15 5 1.7123999310456448 0.0696723721071777 12.477057785934019 0 0 0
137 7 3.5188396479725723 3.5676683671279803 14.277659777238496 0 0 0
14 6 0.12944040702741688 1.8480256140160465 12.632945168703019 0 0 0
135 7 5.456107852577526 3.5457549713914025 12.428371391108888 0 0 0
214 4 7.1383400505208945 1.7573210058025006 12.479294473724265 0 0 0
120 7 5.343720842209264 1.7793062033062677 14.149169177854857 0 0 0
216 7 8.922126009669038 1.7854737498156608 10.829872469263 0 0 0
314 7 10.711587069563862 1.7165549171525036 12.539580294314874 0 0 0
235 7 8.834000683914539 3.5104962471924654 12.480496525688107 0 0 0
414 6 14.148555914015489 1.9219134221487983 12.503978998192256 0 0 0
333 7 10.735899447993567 3.4839155907544486 10.806324880147585 0 0 0
413 7 14.14797459925632 0.02619364573741123 10.757155441917828 0 0 0
315 4 12.412555212555747 0.08775947234017423 12.646579744746566 0 0 0
416 7 15.931660979333179 1.7857681426657566 10.739449540318105 0 0 0
420 7 16.019801037209785 1.7249086579679758 14.241140955815299 0 0 0
35 7 1.6746280473604798 3.7856030300532275 12.478822976303109 0 0 0
134 7 3.460469233983699 5.590020031498736 12.558243109192365 0 0 0
40 7 1.7832010529111662 5.363109671704357 14.231865291940826 0 0 0
136 7 5.187253754795673 5.55971353964331 10.841106987526489 0 0 0
234 7 7.192718991000795 5.396483925956384 12.416499717423164 0 0 0
236 5 8.888392672017101 5.067621044549046 10.79235703161559 0 0 0
240 7 10.469124553197126 5.496606272664785 12.732507079081849 0 0 0
334 3 10.712711486656042 5.31388169678612 10.934279868803472 0 0 0
253 7 7.348107824694203 7.1403441285151485 10.980188619118973 0 0 0
336 7 12.565447184707875 5.528764886370842 10.797216124875744 0 0 0
433 7 14.139473295082597 3.6981349360992803 10.785661687692741 0 0 0
335 7 12.376309850612447 3.6508416178344545 12.810333956647677 0 0 0
434 7 14.287102874006141 5.376810966521632 12.660655083303523 0 0 0
436 7 16.01644792871663 5.407457564532475 10.824559748033852 0 0 0
435 7 15.956631781236315 3.7056987826275387 12.583275487604432 0 0 0
34 7 17.815958461221058 5.4099331968104245 12.399828946541623 -1 0 0
37 7 17.762305846070124 3.6485357060255232 14.274693781255756 -1 0 0
53 4 0.030391579279704928 7.25045977989449 10.749550161292888 0 0 0
55 7 1.6521702673875267 7.20068978460101 12.466535958297241 0 0 0
60 1 1.8880347013959393 8.9663392754546 14.250911877619922 0 0 0
154 7 3.4842432018366813 8.925502572497008 12.45394888074308 0 0 0
155 7 5.249856153221921 7.162736908508232 12.715587683216478 0 0 0
156 6 5.5047857653019525 8.942467382790156 10.921548204609016 0 0 0
255 7 8.736780829416118 7.1677855636981525 12.9111464100284 0 0 0
353 7 10.688201072181986 7.206117937616072 11.013539905787265 0 0 0
254 7 7.242238202620397 9.034396348814763 12.808181171627622 0 0 0
256 7 8.903096467460468 9.025102231284961 10.969965209011292 0 0 0
354 6 10.52856638991731 8.974094108342635 13.030291595630723 0 0 0
374 7 10.5803678096822 10.612083218753911 11.241455920887397 0 0 0
355 6 12.667062262764997 7.344880793591055 12.747082280429213 0 0 0
375 7 12.822945187235858 10.41769627447456 12.637935168835323 0 0 0
456 4 16.02740382447901 8.933120643492321 10.718809644686468 0 0 0
454 2 14.425324110261323 8.897419110591525 12.4508539546563 0 0 0
455 7 15.798817782701546 7.316202706789216 12.570023945979013 0 0 0
54 7 17.631548062284182 8.905474780289412 12.3177812247495 -1 0 0
57 4 17.77414991466421 7.2174832885074425 14.275093804904438 -1 0 0
75 4 1.5625345617312696 10.739107748929626 12.393338118692661 0 0 0
80 3 1.6304990257105882 12.632215081720046 12.399176132228835 0 0 0
174 7 3.4712963154294445 12.407249919212543 12.36194805266427 0 0 0
177 7 3.3471936660260813 10.82732199919415 14.264541523136911 0 0 0
175 7 5.244738055542866 10.748586133939492 12.551818799212974 0 0 0
274 7 6.858209125632944 12.49762836002754 12.739895901982518 0 0 0
293 7 7.074238309107808 14.277480942986255 10.865755386813394 0 0 0
273 7 7.170466130938704 10.773056815249065 10.91480905583107 0 0 0
276 7 8.919972838931587 12.662316695805872 10.952129164222685 0 0 0
275 7 8.916984868206402 11.138992472993792 13.085848324104264 0 0 0
295 6 8.890203653201015 14.018646984022515 13.043672992752152 0 0 0
376 7 12.482116332632016 12.292150597675398 10.721114874759026 0 0 0
397 7 10.883833763333293 12.525712004260384 12.710317861495069 0 0 0
395 7 12.67176878280593 14.187125187479053 12.369345358625866 0 0 0
475 7 16.064369195814134 10.726938021907646 12.416854167400006 0 0 0
77 7 17.83356042044464 10.77734036830618 14.055022884117712 -1 0 0
474 7 14.41577646722569 12.57989389433838 12.447591490373885 0 0 0
74 7 17.592497459117695 12.654345395027095 12.490940544849689 -1 0 0
480 7 16.177522992731728 12.610361219726617 14.281520849321229 0 0 0
113 7 3.363417912512194 17.80544615171394 10.748769110993049 0 -1 0
95 7 1.7448409669799236 14.451094478415577 12.469454702746548 0 0 0
194 7 3.444301028376364 16.231661222195378 12.59201434798003 0 0 0
100 7 1.6771142556605634 16.10877340090685 14.260059545391885 0 0 0
117 7 3.33261499070882 17.850724541134017 14.223155436509124 0 -1 0
196 7 5.288902986688521 16.016421415491294 10.740151189347516 0 0 0
195 7 5.1857718990898265 14.294311669050687 12.525877757772909 0 0 0
115 5 5.321845275785086 17.85596856120378 12.563584259868819 0 -1 0
294 6 7.061535678095636 15.96087912600007 12.669814055092543 0 0 0
313 7 10.665823791402524 17.76948538228835 10.734637688866549 0 -1 0
215 7 8.924470902115488 17.860685221315887 12.590033655803518 0 -1 0
394 7 10.6882005817185 16.053486885353294 12.52847925895552 0 0 0
393 7 10.797629201833198 14.300204654070328 10.915243380166112 0 0 0
396 7 12.53781385715415 16.089314677545502 10.755923669506824 0 0 0
494 7 14.168202939847957 16.104352546316004 12.360682543357543 0 0 0
94 7 17.825987284356493 16.14413911854345 12.462806174486623 -1 0 0
415 6 16.02337405444172 17.755476529068712 12.437657896529975 0 -1 0
495 7 15.961285753819778 14.505354325840845 12.559031891608406 0 0 0
20 7 1.699521720165798 1.7306321785184424 14.528271781835638 0 0 0
4 1 1.6379138289128585 1.8321105046036577 17.815394453954138 0 0 -1
118 7 3.409871650397474 1.7982142991622478 16.23503013871276 0 0 0
39 7 1.7754276549972154 3.5269600564788512 16.027944366170285 0 0 0
139 6 5.138561994603071 3.528865784543332 16.098352769388043 0 0 0
217 7 7.067062251010198 0.028774158702901786 14.382523012003535 0 0 0
220 7 8.885375412014536 1.8696561940073573 14.357787673788067 0 0 0
218 6 7.191382246745274 1.6388847690175488 16.25978787262468 0 0 0
239 5 9.089232784036053 3.5396953149046366 16.201181256778533 0 0 0
318 7 10.55488098490659 1.6698906803291602 16.224250320980516 0 0 0
337 7 10.489044579048544 3.539506621686225 14.359499909647024 0 0 0
304 7 12.541877342512493 1.733032047882455 17.86109380002443 0 0 -1
320 4 12.294725356726111 1.80616707397211 14.568115114886977 0 0 0
418 7 14.154055512533311 1.8555377174453715 16.065643331581708 0 0 0
18 7 17.812638635108087 1.8739893628755222 16.029694476332168 -1 0 0
439 6 15.973450824577897 3.5275437311632194 15.95656204807845 0 0 0
138 7 3.187346326194241 5.420399509322262 16.129166700144545 0 0 0
38 7 0.020887453956518698 5.413998479721341 16.211522993335993 0 0 0
140 7 5.103907910514495 5.314670850865195 14.447077881275254 0 0 0
257 4 7.069104966971181 6.8442253237714406 14.550010738552468 0 0 0
124 7 5.232038340700459 5.367951920572657 17.7252460974681 0 0 -1
238 2 6.6204356556042185 5.262235725533695 16.076779979226345 0 0 0
221 4 7.422384473456312 3.7361888741189904 17.715385927807787 0 0 -1
241 6 7.233374718260548 6.94737656388687 17.4351518168474 0 0 -1
224 7 9.285201277845054 5.437611628298639 17.760629288702702 0 0 -1
237 6 7.22203965118765 3.7190399940548824 14.468664795675943 0 0 0
259 4 8.765690196748709 5.636727919837476 15.345252884636707 0 0 0
341 3 9.189161525000491 7.104005804355199 16.550418855621 0 0 -1
437 4 14.13571886618592 3.6833191320446295 14.314718483170623 0 0 0
357 7 10.777431098618411 7.046420361208499 14.762350762990371 0 0 0
339 7 12.288956742035793 3.6095165729359966 16.254093853693032 0 0 0
340 7 12.587877700499568 5.4030267228193765 14.440054925103944 0 0 0
438 7 14.377799920744724 5.4752309052376935 16.086875587882076 0 0 0
440 7 16.084591492147897 5.518727949626924 14.35077593262044 0 0 0
157 7 3.452987171316857 7.222153237577394 14.424997315689968 0 0 0
141 7 3.3582400350704478 7.208666620524535 17.83717854525307 0 0 -1
59 4 1.6035498085021334 7.189778002182759 16.017502583585568 0 0 0
61 6 1.1679830330998544 10.617365330767008 16.264210805396022 0 0 -1
158 7 3.3879427663935475 9.098329492493416 16.08542394319905 0 0 0
261 7 7.112288711508762 10.62091622718325 17.650638897734822 0 0 -1
160 1 5.205170805954226 9.02805949308934 14.350585576048418 0 0 0
159 7 5.193124141959488 7.195319340586362 16.00664562960189 0 0 0
144 7 5.349864093620135 8.890704243792724 17.76063250913129 0 0 -1
258 7 6.836211116147865 8.977117426090551 15.941209551323327 0 0 0
260 4 8.888437763917981 8.334959350641736 15.00166149487642 0 0 0
244 6 8.999220650929837 8.981307500222332 17.505564063918733 0 0 -1
344 7 12.605441144276266 9.074085366340471 17.73989703680606 0 0 -1
338 7 10.871912396298912 7.333265928878926 17.655244461805452 0 0 0
360 5 13.056072994940951 9.126597845716814 14.498498110638876 0 0 0
359 7 12.666152659614038 7.337847448694053 16.004085810963588 0 0 0
358 7 10.960191217989625 9.156632239782727 15.743738599643853 0 0 0
457 4 14.396916699565509 7.291513355998772 14.432689780886117 0 0 0
460 7 16.163378276970217 9.055976763004164 14.347240580004799 0 0 0
444 7 16.76612555903677 9.389499547651992 17.759255931509937 0 0 -1
458 7 14.559796553260705 9.046561816162551 16.335273911404737 0 0 0
459 7 16.201778352074086 7.387573237259411 16.197343028976885 0 0 0
58 2 17.678069338652623 8.903343579937893 15.8859920963444 -1 0 0
79 7 1.558555977662117 12.585467469273368 14.307407068436715 0 0 0
197 7 3.3526620370599156 14.288896580713963 14.368099098012692 0 0 0
178 7 3.1156333629165998 12.4769024351799 16.116063520936564 0 0 0
179 7 5.07608144264173 10.859425234062675 16.185133361987386 0 0 0
277 7 6.8181330140454675 10.929996952183028 14.440178978042676 0 0 0
180 6 5.027562534197033 12.606692734161763 14.40901649038631 0 0 0
281 7 6.856796565553714 12.693338074763394 16.455126353402605 0 0 -1
279 7 9.005998486791928 10.810116407845227 15.542811999710098 0 0 0
264 7 9.040916698808363 12.27730270172167 17.445354151551335 0 0 -1
378 6 10.684746321197531 13.156913079828287 15.400221375306412 0 0 0
280 7 8.588434919014972 14.219855900122491 16.287745393322748 0 0 0
380 7 12.793924119604824 12.536391757283058 14.356739684775219 0 0 0
361 4 10.89641625883891 10.789820440324839 17.545308862324198 0 0 -1
377 4 11.095849916621784 10.893590113679949 14.394270279521235 0 0 0
379 7 12.82479499500833 10.903237835811868 16.16273882560017 0 0 0
399 7 12.820431781009923 14.231780627742744 16.271121708557356 0 0 0
479 7 16.22148383967618 10.794364385288144 16.041117831234914 0 0 0
477 4 14.546268731732383 10.789979261791741 14.322480689818244 0 0 0
78 7 17.858111034664585 12.698413398854086 16.264288385999386 -1 0 0
478 7 14.523409907469494 12.527517445674704 16.123135971842814 0 0 0
499 4 16.071637171963808 14.189676528867029 16.09962858131175 0 0 0
19 7 1.7158316987135442 17.77588331472978 16.155704683783885 0 -1 0
99 1 1.6488746681431998 14.304693830404112 16.1589980806091 0 0 0
198 7 3.253667024616415 16.03582759068351 16.158117234048404 0 0 0
297 7 6.880456174928508 14.360196001653392 14.457986520416387 0 0 0
199 7 5.055382008115425 14.296301423309663 16.21558412692138 0 0 0
278 2 6.292200557479148 14.341843525998575 17.748416870350976 0 0 0
200 7 5.137167448617082 15.94568313753937 14.372643247780873 0 0 0
119 6 5.093824786263693 17.69680443079571 16.040947072515586 0 -1 0
298 7 6.8936349905280725 16.074481093655482 16.350608591122445 0 0 0
301 7 10.528954067826653 17.760360964507992 17.84812895791773 0 -1 -1
317 7 10.675691309676598 17.78483962206505 14.295603883593689 0 -1 0
219 7 8.892705156050328 17.7680329042273 16.166283282403747 0 -1 0
299 3 10.258974878586724 15.004390331821238 14.40171469682866 0 0 0
300 7 8.703691211593872 16.14359130926207 14.5259501799057 0 0 0
398 4 10.585603507913559 15.87967255575164 16.123646747084592 0 0 0
384 7 12.445528568131987 15.868038645131392 17.827186799658943 0 0 -1
400 6 12.271535169838433 15.682801277542158 14.363986955272528 0 0 0
417 6 14.133979491414113 17.77237897644092 14.502424924077133 0 -1 0
319 4 12.244962980920786 17.810475396098965 16.22677548370048 0 -1 0
17 7 17.752645650821933 17.854619054510692 14.298780296442189 -1 -1 0
97 7 17.85020373563035 14.349326238924338 14.315991582198668 -1 0 0
419 7 16.209363247513178 17.834197619546263 16.241671142767512 0 -1 0
497 7 14.438551011192844 14.34483246217582 14.32859733268344 0 0 0
498 6 14.496832832323442 16.0115836621723 16.27731900207078 0 0 0
500 7 16.095061301997447 16.132370748468606 14.386257880737373 0 0 0
98 7 17.82837059385644 16.0367225296303 16.309996228275217 -1 0 0

Velocities

2 1.201582142987378 -1.6805140528321187 1.0675862832337917
121 -0.7868299272853055 -0.10139460211373746 -1.7478459334723442
3 -2.043158451120132 -1.8503549433841044 3.1467429093881347
5 -0.4941028025490664 1.1229155948824063 -0.8474578873091368
101 0.7985296173405051 -2.376807593827802 4.70782246310697
102 -1.7992980124905125 2.625139850656045 3.0399582962977556
202 0.4722179587067501 -2.322707922126958 2.7336951641484375
125 1.7853997677872615 0.8501234595318773 5.955263238332934
105 -0.9015874084527798 -1.6866307348628675 -1.302535532832592
104 -0.5768464854422871 -2.2809849027084206 0.9350567019360958
302 -0.9897443591801297 -1.244455496505513 -2.1836074182156358
208 -2.6481380570780018 -0.774167261183017 1.933991962850754
204 1.197105072468677 -3.9290097509012507 2.1905257661811306
321 1.0823504718301646 0.3053478035401814 4.88864975860232
421 0.44838320634169315 0.6507562191408924 -0.0741276523860485
303 0.2046498342670045 3.9625916395501064 -2.9436424122574563
425 -3.980343470681327 0.8099736834128892 -3.801480470639252
402 -2.706606651582144 0.23083840539379927 -1.5008217066831708
404 0.42173621991284305 -3.0122804559166627 -0.8899867232279243
401 -0.2985916827908318 -1.8303174605689232 -0.44140667712702764
423 -3.1199042862069875 1.9802329712309734 0.09549588001082474
23 -0.526181459529805 0.32537057216892595 1.614815909942532
122 1.2072648692347985 2.4852055037600422 -0.5784650843757579
28 1.8604959421872052 -1.202414415648044 1.0180761526332045
21 0.3200569136242696 2.9373268472440506 -1.9232281080602234
24 -0.9630509298700589 -3.653421894471351 0.3356567948704752
123 0.39768241405821425 -4.082158306494995 0.4744173526650503
128 -3.1839347770414035 -1.65478876884161 -0.3976792199700486
223 0.4663310242206497 1.6177532700987722 -0.5691704067725316
222 -2.509243719367619 1.2675661478210514 1.146217215510262
322 -0.9434787193888421 1.3602965008325836 4.098927604553374
325 -1.256330281067485 -2.7903671161264745 4.422975164909172
323 -0.6063205151094644 0.5233925973384114 0.4933645321946013
422 1.6162803089015116 -2.4896769182819822 -1.7500786268919095
441 2.2549532933715897 5.083916761907804 -0.5733277434696175
445 -0.12085920291991455 -1.6753502977236823 0.5177120130330681
343 1.9590743453562558 -2.0715732513818272 0.9914810509405997
328 0.6856975004062084 -1.8047189748727615 4.0934008370685335
324 -0.3933455288933307 0.9614356766817259 -1.0858375107780989
22 -0.5102044310202299 0.371120419743667 -2.060241801963825
428 -2.188864726825038 4.0150931630111355 -0.45147150903815814
424 2.0560778139644245 -0.12747660939410063 -0.24565896300018245
43 1.2152609716779355 0.43024699929627425 2.4320878420302026
145 2.4860638083622058 0.8605723174838741 1.2509071665147322
45 -7.129985594887142 0.855444551101281 -2.347111040057087
463 0.5023169576350925 0.346984040780687 2.5930356807101025
63 0.0165257884543446 1.8552652960101887 9.138502452922317
62 4.141242469728138 -0.036750658663086654 1.3259542337689971
142 3.3790965867545175 -1.5795472305756704 -4.752009580211508
44 4.2683549258379365 -0.17278300696957113 4.5809686870443995
161 -2.0582808113517803 -4.056302190368488 2.4093156082031526
143 -1.8516125979502596 0.6006160825765005 0.18899639987749553
148 1.054207291324963 -0.7758541083947342 1.3569139349011525
163 -0.634965636424506 5.544144067018335 5.720184829390301
243 3.1637060862715756 -1.623865864303216 -3.138907213833019
242 1.9705294777521716 -4.742864474667173 -2.9547424006799594
245 2.187086263702648 3.708269864261284 -2.0483758728966817
265 2.9060214677994822 -2.043019153053138 4.863028672789608
263 0.15233623256978107 -0.8437094027109853 0.16916760113441892
342 -1.0221925318203595 2.4736085084997566 -1.3488954677225988
442 5.7182049081400885 0.2988250965412419 -0.9485229465609435
465 -0.6780909511164359 -1.240762387544251 -0.5422138906676678
41 -2.1756285195782707 -2.388703980027586 -3.381826171917903
443 -1.1157056884272885 0.3724125746578861 -0.05637983814095487
42 -6.72666450229977 1.5986746691015714 4.736933077891368
461 0.12842658769336512 -1.7301253751288874 -0.9228016753549724
68 0.026326957931592093 0.8582466638979733 0.5865027583837297
64 -1.0815690622398182 3.8729356775283965 0.849470824550154
162 3.942686220912561 3.636132894362785 -1.4227593035512176
83 0.46818119557821986 0.20573729599575996 -0.43785456777511156
181 -0.501708664710156 -3.456757613941427 -2.511687198347026
81 -2.3701515698237805 0.6405091101705817 1.8251646336233924
168 1.1250837596692005 0.21490894471983954 -1.3119122498847515
164 -1.7675567638914287 1.5309438893729304 -4.5129391945356625
262 -1.0018876439382118 -2.052391510592484 -6.864565515063683
183 0.2575740941183091 -2.09655339777094 -0.6266879649416931
188 -8.615074812505236 -0.40440685987760316 4.831737709953938
385 -3.8949876293926917 -1.5495750963445356 -3.6790346791804986
283 -2.298969613413044 -1.4753581830511613 8.867034040457943
268 2.569736280557629 -0.1659319189201326 -5.5170133682257605
362 -0.5840991025624817 -0.44797761600005853 -4.568451361298184
381 -3.1956242148426273 1.834448644409593 2.219208723279222
285 1.6985464000872001 3.941343911873863 -3.7002228649775444
363 -3.9669726830819028 -2.435249474477186 -1.807502790451368
364 -2.2779808497943024 1.5000897616521924 -0.10735217592774322
462 1.5193940063147986 -1.295101687515324 0.9128903005134493
368 3.3194870456061287 0.4087132970344372 1.1019139087390997
468 1.3091734541018225 1.096412582583323 0.8751498643274773
464 2.3695478921372644 -0.7170950706247569 1.5507961332027982
483 -0.8011429430035815 2.157216717144163 3.181397918557704
481 -1.4202115473131787 -5.579673228018313 -2.1733663370289187
1 -1.9438234029675237 3.7200650364636907 1.7749348590258684
182 -0.4833731513048653 3.6256981006301294 -2.063165326144355
84 -1.2235985237750615 3.624552456246292 -3.123082751322948
103 0.03367067826815545 -3.0599863687163236 0.07445893889995085
282 -4.9350436037575545 2.9449863327159322 -3.617338200743747
205 1.2513190526562636 1.3298651563261128 5.833449867807556
184 -1.9415746385516153 0.664345460507292 -0.8388653576101266
201 -1.900287942049847 3.0128376001991537 -0.7806269583764774
203 1.6114880980994903 -3.3183335671722745 3.833961036635036
288 1.5571302926714194 2.9836012298380763 0.6820588455092687
382 -0.3556398465030784 1.088175683328951 -0.9496094479770619
284 -3.7669316067913545 -3.789174364493203 0.7997501634995094
383 -0.8040354285892073 -1.7333427773404388 2.053378451027577
388 -4.61224841535218 0.8734304671528076 1.019500156959901
485 5.142027434804379 3.876501559023232 4.976781699258015
403 -1.1148066222541204 4.1763385921708425 -1.7708353179516054
82 -0.6009288501319429 3.713738068846432 -0.6664288576173543
482 3.3920944518306446 -0.05703372732560935 -0.00012013331146293548
484 4.776593342828334 -5.200344606865257 -1.0554415679518723
8 -1.2897722096214084 -1.082501446824416 1.4335151601652634
7 5.744282637414479 2.6008824768298315 3.0142362648996484
29 -3.1335252831967786 -6.58350042226702 7.943439740230698
12 -5.5773007394049685 2.603711481889726 0.8577940699224756
108 -1.641792964413701 -2.456326548252119 3.31220232423028
106 -1.8561487752015875 3.4712409476910024 1.3295278842753198
206 0.21840733315881933 -2.9967870795466625 1.7709227023871639
306 2.146227048834501 -1.0032206300059516 -2.282504603215888
329 1.5512537727391915 0.7594469443719668 2.874873973742159
308 2.701135266330007 0.09753045574885347 1.5872362514820795
312 2.027974555717619 2.6727093943842406 4.4716198225268995
408 -0.5580701725135621 -3.892895618606601 -1.019585971492064
406 1.0703650939206226 0.3260240609208042 -2.6579530667898417
405 -1.3649537092798558 -0.09566356823854073 1.6229356385796483
407 1.6204193482172873 -7.058998763904473 -4.379122003666581
412 1.3736373943257132 -1.971678654712936 -0.43301467594700543
27 -1.375400683245214 -0.663138931141488 -1.312318186036089
126 1.1368345447219375 -4.91798147262375 -3.5497261251137306
32 0.6419067405451587 -1.7328918999219196 0.20220509321612273
26 1.7645969568654776 -0.38745869112193176 0.5201742259526759
25 -0.27300632289258103 1.9840752667159078 -4.383218219180593
47 0.2289893885862708 -3.812810348656227 2.558557644266046
127 -0.7880695440366552 -0.07146870202139778 -3.5773920129704484
147 1.0524537709307007 -6.445096499475248 0.03423479145074497
129 2.8319563808479566 2.600393795163496 -0.06390063018934904
132 0.24842726857451647 -5.436119017555237 2.8569221823458033
225 1.1844099306651084 2.043101804504282 2.0916121360550823
227 -0.6344777961457343 0.8100176997751383 2.8838336303491903
228 2.8074733507664873 0.07646961367847403 1.6210088129543108
226 -1.2256215162150883 -1.5340958048152997 2.685641360798008
232 2.0082983145532953 2.429128651139432 0.3088373779873311
249 -1.2808820874326592 -1.5958255879929961 1.0570016561866673
327 -4.438233985349082 -3.8796312483456963 -11.373778852387003
326 2.2635730474233715 -3.693226532412289 -2.1912705803106083
347 -5.454224610909122 1.3625519391471759 -0.12181719452139461
332 -1.7355955178138194 0.8352209113092944 -0.9248352035102441
6 -3.1215376968358317 -6.803528168970008 -1.2271403847524212
426 -3.6953398825292454 -1.0809646429692068 1.7881260206211653
427 0.017850669818309472 -3.5780316306677897 -0.6971842071218489
432 -0.5844666076684034 2.8658592862316663 -0.19375490137689774
65 0.81203340680921 1.7222446275252543 -2.261629934701515
149 1.1710913314280988 -3.0808319915122557 -1.7185754848083725
46 0.6851175103224476 -2.013924822909905 -2.6443186249595607
52 1.1242976192759582 0.8608590708820798 -1.2846365027746123
146 9.118733763824368 7.1883086030424606 -5.192506928847968
48 1.3459919911663243 3.642494251657457 4.052801285274126
165 -4.577329082653392 2.6500707230121683 1.7134971272725616
167 1.7121909020019743 4.562837243872414 0.8131653681210946
152 1.5379900911914963 0.3907912623179593 -0.869813659836114
248 6.1870119054980135 -0.17830598508170178 2.581729731817981
246 0.2963895592614849 -3.6818519928318185 -0.723732494696574
247 1.8555865357503212 -2.1923023053345845 1.248243854715098
252 1.765361966919208 1.813791053079785 0.5488127677153967
267 2.80361772079812 -1.4164398309290553 -1.4420960647986134
345 -0.27013725044171477 -0.22109092417103138 1.8239983687635115
348 -0.7248479649003532 0.5799927075399876 2.663475527492019
365 -10.213124012930278 2.6865464767411766 -1.0530115319911924
346 -2.59398638969966 5.243998577602129 -0.18479933298846837
446 -4.4909191598058165 1.2471874310450164 -3.401809878283128
449 1.4136647296154254 2.5985798585306648 2.0431453146832586
448 3.0743795303780086 5.031461356688978 0.009401819760086267
447 1.1267887119030078 0.40770002489545615 -0.9163396131395866
452 -4.489341404349079 3.087269543974865 -5.003347044373702
67 0.8186387920200809 2.350321366810346 1.9678915812194848
166 -1.144657569712125 -1.3778258662837566 -2.8226917322712057
72 -0.1820383639230753 -3.8136562992872345 -0.9862214793215581
69 0.053189873291828935 -0.22090797962201364 1.7481739966858876
87 1.6905923807692482 -3.445333210750364 0.7097821337725332
266 1.969817753471731 2.338528044125493 2.7749227555867737
187 -8.122786423572979 3.278482655675521 4.071075606849015
287 -2.8017111102028482 4.6952400719773335 0.6804843292227305
501 -9.029239391848398 2.3413315692388488 15.346395143467856
367 1.2205565063574866 -0.3916792590201429 -3.954071996490393
366 -0.842717567347777 -3.4203536692331564 1.1067680116297864
372 0.9935331685147826 -4.248742619173243 3.2616800205391843
387 0.5241697344246448 2.6153180760361545 0.6927573021569148
467 -1.8614170341445666 1.7062612800142913 1.214712456152983
469 2.8595580216246774 -0.6264457020917673 2.233676007096365
66 0.2195880208769528 2.5133649012182953 3.2422558540120483
466 -0.6299986902054256 0.08713736528332842 -1.1814883301006958
472 -1.7661695982190913 0.8662859574312526 1.0728684055822435
489 0.5548364673086955 -1.7230374248100222 -0.49572865327329857
88 -1.2289352679219874 -1.780989578123531 -0.30449220718003067
86 -1.7080701550199344 -0.10226176890783191 -2.4358146699794583
92 3.1855856526734403 3.7590088076512718 0.5795063029395514
89 1.2172551792754032 0.6454166656135769 4.988839957356101
185 -0.0015906868789459525 -0.8141161967445278 -1.9411827289548127
186 0.7674536604995595 -0.27354700793578673 -0.12794652468969506
107 0.05241734325722096 -1.2698988800986737 1.137252169009945
305 -5.755425075972319 -1.7423387749821828 -0.3961987766371775
207 0.6403800963237422 -1.5876765120729752 0.09538359152623332
286 3.024537296182235 4.961955278869937 -0.2678954516074356
386 1.8668167546381829 -6.3494903324466465 1.2565392355142242
292 1.6479441980330833 -0.19200971531432157 -0.8947948350586424
409 0.44351602565845233 -2.5056772080385823 -0.9918474666904589
389 1.809827896009435 1.9852346023317393 -0.08834135572708082
307 -0.3240780250972991 4.505230968291867 0.33459294084414265
392 -4.167273491063378 -0.341900203706519 0.7625899710204458
486 0.6634283191087176 0.14259294333944966 -1.6805147723763016
309 0.7945648470599314 -1.5059990556325697 2.2832146902861865
85 3.647955144288554 4.186832093574805 -1.8371902843228716
488 1.1637760373933288 0.5995332459086874 0.3171722464896463
487 -0.97473743129 -0.18869931536525045 0.989907008056472
492 2.680989180321232 0.1735967406824435 -0.4759775270510453
16 1.6397407652038358 0.48019984259979503 -4.457533327730478
31 1.198002005996127 1.9800747211026803 2.6017377650897613
112 -8.23206011504212 -6.19114799980789 1.8046693817792008
110 -1.3774372349429207 0.2589074429281411 -1.3520671076850628
213 3.1929809081390377 -2.2906549754592436 -4.443505671726845
116 -2.117972448892812 -0.38733729623765656 -1.8570374250473305
212 -3.2527799880181534 -2.3628088871503126 -0.03281298044108195
210 0.829497062405073 2.5494382076015514 4.2674961316332185
310 1.6041722162223588 -2.088436282377206 1.4442689971746727
233 -1.6856012503538236 4.868519573043785 -1.6556795358236427
316 -0.5284140831361753 -1.4999733810329572 -1.0830989668887183
410 -2.6383734179683707 -0.19843801882036452 -2.3126379784990565
331 -4.257457634268782 -2.719622127805914 -0.10734897544171465
9 -3.2415251849103055 1.7095438651582002 2.970641894878164
10 -4.605467081200361 1.9631810893467603 -2.422727966787791
13 1.2200056388752372 1.1547425942009022 -1.4130138937631809
411 1.4282631721362067 -0.25158572548323777 -2.5153071530145703
33 -2.3050630022029295 -2.348651510249485 1.6370191339718922
130 -1.7905332586128249 2.525221625509656 -0.1981747380562652
30 -0.29853269565627416 5.575546276248363 2.471634268628128
36 2.3754244000634164 -6.64837476962582 0.9082606687933197
133 -3.8315280881143354 1.4374234244861317 -0.2876980471900018
131 2.0417257041600667 -4.966204958685115 -1.9850849243000972
229 2.7072507543293525 -0.6238981198255061 -1.1925458434569485
230 -1.3111555135912598 -0.9118774341794209 1.3206273070392551
231 -0.459920313695205 -1.8152240514356544 -1.0254837122147664
251 -0.35781049727008263 0.19774293179846647 -0.09116448624551698
330 -1.7778027845853102 1.2736048647180394 1.0813337924187632
430 -3.139427079876218 -0.1263524704908805 0.3006295920821235
429 -0.6024529151703432 0.7050552319316452 0.12141812350004363
431 -2.873859221631668 3.917607625684702 0.3824724430301637
451 -0.9664676265627278 -0.8295138485852607 3.0002720478911855
51 -0.1910938670610393 -2.778629215817557 -1.6283086572374714
56 -0.09656241496132208 -0.08281170870427011 3.6400813629295694
173 1.260463700999405 -2.4343090460639614 2.353139033454145
153 5.689088865247844 3.742655293027709 -1.534519635229583
151 -1.9202034404468378 -0.035744745171876806 2.975467863839417
150 2.640129193773497 -0.9563531028600688 1.2388912698605514
269 1.6380458739753698 0.12297559519192276 -4.560403006012612
171 -4.785811654415236 0.3991467887484273 2.8727121930344235
250 -1.172904038147075 -1.0662453147125843 -2.7432254814349903
350 0.20808570808138604 0.3307140880218592 1.32340647800375
271 1.5948980197694487 -1.5526376594519204 2.7113697632596785
352 -1.369771016895262 0.9472467494343781 -0.4009858412746019
349 0.2169712503960026 -0.2318418250781489 -2.1805238011838948
369 3.2213716248038464 0.9105766985280724 -0.35670227126143794
351 0.33092596473684344 0.6302897314216104 0.9247517189673408
356 3.3869851233774564 0.5360036610025835 0.4490301089084861
373 -0.04208735219645869 1.6390428577163016 3.393202784373681
49 -3.703084093889703 1.0084668503608867 -1.5504315878297656
450 -0.09368810057092078 2.715614237410194 0.6276493505496854
50 -5.004069145984901 3.137154108376048 0.705710691463817
453 5.685249595560428 2.3940412358793743 -5.3752368914644215
169 -0.25603758683643557 0.14996029021088572 3.5735690482327676
71 0.16468282449020866 -1.0183414717619481 3.3301339725857355
76 -0.3934092846654096 0.31669570624602933 -0.057553730178447414
193 1.9662722101550267 -2.8053627954016718 0.4356359599540149
170 1.961793949970129 0.10354891189837383 -2.828976002447389
172 -4.4170306269828705 5.85293252775017 2.362705356329996
191 1.1388778785994533 -3.0251181121212913 2.821470535240989
176 0.5763358833692431 -0.27525047456297014 5.086226308110252
272 -3.0081289213001896 -0.0738476251519406 -3.7179818008334578
270 -2.4012554430994446 -1.5044690592436836 0.6114558672578294
370 -2.1605133225785504 0.4208867334496783 -4.388758735430382
371 -2.9889402749333445 -0.527896742407203 -2.393559270522677
73 2.1874140671571496 2.922135232929906 -0.13406390855582967
471 0.390273904694671 1.3126220198262177 -4.077859347123179
473 -0.21429939375238516 0.9510414391010767 2.7390895666122015
70 3.4417040327264536 2.116856341339208 -1.976619042662283
470 -3.5878287477013977 -3.1980007046792824 1.9303059787143768
476 1.5154007636800366 -2.26282980561696 3.8858524367824803
109 -0.9094699410048734 1.980018643815255 -3.2734933085951554
11 2.4468352819669783 3.2550822663211156 -1.6239063605439923
91 -1.3693041930695502 -2.5370590771928256 -0.40598740443370773
96 2.378634816002285 2.459005464397299 1.4176858313521519
289 0.04896180967743146 -0.7698924989172712 5.806383273109644
192 0.3128835954255203 4.795806686678646 -0.3692537016416809
111 0.6279833900040644 1.6943619373442265 -1.008163388152628
209 -0.3570479582191047 -1.0986709380657116 -2.1425032807085107
189 3.0359160933496203 0.7299350266588945 0.6249246301612559
190 -0.9190338285938052 3.0072524947470063 -3.3150211575041695
290 -0.23042016314706523 -4.196433573800359 -0.09001747414734974
211 -2.1425005316092975 -1.231379095515942 -1.0216326306628707
291 0.6623146336228395 0.5829535877465417 0.6841772102669748
296 0.2040964631309211 0.7112628085701522 3.0569258234355265
311 3.065450491387202 -1.4269093586404058 0.6715651509647719
391 -1.7665640427571065 0.7365409189839291 3.239051928069342
493 -1.6713012413748172 0.4162344613595889 1.5027740670239136
390 0.20673562763032383 0.530533570134327 -0.6901898178996622
490 1.983001976612118 -0.913177516451787 3.6700216914459522
90 1.0742849939684702 -2.225586754975326 0.9853764374179715
491 2.556445201619487 3.6102846601956236 -4.007245083587778
496 -1.7746353901210379 1.0716870083492223 -4.123904028124088
93 -1.9681762446159294 -0.6669582608401602 3.412830175078039
114 4.165654030776891 7.811898729765135 -1.1462320565400872
15 -0.24490191455705074 1.6880185602628508 2.6083477852066697
137 -1.4420840325822197 0.8561023574111207 -0.7840476842426584
14 2.293000331053283 0.3786295506076437 -0.055208285906289976
135 -0.08193550042973809 -0.8098116321815414 2.1367686314946535
214 -1.8382745872762722 0.4986422268646298 -1.6703278069040182
120 -0.7110103735220904 3.657722031187699 -0.3915404438459232
216 3.715839913172752 2.656910836432318 2.8164163081770726
314 4.97522997632585 -1.4497217750295042 0.9579056644335823
235 -3.3659910472316996 -2.35679728342094 1.3299342872074122
414 -2.4538571473153192 0.7357197255886192 2.273432550392079
333 2.112305802497416 0.3532649033999335 -5.061963898506689
413 2.575723364145086 1.5661853795052743 -1.6644490608661637
315 -1.461124098294377 -0.06121459678801057 1.7745001057568408
416 0.42741680312924685 0.28571302648344643 -2.9920542598509647
420 1.8418058696781794 -1.9310223105938775 0.4900585414668977
35 -0.19065945795091532 -0.5572149299758289 -0.22385222451324885
134 -0.716124670206348 -3.5706190645491933 -3.1527403867216894
40 1.3683903548934553 0.8547886330993342 4.473258928718966
136 1.5915740371268456 -2.7012213864789665 2.401922316644799
234 0.8316405648233597 1.5694607709265729 -0.06081651877408664
236 2.180378752659217 1.6092637042850322 -4.561885779358058
240 1.8647047092235882 0.16375513437475286 3.097445364396913
334 -2.004072700025248 -7.550279822232104 2.2381276581006193
253 0.19108558465995712 1.0215410116654862 -2.2357690744738394
336 1.7313646734547394 -0.5349000821168169 -0.1346437621444788
433 -0.014003655630190995 -2.8856724451279856 -2.945666377734064
335 1.0815074816659076 -0.15692782036897862 -1.847186710261484
434 -2.519985680513259 0.9456106301802522 0.5048644857530797
436 -1.7922888263115297 -0.2203388586749015 2.7664727495579213
435 6.779103965539969 -0.661670707472004 0.9621382410369378
34 1.003103327896351 -3.512002603322857 -2.477596891616229
37 -1.2003562854169607 -5.397261129025149 -1.726850129519222
53 -1.2606777311399464 -3.5805577534379727 -2.303389460284642
55 1.668079326732858 4.9947857546975545 -3.3028773882511526
60 -4.91595456189497 0.10190962855508585 1.4268244276614903
154 0.24909610390121445 -0.6107272099666402 -1.5046959355183367
155 -2.2065182021026217 -0.8668098337532513 0.8931407829805738
156 0.2725094510634081 1.3789587004340025 -0.7433309372276145
255 4.060298328652756 -3.7325540137451614 1.5997025183188387
353 -2.5430374281070964 4.29120139095312 2.269482729842812
254 -3.763365532038588 0.7924035534275593 2.1597035327580714
256 -2.141014140453768 0.5149293424640536 -1.030035516708287
354 2.999832901292447 0.9873195916777395 0.7018758673901927
374 3.6314049924324068 -2.504183545390395 1.1864927495306183
355 1.5413242028486802 -1.2016737165062834 -0.479793691586432
375 -1.1351873583338545 2.158758503459378 0.2423452548452603
456 1.4424214207607657 -1.6154480503857542 -2.448071453729054
454 0.48454802675537495 -7.2332733065856525 -3.673279453144512
455 0.3081623855980805 0.9573016030393634 0.860743683215138
54 -0.4412160218162147 -1.8083844766492998 1.5853244294182927
57 4.211527314878112 0.9323641341115255 -1.547696989993592
75 1.3287430572153394 -2.1573803787102848 3.732090177152616
80 -13.166751724621076 -3.503664305429399 8.25879510474977
174 1.5139045023366615 -0.39613321751462466 -0.04048949870937186
177 -0.9744006596888779 -2.6084776247061425 -1.51532963160207
175 -1.7240071095580878 2.458047875675621 0.6678605511401023
274 -0.047114436629752454 1.2816096080748651 1.8740722622001886
293 -3.5440482243865743 0.42707537684233127 -1.8253915833952226
273 1.7315209633440034 3.4505630764991784 -0.3297946978205462
276 -2.7790606069211328 2.7641198920316143 -0.7896504551236214
275 -2.768511609884547 6.486250866563303 -1.5701279066719487
295 -1.2561896115261735 3.020707123258896 -0.0442977186398753
376 -0.8944560519491139 2.81278139417158 -0.8457575395521268
397 -5.690060630573115 -1.6794747487152741 -4.865860194925253
395 -0.9773837442331009 2.3293576252996844 2.4205496895655254
475 5.303697920140586 0.088782872096119 0.501275905881065
77 -0.780592644369879 2.73939580584078 1.759119419280903
474 0.7355634855628004 -2.787537989484429 0.3466100263732546
74 -3.662626192055568 1.8702699716682183 -3.149808366011707
480 -3.327143722034302 -3.9858265383810063 0.8895850355097767
113 -1.895035451210074 -2.4277966321471456 3.4724028283659654
95 2.034544537104102 -0.17932253265066941 1.3486497522865604
194 -2.306310696420363 -1.364792274181463 -0.5055699074984908
100 -0.46188874199950325 1.0329455990528917 -0.0884797890317994
117 2.6433908641922916 -1.532357394462952 -1.2854695405785277
196 -2.814165709238915 -0.3682760960853808 -2.527717675727266
195 -3.341599807766348 5.4838200241068815 -0.0006214382476117836
115 0.22005460712568964 3.3181496663119106 2.044830943725464
294 1.602678049574235 0.4022789539334972 -1.3019922925319865
313 -2.3041292467813226 4.139127025403815 0.8959340811767068
215 -0.8207916734363175 0.6447406476824934 -2.8980508864432495
394 2.090174282667576 1.960643002223931 -0.7598958375881325
393 1.7754806206178328 -0.3264584733552089 0.7770382391757727
396 0.3727650603648713 -0.4153551414096979 1.0448564388179786
494 -1.4598284820344976 1.3911867794079793 -0.19578084093072515
94 2.5921159925552058 -0.928860439001036 -0.603323100461499
415 0.2985573633625767 -1.8923815246133044 0.9359594848380748
495 3.376809625537387 5.808835025618788 0.42304255888960396
20 -3.3281124320447573 0.8119878920653071 -3.9028115635552587
4 2.4588598234095875 -0.02940731129753731 -5.130274168928167
118 -0.923511086273793 4.37002118440666 -3.4663818055039823
39 -0.012185368795283234 -1.0308448505917904 -4.3051385161202465
139 0.4764369023216597 1.2618745357435464 1.5769217311336574
217 -3.3113392061028195 0.34620743290048134 2.3115453231872407
220 5.061572488024498 0.41497679780727875 -0.5269060807256847
218 -1.2581183344353213 -2.0087762630129813 -0.8316652368945745
239 5.831826217371835 -0.7567690203556834 -1.7237614196053492
318 3.241777919068411 1.1538587559563835 6.019003770576423
337 4.148547000614009 -2.8084135169053073 2.4231161936455305
304 -0.5571239187913395 -1.0666705802375827 -1.5662898861811092
320 1.5646247357282725 -4.265706365752471 0.17467078704335884
418 -3.016877048875382 -4.034987464316128 -0.5046311741200775
18 0.9666338014768673 -3.4197185022083434 -0.31052399743853376
439 -0.36727406260226675 -0.5551458712563668 -0.8260562005362332
138 -1.650556183036217 -1.213839146836516 1.0352624050533192
38 1.0510858895627384 2.1462617782717297 -0.6125924501593322
140 3.5019970666936304 -1.0156533700687507 2.274477678310192
257 -2.9450516536533504 0.35514149832688874 -0.8221332730426901
124 1.6791728931028373 2.993628345276314 -0.7418989206510804
238 5.335182656938308 1.6003140333787167 -1.5233117694526654
221 1.8704947274489423 3.9172560526464406 -1.9208078000412998
241 0.08340036695975123 -0.4414093881370651 -1.6553996370917836
224 -3.2139645459083868 -0.7301208068097929 0.736177799033425
237 3.5669278329023943 -1.1499734192405342 0.9180522287387713
259 -2.0585548581277635 -3.139760302972105 0.4496998780463356
341 -8.73546987662808 -0.8559358857262274 -2.2964502286842015
437 2.138232134838778 -2.3354557681708346 -0.3822135096823947
357 -2.2684010885207 -3.3650886784779854 1.0751563343104464
339 1.751648969313323 -3.63880674748708 3.5667891313043287
340 0.1438831719896855 6.037094226563498 1.3487141195189638
438 0.6131483761676623 0.170404009275205 -2.35409968512239
440 3.634637068430369 2.1616448326294617 3.299114558613904
157 -0.30151143040021333 -0.6047224308173458 1.4755480847855251
141 -1.0949706155120131 -4.785561095708783 1.5661737470357435
59 2.2164878948176976 -3.544273521369443 4.105247070849138
61 0.6205182976139778 -2.438209737624329 2.8137679222807983
158 3.2833539844501938 1.0642801373137996 2.0425378377600567
261 -0.27963374637526184 4.452727910163121 0.05939080623016133
160 -7.432047813322991 -2.5009551509176093 -5.427611774196637
159 -2.2188470092223174 3.174057091108057 4.800216225240081
144 2.2058790111426445 2.112012492785259 -1.4028168143192556
258 -0.7754236896870265 0.06114002897037355 -0.4435520162312179
260 -1.5201355056173316 0.17997026572723765 4.665435215046112
244 1.9887117505204421 -0.8917966214590828 -1.954434855236723
344 -0.9880615050124318 -2.6533436215538466 -0.5865084213513433
338 0.5222706627828875 -5.399150692808269 -3.133184971480945
360 -5.59572202946987 -0.47837483669816666 -0.12066173034821685
359 -2.0058966703409724 -0.36007698195785187 0.686730066135739
358 3.191157322320902 -1.308942517481898 -2.3797372033508317
457 -1.9591764436815227 -0.11853731922187401 3.1165297688475175
460 1.4603227472118514 2.0114440137634038 -3.9388022837092738
444 -1.326755699605704 4.265954160568006 -1.0502921288274092
458 0.4504678146436816 -3.523394163058407 3.534808616515721
459 -2.4190933739329847 -2.6754236312578312 1.9112102960959336
58 5.307223719476383 1.7827280045268952 12.501764034658146
79 -1.5998769411232587 -1.9725989898947578 -6.641763753117561
197 1.7070761391289717 -0.761398140764077 0.940925243468206
178 0.9422756020700678 -2.827276110477845 0.2733836865404216
179 -0.26847971609702437 -0.8548859751891661 -2.9742385277720875
277 0.8447604974018671 0.8755820136652367 -3.4111574526969504
180 -4.017240393839847 -2.1373025039190976 -1.337185811835444
281 -4.612140900533955 -4.039784150780455 -4.318506724958699
279 -0.2951000721657863 -1.4775776498262405 1.4264165262622661
264 1.4083566622021337 -2.8626411917223615 -4.447954488773958
378 1.671694105793234 2.472781947052281 0.5941023101803667
280 0.8734936394019653 0.3375495243288155 -1.4618881942452397
380 -1.3555270621860067 0.2736033377618334 -2.377918295360049
361 1.7247416479266702 -2.3477872734963685 -0.8485940049153368
377 -1.0849145503202242 1.324448038107348 -2.739262916237999
379 -1.416541935990572 3.94386840208244 -1.8547606228623292
399 -3.1729794957655506 0.3472804348048962 -2.4298193456035966
479 -0.6224643626559022 -3.194961593734454 0.1758476791919716
477 -1.5598297774208432 3.2961486549631935 -0.43954425117398677
78 -2.7285310014574735 2.23358989203335 0.40513570823695444
478 -1.9441763063510562 -2.3573744008861515 0.6276288934535124
499 0.16683622277163743 1.3276206284785912 -2.4442787613702315
19 -1.0019659050057783 0.40999889457560995 -5.525702685207672
99 -1.0040588434043967 -2.5453880039178545 -4.56212338713729
198 1.5585965419495447 -3.1728861912485273 2.972593549124388
297 1.293207826118766 -1.4969071665994658 -3.264658179038711
199 -2.32160041639098 -3.2414480551403493 5.165572526902391
278 -4.956851621647029 13.936434220872545 1.9985705200525476
200 -0.17178113528745473 -0.9474574865379036 2.176077608816548
119 3.063468412176689 0.39170595490047205 2.001708967133901
298 2.9623128592390455 4.275061962021684 -1.455147642809647
301 4.048639258683498 4.509925861593629 -2.97311171694235
317 0.7480979253584382 0.990246220892615 1.6802649749197778
219 -0.525032880291245 0.20012627830258883 -3.396965627875463
299 -2.8855946956809295 -14.223255462220502 -1.9282180238973998
300 -0.6301521258082504 -3.736864319877155 0.025970820585555564
398 0.7155814622072836 4.40815538188119 -9.056807250333188
384 -2.4143457405431747 1.8003726974046774 -0.7855637387240829
400 3.7525286308891337 -1.093502200593574 0.9926546100716638
417 1.2522050434197727 1.377934838756931 0.13837770139017927
319 0.8850494235500708 -1.597900649409309 -1.716382484572614
17 0.7286017042420678 2.1614652357468707 1.6918098740640348
97 -2.5949388569709266 3.295443586090867 -3.400585908393145
419 1.1736043326951038 0.7462935660127001 -2.1105903392899137
497 -0.9061083093414511 -3.9089017581985703 -1.8096543929189173
498 1.0845844441010533 -0.679831504382437 0.13402732894054298
500 0.001960546160175693 -5.285674776980101 -1.8314907620465386
98 3.2239489511314448 -1.259182879845145 -0.39540483793430314
                                                                                                                                                                                                                                                                                                                                                                                                                                                                                                                                                                                                                                                                                                                                                                                                                                                                                                                                                                                                                                                                                                                                                                                                                                                                                                                                                                                                                                                                                                                                                                                                                                                                                                                                                                                                                                                                                                                                                                                                                                                                                                                                                                                                                                                                                                                                                                                                                                                                                                                                                                                                                                                                                                                                                                                                                                                                                                                                                                                                                                                                                                                                                                                                                                                                                                                                                                                                                                                                                                                                                                                                                                                                                                                                                                                                                                                                                                                                                                                                                                                                                                                                                                                                                                                                                                                                                                                                                                                                                                                                                                                                                                                                                                                                                                                                                                                                                                                                                                                                                                                                                                                                                                                                                                                                                                                                                                                                                                                                                                                                                                                                                                                                                                                                                                                                                                                                                                                                                                                                                                                                                                                                                                                                                                                                                                                                                                                                                                                                                                                                                                                                                                                                                                                                                                                                                                                                                                                                                                                                                                                                                                                                                                                                                                                                                                                                                                                                                                                                                                                                                                                                                                                                                                                                                                                                                                                                                                                                                                                                                                                                                                                                                                                                                                                                                                                                                                                                                                                                                                                                                                                                                                                                                                                                                                                                                                                                                                                                                                                                                                                                                                                                                                                                                                                                                                                                                                                                                                                                                                                                                                                                                                                                                                                                                                                                                                                                                                                                                                                                                                                                                                                                                                                                                                                                                                                                                                                                                                                                                                                                                                                                                                                                                                                                                                                                                                                                                                                                                                                                                                                                                                                                                                                                                                                                                                                                                                                                                                                                                                                                                                                                                                                                                                                                                                                                                                                                                                                                                                                                                                                                                                                                                                                                                                                                                                                                                                                                                                                                                                                                                                                                                                                                                                                                                                                                                                                                                                                                                                                                                                                                                                                                                                                                                                                                                                                                                                                                                                                                                                                                                                                                                                                                                                                                                                                                                                                                                                                                                                                                                                                                                                                                                                                                                                                                                                                                                                                                                                                                                                                                                                                                                                                                                                                                                                                                                                                                                                                                                                                                                                                                                                                                                                                                                                                                                                                                                                                                                                                                                                                                                                                                                                                                                                                                                                                                                                                                                                                                                                                                                                                                                                                                                                                                                                                                                                                                                                                                                                                                                                                                                                                                                                                                                                                                                                                                                                                                                                                                                                                                                                                                                                                                                                                                                                                                                                                                                                                                                                                                                                                                                                                                                                                                                                                                                                                                                                                                                                                                                                                                                                                                                                                                                                                                                                                                                                                                                                                                                                                                                                                                                                                                                                                                                                                                                                                                                                                                                                                                                                                                                                                                                                                                                                                                                                                                                                                                                                                                                                                                                                                                                                                                                                                                                                                                                                                                                                                                                                                                                                                                                                                                                                                                                                                                                                                                                                                                                                                                                                                                                                                                                                                                                                                                                                                                                                                                                                                                                                                                                                                                                                                                                                                                                                                                                                                                                                                                                                                                                                                                                                                                                                                                                                                                                                                                                                                                                                                                                                                                                                                                                                                                                                                                                                                                                                                                                                                                                                                                                                                                                                                                                                                                                                                                                                                                                                                                                                                                                                                                                                                                                                                                                                                                                                                                                                                                                                                                                                                                                                                                                                                                                                                                                                                                                                                                                                                                                                                                                                                                                                                                                                                                                                                                                                                                                                                                                                                                                                                                                                                                                                                                                                                                                                                                                                                                                                                                                                                                                                                                                                                                                                                                                                                                                                                                                                                                                                                                                                                                                                                                                                                                                                                                                                                                                                                                                                                                                                                                                                                                                                                                                                                                                                                                                                                                                                                                                                                                                                                                                                                                                                                                                                                                                                                                                                                                                                                                                                                                                                                                                                                                                                                                                                                                                                                                                                                                                                                                                                                                                                                                                                                                                                                                                                                                                                                                                                                                                                                                                                                                                                                                                                                                                                                                                                                                                                                                                                                                                                                                                                                                                                                                                                                                                                                                                                                                                                                                                                                                                                                                                                                                                                                                                                                                                                                                                                                                                                                                                                                                                                                                                                                                                                                                                                                                                                                                                                                                                                                                                                                                                                                                                                                                                                                                                                                                                                                                                                                                                                                                                                                                                                                                                                                                                                                                                                                                                                                                                                                                                                                                                                                                                                                                                                                                                                                                                                                                                                                                                                                                                                                                                                                                                                                                                                                                                                                                                                                                                                                                                                                                                                                                                                                                                                                                                                                                                                                                                                                                                                                                                                                                                                                                                                                                                                                                                                                                                                                                                                                                                                                                                                                                                                                                                                                                                                                                                                                                                                                                                                                                                                                                                                                                                                                                                                                                                                                                                                                                                                                                                                                                                                                                                                                                                                                                                                                                                                                                                                                                                                                                                                                                                                                                                                                                                                                                                                                                                                                                                                                                                                                                                                                                                                                                                                                                                                                                                                                                                                                                                                                                                                                                                                                                                                                                                                                                                                                                                                                                                                                                                                                                                                                                                                                                                                                                                                                                                                                                                                                                                                                                                                                                                                                                                                                                                                                                                                                                                                                                                                                                                                                                                                                                                                                                                                                                                                                                                                                                                                                                                                                                                                                                                                                                                                                                                                                                                                                                                                                                                                                                                                                                                                                                                                                                                                                                                                                                                                                                                                                                                                                                                                                                                                                                                                                                                                                                                                                                                                                                                                                                                                                                                                                                                                                                                                                                                                                                                                                                                                                                                                                                                                                                                                                                                                                                                                                                                                                                                                                                                                                                                                                                                                                                                                                                                                                                                                                                                                                                                                                                                                                                                                                                                                                                                                                                                                                                                                                                                                                                                                                                                                                                                                                                                                                                                                                                                                                                                                                                                                                                                                                                                                                                                                                                                                                                                                                                                                                                                                                                                                                                                                                                                                                                                                                                                                                                                                                                                                                                                                                                                                                                                                                                                                                                                                                                                                                                                                                                                                                                                                                                                                                                                                                                                                                                                                                                                                                                                                                                                                                                                                                                                                                                                                                                                                                                                                                                                                                                                                                                                                                                                                                                                                                                                                                                                                                                                                                                                                                                                                                                                                                                                                                                                                                                                                                                                                                                                                                                                                                                                                                                                                                                                                                                                                                                                                                                                                                                                                                                                                                                                                                                                                                                                                                                                                                                                                                                                                                                                                                                                                                                                                                                                                                                                                                                                                                                                                                                                                                                                                                                                                                                                                                                                                                                                                                                                                                                                                                                                                                                                                                                                                                                                                                                                                                                                                                                                                                                                                                                                                                                                                                                                                                                                                                                                                                                                                                                                                                                                                                                                                                                                                                                                                                                                                                                                                                                                                                                                                                                                                                                                                                                                                                                                                                                                                                                                                                                                                                                                                                                                                                                                                                                                                                                                                                                                                                                                                                                                                                                                                                                                                                                                                                                                                                                                                                                                                                                                                                                                                                                                                                                                                                                                                                                                                                                                                                                                                                                                                                                                                                                                                                                                                                                                                                                                                                                                                                                                                                                                                                                                                                                                                                                                                                                                                                                                                                                                                                                                                                                                                                                                                                                                                                                                                                                                                                                                                                                                                                                                                                                                                                                                                                                                                                                                                                                                                                                                                                                                                                                                                                                                                                                                                                                                                                                                                                                                                                                                                                                                                                                                                                                                                                                                                                                                                                                                                                                                                                                                                                                                                                                                                                                                                                                                                                                                                                                                                                                                                                                                                                                                                                                                                                                                                                                                                                                                                                                                                                                                                                                                                                                                                                                                                                                                                                                                                                                                                                                                                                                                                                                                                                                                                                                                                                                                                                                                                                                                                                                                                                                                                                                                                                                                                                                                                                                                                                                                                                                                                                                                                                                                                                                                                                                                                                                                                                                                                                                                                                                                                                                                                                                                                                                                                                                                                                                                                                                                                                                                                                                                                                                                                                                                                                                                                                                                                                                                                                                                                                                                                                                                                                                                                                                                                                                                                                                                                                                                                                                                                                                                                                                                                                                                                                                                                                                                                                                                                                                                                                                                                                                                                                                                                                                                                                                                                                                                                                                                                                                                                                                                                                                                                                                                                                                                                                                                                                                                                                                                                                                                                                                                                                                                                                                                                                                                                                                                                                                                                                                                                                                                                                                                                                                                                                                                                                                                                                                                                                                                                                                                                                                                                                                                                                                                                                                                                                                                                                                                                                                                                                                                                                                                                                                                                                                                                                                                                                                                                                                                                                                                                                                                                                                                                                                                                                                                                                                                                                                                                                                                                                                                                                                                                                                                                                                                                                                                                                                                                                                                                                                                                                                                                                                                                                                                                                                                                                                                                                                                                                                                                                                                                                                                                                                                                                                                                                                                                                                                                                                                                                                                                                                                                                                                                                                                                                                                                                                                                                                                                                                                                                                                                                                                                                                                                                                                                                                                                                                                                                                                                                                                                                                                                                                                                                                                                                                                                                                                                                                                                                                                                                                                                                                                                                                                                                                                                                                                                                                                                                                                                                                                                                                                                                                                                                                                                                                                                                                                                                                                                                                                                                                                                                                                                                                                                                                                                                                                                                                                                                                                                                                                                                                                                                                                                                                                                                                                                                                                                                                                                                                                                                                                                                                                                                                                                                                                                                                                                                                                                                                                                                                                                                                                                                                                                                                                                                                                                                                                                                                                                                                                                                                                                                                                                                                                                                                                                                                                                                                                                                                                                                                                                                                                                                                                                                                                                                                                                                                                                                                                                                                                                                                                                                                                                                                                                                                                                                                                                                                                                                                                                                                                                                                                                                                                                                                                                                                                                                                                                                                                                                                                                                                                                                                                                                                                                                                                                                                                                                                                                                                                                                                                                                                                                                                                                                                                                                                                                                                                                                                                                                                                                                                                                                                                                                                                                                                                                                                                                                                                                                                                                                                                                                                                                                                                                                                                                                                                                                                                                                                                                                                                                                                                                                                                                                                                                                                                                                                                                                                                                                                                                                                                                                                                                                                                                                                                                                                                                                                                                                                                                                                                                                                                                                                                                                                                                                                                                                                                                                                                                                                                                                                                                                                                                                                                                                                                                                                                                                                                                                                                                                                                                                                                                                                                                                                                                                                                                                                                                                                                                                                                                                                                                                                                                                                                                                                                                                                                                                                                                                                                                                                                                                                                                                                                                                                                                                                                                                                                                                                                                                                                                                                                                                                                                                                                                                                                                                                                                                                                                                                                                                                                                                                                                                                                                                                                                                                                                                                                                                                                                                                                                                                                                                                                                                                                                                                                                                                                                                                                                                                                                                                                                                                                                                                                                                                                                                                                                                                                                                                                                                                                                                                                                                                                                                                                                                                                                                                                                                                                                                                                                                                                                                                                                                                                                                                                                                                                                                                                                                                                                                                                                                                                                                                                                                                                                                                                                                                                                                                                                                                                                                                                                                                                                                                                                                                                                                                                                                                                                                                                                                                                                                                                                                                                                                                                                                                                                                                                                                                                                                                                                                                                                                                                                                                                                                                                                                                                                                                                                                                                                                                                                                                                                                                                                                                                                                                                                                                                                                                                                                                                                                                                                                                                                                                                                                                                                                                                                                                                                                                                                                                                                                                                                                                                                                                                                                                                                                                                                                                                                                                                                                                                                                                                                                                                                                                                                                                                                                                                                                                                                                                                                                                                                                                                                                                                                                                                                                                                                                                                                                                                                                                                                                                                                                                                                                                                                                                                                                                                                                                                                                                                                                                                                                                                                                                                                                                                                                                                                                                                                                                                                                                                                                                                                                                                                                                                                                                                                                                                                                                                                                                                                                                                                                                                                                                                                                                                                                                                                                                                                                                                                                                                                                                                                                                                                                                                                                                                                                                                                                                                                                                                                                                                                                                                                                                                                                                                                                                                                                                                                                                                                                                                                                                                                                                                                                                                                                                                                                                                                                                                                                                                                                                                                                                                                                                                                                                                                                                                                                                                                                                                                                                                                                                                                                                                                                                                                                                                                                                                                                                                                                                                                                                                                                                                                                                                                                                                                                                                                                                                                                                                                                                                                                                                                                                                                                                                                                                                                                                                                                                                                                                                                                                                                                                                                                                                                                                                                                                                                                                                                                                                                                                                                                                                                                                                                                                                                                                                                                                                                                                                                                                                                                                                                                                                                                                                                                                                                                                                                                                                                                                                                                                                                                                                                                                                                                                                                                                                                                                                                                                                                                                                                                                                                                                                                                                                                                                                                                                                                                                                                                                                                                                                                                                                                                                                                                                                                                                                                                                                                                                                                                                                                                                                                                                                                                                                                                                                                                                                                                                                                                                                                                                                                                                                                                                                                                                                                                                                                                                                                                                                                                                                                                                                                                                                                                                                                                                                                                                                                                                                                                                                                                                                                                                                                                                                                                                                                                                                                                                                                                                                                                                                                                                                                                                                                                                                                                                                                                                                                                                                                                                                                                                                                                                                                                                                                                                                                                                                                                                                                                                                                                                                                                                                                                                                                                                                                                                                                                                                                                                                                                                                                                                                                                                                                                                                                                                                                                                                                                                                                                                                                                                                                                                                                                                                                                                                                                                                                                                                                                                                                                                                                                                                                                                                                                                                                                                                                                                                                                                                                                                                                                                                                                                                                                                                                                                                                                                                                                                                                                                                                                                                                                                                                                                                                                                                                                                                                                                                                                                                                                                                                                                                                                                                                                                                                                                                                                                                                                                                                                                                                                                                                                                                                                                                                                                                                                                                                                                                                                                                                                                                                                                                                                                                                                                                                                                                                                                                                                                                                                                                                                                                                                                                                                                                                                                                                                                                                                                                                                                                                                                                                                                                                                                                                                                                                                                                                                                                                                                                                                                                                                                                                                                                                                                                                                                                                                                                                                                                                                                                                                                                                                                                                                                                                                                                                                                                                                                                                                                                                                                                                                                                                                                                                                                                                                                                                                                                                                                                                                                                                                                                                                                                                                                                                                                                                                                                                                                                                                                                                                                                                                                                                                                                                                                                                                                                                                                                                                                                                                                                                                                                                                                                                                                                                                                                                                                                                                                                                                                                                                                                                                                                                                                                                                                                                                                                                                                                                                                                                                                                                                                                                                                                                                                                                                                                                                                                                                                                                                                                                                                                                                                                                                                                                                                                                                                                                                                                                                                                                                                                                                                                                                                                                                                                                                                                                                                                                                                                                                                                                                                                                                                                                                                                                                                                                                                                                                                                                                                                                                                                                                                                                                                                                                                                                                                                                                                                                                                                                                                                                                                                                                                                                                                                                                                                                                                                                                                                                                                                                                                                                                                                                                                                                                                                                                                                                                                                                                                                                                                                                                                                                                                                                                                                                                                                                                                                                                                                                                                                                                                                                                                                                                                                                                                                                                                                                                                                                                                                                                                                                                                                                                                                                                                                                                                                                                                                                                                                                                                                                                                                                                                                                                                                                                                                                                                                                                                                                                                                                                                                                                                                                                                                                                                                                                                                                                                                                                                                                                                                                                                                                                                                                                                                                                                                                                                                                                                                                                                                                                                                                                                                                                                                                                                                                                                                                                                                                                                                                                                                                                                                                                                                                                                                                                                                                                                                                                                                                                                                                                                                                                                                                                                                                                                                                                                                                                                                                                                                                                                                                                                                                                                                                                                                                                                                                                                                                                                                                                                                                                                                                                                                                                                                                                                                                                                                                                                                                                                                                                                                                                                                                                                                                                                                                                                                                                                                                                                                                                                                                                                                                                                                                                                                                                                                                                                                                                                                                                                                                                                                                                                                                                                                                                                                                                                                                                                                                                                                                                                                                                                                                                                                                                                                                                                                                                                                                                                                                                                                                                                                                                                                                                                                                                                                                                                                                                                                                                                                                                                                                                                                                                                                                                                                                                                                                                                                                                                                                                                                                                                                                                                                                                                                                                                                                                                                                                                                                                                                                                                                                                                                                                                                                                                                                                                                                                                                                                                                                                                                                                                                                                                                                                                                                                                                                                                                                                                                                                                                                                                                                                                                                                                                                                                                                                                                                                                                                                                                                                                                                                                                                                                                                                                                                                                                                                                                                                                                                                                                                                                                                                                                                                                                                                                                                                                                                                                                                                                                                                                                                                                                                                                                                                                                                                                                                                                                                                                                                                                                                                                                                                                                                                                                                                                                                                                                                                                                                                                                                                                                                                                                                                                                                                                                                                                                                                                                                                                                                                                                                                                                                                                                                                                                                                                                                                                                                                                                                                                                                                                                                                                                                                                                                                                                                                                                                                                                                                                                                                                                                                                                                                                                                                                                                                                                                                                                                                                                                                                                                                                                                                                                                                                                                                                                                                                                                                                                                                                                                                                                                                                                                                                                                                                                                                                                                                                                                                                                                                                                                                                                                                                                                                                                                                                                                                                                                                                                                                                                                                                                                                                                                                                                                                                                                                                                                                                                                                                                                                                                                                                                                                                                                                                                                                                                                                                                                                                                                                                                                                                                                                                                                                                                                                                                                                                                                                                                                                                                                                                                                                                                                                                                                                                                                                                                                                                                                                                                                                                                                                                                                                                                                                                                                                                                                                                                                                                                                                                                                                                                                                                                                                                                                                                                                                                                                                                                                                                                                                                                                                                                                                                                                                                                                                                                                                                                                                                                                                                                                                                                                                                                                                                                                                                                                                                                                                                                                                                                                                                                                                                                                                                                                                                                                                                                                                                                                                                                                                                                                                                                                                                                                                                                                                                                                                                                                                                                                                                                                                                                                                                                                                                                                                                                                                                                                                                                                                                                                                                                                                                                                                                                                                                                                                                                                                                                                                                                                                                                                                                                                                                                                                                                                                                                                                                                                                                                                                                                                                                                                                                                                                                                                                                                                                                                                                                                                                                                                                                                                                                                                                                                                                                                                                                                                                                                                                                                                                                                                                                                                                                                                                                                                                                                                                                                                                                                                                                                                                                                                                                                                                                                                                                                                                                                                                                                                                                                                                                                                                                                                                                                                                                                                                                                                                                                                                                                                                                                                                                                                                                                                                                                                                                                                                                                                                                                                                                                                                                                                                                                                                                                                                                                                                                                                                                                                                                                                                                                                                                                                                                                                                                                                                                                                                                                                                                                                                                                                                                                                                                                                                                                                                                                                                                                                                                                                                                                                                                                                                                                                                                                                                                                                                                                                                                                                                                                                                                                                                                                                                                                                                                                                                                                                                                                                                                                                                                                                                                                                                                                                                                                                                                                                                                                                                                                                                                                                                                                                                                                                                                                                                                                                                                                                                                                                                                                                                                                                                                                                                                                                                                                                                                                                                                                                                                                                                                                                                                                                                                                                                                                                                                                                                                                                                                                                                                                                                                                                                                                                                                                                                                                                                                                                                                                                                                                                                                                                                                                                                                                                                                                                                                                                                                                                                                                                                                                                                                                                                                                                                                                                                                                                                                                                                                                                                                                                                                                                                                                                                                                                                                                                                                                                                                                                                                                                                                                                                                                                                                                                                                                                                                                                                                                                                                                                                                                                                                                                                                                                                                                                                                                                                                                                                                                                                                                                                                                                                                                                                                                                                                                                                                                                                                                                                                                                                                                                                                                                                                                                                                                                                                                                                                                                                                                                                                                                                                                                                                                                                                                                                                                                                                                                                                                                                                                                                                                                                                                                                                                                                                                                                                                                                                                                                                                                                                                                                                                                                                                                                                                                                                                                                                                                                                                                                                                                                                                                                                                                                                                                                                                                                                                                                                                                                                                                                                                                                                                                                                                                                                                                                                                                                                                                                                                                                                                                                                                                                                                                                                                                                                                                                                                                                                                                                                                                                                                                                                                                                                                                                                                                                                                                                                                                                                                                                                                                                                                                                                                                                                                                                                                                                                                                                                                                                                                                                                                                                                                                                                                                                                                                                                                                                                                                                                                                                                                                                                                                                                                                                                                                                                                                                                                                                                                                                                                                                                                                                                                                                                                                                                                                                                                                                                                                                                                                                                                                                                                                                                                                                                                                                                                                                                                                                                                                                                                                                                                                                                                                                                                                                                                                                                                                                                                                                                                                                                                                                                                                                                                                                                                                                                                                                                                                                                                                                                                                                                                                                                                                                                                                                                                                                                                                                                                                                                                                                                                                                                                                                                                                                                                                                                                                                                                                                                                                                                                                                                                                                                                                                                                                                                                                                                                                                                                                                                                                                                                                                                                                                                                                                                                                                                                                                                                                                                                                                                                                                                                                                                                                                                                                                                                                                                                                                                                                                                                                                                                                                                                                                                                                                                                                                                                                                                                                                                                                                                                                                                                                                                                                                                                                                                                                                                                                                                                                                                                                                                                                                                                                                                                                                                                                                                                                                                                                                                                                                                                                                                                                                                                                                                                                                                                                                                                                                                                                                                                                                                                                                                                                                                                                                                                                                                                                                                                                                                                                                                                                                                                                                                                                                                                                                                                                                                                                                                                                                                                                                                                                                                                                                                                                                                                                                                                                                                                                                                          print "### Phase 2 complete ###"
### Phase 2 complete ###

variable  pe_final   equal  pe
variable  temp_fin   equal  temp
variable  press_fin  equal  press

print "EQUIL_RESULTS_START"
EQUIL_RESULTS_START
print "  T_K          : 400"
  T_K          : 400
print "  pe_final_eV  : ${pe_final}"
  pe_final_eV  : -3349.70339929941
print "  temp_final_K : ${temp_fin}"
  temp_final_K : 414.794772529778
print "  press_final  : ${press_fin}"
  press_final  : 19643.3137537634
print "EQUIL_RESULTS_END"
EQUIL_RESULTS_END

write_restart  /projects/westgroup/akinyemi.az/mace_lammps/MHI_Nickel/calculation/results/Hastelloy_N_7_minimized_1H/results/400K/nvt_400K_phase2_prod.restart
System init for write_restart ...
write_data     /projects/westgroup/akinyemi.az/mace_lammps/MHI_Nickel/calculation/results/Hastelloy_N_7_minimized_1H/results/400K/nvt_400K.out
System init for write_data ...
Total wall time: 17:23:18
