       Step     Time          Energy          fmax
MDMin:    0 03:52:01    -2396.403864        0.148741
MDMin:    1 03:52:03    -2396.403865        0.148720
MDMin:    2 03:52:06    -2396.403867        0.148660
MDMin:    3 03:52:08    -2396.403870        0.148559
MDMin:    4 03:52:10    -2396.403874        0.148418
MDMin:    5 03:52:12    -2396.403879        0.148238
MDMin:    6 03:52:14    -2396.403886        0.148020
MDMin:    7 03:52:16    -2396.403894        0.147764
MDMin:    8 03:52:18    -2396.403903        0.147470
MDMin:    9 03:52:20    -2396.403913        0.147142
MDMin:   10 03:52:22    -2396.403924        0.146779
MDMin:   11 03:52:24    -2396.403937        0.146383
MDMin:   12 03:52:26    -2396.403950        0.145955
MDMin:   13 03:52:28    -2396.403965        0.145497
MDMin:   14 03:52:30    -2396.403981        0.145011
MDMin:   15 03:52:32    -2396.403998        0.144499
MDMin:   16 03:52:34    -2396.404016        0.144005
MDMin:   17 03:52:35    -2396.404035        0.143531
MDMin:   18 03:52:37    -2396.404055        0.143030
MDMin:   19 03:52:39    -2396.404076        0.142505
MDMin:   20 03:52:42    -2396.404099        0.141956
MDMin:   21 03:52:44    -2396.404122        0.141384
MDMin:   22 03:52:46    -2396.404146        0.140791
MDMin:   23 03:52:48    -2396.404172        0.140178
MDMin:   24 03:52:49    -2396.404198        0.139545
MDMin:   25 03:52:51    -2396.404225        0.138896
MDMin:   26 03:52:53    -2396.404253        0.138230
MDMin:   27 03:52:55    -2396.404282        0.137551
MDMin:   28 03:52:57    -2396.404312        0.136859
MDMin:   29 03:52:59    -2396.404342        0.136158
MDMin:   30 03:53:01    -2396.404374        0.135448
MDMin:   31 03:53:03    -2396.404406        0.134732
MDMin:   32 03:53:05    -2396.404439        0.134013
MDMin:   33 03:53:07    -2396.404473        0.133292
MDMin:   34 03:53:09    -2396.404508        0.132573
MDMin:   35 03:53:11    -2396.404543        0.131858
MDMin:   36 03:53:13    -2396.404579        0.131150
MDMin:   37 03:53:16    -2396.404615        0.130452
MDMin:   38 03:53:18    -2396.404652        0.129765
MDMin:   39 03:53:20    -2396.404690        0.129094
MDMin:   40 03:53:22    -2396.404728        0.128469
MDMin:   41 03:53:24    -2396.404767        0.127883
MDMin:   42 03:53:26    -2396.404807        0.127312
MDMin:   43 03:53:28    -2396.404846        0.126755
MDMin:   44 03:53:30    -2396.404887        0.126214
MDMin:   45 03:53:31    -2396.404927        0.125688
MDMin:   46 03:53:33    -2396.404969        0.125177
MDMin:   47 03:53:34    -2396.405010        0.124682
MDMin:   48 03:53:36    -2396.405052        0.124707
MDMin:   49 03:53:38    -2396.405094        0.124893
MDMin:   50 03:53:40    -2396.405137        0.125085
MDMin:   51 03:53:42    -2396.405179        0.126025
MDMin:   52 03:53:44    -2396.405222        0.127576
MDMin:   53 03:53:46    -2396.405266        0.129159
MDMin:   54 03:53:48    -2396.405309        0.130773
MDMin:   55 03:53:50    -2396.405353        0.132415
MDMin:   56 03:53:51    -2396.405397        0.134084
MDMin:   57 03:53:52    -2396.405441        0.135775
MDMin:   58 03:53:54    -2396.405485        0.137486
MDMin:   59 03:53:56    -2396.405530        0.139213
MDMin:   60 03:53:58    -2396.405575        0.140952
MDMin:   61 03:54:00    -2396.405619        0.142698
MDMin:   62 03:54:02    -2396.405664        0.144446
MDMin:   63 03:54:04    -2396.405709        0.146190
MDMin:   64 03:54:06    -2396.405754        0.147925
MDMin:   65 03:54:08    -2396.405799        0.149644
MDMin:   66 03:54:09    -2396.405845        0.151340
MDMin:   67 03:54:12    -2396.405890        0.153005
MDMin:   68 03:54:13    -2396.405936        0.154631
MDMin:   69 03:54:15    -2396.405981        0.156209
MDMin:   70 03:54:17    -2396.406027        0.157731
MDMin:   71 03:54:19    -2396.406073        0.159186
MDMin:   72 03:54:20    -2396.406118        0.160566
MDMin:   73 03:54:22    -2396.406164        0.161861
MDMin:   74 03:54:24    -2396.406210        0.163059
MDMin:   75 03:54:26    -2396.406256        0.164151
MDMin:   76 03:54:28    -2396.406302        0.165126
MDMin:   77 03:54:30    -2396.406349        0.165973
MDMin:   78 03:54:31    -2396.406395        0.166683
MDMin:   79 03:54:33    -2396.406441        0.167245
MDMin:   80 03:54:35    -2396.406488        0.167650
MDMin:   81 03:54:37    -2396.406534        0.167888
MDMin:   82 03:54:39    -2396.406581        0.167953
MDMin:   83 03:54:41    -2396.406628        0.167835
MDMin:   84 03:54:43    -2396.406674        0.167528
MDMin:   85 03:54:46    -2396.406721        0.167028
MDMin:   86 03:54:48    -2396.406769        0.166329
MDMin:   87 03:54:50    -2396.406816        0.165430
MDMin:   88 03:54:52    -2396.406863        0.164327
MDMin:   89 03:54:54    -2396.406911        0.163026
MDMin:   90 03:54:56    -2396.406958        0.161540
MDMin:   91 03:54:58    -2396.407006        0.159869
MDMin:   92 03:55:00    -2396.407054        0.161993
MDMin:   93 03:55:01    -2396.407102        0.164200
MDMin:   94 03:55:04    -2396.407150        0.166415
MDMin:   95 03:55:06    -2396.407199        0.168632
MDMin:   96 03:55:07    -2396.407247        0.170848
MDMin:   97 03:55:09    -2396.407296        0.173057
MDMin:   98 03:55:10    -2396.407345        0.175255
MDMin:   99 03:55:12    -2396.407394        0.177436
MDMin:  100 03:55:13    -2396.407444        0.179593
MDMin:  101 03:55:14    -2396.407493        0.181719
MDMin:  102 03:55:16    -2396.407543        0.183807
MDMin:  103 03:55:17    -2396.407593        0.185846
MDMin:  104 03:55:18    -2396.407643        0.187830
MDMin:  105 03:55:20    -2396.407694        0.189747
MDMin:  106 03:55:22    -2396.407745        0.191587
MDMin:  107 03:55:24    -2396.407795        0.193340
MDMin:  108 03:55:25    -2396.407847        0.194995
MDMin:  109 03:55:27    -2396.407898        0.196538
MDMin:  110 03:55:29    -2396.407950        0.197960
MDMin:  111 03:55:31    -2396.408002        0.199246
MDMin:  112 03:55:33    -2396.408054        0.200387
MDMin:  113 03:55:35    -2396.408107        0.201369
MDMin:  114 03:55:37    -2396.408160        0.202182
MDMin:  115 03:55:39    -2396.408213        0.202815
MDMin:  116 03:55:41    -2396.408267        0.203259
MDMin:  117 03:55:43    -2396.408320        0.203504
MDMin:  118 03:55:45    -2396.408375        0.203543
MDMin:  119 03:55:46    -2396.408429        0.203370
MDMin:  120 03:55:48    -2396.408485        0.202979
MDMin:  121 03:55:50    -2396.408540        0.202365
MDMin:  122 03:55:52    -2396.408596        0.201525
MDMin:  123 03:55:54    -2396.408652        0.200462
MDMin:  124 03:55:56    -2396.408709        0.199175
MDMin:  125 03:55:58    -2396.408766        0.197681
MDMin:  126 03:56:00    -2396.408821        0.196021
MDMin:  127 03:56:02    -2396.408872        0.253681
MDMin:  128 03:56:03    -2396.408912        0.239795
MDMin:  129 03:56:04    -2396.408941        0.195806
MDMin:  130 03:56:06    -2396.408968        0.196628
MDMin:  131 03:56:08    -2396.408995        0.197412
MDMin:  132 03:56:10    -2396.409022        0.198173
MDMin:  133 03:56:12    -2396.409050        0.198906
MDMin:  134 03:56:14    -2396.409078        0.199609
MDMin:  135 03:56:16    -2396.409107        0.200278
MDMin:  136 03:56:18    -2396.409137        0.200909
MDMin:  137 03:56:20    -2396.409167        0.201498
MDMin:  138 03:56:22    -2396.409198        0.202041
MDMin:  139 03:56:23    -2396.409229        0.202533
MDMin:  140 03:56:25    -2396.409261        0.202970
MDMin:  141 03:56:26    -2396.409294        0.203346
MDMin:  142 03:56:28    -2396.409327        0.203658
MDMin:  143 03:56:30    -2396.409360        0.203900
MDMin:  144 03:56:32    -2396.409395        0.204922
MDMin:  145 03:56:34    -2396.409430        0.206237
MDMin:  146 03:56:36    -2396.409465        0.207631
MDMin:  147 03:56:38    -2396.409502        0.209112
MDMin:  148 03:56:39    -2396.409539        0.210689
MDMin:  149 03:56:41    -2396.409576        0.212373
MDMin:  150 03:56:43    -2396.409615        0.214174
MDMin:  151 03:56:44    -2396.409654        0.216103
MDMin:  152 03:56:46    -2396.409693        0.218175
MDMin:  153 03:56:48    -2396.409733        0.220401
MDMin:  154 03:56:50    -2396.409774        0.222795
MDMin:  155 03:56:52    -2396.409816        0.225370
MDMin:  156 03:56:54    -2396.409858        0.228140
MDMin:  157 03:56:56    -2396.409901        0.231115
MDMin:  158 03:56:57    -2396.409945        0.234303
MDMin:  159 03:57:00    -2396.409990        0.237709
MDMin:  160 03:57:01    -2396.410035        0.241330
MDMin:  161 03:57:03    -2396.410081        0.245156
MDMin:  162 03:57:05    -2396.410127        0.249166
MDMin:  163 03:57:07    -2396.410175        0.253324
MDMin:  164 03:57:09    -2396.410223        0.257577
MDMin:  165 03:57:11    -2396.410271        0.261851
MDMin:  166 03:57:13    -2396.410321        0.266052
MDMin:  167 03:57:15    -2396.410371        0.270061
MDMin:  168 03:57:17    -2396.410422        0.273743
MDMin:  169 03:57:19    -2396.410474        0.276951
MDMin:  170 03:57:21    -2396.410527        0.279545
MDMin:  171 03:57:23    -2396.410580        0.281405
MDMin:  172 03:57:25    -2396.410635        0.282463
MDMin:  173 03:57:27    -2396.410690        0.282708
MDMin:  174 03:57:29    -2396.410747        0.282224
MDMin:  175 03:57:30    -2396.410804        0.281168
MDMin:  176 03:57:31    -2396.410862        0.279799
MDMin:  177 03:57:32    -2396.410915        0.278449
MDMin:  178 03:57:33    -2396.410955        0.277479
MDMin:  179 03:57:35    -2396.410979        0.276944
MDMin:  180 03:57:36    -2396.411002        0.276509
MDMin:  181 03:57:38    -2396.411026        0.276150
MDMin:  182 03:57:40    -2396.411050        0.275868
MDMin:  183 03:57:42    -2396.411074        0.275674
MDMin:  184 03:57:44    -2396.411099        0.275574
MDMin:  185 03:57:46    -2396.411125        0.275573
MDMin:  186 03:57:47    -2396.411152        0.275673
MDMin:  187 03:57:49    -2396.411179        0.275872
MDMin:  188 03:57:51    -2396.411206        0.276165
MDMin:  189 03:57:53    -2396.411234        0.276542
MDMin:  190 03:57:55    -2396.411263        0.276990
MDMin:  191 03:57:57    -2396.411293        0.277490
MDMin:  192 03:57:59    -2396.411323        0.278022
MDMin:  193 03:58:01    -2396.411353        0.278560
MDMin:  194 03:58:03    -2396.411385        0.279078
MDMin:  195 03:58:04    -2396.411417        0.279550
MDMin:  196 03:58:06    -2396.411449        0.279951
MDMin:  197 03:58:08    -2396.411482        0.280261
MDMin:  198 03:58:09    -2396.411516        0.280467
MDMin:  199 03:58:11    -2396.411550        0.280567
MDMin:  200 03:58:12    -2396.411585        0.280576
MDMin:  201 03:58:14    -2396.411620        0.280519
MDMin:  202 03:58:16    -2396.411656        0.280435
MDMin:  203 03:58:17    -2396.411693        0.280370
MDMin:  204 03:58:19    -2396.411730        0.280381
MDMin:  205 03:58:22    -2396.411768        0.280531
MDMin:  206 03:58:24    -2396.411807        0.280884
MDMin:  207 03:58:26    -2396.411846        0.281498
MDMin:  208 03:58:28    -2396.411885        0.282423
MDMin:  209 03:58:30    -2396.411926        0.283697
MDMin:  210 03:58:32    -2396.411966        0.285347
MDMin:  211 03:58:34    -2396.412008        0.287378
MDMin:  212 03:58:36    -2396.412049        0.289778
MDMin:  213 03:58:37    -2396.412092        0.292513
MDMin:  214 03:58:39    -2396.412134        0.295524
MDMin:  215 03:58:41    -2396.412177        0.298727
MDMin:  216 03:58:43    -2396.412221        0.302010
MDMin:  217 03:58:45    -2396.412265        0.305231
MDMin:  218 03:58:47    -2396.412309        0.308223
MDMin:  219 03:58:49    -2396.412354        0.310791
MDMin:  220 03:58:52    -2396.412399        0.312721
MDMin:  221 03:58:54    -2396.412444        0.313782
MDMin:  222 03:58:56    -2396.412490        0.313740
MDMin:  223 03:58:58    -2396.412536        0.312372
MDMin:  224 03:59:00    -2396.412582        0.309475
MDMin:  225 03:59:01    -2396.412629        0.304890
MDMin:  226 03:59:03    -2396.412677        0.298511
MDMin:  227 03:59:04    -2396.412725        0.290304
MDMin:  228 03:59:05    -2396.412774        0.280314
MDMin:  229 03:59:06    -2396.412823        0.268668
MDMin:  230 03:59:08    -2396.412874        0.259288
MDMin:  231 03:59:09    -2396.412925        0.263819
MDMin:  232 03:59:11    -2396.412977        0.267950
MDMin:  233 03:59:13    -2396.413030        0.271611
MDMin:  234 03:59:14    -2396.413085        0.274747
MDMin:  235 03:59:15    -2396.413141        0.277316
MDMin:  236 03:59:17    -2396.413198        0.279298
MDMin:  237 03:59:18    -2396.413256        0.280689
MDMin:  238 03:59:20    -2396.413317        0.281506
MDMin:  239 03:59:22    -2396.413379        0.281779
MDMin:  240 03:59:24    -2396.413442        0.281552
MDMin:  241 03:59:27    -2396.413508        0.280866
MDMin:  242 03:59:29    -2396.413576        0.280129
MDMin:  243 03:59:30    -2396.413646        0.280736
MDMin:  244 03:59:31    -2396.413718        0.280701
MDMin:  245 03:59:33    -2396.413792        0.280048
MDMin:  246 03:59:34    -2396.413869        0.278799
MDMin:  247 03:59:35    -2396.413949        0.277014
MDMin:  248 03:59:36    -2396.414032        0.274709
MDMin:  249 03:59:38    -2396.414117        0.272005
MDMin:  250 03:59:39    -2396.414206        0.268837
MDMin:  251 03:59:41    -2396.414298        0.265789
MDMin:  252 03:59:42    -2396.414393        0.262261
MDMin:  253 03:59:44    -2396.414489        0.281326
MDMin:  254 03:59:46    -2396.414576        0.354450
MDMin:  255 03:59:48    -2396.414633        0.318290
MDMin:  256 03:59:50    -2396.414671        0.253264
MDMin:  257 03:59:52    -2396.414708        0.252218
MDMin:  258 03:59:54    -2396.414747        0.250975
MDMin:  259 03:59:56    -2396.414787        0.249748
MDMin:  260 03:59:57    -2396.414828        0.248506
MDMin:  261 03:59:59    -2396.414871        0.247261
MDMin:  262 04:00:00    -2396.414915        0.246014
MDMin:  263 04:00:01    -2396.414961        0.244926
MDMin:  264 04:00:03    -2396.415008        0.244633
MDMin:  265 04:00:05    -2396.415057        0.244437
MDMin:  266 04:00:07    -2396.415108        0.244346
MDMin:  267 04:00:08    -2396.415160        0.244372
MDMin:  268 04:00:10    -2396.415213        0.244525
MDMin:  269 04:00:12    -2396.415269        0.244817
MDMin:  270 04:00:14    -2396.415326        0.245259
MDMin:  271 04:00:16    -2396.415385        0.245865
MDMin:  272 04:00:18    -2396.415446        0.246647
MDMin:  273 04:00:20    -2396.415508        0.247619
MDMin:  274 04:00:22    -2396.415573        0.248795
MDMin:  275 04:00:24    -2396.415639        0.250188
MDMin:  276 04:00:26    -2396.415708        0.251813
MDMin:  277 04:00:27    -2396.415779        0.253684
MDMin:  278 04:00:28    -2396.415851        0.255818
MDMin:  279 04:00:30    -2396.415926        0.258229
MDMin:  280 04:00:32    -2396.416003        0.260933
MDMin:  281 04:00:34    -2396.416082        0.263944
MDMin:  282 04:00:36    -2396.416163        0.267277
MDMin:  283 04:00:38    -2396.416247        0.270944
MDMin:  284 04:00:40    -2396.416333        0.274958
MDMin:  285 04:00:42    -2396.416421        0.279328
MDMin:  286 04:00:44    -2396.416511        0.284063
MDMin:  287 04:00:45    -2396.416604        0.289165
MDMin:  288 04:00:47    -2396.416699        0.294633
MDMin:  289 04:00:49    -2396.416797        0.300462
MDMin:  290 04:00:51    -2396.416897        0.306638
MDMin:  291 04:00:53    -2396.417000        0.313140
MDMin:  292 04:00:55    -2396.417105        0.319936
MDMin:  293 04:00:57    -2396.417213        0.326986
MDMin:  294 04:00:59    -2396.417323        0.334238
MDMin:  295 04:01:00    -2396.417437        0.341626
MDMin:  296 04:01:02    -2396.417553        0.349077
MDMin:  297 04:01:04    -2396.417673        0.356512
MDMin:  298 04:01:06    -2396.417795        0.363850
MDMin:  299 04:01:07    -2396.417921        0.371019
MDMin:  300 04:01:08    -2396.418051        0.377961
MDMin:  301 04:01:10    -2396.418185        0.384654
MDMin:  302 04:01:12    -2396.418322        0.391126
MDMin:  303 04:01:13    -2396.418464        0.397474
MDMin:  304 04:01:15    -2396.418610        0.403880
MDMin:  305 04:01:17    -2396.418760        0.410618
MDMin:  306 04:01:18    -2396.418914        0.418056
MDMin:  307 04:01:20    -2396.419073        0.426645
MDMin:  308 04:01:22    -2396.419236        0.436889
MDMin:  309 04:01:24    -2396.419402        0.449328
MDMin:  310 04:01:26    -2396.419570        0.464452
MDMin:  311 04:01:28    -2396.419741        0.482663
MDMin:  312 04:01:30    -2396.419913        0.504223
MDMin:  313 04:01:31    -2396.420085        0.529209
MDMin:  314 04:01:32    -2396.420257        0.557485
MDMin:  315 04:01:33    -2396.420428        0.588698
MDMin:  316 04:01:34    -2396.420597        0.622304
MDMin:  317 04:01:35    -2396.420765        0.657629
MDMin:  318 04:01:37    -2396.420931        0.693951
MDMin:  319 04:01:39    -2396.421096        0.730593
MDMin:  320 04:01:40    -2396.421259        0.766983
MDMin:  321 04:01:41    -2396.421422        0.802676
MDMin:  322 04:01:42    -2396.421584        0.837298
MDMin:  323 04:01:43    -2396.421746        0.870460
MDMin:  324 04:01:45    -2396.421909        0.901626
MDMin:  325 04:01:47    -2396.422073        0.929999
MDMin:  326 04:01:48    -2396.422239        0.954464
MDMin:  327 04:01:50    -2396.422406        0.973443
MDMin:  328 04:01:51    -2396.422576        0.985173
MDMin:  329 04:01:53    -2396.422750        0.987860
MDMin:  330 04:01:57    -2396.422928        0.979726
MDMin:  331 04:01:59    -2396.423111        0.959124
MDMin:  332 04:02:02    -2396.423300        0.924668
MDMin:  333 04:02:04    -2396.423495        0.891810
MDMin:  334 04:02:06    -2396.423698        0.941283
MDMin:  335 04:02:08    -2396.423908        0.984331
MDMin:  336 04:02:10    -2396.424128        1.017205
MDMin:  337 04:02:11    -2396.424359        1.036171
MDMin:  338 04:02:13    -2396.424601        1.037930
MDMin:  339 04:02:14    -2396.424858        1.019976
MDMin:  340 04:02:16    -2396.425132        0.980715
MDMin:  341 04:02:17    -2396.425427        0.919228
MDMin:  342 04:02:18    -2396.425750        0.834741
MDMin:  343 04:02:21    -2396.426112        0.726868
MDMin:  344 04:02:23    -2396.426526        0.601342
MDMin:  345 04:02:25    -2396.427010        0.488454
MDMin:  346 04:02:27    -2396.427570        0.409288
MDMin:  347 04:02:29    -2396.428204        0.294455
MDMin:  348 04:02:31    -2396.428934        0.410208
MDMin:  349 04:02:33    -2396.429617        1.345303
MDMin:  350 04:02:35    -2396.429621        1.318934
MDMin:  351 04:02:37    -2396.429631        1.235190
MDMin:  352 04:02:39    -2396.429649        1.090264
MDMin:  353 04:02:42    -2396.429676        0.897008
MDMin:  354 04:02:44    -2396.429713        0.681052
MDMin:  355 04:02:46    -2396.429763        0.469095
MDMin:  356 04:02:48    -2396.429826        0.281773
MDMin:  357 04:02:50    -2396.429905        0.269135
MDMin:  358 04:02:52    -2396.429996        0.268841
MDMin:  359 04:02:53    -2396.430098        0.268884
MDMin:  360 04:02:55    -2396.430209        0.269130
MDMin:  361 04:02:58    -2396.430328        0.269486
MDMin:  362 04:03:00    -2396.430454        0.269900
MDMin:  363 04:03:02    -2396.430588        0.270347
MDMin:  364 04:03:04    -2396.430731        0.270818
MDMin:  365 04:03:06    -2396.430882        0.271311
MDMin:  366 04:03:08    -2396.431043        0.271826
MDMin:  367 04:03:10    -2396.431214        0.272368
MDMin:  368 04:03:12    -2396.431395        0.272940
MDMin:  369 04:03:13    -2396.431587        0.273546
MDMin:  370 04:03:15    -2396.431790        0.274191
MDMin:  371 04:03:17    -2396.432005        0.274878
MDMin:  372 04:03:19    -2396.432232        0.275613
MDMin:  373 04:03:21    -2396.432472        0.276401
MDMin:  374 04:03:23    -2396.432724        0.277247
MDMin:  375 04:03:25    -2396.432990        0.278158
MDMin:  376 04:03:27    -2396.433270        0.279140
MDMin:  377 04:03:29    -2396.433564        0.280201
MDMin:  378 04:03:31    -2396.433874        0.281350
MDMin:  379 04:03:33    -2396.434198        0.282594
MDMin:  380 04:03:35    -2396.434539        0.283944
MDMin:  381 04:03:37    -2396.434897        0.285409
MDMin:  382 04:03:39    -2396.435272        0.287000
MDMin:  383 04:03:42    -2396.435664        0.288726
MDMin:  384 04:03:44    -2396.436076        0.290599
MDMin:  385 04:03:46    -2396.436506        0.292628
MDMin:  386 04:03:48    -2396.436956        0.294824
MDMin:  387 04:03:50    -2396.437427        0.297196
MDMin:  388 04:03:52    -2396.437920        0.299753
MDMin:  389 04:03:55    -2396.438434        0.302501
MDMin:  390 04:03:57    -2396.438971        0.305445
MDMin:  391 04:03:59    -2396.439532        0.308588
MDMin:  392 04:04:00    -2396.440118        0.311929
MDMin:  393 04:04:02    -2396.440729        0.315464
MDMin:  394 04:04:04    -2396.441366        0.319185
MDMin:  395 04:04:05    -2396.442030        0.323077
MDMin:  396 04:04:07    -2396.442722        0.327120
MDMin:  397 04:04:09    -2396.443444        0.331288
MDMin:  398 04:04:12    -2396.444195        0.335549
MDMin:  399 04:04:13    -2396.444977        0.339860
MDMin:  400 04:04:15    -2396.445791        0.344174
MDMin:  401 04:04:17    -2396.446639        0.348433
MDMin:  402 04:04:20    -2396.447521        0.352576
MDMin:  403 04:04:22    -2396.448438        0.356534
MDMin:  404 04:04:24    -2396.449393        0.360239
MDMin:  405 04:04:26    -2396.450386        0.363619
MDMin:  406 04:04:28    -2396.451420        0.366610
MDMin:  407 04:04:30    -2396.452495        0.369150
MDMin:  408 04:04:32    -2396.453613        0.371192
MDMin:  409 04:04:34    -2396.454776        0.372700
MDMin:  410 04:04:35    -2396.455987        0.373657
MDMin:  411 04:04:38    -2396.457246        0.374065
MDMin:  412 04:04:40    -2396.458556        0.373947
MDMin:  413 04:04:42    -2396.459918        0.373341
MDMin:  414 04:04:43    -2396.461335        0.372304
MDMin:  415 04:04:45    -2396.462808        0.370906
MDMin:  416 04:04:47    -2396.464338        0.369226
MDMin:  417 04:04:49    -2396.465928        0.367346
MDMin:  418 04:04:51    -2396.467579        0.365352
MDMin:  419 04:04:53    -2396.469291        0.363321
MDMin:  420 04:04:55    -2396.471066        0.361327
MDMin:  421 04:04:57    -2396.472905        0.359433
MDMin:  422 04:04:59    -2396.474807        0.357691
MDMin:  423 04:05:01    -2396.476773        0.356146
MDMin:  424 04:05:03    -2396.478802        0.354838
MDMin:  425 04:05:05    -2396.480894        0.353801
MDMin:  426 04:05:07    -2396.483047        0.353056
MDMin:  427 04:05:09    -2396.485261        0.352620
MDMin:  428 04:05:11    -2396.487532        0.353733
MDMin:  429 04:05:13    -2396.489858        0.357725
MDMin:  430 04:05:15    -2396.492237        0.361801
MDMin:  431 04:05:17    -2396.494665        0.365994
MDMin:  432 04:05:19    -2396.497137        0.370338
MDMin:  433 04:05:21    -2396.499649        0.374866
MDMin:  434 04:05:24    -2396.502196        0.379613
MDMin:  435 04:05:26    -2396.504772        0.384609
MDMin:  436 04:05:28    -2396.507372        0.389884
MDMin:  437 04:05:29    -2396.509987        0.395464
MDMin:  438 04:05:31    -2396.512612        0.401368
MDMin:  439 04:05:33    -2396.515238        0.407611
MDMin:  440 04:05:35    -2396.517857        0.414199
MDMin:  441 04:05:37    -2396.520461        0.421125
MDMin:  442 04:05:39    -2396.523042        0.428371
MDMin:  443 04:05:41    -2396.525590        0.435899
MDMin:  444 04:05:43    -2396.528096        0.443654
MDMin:  445 04:05:45    -2396.529828        0.451376
MDMin:  446 04:05:46    -2396.531603        0.459150
MDMin:  447 04:05:48    -2396.533408        0.466854
MDMin:  448 04:05:50    -2396.535229        0.474342
MDMin:  449 04:05:52    -2396.537054        0.481457
MDMin:  450 04:05:54    -2396.538868        0.488036
MDMin:  451 04:05:56    -2396.540657        0.493928
MDMin:  452 04:05:57    -2396.542410        0.499010
MDMin:  453 04:05:59    -2396.544116        0.503200
MDMin:  454 04:06:01    -2396.545763        0.506468
MDMin:  455 04:06:03    -2396.547343        0.508829
MDMin:  456 04:06:05    -2396.548848        0.521396
MDMin:  457 04:06:07    -2396.550226        0.534563
MDMin:  458 04:06:09    -2396.550758        0.547805
MDMin:  459 04:06:11    -2396.551299        0.561047
MDMin:  460 04:06:13    -2396.551847        0.574119
MDMin:  461 04:06:15    -2396.552398        0.586818
MDMin:  462 04:06:17    -2396.552949        0.598909
MDMin:  463 04:06:19    -2396.553497        0.610132
MDMin:  464 04:06:20    -2396.554041        0.620207
MDMin:  465 04:06:22    -2396.554578        0.628914
MDMin:  466 04:06:24    -2396.555107        0.636197
MDMin:  467 04:06:26    -2396.555625        0.642309
MDMin:  468 04:06:27    -2396.556132        0.647936
MDMin:  469 04:06:29    -2396.556624        0.654195
MDMin:  470 04:06:31    -2396.557101        0.662550
MDMin:  471 04:06:33    -2396.557558        0.674535
MDMin:  472 04:06:35    -2396.557993        0.691247
MDMin:  473 04:06:36    -2396.558404        0.712781
MDMin:  474 04:06:38    -2396.558790        0.737734
MDMin:  475 04:06:40    -2396.559150        0.763100
MDMin:  476 04:06:42    -2396.559486        0.784499
MDMin:  477 04:06:44    -2396.559799        0.797033
MDMin:  478 04:06:46    -2396.560092        0.796272
MDMin:  479 04:06:48    -2396.560369        0.780020
MDMin:  480 04:06:51    -2396.560632        0.749079
MDMin:  481 04:06:53    -2396.560883        0.708323
MDMin:  482 04:06:54    -2396.561125        0.663834
MDMin:  483 04:06:57    -2396.561358        0.624412
MDMin:  484 04:06:59    -2396.561581        0.590986
MDMin:  485 04:07:01    -2396.561794        0.574720
MDMin:  486 04:07:02    -2396.561983        0.552558
MDMin:  487 04:07:04    -2396.562119        0.666163
MDMin:  488 04:07:05    -2396.562167        0.558539
MDMin:  489 04:07:07    -2396.562220        0.558337
MDMin:  490 04:07:09    -2396.562272        0.559644
MDMin:  491 04:07:11    -2396.562324        0.561478
MDMin:  492 04:07:13    -2396.562375        0.563944
MDMin:  493 04:07:14    -2396.562427        0.567008
MDMin:  494 04:07:15    -2396.562477        0.570646
MDMin:  495 04:07:17    -2396.562527        0.574820
MDMin:  496 04:07:19    -2396.562577        0.579483
MDMin:  497 04:07:21    -2396.562625        0.584571
MDMin:  498 04:07:23    -2396.562673        0.590005
MDMin:  499 04:07:25    -2396.562720        0.595688
MDMin:  500 04:07:26    -2396.562766        0.601499
MDMin:  501 04:07:28    -2396.562810        0.607294
MDMin:  502 04:07:29    -2396.562854        0.612900
MDMin:  503 04:07:31    -2396.562896        0.618115
MDMin:  504 04:07:33    -2396.562938        0.622703
MDMin:  505 04:07:35    -2396.562978        0.626403
MDMin:  506 04:07:37    -2396.563017        0.628931
MDMin:  507 04:07:40    -2396.563056        0.629989
MDMin:  508 04:07:42    -2396.563093        0.629286
MDMin:  509 04:07:43    -2396.563129        0.626582
MDMin:  510 04:07:45    -2396.563163        0.621725
MDMin:  511 04:07:46    -2396.563197        0.614575
MDMin:  512 04:07:47    -2396.563230        0.605075
MDMin:  513 04:07:49    -2396.563262        0.593266
MDMin:  514 04:07:50    -2396.563293        0.579277
MDMin:  515 04:07:51    -2396.563323        0.563325
MDMin:  516 04:07:52    -2396.563352        0.545685
MDMin:  517 04:07:53    -2396.563380        0.526696
MDMin:  518 04:07:54    -2396.563407        0.506709
MDMin:  519 04:07:56    -2396.563433        0.524777
MDMin:  520 04:07:58    -2396.563458        0.553788
MDMin:  521 04:08:00    -2396.563458        0.582769
MDMin:  522 04:08:01    -2396.563410        0.609672
MDMin:  523 04:08:03    -2396.563363        0.637212
MDMin:  524 04:08:05    -2396.563316        0.665630
MDMin:  525 04:08:07    -2396.563270        0.695230
MDMin:  526 04:08:09    -2396.563225        0.726387
MDMin:  527 04:08:11    -2396.563181        0.759559
MDMin:  528 04:08:12    -2396.563138        0.795305
MDMin:  529 04:08:14    -2396.563096        0.834310
MDMin:  530 04:08:16    -2396.563056        0.877400
MDMin:  531 04:08:19    -2396.563017        0.925556
MDMin:  532 04:08:20    -2396.562980        0.979894
MDMin:  533 04:08:22    -2396.562944        1.041585
MDMin:  534 04:08:24    -2396.562910        1.111673
MDMin:  535 04:08:26    -2396.562877        1.190668
MDMin:  536 04:08:28    -2396.562846        1.277721
MDMin:  537 04:08:30    -2396.562817        1.368775
MDMin:  538 04:08:32    -2396.562789        1.451856
MDMin:  539 04:08:34    -2396.562762        1.489688
MDMin:  540 04:08:35    -2396.562737        1.586407
MDMin:  541 04:08:37    -2396.562714        1.613979
MDMin:  542 04:08:39    -2396.562695        1.550967
MDMin:  543 04:08:41    -2396.562678        1.495766
MDMin:  544 04:08:43    -2396.562662        1.503055
MDMin:  545 04:08:45    -2396.562646        1.544118
MDMin:  546 04:08:47    -2396.562629        1.563300
MDMin:  547 04:08:48    -2396.562611        1.522379
MDMin:  548 04:08:50    -2396.562592        1.409762
MDMin:  549 04:08:52    -2396.562572        1.235893
MDMin:  550 04:08:55    -2396.562549        1.028045
MDMin:  551 04:08:57    -2396.562524        0.827042
MDMin:  552 04:08:59    -2396.562498        0.681046
MDMin:  553 04:09:01    -2396.562472        0.625213
MDMin:  554 04:09:03    -2396.562446        0.653196
MDMin:  555 04:09:05    -2396.562420        0.727908
MDMin:  556 04:09:07    -2396.562396        0.818852
MDMin:  557 04:09:09    -2396.562373        0.911983
MDMin:  558 04:09:11    -2396.562352        1.002739
MDMin:  559 04:09:13    -2396.562332        1.089879
MDMin:  560 04:09:14    -2396.562314        1.172394
MDMin:  561 04:09:15    -2396.562297        1.247982
MDMin:  562 04:09:17    -2396.562280        1.311851
MDMin:  563 04:09:19    -2396.562265        1.354893
MDMin:  564 04:09:21    -2396.562250        1.359162
MDMin:  565 04:09:22    -2396.562236        1.273530
MDMin:  566 04:09:24    -2396.562221        1.161039
MDMin:  567 04:09:25    -2396.562207        1.182254
MDMin:  568 04:09:27    -2396.562194        1.478565
MDMin:  569 04:09:29    -2396.562183        1.646953
MDMin:  570 04:09:31    -2396.562172        1.639415
MDMin:  571 04:09:33    -2396.562162        1.463865
MDMin:  572 04:09:35    -2396.562152        1.482027
MDMin:  573 04:09:37    -2396.562143        1.719836
MDMin:  574 04:09:39    -2396.562134        1.843552
MDMin:  575 04:09:40    -2396.562124        1.843943
MDMin:  576 04:09:41    -2396.562115        1.722428
MDMin:  577 04:09:43    -2396.562105        1.491582
MDMin:  578 04:09:44    -2396.562095        1.178470
MDMin:  579 04:09:47    -2396.562085        1.276659
MDMin:  580 04:09:48    -2396.562074        1.249556
MDMin:  581 04:09:51    -2396.562063        1.115404
MDMin:  582 04:09:53    -2396.562051        0.921578
MDMin:  583 04:09:55    -2396.562039        0.898104
MDMin:  584 04:09:57    -2396.562027        1.051999
MDMin:  585 04:09:59    -2396.562015        1.165200
MDMin:  586 04:10:02    -2396.562004        1.244332
MDMin:  587 04:10:04    -2396.561994        1.292748
MDMin:  588 04:10:06    -2396.561984        1.309584
MDMin:  589 04:10:08    -2396.561974        1.291121
MDMin:  590 04:10:09    -2396.561964        1.232857
MDMin:  591 04:10:11    -2396.561954        1.130983
MDMin:  592 04:10:13    -2396.561944        0.984918
MDMin:  593 04:10:15    -2396.561934        1.137750
MDMin:  594 04:10:17    -2396.561925        1.412594
MDMin:  595 04:10:19    -2396.561917        1.500341
MDMin:  596 04:10:21    -2396.561910        1.364407
MDMin:  597 04:10:23    -2396.561904        1.277485
MDMin:  598 04:10:25    -2396.561898        1.562288
MDMin:  599 04:10:27    -2396.561892        1.687187
MDMin:  600 04:10:29    -2396.561886        1.646990
MDMin:  601 04:10:31    -2396.561881        1.453483
MDMin:  602 04:10:33    -2396.561875        1.175032
MDMin:  603 04:10:35    -2396.561869        1.359554
MDMin:  604 04:10:37    -2396.561863        1.386372
MDMin:  605 04:10:39    -2396.561857        1.266890
MDMin:  606 04:10:41    -2396.561851        1.038820
MDMin:  607 04:10:43    -2396.561845        0.914293
MDMin:  608 04:10:44    -2396.561839        1.090739
MDMin:  609 04:10:46    -2396.561832        1.186987
MDMin:  610 04:10:47    -2396.561826        1.218874
MDMin:  611 04:10:49    -2396.561820        1.201235
MDMin:  612 04:10:51    -2396.561815        1.147693
MDMin:  613 04:10:53    -2396.561809        1.072801
MDMin:  614 04:10:55    -2396.561803        0.994277
MDMin:  615 04:10:57    -2396.561796        0.895890
MDMin:  616 04:10:59    -2396.561789        0.754762
MDMin:  617 04:11:00    -2396.561781        0.532580
MDMin:  618 04:11:02    -2396.561772        0.484010
MDMin:  619 04:11:03    -2396.561769        0.870528
MDMin:  620 04:11:05    -2396.561767        1.295070
MDMin:  621 04:11:07    -2396.561765        1.686565
MDMin:  622 04:11:08    -2396.561764        1.974322
MDMin:  623 04:11:10    -2396.561763        2.041620
MDMin:  624 04:11:12    -2396.561761        1.761239
MDMin:  625 04:11:13    -2396.561760        1.269827
MDMin:  626 04:11:15    -2396.561759        0.995210
MDMin:  627 04:11:17    -2396.561757        0.834828
MDMin:  628 04:11:19    -2396.561755        1.521517
MDMin:  629 04:11:20    -2396.561755        1.967417
MDMin:  630 04:11:21    -2396.561755        1.077194
MDMin:  631 04:11:23    -2396.561755        1.008075
MDMin:  632 04:11:24    -2396.561755        1.803295
MDMin:  633 04:11:26    -2396.561755        0.578686
MDMin:  634 04:11:27    -2396.561755        0.966848
MDMin:  635 04:11:29    -2396.561755        0.935012
MDMin:  636 04:11:31    -2396.561754        0.506027
MDMin:  637 04:11:33    -2396.561754        1.263940
MDMin:  638 04:11:35    -2396.561754        2.015965
MDMin:  639 04:11:37    -2396.561754        1.585690
MDMin:  640 04:11:39    -2396.561754        0.639707
MDMin:  641 04:11:41    -2396.561753        0.661944
MDMin:  642 04:11:42    -2396.561753        0.753109
MDMin:  643 04:11:43    -2396.561753        0.853705
MDMin:  644 04:11:44    -2396.561752        0.915573
MDMin:  645 04:11:46    -2396.561752        0.890510
MDMin:  646 04:11:48    -2396.561751        0.826469
MDMin:  647 04:11:50    -2396.561750        0.683774
MDMin:  648 04:11:52    -2396.561749        0.483181
MDMin:  649 04:11:54    -2396.561749        0.939995
MDMin:  650 04:11:56    -2396.561748        1.597012
MDMin:  651 04:11:58    -2396.561748        2.015728
MDMin:  652 04:12:00    -2396.561748        1.332905
MDMin:  653 04:12:02    -2396.561747        0.720273
MDMin:  654 04:12:04    -2396.561747        0.771230
MDMin:  655 04:12:06    -2396.561747        0.902758
MDMin:  656 04:12:08    -2396.561747        0.884339
MDMin:  657 04:12:10    -2396.561746        0.841692
MDMin:  658 04:12:12    -2396.561746        0.750986
MDMin:  659 04:12:14    -2396.561745        0.566162
MDMin:  660 04:12:16    -2396.561744        0.584003
MDMin:  661 04:12:18    -2396.561744        1.122606
MDMin:  662 04:12:19    -2396.561743        1.774539
MDMin:  663 04:12:21    -2396.561743        1.878585
MDMin:  664 04:12:23    -2396.561743        1.096813
MDMin:  665 04:12:25    -2396.561742        0.706160
MDMin:  666 04:12:27    -2396.561742        1.021317
MDMin:  667 04:12:29    -2396.561742        1.956524
MDMin:  668 04:12:31    -2396.561742        1.150943
MDMin:  669 04:12:33    -2396.561742        0.588308
MDMin:  670 04:12:35    -2396.561742        0.664274
MDMin:  671 04:12:37    -2396.561741        0.860227
MDMin:  672 04:12:39    -2396.561741        0.926203
MDMin:  673 04:12:41    -2396.561741        1.042114
MDMin:  674 04:12:43    -2396.561740        1.166188
MDMin:  675 04:12:45    -2396.561740        1.420849
MDMin:  676 04:12:47    -2396.561740        1.732226
MDMin:  677 04:12:49    -2396.561739        1.921425
MDMin:  678 04:12:51    -2396.561738        1.894720
MDMin:  679 04:12:53    -2396.561738        1.652693
MDMin:  680 04:12:55    -2396.561737        1.257331
MDMin:  681 04:12:56    -2396.561736        0.819490
MDMin:  682 04:12:57    -2396.561734        0.547171
MDMin:  683 04:12:58    -2396.561732        0.610681
MDMin:  684 04:12:59    -2396.561731        0.739374
MDMin:  685 04:13:01    -2396.561729        0.821516
MDMin:  686 04:13:02    -2396.561728        0.869528
MDMin:  687 04:13:03    -2396.561727        0.895181
MDMin:  688 04:13:04    -2396.561725        0.904207
MDMin:  689 04:13:06    -2396.561724        0.897684
MDMin:  690 04:13:08    -2396.561722        0.867570
MDMin:  691 04:13:10    -2396.561720        0.814420
MDMin:  692 04:13:12    -2396.561719        0.723376
MDMin:  693 04:13:14    -2396.561716        0.568215
MDMin:  694 04:13:16    -2396.561714        0.482271
MDMin:  695 04:13:18    -2396.561713        0.828197
MDMin:  696 04:13:20    -2396.561712        1.271554
MDMin:  697 04:13:22    -2396.561711        1.681221
MDMin:  698 04:13:25    -2396.561710        1.904695
MDMin:  699 04:13:28    -2396.561710        1.703485
MDMin:  700 04:13:29    -2396.561709        1.168335
MDMin:  701 04:13:31    -2396.561709        0.778206
MDMin:  702 04:13:33    -2396.561708        0.882700
MDMin:  703 04:13:35    -2396.561708        0.694104
MDMin:  704 04:13:37    -2396.561707        1.114690
MDMin:  705 04:13:39    -2396.561707        1.597890
MDMin:  706 04:13:40    -2396.561707        1.237624
MDMin:  707 04:13:42    -2396.561707        0.638376
MDMin:  708 04:13:44    -2396.561707        0.800075
MDMin:  709 04:13:46    -2396.561707        1.249951
MDMin:  710 04:13:48    -2396.561706        1.833764
MDMin:  711 04:13:50    -2396.561706        1.533550
MDMin:  712 04:13:51    -2396.561706        0.732039
MDMin:  713 04:13:53    -2396.561706        0.557321
MDMin:  714 04:13:55    -2396.561705        0.683754
MDMin:  715 04:13:57    -2396.561705        0.788606
MDMin:  716 04:13:59    -2396.561705        0.846350
MDMin:  717 04:14:01    -2396.561704        0.848487
MDMin:  718 04:14:03    -2396.561704        0.869501
MDMin:  719 04:14:05    -2396.561703        0.906258
MDMin:  720 04:14:07    -2396.561702        0.951848
MDMin:  721 04:14:09    -2396.561702        1.001604
MDMin:  722 04:14:12    -2396.561701        1.060954
MDMin:  723 04:14:14    -2396.561700        1.141767
MDMin:  724 04:14:15    -2396.561700        1.250206
MDMin:  725 04:14:17    -2396.561699        1.379218
MDMin:  726 04:14:19    -2396.561698        1.511264
MDMin:  727 04:14:21    -2396.561697        1.625697
MDMin:  728 04:14:22    -2396.561696        1.704477
MDMin:  729 04:14:23    -2396.561695        1.734788
MDMin:  730 04:14:25    -2396.561694        1.709664
MDMin:  731 04:14:27    -2396.561693        1.627823
MDMin:  732 04:14:29    -2396.561691        1.493488
MDMin:  733 04:14:30    -2396.561690        1.316710
MDMin:  734 04:14:31    -2396.561688        1.114735
MDMin:  735 04:14:33    -2396.561686        0.914944
MDMin:  736 04:14:34    -2396.561684        0.757798
MDMin:  737 04:14:35    -2396.561682        0.686448
MDMin:  738 04:14:37    -2396.561680        0.706001
MDMin:  739 04:14:38    -2396.561677        0.770603
MDMin:  740 04:14:39    -2396.561675        0.834840
MDMin:  741 04:14:40    -2396.561673        0.880463
MDMin:  742 04:14:42    -2396.561671        0.906210
MDMin:  743 04:14:43    -2396.561669        0.915728
MDMin:  744 04:14:45    -2396.561667        0.912461
MDMin:  745 04:14:47    -2396.561664        0.898207
MDMin:  746 04:14:49    -2396.561662        0.872533
MDMin:  747 04:14:51    -2396.561660        0.830974
MDMin:  748 04:14:53    -2396.561658        0.791657
MDMin:  749 04:14:55    -2396.561656        0.753036
MDMin:  750 04:14:57    -2396.561653        0.712569
MDMin:  751 04:14:59    -2396.561651        0.667927
MDMin:  752 04:15:01    -2396.561649        0.769676
MDMin:  753 04:15:03    -2396.561647        0.876569
MDMin:  754 04:15:05    -2396.561645        0.950915
MDMin:  755 04:15:07    -2396.561643        0.983100
MDMin:  756 04:15:09    -2396.561642        0.970271
MDMin:  757 04:15:11    -2396.561640        0.913784
MDMin:  758 04:15:13    -2396.561638        1.007549
MDMin:  759 04:15:15    -2396.561637        1.124827
MDMin:  760 04:15:17    -2396.561635        1.222816
MDMin:  761 04:15:18    -2396.561634        1.294393
MDMin:  762 04:15:20    -2396.561632        1.335067
MDMin:  763 04:15:22    -2396.561631        1.342903
MDMin:  764 04:15:24    -2396.561629        1.318428
MDMin:  765 04:15:26    -2396.561628        1.264406
MDMin:  766 04:15:28    -2396.561626        1.185533
MDMin:  767 04:15:30    -2396.561625        1.088255
MDMin:  768 04:15:32    -2396.561623        0.980972
MDMin:  769 04:15:33    -2396.561622        0.923100
MDMin:  770 04:15:35    -2396.561620        0.957489
MDMin:  771 04:15:37    -2396.561619        0.949120
MDMin:  772 04:15:39    -2396.561617        0.896649
MDMin:  773 04:15:41    -2396.561616        0.802019
MDMin:  774 04:15:43    -2396.561614        0.798373
MDMin:  775 04:15:44    -2396.561613        0.865337
MDMin:  776 04:15:46    -2396.561611        0.924386
MDMin:  777 04:15:48    -2396.561610        0.965236
MDMin:  778 04:15:50    -2396.561608        0.983970
MDMin:  779 04:15:52    -2396.561607        0.981541
MDMin:  780 04:15:54    -2396.561606        0.961564
MDMin:  781 04:15:56    -2396.561604        0.927990
MDMin:  782 04:15:58    -2396.561603        0.883071
MDMin:  783 04:16:00    -2396.561602        0.825258
MDMin:  784 04:16:02    -2396.561601        0.743050
MDMin:  785 04:16:04    -2396.561599        0.615600
MDMin:  786 04:16:06    -2396.561598        0.394422
MDMin:  787 04:16:08    -2396.561597        0.777724
MDMin:  788 04:16:10    -2396.561596        0.942163
MDMin:  789 04:16:12    -2396.561596        1.139696
MDMin:  790 04:16:14    -2396.561596        1.358931
MDMin:  791 04:16:15    -2396.561596        1.568555
MDMin:  792 04:16:16    -2396.561596        1.698469
MDMin:  793 04:16:18    -2396.561596        1.624449
MDMin:  794 04:16:20    -2396.561596        1.250497
MDMin:  795 04:16:22    -2396.561596        0.856090
MDMin:  796 04:16:24    -2396.561595        0.535613
MDMin:  797 04:16:25    -2396.561595        0.764058
MDMin:  798 04:16:27    -2396.561595        0.589656
MDMin:  799 04:16:28    -2396.561595        1.209578
MDMin:  800 04:16:29    -2396.561595        0.765293
MDMin:  801 04:16:30    -2396.561595        0.417971
MDMin:  802 04:16:31    -2396.561595        0.770937
MDMin:  803 04:16:33    -2396.561595        0.393168
MDMin:  804 04:16:35    -2396.561595        0.772418
MDMin:  805 04:16:36    -2396.561595        1.370367
MDMin:  806 04:16:38    -2396.561595        1.632571
MDMin:  807 04:16:40    -2396.561595        1.086998
MDMin:  808 04:16:41    -2396.561595        0.449983
MDMin:  809 04:16:43    -2396.561595        0.510561
MDMin:  810 04:16:45    -2396.561595        0.577108
MDMin:  811 04:16:47    -2396.561595        0.634993
MDMin:  812 04:16:49    -2396.561595        0.668424
MDMin:  813 04:16:51    -2396.561595        0.666032
MDMin:  814 04:16:53    -2396.561595        0.680401
MDMin:  815 04:16:55    -2396.561594        0.714701
MDMin:  816 04:16:57    -2396.561594        0.766195
MDMin:  817 04:16:59    -2396.561594        0.829271
MDMin:  818 04:17:01    -2396.561594        0.905817
MDMin:  819 04:17:03    -2396.561594        1.003662
MDMin:  820 04:17:04    -2396.561594        1.124153
MDMin:  821 04:17:06    -2396.561594        1.256274
MDMin:  822 04:17:08    -2396.561594        1.381223
MDMin:  823 04:17:10    -2396.561594        1.479733
MDMin:  824 04:17:12    -2396.561593        1.536804
MDMin:  825 04:17:13    -2396.561593        1.543490
MDMin:  826 04:17:15    -2396.561593        1.496961
MDMin:  827 04:17:17    -2396.561593        1.399872
MDMin:  828 04:17:20    -2396.561593        1.259694
MDMin:  829 04:17:22    -2396.561593        1.088559
MDMin:  830 04:17:24    -2396.561592        0.904172
MDMin:  831 04:17:25    -2396.561592        0.732270
MDMin:  832 04:17:26    -2396.561592        0.608100
MDMin:  833 04:17:27    -2396.561591        0.562293
MDMin:  834 04:17:29    -2396.561591        0.585465
MDMin:  835 04:17:30    -2396.561591        0.634024
MDMin:  836 04:17:32    -2396.561590        0.676233
MDMin:  837 04:17:33    -2396.561590        0.703372
MDMin:  838 04:17:35    -2396.561590        0.717002
MDMin:  839 04:17:37    -2396.561590        0.720213
MDMin:  840 04:17:39    -2396.561589        0.715041
MDMin:  841 04:17:41    -2396.561589        0.702126
MDMin:  842 04:17:43    -2396.561589        0.680762
MDMin:  843 04:17:45    -2396.561589        0.648958
MDMin:  844 04:17:47    -2396.561588        0.607501
MDMin:  845 04:17:49    -2396.561588        0.547959
MDMin:  846 04:17:51    -2396.561588        0.455316
MDMin:  847 04:17:53    -2396.561588        0.329052
MDMin:  848 04:17:55    -2396.561587        0.551270
MDMin:  849 04:17:57    -2396.561587        0.845023
MDMin:  850 04:17:59    -2396.561587        1.161044
MDMin:  851 04:18:02    -2396.561587        1.454438
MDMin:  852 04:18:04    -2396.561587        1.623266
MDMin:  853 04:18:06    -2396.561587        1.484743
MDMin:  854 04:18:08    -2396.561587        0.997739
MDMin:  855 04:18:10    -2396.561587        0.483805
MDMin:  856 04:18:12    -2396.561587        0.567822
MDMin:  857 04:18:14    -2396.561587        0.579748
MDMin:  858 04:18:16    -2396.561587        0.556872
MDMin:  859 04:18:18    -2396.561587        0.475654
MDMin:  860 04:18:20    -2396.561587        0.352537
MDMin:  861 04:18:22    -2396.561587        0.848607
MDMin:  862 04:18:24    -2396.561587        1.391612
MDMin:  863 04:18:26    -2396.561587        1.386402
MDMin:  864 04:18:28    -2396.561587        0.483877
MDMin:  865 04:18:30    -2396.561587        0.508654
MDMin:  866 04:18:32    -2396.561587        0.579072
MDMin:  867 04:18:34    -2396.561587        0.495314
MDMin:  868 04:18:36    -2396.561587        0.426624
MDMin:  869 04:18:38    -2396.561587        0.926289
MDMin:  870 04:18:39    -2396.561587        1.179164
MDMin:  871 04:18:41    -2396.561587        0.354138
MDMin:  872 04:18:42    -2396.561587        0.496037
MDMin:  873 04:18:43    -2396.561587        0.730520
MDMin:  874 04:18:45    -2396.561587        1.148383
MDMin:  875 04:18:47    -2396.561587        1.508062
MDMin:  876 04:18:49    -2396.561587        1.488379
MDMin:  877 04:18:51    -2396.561587        1.128251
MDMin:  878 04:18:53    -2396.561587        0.655950
MDMin:  879 04:18:55    -2396.561587        0.372916
MDMin:  880 04:18:57    -2396.561587        0.437699
MDMin:  881 04:18:59    -2396.561587        0.497439
MDMin:  882 04:19:00    -2396.561587        0.537541
MDMin:  883 04:19:02    -2396.561587        0.561254
MDMin:  884 04:19:04    -2396.561587        0.569584
MDMin:  885 04:19:06    -2396.561587        0.561366
MDMin:  886 04:19:08    -2396.561587        0.602053
MDMin:  887 04:19:10    -2396.561587        0.695707
MDMin:  888 04:19:11    -2396.561587        0.815724
MDMin:  889 04:19:13    -2396.561587        0.959256
MDMin:  890 04:19:15    -2396.561587        1.121571
MDMin:  891 04:19:17    -2396.561587        1.275968
MDMin:  892 04:19:18    -2396.561587        1.392358
MDMin:  893 04:19:21    -2396.561587        1.449873
MDMin:  894 04:19:23    -2396.561587        1.439509
MDMin:  895 04:19:25    -2396.561587        1.362627
MDMin:  896 04:19:27    -2396.561587        1.228488
MDMin:  897 04:19:29    -2396.561587        1.052227
MDMin:  898 04:19:31    -2396.561587        0.854249
MDMin:  899 04:19:33    -2396.561587        0.662256
MDMin:  900 04:19:35    -2396.561587        0.515837
MDMin:  901 04:19:37    -2396.561587        0.457037
MDMin:  902 04:19:39    -2396.561587        0.478306
MDMin:  903 04:19:41    -2396.561587        0.522895
MDMin:  904 04:19:43    -2396.561587        0.558382
MDMin:  905 04:19:45    -2396.561587        0.580776
MDMin:  906 04:19:47    -2396.561587        0.592578
MDMin:  907 04:19:49    -2396.561587        0.595883
MDMin:  908 04:19:51    -2396.561587        0.591643
MDMin:  909 04:19:53    -2396.561587        0.579887
MDMin:  910 04:19:55    -2396.561587        0.560131
MDMin:  911 04:19:56    -2396.561587        0.532978
MDMin:  912 04:19:58    -2396.561587        0.466656
MDMin:  913 04:20:00    -2396.561587        0.326102
MDMin:  914 04:20:01    -2396.561587        0.695684
MDMin:  915 04:20:02    -2396.561587        0.765979
MDMin:  916 04:20:05    -2396.561587        0.901951
MDMin:  917 04:20:06    -2396.561587        1.105040
MDMin:  918 04:20:08    -2396.561587        1.340732
MDMin:  919 04:20:10    -2396.561587        1.459830
MDMin:  920 04:20:12    -2396.561587        1.152063
MDMin:  921 04:20:14    -2396.561587        0.605075
MDMin:  922 04:20:16    -2396.561587        0.447851
MDMin:  923 04:20:18    -2396.561587        0.750072
MDMin:  924 04:20:20    -2396.561587        1.432012
MDMin:  925 04:20:22    -2396.561587        1.311562
MDMin:  926 04:20:24    -2396.561587        0.801463
MDMin:  927 04:20:26    -2396.561587        0.355609
MDMin:  928 04:20:28    -2396.561587        0.391595
MDMin:  929 04:20:30    -2396.561587        0.438188
MDMin:  930 04:20:31    -2396.561587        0.476843
MDMin:  931 04:20:32    -2396.561587        0.500134
MDMin:  932 04:20:34    -2396.561587        0.504173
MDMin:  933 04:20:36    -2396.561587        0.488028
MDMin:  934 04:20:38    -2396.561587        0.424348
MDMin:  935 04:20:40    -2396.561587        0.307943
MDMin:  936 04:20:42    -2396.561587        0.805861
MDMin:  937 04:20:44    -2396.561587        1.242335
MDMin:  938 04:20:46    -2396.561587        1.342414
MDMin:  939 04:20:47    -2396.561587        0.526497
MDMin:  940 04:20:49    -2396.561587        0.517678
MDMin:  941 04:20:50    -2396.561587        0.489509
MDMin:  942 04:20:51    -2396.561587        0.511762
MDMin:  943 04:20:53    -2396.561587        0.587914
MDMin:  944 04:20:55    -2396.561587        0.717363
MDMin:  945 04:20:57    -2396.561587        0.878191
MDMin:  946 04:20:59    -2396.561587        1.062715
MDMin:  947 04:21:01    -2396.561587        1.245651
MDMin:  948 04:21:03    -2396.561587        1.382500
MDMin:  949 04:21:05    -2396.561587        1.437520
MDMin:  950 04:21:08    -2396.561587        1.397542
MDMin:  951 04:21:10    -2396.561588        1.270297
MDMin:  952 04:21:12    -2396.561588        1.077288
MDMin:  953 04:21:14    -2396.561588        0.847821
MDMin:  954 04:21:15    -2396.561588        0.618244
MDMin:  955 04:21:17    -2396.561588        0.440527
MDMin:  956 04:21:19    -2396.561588        0.379067
MDMin:  957 04:21:21    -2396.561588        0.412707
MDMin:  958 04:21:22    -2396.561588        0.455657
MDMin:  959 04:21:23    -2396.561588        0.485484
MDMin:  960 04:21:25    -2396.561588        0.503739
MDMin:  961 04:21:26    -2396.561588        0.512899
MDMin:  962 04:21:28    -2396.561588        0.514346
MDMin:  963 04:21:30    -2396.561588        0.508703
MDMin:  964 04:21:32    -2396.561589        0.496390
MDMin:  965 04:21:34    -2396.561589        0.478973
MDMin:  966 04:21:35    -2396.561589        0.480067
MDMin:  967 04:21:36    -2396.561589        0.518015
MDMin:  968 04:21:37    -2396.561589        0.596113
MDMin:  969 04:21:38    -2396.561589        0.695663
MDMin:  970 04:21:40    -2396.561589        0.804409
MDMin:  971 04:21:41    -2396.561589        0.917973
MDMin:  972 04:21:42    -2396.561589        1.028919
MDMin:  973 04:21:44    -2396.561590        1.127444
MDMin:  974 04:21:45    -2396.561590        1.204518
MDMin:  975 04:21:46    -2396.561590        1.253503
MDMin:  976 04:21:48    -2396.561590        1.270616
MDMin:  977 04:21:49    -2396.561590        1.254881
MDMin:  978 04:21:50    -2396.561590        1.207868
MDMin:  979 04:21:52    -2396.561590        1.133369
MDMin:  980 04:21:53    -2396.561590        1.037062
MDMin:  981 04:21:55    -2396.561590        0.926274
MDMin:  982 04:21:57    -2396.561591        0.809914
MDMin:  983 04:21:59    -2396.561591        0.698603
MDMin:  984 04:22:01    -2396.561591        0.604508
MDMin:  985 04:22:03    -2396.561591        0.539399
MDMin:  986 04:22:05    -2396.561592        0.509182
MDMin:  987 04:22:06    -2396.561592        0.508371
MDMin:  988 04:22:08    -2396.561592        0.522969
MDMin:  989 04:22:09    -2396.561592        0.539782
MDMin:  990 04:22:10    -2396.561593        0.551834
MDMin:  991 04:22:12    -2396.561593        0.557329
MDMin:  992 04:22:13    -2396.561593        0.556498
MDMin:  993 04:22:14    -2396.561594        0.549632
MDMin:  994 04:22:15    -2396.561594        0.536493
MDMin:  995 04:22:17    -2396.561594        0.516367
MDMin:  996 04:22:18    -2396.561595        0.488537
MDMin:  997 04:22:19    -2396.561595        0.454039
MDMin:  998 04:22:21    -2396.561596        0.425594
MDMin:  999 04:22:23    -2396.561596        0.414671
MDMin:  1000 04:22:25    -2396.561597        0.436057
MDMin:  1001 04:22:26    -2396.561597        0.492857
MDMin:  1002 04:22:27    -2396.561598        0.579879
MDMin:  1003 04:22:29    -2396.561598        0.697238
MDMin:  1004 04:22:30    -2396.561598        0.828938
MDMin:  1005 04:22:31    -2396.561598        0.950403
MDMin:  1006 04:22:32    -2396.561598        1.042784
MDMin:  1007 04:22:33    -2396.561599        1.095693
MDMin:  1008 04:22:35    -2396.561599        1.105790
MDMin:  1009 04:22:36    -2396.561599        1.075100
MDMin:  1010 04:22:37    -2396.561599        1.009643
MDMin:  1011 04:22:39    -2396.561600        0.918301
MDMin:  1012 04:22:41    -2396.561600        0.811922
MDMin:  1013 04:22:43    -2396.561600        0.702742
MDMin:  1014 04:22:44    -2396.561601        0.603949
MDMin:  1015 04:22:45    -2396.561601        0.528521
MDMin:  1016 04:22:47    -2396.561601        0.485424
MDMin:  1017 04:22:48    -2396.561602        0.473735
MDMin:  1018 04:22:49    -2396.561602        0.481855
MDMin:  1019 04:22:51    -2396.561603        0.495216
MDMin:  1020 04:22:52    -2396.561603        0.504170
MDMin:  1021 04:22:54    -2396.561604        0.505680
MDMin:  1022 04:22:55    -2396.561604        0.500272
MDMin:  1023 04:22:56    -2396.561605        0.488827
MDMin:  1024 04:22:57    -2396.561605        0.471437
MDMin:  1025 04:22:59    -2396.561606        0.447649
MDMin:  1026 04:23:01    -2396.561606        0.417417
MDMin:  1027 04:23:03    -2396.561607        0.383266
MDMin:  1028 04:23:05    -2396.561608        0.354627
MDMin:  1029 04:23:06    -2396.561608        0.380443
MDMin:  1030 04:23:09    -2396.561609        0.534651
MDMin:  1031 04:23:12    -2396.561609        0.768378
MDMin:  1032 04:23:14    -2396.561610        0.970664
MDMin:  1033 04:23:15    -2396.561610        1.085812
MDMin:  1034 04:23:17    -2396.561610        1.107750
MDMin:  1035 04:23:19    -2396.561610        1.051041
MDMin:  1036 04:23:21    -2396.561610        0.937350
MDMin:  1037 04:23:23    -2396.561611        0.790324
MDMin:  1038 04:23:25    -2396.561611        0.634072
MDMin:  1039 04:23:27    -2396.561611        0.493842
MDMin:  1040 04:23:29    -2396.561612        0.396052
MDMin:  1041 04:23:30    -2396.561612        0.356707
MDMin:  1042 04:23:31    -2396.561612        0.360106
MDMin:  1043 04:23:33    -2396.561613        0.374446
MDMin:  1044 04:23:35    -2396.561613        0.383881
MDMin:  1045 04:23:37    -2396.561614        0.386270
MDMin:  1046 04:23:39    -2396.561614        0.382506
MDMin:  1047 04:23:40    -2396.561615        0.373429
MDMin:  1048 04:23:42    -2396.561615        0.359738
MDMin:  1049 04:23:44    -2396.561616        0.342393
MDMin:  1050 04:23:47    -2396.561616        0.323019
MDMin:  1051 04:23:50    -2396.561617        0.303854
MDMin:  1052 04:23:52    -2396.561617        0.285799
MDMin:  1053 04:23:54    -2396.561618        0.262044
MDMin:  1054 04:23:56    -2396.561618        0.203825
MDMin:  1055 04:23:58    -2396.561619        0.439227
MDMin:  1056 04:24:00    -2396.561619        0.458641
MDMin:  1057 04:24:02    -2396.561619        0.520389
MDMin:  1058 04:24:04    -2396.561619        0.632641
MDMin:  1059 04:24:06    -2396.561619        0.802532
MDMin:  1060 04:24:08    -2396.561619        1.015795
MDMin:  1061 04:24:10    -2396.561619        1.163346
MDMin:  1062 04:24:12    -2396.561619        0.938809
MDMin:  1063 04:24:13    -2396.561619        0.290222
MDMin:  1064 04:24:15    -2396.561619        0.250003
MDMin:  1065 04:24:17    -2396.561619        0.257848
MDMin:  1066 04:24:19    -2396.561619        0.239809
MDMin:  1067 04:24:21    -2396.561620        0.382352
MDMin:  1068 04:24:23    -2396.561620        1.038620
MDMin:  1069 04:24:25    -2396.561620        1.171761
MDMin:  1070 04:24:27    -2396.561620        1.015453
MDMin:  1071 04:24:29    -2396.561620        0.711492
MDMin:  1072 04:24:31    -2396.561620        0.389077
MDMin:  1073 04:24:33    -2396.561620        0.196093
MDMin:  1074 04:24:34    -2396.561620        0.216771
MDMin:  1075 04:24:36    -2396.561620        0.240468
MDMin:  1076 04:24:37    -2396.561620        0.252056
MDMin:  1077 04:24:38    -2396.561620        0.255103
MDMin:  1078 04:24:39    -2396.561620        0.253497
MDMin:  1079 04:24:40    -2396.561620        0.250494
MDMin:  1080 04:24:42    -2396.561620        0.247559
MDMin:  1081 04:24:44    -2396.561621        0.243936
MDMin:  1082 04:24:46    -2396.561621        0.243435
MDMin:  1083 04:24:47    -2396.561621        0.283690
MDMin:  1084 04:24:49    -2396.561621        0.485990
MDMin:  1085 04:24:50    -2396.561621        0.782067
MDMin:  1086 04:24:52    -2396.561621        0.992818
MDMin:  1087 04:24:54    -2396.561621        1.110197
MDMin:  1088 04:24:56    -2396.561621        1.142142
MDMin:  1089 04:24:58    -2396.561621        1.098933
MDMin:  1090 04:25:00    -2396.561621        0.995701
MDMin:  1091 04:25:02    -2396.561622        0.850598
MDMin:  1092 04:25:04    -2396.561622        0.681960
MDMin:  1093 04:25:06    -2396.561622        0.507331
MDMin:  1094 04:25:07    -2396.561622        0.347513
MDMin:  1095 04:25:09    -2396.561622        0.241308
MDMin:  1096 04:25:11    -2396.561623        0.225076
MDMin:  1097 04:25:13    -2396.561623        0.242140
MDMin:  1098 04:25:15    -2396.561623        0.255940
MDMin:  1099 04:25:17    -2396.561623        0.262975
MDMin:  1100 04:25:19    -2396.561624        0.264345
MDMin:  1101 04:25:22    -2396.561624        0.261524
MDMin:  1102 04:25:24    -2396.561624        0.255905
MDMin:  1103 04:25:26    -2396.561624        0.248728
MDMin:  1104 04:25:28    -2396.561625        0.240955
MDMin:  1105 04:25:30    -2396.561625        0.233098
MDMin:  1106 04:25:32    -2396.561625        0.225212
MDMin:  1107 04:25:34    -2396.561626        0.217330
MDMin:  1108 04:25:36    -2396.561626        0.209470
MDMin:  1109 04:25:38    -2396.561626        0.201264
MDMin:  1110 04:25:40    -2396.561627        0.188910
MDMin:  1111 04:25:42    -2396.561627        0.224914
MDMin:  1112 04:25:43    -2396.561628        0.457979
MDMin:  1113 04:25:45    -2396.561628        0.770506
MDMin:  1114 04:25:47    -2396.561628        0.834392
MDMin:  1115 04:25:49    -2396.561628        0.599291
MDMin:  1116 04:25:51    -2396.561628        0.503406
MDMin:  1117 04:25:53    -2396.561628        0.284781
MDMin:  1118 04:25:55    -2396.561628        0.209940
MDMin:  1119 04:25:57    -2396.561628        0.203225
MDMin:  1120 04:25:58    -2396.561628        0.200616
MDMin:  1121 04:26:00    -2396.561628        0.197781
MDMin:  1122 04:26:02    -2396.561629        0.194789
MDMin:  1123 04:26:03    -2396.561629        0.191634
MDMin:  1124 04:26:04    -2396.561629        0.188307
MDMin:  1125 04:26:06    -2396.561629        0.177350
MDMin:  1126 04:26:07    -2396.561629        0.785794
MDMin:  1127 04:26:10    -2396.561629        0.844906
MDMin:  1128 04:26:12    -2396.561629        0.472083
MDMin:  1129 04:26:14    -2396.561629        0.218580
MDMin:  1130 04:26:15    -2396.561629        0.184372
MDMin:  1131 04:26:17    -2396.561629        0.183933
MDMin:  1132 04:26:19    -2396.561629        0.183265
MDMin:  1133 04:26:20    -2396.561630        0.181153
MDMin:  1134 04:26:22    -2396.561630        0.205613
MDMin:  1135 04:26:24    -2396.561630        0.454585
MDMin:  1136 04:26:26    -2396.561630        0.426780
MDMin:  1137 04:26:28    -2396.561630        0.191795
MDMin:  1138 04:26:29    -2396.561630        0.169446
MDMin:  1139 04:26:31    -2396.561630        0.177277
MDMin:  1140 04:26:33    -2396.561630        0.172042
MDMin:  1141 04:26:35    -2396.561630        0.328071
MDMin:  1142 04:26:37    -2396.561630        0.250745
MDMin:  1143 04:26:39    -2396.561630        0.177888
MDMin:  1144 04:26:41    -2396.561630        0.168202
MDMin:  1145 04:26:44    -2396.561630        0.458295
MDMin:  1146 04:26:46    -2396.561630        0.305550
MDMin:  1147 04:26:48    -2396.561630        0.179395
MDMin:  1148 04:26:50    -2396.561630        0.176404
MDMin:  1149 04:26:52    -2396.561630        0.482946
MDMin:  1150 04:26:54    -2396.561630        0.472012
MDMin:  1151 04:26:56    -2396.561630        0.178599
MDMin:  1152 04:26:58    -2396.561630        0.179082
MDMin:  1153 04:27:00    -2396.561630        0.175597
MDMin:  1154 04:27:02    -2396.561630        0.548120
MDMin:  1155 04:27:04    -2396.561630        0.383104
MDMin:  1156 04:27:06    -2396.561630        0.178338
MDMin:  1157 04:27:08    -2396.561630        0.175619
MDMin:  1158 04:27:10    -2396.561630        0.421269
MDMin:  1159 04:27:11    -2396.561630        0.461661
MDMin:  1160 04:27:12    -2396.561630        0.173975
MDMin:  1161 04:27:13    -2396.561630        0.176682
MDMin:  1162 04:27:15    -2396.561630        0.178604
MDMin:  1163 04:27:16    -2396.561630        0.549136
MDMin:  1164 04:27:18    -2396.561630        0.174577
MDMin:  1165 04:27:20    -2396.561630        0.171777
MDMin:  1166 04:27:21    -2396.561630        0.346987
MDMin:  1167 04:27:22    -2396.561630        0.473864
MDMin:  1168 04:27:24    -2396.561630        0.172770
MDMin:  1169 04:27:25    -2396.561630        0.166837
MDMin:  1170 04:27:26    -2396.561630        0.422628
MDMin:  1171 04:27:28    -2396.561630        0.351404
MDMin:  1172 04:27:30    -2396.561630        0.176233
MDMin:  1173 04:27:31    -2396.561630        0.172339
MDMin:  1174 04:27:33    -2396.561630        0.466976
MDMin:  1175 04:27:36    -2396.561630        0.439696
MDMin:  1176 04:27:37    -2396.561630        0.176967
MDMin:  1177 04:27:40    -2396.561630        0.176723
MDMin:  1178 04:27:42    -2396.561630        0.159826
MDMin:  1179 04:27:44    -2396.561630        0.829535
MDMin:  1180 04:27:46    -2396.561630        0.379585
MDMin:  1181 04:27:48    -2396.561630        0.291993
MDMin:  1182 04:27:50    -2396.561630        0.166456
MDMin:  1183 04:27:52    -2396.561630        0.156683
MDMin:  1184 04:27:54    -2396.561630        0.340144
MDMin:  1185 04:27:56    -2396.561630        0.170140
MDMin:  1186 04:27:58    -2396.561630        0.169392
MDMin:  1187 04:28:00    -2396.561630        0.194280
MDMin:  1188 04:28:02    -2396.561630        0.464356
MDMin:  1189 04:28:04    -2396.561630        0.176000
MDMin:  1190 04:28:06    -2396.561630        0.175665
MDMin:  1191 04:28:08    -2396.561630        0.176059
MDMin:  1192 04:28:10    -2396.561630        0.805543
MDMin:  1193 04:28:11    -2396.561630        0.246051
MDMin:  1194 04:28:13    -2396.561630        0.177037
MDMin:  1195 04:28:15    -2396.561630        0.167976
MDMin:  1196 04:28:18    -2396.561630        0.255165
MDMin:  1197 04:28:20    -2396.561630        0.519753
MDMin:  1198 04:28:22    -2396.561630        0.181832
MDMin:  1199 04:28:24    -2396.561630        0.206196
MDMin:  1200 04:28:26    -2396.561630        0.159465
MDMin:  1201 04:28:28    -2396.561630        0.165478
MDMin:  1202 04:28:30    -2396.561630        0.301605
MDMin:  1203 04:28:32    -2396.561630        0.159690
MDMin:  1204 04:28:34    -2396.561630        0.163443
MDMin:  1205 04:28:36    -2396.561630        0.178907
MDMin:  1206 04:28:38    -2396.561631        0.424312
MDMin:  1207 04:28:40    -2396.561631        0.162155
MDMin:  1208 04:28:42    -2396.561631        0.173726
MDMin:  1209 04:28:44    -2396.561631        0.239746
MDMin:  1210 04:28:46    -2396.561631        0.400833
MDMin:  1211 04:28:47    -2396.561631        0.174123
MDMin:  1212 04:28:49    -2396.561631        0.173707
MDMin:  1213 04:28:51    -2396.561631        0.174035
MDMin:  1214 04:28:52    -2396.561631        0.613218
MDMin:  1215 04:28:54    -2396.561631        0.317348
MDMin:  1216 04:28:56    -2396.561631        0.163314
MDMin:  1217 04:28:58    -2396.561631        0.173680
MDMin:  1218 04:28:59    -2396.561631        0.166983
MDMin:  1219 04:29:01    -2396.561631        0.145811
MDMin:  1220 04:29:03    -2396.561631        0.308658
MDMin:  1221 04:29:05    -2396.561631        0.145223
MDMin:  1222 04:29:07    -2396.561631        0.155640
MDMin:  1223 04:29:09    -2396.561631        0.181366
MDMin:  1224 04:29:11    -2396.561631        0.170001
MDMin:  1225 04:29:13    -2396.561631        0.149064
MDMin:  1226 04:29:14    -2396.561631        0.257130
MDMin:  1227 04:29:16    -2396.561631        0.182593
MDMin:  1228 04:29:17    -2396.561631        0.173032
MDMin:  1229 04:29:19    -2396.561631        0.165205
MDMin:  1230 04:29:21    -2396.561631        0.257778
MDMin:  1231 04:29:23    -2396.561631        0.292484
MDMin:  1232 04:29:25    -2396.561631        0.169335
MDMin:  1233 04:29:27    -2396.561631        0.172346
MDMin:  1234 04:29:29    -2396.561631        0.125615
MDMin:  1235 04:29:30    -2396.561631        0.481490
MDMin:  1236 04:29:32    -2396.561631        0.155690
MDMin:  1237 04:29:34    -2396.561631        0.118401
MDMin:  1238 04:29:35    -2396.561631        0.198284
MDMin:  1239 04:29:37    -2396.561631        0.134559
MDMin:  1240 04:29:38    -2396.561631        0.154018
MDMin:  1241 04:29:40    -2396.561631        0.193998
MDMin:  1242 04:29:42    -2396.561631        0.199506
MDMin:  1243 04:29:43    -2396.561631        0.162561
MDMin:  1244 04:29:46    -2396.561631        0.153982
MDMin:  1245 04:29:48    -2396.561631        0.294148
MDMin:  1246 04:29:50    -2396.561631        0.146814
MDMin:  1247 04:29:51    -2396.561631        0.169699
MDMin:  1248 04:29:53    -2396.561631        0.169476
MDMin:  1249 04:29:54    -2396.561631        0.349317
MDMin:  1250 04:29:55    -2396.561631        0.205370
MDMin:  1251 04:29:56    -2396.561631        0.169370
MDMin:  1252 04:29:58    -2396.561631        0.170455
MDMin:  1253 04:29:59    -2396.561631        0.192430
MDMin:  1254 04:30:01    -2396.561631        0.357237
MDMin:  1255 04:30:02    -2396.561631        0.170566
MDMin:  1256 04:30:03    -2396.561631        0.167599
MDMin:  1257 04:30:04    -2396.561631        0.158494
MDMin:  1258 04:30:05    -2396.561631        0.490054
MDMin:  1259 04:30:07    -2396.561631        0.162023
MDMin:  1260 04:30:08    -2396.561631        0.169016
MDMin:  1261 04:30:09    -2396.561631        0.123650
MDMin:  1262 04:30:11    -2396.561631        0.316583
MDMin:  1263 04:30:12    -2396.561631        0.168914
MDMin:  1264 04:30:14    -2396.561631        0.159227
MDMin:  1265 04:30:17    -2396.561631        0.193739
MDMin:  1266 04:30:19    -2396.561631        0.272941
MDMin:  1267 04:30:21    -2396.561631        0.162504
MDMin:  1268 04:30:22    -2396.561631        0.163488
MDMin:  1269 04:30:24    -2396.561631        0.224787
MDMin:  1270 04:30:26    -2396.561631        0.200407
MDMin:  1271 04:30:28    -2396.561631        0.167142
MDMin:  1272 04:30:29    -2396.561631        0.167957
MDMin:  1273 04:30:31    -2396.561631        0.228214
MDMin:  1274 04:30:33    -2396.561631        0.245048
MDMin:  1275 04:30:35    -2396.561631        0.168954
MDMin:  1276 04:30:37    -2396.561631        0.168371
MDMin:  1277 04:30:39    -2396.561631        0.169189
MDMin:  1278 04:30:41    -2396.561631        0.546006
MDMin:  1279 04:30:43    -2396.561631        0.278773
MDMin:  1280 04:30:45    -2396.561631        0.162304
MDMin:  1281 04:30:47    -2396.561631        0.165967
MDMin:  1282 04:30:49    -2396.561631        0.286293
MDMin:  1283 04:30:51    -2396.561631        0.298004
MDMin:  1284 04:30:53    -2396.561631        0.166193
MDMin:  1285 04:30:54    -2396.561631        0.168587
MDMin:  1286 04:30:55    -2396.561631        0.193954
MDMin:  1287 04:30:57    -2396.561631        0.471573
MDMin:  1288 04:30:59    -2396.561631        0.161752
MDMin:  1289 04:31:00    -2396.561632        0.147912
MDMin:  1290 04:31:02    -2396.561632        0.209562
MDMin:  1291 04:31:04    -2396.561632        0.266776
MDMin:  1292 04:31:06    -2396.561632        0.165757
MDMin:  1293 04:31:08    -2396.561632        0.167916
MDMin:  1294 04:31:09    -2396.561632        0.191391
MDMin:  1295 04:31:12    -2396.561632        0.456819
MDMin:  1296 04:31:14    -2396.561632        0.155182
MDMin:  1297 04:31:15    -2396.561632        0.121665
MDMin:  1298 04:31:17    -2396.561632        0.218206
MDMin:  1299 04:31:19    -2396.561632        0.134598
MDMin:  1300 04:31:21    -2396.561632        0.159549
MDMin:  1301 04:31:23    -2396.561632        0.153746
MDMin:  1302 04:31:25    -2396.561632        0.290087
MDMin:  1303 04:31:27    -2396.561632        0.144842
MDMin:  1304 04:31:29    -2396.561632        0.162314
MDMin:  1305 04:31:31    -2396.561632        0.219888
MDMin:  1306 04:31:33    -2396.561632        0.309849
MDMin:  1307 04:31:35    -2396.561632        0.163382
MDMin:  1308 04:31:36    -2396.561632        0.166572
MDMin:  1309 04:31:37    -2396.561632        0.189324
MDMin:  1310 04:31:38    -2396.561632        0.408011
MDMin:  1311 04:31:40    -2396.561632        0.164426
MDMin:  1312 04:31:41    -2396.561632        0.154977
MDMin:  1313 04:31:42    -2396.561632        0.193676
MDMin:  1314 04:31:44    -2396.561632        0.337129
MDMin:  1315 04:31:46    -2396.561632        0.155620
MDMin:  1316 04:31:48    -2396.561632        0.157874
MDMin:  1317 04:31:50    -2396.561632        0.279483
MDMin:  1318 04:31:52    -2396.561632        0.192227
MDMin:  1319 04:31:54    -2396.561632        0.163017
MDMin:  1320 04:31:56    -2396.561632        0.164211
MDMin:  1321 04:31:58    -2396.561632        0.333326
MDMin:  1322 04:32:00    -2396.561632        0.275021
MDMin:  1323 04:32:01    -2396.561632        0.163296
MDMin:  1324 04:32:04    -2396.561632        0.165445
MDMin:  1325 04:32:05    -2396.561632        0.196312
MDMin:  1326 04:32:08    -2396.561632        0.448091
MDMin:  1327 04:32:10    -2396.561632        0.159948
MDMin:  1328 04:32:12    -2396.561632        0.147132
MDMin:  1329 04:32:14    -2396.561632        0.200674
MDMin:  1330 04:32:15    -2396.561632        0.270706
MDMin:  1331 04:32:17    -2396.561632        0.161829
MDMin:  1332 04:32:19    -2396.561632        0.164300
MDMin:  1333 04:32:21    -2396.561632        0.221144
MDMin:  1334 04:32:23    -2396.561632        0.328924
MDMin:  1335 04:32:25    -2396.561632        0.163008
MDMin:  1336 04:32:26    -2396.561632        0.145213
MDMin:  1337 04:32:27    -2396.561632        0.263204
MDMin:  1338 04:32:29    -2396.561632        0.251405
MDMin:  1339 04:32:31    -2396.561632        0.163394
MDMin:  1340 04:32:33    -2396.561632        0.163637
MDMin:  1341 04:32:35    -2396.561632        0.157258
MDMin:  1342 04:32:37    -2396.561632        0.834875
MDMin:  1343 04:32:39    -2396.561632        0.167966
MDMin:  1344 04:32:42    -2396.561632        0.154564
MDMin:  1345 04:32:44    -2396.561632        0.145773
MDMin:  1346 04:32:46    -2396.561632        0.336744
MDMin:  1347 04:32:48    -2396.561632        0.157109
MDMin:  1348 04:32:50    -2396.561632        0.159401
MDMin:  1349 04:32:52    -2396.561632        0.150129
MDMin:  1350 04:32:54    -2396.561632        0.476054
MDMin:  1351 04:32:56    -2396.561632        0.163182
MDMin:  1352 04:32:58    -2396.561632        0.162375
MDMin:  1353 04:32:59    -2396.561632        0.162270
MDMin:  1354 04:33:01    -2396.561632        0.160327
MDMin:  1355 04:33:03    -2396.561632        0.342770
MDMin:  1356 04:33:05    -2396.561632        0.591910
MDMin:  1357 04:33:07    -2396.561632        0.162176
MDMin:  1358 04:33:09    -2396.561632        0.163281
MDMin:  1359 04:33:11    -2396.561632        0.159771
MDMin:  1360 04:33:13    -2396.561632        0.161256
MDMin:  1361 04:33:15    -2396.561632        0.259569
MDMin:  1362 04:33:17    -2396.561632        0.215356
MDMin:  1363 04:33:18    -2396.561632        0.162270
MDMin:  1364 04:33:20    -2396.561632        0.150892
MDMin:  1365 04:33:22    -2396.561632        0.284420
MDMin:  1366 04:33:24    -2396.561632        0.321165
MDMin:  1367 04:33:26    -2396.561632        0.152747
MDMin:  1368 04:33:28    -2396.561633        0.155748
MDMin:  1369 04:33:30    -2396.561633        0.275769
MDMin:  1370 04:33:32    -2396.561633        0.211648
MDMin:  1371 04:33:33    -2396.561633        0.158616
MDMin:  1372 04:33:35    -2396.561633        0.160698
MDMin:  1373 04:33:36    -2396.561633        0.288291
MDMin:  1374 04:33:37    -2396.561633        0.324684
MDMin:  1375 04:33:38    -2396.561633        0.160432
MDMin:  1376 04:33:40    -2396.561633        0.159741
MDMin:  1377 04:33:41    -2396.561633        0.161051
MDMin:  1378 04:33:42    -2396.561633        0.364827
MDMin:  1379 04:33:44    -2396.561633        0.353409
MDMin:  1380 04:33:45    -2396.561633        0.139093
MDMin:  1381 04:33:47    -2396.561633        0.159132
MDMin:  1382 04:33:49    -2396.561633        0.160488
MDMin:  1383 04:33:51    -2396.561633        0.127150
MDMin:  1384 04:33:52    -2396.561633        0.721483
MDMin:  1385 04:33:54    -2396.561633        0.218538
MDMin:  1386 04:33:55    -2396.561633        0.227707
MDMin:  1387 04:33:57    -2396.561633        0.147960
MDMin:  1388 04:33:59    -2396.561633        0.152759
MDMin:  1389 04:34:00    -2396.561633        0.282007
MDMin:  1390 04:34:01    -2396.561633        0.147188
MDMin:  1391 04:34:03    -2396.561633        0.151148
MDMin:  1392 04:34:05    -2396.561633        0.145165
MDMin:  1393 04:34:07    -2396.561633        0.366054
MDMin:  1394 04:34:09    -2396.561633        0.158855
MDMin:  1395 04:34:11    -2396.561633        0.158126
MDMin:  1396 04:34:13    -2396.561633        0.158964
MDMin:  1397 04:34:15    -2396.561633        0.127621
MDMin:  1398 04:34:17    -2396.561633        0.774124
MDMin:  1399 04:34:19    -2396.561633        0.265997
MDMin:  1400 04:34:21    -2396.561633        0.205273
MDMin:  1401 04:34:22    -2396.561633        0.128202
MDMin:  1402 04:34:24    -2396.561633        0.149837
MDMin:  1403 04:34:27    -2396.561633        0.133983
MDMin:  1404 04:34:29    -2396.561633        0.155162
MDMin:  1405 04:34:31    -2396.561633        0.128098
MDMin:  1406 04:34:33    -2396.561633        0.140435
MDMin:  1407 04:34:35    -2396.561633        0.205683
MDMin:  1408 04:34:37    -2396.561633        0.148639
MDMin:  1409 04:34:39    -2396.561633        0.130141
MDMin:  1410 04:34:41    -2396.561633        0.212599
MDMin:  1411 04:34:43    -2396.561633        0.265897
MDMin:  1412 04:34:45    -2396.561633        0.157179
MDMin:  1413 04:34:47    -2396.561633        0.156196
MDMin:  1414 04:34:49    -2396.561633        0.158322
MDMin:  1415 04:34:51    -2396.561633        0.807109
MDMin:  1416 04:34:53    -2396.561633        0.140309
MDMin:  1417 04:34:55    -2396.561633        0.156043
MDMin:  1418 04:34:57    -2396.561633        0.157072
MDMin:  1419 04:34:59    -2396.561633        0.136194
MDMin:  1420 04:35:01    -2396.561633        0.755850
MDMin:  1421 04:35:03    -2396.561633        0.164172
MDMin:  1422 04:35:04    -2396.561633        0.142266
MDMin:  1423 04:35:06    -2396.561633        0.150301
MDMin:  1424 04:35:08    -2396.561633        0.108709
MDMin:  1425 04:35:10    -2396.561633        0.232526
MDMin:  1426 04:35:12    -2396.561633        0.134124
MDMin:  1427 04:35:13    -2396.561633        0.156353
MDMin:  1428 04:35:14    -2396.561633        0.110440
MDMin:  1429 04:35:16    -2396.561633        0.305986
MDMin:  1430 04:35:18    -2396.561633        0.112489
MDMin:  1431 04:35:20    -2396.561633        0.156186
MDMin:  1432 04:35:22    -2396.561633        0.150393
MDMin:  1433 04:35:24    -2396.561633        0.228292
MDMin:  1434 04:35:26    -2396.561633        0.600087
MDMin:  1435 04:35:28    -2396.561633        0.117976
MDMin:  1436 04:35:30    -2396.561633        0.136410
MDMin:  1437 04:35:32    -2396.561633        0.130703
MDMin:  1438 04:35:34    -2396.561633        0.140918
MDMin:  1439 04:35:36    -2396.561633        0.180623
MDMin:  1440 04:35:38    -2396.561633        0.146924
MDMin:  1441 04:35:40    -2396.561633        0.131712
MDMin:  1442 04:35:42    -2396.561633        0.178882
MDMin:  1443 04:35:44    -2396.561633        0.248362
MDMin:  1444 04:35:46    -2396.561633        0.152931
MDMin:  1445 04:35:48    -2396.561633        0.155428
MDMin:  1446 04:35:50    -2396.561634        0.111674
MDMin:  1447 04:35:51    -2396.561634        0.557251
MDMin:  1448 04:35:53    -2396.561634        0.143496
MDMin:  1449 04:35:55    -2396.561634        0.108077
MDMin:  1450 04:35:57    -2396.561634        0.188434
MDMin:  1451 04:35:59    -2396.561634        0.132186
MDMin:  1452 04:36:01    -2396.561634        0.148259
MDMin:  1453 04:36:03    -2396.561634        0.127760
MDMin:  1454 04:36:05    -2396.561634        0.246429
MDMin:  1455 04:36:07    -2396.561634        0.109741
MDMin:  1456 04:36:09    -2396.561634        0.151664
MDMin:  1457 04:36:11    -2396.561634        0.150663
MDMin:  1458 04:36:13    -2396.561634        0.285146
MDMin:  1459 04:36:14    -2396.561634        0.136184
MDMin:  1460 04:36:15    -2396.561634        0.153343
MDMin:  1461 04:36:16    -2396.561634        0.162391
MDMin:  1462 04:36:17    -2396.561634        0.305199
MDMin:  1463 04:36:19    -2396.561634        0.149274
MDMin:  1464 04:36:21    -2396.561634        0.154172
MDMin:  1465 04:36:23    -2396.561634        0.111092
MDMin:  1466 04:36:25    -2396.561634        0.406121
MDMin:  1467 04:36:27    -2396.561634        0.153794
MDMin:  1468 04:36:29    -2396.561634        0.151165
MDMin:  1469 04:36:31    -2396.561634        0.153875
MDMin:  1470 04:36:33    -2396.561634        0.276253
MDMin:  1471 04:36:35    -2396.561634        0.304856
MDMin:  1472 04:36:37    -2396.561634        0.152182
MDMin:  1473 04:36:39    -2396.561634        0.151503
MDMin:  1474 04:36:41    -2396.561634        0.153090
MDMin:  1475 04:36:43    -2396.561634        0.247637
MDMin:  1476 04:36:45    -2396.561634        0.474854
MDMin:  1477 04:36:47    -2396.561634        0.155685
MDMin:  1478 04:36:49    -2396.561634        0.146011
MDMin:  1479 04:36:51    -2396.561634        0.154707
MDMin:  1480 04:36:53    -2396.561634        0.287621
MDMin:  1481 04:36:55    -2396.561634        0.143713
MDMin:  1482 04:36:57    -2396.561634        0.149103
MDMin:  1483 04:36:59    -2396.561634        0.153998
MDMin:  1484 04:37:00    -2396.561634        0.231428
MDMin:  1485 04:37:02    -2396.561634        0.367074
MDMin:  1486 04:37:04    -2396.561634        0.152727
MDMin:  1487 04:37:06    -2396.561634        0.147781
MDMin:  1488 04:37:08    -2396.561634        0.154646
MDMin:  1489 04:37:10    -2396.561634        0.481944
MDMin:  1490 04:37:12    -2396.561634        0.154302
MDMin:  1491 04:37:14    -2396.561634        0.149392
MDMin:  1492 04:37:16    -2396.561634        0.151773
MDMin:  1493 04:37:18    -2396.561634        0.127574
MDMin:  1494 04:37:20    -2396.561634        0.622571
MDMin:  1495 04:37:22    -2396.561634        0.156244
MDMin:  1496 04:37:24    -2396.561634        0.152179
MDMin:  1497 04:37:26    -2396.561634        0.152493
MDMin:  1498 04:37:28    -2396.561634        0.114264
MDMin:  1499 04:37:29    -2396.561634        0.228315
MDMin:  1500 04:37:31    -2396.561634        0.205431
MDMin:  1501 04:37:33    -2396.561634        0.146572
MDMin:  1502 04:37:35    -2396.561634        0.152625
MDMin:  1503 04:37:37    -2396.561634        0.156995
MDMin:  1504 04:37:39    -2396.561634        0.372768
MDMin:  1505 04:37:41    -2396.561634        0.153185
MDMin:  1506 04:37:43    -2396.561634        0.111005
MDMin:  1507 04:37:45    -2396.561634        0.266592
MDMin:  1508 04:37:47    -2396.561634        0.193390
MDMin:  1509 04:37:49    -2396.561634        0.147425
MDMin:  1510 04:37:51    -2396.561634        0.150462
MDMin:  1511 04:37:53    -2396.561634        0.115981
MDMin:  1512 04:37:55    -2396.561634        0.534726
MDMin:  1513 04:37:57    -2396.561634        0.151799
MDMin:  1514 04:37:59    -2396.561634        0.147049
MDMin:  1515 04:38:00    -2396.561634        0.150434
MDMin:  1516 04:38:02    -2396.561634        0.128328
MDMin:  1517 04:38:04    -2396.561634        0.515594
MDMin:  1518 04:38:06    -2396.561634        0.143960
MDMin:  1519 04:38:08    -2396.561634        0.178621
MDMin:  1520 04:38:10    -2396.561634        0.151569
MDMin:  1521 04:38:11    -2396.561634        0.114786
MDMin:  1522 04:38:13    -2396.561634        0.218856
MDMin:  1523 04:38:15    -2396.561635        0.247816
MDMin:  1524 04:38:17    -2396.561635        0.143041
MDMin:  1525 04:38:19    -2396.561635        0.151688
MDMin:  1526 04:38:21    -2396.561635        0.168965
MDMin:  1527 04:38:22    -2396.561635        0.380292
MDMin:  1528 04:38:24    -2396.561635        0.151762
MDMin:  1529 04:38:26    -2396.561635        0.130570
MDMin:  1530 04:38:28    -2396.561635        0.237632
MDMin:  1531 04:38:30    -2396.561635        0.352241
MDMin:  1532 04:38:32    -2396.561635        0.106155
MDMin:  1533 04:38:34    -2396.561635        0.161416
MDMin:  1534 04:38:36    -2396.561635        0.187432
MDMin:  1535 04:38:39    -2396.561635        0.152086
MDMin:  1536 04:38:41    -2396.561635        0.118520
MDMin:  1537 04:38:43    -2396.561635        0.244499
MDMin:  1538 04:38:45    -2396.561635        0.275586
MDMin:  1539 04:38:47    -2396.561635        0.138206
MDMin:  1540 04:38:49    -2396.561635        0.151589
MDMin:  1541 04:38:50    -2396.561635        0.214827
MDMin:  1542 04:38:52    -2396.561635        0.312620
MDMin:  1543 04:38:53    -2396.561635        0.146217
MDMin:  1544 04:38:55    -2396.561635        0.144214
MDMin:  1545 04:38:57    -2396.561635        0.152275
MDMin:  1546 04:38:59    -2396.561635        0.765725
MDMin:  1547 04:39:00    -2396.561635        0.126153
MDMin:  1548 04:39:02    -2396.561635        0.144343
MDMin:  1549 04:39:04    -2396.561635        0.146781
MDMin:  1550 04:39:06    -2396.561635        0.125478
MDMin:  1551 04:39:08    -2396.561635        0.449938
MDMin:  1552 04:39:10    -2396.561635        0.223404
MDMin:  1553 04:39:11    -2396.561635        0.132680
MDMin:  1554 04:39:12    -2396.561635        0.155545
MDMin:  1555 04:39:14    -2396.561635        0.232060
MDMin:  1556 04:39:16    -2396.561635        0.247774
MDMin:  1557 04:39:18    -2396.561635        0.139087
MDMin:  1558 04:39:20    -2396.561635        0.152490
MDMin:  1559 04:39:21    -2396.561635        0.254964
MDMin:  1560 04:39:24    -2396.561635        0.334006
MDMin:  1561 04:39:26    -2396.561635        0.135891
MDMin:  1562 04:39:27    -2396.561635        0.152544
MDMin:  1563 04:39:29    -2396.561635        0.248248
MDMin:  1564 04:39:31    -2396.561635        0.319689
MDMin:  1565 04:39:33    -2396.561635        0.134174
MDMin:  1566 04:39:35    -2396.561635        0.152397
MDMin:  1567 04:39:37    -2396.561635        0.268804
MDMin:  1568 04:39:39    -2396.561635        0.270365
MDMin:  1569 04:39:40    -2396.561635        0.134342
MDMin:  1570 04:39:41    -2396.561635        0.151908
MDMin:  1571 04:39:43    -2396.561635        0.305291
MDMin:  1572 04:39:44    -2396.561635        0.193338
MDMin:  1573 04:39:45    -2396.561635        0.136621
MDMin:  1574 04:39:46    -2396.561635        0.151076
MDMin:  1575 04:39:48    -2396.561635        0.319711
MDMin:  1576 04:39:50    -2396.561635        0.178956
MDMin:  1577 04:39:52    -2396.561635        0.137406
MDMin:  1578 04:39:54    -2396.561635        0.150150
MDMin:  1579 04:39:55    -2396.561635        0.312434
MDMin:  1580 04:39:56    -2396.561635        0.220250
MDMin:  1581 04:39:58    -2396.561635        0.135393
MDMin:  1582 04:40:00    -2396.561635        0.149643
MDMin:  1583 04:40:02    -2396.561635        0.314257
MDMin:  1584 04:40:04    -2396.561635        0.185103
MDMin:  1585 04:40:06    -2396.561635        0.137003
MDMin:  1586 04:40:08    -2396.561635        0.148800
MDMin:  1587 04:40:11    -2396.561635        0.306625
MDMin:  1588 04:40:13    -2396.561635        0.234642
MDMin:  1589 04:40:14    -2396.561635        0.135140
MDMin:  1590 04:40:16    -2396.561635        0.148221
MDMin:  1591 04:40:18    -2396.561635        0.302314
MDMin:  1592 04:40:19    -2396.561635        0.217600
MDMin:  1593 04:40:21    -2396.561635        0.135762
MDMin:  1594 04:40:23    -2396.561635        0.147535
MDMin:  1595 04:40:24    -2396.561635        0.299777
MDMin:  1596 04:40:25    -2396.561635        0.233890
MDMin:  1597 04:40:26    -2396.561635        0.135432
MDMin:  1598 04:40:28    -2396.561635        0.146862
MDMin:  1599 04:40:29    -2396.561635        0.289547
MDMin:  1600 04:40:30    -2396.561635        0.251444
MDMin:  1601 04:40:31    -2396.561635        0.135446
MDMin:  1602 04:40:32    -2396.561635        0.146162
MDMin:  1603 04:40:34    -2396.561635        0.270540
MDMin:  1604 04:40:36    -2396.561635        0.284663
MDMin:  1605 04:40:38    -2396.561635        0.136412
MDMin:  1606 04:40:40    -2396.561636        0.145039
MDMin:  1607 04:40:42    -2396.561636        0.210450
MDMin:  1608 04:40:44    -2396.561636        0.355528
MDMin:  1609 04:40:46    -2396.561636        0.140747
MDMin:  1610 04:40:48    -2396.561636        0.139480
MDMin:  1611 04:40:50    -2396.561636        0.143256
MDMin:  1612 04:40:52    -2396.561636        0.186287
MDMin:  1613 04:40:54    -2396.561636        0.455875
MDMin:  1614 04:40:56    -2396.561636        0.151425
MDMin:  1615 04:40:58    -2396.561636        0.121038
MDMin:  1616 04:41:00    -2396.561636        0.169080
MDMin:  1617 04:41:02    -2396.561636        0.418519
MDMin:  1618 04:41:04    -2396.561636        0.103938
MDMin:  1619 04:41:06    -2396.561636        0.172707
MDMin:  1620 04:41:08    -2396.561636        0.149071
MDMin:  1621 04:41:10    -2396.561636        0.155091
MDMin:  1622 04:41:12    -2396.561636        0.090607
MDMin:  1623 04:41:14    -2396.561636        0.238196
MDMin:  1624 04:41:16    -2396.561636        0.226933
MDMin:  1625 04:41:18    -2396.561636        0.129366
MDMin:  1626 04:41:20    -2396.561636        0.150074
MDMin:  1627 04:41:21    -2396.561636        0.187828
MDMin:  1628 04:41:22    -2396.561636        0.346074
MDMin:  1629 04:41:24    -2396.561636        0.130308
MDMin:  1630 04:41:26    -2396.561636        0.148609
MDMin:  1631 04:41:28    -2396.561636        0.196954
MDMin:  1632 04:41:29    -2396.561636        0.360709
MDMin:  1633 04:41:30    -2396.561636        0.125828
MDMin:  1634 04:41:32    -2396.561636        0.149245
MDMin:  1635 04:41:34    -2396.561636        0.206217
MDMin:  1636 04:41:36    -2396.561636        0.322247
MDMin:  1637 04:41:38    -2396.561636        0.122189
MDMin:  1638 04:41:40    -2396.561636        0.150231
MDMin:  1639 04:41:42    -2396.561636        0.252685
MDMin:  1640 04:41:44    -2396.561636        0.220106
MDMin:  1641 04:41:46    -2396.561636        0.128315
MDMin:  1642 04:41:48    -2396.561636        0.149333
MDMin:  1643 04:41:50    -2396.561636        0.306368
MDMin:  1644 04:41:52    -2396.561636        0.145769
MDMin:  1645 04:41:53    -2396.561636        0.133055
MDMin:  1646 04:41:55    -2396.561636        0.145602
MDMin:  1647 04:41:57    -2396.561636        0.270388
MDMin:  1648 04:41:59    -2396.561636        0.314740
MDMin:  1649 04:42:01    -2396.561636        0.128032
MDMin:  1650 04:42:03    -2396.561636        0.146498
MDMin:  1651 04:42:05    -2396.561636        0.255058
MDMin:  1652 04:42:07    -2396.561636        0.276399
MDMin:  1653 04:42:09    -2396.561636        0.129337
MDMin:  1654 04:42:11    -2396.561636        0.145546
MDMin:  1655 04:42:13    -2396.561636        0.267097
MDMin:  1656 04:42:16    -2396.561636        0.267512
MDMin:  1657 04:42:18    -2396.561636        0.129448
MDMin:  1658 04:42:20    -2396.561636        0.144692
MDMin:  1659 04:42:22    -2396.561636        0.267223
MDMin:  1660 04:42:24    -2396.561636        0.270173
MDMin:  1661 04:42:26    -2396.561636        0.129789
MDMin:  1662 04:42:28    -2396.561636        0.143630
MDMin:  1663 04:42:30    -2396.561636        0.254924
MDMin:  1664 04:42:32    -2396.561636        0.295522
MDMin:  1665 04:42:34    -2396.561636        0.131020
MDMin:  1666 04:42:36    -2396.561636        0.141748
MDMin:  1667 04:42:39    -2396.561636        0.202560
MDMin:  1668 04:42:41    -2396.561636        0.366233
MDMin:  1669 04:42:43    -2396.561636        0.134202
MDMin:  1670 04:42:44    -2396.561636        0.136859
MDMin:  1671 04:42:47    -2396.561636        0.122051
MDMin:  1672 04:42:49    -2396.561636        0.369949
MDMin:  1673 04:42:51    -2396.561636        0.292949
MDMin:  1674 04:42:53    -2396.561636        0.117326
MDMin:  1675 04:42:55    -2396.561636        0.136059
MDMin:  1676 04:42:57    -2396.561636        0.233087
MDMin:  1677 04:42:59    -2396.561636        0.134571
MDMin:  1678 04:43:00    -2396.561636        0.120698
MDMin:  1679 04:43:03    -2396.561636        0.132399
MDMin:  1680 04:43:05    -2396.561636        0.304832
MDMin:  1681 04:43:06    -2396.561636        0.132844
MDMin:  1682 04:43:08    -2396.561636        0.135931
MDMin:  1683 04:43:11    -2396.561636        0.122426
MDMin:  1684 04:43:12    -2396.561636        0.348147
MDMin:  1685 04:43:14    -2396.561636        0.325286
MDMin:  1686 04:43:15    -2396.561636        0.105452
MDMin:  1687 04:43:17    -2396.561637        0.130815
MDMin:  1688 04:43:18    -2396.561637        0.192886
MDMin:  1689 04:43:19    -2396.561637        0.137561
MDMin:  1690 04:43:21    -2396.561637        0.110825
MDMin:  1691 04:43:23    -2396.561637        0.180844
MDMin:  1692 04:43:24    -2396.561637        0.266441
MDMin:  1693 04:43:26    -2396.561637        0.124718
MDMin:  1694 04:43:28    -2396.561637        0.138201
MDMin:  1695 04:43:30    -2396.561637        0.214074
MDMin:  1696 04:43:31    -2396.561637        0.259555
MDMin:  1697 04:43:33    -2396.561637        0.135000
MDMin:  1698 04:43:34    -2396.561637        0.127115
MDMin:  1699 04:43:35    -2396.561637        0.155225
MDMin:  1700 04:43:36    -2396.561637        0.617569
MDMin:  1701 04:43:38    -2396.561637        0.175517
MDMin:  1702 04:43:39    -2396.561637        0.214354
MDMin:  1703 04:43:41    -2396.561637        0.137615
MDMin:  1704 04:43:43    -2396.561637        0.093278
MDMin:  1705 04:43:45    -2396.561637        0.184317
MDMin:  1706 04:43:46    -2396.561637        0.126232
MDMin:  1707 04:43:48    -2396.561637        0.137572
MDMin:  1708 04:43:50    -2396.561637        0.105456
MDMin:  1709 04:43:52    -2396.561637        0.219621
MDMin:  1710 04:43:53    -2396.561637        0.217342
MDMin:  1711 04:43:55    -2396.561637        0.122142
MDMin:  1712 04:43:56    -2396.561637        0.136750
MDMin:  1713 04:43:58    -2396.561637        0.217097
MDMin:  1714 04:44:00    -2396.561637        0.220248
MDMin:  1715 04:44:02    -2396.561637        0.132963
MDMin:  1716 04:44:03    -2396.561637        0.127413
MDMin:  1717 04:44:04    -2396.561637        0.133035
MDMin:  1718 04:44:06    -2396.561637        0.649015
MDMin:  1719 04:44:08    -2396.561637        0.171752
MDMin:  1720 04:44:10    -2396.561637        0.218136
MDMin:  1721 04:44:12    -2396.561637        0.137098
MDMin:  1722 04:44:14    -2396.561637        0.096062
MDMin:  1723 04:44:16    -2396.561637        0.213742
MDMin:  1724 04:44:18    -2396.561637        0.148038
MDMin:  1725 04:44:20    -2396.561637        0.131850
MDMin:  1726 04:44:22    -2396.561637        0.128271
MDMin:  1727 04:44:24    -2396.561637        0.135242
MDMin:  1728 04:44:26    -2396.561637        0.327586
MDMin:  1729 04:44:28    -2396.561637        0.134323
MDMin:  1730 04:44:30    -2396.561637        0.129141
MDMin:  1731 04:44:32    -2396.561637        0.131851
MDMin:  1732 04:44:34    -2396.561637        0.092965
MDMin:  1733 04:44:36    -2396.561637        0.449054
MDMin:  1734 04:44:37    -2396.561637        0.133978
MDMin:  1735 04:44:39    -2396.561637        0.124011
MDMin:  1736 04:44:41    -2396.561637        0.133183
MDMin:  1737 04:44:42    -2396.561637        0.313377
MDMin:  1738 04:44:43    -2396.561637        0.133928
MDMin:  1739 04:44:44    -2396.561637        0.125276
MDMin:  1740 04:44:45    -2396.561637        0.133669
MDMin:  1741 04:44:47    -2396.561637        0.286232
MDMin:  1742 04:44:48    -2396.561637        0.212798
MDMin:  1743 04:44:50    -2396.561637        0.127661
MDMin:  1744 04:44:52    -2396.561637        0.130759
MDMin:  1745 04:44:54    -2396.561637        0.092981
MDMin:  1746 04:44:56    -2396.561637        0.381024
MDMin:  1747 04:44:58    -2396.561637        0.130424
MDMin:  1748 04:45:00    -2396.561637        0.126882
MDMin:  1749 04:45:02    -2396.561637        0.131558
MDMin:  1750 04:45:04    -2396.561637        0.166277
MDMin:  1751 04:45:06    -2396.561637        0.372754
MDMin:  1752 04:45:08    -2396.561637        0.128603
MDMin:  1753 04:45:10    -2396.561637        0.172060
MDMin:  1754 04:45:12    -2396.561637        0.137681
MDMin:  1755 04:45:13    -2396.561637        0.105459
MDMin:  1756 04:45:14    -2396.561637        0.130863
MDMin:  1757 04:45:16    -2396.561637        0.231153
MDMin:  1758 04:45:18    -2396.561637        0.132128
MDMin:  1759 04:45:20    -2396.561637        0.114674
MDMin:  1760 04:45:22    -2396.561637        0.157455
MDMin:  1761 04:45:24    -2396.561638        0.312362
MDMin:  1762 04:45:26    -2396.561638        0.107743
MDMin:  1763 04:45:28    -2396.561638        0.126908
MDMin:  1764 04:45:30    -2396.561638        0.215355
MDMin:  1765 04:45:32    -2396.561638        0.126740
MDMin:  1766 04:45:34    -2396.561638        0.111617
MDMin:  1767 04:45:36    -2396.561638        0.130345
MDMin:  1768 04:45:38    -2396.561638        0.275584
MDMin:  1769 04:45:40    -2396.561638        0.126950
MDMin:  1770 04:45:42    -2396.561638        0.126041
MDMin:  1771 04:45:44    -2396.561638        0.127830
MDMin:  1772 04:45:46    -2396.561638        0.118342
MDMin:  1773 04:45:48    -2396.561638        0.502869
MDMin:  1774 04:45:50    -2396.561638        0.178769
MDMin:  1775 04:45:52    -2396.561638        0.225752
MDMin:  1776 04:45:54    -2396.561638        0.100403
MDMin:  1777 04:45:56    -2396.561638        0.118622
MDMin:  1778 04:45:58    -2396.561638        0.144013
MDMin:  1779 04:46:00    -2396.561638        0.122644
MDMin:  1780 04:46:01    -2396.561638        0.103246
MDMin:  1781 04:46:02    -2396.561638        0.136887
MDMin:  1782 04:46:03    -2396.561638        0.188720
MDMin:  1783 04:46:05    -2396.561638        0.128056
MDMin:  1784 04:46:06    -2396.561638        0.116072
MDMin:  1785 04:46:07    -2396.561638        0.141600
MDMin:  1786 04:46:08    -2396.561638        0.299686
MDMin:  1787 04:46:10    -2396.561638        0.103540
MDMin:  1788 04:46:13    -2396.561638        0.122714
MDMin:  1789 04:46:15    -2396.561638        0.190939
MDMin:  1790 04:46:17    -2396.561638        0.125979
MDMin:  1791 04:46:18    -2396.561638        0.108761
MDMin:  1792 04:46:19    -2396.561638        0.154313
MDMin:  1793 04:46:21    -2396.561638        0.250278
MDMin:  1794 04:46:23    -2396.561638        0.115748
MDMin:  1795 04:46:25    -2396.561638        0.125020
MDMin:  1796 04:46:27    -2396.561638        0.201588
MDMin:  1797 04:46:29    -2396.561638        0.190192
MDMin:  1798 04:46:32    -2396.561638        0.125311
MDMin:  1799 04:46:34    -2396.561638        0.120227
MDMin:  1800 04:46:36    -2396.561638        0.117018
MDMin:  1801 04:46:37    -2396.561638        0.479655
MDMin:  1802 04:46:39    -2396.561638        0.113589
MDMin:  1803 04:46:41    -2396.561638        0.183441
MDMin:  1804 04:46:43    -2396.561638        0.105980
MDMin:  1805 04:46:45    -2396.561638        0.123922
MDMin:  1806 04:46:47    -2396.561638        0.144681
MDMin:  1807 04:46:48    -2396.561638        0.195608
MDMin:  1808 04:46:50    -2396.561638        0.117800
MDMin:  1809 04:46:52    -2396.561638        0.125524
MDMin:  1810 04:46:54    -2396.561638        0.149337
MDMin:  1811 04:46:56    -2396.561638        0.277160
MDMin:  1812 04:46:58    -2396.561638        0.125239
MDMin:  1813 04:47:00    -2396.561638        0.091909
MDMin:  1814 04:47:01    -2396.561638        0.233617
MDMin:  1815 04:47:03    -2396.561638        0.124154
MDMin:  1816 04:47:04    -2396.561638        0.123163
MDMin:  1817 04:47:06    -2396.561638        0.120856
MDMin:  1818 04:47:08    -2396.561638        0.123938
MDMin:  1819 04:47:11    -2396.561638        0.313674
MDMin:  1820 04:47:13    -2396.561638        0.117785
MDMin:  1821 04:47:15    -2396.561638        0.121778
MDMin:  1822 04:47:17    -2396.561638        0.122149
MDMin:  1823 04:47:19    -2396.561638        0.118057
MDMin:  1824 04:47:21    -2396.561638        0.258898
MDMin:  1825 04:47:23    -2396.561638        0.472342
MDMin:  1826 04:47:25    -2396.561638        0.090774
MDMin:  1827 04:47:27    -2396.561638        0.119396
MDMin:  1828 04:47:28    -2396.561638        0.093266
MDMin:  1829 04:47:29    -2396.561638        0.115604
MDMin:  1830 04:47:31    -2396.561638        0.102082
MDMin:  1831 04:47:33    -2396.561638        0.131023
MDMin:  1832 04:47:35    -2396.561638        0.093621
MDMin:  1833 04:47:37    -2396.561638        0.114180
MDMin:  1834 04:47:38    -2396.561638        0.119493
MDMin:  1835 04:47:40    -2396.561638        0.135980
MDMin:  1836 04:47:41    -2396.561639        0.098189
MDMin:  1837 04:47:43    -2396.561639        0.112314
MDMin:  1838 04:47:45    -2396.561639        0.147689
MDMin:  1839 04:47:47    -2396.561639        0.124481
MDMin:  1840 04:47:48    -2396.561639        0.103871
MDMin:  1841 04:47:50    -2396.561639        0.109805
MDMin:  1842 04:47:52    -2396.561639        0.185342
MDMin:  1843 04:47:54    -2396.561639        0.114093
MDMin:  1844 04:47:56    -2396.561639        0.107067
MDMin:  1845 04:47:58    -2396.561639        0.116729
MDMin:  1846 04:48:00    -2396.561639        0.223248
MDMin:  1847 04:48:02    -2396.561639        0.121354
MDMin:  1848 04:48:03    -2396.561639        0.114752
MDMin:  1849 04:48:05    -2396.561639        0.110229
MDMin:  1850 04:48:07    -2396.561639        0.287894
MDMin:  1851 04:48:09    -2396.561639        0.111595
MDMin:  1852 04:48:10    -2396.561639        0.118890
MDMin:  1853 04:48:12    -2396.561639        0.159055
MDMin:  1854 04:48:13    -2396.561639        0.210647
MDMin:  1855 04:48:15    -2396.561639        0.120651
MDMin:  1856 04:48:17    -2396.561639        0.109594
MDMin:  1857 04:48:19    -2396.561639        0.170117
MDMin:  1858 04:48:21    -2396.561639        0.271355
MDMin:  1859 04:48:23    -2396.561639        0.099849
MDMin:  1860 04:48:24    -2396.561639        0.114444
MDMin:  1861 04:48:26    -2396.561639        0.167839
MDMin:  1862 04:48:29    -2396.561639        0.117648
MDMin:  1863 04:48:30    -2396.561639        0.104280
MDMin:  1864 04:48:33    -2396.561639        0.134406
MDMin:  1865 04:48:35    -2396.561639        0.212468
MDMin:  1866 04:48:37    -2396.561639        0.115146
MDMin:  1867 04:48:39    -2396.561639        0.119593
MDMin:  1868 04:48:42    -2396.561639        0.103080
MDMin:  1869 04:48:43    -2396.561639        0.278578
MDMin:  1870 04:48:45    -2396.561639        0.117625
MDMin:  1871 04:48:47    -2396.561639        0.085231
MDMin:  1872 04:48:49    -2396.561639        0.198078
MDMin:  1873 04:48:50    -2396.561639        0.085901
MDMin:  1874 04:48:52    -2396.561639        0.118177
MDMin:  1875 04:48:54    -2396.561639        0.088500
MDMin:  1876 04:48:55    -2396.561639        0.209091
MDMin:  1877 04:48:57    -2396.561639        0.100551
MDMin:  1878 04:48:59    -2396.561639        0.118603
MDMin:  1879 04:49:01    -2396.561639        0.108825
MDMin:  1880 04:49:03    -2396.561639        0.156826
MDMin:  1881 04:49:05    -2396.561639        0.274411
MDMin:  1882 04:49:07    -2396.561639        0.095133
MDMin:  1883 04:49:09    -2396.561639        0.121308
MDMin:  1884 04:49:11    -2396.561639        0.149799
MDMin:  1885 04:49:13    -2396.561639        0.116132
MDMin:  1886 04:49:14    -2396.561639        0.101318
MDMin:  1887 04:49:15    -2396.561639        0.139565
MDMin:  1888 04:49:16    -2396.561639        0.195476
MDMin:  1889 04:49:17    -2396.561639        0.112732
MDMin:  1890 04:49:18    -2396.561639        0.117420
MDMin:  1891 04:49:20    -2396.561639        0.112116
MDMin:  1892 04:49:21    -2396.561639        0.260594
MDMin:  1893 04:49:22    -2396.561639        0.114539
MDMin:  1894 04:49:24    -2396.561639        0.095062
MDMin:  1895 04:49:25    -2396.561639        0.183072
MDMin:  1896 04:49:26    -2396.561639        0.095952
MDMin:  1897 04:49:27    -2396.561639        0.114466
MDMin:  1898 04:49:28    -2396.561639        0.106304
MDMin:  1899 04:49:30    -2396.561639        0.193333
MDMin:  1900 04:49:31    -2396.561639        0.106205
MDMin:  1901 04:49:33    -2396.561639        0.115241
MDMin:  1902 04:49:35    -2396.561639        0.120088
MDMin:  1903 04:49:36    -2396.561639        0.216692
MDMin:  1904 04:49:37    -2396.561639        0.115867
MDMin:  1905 04:49:39    -2396.561639        0.112311
MDMin:  1906 04:49:41    -2396.561639        0.112191
MDMin:  1907 04:49:43    -2396.561639        0.284431
MDMin:  1908 04:49:45    -2396.561639        0.114209
MDMin:  1909 04:49:47    -2396.561639        0.114556
MDMin:  1910 04:49:49    -2396.561639        0.113275
MDMin:  1911 04:49:51    -2396.561639        0.112986
MDMin:  1912 04:49:53    -2396.561640        0.456716
MDMin:  1913 04:49:55    -2396.561640        0.105273
MDMin:  1914 04:49:57    -2396.561640        0.113595
MDMin:  1915 04:49:59    -2396.561640        0.127043
MDMin:  1916 04:50:01    -2396.561640        0.249608
MDMin:  1917 04:50:03    -2396.561640        0.114005
MDMin:  1918 04:50:05    -2396.561640        0.112310
MDMin:  1919 04:50:07    -2396.561640        0.114414
MDMin:  1920 04:50:09    -2396.561640        0.235396
MDMin:  1921 04:50:11    -2396.561640        0.259089
MDMin:  1922 04:50:13    -2396.561640        0.113637
MDMin:  1923 04:50:15    -2396.561640        0.087496
MDMin:  1924 04:50:17    -2396.561640        0.210534
MDMin:  1925 04:50:19    -2396.561640        0.119553
MDMin:  1926 04:50:21    -2396.561640        0.113721
MDMin:  1927 04:50:23    -2396.561640        0.108910
MDMin:  1928 04:50:25    -2396.561640        0.103051
MDMin:  1929 04:50:27    -2396.561640        0.309511
MDMin:  1930 04:50:29    -2396.561640        0.090436
MDMin:  1931 04:50:31    -2396.561640        0.131151
MDMin:  1932 04:50:33    -2396.561640        0.156107
MDMin:  1933 04:50:35    -2396.561640        0.111377
MDMin:  1934 04:50:37    -2396.561640        0.097084
MDMin:  1935 04:50:39    -2396.561640        0.145777
MDMin:  1936 04:50:41    -2396.561640        0.199800
MDMin:  1937 04:50:43    -2396.561640        0.109743
MDMin:  1938 04:50:45    -2396.561640        0.112910
MDMin:  1939 04:50:47    -2396.561640        0.087593
MDMin:  1940 04:50:49    -2396.561640        0.282218
MDMin:  1941 04:50:51    -2396.561640        0.108773
MDMin:  1942 04:50:53    -2396.561640        0.112237
MDMin:  1943 04:50:55    -2396.561640        0.100258
MDMin:  1944 04:50:57    -2396.561640        0.227226
MDMin:  1945 04:50:58    -2396.561640        0.214059
MDMin:  1946 04:51:00    -2396.561640        0.101243
MDMin:  1947 04:51:02    -2396.561640        0.105686
MDMin:  1948 04:51:04    -2396.561640        0.175708
MDMin:  1949 04:51:06    -2396.561640        0.132521
MDMin:  1950 04:51:08    -2396.561640        0.106876
MDMin:  1951 04:51:10    -2396.561640        0.110803
MDMin:  1952 04:51:12    -2396.561640        0.132818
MDMin:  1953 04:51:14    -2396.561640        0.250452
MDMin:  1954 04:51:16    -2396.561640        0.107981
MDMin:  1955 04:51:18    -2396.561640        0.095067
MDMin:  1956 04:51:20    -2396.561640        0.179364
MDMin:  1957 04:51:22    -2396.561640        0.089134
MDMin:  1958 04:51:24    -2396.561640        0.108176
MDMin:  1959 04:51:26    -2396.561640        0.097254
MDMin:  1960 04:51:28    -2396.561640        0.188470
MDMin:  1961 04:51:30    -2396.561640        0.094095
MDMin:  1962 04:51:32    -2396.561640        0.108287
MDMin:  1963 04:51:34    -2396.561640        0.102525
MDMin:  1964 04:51:36    -2396.561640        0.198474
MDMin:  1965 04:51:38    -2396.561640        0.101146
MDMin:  1966 04:51:40    -2396.561640        0.109010
MDMin:  1967 04:51:42    -2396.561640        0.104590
MDMin:  1968 04:51:44    -2396.561640        0.222849
MDMin:  1969 04:51:46    -2396.561640        0.108410
MDMin:  1970 04:51:48    -2396.561640        0.109119
MDMin:  1971 04:51:50    -2396.561640        0.105562
MDMin:  1972 04:51:52    -2396.561640        0.139607
MDMin:  1973 04:51:53    -2396.561640        0.351176
MDMin:  1974 04:51:55    -2396.561640        0.141224
MDMin:  1975 04:51:56    -2396.561640        0.181364
MDMin:  1976 04:51:57    -2396.561640        0.102183
MDMin:  1977 04:51:59    -2396.561640        0.085328
MDMin:  1978 04:52:01    -2396.561640        0.113505
MDMin:  1979 04:52:02    -2396.561640        0.093989
MDMin:  1980 04:52:04    -2396.561640        0.102748
MDMin:  1981 04:52:06    -2396.561640        0.088325
MDMin:  1982 04:52:08    -2396.561640        0.117614
MDMin:  1983 04:52:10    -2396.561640        0.113917
MDMin:  1984 04:52:12    -2396.561641        0.104962
MDMin:  1985 04:52:14    -2396.561641        0.093715
MDMin:  1986 04:52:16    -2396.561641        0.118207
MDMin:  1987 04:52:18    -2396.561641        0.150925
MDMin:  1988 04:52:20    -2396.561641        0.107840
MDMin:  1989 04:52:22    -2396.561641        0.102949
MDMin:  1990 04:52:24    -2396.561641        0.100092
MDMin:  1991 04:52:26    -2396.561641        0.218834
MDMin:  1992 04:52:28    -2396.561641        0.107410
MDMin:  1993 04:52:29    -2396.561641        0.104056
MDMin:  1994 04:52:31    -2396.561641        0.105117
MDMin:  1995 04:52:32    -2396.561641        0.179328
MDMin:  1996 04:52:34    -2396.561641        0.170229
MDMin:  1997 04:52:36    -2396.561641        0.105429
MDMin:  1998 04:52:38    -2396.561641        0.088616
MDMin:  1999 04:52:39    -2396.561641        0.155464
MDMin:  2000 04:52:41    -2396.561641        0.132452
MDMin:  2001 04:52:43    -2396.561641        0.105952
MDMin:  2002 04:52:45    -2396.561641        0.105109
MDMin:  2003 04:52:46    -2396.561641        0.106223
MDMin:  2004 04:52:47    -2396.561641        0.083545
MDMin:  2005 04:52:48    -2396.561641        0.279361
MDMin:  2006 04:52:50    -2396.561641        0.131977
MDMin:  2007 04:52:52    -2396.561641        0.168646
MDMin:  2008 04:52:53    -2396.561641        0.092224
MDMin:  2009 04:52:55    -2396.561641        0.099921
MDMin:  2010 04:52:57    -2396.561641        0.108235
MDMin:  2011 04:53:00    -2396.561641        0.120812
MDMin:  2012 04:53:02    -2396.561641        0.096449
MDMin:  2013 04:53:04    -2396.561641        0.103058
MDMin:  2014 04:53:06    -2396.561641        0.099215
MDMin:  2015 04:53:08    -2396.561641        0.163033
MDMin:  2016 04:53:11    -2396.561641        0.103093
MDMin:  2017 04:53:13    -2396.561641        0.104801
MDMin:  2018 04:53:15    -2396.561641        0.097276
MDMin:  2019 04:53:17    -2396.561641        0.157571
MDMin:  2020 04:53:19    -2396.561641        0.222342
MDMin:  2021 04:53:21    -2396.561641        0.081496
MDMin:  2022 04:53:24    -2396.561641        0.111297
MDMin:  2023 04:53:26    -2396.561641        0.081469
MDMin:  2024 04:53:28    -2396.561641        0.098573
MDMin:  2025 04:53:30    -2396.561641        0.081465
MDMin:  2026 04:53:32    -2396.561641        0.115593
MDMin:  2027 04:53:34    -2396.561641        0.081436
MDMin:  2028 04:53:36    -2396.561641        0.099643
MDMin:  2029 04:53:38    -2396.561641        0.082374
MDMin:  2030 04:53:40    -2396.561641        0.117249
MDMin:  2031 04:53:42    -2396.561641        0.099647
MDMin:  2032 04:53:44    -2396.561641        0.101680
MDMin:  2033 04:53:46    -2396.561641        0.090018
MDMin:  2034 04:53:48    -2396.561641        0.109550
MDMin:  2035 04:53:50    -2396.561641        0.142796
MDMin:  2036 04:53:52    -2396.561641        0.102952
MDMin:  2037 04:53:54    -2396.561641        0.100519
MDMin:  2038 04:53:56    -2396.561641        0.102315
MDMin:  2039 04:53:58    -2396.561641        0.135782
MDMin:  2040 04:54:00    -2396.561641        0.201317
MDMin:  2041 04:54:02    -2396.561641        0.093678
MDMin:  2042 04:54:04    -2396.561641        0.088252
MDMin:  2043 04:54:06    -2396.561641        0.097413
MDMin:  2044 04:54:08    -2396.561641        0.082616
MDMin:  2045 04:54:10    -2396.561641        0.094689
MDMin:  2046 04:54:12    -2396.561641        0.090070
MDMin:  2047 04:54:14    -2396.561641        0.103109
MDMin:  2048 04:54:16    -2396.561641        0.084574
MDMin:  2049 04:54:18    -2396.561641        0.096139
MDMin:  2050 04:54:20    -2396.561642        0.090061
MDMin:  2051 04:54:22    -2396.561642        0.112822
MDMin:  2052 04:54:24    -2396.561642        0.087177
MDMin:  2053 04:54:26    -2396.561642        0.097914
MDMin:  2054 04:54:28    -2396.561642        0.086289
MDMin:  2055 04:54:30    -2396.561642        0.128456
MDMin:  2056 04:54:31    -2396.561642        0.090384
MDMin:  2057 04:54:32    -2396.561642        0.099549
MDMin:  2058 04:54:34    -2396.561642        0.081128
MDMin:  2059 04:54:36    -2396.561642        0.148232
MDMin:  2060 04:54:38    -2396.561642        0.091820
MDMin:  2061 04:54:40    -2396.561642        0.100181
MDMin:  2062 04:54:42    -2396.561642        0.081084
MDMin:  2063 04:54:44    -2396.561642        0.154757
MDMin:  2064 04:54:46    -2396.561642        0.081641
MDMin:  2065 04:54:49    -2396.561642        0.100016
MDMin:  2066 04:54:51    -2396.561642        0.086232
MDMin:  2067 04:54:53    -2396.561642        0.122682
MDMin:  2068 04:54:55    -2396.561642        0.129355
MDMin:  2069 04:54:57    -2396.561642        0.096210
MDMin:  2070 04:54:58    -2396.561642        0.099854
MDMin:  2071 04:55:00    -2396.561642        0.081862
MDMin:  2072 04:55:03    -2396.561642        0.171852
MDMin:  2073 04:55:05    -2396.561642        0.080913
MDMin:  2074 04:55:07    -2396.561642        0.099389
MDMin:  2075 04:55:09    -2396.561642        0.094589
MDMin:  2076 04:55:11    -2396.561642        0.093353
MDMin:  2077 04:55:13    -2396.561642        0.182391
MDMin:  2078 04:55:16    -2396.561642        0.098819
MDMin:  2079 04:55:18    -2396.561642        0.096371
MDMin:  2080 04:55:20    -2396.561642        0.098726
MDMin:  2081 04:55:22    -2396.561642        0.082792
MDMin:  2082 04:55:24    -2396.561642        0.208575
MDMin:  2083 04:55:27    -2396.561642        0.092799
MDMin:  2084 04:55:29    -2396.561642        0.098638
MDMin:  2085 04:55:30    -2396.561642        0.096673
MDMin:  2086 04:55:31    -2396.561642        0.087233
MDMin:  2087 04:55:33    -2396.561642        0.088791
MDMin:  2088 04:55:34    -2396.561642        0.121472
MDMin:  2089 04:55:35    -2396.561642        0.096266
MDMin:  2090 04:55:37    -2396.561642        0.089907
MDMin:  2091 04:55:38    -2396.561642        0.093770
MDMin:  2092 04:55:40    -2396.561642        0.113575
MDMin:  2093 04:55:42    -2396.561642        0.092480
MDMin:  2094 04:55:44    -2396.561642        0.093514
MDMin:  2095 04:55:46    -2396.561642        0.097331
MDMin:  2096 04:55:48    -2396.561642        0.080650
MDMin:  2097 04:55:50    -2396.561642        0.150782
MDMin:  2098 04:55:52    -2396.561642        0.080575
MDMin:  2099 04:55:54    -2396.561642        0.096240
MDMin:  2100 04:55:56    -2396.561642        0.094459
MDMin:  2101 04:55:58    -2396.561642        0.096575
MDMin:  2102 04:56:00    -2396.561642        0.080606
MDMin:  2103 04:56:02    -2396.561642        0.198724
MDMin:  2104 04:56:05    -2396.561642        0.099070
MDMin:  2105 04:56:07    -2396.561642        0.091767
MDMin:  2106 04:56:09    -2396.561642        0.096043
MDMin:  2107 04:56:11    -2396.561642        0.091869
MDMin:  2108 04:56:13    -2396.561642        0.095004
MDMin:  2109 04:56:15    -2396.561642        0.099239
MDMin:  2110 04:56:18    -2396.561643        0.132079
MDMin:  2111 04:56:20    -2396.561643        0.092669
MDMin:  2112 04:56:23    -2396.561643        0.080360
MDMin:  2113 04:56:25    -2396.561643        0.085240
MDMin:  2114 04:56:27    -2396.561643        0.080486
MDMin:  2115 04:56:28    -2396.561643        0.091933
MDMin:  2116 04:56:31    -2396.561643        0.083259
MDMin:  2117 04:56:33    -2396.561643        0.089982
MDMin:  2118 04:56:34    -2396.561643        0.082622
MDMin:  2119 04:56:36    -2396.561643        0.084457
MDMin:  2120 04:56:38    -2396.561643        0.085452
MDMin:  2121 04:56:40    -2396.561643        0.093399
MDMin:  2122 04:56:42    -2396.561643        0.080246
MDMin:  2123 04:56:44    -2396.561643        0.107042
MDMin:  2124 04:56:46    -2396.561643        0.083840
MDMin:  2125 04:56:48    -2396.561643        0.093791
MDMin:  2126 04:56:50    -2396.561643        0.080184
MDMin:  2127 04:56:52    -2396.561643        0.093635
MDMin:  2128 04:56:54    -2396.561643        0.080136
MDMin:  2129 04:56:56    -2396.561643        0.092859
MDMin:  2130 04:56:58    -2396.561643        0.091195
MDMin:  2131 04:57:00    -2396.561643        0.093026
MDMin:  2132 04:57:02    -2396.561643        0.080132
MDMin:  2133 04:57:04    -2396.561643        0.132551
MDMin:  2134 04:57:06    -2396.561643        0.080030
MDMin:  2135 04:57:08    -2396.561643        0.092090
MDMin:  2136 04:57:10    -2396.561643        0.089670
MDMin:  2137 04:57:12    -2396.561643        0.092168
MDMin:  2138 04:57:14    -2396.561643        0.080043
MDMin:  2139 04:57:16    -2396.561643        0.148493
MDMin:  2140 04:57:18    -2396.561643        0.081313
MDMin:  2141 04:57:20    -2396.561643        0.079917
MDMin:  2142 04:57:22    -2396.561643        0.088251
MDMin:  2143 04:57:24    -2396.561643        0.079889
MDMin:  2144 04:57:27    -2396.561643        0.083917
MDMin:  2145 04:57:29    -2396.561643        0.079861
MDMin:  2146 04:57:30    -2396.561643        0.086003
MDMin:  2147 04:57:32    -2396.561643        0.079820
MDMin:  2148 04:57:34    -2396.561643        0.087152
MDMin:  2149 04:57:37    -2396.561643        0.079803
MDMin:  2150 04:57:39    -2396.561643        0.079762
MDMin:  2151 04:57:41    -2396.561643        0.079750
MDMin:  2152 04:57:42    -2396.561643        0.088727
MDMin:  2153 04:57:44    -2396.561643        0.079737
MDMin:  2154 04:57:46    -2396.561643        0.082805
MDMin:  2155 04:57:48    -2396.561643        0.079687
MDMin:  2156 04:57:50    -2396.561643        0.088580
MDMin:  2157 04:57:53    -2396.561643        0.079816
MDMin:  2158 04:57:55    -2396.561643        0.083950
MDMin:  2159 04:57:57    -2396.561643        0.091493
MDMin:  2160 04:57:59    -2396.561643        0.083150
MDMin:  2161 04:58:01    -2396.561643        0.081836
MDMin:  2162 04:58:03    -2396.561643        0.087986
MDMin:  2163 04:58:05    -2396.561643        0.079574
MDMin:  2164 04:58:07    -2396.561644        0.105886
MDMin:  2165 04:58:09    -2396.561644        0.079507
MDMin:  2166 04:58:11    -2396.561644        0.087893
MDMin:  2167 04:58:12    -2396.561644        0.080915
MDMin:  2168 04:58:14    -2396.561644        0.082890
MDMin:  2169 04:58:16    -2396.561644        0.107253
MDMin:  2170 04:58:17    -2396.561644        0.081560
MDMin:  2171 04:58:18    -2396.561644        0.082724
MDMin:  2172 04:58:19    -2396.561644        0.087056
MDMin:  2173 04:58:20    -2396.561644        0.079391
MDMin:  2174 04:58:22    -2396.561644        0.108847
MDMin:  2175 04:58:23    -2396.561644        0.097114
MDMin:  2176 04:58:25    -2396.561644        0.086721
MDMin:  2177 04:58:27    -2396.561644        0.084781
MDMin:  2178 04:58:29    -2396.561644        0.086309
MDMin:  2179 04:58:30    -2396.561644        0.079286
MDMin:  2180 04:58:31    -2396.561644        0.143712
MDMin:  2181 04:58:33    -2396.561644        0.093819
MDMin:  2182 04:58:34    -2396.561644        0.084599
MDMin:  2183 04:58:35    -2396.561644        0.085310
MDMin:  2184 04:58:37    -2396.561644        0.084110
MDMin:  2185 04:58:39    -2396.561644        0.085103
MDMin:  2186 04:58:41    -2396.561644        0.079147
MDMin:  2187 04:58:43    -2396.561644        0.186924
MDMin:  2188 04:58:44    -2396.561644        0.084668
MDMin:  2189 04:58:46    -2396.561644        0.082731
MDMin:  2190 04:58:48    -2396.561644        0.084300
MDMin:  2191 04:58:50    -2396.561644        0.079001
MDMin:  2192 04:58:53    -2396.561644        0.106407
MDMin:  2193 04:58:55    -2396.561644        0.140121
MDMin:  2194 04:58:56    -2396.561644        0.078873
MDMin:  2195 04:58:58    -2396.561644        0.083293
MDMin:  2196 04:59:00    -2396.561644        0.078849
MDMin:  2197 04:59:02    -2396.561644        0.080507
MDMin:  2198 04:59:03    -2396.561644        0.094336
MDMin:  2199 04:59:05    -2396.561644        0.097954
MDMin:  2200 04:59:06    -2396.561644        0.079751
MDMin:  2201 04:59:08    -2396.561644        0.082354
MDMin:  2202 04:59:09    -2396.561644        0.079310
MDMin:  2203 04:59:11    -2396.561644        0.079899
MDMin:  2204 04:59:12    -2396.561645        0.102771
MDMin:  2205 04:59:13    -2396.561645        0.116024
MDMin:  2206 04:59:14    -2396.561645        0.081191
MDMin:  2207 04:59:15    -2396.561645        0.080693
MDMin:  2208 04:59:17    -2396.561645        0.080783
MDMin:  2209 04:59:18    -2396.561645        0.079953
MDMin:  2210 04:59:19    -2396.561645        0.080675
MDMin:  2211 04:59:20    -2396.561645        0.078466
MDMin:  2212 04:59:21    -2396.561645        0.128927
MDMin:  2213 04:59:23    -2396.561645        0.126131
MDMin:  2214 04:59:25    -2396.561645        0.078283
MDMin:  2215 04:59:27    -2396.561645        0.079463
MDMin:  2216 04:59:28    -2396.561645        0.078592
MDMin:  2217 04:59:30    -2396.561645        0.078984
MDMin:  2218 04:59:32    -2396.561645        0.078195
MDMin:  2219 04:59:33    -2396.561645        0.078445
MDMin:  2220 04:59:35    -2396.561645        0.078130
MDMin:  2221 04:59:36    -2396.561645        0.152501
MDMin:  2222 04:59:37    -2396.561645        0.077970
MDMin:  2223 04:59:39    -2396.561645        0.077955
MDMin:  2224 04:59:41    -2396.561645        0.077934
MDMin:  2225 04:59:43    -2396.561645        0.077907
MDMin:  2226 04:59:44    -2396.561645        0.077873
MDMin:  2227 04:59:46    -2396.561645        0.077830
MDMin:  2228 04:59:48    -2396.561645        0.077780
MDMin:  2229 04:59:49    -2396.561646        0.142535
MDMin:  2230 04:59:50    -2396.561646        0.086009
MDMin:  2231 04:59:51    -2396.561646        0.077555
MDMin:  2232 04:59:53    -2396.561646        0.077535
MDMin:  2233 04:59:55    -2396.561646        0.077509
MDMin:  2234 04:59:57    -2396.561646        0.077474
MDMin:  2235 04:59:59    -2396.561646        0.077433
MDMin:  2236 05:00:00    -2396.561646        0.077381
MDMin:  2237 05:00:02    -2396.561646        0.077321
MDMin:  2238 05:00:04    -2396.561646        0.110542
MDMin:  2239 05:00:06    -2396.561646        0.094905
MDMin:  2240 05:00:08    -2396.561646        0.077078
MDMin:  2241 05:00:09    -2396.561646        0.077051
MDMin:  2242 05:00:11    -2396.561646        0.077017
MDMin:  2243 05:00:13    -2396.561646        0.076973
MDMin:  2244 05:00:15    -2396.561646        0.076920
MDMin:  2245 05:00:17    -2396.561646        0.076856
MDMin:  2246 05:00:19    -2396.561646        0.076783
MDMin:  2247 05:00:20    -2396.561646        0.076695
MDMin:  2248 05:00:22    -2396.561646        0.076596
MDMin:  2249 05:00:24    -2396.561647        0.126437
MDMin:  2250 05:00:27    -2396.561647        0.076360
MDMin:  2251 05:00:28    -2396.561647        0.076323
MDMin:  2252 05:00:30    -2396.561647        0.076276
MDMin:  2253 05:00:32    -2396.561647        0.076218
MDMin:  2254 05:00:34    -2396.561647        0.076150
MDMin:  2255 05:00:36    -2396.561647        0.076069
MDMin:  2256 05:00:38    -2396.561647        0.075977
MDMin:  2257 05:00:40    -2396.561647        0.075871
MDMin:  2258 05:00:42    -2396.561647        0.075752
MDMin:  2259 05:00:44    -2396.561647        0.075617
MDMin:  2260 05:00:46    -2396.561647        0.075468
MDMin:  2261 05:00:48    -2396.561647        0.102823
MDMin:  2262 05:00:50    -2396.561647        0.075140
MDMin:  2263 05:00:52    -2396.561647        0.075069
MDMin:  2264 05:00:54    -2396.561648        0.075003
MDMin:  2265 05:00:56    -2396.561648        0.074925
MDMin:  2266 05:00:58    -2396.561648        0.074833
MDMin:  2267 05:01:00    -2396.561648        0.074728
MDMin:  2268 05:01:02    -2396.561648        0.074609
MDMin:  2269 05:01:04    -2396.561648        0.074475
MDMin:  2270 05:01:06    -2396.561648        0.074326
MDMin:  2271 05:01:08    -2396.561648        0.074161
MDMin:  2272 05:01:10    -2396.561648        0.073981
MDMin:  2273 05:01:12    -2396.561648        0.073782
MDMin:  2274 05:01:14    -2396.561648        0.073569
MDMin:  2275 05:01:16    -2396.561649        0.073333
MDMin:  2276 05:01:18    -2396.561649        0.073099
MDMin:  2277 05:01:20    -2396.561649        0.072874
MDMin:  2278 05:01:22    -2396.561649        0.072722
MDMin:  2279 05:01:23    -2396.561649        0.072587
MDMin:  2280 05:01:26    -2396.561649        0.072445
MDMin:  2281 05:01:27    -2396.561649        0.072288
MDMin:  2282 05:01:29    -2396.561649        0.072115
MDMin:  2283 05:01:31    -2396.561649        0.071926
MDMin:  2284 05:01:33    -2396.561650        0.071720
MDMin:  2285 05:01:35    -2396.561650        0.071496
MDMin:  2286 05:01:36    -2396.561650        0.071254
MDMin:  2287 05:01:38    -2396.561650        0.070995
MDMin:  2288 05:01:40    -2396.561650        0.070717
MDMin:  2289 05:01:42    -2396.561650        0.070420
MDMin:  2290 05:01:43    -2396.561650        0.070104
MDMin:  2291 05:01:44    -2396.561651        0.069768
MDMin:  2292 05:01:46    -2396.561651        0.069415
MDMin:  2293 05:01:47    -2396.561651        0.069041
MDMin:  2294 05:01:48    -2396.561651        0.068652
MDMin:  2295 05:01:49    -2396.561651        0.068431
MDMin:  2296 05:01:51    -2396.561652        0.068276
MDMin:  2297 05:01:53    -2396.561652        0.068118
MDMin:  2298 05:01:54    -2396.561652        0.067960
MDMin:  2299 05:01:56    -2396.561652        0.067805
MDMin:  2300 05:01:58    -2396.561652        0.067651
MDMin:  2301 05:02:00    -2396.561653        0.067498
MDMin:  2302 05:02:02    -2396.561653        0.067340
MDMin:  2303 05:02:04    -2396.561653        0.067177
MDMin:  2304 05:02:06    -2396.561653        0.067005
MDMin:  2305 05:02:08    -2396.561653        0.066825
MDMin:  2306 05:02:10    -2396.561654        0.066636
MDMin:  2307 05:02:12    -2396.561654        0.066437
MDMin:  2308 05:02:14    -2396.561654        0.066228
MDMin:  2309 05:02:16    -2396.561654        0.066008
MDMin:  2310 05:02:18    -2396.561655        0.065778
MDMin:  2311 05:02:20    -2396.561655        0.065536
MDMin:  2312 05:02:22    -2396.561655        0.065284
MDMin:  2313 05:02:23    -2396.561656        0.065020
MDMin:  2314 05:02:26    -2396.561656        0.064744
MDMin:  2315 05:02:27    -2396.561656        0.064456
MDMin:  2316 05:02:29    -2396.561656        0.064156
MDMin:  2317 05:02:31    -2396.561657        0.063844
MDMin:  2318 05:02:33    -2396.561657        0.063519
MDMin:  2319 05:02:36    -2396.561657        0.063182
MDMin:  2320 05:02:37    -2396.561658        0.062833
MDMin:  2321 05:02:39    -2396.561658        0.062471
MDMin:  2322 05:02:42    -2396.561658        0.062096
MDMin:  2323 05:02:43    -2396.561659        0.061708
MDMin:  2324 05:02:45    -2396.561659        0.061308
MDMin:  2325 05:02:47    -2396.561660        0.060896
MDMin:  2326 05:02:49    -2396.561660        0.060471
MDMin:  2327 05:02:51    -2396.561660        0.060033
MDMin:  2328 05:02:52    -2396.561661        0.059583
MDMin:  2329 05:02:53    -2396.561661        0.059121
MDMin:  2330 05:02:54    -2396.561662        0.058648
MDMin:  2331 05:02:56    -2396.561662        0.058162
MDMin:  2332 05:02:57    -2396.561663        0.057665
MDMin:  2333 05:02:59    -2396.561663        0.057157
MDMin:  2334 05:03:01    -2396.561664        0.056754
MDMin:  2335 05:03:03    -2396.561664        0.056485
MDMin:  2336 05:03:05    -2396.561664        0.056205
MDMin:  2337 05:03:07    -2396.561665        0.055915
MDMin:  2338 05:03:08    -2396.561665        0.055613
MDMin:  2339 05:03:10    -2396.561666        0.055301
MDMin:  2340 05:03:12    -2396.561667        0.054979
MDMin:  2341 05:03:14    -2396.561667        0.054646
MDMin:  2342 05:03:16    -2396.561668        0.054303
MDMin:  2343 05:03:18    -2396.561668        0.053950
MDMin:  2344 05:03:20    -2396.561669        0.053587
MDMin:  2345 05:03:22    -2396.561669        0.053217
MDMin:  2346 05:03:24    -2396.561670        0.052841
MDMin:  2347 05:03:26    -2396.561670        0.052461
MDMin:  2348 05:03:29    -2396.561671        0.052082
MDMin:  2349 05:03:31    -2396.561671        0.051708
MDMin:  2350 05:03:34    -2396.561672        0.051345
MDMin:  2351 05:03:36    -2396.561672        0.050995
MDMin:  2352 05:03:38    -2396.561673        0.050657
MDMin:  2353 05:03:40    -2396.561673        0.050326
MDMin:  2354 05:03:42    -2396.561674        0.049998
