       Step     Time          Energy          fmax
MDMin:    0 01:55:20    -2398.701990        0.149458
MDMin:    1 01:55:22    -2398.701993        0.149449
MDMin:    2 01:55:24    -2398.702001        0.149425
MDMin:    3 01:55:26    -2398.702014        0.149384
MDMin:    4 01:55:28    -2398.702033        0.149327
MDMin:    5 01:55:30    -2398.702057        0.149254
MDMin:    6 01:55:31    -2398.702016        0.390759
MDMin:    7 01:55:33    -2398.701847        0.389607
MDMin:    8 01:55:35    -2398.701633        0.388140
MDMin:    9 01:55:37    -2398.701375        0.386354
MDMin:   10 01:55:39    -2398.701074        0.384241
MDMin:   11 01:55:41    -2398.700731        0.381794
MDMin:   12 01:55:43    -2398.700347        0.379005
MDMin:   13 01:55:45    -2398.699923        0.375864
MDMin:   14 01:55:47    -2398.699461        0.372361
MDMin:   15 01:55:49    -2398.698963        0.368485
MDMin:   16 01:55:51    -2398.698431        0.364227
MDMin:   17 01:55:53    -2398.697868        0.359579
MDMin:   18 01:55:55    -2398.697276        0.354534
MDMin:   19 01:55:57    -2398.696659        0.349087
MDMin:   20 01:55:59    -2398.696019        0.343236
MDMin:   21 01:56:01    -2398.695360        0.336982
MDMin:   22 01:56:03    -2398.694685        0.330328
MDMin:   23 01:56:05    -2398.694000        0.323281
MDMin:   24 01:56:07    -2398.693307        0.315853
MDMin:   25 01:56:09    -2398.692612        0.308055
MDMin:   26 01:56:11    -2398.691918        0.299905
MDMin:   27 01:56:13    -2398.691231        0.291422
MDMin:   28 01:56:15    -2398.690555        0.282628
MDMin:   29 01:56:17    -2398.689896        0.273548
MDMin:   30 01:56:19    -2398.689257        0.264213
MDMin:   31 01:56:21    -2398.688644        0.254653
MDMin:   32 01:56:23    -2398.688062        0.244905
MDMin:   33 01:56:25    -2398.687514        0.235006
MDMin:   34 01:56:27    -2398.687004        0.225000
MDMin:   35 01:56:29    -2398.686537        0.214932
MDMin:   36 01:56:31    -2398.686115        0.204851
MDMin:   37 01:56:33    -2398.685741        0.194809
MDMin:   38 01:56:35    -2398.685417        0.184860
MDMin:   39 01:56:37    -2398.685144        0.175058
MDMin:   40 01:56:39    -2398.684923        0.165463
MDMin:   41 01:56:41    -2398.684754        0.156130
MDMin:   42 01:56:43    -2398.684635        0.147118
MDMin:   43 01:56:45    -2398.684565        0.138480
MDMin:   44 01:56:46    -2398.684543        0.133979
MDMin:   45 01:56:48    -2398.684565        0.133177
MDMin:   46 01:56:50    -2398.684629        0.132354
MDMin:   47 01:56:53    -2398.684730        0.131510
MDMin:   48 01:56:55    -2398.684867        0.130645
MDMin:   49 01:56:56    -2398.685034        0.129758
MDMin:   50 01:56:58    -2398.685228        0.128852
MDMin:   51 01:57:00    -2398.685445        0.127925
MDMin:   52 01:57:02    -2398.685681        0.126978
MDMin:   53 01:57:04    -2398.685932        0.126011
MDMin:   54 01:57:06    -2398.686196        0.125025
MDMin:   55 01:57:08    -2398.686468        0.124019
MDMin:   56 01:57:10    -2398.686747        0.122995
MDMin:   57 01:57:12    -2398.687029        0.121952
MDMin:   58 01:57:14    -2398.687313        0.120890
MDMin:   59 01:57:16    -2398.687596        0.119811
MDMin:   60 01:57:18    -2398.687876        0.118916
MDMin:   61 01:57:20    -2398.688154        0.120050
MDMin:   62 01:57:22    -2398.688427        0.121171
MDMin:   63 01:57:24    -2398.688695        0.122278
MDMin:   64 01:57:25    -2398.688958        0.123369
MDMin:   65 01:57:27    -2398.689214        0.124442
MDMin:   66 01:57:29    -2398.689465        0.125496
MDMin:   67 01:57:31    -2398.689710        0.126528
MDMin:   68 01:57:33    -2398.689950        0.127539
MDMin:   69 01:57:35    -2398.690184        0.128526
MDMin:   70 01:57:37    -2398.690414        0.129489
MDMin:   71 01:57:39    -2398.690639        0.130427
MDMin:   72 01:57:41    -2398.690861        0.131338
MDMin:   73 01:57:43    -2398.691079        0.132223
MDMin:   74 01:57:45    -2398.691294        0.133079
MDMin:   75 01:57:47    -2398.691507        0.133906
MDMin:   76 01:57:49    -2398.691718        0.134705
MDMin:   77 01:57:51    -2398.691928        0.135473
MDMin:   78 01:57:53    -2398.692137        0.136211
MDMin:   79 01:57:55    -2398.692345        0.136918
MDMin:   80 01:57:57    -2398.692552        0.137595
MDMin:   81 01:57:59    -2398.692759        0.138239
MDMin:   82 01:58:01    -2398.692966        0.138852
MDMin:   83 01:58:02    -2398.693173        0.139431
MDMin:   84 01:58:04    -2398.693380        0.139976
MDMin:   85 01:58:06    -2398.693587        0.140485
MDMin:   86 01:58:08    -2398.693795        0.140954
MDMin:   87 01:58:09    -2398.694002        0.141377
MDMin:   88 01:58:11    -2398.694209        0.141748
MDMin:   89 01:58:13    -2398.694416        0.142060
MDMin:   90 01:58:15    -2398.694623        0.142307
MDMin:   91 01:58:17    -2398.694829        0.142481
MDMin:   92 01:58:19    -2398.695036        0.142574
MDMin:   93 01:58:21    -2398.695242        0.142575
MDMin:   94 01:58:23    -2398.695447        0.142473
MDMin:   95 01:58:25    -2398.695652        0.142260
MDMin:   96 01:58:27    -2398.695857        0.141926
MDMin:   97 01:58:29    -2398.696061        0.141464
MDMin:   98 01:58:31    -2398.696264        0.140866
MDMin:   99 01:58:33    -2398.696229        0.284474
MDMin:  100 01:58:35    -2398.694559        0.263101
MDMin:  101 01:58:37    -2398.693080        0.243892
MDMin:  102 01:58:39    -2398.691814        0.224855
MDMin:  103 01:58:41    -2398.690771        0.205717
MDMin:  104 01:58:43    -2398.689954        0.186702
MDMin:  105 01:58:45    -2398.689358        0.168168
MDMin:  106 01:58:47    -2398.688968        0.150485
MDMin:  107 01:58:49    -2398.688764        0.133997
MDMin:  108 01:58:51    -2398.688720        0.132476
MDMin:  109 01:58:53    -2398.688809        0.134561
MDMin:  110 01:58:55    -2398.689004        0.139268
MDMin:  111 01:58:57    -2398.689280        0.144303
MDMin:  112 01:58:59    -2398.689615        0.149673
MDMin:  113 01:59:01    -2398.689990        0.155380
MDMin:  114 01:59:03    -2398.690392        0.161422
MDMin:  115 01:59:05    -2398.690809        0.167794
MDMin:  116 01:59:07    -2398.691232        0.174483
MDMin:  117 01:59:09    -2398.691657        0.181467
MDMin:  118 01:59:11    -2398.692080        0.188715
MDMin:  119 01:59:13    -2398.692499        0.196183
MDMin:  120 01:59:15    -2398.692911        0.203814
MDMin:  121 01:59:16    -2398.693318        0.211536
MDMin:  122 01:59:18    -2398.693718        0.219262
MDMin:  123 01:59:20    -2398.694113        0.226891
MDMin:  124 01:59:22    -2398.694504        0.234305
MDMin:  125 01:59:24    -2398.694890        0.241373
MDMin:  126 01:59:26    -2398.695272        0.247956
MDMin:  127 01:59:28    -2398.695652        0.253906
MDMin:  128 01:59:30    -2398.696030        0.259075
MDMin:  129 01:59:32    -2398.696408        0.263317
MDMin:  130 01:59:34    -2398.696785        0.266494
MDMin:  131 01:59:36    -2398.697162        0.268489
MDMin:  132 01:59:38    -2398.697541        0.269239
MDMin:  133 01:59:40    -2398.697922        0.268698
MDMin:  134 01:59:42    -2398.698305        0.266838
MDMin:  135 01:59:44    -2398.698691        0.263671
MDMin:  136 01:59:46    -2398.699081        0.259244
MDMin:  137 01:59:48    -2398.699475        0.253647
MDMin:  138 01:59:50    -2398.699872        0.246998
MDMin:  139 01:59:52    -2398.700274        0.239447
MDMin:  140 01:59:54    -2398.700681        0.231167
MDMin:  141 01:59:56    -2398.701090        0.222360
MDMin:  142 01:59:58    -2398.701499        0.213271
MDMin:  143 02:00:00    -2398.701897        0.204358
MDMin:  144 02:00:02    -2398.702248        0.196498
MDMin:  145 02:00:04    -2398.702428        0.190904
MDMin:  146 02:00:06    -2398.702481        0.187870
MDMin:  147 02:00:08    -2398.702535        0.184762
MDMin:  148 02:00:10    -2398.702590        0.181583
MDMin:  149 02:00:12    -2398.702647        0.178341
MDMin:  150 02:00:14    -2398.702705        0.175045
MDMin:  151 02:00:16    -2398.702765        0.171704
MDMin:  152 02:00:18    -2398.702826        0.168327
MDMin:  153 02:00:20    -2398.702889        0.164924
MDMin:  154 02:00:22    -2398.702953        0.161507
MDMin:  155 02:00:24    -2398.703018        0.158084
MDMin:  156 02:00:26    -2398.703085        0.154667
MDMin:  157 02:00:28    -2398.703154        0.151265
MDMin:  158 02:00:30    -2398.703224        0.147889
MDMin:  159 02:00:32    -2398.703295        0.144548
MDMin:  160 02:00:34    -2398.703367        0.141252
MDMin:  161 02:00:36    -2398.703441        0.138010
MDMin:  162 02:00:38    -2398.703516        0.134829
MDMin:  163 02:00:40    -2398.703593        0.131719
MDMin:  164 02:00:42    -2398.703670        0.128686
MDMin:  165 02:00:44    -2398.703749        0.125737
MDMin:  166 02:00:46    -2398.703829        0.122878
MDMin:  167 02:00:48    -2398.703910        0.120116
MDMin:  168 02:00:50    -2398.703992        0.117456
MDMin:  169 02:00:52    -2398.704075        0.114902
MDMin:  170 02:00:54    -2398.704159        0.112459
MDMin:  171 02:00:56    -2398.704244        0.110130
MDMin:  172 02:00:58    -2398.704329        0.107918
MDMin:  173 02:01:00    -2398.704416        0.105827
MDMin:  174 02:01:01    -2398.704503        0.103858
MDMin:  175 02:01:03    -2398.704591        0.102581
MDMin:  176 02:01:05    -2398.704680        0.101967
MDMin:  177 02:01:07    -2398.704769        0.101337
MDMin:  178 02:01:09    -2398.704859        0.100693
MDMin:  179 02:01:11    -2398.704949        0.100034
MDMin:  180 02:01:13    -2398.705039        0.099360
MDMin:  181 02:01:15    -2398.705130        0.098671
MDMin:  182 02:01:17    -2398.705222        0.097966
MDMin:  183 02:01:19    -2398.705313        0.097245
MDMin:  184 02:01:21    -2398.705405        0.096508
MDMin:  185 02:01:23    -2398.705497        0.095755
MDMin:  186 02:01:25    -2398.705589        0.095625
MDMin:  187 02:01:27    -2398.705681        0.095999
MDMin:  188 02:01:29    -2398.705773        0.096412
MDMin:  189 02:01:31    -2398.705865        0.096865
MDMin:  190 02:01:33    -2398.705957        0.097359
MDMin:  191 02:01:35    -2398.706048        0.097894
MDMin:  192 02:01:37    -2398.706140        0.098471
MDMin:  193 02:01:39    -2398.706231        0.099088
MDMin:  194 02:01:41    -2398.706321        0.099744
MDMin:  195 02:01:43    -2398.706412        0.100436
MDMin:  196 02:01:45    -2398.706502        0.101163
MDMin:  197 02:01:47    -2398.706591        0.101921
MDMin:  198 02:01:49    -2398.706680        0.102709
MDMin:  199 02:01:51    -2398.706768        0.103520
MDMin:  200 02:01:53    -2398.706855        0.104351
MDMin:  201 02:01:54    -2398.706942        0.105195
MDMin:  202 02:01:56    -2398.707028        0.106046
MDMin:  203 02:01:57    -2398.707113        0.106897
MDMin:  204 02:01:59    -2398.707198        0.107742
MDMin:  205 02:02:01    -2398.707282        0.108574
MDMin:  206 02:02:03    -2398.707364        0.109386
MDMin:  207 02:02:05    -2398.707446        0.110173
MDMin:  208 02:02:07    -2398.707526        0.110921
MDMin:  209 02:02:09    -2398.707601        0.111598
MDMin:  210 02:02:11    -2398.707661        0.112118
MDMin:  211 02:02:13    -2398.707696        0.112417
MDMin:  212 02:02:15    -2398.707724        0.112792
MDMin:  213 02:02:17    -2398.707753        0.113466
MDMin:  214 02:02:19    -2398.707782        0.114157
MDMin:  215 02:02:21    -2398.707811        0.114865
MDMin:  216 02:02:23    -2398.707840        0.115591
MDMin:  217 02:02:25    -2398.707870        0.116333
MDMin:  218 02:02:27    -2398.707900        0.117092
MDMin:  219 02:02:29    -2398.707931        0.117867
MDMin:  220 02:02:31    -2398.707962        0.118659
MDMin:  221 02:02:33    -2398.707993        0.119467
MDMin:  222 02:02:35    -2398.708024        0.120291
MDMin:  223 02:02:37    -2398.708056        0.121130
MDMin:  224 02:02:39    -2398.708088        0.121984
MDMin:  225 02:02:41    -2398.708120        0.122853
MDMin:  226 02:02:43    -2398.708153        0.123736
MDMin:  227 02:02:45    -2398.708185        0.124633
MDMin:  228 02:02:47    -2398.708218        0.125543
MDMin:  229 02:02:49    -2398.708251        0.126466
MDMin:  230 02:02:51    -2398.708285        0.127401
MDMin:  231 02:02:53    -2398.708318        0.128348
MDMin:  232 02:02:55    -2398.708352        0.129306
MDMin:  233 02:02:57    -2398.708386        0.130273
MDMin:  234 02:02:59    -2398.708420        0.131251
MDMin:  235 02:03:01    -2398.708454        0.132237
MDMin:  236 02:03:03    -2398.708489        0.133230
MDMin:  237 02:03:05    -2398.708523        0.134231
MDMin:  238 02:03:07    -2398.708558        0.135237
MDMin:  239 02:03:09    -2398.708592        0.136247
MDMin:  240 02:03:11    -2398.708627        0.137261
MDMin:  241 02:03:13    -2398.708662        0.138277
MDMin:  242 02:03:15    -2398.708697        0.139293
MDMin:  243 02:03:17    -2398.708732        0.140309
MDMin:  244 02:03:19    -2398.708767        0.141323
MDMin:  245 02:03:21    -2398.708802        0.142332
MDMin:  246 02:03:23    -2398.708837        0.143337
MDMin:  247 02:03:25    -2398.708872        0.144335
MDMin:  248 02:03:27    -2398.708906        0.145324
MDMin:  249 02:03:28    -2398.708941        0.146304
MDMin:  250 02:03:29    -2398.708976        0.147273
MDMin:  251 02:03:31    -2398.709011        0.148229
MDMin:  252 02:03:32    -2398.709045        0.149173
MDMin:  253 02:03:33    -2398.709080        0.150103
MDMin:  254 02:03:35    -2398.709114        0.151018
MDMin:  255 02:03:37    -2398.709149        0.153218
MDMin:  256 02:03:39    -2398.709183        0.154435
MDMin:  257 02:03:41    -2398.709218        0.154476
MDMin:  258 02:03:43    -2398.709253        0.154534
MDMin:  259 02:03:45    -2398.709287        0.155377
MDMin:  260 02:03:47    -2398.709323        0.156207
MDMin:  261 02:03:49    -2398.709358        0.157025
MDMin:  262 02:03:51    -2398.709394        0.157829
MDMin:  263 02:03:53    -2398.709431        0.158621
MDMin:  264 02:03:55    -2398.709467        0.159400
MDMin:  265 02:03:57    -2398.709505        0.160165
MDMin:  266 02:03:59    -2398.709543        0.160917
MDMin:  267 02:04:01    -2398.709581        0.161653
MDMin:  268 02:04:03    -2398.709620        0.162373
MDMin:  269 02:04:04    -2398.709660        0.163075
MDMin:  270 02:04:06    -2398.709700        0.163760
MDMin:  271 02:04:08    -2398.709741        0.164426
MDMin:  272 02:04:10    -2398.709783        0.165072
MDMin:  273 02:04:12    -2398.709825        0.165697
MDMin:  274 02:04:14    -2398.709867        0.166300
MDMin:  275 02:04:16    -2398.709911        0.166881
MDMin:  276 02:04:18    -2398.709955        0.167438
MDMin:  277 02:04:20    -2398.709999        0.167969
MDMin:  278 02:04:22    -2398.710044        0.168472
MDMin:  279 02:04:24    -2398.710090        0.168943
MDMin:  280 02:04:26    -2398.710137        0.169378
MDMin:  281 02:04:29    -2398.710184        0.169773
MDMin:  282 02:04:31    -2398.710232        0.170121
MDMin:  283 02:04:33    -2398.710281        0.170416
MDMin:  284 02:04:35    -2398.710330        0.170650
MDMin:  285 02:04:37    -2398.710381        0.170815
MDMin:  286 02:04:39    -2398.710432        0.170899
MDMin:  287 02:04:41    -2398.710483        0.170891
MDMin:  288 02:04:43    -2398.710536        0.170778
MDMin:  289 02:04:45    -2398.710590        0.170545
MDMin:  290 02:04:47    -2398.710644        0.170175
MDMin:  291 02:04:49    -2398.710700        0.169651
MDMin:  292 02:04:51    -2398.710757        0.168956
MDMin:  293 02:04:53    -2398.710814        0.168070
MDMin:  294 02:04:55    -2398.710873        0.166974
MDMin:  295 02:04:57    -2398.710933        0.165650
MDMin:  296 02:04:59    -2398.710995        0.164080
MDMin:  297 02:05:01    -2398.711058        0.162248
MDMin:  298 02:05:03    -2398.711122        0.160139
MDMin:  299 02:05:05    -2398.711188        0.157741
MDMin:  300 02:05:07    -2398.711255        0.155048
MDMin:  301 02:05:08    -2398.711324        0.152055
MDMin:  302 02:05:11    -2398.711396        0.148765
MDMin:  303 02:05:13    -2398.711469        0.147860
MDMin:  304 02:05:14    -2398.711544        0.147703
MDMin:  305 02:05:16    -2398.711622        0.147384
MDMin:  306 02:05:18    -2398.711702        0.146898
MDMin:  307 02:05:20    -2398.711784        0.146241
MDMin:  308 02:05:22    -2398.711869        0.145411
MDMin:  309 02:05:24    -2398.711957        0.144411
MDMin:  310 02:05:26    -2398.712048        0.143256
MDMin:  311 02:05:28    -2398.712136        0.142011
MDMin:  312 02:05:30    -2398.712208        0.143897
MDMin:  313 02:05:32    -2398.712245        0.140359
MDMin:  314 02:05:34    -2398.712276        0.139863
MDMin:  315 02:05:36    -2398.712308        0.139348
MDMin:  316 02:05:37    -2398.712341        0.138811
MDMin:  317 02:05:39    -2398.712374        0.138252
MDMin:  318 02:05:40    -2398.712409        0.137671
MDMin:  319 02:05:41    -2398.712445        0.137068
MDMin:  320 02:05:42    -2398.712482        0.136443
MDMin:  321 02:05:44    -2398.712521        0.135797
MDMin:  322 02:05:45    -2398.712560        0.135128
MDMin:  323 02:05:46    -2398.712600        0.134438
MDMin:  324 02:05:48    -2398.712642        0.133728
MDMin:  325 02:05:49    -2398.712685        0.132996
MDMin:  326 02:05:50    -2398.712729        0.132245
MDMin:  327 02:05:51    -2398.712775        0.131474
MDMin:  328 02:05:53    -2398.712822        0.130684
MDMin:  329 02:05:54    -2398.712870        0.129876
MDMin:  330 02:05:55    -2398.712920        0.129050
MDMin:  331 02:05:57    -2398.712971        0.128208
MDMin:  332 02:05:58    -2398.713024        0.127350
MDMin:  333 02:06:00    -2398.713078        0.126477
MDMin:  334 02:06:02    -2398.713133        0.125591
MDMin:  335 02:06:04    -2398.713191        0.124692
MDMin:  336 02:06:06    -2398.713250        0.123783
MDMin:  337 02:06:08    -2398.713310        0.122863
MDMin:  338 02:06:10    -2398.713373        0.121934
MDMin:  339 02:06:12    -2398.713437        0.120998
MDMin:  340 02:06:14    -2398.713503        0.120056
MDMin:  341 02:06:15    -2398.713571        0.119109
MDMin:  342 02:06:17    -2398.713640        0.118159
MDMin:  343 02:06:19    -2398.713712        0.117844
MDMin:  344 02:06:21    -2398.713786        0.117649
MDMin:  345 02:06:23    -2398.713862        0.117451
MDMin:  346 02:06:25    -2398.713939        0.117252
MDMin:  347 02:06:27    -2398.714020        0.117051
MDMin:  348 02:06:29    -2398.714102        0.116850
MDMin:  349 02:06:31    -2398.714186        0.116648
MDMin:  350 02:06:33    -2398.714273        0.116447
MDMin:  351 02:06:35    -2398.714362        0.116246
MDMin:  352 02:06:37    -2398.714454        0.116047
MDMin:  353 02:06:39    -2398.714548        0.115849
MDMin:  354 02:06:41    -2398.714645        0.115653
MDMin:  355 02:06:43    -2398.714744        0.115459
MDMin:  356 02:06:45    -2398.714846        0.115268
MDMin:  357 02:06:47    -2398.714950        0.115080
MDMin:  358 02:06:49    -2398.715058        0.114898
MDMin:  359 02:06:51    -2398.715168        0.114721
MDMin:  360 02:06:53    -2398.715281        0.114550
MDMin:  361 02:06:55    -2398.715396        0.114387
MDMin:  362 02:06:57    -2398.715515        0.114231
MDMin:  363 02:06:59    -2398.715637        0.114084
MDMin:  364 02:07:01    -2398.715761        0.113947
MDMin:  365 02:07:03    -2398.715889        0.113820
MDMin:  366 02:07:05    -2398.716019        0.113706
MDMin:  367 02:07:07    -2398.716153        0.113604
MDMin:  368 02:07:09    -2398.716290        0.113515
MDMin:  369 02:07:11    -2398.716430        0.113442
MDMin:  370 02:07:13    -2398.716574        0.113384
MDMin:  371 02:07:15    -2398.716720        0.113343
MDMin:  372 02:07:17    -2398.716870        0.113321
MDMin:  373 02:07:19    -2398.717023        0.113317
MDMin:  374 02:07:20    -2398.717179        0.113335
MDMin:  375 02:07:22    -2398.717339        0.113374
MDMin:  376 02:07:24    -2398.717502        0.113436
MDMin:  377 02:07:26    -2398.717668        0.113523
MDMin:  378 02:07:28    -2398.717837        0.113635
MDMin:  379 02:07:30    -2398.718010        0.113775
MDMin:  380 02:07:32    -2398.718186        0.113944
MDMin:  381 02:07:34    -2398.718365        0.114142
MDMin:  382 02:07:36    -2398.718547        0.114372
MDMin:  383 02:07:38    -2398.718732        0.114634
MDMin:  384 02:07:40    -2398.718919        0.114930
MDMin:  385 02:07:42    -2398.719106        0.115257
MDMin:  386 02:07:44    -2398.719283        0.115594
MDMin:  387 02:07:46    -2398.719421        0.115881
MDMin:  388 02:07:48    -2398.719509        0.116074
MDMin:  389 02:07:50    -2398.719586        0.116249
MDMin:  390 02:07:52    -2398.719664        0.116431
MDMin:  391 02:07:54    -2398.719743        0.116624
MDMin:  392 02:07:56    -2398.719824        0.116827
MDMin:  393 02:07:58    -2398.719907        0.117042
MDMin:  394 02:08:00    -2398.719992        0.117268
MDMin:  395 02:08:02    -2398.720078        0.117507
MDMin:  396 02:08:04    -2398.720166        0.117758
MDMin:  397 02:08:06    -2398.720256        0.118022
MDMin:  398 02:08:08    -2398.720347        0.118301
MDMin:  399 02:08:10    -2398.720440        0.118594
MDMin:  400 02:08:12    -2398.720535        0.118902
MDMin:  401 02:08:14    -2398.720632        0.119226
MDMin:  402 02:08:16    -2398.720730        0.119566
MDMin:  403 02:08:18    -2398.720830        0.119924
MDMin:  404 02:08:20    -2398.720932        0.120299
MDMin:  405 02:08:22    -2398.721035        0.120693
MDMin:  406 02:08:24    -2398.721140        0.121107
MDMin:  407 02:08:26    -2398.721247        0.121542
MDMin:  408 02:08:28    -2398.721355        0.121997
MDMin:  409 02:08:30    -2398.721465        0.122475
MDMin:  410 02:08:32    -2398.721577        0.122976
MDMin:  411 02:08:34    -2398.721690        0.123501
MDMin:  412 02:08:36    -2398.721805        0.124051
MDMin:  413 02:08:38    -2398.721921        0.124628
MDMin:  414 02:08:40    -2398.722039        0.125232
MDMin:  415 02:08:42    -2398.722159        0.125865
MDMin:  416 02:08:44    -2398.722280        0.126528
MDMin:  417 02:08:46    -2398.722402        0.127221
MDMin:  418 02:08:48    -2398.722526        0.127948
MDMin:  419 02:08:49    -2398.722651        0.128708
MDMin:  420 02:08:51    -2398.722778        0.129504
MDMin:  421 02:08:53    -2398.722906        0.130337
MDMin:  422 02:08:56    -2398.723035        0.131208
MDMin:  423 02:08:57    -2398.723166        0.132119
MDMin:  424 02:08:59    -2398.723297        0.133072
MDMin:  425 02:09:01    -2398.723430        0.134069
MDMin:  426 02:09:03    -2398.723564        0.135111
MDMin:  427 02:09:05    -2398.723700        0.136200
MDMin:  428 02:09:07    -2398.723836        0.137338
MDMin:  429 02:09:09    -2398.723973        0.138528
MDMin:  430 02:09:10    -2398.724111        0.139771
MDMin:  431 02:09:12    -2398.724250        0.141069
MDMin:  432 02:09:13    -2398.724389        0.142424
MDMin:  433 02:09:15    -2398.724530        0.143838
MDMin:  434 02:09:17    -2398.724671        0.145314
MDMin:  435 02:09:19    -2398.724813        0.146853
MDMin:  436 02:09:21    -2398.724955        0.148457
MDMin:  437 02:09:23    -2398.725098        0.150129
MDMin:  438 02:09:25    -2398.725241        0.151893
MDMin:  439 02:09:27    -2398.725385        0.153936
MDMin:  440 02:09:29    -2398.725529        0.156665
MDMin:  441 02:09:31    -2398.725673        0.159491
MDMin:  442 02:09:33    -2398.725817        0.162420
MDMin:  443 02:09:35    -2398.725962        0.165459
MDMin:  444 02:09:37    -2398.726106        0.168609
MDMin:  445 02:09:39    -2398.726250        0.171874
MDMin:  446 02:09:41    -2398.726394        0.175259
MDMin:  447 02:09:43    -2398.726538        0.178766
MDMin:  448 02:09:45    -2398.726682        0.182402
MDMin:  449 02:09:47    -2398.726825        0.186170
MDMin:  450 02:09:49    -2398.726968        0.190076
MDMin:  451 02:09:51    -2398.727110        0.194128
MDMin:  452 02:09:53    -2398.727252        0.198331
MDMin:  453 02:09:55    -2398.727393        0.202695
MDMin:  454 02:09:57    -2398.727534        0.207229
MDMin:  455 02:09:59    -2398.727673        0.211943
MDMin:  456 02:10:01    -2398.727812        0.216849
MDMin:  457 02:10:03    -2398.727950        0.221968
MDMin:  458 02:10:05    -2398.728087        0.227314
MDMin:  459 02:10:07    -2398.728223        0.232902
MDMin:  460 02:10:09    -2398.728358        0.238747
MDMin:  461 02:10:11    -2398.728492        0.244866
MDMin:  462 02:10:13    -2398.728624        0.251271
MDMin:  463 02:10:15    -2398.728756        0.257977
MDMin:  464 02:10:17    -2398.728886        0.264995
MDMin:  465 02:10:19    -2398.729015        0.272331
MDMin:  466 02:10:21    -2398.729142        0.279989
MDMin:  467 02:10:23    -2398.729268        0.287962
MDMin:  468 02:10:25    -2398.729392        0.296237
MDMin:  469 02:10:27    -2398.729515        0.304789
MDMin:  470 02:10:29    -2398.729637        0.313576
MDMin:  471 02:10:30    -2398.729756        0.322541
MDMin:  472 02:10:32    -2398.729875        0.331611
MDMin:  473 02:10:34    -2398.729991        0.340696
MDMin:  474 02:10:37    -2398.730107        0.349676
MDMin:  475 02:10:39    -2398.730220        0.358405
MDMin:  476 02:10:41    -2398.730332        0.366710
MDMin:  477 02:10:43    -2398.730443        0.374395
MDMin:  478 02:10:45    -2398.730553        0.381240
MDMin:  479 02:10:47    -2398.730661        0.387006
MDMin:  480 02:10:49    -2398.730768        0.391446
MDMin:  481 02:10:50    -2398.730875        0.394308
MDMin:  482 02:10:52    -2398.730980        0.395355
MDMin:  483 02:10:54    -2398.731086        0.394374
MDMin:  484 02:10:56    -2398.731190        0.391194
MDMin:  485 02:10:58    -2398.731295        0.385706
MDMin:  486 02:11:00    -2398.731400        0.377874
MDMin:  487 02:11:02    -2398.731505        0.381804
MDMin:  488 02:11:04    -2398.731611        0.393228
MDMin:  489 02:11:06    -2398.731717        0.405772
MDMin:  490 02:11:08    -2398.731824        0.419674
MDMin:  491 02:11:10    -2398.731931        0.435208
MDMin:  492 02:11:12    -2398.732039        0.452707
MDMin:  493 02:11:14    -2398.732147        0.472563
MDMin:  494 02:11:16    -2398.732254        0.495226
MDMin:  495 02:11:18    -2398.732360        0.521188
MDMin:  496 02:11:20    -2398.732464        0.550957
MDMin:  497 02:11:22    -2398.732566        0.585000
MDMin:  498 02:11:24    -2398.732665        0.623661
MDMin:  499 02:11:26    -2398.732761        0.667025
MDMin:  500 02:11:28    -2398.732852        0.714757
MDMin:  501 02:11:30    -2398.732939        0.765909
MDMin:  502 02:11:32    -2398.733022        0.818778
MDMin:  503 02:11:34    -2398.733101        0.870871
MDMin:  504 02:11:36    -2398.733177        0.919078
MDMin:  505 02:11:38    -2398.733249        0.960084
MDMin:  506 02:11:40    -2398.733320        0.990937
MDMin:  507 02:11:42    -2398.733389        1.009586
MDMin:  508 02:11:44    -2398.733457        1.015196
MDMin:  509 02:11:46    -2398.733525        1.008113
MDMin:  510 02:11:48    -2398.733593        0.989566
MDMin:  511 02:11:50    -2398.733663        0.961306
MDMin:  512 02:11:52    -2398.733734        0.925341
MDMin:  513 02:11:54    -2398.733807        0.883824
MDMin:  514 02:11:56    -2398.733882        0.839008
MDMin:  515 02:11:58    -2398.733959        0.793161
MDMin:  516 02:12:00    -2398.734039        0.748412
MDMin:  517 02:12:02    -2398.734121        0.711029
MDMin:  518 02:12:04    -2398.734206        0.705137
MDMin:  519 02:12:06    -2398.734293        0.696276
MDMin:  520 02:12:08    -2398.734383        0.685000
MDMin:  521 02:12:10    -2398.734475        0.671528
MDMin:  522 02:12:12    -2398.734569        0.655856
MDMin:  523 02:12:14    -2398.734665        0.637811
MDMin:  524 02:12:15    -2398.734762        0.617015
MDMin:  525 02:12:17    -2398.734862        0.592931
MDMin:  526 02:12:19    -2398.734963        0.564928
MDMin:  527 02:12:21    -2398.735066        0.567391
MDMin:  528 02:12:22    -2398.735172        0.570541
MDMin:  529 02:12:24    -2398.735279        0.572885
MDMin:  530 02:12:25    -2398.735389        0.574480
MDMin:  531 02:12:27    -2398.735501        0.575377
MDMin:  532 02:12:28    -2398.735616        0.575707
MDMin:  533 02:12:29    -2398.735734        0.575764
MDMin:  534 02:12:31    -2398.735855        0.576017
MDMin:  535 02:12:33    -2398.735980        0.577159
MDMin:  536 02:12:35    -2398.736107        0.580119
MDMin:  537 02:12:37    -2398.736238        0.586069
MDMin:  538 02:12:39    -2398.736371        0.596408
MDMin:  539 02:12:41    -2398.736506        0.612739
MDMin:  540 02:12:43    -2398.736641        0.636823
MDMin:  541 02:12:45    -2398.736776        0.670443
MDMin:  542 02:12:47    -2398.736906        0.715009
MDMin:  543 02:12:49    -2398.737032        0.770648
MDMin:  544 02:12:51    -2398.737150        0.834749
MDMin:  545 02:12:53    -2398.737260        0.900707
MDMin:  546 02:12:55    -2398.737363        0.958474
MDMin:  547 02:12:57    -2398.737460        0.997858
MDMin:  548 02:12:59    -2398.737553        1.012661
MDMin:  549 02:13:01    -2398.737644        1.002168
MDMin:  550 02:13:03    -2398.737735        0.969260
MDMin:  551 02:13:04    -2398.737826        0.918051
MDMin:  552 02:13:06    -2398.737919        0.853266
MDMin:  553 02:13:08    -2398.738015        0.780619
MDMin:  554 02:13:10    -2398.738113        0.765535
MDMin:  555 02:13:12    -2398.738214        0.774307
MDMin:  556 02:13:14    -2398.738319        0.775972
MDMin:  557 02:13:16    -2398.738427        0.772853
MDMin:  558 02:13:18    -2398.738537        0.767029
MDMin:  559 02:13:20    -2398.738650        0.760134
MDMin:  560 02:13:22    -2398.738765        0.753113
MDMin:  561 02:13:24    -2398.738883        0.746436
MDMin:  562 02:13:26    -2398.739001        0.740057
MDMin:  563 02:13:28    -2398.739121        0.733292
MDMin:  564 02:13:30    -2398.739242        0.724680
MDMin:  565 02:13:32    -2398.739362        0.711805
MDMin:  566 02:13:34    -2398.739483        0.691069
MDMin:  567 02:13:36    -2398.739603        0.657639
MDMin:  568 02:13:38    -2398.739722        0.609198
MDMin:  569 02:13:40    -2398.739840        0.674665
MDMin:  570 02:13:42    -2398.739958        0.733972
MDMin:  571 02:13:44    -2398.740067        0.768821
MDMin:  572 02:13:46    -2398.737314        0.759432
MDMin:  573 02:13:48    -2398.734794        0.708569
MDMin:  574 02:13:50    -2398.732495        0.611324
MDMin:  575 02:13:52    -2398.730392        0.478259
MDMin:  576 02:13:54    -2398.728457        0.508908
MDMin:  577 02:13:55    -2398.727059        1.019399
MDMin:  578 02:13:57    -2398.726662        1.396399
MDMin:  579 02:13:59    -2398.726415        1.308642
MDMin:  580 02:14:01    -2398.726201        1.211817
MDMin:  581 02:14:03    -2398.725995        1.254746
MDMin:  582 02:14:05    -2398.725791        1.197020
MDMin:  583 02:14:07    -2398.725584        1.057101
MDMin:  584 02:14:09    -2398.725373        0.863869
MDMin:  585 02:14:11    -2398.725159        0.654031
MDMin:  586 02:14:13    -2398.724950        0.541070
MDMin:  587 02:14:15    -2398.724754        0.497824
MDMin:  588 02:14:17    -2398.724583        0.435367
MDMin:  589 02:14:19    -2398.724442        0.410006
MDMin:  590 02:14:21    -2398.724329        0.437435
MDMin:  591 02:14:23    -2398.724242        0.446019
MDMin:  592 02:14:25    -2398.724178        0.434814
MDMin:  593 02:14:27    -2398.724133        0.406339
MDMin:  594 02:14:29    -2398.724107        0.364996
MDMin:  595 02:14:31    -2398.724099        0.317579
MDMin:  596 02:14:33    -2398.724110        0.280651
MDMin:  597 02:14:35    -2398.724140        0.264014
MDMin:  598 02:14:37    -2398.724188        0.244626
MDMin:  599 02:14:38    -2398.724253        0.235486
MDMin:  600 02:14:40    -2398.724329        0.975598
MDMin:  601 02:14:42    -2398.724339        1.586651
MDMin:  602 02:14:44    -2398.724346        1.522958
MDMin:  603 02:14:46    -2398.724353        1.220038
MDMin:  604 02:14:48    -2398.724361        1.164884
MDMin:  605 02:14:50    -2398.724371        1.034066
MDMin:  606 02:14:52    -2398.724383        0.811752
MDMin:  607 02:14:54    -2398.724400        0.547544
MDMin:  608 02:14:56    -2398.724421        0.304255
MDMin:  609 02:14:58    -2398.724448        0.273683
MDMin:  610 02:15:00    -2398.724476        0.255340
MDMin:  611 02:15:02    -2398.724505        0.246422
MDMin:  612 02:15:04    -2398.724535        0.241513
MDMin:  613 02:15:06    -2398.724565        0.241731
MDMin:  614 02:15:08    -2398.724597        0.241966
MDMin:  615 02:15:10    -2398.724631        0.242284
MDMin:  616 02:15:12    -2398.724666        0.242712
MDMin:  617 02:15:14    -2398.724702        0.243258
MDMin:  618 02:15:16    -2398.724739        0.243926
MDMin:  619 02:15:18    -2398.724778        0.244719
MDMin:  620 02:15:20    -2398.724817        0.245640
MDMin:  621 02:15:22    -2398.724858        0.246692
MDMin:  622 02:15:24    -2398.724899        0.247875
MDMin:  623 02:15:26    -2398.724940        0.249192
MDMin:  624 02:15:28    -2398.724982        0.250643
MDMin:  625 02:15:30    -2398.725024        0.252231
MDMin:  626 02:15:32    -2398.725067        0.253957
MDMin:  627 02:15:34    -2398.725109        0.255819
MDMin:  628 02:15:36    -2398.725151        0.257828
MDMin:  629 02:15:38    -2398.725192        0.259936
MDMin:  630 02:15:40    -2398.725233        0.262388
MDMin:  631 02:15:42    -2398.725262        0.625579
MDMin:  632 02:15:44    -2398.725262        0.591983
MDMin:  633 02:15:46    -2398.725263        0.495087
MDMin:  634 02:15:48    -2398.725265        0.351820
MDMin:  635 02:15:49    -2398.725268        0.264024
MDMin:  636 02:15:51    -2398.725272        0.264432
MDMin:  637 02:15:53    -2398.725278        0.264855
MDMin:  638 02:15:55    -2398.725284        0.265275
MDMin:  639 02:15:57    -2398.725291        0.265720
MDMin:  640 02:15:59    -2398.725298        0.266207
MDMin:  641 02:16:01    -2398.725306        0.266742
MDMin:  642 02:16:03    -2398.725315        0.267326
MDMin:  643 02:16:05    -2398.725324        0.267961
MDMin:  644 02:16:07    -2398.725334        0.268647
MDMin:  645 02:16:09    -2398.725345        0.269386
MDMin:  646 02:16:11    -2398.725356        0.270180
MDMin:  647 02:16:13    -2398.725367        0.271029
MDMin:  648 02:16:15    -2398.725379        0.271935
MDMin:  649 02:16:17    -2398.725392        0.272899
MDMin:  650 02:16:19    -2398.725405        0.273923
MDMin:  651 02:16:20    -2398.725418        0.275009
MDMin:  652 02:16:21    -2398.725432        0.276159
MDMin:  653 02:16:23    -2398.725446        0.277373
MDMin:  654 02:16:25    -2398.725461        0.278654
MDMin:  655 02:16:27    -2398.725476        0.280004
MDMin:  656 02:16:29    -2398.725491        0.281424
MDMin:  657 02:16:31    -2398.725507        0.282917
MDMin:  658 02:16:32    -2398.725523        0.284484
MDMin:  659 02:16:34    -2398.725539        0.286128
MDMin:  660 02:16:36    -2398.725555        0.287851
MDMin:  661 02:16:38    -2398.725572        0.289655
MDMin:  662 02:16:40    -2398.725588        0.291543
MDMin:  663 02:16:42    -2398.725605        0.293516
MDMin:  664 02:16:44    -2398.725622        0.295579
MDMin:  665 02:16:46    -2398.725640        0.297733
MDMin:  666 02:16:48    -2398.725657        0.299983
MDMin:  667 02:16:50    -2398.725674        0.302331
MDMin:  668 02:16:52    -2398.725692        0.304781
MDMin:  669 02:16:53    -2398.725710        0.307337
MDMin:  670 02:16:55    -2398.725727        0.310005
MDMin:  671 02:16:57    -2398.725745        0.312788
MDMin:  672 02:16:59    -2398.725763        0.315692
MDMin:  673 02:17:01    -2398.725781        0.318724
MDMin:  674 02:17:03    -2398.725799        0.321890
MDMin:  675 02:17:05    -2398.725816        0.325198
MDMin:  676 02:17:07    -2398.725834        0.328658
MDMin:  677 02:17:09    -2398.725852        0.332279
MDMin:  678 02:17:11    -2398.725870        0.336071
MDMin:  679 02:17:13    -2398.725888        0.340048
MDMin:  680 02:17:15    -2398.725906        0.344224
MDMin:  681 02:17:17    -2398.725924        0.348615
MDMin:  682 02:17:19    -2398.725942        0.353253
MDMin:  683 02:17:21    -2398.725960        0.358162
MDMin:  684 02:17:23    -2398.725978        0.363365
MDMin:  685 02:17:25    -2398.725996        0.368887
MDMin:  686 02:17:27    -2398.726014        0.374755
MDMin:  687 02:17:29    -2398.726032        0.380999
MDMin:  688 02:17:31    -2398.726050        0.387652
MDMin:  689 02:17:33    -2398.726067        0.394751
MDMin:  690 02:17:35    -2398.726085        0.402336
MDMin:  691 02:17:37    -2398.726103        0.410450
MDMin:  692 02:17:39    -2398.726120        0.419145
MDMin:  693 02:17:41    -2398.726138        0.428472
MDMin:  694 02:17:43    -2398.726155        0.438494
MDMin:  695 02:17:45    -2398.726173        0.449277
MDMin:  696 02:17:47    -2398.726190        0.460896
MDMin:  697 02:17:49    -2398.726207        0.473434
MDMin:  698 02:17:51    -2398.726224        0.486984
MDMin:  699 02:17:53    -2398.726241        0.501645
MDMin:  700 02:17:55    -2398.726258        0.517529
MDMin:  701 02:17:57    -2398.726274        0.534750
MDMin:  702 02:17:59    -2398.726290        0.553425
MDMin:  703 02:18:01    -2398.726306        0.573669
MDMin:  704 02:18:03    -2398.726322        0.595578
MDMin:  705 02:18:05    -2398.726337        0.619220
MDMin:  706 02:18:07    -2398.726353        0.644613
MDMin:  707 02:18:09    -2398.726368        0.671704
MDMin:  708 02:18:11    -2398.726382        0.700337
MDMin:  709 02:18:13    -2398.726397        0.730233
MDMin:  710 02:18:15    -2398.726411        0.760966
MDMin:  711 02:18:17    -2398.726424        0.791950
MDMin:  712 02:18:19    -2398.726438        0.822455
MDMin:  713 02:18:21    -2398.726451        0.851633
MDMin:  714 02:18:23    -2398.726464        0.878575
MDMin:  715 02:18:25    -2398.726478        0.902388
MDMin:  716 02:18:27    -2398.726491        0.922267
MDMin:  717 02:18:29    -2398.726504        0.937567
MDMin:  718 02:18:31    -2398.726517        0.947828
MDMin:  719 02:18:33    -2398.726530        0.952763
MDMin:  720 02:18:35    -2398.726543        0.952216
MDMin:  721 02:18:37    -2398.726557        0.946097
MDMin:  722 02:18:39    -2398.726571        0.934328
MDMin:  723 02:18:41    -2398.726585        0.916841
MDMin:  724 02:18:43    -2398.726600        0.893617
MDMin:  725 02:18:45    -2398.726616        0.864774
MDMin:  726 02:18:47    -2398.726632        0.830667
MDMin:  727 02:18:49    -2398.726648        0.791962
MDMin:  728 02:18:51    -2398.726666        0.749657
MDMin:  729 02:18:53    -2398.726684        0.705019
MDMin:  730 02:18:55    -2398.726703        0.659466
MDMin:  731 02:18:56    -2398.726723        0.614396
MDMin:  732 02:18:57    -2398.726744        0.571035
MDMin:  733 02:18:59    -2398.726766        0.530323
MDMin:  734 02:19:00    -2398.726789        0.517663
MDMin:  735 02:19:01    -2398.726813        0.513485
MDMin:  736 02:19:02    -2398.726839        0.507924
MDMin:  737 02:19:04    -2398.726865        0.501327
MDMin:  738 02:19:05    -2398.726892        0.494004
MDMin:  739 02:19:06    -2398.726920        0.486226
MDMin:  740 02:19:08    -2398.726950        0.478224
MDMin:  741 02:19:09    -2398.726980        0.470179
MDMin:  742 02:19:10    -2398.727012        0.462232
MDMin:  743 02:19:12    -2398.727045        0.454479
MDMin:  744 02:19:14    -2398.727079        0.446985
MDMin:  745 02:19:15    -2398.727114        0.439800
MDMin:  746 02:19:16    -2398.727151        0.432989
MDMin:  747 02:19:18    -2398.727189        0.426654
MDMin:  748 02:19:20    -2398.727228        0.420946
MDMin:  749 02:19:22    -2398.727268        0.416072
MDMin:  750 02:19:23    -2398.727310        0.412281
MDMin:  751 02:19:25    -2398.727353        0.409833
MDMin:  752 02:19:27    -2398.727398        0.408919
MDMin:  753 02:19:29    -2398.727443        0.409743
MDMin:  754 02:19:31    -2398.727490        0.412478
MDMin:  755 02:19:33    -2398.727537        0.417237
MDMin:  756 02:19:35    -2398.727584        0.424055
MDMin:  757 02:19:37    -2398.727632        0.432875
MDMin:  758 02:19:39    -2398.727680        0.443532
MDMin:  759 02:19:41    -2398.727728        0.455749
MDMin:  760 02:19:43    -2398.727775        0.469131
MDMin:  761 02:19:45    -2398.727821        0.483198
MDMin:  762 02:19:47    -2398.727866        0.497450
MDMin:  763 02:19:49    -2398.727910        0.511476
MDMin:  764 02:19:51    -2398.727952        0.525143
MDMin:  765 02:19:53    -2398.727993        0.538816
MDMin:  766 02:19:55    -2398.728032        0.553718
MDMin:  767 02:19:57    -2398.728070        0.572022
MDMin:  768 02:19:59    -2398.728106        0.596014
MDMin:  769 02:20:01    -2398.728142        0.627153
MDMin:  770 02:20:03    -2398.728176        0.664249
MDMin:  771 02:20:05    -2398.728210        0.701356
MDMin:  772 02:20:06    -2398.728243        0.726241
MDMin:  773 02:20:08    -2398.728277        0.720295
MDMin:  774 02:20:09    -2398.728313        0.664487
MDMin:  775 02:20:11    -2398.728351        0.503253
MDMin:  776 02:20:12    -2398.728392        0.849205
MDMin:  777 02:20:14    -2398.728392        0.863970
MDMin:  778 02:20:16    -2398.728392        0.908950
MDMin:  779 02:20:18    -2398.728394        0.985265
MDMin:  780 02:20:20    -2398.728395        1.092469
MDMin:  781 02:20:22    -2398.728397        1.225402
MDMin:  782 02:20:24    -2398.728399        1.369834
MDMin:  783 02:20:26    -2398.728401        1.497430
MDMin:  784 02:20:28    -2398.728403        1.563795
MDMin:  785 02:20:29    -2398.728406        1.521647
MDMin:  786 02:20:31    -2398.728408        1.360297
MDMin:  787 02:20:33    -2398.728411        1.102739
MDMin:  788 02:20:35    -2398.728415        0.724169
MDMin:  789 02:20:37    -2398.728419        0.594889
MDMin:  790 02:20:39    -2398.728425        0.821125
MDMin:  791 02:20:41    -2398.728428        1.573434
MDMin:  792 02:20:43    -2398.728429        1.603520
MDMin:  793 02:20:45    -2398.728429        1.330434
MDMin:  794 02:20:47    -2398.728431        0.759097
MDMin:  795 02:20:49    -2398.728432        0.468279
MDMin:  796 02:20:51    -2398.728434        0.535325
MDMin:  797 02:20:53    -2398.728435        0.605732
MDMin:  798 02:20:54    -2398.728437        0.639814
MDMin:  799 02:20:55    -2398.728439        0.633727
MDMin:  800 02:20:57    -2398.728442        0.653234
MDMin:  801 02:20:58    -2398.728445        0.737686
MDMin:  802 02:21:00    -2398.728448        0.909798
MDMin:  803 02:21:01    -2398.728451        1.114245
MDMin:  804 02:21:02    -2398.728453        1.297123
MDMin:  805 02:21:04    -2398.728455        1.449648
MDMin:  806 02:21:06    -2398.728457        1.556541
MDMin:  807 02:21:08    -2398.728460        1.587297
MDMin:  808 02:21:10    -2398.728463        1.517298
MDMin:  809 02:21:12    -2398.728466        1.344810
MDMin:  810 02:21:14    -2398.728470        1.094024
MDMin:  811 02:21:16    -2398.728476        0.811988
MDMin:  812 02:21:18    -2398.728482        0.574336
MDMin:  813 02:21:20    -2398.728490        0.481786
MDMin:  814 02:21:22    -2398.728498        0.516543
MDMin:  815 02:21:24    -2398.728506        0.568457
MDMin:  816 02:21:26    -2398.728514        0.607161
MDMin:  817 02:21:28    -2398.728521        0.631293
MDMin:  818 02:21:30    -2398.728529        0.642670
MDMin:  819 02:21:32    -2398.728537        0.643286
MDMin:  820 02:21:34    -2398.728545        0.635977
MDMin:  821 02:21:36    -2398.728555        0.626937
MDMin:  822 02:21:38    -2398.728564        0.607732
MDMin:  823 02:21:40    -2398.728574        0.566531
MDMin:  824 02:21:42    -2398.728586        0.486119
MDMin:  825 02:21:44    -2398.728598        0.441432
MDMin:  826 02:21:46    -2398.728609        0.678020
MDMin:  827 02:21:48    -2398.728614        1.013016
MDMin:  828 02:21:50    -2398.728617        1.368494
MDMin:  829 02:21:52    -2398.728620        1.607232
MDMin:  830 02:21:54    -2398.728623        1.615097
MDMin:  831 02:21:55    -2398.728625        1.595170
MDMin:  832 02:21:57    -2398.728628        1.039141
MDMin:  833 02:21:59    -2398.728631        0.537788
MDMin:  834 02:22:01    -2398.728634        0.637106
MDMin:  835 02:22:03    -2398.728637        0.598000
MDMin:  836 02:22:05    -2398.728640        0.735521
MDMin:  837 02:22:07    -2398.728643        1.161090
MDMin:  838 02:22:09    -2398.728645        1.580949
MDMin:  839 02:22:11    -2398.728646        1.590867
MDMin:  840 02:22:13    -2398.728648        1.607378
MDMin:  841 02:22:14    -2398.728650        1.365493
MDMin:  842 02:22:16    -2398.728653        0.945645
MDMin:  843 02:22:18    -2398.728657        0.603969
MDMin:  844 02:22:20    -2398.728662        0.436814
MDMin:  845 02:22:22    -2398.728666        0.507432
MDMin:  846 02:22:24    -2398.728671        0.569098
MDMin:  847 02:22:26    -2398.728675        0.604108
MDMin:  848 02:22:28    -2398.728680        0.619022
MDMin:  849 02:22:30    -2398.728685        0.619114
MDMin:  850 02:22:32    -2398.728690        0.611970
MDMin:  851 02:22:34    -2398.728696        0.625658
MDMin:  852 02:22:36    -2398.728703        0.693048
MDMin:  853 02:22:38    -2398.728709        0.828131
MDMin:  854 02:22:40    -2398.728714        0.981640
MDMin:  855 02:22:42    -2398.728718        1.228581
MDMin:  856 02:22:44    -2398.728722        1.436124
MDMin:  857 02:22:46    -2398.728726        1.555612
MDMin:  858 02:22:48    -2398.728729        1.586757
MDMin:  859 02:22:50    -2398.728733        1.554884
MDMin:  860 02:22:52    -2398.728737        1.605691
MDMin:  861 02:22:54    -2398.728742        1.588315
MDMin:  862 02:22:56    -2398.728747        1.494794
MDMin:  863 02:22:58    -2398.728754        1.330249
MDMin:  864 02:23:00    -2398.728761        1.110792
MDMin:  865 02:23:02    -2398.728770        0.861773
MDMin:  866 02:23:04    -2398.728780        0.674492
MDMin:  867 02:23:06    -2398.728793        0.563559
MDMin:  868 02:23:08    -2398.728808        0.481208
MDMin:  869 02:23:10    -2398.728824        0.481697
MDMin:  870 02:23:12    -2398.728839        0.541865
MDMin:  871 02:23:14    -2398.728853        0.585758
MDMin:  872 02:23:16    -2398.728867        0.613979
MDMin:  873 02:23:18    -2398.728881        0.629267
MDMin:  874 02:23:20    -2398.728895        0.633886
MDMin:  875 02:23:22    -2398.728909        0.629746
MDMin:  876 02:23:24    -2398.728924        0.619087
MDMin:  877 02:23:26    -2398.728940        0.605689
MDMin:  878 02:23:28    -2398.728957        0.600461
MDMin:  879 02:23:30    -2398.728974        0.617144
MDMin:  880 02:23:32    -2398.728991        0.667295
MDMin:  881 02:23:34    -2398.729007        0.743126
MDMin:  882 02:23:36    -2398.729021        0.946098
MDMin:  883 02:23:38    -2398.729032        1.173743
MDMin:  884 02:23:40    -2398.729041        1.358461
MDMin:  885 02:23:41    -2398.729050        1.486703
MDMin:  886 02:23:43    -2398.729058        1.557842
MDMin:  887 02:23:45    -2398.729067        1.577198
MDMin:  888 02:23:47    -2398.729075        1.553212
MDMin:  889 02:23:49    -2398.729084        1.496220
MDMin:  890 02:23:51    -2398.729092        1.545595
MDMin:  891 02:23:53    -2398.729102        1.587808
MDMin:  892 02:23:55    -2398.729112        1.581181
MDMin:  893 02:23:57    -2398.729123        1.523036
MDMin:  894 02:23:59    -2398.729135        1.416254
MDMin:  895 02:24:01    -2398.729148        1.268639
MDMin:  896 02:24:03    -2398.729163        1.091639
MDMin:  897 02:24:05    -2398.729180        0.899093
MDMin:  898 02:24:07    -2398.729200        0.778725
MDMin:  899 02:24:09    -2398.729224        0.704882
MDMin:  900 02:24:11    -2398.729251        0.635740
MDMin:  901 02:24:13    -2398.729281        0.575539
MDMin:  902 02:24:15    -2398.729313        0.527634
MDMin:  903 02:24:17    -2398.729346        0.493453
MDMin:  904 02:24:19    -2398.729378        0.532288
MDMin:  905 02:24:21    -2398.729409        0.580772
MDMin:  906 02:24:23    -2398.729440        0.615961
MDMin:  907 02:24:25    -2398.729470        0.638531
MDMin:  908 02:24:27    -2398.729500        0.649604
MDMin:  909 02:24:28    -2398.729531        0.650259
MDMin:  910 02:24:30    -2398.729562        0.641562
MDMin:  911 02:24:32    -2398.729594        0.624952
MDMin:  912 02:24:34    -2398.729628        0.603156
MDMin:  913 02:24:36    -2398.729663        0.582551
MDMin:  914 02:24:38    -2398.729700        0.570724
MDMin:  915 02:24:40    -2398.729737        0.575133
MDMin:  916 02:24:42    -2398.729774        0.635736
MDMin:  917 02:24:44    -2398.729806        0.824698
MDMin:  918 02:24:46    -2398.729835        1.026553
MDMin:  919 02:24:48    -2398.729859        1.199415
MDMin:  920 02:24:50    -2398.729881        1.327981
MDMin:  921 02:24:52    -2398.729901        1.411934
MDMin:  922 02:24:54    -2398.729920        1.456063
MDMin:  923 02:24:55    -2398.729939        1.466156
MDMin:  924 02:24:56    -2398.729958        1.447945
MDMin:  925 02:24:58    -2398.729976        1.407396
MDMin:  926 02:25:00    -2398.729995        1.351467
MDMin:  927 02:25:02    -2398.730014        1.385337
MDMin:  928 02:25:04    -2398.730033        1.493567
MDMin:  929 02:25:06    -2398.730052        1.564183
MDMin:  930 02:25:08    -2398.730072        1.588103
MDMin:  931 02:25:09    -2398.730093        1.561068
MDMin:  932 02:25:11    -2398.730114        1.484652
MDMin:  933 02:25:13    -2398.730138        1.365876
MDMin:  934 02:25:15    -2398.730164        1.215616
MDMin:  935 02:25:17    -2398.730192        1.046513
MDMin:  936 02:25:19    -2398.730225        0.951979
MDMin:  937 02:25:21    -2398.730262        0.883261
MDMin:  938 02:25:23    -2398.730304        0.812417
MDMin:  939 02:25:25    -2398.730351        0.746462
MDMin:  940 02:25:27    -2398.730405        0.690525
MDMin:  941 02:25:29    -2398.730464        0.646036
MDMin:  942 02:25:31    -2398.730528        0.610625
MDMin:  943 02:25:33    -2398.730594        0.580245
MDMin:  944 02:25:35    -2398.730661        0.551840
MDMin:  945 02:25:37    -2398.730728        0.524744
MDMin:  946 02:25:39    -2398.730795        0.548804
MDMin:  947 02:25:41    -2398.730860        0.598482
MDMin:  948 02:25:43    -2398.730925        0.635740
MDMin:  949 02:25:45    -2398.730990        0.659835
MDMin:  950 02:25:47    -2398.731054        0.670903
MDMin:  951 02:25:49    -2398.731119        0.669698
MDMin:  952 02:25:51    -2398.731185        0.657353
MDMin:  953 02:25:53    -2398.731254        0.635423
MDMin:  954 02:25:55    -2398.731325        0.606479
MDMin:  955 02:25:57    -2398.731401        0.575275
MDMin:  956 02:25:59    -2398.731479        0.549020
MDMin:  957 02:26:01    -2398.731560        0.554517
MDMin:  958 02:26:03    -2398.731639        0.709577
MDMin:  959 02:26:05    -2398.731708        0.900678
MDMin:  960 02:26:07    -2398.731769        1.073576
MDMin:  961 02:26:09    -2398.731823        1.204257
MDMin:  962 02:26:11    -2398.731874        1.292317
MDMin:  963 02:26:13    -2398.731923        1.344858
MDMin:  964 02:26:15    -2398.731971        1.369267
MDMin:  965 02:26:17    -2398.732019        1.371222
MDMin:  966 02:26:18    -2398.732068        1.354517
MDMin:  967 02:26:21    -2398.732117        1.321376
MDMin:  968 02:26:22    -2398.732166        1.272952
MDMin:  969 02:26:23    -2398.732217        1.210096
MDMin:  970 02:26:24    -2398.732267        1.134710
MDMin:  971 02:26:26    -2398.732317        1.194088
MDMin:  972 02:26:28    -2398.732367        1.329759
MDMin:  973 02:26:29    -2398.732415        1.443491
MDMin:  974 02:26:31    -2398.732464        1.521017
MDMin:  975 02:26:33    -2398.732512        1.551405
MDMin:  976 02:26:34    -2398.732561        1.529945
MDMin:  977 02:26:36    -2398.732611        1.458941
MDMin:  978 02:26:38    -2398.732663        1.346493
MDMin:  979 02:26:40    -2398.732718        1.204278
MDMin:  980 02:26:42    -2398.732777        1.152967
MDMin:  981 02:26:44    -2398.732842        1.128533
MDMin:  982 02:26:46    -2398.732913        1.074329
MDMin:  983 02:26:48    -2398.732992        0.995428
MDMin:  984 02:26:49    -2398.733082        0.900469
MDMin:  985 02:26:51    -2398.733184        0.801637
MDMin:  986 02:26:53    -2398.733301        0.712536
MDMin:  987 02:26:55    -2398.733432        0.643648
MDMin:  988 02:26:57    -2398.733576        0.598253
MDMin:  989 02:26:59    -2398.733732        0.572875
MDMin:  990 02:27:01    -2398.733897        0.561249
MDMin:  991 02:27:03    -2398.734069        0.557404
MDMin:  992 02:27:05    -2398.734246        0.556576
MDMin:  993 02:27:07    -2398.734426        0.555064
MDMin:  994 02:27:09    -2398.734606        0.550021
MDMin:  995 02:27:11    -2398.734786        0.539493
MDMin:  996 02:27:13    -2398.734963        0.522741
MDMin:  997 02:27:15    -2398.735138        0.538513
MDMin:  998 02:27:17    -2398.735310        0.592116
MDMin:  999 02:27:19    -2398.735480        0.636063
MDMin:  1000 02:27:21    -2398.735648        0.666630
MDMin:  1001 02:27:23    -2398.735814        0.681683
MDMin:  1002 02:27:25    -2398.735982        0.681224
MDMin:  1003 02:27:27    -2398.736151        0.667239
MDMin:  1004 02:27:29    -2398.736324        0.643188
MDMin:  1005 02:27:30    -2398.736504        0.613611
MDMin:  1006 02:27:31    -2398.736690        0.582302
MDMin:  1007 02:27:33    -2398.736881        1.598463
MDMin:  1008 02:27:35    -2398.736882        1.849546
MDMin:  1009 02:27:37    -2398.736885        1.391390
MDMin:  1010 02:27:39    -2398.736889        0.791231
MDMin:  1011 02:27:41    -2398.736897        0.316566
MDMin:  1012 02:27:43    -2398.736902        0.414557
MDMin:  1013 02:27:45    -2398.736908        0.488941
MDMin:  1014 02:27:46    -2398.736914        0.532870
MDMin:  1015 02:27:48    -2398.736922        0.551626
MDMin:  1016 02:27:49    -2398.736931        0.549863
MDMin:  1017 02:27:51    -2398.736942        0.546904
MDMin:  1018 02:27:53    -2398.736955        0.540241
MDMin:  1019 02:27:55    -2398.736969        0.525315
MDMin:  1020 02:27:57    -2398.736986        0.492798
MDMin:  1021 02:27:59    -2398.737005        0.424368
MDMin:  1022 02:28:02    -2398.737026        0.362768
MDMin:  1023 02:28:04    -2398.737042        0.664332
MDMin:  1024 02:28:06    -2398.737052        0.928598
MDMin:  1025 02:28:08    -2398.737060        1.245309
MDMin:  1026 02:28:10    -2398.737067        1.265585
MDMin:  1027 02:28:12    -2398.737074        1.010859
MDMin:  1028 02:28:14    -2398.737081        0.698839
MDMin:  1029 02:28:16    -2398.737090        0.481700
MDMin:  1030 02:28:18    -2398.737101        0.622454
MDMin:  1031 02:28:20    -2398.737108        0.494814
MDMin:  1032 02:28:22    -2398.737109        0.368020
MDMin:  1033 02:28:24    -2398.737112        0.620712
MDMin:  1034 02:28:26    -2398.737114        0.417530
MDMin:  1035 02:28:28    -2398.737117        0.954696
MDMin:  1036 02:28:30    -2398.737118        0.686886
MDMin:  1037 02:28:32    -2398.737119        0.445617
MDMin:  1038 02:28:33    -2398.737121        0.628443
MDMin:  1039 02:28:35    -2398.737123        1.234214
MDMin:  1040 02:28:37    -2398.737125        0.921958
MDMin:  1041 02:28:40    -2398.737127        0.355545
MDMin:  1042 02:28:42    -2398.737129        0.451986
MDMin:  1043 02:28:43    -2398.737133        0.559569
MDMin:  1044 02:28:45    -2398.737137        0.517059
MDMin:  1045 02:28:47    -2398.737143        1.140380
MDMin:  1046 02:28:49    -2398.737144        0.679978
MDMin:  1047 02:28:51    -2398.737145        0.351088
MDMin:  1048 02:28:53    -2398.737146        0.830665
MDMin:  1049 02:28:55    -2398.737147        1.192655
MDMin:  1050 02:28:57    -2398.737149        0.453954
MDMin:  1051 02:28:59    -2398.737151        0.528311
MDMin:  1052 02:29:01    -2398.737153        0.544821
MDMin:  1053 02:29:03    -2398.737156        0.538921
MDMin:  1054 02:29:05    -2398.737162        0.511876
MDMin:  1055 02:29:06    -2398.737169        0.429721
MDMin:  1056 02:29:07    -2398.737178        0.440319
MDMin:  1057 02:29:09    -2398.737183        0.893039
MDMin:  1058 02:29:11    -2398.737187        1.245320
MDMin:  1059 02:29:13    -2398.737190        0.887154
MDMin:  1060 02:29:15    -2398.737194        0.567060
MDMin:  1061 02:29:17    -2398.737197        0.545174
MDMin:  1062 02:29:19    -2398.737201        0.539973
MDMin:  1063 02:29:21    -2398.737208        0.492167
MDMin:  1064 02:29:23    -2398.737216        0.354766
MDMin:  1065 02:29:25    -2398.737226        0.792973
MDMin:  1066 02:29:27    -2398.737227        1.127536
MDMin:  1067 02:29:29    -2398.737230        1.380634
MDMin:  1068 02:29:31    -2398.737233        0.574261
MDMin:  1069 02:29:32    -2398.737234        0.563387
MDMin:  1070 02:29:34    -2398.737236        0.531059
MDMin:  1071 02:29:36    -2398.737241        0.656090
MDMin:  1072 02:29:38    -2398.737246        1.041929
MDMin:  1073 02:29:40    -2398.737250        1.291757
MDMin:  1074 02:29:42    -2398.737255        1.414351
MDMin:  1075 02:29:44    -2398.737260        1.487466
MDMin:  1076 02:29:46    -2398.737267        1.361267
MDMin:  1077 02:29:48    -2398.737276        1.074308
MDMin:  1078 02:29:50    -2398.737288        0.763672
MDMin:  1079 02:29:52    -2398.737305        0.499099
MDMin:  1080 02:29:53    -2398.737327        0.359526
MDMin:  1081 02:29:54    -2398.737347        0.435758
MDMin:  1082 02:29:55    -2398.737366        0.490198
MDMin:  1083 02:29:57    -2398.737384        0.524338
MDMin:  1084 02:29:58    -2398.737403        0.543616
MDMin:  1085 02:30:00    -2398.737423        0.551426
MDMin:  1086 02:30:02    -2398.737444        0.550470
MDMin:  1087 02:30:04    -2398.737467        0.544215
MDMin:  1088 02:30:06    -2398.737492        0.540019
MDMin:  1089 02:30:08    -2398.737519        0.544090
MDMin:  1090 02:30:09    -2398.737547        0.563339
MDMin:  1091 02:30:11    -2398.737576        0.603236
MDMin:  1092 02:30:13    -2398.737604        0.663628
MDMin:  1093 02:30:15    -2398.737631        0.736983
MDMin:  1094 02:30:17    -2398.737656        0.840590
MDMin:  1095 02:30:19    -2398.737680        0.942768
MDMin:  1096 02:30:21    -2398.737703        1.027181
MDMin:  1097 02:30:23    -2398.737725        1.091514
MDMin:  1098 02:30:25    -2398.737748        1.136377
MDMin:  1099 02:30:27    -2398.737771        1.163916
MDMin:  1100 02:30:29    -2398.737795        1.176951
MDMin:  1101 02:30:31    -2398.737819        1.178455
MDMin:  1102 02:30:33    -2398.737845        1.171233
MDMin:  1103 02:30:35    -2398.737872        1.193266
MDMin:  1104 02:30:37    -2398.737901        1.216726
MDMin:  1105 02:30:39    -2398.737931        1.240606
MDMin:  1106 02:30:41    -2398.737963        1.264676
MDMin:  1107 02:30:43    -2398.737997        1.287659
MDMin:  1108 02:30:45    -2398.738033        1.307125
MDMin:  1109 02:30:47    -2398.738070        1.319544
MDMin:  1110 02:30:49    -2398.738109        1.320573
MDMin:  1111 02:30:51    -2398.738151        1.305577
MDMin:  1112 02:30:53    -2398.738195        1.270378
MDMin:  1113 02:30:55    -2398.738242        1.212096
MDMin:  1114 02:30:57    -2398.738292        1.129926
MDMin:  1115 02:30:59    -2398.738346        1.025664
MDMin:  1116 02:31:00    -2398.738406        0.904014
MDMin:  1117 02:31:03    -2398.738473        0.772901
MDMin:  1118 02:31:04    -2398.738548        0.646140
MDMin:  1119 02:31:06    -2398.738632        0.580225
MDMin:  1120 02:31:08    -2398.738726        0.515170
MDMin:  1121 02:31:10    -2398.738829        0.455755
MDMin:  1122 02:31:12    -2398.738937        0.478340
MDMin:  1123 02:31:14    -2398.739046        0.518351
MDMin:  1124 02:31:16    -2398.739154        0.555848
MDMin:  1125 02:31:18    -2398.739259        0.584840
MDMin:  1126 02:31:20    -2398.739362        0.604623
MDMin:  1127 02:31:22    -2398.739463        0.616141
MDMin:  1128 02:31:24    -2398.739563        0.620567
MDMin:  1129 02:31:26    -2398.739662        0.618841
MDMin:  1130 02:31:28    -2398.739762        0.611550
MDMin:  1131 02:31:30    -2398.739863        0.598884
MDMin:  1132 02:31:32    -2398.739964        0.580588
MDMin:  1133 02:31:34    -2398.740067        0.555750
MDMin:  1134 02:31:35    -2398.740172        0.521435
MDMin:  1135 02:31:37    -2398.740281        0.484376
MDMin:  1136 02:31:38    -2398.740392        0.499735
MDMin:  1137 02:31:39    -2398.740506        0.526690
MDMin:  1138 02:31:41    -2398.740619        0.561627
MDMin:  1139 02:31:42    -2398.740730        0.598268
MDMin:  1140 02:31:43    -2398.740839        0.630804
MDMin:  1141 02:31:45    -2398.740945        0.655640
MDMin:  1142 02:31:47    -2398.741049        0.671481
MDMin:  1143 02:31:49    -2398.741152        0.678739
MDMin:  1144 02:31:51    -2398.741255        0.678872
MDMin:  1145 02:31:53    -2398.741358        0.673835
MDMin:  1146 02:31:55    -2398.741462        0.665664
MDMin:  1147 02:31:57    -2398.741568        0.656107
MDMin:  1148 02:31:59    -2398.741674        0.646241
MDMin:  1149 02:32:01    -2398.741782        0.636034
MDMin:  1150 02:32:03    -2398.741890        0.623941
MDMin:  1151 02:32:05    -2398.742000        0.606919
MDMin:  1152 02:32:07    -2398.742110        0.581233
MDMin:  1153 02:32:09    -2398.742222        0.543947
MDMin:  1154 02:32:11    -2398.742335        0.494339
MDMin:  1155 02:32:13    -2398.742449        0.434926
MDMin:  1156 02:32:15    -2398.742563        0.371428
MDMin:  1157 02:32:17    -2398.742680        0.357662
MDMin:  1158 02:32:19    -2398.742802        0.328964
MDMin:  1159 02:32:21    -2398.742931        0.288611
MDMin:  1160 02:32:23    -2398.743067        0.248732
MDMin:  1161 02:32:25    -2398.743211        0.247428
MDMin:  1162 02:32:27    -2398.743360        0.245079
MDMin:  1163 02:32:29    -2398.743514        0.241220
MDMin:  1164 02:32:31    -2398.743668        0.236863
MDMin:  1165 02:32:33    -2398.743822        0.235237
MDMin:  1166 02:32:35    -2398.743974        0.231298
MDMin:  1167 02:32:37    -2398.744123        0.216106
MDMin:  1168 02:32:39    -2398.744270        0.184798
MDMin:  1169 02:32:40    -2398.744415        0.141716
MDMin:  1170 02:32:42    -2398.744558        0.165474
MDMin:  1171 02:32:44    -2398.744693        0.165544
MDMin:  1172 02:32:46    -2398.744819        0.120619
MDMin:  1173 02:32:48    -2398.744932        0.116129
MDMin:  1174 02:32:50    -2398.745031        0.143584
MDMin:  1175 02:32:52    -2398.745092        0.164852
MDMin:  1176 02:32:54    -2398.745116        0.163242
MDMin:  1177 02:32:56    -2398.745141        0.173733
MDMin:  1178 02:32:58    -2398.745166        0.181502
MDMin:  1179 02:33:00    -2398.745190        0.186217
MDMin:  1180 02:33:02    -2398.745215        0.187760
MDMin:  1181 02:33:04    -2398.745239        0.186253
MDMin:  1182 02:33:06    -2398.745263        0.182072
MDMin:  1183 02:33:08    -2398.745286        0.175852
MDMin:  1184 02:33:10    -2398.745310        0.168456
MDMin:  1185 02:33:12    -2398.745333        0.165272
MDMin:  1186 02:33:13    -2398.745356        0.174564
MDMin:  1187 02:33:15    -2398.745379        0.179503
MDMin:  1188 02:33:17    -2398.745402        0.179882
MDMin:  1189 02:33:19    -2398.745425        0.175279
MDMin:  1190 02:33:20    -2398.745449        0.163469
MDMin:  1191 02:33:22    -2398.745473        0.155932
MDMin:  1192 02:33:24    -2398.745497        0.149776
MDMin:  1193 02:33:25    -2398.745522        0.143908
MDMin:  1194 02:33:26    -2398.745546        0.168580
MDMin:  1195 02:33:28    -2398.745569        0.194792
MDMin:  1196 02:33:30    -2398.745591        0.198101
MDMin:  1197 02:33:32    -2398.745613        0.167270
MDMin:  1198 02:33:34    -2398.745633        0.122780
MDMin:  1199 02:33:36    -2398.745654        0.103844
MDMin:  1200 02:33:38    -2398.745674        0.116555
MDMin:  1201 02:33:40    -2398.745694        0.132395
MDMin:  1202 02:33:42    -2398.745713        0.139366
MDMin:  1203 02:33:44    -2398.745732        0.138335
MDMin:  1204 02:33:46    -2398.745751        0.132902
MDMin:  1205 02:33:48    -2398.745768        0.126149
MDMin:  1206 02:33:50    -2398.745786        0.122326
MDMin:  1207 02:33:52    -2398.745803        0.126562
MDMin:  1208 02:33:54    -2398.745821        0.125845
MDMin:  1209 02:33:56    -2398.745838        0.121231
MDMin:  1210 02:33:58    -2398.745856        0.113900
MDMin:  1211 02:34:00    -2398.745873        0.105801
MDMin:  1212 02:34:02    -2398.745891        0.099495
MDMin:  1213 02:34:04    -2398.745910        0.096956
MDMin:  1214 02:34:06    -2398.745928        0.097442
MDMin:  1215 02:34:08    -2398.745942        0.196313
MDMin:  1216 02:34:09    -2398.745947        0.117045
MDMin:  1217 02:34:11    -2398.745953        0.098117
MDMin:  1218 02:34:13    -2398.745959        0.098290
MDMin:  1219 02:34:15    -2398.745965        0.098473
MDMin:  1220 02:34:17    -2398.745972        0.098667
MDMin:  1221 02:34:19    -2398.745979        0.098872
MDMin:  1222 02:34:21    -2398.745986        0.099089
MDMin:  1223 02:34:23    -2398.745993        0.099315
MDMin:  1224 02:34:25    -2398.746000        0.166240
MDMin:  1225 02:34:27    -2398.746003        0.099658
MDMin:  1226 02:34:29    -2398.746007        0.099760
MDMin:  1227 02:34:31    -2398.746010        0.099858
MDMin:  1228 02:34:33    -2398.746013        0.099965
MDMin:  1229 02:34:35    -2398.746016        0.100082
MDMin:  1230 02:34:37    -2398.746020        0.100208
MDMin:  1231 02:34:39    -2398.746024        0.100345
MDMin:  1232 02:34:41    -2398.746028        0.100491
MDMin:  1233 02:34:43    -2398.746032        0.100648
MDMin:  1234 02:34:45    -2398.746037        0.100815
MDMin:  1235 02:34:47    -2398.746042        0.100993
MDMin:  1236 02:34:49    -2398.746047        0.101181
MDMin:  1237 02:34:51    -2398.746052        0.101380
MDMin:  1238 02:34:53    -2398.746058        0.101591
MDMin:  1239 02:34:55    -2398.746064        0.101812
MDMin:  1240 02:34:57    -2398.746070        0.102045
MDMin:  1241 02:34:59    -2398.746076        0.102289
MDMin:  1242 02:35:01    -2398.746082        0.102546
MDMin:  1243 02:35:03    -2398.746089        0.102812
MDMin:  1244 02:35:05    -2398.746095        0.103088
MDMin:  1245 02:35:07    -2398.746101        0.103355
MDMin:  1246 02:35:09    -2398.746107        0.103607
MDMin:  1247 02:35:11    -2398.746113        0.103846
MDMin:  1248 02:35:13    -2398.746118        0.104091
MDMin:  1249 02:35:15    -2398.746124        0.104346
MDMin:  1250 02:35:16    -2398.746129        0.104613
MDMin:  1251 02:35:18    -2398.746135        0.104892
MDMin:  1252 02:35:20    -2398.746141        0.105184
MDMin:  1253 02:35:22    -2398.746148        0.105487
MDMin:  1254 02:35:24    -2398.746154        0.105803
MDMin:  1255 02:35:26    -2398.746161        0.106132
MDMin:  1256 02:35:28    -2398.746167        0.106473
MDMin:  1257 02:35:30    -2398.746174        0.106826
MDMin:  1258 02:35:32    -2398.746181        0.107192
MDMin:  1259 02:35:34    -2398.746188        0.107571
MDMin:  1260 02:35:36    -2398.746195        0.107962
MDMin:  1261 02:35:38    -2398.746202        0.108365
MDMin:  1262 02:35:40    -2398.746210        0.108781
MDMin:  1263 02:35:42    -2398.746217        0.109208
MDMin:  1264 02:35:44    -2398.746224        0.109648
MDMin:  1265 02:35:46    -2398.746232        0.110875
MDMin:  1266 02:35:48    -2398.746240        0.112346
MDMin:  1267 02:35:50    -2398.746247        0.113826
MDMin:  1268 02:35:52    -2398.746255        0.115315
MDMin:  1269 02:35:54    -2398.746263        0.116810
MDMin:  1270 02:35:56    -2398.746271        0.118310
MDMin:  1271 02:35:58    -2398.746278        0.119814
MDMin:  1272 02:36:00    -2398.746286        0.121319
MDMin:  1273 02:36:02    -2398.746294        0.122824
MDMin:  1274 02:36:04    -2398.746302        0.124326
MDMin:  1275 02:36:06    -2398.746310        0.125823
MDMin:  1276 02:36:08    -2398.746318        0.127313
MDMin:  1277 02:36:09    -2398.746325        0.128793
MDMin:  1278 02:36:11    -2398.746333        0.130258
MDMin:  1279 02:36:13    -2398.746341        0.131706
MDMin:  1280 02:36:15    -2398.746349        0.133132
MDMin:  1281 02:36:17    -2398.746357        0.134531
MDMin:  1282 02:36:19    -2398.746364        0.136329
MDMin:  1283 02:36:21    -2398.746372        0.140352
MDMin:  1284 02:36:23    -2398.746380        0.144616
MDMin:  1285 02:36:25    -2398.746387        0.149140
MDMin:  1286 02:36:27    -2398.746395        0.153947
MDMin:  1287 02:36:29    -2398.746402        0.159062
MDMin:  1288 02:36:31    -2398.746410        0.164510
MDMin:  1289 02:36:33    -2398.746417        0.170323
MDMin:  1290 02:36:35    -2398.746424        0.176536
MDMin:  1291 02:36:37    -2398.746431        0.183188
MDMin:  1292 02:36:39    -2398.746438        0.190321
MDMin:  1293 02:36:41    -2398.746445        0.197986
MDMin:  1294 02:36:43    -2398.746452        0.206238
MDMin:  1295 02:36:45    -2398.746459        0.215139
MDMin:  1296 02:36:47    -2398.746466        0.224760
MDMin:  1297 02:36:49    -2398.746472        0.235179
MDMin:  1298 02:36:51    -2398.746479        0.246486
MDMin:  1299 02:36:53    -2398.746485        0.258777
MDMin:  1300 02:36:55    -2398.746491        0.272160
MDMin:  1301 02:36:57    -2398.746497        0.286750
MDMin:  1302 02:36:59    -2398.746503        0.302667
MDMin:  1303 02:37:01    -2398.746509        0.320031
MDMin:  1304 02:37:03    -2398.746514        0.338948
MDMin:  1305 02:37:05    -2398.746520        0.359494
MDMin:  1306 02:37:07    -2398.746525        0.381673
MDMin:  1307 02:37:09    -2398.746530        0.405356
MDMin:  1308 02:37:11    -2398.746534        0.430160
MDMin:  1309 02:37:13    -2398.746539        0.454859
MDMin:  1310 02:37:15    -2398.746543        0.204189
MDMin:  1311 02:37:17    -2398.746545        0.240857
MDMin:  1312 02:37:19    -2398.746546        0.265056
MDMin:  1313 02:37:21    -2398.746546        0.298500
MDMin:  1314 02:37:23    -2398.746546        0.339657
MDMin:  1315 02:37:25    -2398.746547        0.385528
MDMin:  1316 02:37:27    -2398.746547        0.431338
MDMin:  1317 02:37:29    -2398.746548        0.471520
MDMin:  1318 02:37:31    -2398.746548        0.425262
MDMin:  1319 02:37:33    -2398.746549        0.369847
MDMin:  1320 02:37:35    -2398.746549        0.296667
MDMin:  1321 02:37:36    -2398.746550        0.208466
MDMin:  1322 02:37:38    -2398.746551        0.143141
MDMin:  1323 02:37:39    -2398.746552        0.180186
MDMin:  1324 02:37:40    -2398.746553        0.260199
MDMin:  1325 02:37:42    -2398.746554        0.336962
MDMin:  1326 02:37:43    -2398.746555        0.405511
MDMin:  1327 02:37:44    -2398.746555        0.463730
MDMin:  1328 02:37:45    -2398.746556        0.195542
MDMin:  1329 02:37:47    -2398.746556        0.269641
MDMin:  1330 02:37:48    -2398.746556        0.329835
MDMin:  1331 02:37:49    -2398.746557        0.429412
MDMin:  1332 02:37:51    -2398.746557        0.182728
MDMin:  1333 02:37:52    -2398.746557        0.321344
MDMin:  1334 02:37:53    -2398.746557        0.357474
MDMin:  1335 02:37:55    -2398.746557        0.479933
MDMin:  1336 02:37:57    -2398.746557        0.477848
MDMin:  1337 02:37:59    -2398.746557        0.474932
MDMin:  1338 02:38:01    -2398.746558        0.471058
MDMin:  1339 02:38:03    -2398.746558        0.466181
MDMin:  1340 02:38:05    -2398.746558        0.460276
MDMin:  1341 02:38:07    -2398.746559        0.453325
MDMin:  1342 02:38:09    -2398.746560        0.445311
MDMin:  1343 02:38:11    -2398.746560        0.436221
MDMin:  1344 02:38:13    -2398.746561        0.426040
MDMin:  1345 02:38:15    -2398.746562        0.414755
MDMin:  1346 02:38:17    -2398.746563        0.402355
MDMin:  1347 02:38:19    -2398.746564        0.388831
MDMin:  1348 02:38:21    -2398.746566        0.374181
MDMin:  1349 02:38:22    -2398.746567        0.358403
MDMin:  1350 02:38:23    -2398.746569        0.341508
MDMin:  1351 02:38:24    -2398.746570        0.323514
MDMin:  1352 02:38:26    -2398.746572        0.304454
MDMin:  1353 02:38:28    -2398.746574        0.284384
MDMin:  1354 02:38:30    -2398.746576        0.263399
MDMin:  1355 02:38:32    -2398.746579        0.241662
MDMin:  1356 02:38:34    -2398.746581        0.219454
MDMin:  1357 02:38:36    -2398.746584        0.197270
MDMin:  1358 02:38:37    -2398.746587        0.175971
MDMin:  1359 02:38:39    -2398.746590        0.156996
MDMin:  1360 02:38:41    -2398.746593        0.142510
MDMin:  1361 02:38:43    -2398.746596        0.135101
MDMin:  1362 02:38:45    -2398.746599        0.136630
MDMin:  1363 02:38:47    -2398.746603        0.146950
MDMin:  1364 02:38:49    -2398.746606        0.164120
MDMin:  1365 02:38:51    -2398.746609        0.185780
MDMin:  1366 02:38:53    -2398.746612        0.210042
MDMin:  1367 02:38:55    -2398.746614        0.235620
MDMin:  1368 02:38:57    -2398.746617        0.261643
MDMin:  1369 02:38:59    -2398.746620        0.287468
MDMin:  1370 02:39:01    -2398.746622        0.312546
MDMin:  1371 02:39:03    -2398.746624        0.336365
MDMin:  1372 02:39:05    -2398.746627        0.358508
MDMin:  1373 02:39:07    -2398.746629        0.379009
MDMin:  1374 02:39:09    -2398.746631        0.399746
MDMin:  1375 02:39:11    -2398.746633        0.430809
MDMin:  1376 02:39:13    -2398.746634        0.507279
MDMin:  1377 02:39:15    -2398.746635        0.390121
MDMin:  1378 02:39:17    -2398.746636        0.263042
MDMin:  1379 02:39:19    -2398.746637        0.183421
MDMin:  1380 02:39:21    -2398.746638        0.211361
MDMin:  1381 02:39:23    -2398.746639        0.270458
MDMin:  1382 02:39:25    -2398.746640        0.320727
MDMin:  1383 02:39:27    -2398.746641        0.365054
MDMin:  1384 02:39:29    -2398.746641        0.413625
MDMin:  1385 02:39:31    -2398.746642        0.497873
MDMin:  1386 02:39:32    -2398.746642        0.486383
MDMin:  1387 02:39:34    -2398.746643        0.475728
MDMin:  1388 02:39:36    -2398.746643        0.464551
MDMin:  1389 02:39:38    -2398.746644        0.452493
MDMin:  1390 02:39:40    -2398.746645        0.439387
MDMin:  1391 02:39:42    -2398.746646        0.425146
MDMin:  1392 02:39:44    -2398.746647        0.409731
MDMin:  1393 02:39:46    -2398.746648        0.393146
MDMin:  1394 02:39:48    -2398.746649        0.375439
MDMin:  1395 02:39:50    -2398.746650        0.356714
MDMin:  1396 02:39:52    -2398.746651        0.337468
MDMin:  1397 02:39:54    -2398.746652        0.331235
MDMin:  1398 02:39:56    -2398.746654        0.323497
MDMin:  1399 02:39:58    -2398.746655        0.314054
MDMin:  1400 02:40:00    -2398.746657        0.302693
MDMin:  1401 02:40:02    -2398.746659        0.289193
MDMin:  1402 02:40:04    -2398.746661        0.273344
MDMin:  1403 02:40:06    -2398.746663        0.254972
MDMin:  1404 02:40:08    -2398.746665        0.233975
MDMin:  1405 02:40:10    -2398.746667        0.210369
MDMin:  1406 02:40:12    -2398.746669        0.192537
MDMin:  1407 02:40:14    -2398.746672        0.191892
MDMin:  1408 02:40:16    -2398.746674        0.191999
MDMin:  1409 02:40:18    -2398.746677        0.191594
MDMin:  1410 02:40:20    -2398.746680        0.189712
MDMin:  1411 02:40:22    -2398.746683        0.185850
MDMin:  1412 02:40:24    -2398.746686        0.179999
MDMin:  1413 02:40:26    -2398.746689        0.172557
MDMin:  1414 02:40:28    -2398.746692        0.164174
MDMin:  1415 02:40:30    -2398.746695        0.155595
MDMin:  1416 02:40:32    -2398.746698        0.147560
MDMin:  1417 02:40:34    -2398.746701        0.140801
MDMin:  1418 02:40:35    -2398.746704        0.145983
MDMin:  1419 02:40:37    -2398.746707        0.160017
MDMin:  1420 02:40:39    -2398.746710        0.172513
MDMin:  1421 02:40:41    -2398.746713        0.183216
MDMin:  1422 02:40:43    -2398.746716        0.191607
MDMin:  1423 02:40:45    -2398.746718        0.196833
MDMin:  1424 02:40:47    -2398.746721        0.204488
MDMin:  1425 02:40:49    -2398.746723        0.239013
MDMin:  1426 02:40:51    -2398.746725        0.280143
MDMin:  1427 02:40:53    -2398.746728        0.326578
MDMin:  1428 02:40:55    -2398.746730        0.375995
MDMin:  1429 02:40:57    -2398.746731        0.424732
MDMin:  1430 02:40:59    -2398.746733        0.467577
MDMin:  1431 02:41:01    -2398.746735        0.497055
MDMin:  1432 02:41:03    -2398.746736        0.446263
MDMin:  1433 02:41:04    -2398.746738        0.389221
MDMin:  1434 02:41:06    -2398.746739        0.321235
MDMin:  1435 02:41:08    -2398.746741        0.245453
MDMin:  1436 02:41:10    -2398.746743        0.182716
MDMin:  1437 02:41:12    -2398.746745        0.188407
MDMin:  1438 02:41:15    -2398.746747        0.255809
MDMin:  1439 02:41:16    -2398.746748        0.324324
MDMin:  1440 02:41:19    -2398.746750        0.381999
MDMin:  1441 02:41:20    -2398.746750        0.430301
MDMin:  1442 02:41:23    -2398.746751        0.470809
MDMin:  1443 02:41:25    -2398.746752        0.504719
MDMin:  1444 02:41:27    -2398.746753        0.534922
MDMin:  1445 02:41:29    -2398.746753        0.533885
MDMin:  1446 02:41:30    -2398.746754        0.546004
MDMin:  1447 02:41:32    -2398.746754        0.539700
MDMin:  1448 02:41:34    -2398.746755        0.527648
MDMin:  1449 02:41:36    -2398.746755        0.504204
MDMin:  1450 02:41:38    -2398.746756        0.465966
MDMin:  1451 02:41:40    -2398.746757        0.411903
MDMin:  1452 02:41:42    -2398.746757        0.344102
MDMin:  1453 02:41:44    -2398.746758        0.270675
MDMin:  1454 02:41:46    -2398.746759        0.212479
MDMin:  1455 02:41:48    -2398.746760        0.199867
MDMin:  1456 02:41:50    -2398.746761        0.230464
MDMin:  1457 02:41:52    -2398.746762        0.275488
MDMin:  1458 02:41:54    -2398.746763        0.320374
MDMin:  1459 02:41:56    -2398.746764        0.361463
MDMin:  1460 02:41:58    -2398.746764        0.398309
MDMin:  1461 02:42:00    -2398.746765        0.431189
MDMin:  1462 02:42:02    -2398.746766        0.460499
MDMin:  1463 02:42:03    -2398.746766        0.486883
MDMin:  1464 02:42:06    -2398.746767        0.484881
MDMin:  1465 02:42:08    -2398.746767        0.456521
MDMin:  1466 02:42:10    -2398.746768        0.436080
MDMin:  1467 02:42:12    -2398.746768        0.401901
MDMin:  1468 02:42:14    -2398.746769        0.345536
MDMin:  1469 02:42:16    -2398.746769        0.275934
MDMin:  1470 02:42:18    -2398.746770        0.227645
MDMin:  1471 02:42:20    -2398.746770        0.236764
MDMin:  1472 02:42:22    -2398.746771        0.283826
MDMin:  1473 02:42:24    -2398.746771        0.338156
MDMin:  1474 02:42:26    -2398.746772        0.388591
MDMin:  1475 02:42:28    -2398.746772        0.432391
MDMin:  1476 02:42:30    -2398.746773        0.468786
MDMin:  1477 02:42:32    -2398.746773        0.496521
MDMin:  1478 02:42:34    -2398.746774        0.497185
MDMin:  1479 02:42:36    -2398.746774        0.496238
MDMin:  1480 02:42:38    -2398.746775        0.494008
MDMin:  1481 02:42:40    -2398.746775        0.490469
MDMin:  1482 02:42:42    -2398.746776        0.485560
MDMin:  1483 02:42:43    -2398.746776        0.479239
MDMin:  1484 02:42:46    -2398.746777        0.471504
MDMin:  1485 02:42:47    -2398.746777        0.462399
MDMin:  1486 02:42:49    -2398.746778        0.452030
MDMin:  1487 02:42:51    -2398.746779        0.440575
MDMin:  1488 02:42:53    -2398.746779        0.428293
MDMin:  1489 02:42:55    -2398.746780        0.415538
MDMin:  1490 02:42:57    -2398.746781        0.402768
MDMin:  1491 02:42:59    -2398.746782        0.390531
MDMin:  1492 02:43:01    -2398.746783        0.379445
MDMin:  1493 02:43:03    -2398.746783        0.370134
MDMin:  1494 02:43:05    -2398.746784        0.363136
MDMin:  1495 02:43:07    -2398.746785        0.358776
MDMin:  1496 02:43:09    -2398.746786        0.357042
MDMin:  1497 02:43:11    -2398.746787        0.357508
MDMin:  1498 02:43:13    -2398.746789        0.359325
MDMin:  1499 02:43:15    -2398.746790        0.361303
MDMin:  1500 02:43:17    -2398.746791        0.362070
MDMin:  1501 02:43:19    -2398.746792        0.360267
MDMin:  1502 02:43:21    -2398.746793        0.354763
MDMin:  1503 02:43:23    -2398.746795        0.344859
MDMin:  1504 02:43:25    -2398.746796        0.330454
MDMin:  1505 02:43:27    -2398.746798        0.312142
MDMin:  1506 02:43:29    -2398.746799        0.291211
MDMin:  1507 02:43:31    -2398.746801        0.269525
MDMin:  1508 02:43:33    -2398.746802        0.249260
MDMin:  1509 02:43:35    -2398.746804        0.232544
MDMin:  1510 02:43:37    -2398.746805        0.221065
MDMin:  1511 02:43:39    -2398.746807        0.215786
MDMin:  1512 02:43:41    -2398.746808        0.220626
MDMin:  1513 02:43:43    -2398.746810        0.225265
MDMin:  1514 02:43:46    -2398.746811        0.236442
MDMin:  1515 02:43:47    -2398.746813        0.253588
MDMin:  1516 02:43:49    -2398.746814        0.274911
MDMin:  1517 02:43:51    -2398.746816        0.299979
MDMin:  1518 02:43:53    -2398.746817        0.328346
MDMin:  1519 02:43:55    -2398.746818        0.359363
MDMin:  1520 02:43:57    -2398.746819        0.391956
MDMin:  1521 02:43:59    -2398.746821        0.424349
MDMin:  1522 02:44:01    -2398.746822        0.453768
MDMin:  1523 02:44:03    -2398.746823        0.476189
MDMin:  1524 02:44:05    -2398.746824        0.486096
MDMin:  1525 02:44:07    -2398.746825        0.470421
MDMin:  1526 02:44:09    -2398.746826        0.448188
MDMin:  1527 02:44:11    -2398.746826        0.437862
MDMin:  1528 02:44:13    -2398.746827        0.439794
MDMin:  1529 02:44:15    -2398.746828        0.450490
MDMin:  1530 02:44:17    -2398.746829        0.464042
MDMin:  1531 02:44:19    -2398.746829        0.474251
MDMin:  1532 02:44:21    -2398.746830        0.476090
MDMin:  1533 02:44:23    -2398.746831        0.466249
MDMin:  1534 02:44:25    -2398.746832        0.443285
MDMin:  1535 02:44:27    -2398.746833        0.407780
MDMin:  1536 02:44:28    -2398.746834        0.362663
MDMin:  1537 02:44:31    -2398.746835        0.313654
MDMin:  1538 02:44:33    -2398.746836        0.269463
MDMin:  1539 02:44:34    -2398.746837        0.240247
MDMin:  1540 02:44:36    -2398.746838        0.232505
MDMin:  1541 02:44:38    -2398.746839        0.244397
MDMin:  1542 02:44:40    -2398.746840        0.268910
MDMin:  1543 02:44:42    -2398.746841        0.299803
MDMin:  1544 02:44:44    -2398.746842        0.333281
MDMin:  1545 02:44:46    -2398.746843        0.367116
MDMin:  1546 02:44:48    -2398.746844        0.399641
MDMin:  1547 02:44:50    -2398.746845        0.429133
MDMin:  1548 02:44:52    -2398.746846        0.453491
MDMin:  1549 02:44:54    -2398.746847        0.470084
MDMin:  1550 02:44:56    -2398.746847        0.475614
MDMin:  1551 02:44:58    -2398.746848        0.463823
MDMin:  1552 02:45:00    -2398.746849        0.464049
MDMin:  1553 02:45:02    -2398.746849        0.461854
MDMin:  1554 02:45:04    -2398.746850        0.451965
MDMin:  1555 02:45:06    -2398.746851        0.436697
MDMin:  1556 02:45:08    -2398.746851        0.437271
MDMin:  1557 02:45:10    -2398.746852        0.430213
MDMin:  1558 02:45:12    -2398.746852        0.408383
MDMin:  1559 02:45:14    -2398.746853        0.399620
MDMin:  1560 02:45:16    -2398.746854        0.403861
MDMin:  1561 02:45:18    -2398.746854        0.409473
MDMin:  1562 02:45:20    -2398.746855        0.412388
MDMin:  1563 02:45:22    -2398.746856        0.409028
MDMin:  1564 02:45:24    -2398.746857        0.397125
MDMin:  1565 02:45:26    -2398.746857        0.376236
MDMin:  1566 02:45:28    -2398.746858        0.347892
MDMin:  1567 02:45:30    -2398.746859        0.315382
MDMin:  1568 02:45:32    -2398.746860        0.283146
MDMin:  1569 02:45:34    -2398.746861        0.255869
MDMin:  1570 02:45:36    -2398.746862        0.238139
MDMin:  1571 02:45:38    -2398.746863        0.248502
MDMin:  1572 02:45:40    -2398.746864        0.253598
MDMin:  1573 02:45:42    -2398.746864        0.253410
MDMin:  1574 02:45:44    -2398.746865        0.269423
MDMin:  1575 02:45:46    -2398.746866        0.296924
MDMin:  1576 02:45:48    -2398.746867        0.328237
MDMin:  1577 02:45:50    -2398.746868        0.361192
MDMin:  1578 02:45:52    -2398.746868        0.393191
MDMin:  1579 02:45:54    -2398.746869        0.421059
MDMin:  1580 02:45:56    -2398.746870        0.441184
MDMin:  1581 02:45:58    -2398.746870        0.449947
MDMin:  1582 02:46:00    -2398.746871        0.443765
MDMin:  1583 02:46:02    -2398.746872        0.405382
MDMin:  1584 02:46:04    -2398.746872        0.378527
MDMin:  1585 02:46:06    -2398.746873        0.370209
MDMin:  1586 02:46:08    -2398.746873        0.380377
MDMin:  1587 02:46:10    -2398.746874        0.403980
MDMin:  1588 02:46:11    -2398.746874        0.433921
MDMin:  1589 02:46:13    -2398.746875        0.464012
MDMin:  1590 02:46:15    -2398.746875        0.489958
MDMin:  1591 02:46:17    -2398.746876        0.508999
MDMin:  1592 02:46:19    -2398.746876        0.519279
MDMin:  1593 02:46:21    -2398.746877        0.519447
MDMin:  1594 02:46:23    -2398.746877        0.508547
MDMin:  1595 02:46:25    -2398.746878        0.486166
MDMin:  1596 02:46:27    -2398.746878        0.452728
MDMin:  1597 02:46:29    -2398.746879        0.409881
MDMin:  1598 02:46:30    -2398.746879        0.360928
MDMin:  1599 02:46:32    -2398.746880        0.311294
MDMin:  1600 02:46:34    -2398.746881        0.268708
MDMin:  1601 02:46:35    -2398.746881        0.241719
MDMin:  1602 02:46:36    -2398.746882        0.235061
MDMin:  1603 02:46:38    -2398.746883        0.245981
MDMin:  1604 02:46:39    -2398.746884        0.267650
MDMin:  1605 02:46:41    -2398.746884        0.294340
MDMin:  1606 02:46:43    -2398.746885        0.322642
MDMin:  1607 02:46:44    -2398.746885        0.350568
MDMin:  1608 02:46:46    -2398.746886        0.376670
MDMin:  1609 02:46:48    -2398.746887        0.399559
MDMin:  1610 02:46:49    -2398.746887        0.417717
MDMin:  1611 02:46:51    -2398.746888        0.429506
MDMin:  1612 02:46:52    -2398.746888        0.433290
MDMin:  1613 02:46:54    -2398.746889        0.427469
MDMin:  1614 02:46:55    -2398.746889        0.409538
MDMin:  1615 02:46:56    -2398.746890        0.362568
MDMin:  1616 02:46:58    -2398.746890        0.328069
MDMin:  1617 02:47:00    -2398.746891        0.312644
MDMin:  1618 02:47:02    -2398.746891        0.318341
MDMin:  1619 02:47:03    -2398.746892        0.340978
MDMin:  1620 02:47:05    -2398.746892        0.372946
MDMin:  1621 02:47:06    -2398.746892        0.407332
MDMin:  1622 02:47:08    -2398.746893        0.439359
MDMin:  1623 02:47:09    -2398.746893        0.465936
MDMin:  1624 02:47:11    -2398.746894        0.484861
MDMin:  1625 02:47:12    -2398.746894        0.494327
MDMin:  1626 02:47:14    -2398.746894        0.492819
MDMin:  1627 02:47:15    -2398.746895        0.479378
MDMin:  1628 02:47:16    -2398.746895        0.454112
MDMin:  1629 02:47:18    -2398.746896        0.418792
MDMin:  1630 02:47:20    -2398.746896        0.377378
MDMin:  1631 02:47:21    -2398.746896        0.336327
MDMin:  1632 02:47:23    -2398.746897        0.304125
MDMin:  1633 02:47:25    -2398.746897        0.288623
MDMin:  1634 02:47:26    -2398.746898        0.292177
MDMin:  1635 02:47:27    -2398.746898        0.309934
MDMin:  1636 02:47:28    -2398.746898        0.334295
MDMin:  1637 02:47:30    -2398.746899        0.359321
MDMin:  1638 02:47:32    -2398.746899        0.381507
MDMin:  1639 02:47:34    -2398.746900        0.398883
MDMin:  1640 02:47:36    -2398.746900        0.410203
MDMin:  1641 02:47:38    -2398.746900        0.414551
MDMin:  1642 02:47:40    -2398.746901        0.411242
MDMin:  1643 02:47:42    -2398.746901        0.399819
MDMin:  1644 02:47:44    -2398.746902        0.379840
MDMin:  1645 02:47:46    -2398.746902        0.349464
MDMin:  1646 02:47:48    -2398.746902        0.287657
MDMin:  1647 02:47:50    -2398.746903        0.205833
MDMin:  1648 02:47:52    -2398.746903        0.093695
MDMin:  1649 02:47:54    -2398.746904        0.224102
MDMin:  1650 02:47:56    -2398.746904        0.309695
MDMin:  1651 02:47:58    -2398.746904        0.400838
MDMin:  1652 02:48:00    -2398.746904        0.492014
MDMin:  1653 02:48:02    -2398.746904        0.567371
MDMin:  1654 02:48:04    -2398.746904        0.588489
MDMin:  1655 02:48:06    -2398.746904        0.553078
MDMin:  1656 02:48:08    -2398.746904        0.369863
MDMin:  1657 02:48:10    -2398.746904        0.195205
MDMin:  1658 02:48:12    -2398.746904        0.535165
MDMin:  1659 02:48:14    -2398.746904        0.449042
MDMin:  1660 02:48:16    -2398.746904        0.563516
MDMin:  1661 02:48:18    -2398.746904        0.497540
MDMin:  1662 02:48:20    -2398.746905        0.277526
MDMin:  1663 02:48:22    -2398.746905        0.122364
MDMin:  1664 02:48:24    -2398.746905        0.189083
MDMin:  1665 02:48:26    -2398.746905        0.243634
MDMin:  1666 02:48:27    -2398.746905        0.279154
MDMin:  1667 02:48:29    -2398.746905        0.293382
MDMin:  1668 02:48:31    -2398.746905        0.453788
MDMin:  1669 02:48:33    -2398.746905        0.520173
MDMin:  1670 02:48:35    -2398.746905        0.533788
MDMin:  1671 02:48:37    -2398.746905        0.563904
MDMin:  1672 02:48:39    -2398.746905        0.548725
MDMin:  1673 02:48:41    -2398.746905        0.484497
MDMin:  1674 02:48:43    -2398.746905        0.380419
MDMin:  1675 02:48:45    -2398.746905        0.255020
MDMin:  1676 02:48:47    -2398.746905        0.169081
MDMin:  1677 02:48:49    -2398.746905        0.152276
MDMin:  1678 02:48:51    -2398.746905        0.198826
MDMin:  1679 02:48:53    -2398.746905        0.236053
MDMin:  1680 02:48:55    -2398.746905        0.261944
MDMin:  1681 02:48:57    -2398.746905        0.278900
MDMin:  1682 02:48:59    -2398.746905        0.288418
MDMin:  1683 02:49:01    -2398.746906        0.290843
MDMin:  1684 02:49:03    -2398.746906        0.284451
MDMin:  1685 02:49:05    -2398.746906        0.341452
MDMin:  1686 02:49:07    -2398.746906        0.395891
MDMin:  1687 02:49:09    -2398.746906        0.448307
MDMin:  1688 02:49:10    -2398.746906        0.466551
MDMin:  1689 02:49:12    -2398.746906        0.480121
MDMin:  1690 02:49:14    -2398.746906        0.504264
MDMin:  1691 02:49:16    -2398.746906        0.523172
MDMin:  1692 02:49:18    -2398.746906        0.533008
MDMin:  1693 02:49:20    -2398.746906        0.530778
MDMin:  1694 02:49:22    -2398.746906        0.514563
MDMin:  1695 02:49:23    -2398.746906        0.483573
MDMin:  1696 02:49:25    -2398.746906        0.438266
MDMin:  1697 02:49:27    -2398.746907        0.380688
MDMin:  1698 02:49:29    -2398.746907        0.315296
MDMin:  1699 02:49:31    -2398.746907        0.250757
MDMin:  1700 02:49:33    -2398.746907        0.215083
MDMin:  1701 02:49:35    -2398.746907        0.190715
MDMin:  1702 02:49:37    -2398.746907        0.202165
MDMin:  1703 02:49:39    -2398.746908        0.229134
MDMin:  1704 02:49:41    -2398.746908        0.254877
MDMin:  1705 02:49:43    -2398.746908        0.275148
MDMin:  1706 02:49:45    -2398.746908        0.289334
MDMin:  1707 02:49:47    -2398.746908        0.297875
MDMin:  1708 02:49:49    -2398.746908        0.301367
MDMin:  1709 02:49:51    -2398.746908        0.300236
MDMin:  1710 02:49:53    -2398.746909        0.294546
MDMin:  1711 02:49:55    -2398.746909        0.283646
MDMin:  1712 02:49:57    -2398.746909        0.264679
MDMin:  1713 02:49:59    -2398.746909        0.249423
MDMin:  1714 02:50:01    -2398.746909        0.238181
MDMin:  1715 02:50:03    -2398.746910        0.232472
MDMin:  1716 02:50:05    -2398.746910        0.233850
MDMin:  1717 02:50:07    -2398.746910        0.242502
MDMin:  1718 02:50:09    -2398.746910        0.256564
MDMin:  1719 02:50:11    -2398.746910        0.273076
MDMin:  1720 02:50:13    -2398.746911        0.289522
MDMin:  1721 02:50:15    -2398.746911        0.304473
MDMin:  1722 02:50:17    -2398.746911        0.317380
MDMin:  1723 02:50:19    -2398.746911        0.335297
MDMin:  1724 02:50:21    -2398.746911        0.352969
MDMin:  1725 02:50:23    -2398.746911        0.366033
MDMin:  1726 02:50:25    -2398.746911        0.374857
MDMin:  1727 02:50:27    -2398.746912        0.379881
MDMin:  1728 02:50:29    -2398.746912        0.381566
MDMin:  1729 02:50:31    -2398.746912        0.380365
MDMin:  1730 02:50:33    -2398.746912        0.376704
MDMin:  1731 02:50:35    -2398.746912        0.370970
MDMin:  1732 02:50:37    -2398.746912        0.363506
MDMin:  1733 02:50:39    -2398.746913        0.354610
MDMin:  1734 02:50:41    -2398.746913        0.344533
MDMin:  1735 02:50:43    -2398.746913        0.333488
MDMin:  1736 02:50:44    -2398.746913        0.321647
MDMin:  1737 02:50:45    -2398.746913        0.310734
MDMin:  1738 02:50:47    -2398.746914        0.300751
MDMin:  1739 02:50:49    -2398.746914        0.290154
MDMin:  1740 02:50:51    -2398.746914        0.279062
MDMin:  1741 02:50:53    -2398.746904        0.302209
MDMin:  1742 02:50:55    -2398.746908        0.302237
MDMin:  1743 02:50:57    -2398.746914        0.268316
MDMin:  1744 02:50:59    -2398.746911        0.302325
MDMin:  1745 02:51:01    -2398.746914        0.268491
MDMin:  1746 02:51:03    -2398.746909        0.302379
MDMin:  1747 02:51:05    -2398.746914        0.268641
MDMin:  1748 02:51:07    -2398.746907        0.302434
MDMin:  1749 02:51:08    -2398.746913        0.302483
MDMin:  1750 02:51:10    -2398.746914        0.269466
MDMin:  1751 02:51:12    -2398.746914        0.269328
MDMin:  1752 02:51:14    -2398.746903        0.302607
MDMin:  1753 02:51:16    -2398.746909        0.302649
MDMin:  1754 02:51:18    -2398.746915        0.269887
MDMin:  1755 02:51:20    -2398.746914        0.302754
MDMin:  1756 02:51:22    -2398.746915        0.270065
MDMin:  1757 02:51:24    -2398.746912        0.302813
MDMin:  1758 02:51:26    -2398.746915        0.270203
MDMin:  1759 02:51:28    -2398.746910        0.302872
MDMin:  1760 02:51:30    -2398.746915        0.270339
MDMin:  1761 02:51:32    -2398.746908        0.302931
MDMin:  1762 02:51:34    -2398.746914        0.302979
MDMin:  1763 02:51:36    -2398.746915        0.271149
MDMin:  1764 02:51:38    -2398.746915        0.271005
MDMin:  1765 02:51:40    -2398.746904        0.303117
MDMin:  1766 02:51:42    -2398.746909        0.303158
MDMin:  1767 02:51:44    -2398.746915        0.271535
MDMin:  1768 02:51:46    -2398.746915        0.303265
MDMin:  1769 02:51:48    -2398.746916        0.271705
MDMin:  1770 02:51:50    -2398.746913        0.303329
MDMin:  1771 02:51:52    -2398.746916        0.271832
MDMin:  1772 02:51:54    -2398.746911        0.303392
MDMin:  1773 02:51:56    -2398.746916        0.271955
MDMin:  1774 02:51:58    -2398.746908        0.303455
MDMin:  1775 02:52:00    -2398.746915        0.303502
MDMin:  1776 02:52:02    -2398.746916        0.272754
MDMin:  1777 02:52:04    -2398.746916        0.272605
MDMin:  1778 02:52:05    -2398.746905        0.303654
MDMin:  1779 02:52:07    -2398.746910        0.303693
MDMin:  1780 02:52:09    -2398.746917        0.273109
MDMin:  1781 02:52:11    -2398.746916        0.303802
MDMin:  1782 02:52:13    -2398.746917        0.273274
MDMin:  1783 02:52:15    -2398.746914        0.303870
MDMin:  1784 02:52:17    -2398.746917        0.273389
MDMin:  1785 02:52:19    -2398.746911        0.303938
MDMin:  1786 02:52:21    -2398.746917        0.273503
MDMin:  1787 02:52:23    -2398.746909        0.304005
MDMin:  1788 02:52:25    -2398.746915        0.304051
MDMin:  1789 02:52:27    -2398.746918        0.274291
MDMin:  1790 02:52:29    -2398.746918        0.274138
MDMin:  1791 02:52:31    -2398.746905        0.304215
MDMin:  1792 02:52:33    -2398.746910        0.304252
MDMin:  1793 02:52:35    -2398.746918        0.274619
MDMin:  1794 02:52:37    -2398.746916        0.304363
MDMin:  1795 02:52:38    -2398.746918        0.274779
MDMin:  1796 02:52:40    -2398.746914        0.304436
MDMin:  1797 02:52:42    -2398.746919        0.274886
MDMin:  1798 02:52:44    -2398.746912        0.304507
MDMin:  1799 02:52:46    -2398.746918        0.304552
MDMin:  1800 02:52:48    -2398.746919        0.275666
MDMin:  1801 02:52:50    -2398.746919        0.275510
MDMin:  1802 02:52:52    -2398.746908        0.304725
MDMin:  1803 02:52:54    -2398.746913        0.304762
MDMin:  1804 02:52:56    -2398.746920        0.275973
MDMin:  1805 02:52:58    -2398.746919        0.304874
MDMin:  1806 02:53:00    -2398.746920        0.276129
MDMin:  1807 02:53:02    -2398.746917        0.304950
MDMin:  1808 02:53:04    -2398.746920        0.276228
MDMin:  1809 02:53:06    -2398.746914        0.305025
MDMin:  1810 02:53:07    -2398.746920        0.276324
MDMin:  1811 02:53:09    -2398.746912        0.305100
MDMin:  1812 02:53:11    -2398.746918        0.305144
MDMin:  1813 02:53:13    -2398.746921        0.277097
MDMin:  1814 02:53:15    -2398.746921        0.276938
MDMin:  1815 02:53:17    -2398.746908        0.305327
MDMin:  1816 02:53:19    -2398.746913        0.305363
MDMin:  1817 02:53:21    -2398.746922        0.277383
MDMin:  1818 02:53:23    -2398.746919        0.305476
MDMin:  1819 02:53:25    -2398.746922        0.277536
MDMin:  1820 02:53:27    -2398.746917        0.305555
MDMin:  1821 02:53:29    -2398.746922        0.277628
MDMin:  1822 02:53:31    -2398.746914        0.305634
MDMin:  1823 02:53:33    -2398.746921        0.305677
MDMin:  1824 02:53:35    -2398.746923        0.278396
MDMin:  1825 02:53:37    -2398.746923        0.278234
MDMin:  1826 02:53:39    -2398.746911        0.305869
MDMin:  1827 02:53:41    -2398.746916        0.305903
MDMin:  1828 02:53:43    -2398.746924        0.278664
MDMin:  1829 02:53:45    -2398.746922        0.306018
MDMin:  1830 02:53:47    -2398.746924        0.278814
MDMin:  1831 02:53:49    -2398.746919        0.306100
MDMin:  1832 02:53:51    -2398.746925        0.278900
MDMin:  1833 02:53:53    -2398.746917        0.306181
MDMin:  1834 02:53:55    -2398.746923        0.306223
MDMin:  1835 02:53:57    -2398.746926        0.279663
MDMin:  1836 02:53:59    -2398.746926        0.279499
MDMin:  1837 02:54:00    -2398.746913        0.306424
MDMin:  1838 02:54:02    -2398.746918        0.306457
MDMin:  1839 02:54:04    -2398.746927        0.279915
MDMin:  1840 02:54:06    -2398.746924        0.306572
MDMin:  1841 02:54:08    -2398.746927        0.280063
MDMin:  1842 02:54:09    -2398.746922        0.306658
MDMin:  1843 02:54:11    -2398.746927        0.280143
MDMin:  1844 02:54:12    -2398.746919        0.306742
MDMin:  1845 02:54:13    -2398.746925        0.306783
MDMin:  1846 02:54:14    -2398.746928        0.280902
MDMin:  1847 02:54:15    -2398.746928        0.280736
MDMin:  1848 02:54:17    -2398.746916        0.306991
MDMin:  1849 02:54:18    -2398.746921        0.307023
MDMin:  1850 02:54:19    -2398.746929        0.281140
MDMin:  1851 02:54:21    -2398.746926        0.307139
MDMin:  1852 02:54:22    -2398.746929        0.281286
MDMin:  1853 02:54:23    -2398.746924        0.307227
MDMin:  1854 02:54:24    -2398.746930        0.281360
MDMin:  1855 02:54:26    -2398.746921        0.307314
MDMin:  1856 02:54:28    -2398.746928        0.307354
MDMin:  1857 02:54:30    -2398.746931        0.282116
MDMin:  1858 02:54:32    -2398.746931        0.281948
MDMin:  1859 02:54:34    -2398.746918        0.307570
MDMin:  1860 02:54:36    -2398.746923        0.307601
MDMin:  1861 02:54:38    -2398.746932        0.282341
MDMin:  1862 02:54:40    -2398.746928        0.307717
MDMin:  1863 02:54:42    -2398.746932        0.282485
MDMin:  1864 02:54:44    -2398.746926        0.307807
MDMin:  1865 02:54:46    -2398.746932        0.307847
MDMin:  1866 02:54:48    -2398.746934        0.283244
MDMin:  1867 02:54:50    -2398.746934        0.283074
MDMin:  1868 02:54:52    -2398.746923        0.308069
MDMin:  1869 02:54:54    -2398.746928        0.308099
MDMin:  1870 02:54:56    -2398.746935        0.283456
MDMin:  1871 02:54:57    -2398.746933        0.308215
MDMin:  1872 02:54:59    -2398.746935        0.283599
MDMin:  1873 02:55:01    -2398.746931        0.308308
MDMin:  1874 02:55:04    -2398.746935        0.283664
MDMin:  1875 02:55:06    -2398.746928        0.308400
MDMin:  1876 02:55:08    -2398.746934        0.308438
MDMin:  1877 02:55:10    -2398.746937        0.284415
MDMin:  1878 02:55:12    -2398.746937        0.284243
MDMin:  1879 02:55:14    -2398.746925        0.308667
MDMin:  1880 02:55:15    -2398.746929        0.308696
MDMin:  1881 02:55:17    -2398.746938        0.284616
MDMin:  1882 02:55:19    -2398.746935        0.308812
MDMin:  1883 02:55:21    -2398.746938        0.284757
MDMin:  1884 02:55:23    -2398.746933        0.308908
MDMin:  1885 02:55:25    -2398.746939        0.284817
MDMin:  1886 02:55:27    -2398.746930        0.309002
MDMin:  1887 02:55:29    -2398.746936        0.309038
MDMin:  1888 02:55:31    -2398.746940        0.285567
MDMin:  1889 02:55:33    -2398.746940        0.285393
MDMin:  1890 02:55:35    -2398.746927        0.309274
MDMin:  1891 02:55:36    -2398.746931        0.309301
MDMin:  1892 02:55:38    -2398.746941        0.285756
MDMin:  1893 02:55:40    -2398.746937        0.309418
MDMin:  1894 02:55:42    -2398.746942        0.285896
MDMin:  1895 02:55:44    -2398.746935        0.309516
MDMin:  1896 02:55:46    -2398.746941        0.309552
MDMin:  1897 02:55:48    -2398.746943        0.286651
MDMin:  1898 02:55:50    -2398.746943        0.286476
MDMin:  1899 02:55:52    -2398.746931        0.309792
MDMin:  1900 02:55:54    -2398.746936        0.309819
MDMin:  1901 02:55:56    -2398.746944        0.286831
MDMin:  1902 02:55:58    -2398.746941        0.309936
MDMin:  1903 02:56:00    -2398.746945        0.286969
MDMin:  1904 02:56:02    -2398.746939        0.310036
MDMin:  1905 02:56:04    -2398.746945        0.310071
MDMin:  1906 02:56:06    -2398.746947        0.287724
MDMin:  1907 02:56:08    -2398.746946        0.287546
MDMin:  1908 02:56:10    -2398.746935        0.310316
MDMin:  1909 02:56:12    -2398.746940        0.310343
MDMin:  1910 02:56:14    -2398.746948        0.287894
MDMin:  1911 02:56:15    -2398.746946        0.310459
MDMin:  1912 02:56:17    -2398.746948        0.288031
MDMin:  1913 02:56:19    -2398.746943        0.310561
MDMin:  1914 02:56:21    -2398.746949        0.288080
MDMin:  1915 02:56:23    -2398.746940        0.310661
MDMin:  1916 02:56:25    -2398.746946        0.310695
MDMin:  1917 02:56:27    -2398.746950        0.288826
MDMin:  1918 02:56:29    -2398.746950        0.288647
MDMin:  1919 02:56:31    -2398.746937        0.310946
MDMin:  1920 02:56:33    -2398.746941        0.310971
MDMin:  1921 02:56:35    -2398.746952        0.288986
MDMin:  1922 02:56:37    -2398.746947        0.311088
MDMin:  1923 02:56:39    -2398.746952        0.289122
MDMin:  1924 02:56:41    -2398.746945        0.311191
MDMin:  1925 02:56:43    -2398.746951        0.311224
MDMin:  1926 02:56:45    -2398.746954        0.289875
MDMin:  1927 02:56:47    -2398.746954        0.289695
MDMin:  1928 02:56:49    -2398.746941        0.311480
MDMin:  1929 02:56:51    -2398.746945        0.311504
MDMin:  1930 02:56:53    -2398.746955        0.290027
MDMin:  1931 02:56:55    -2398.746951        0.311620
MDMin:  1932 02:56:57    -2398.746956        0.290162
MDMin:  1933 02:56:59    -2398.746949        0.311725
MDMin:  1934 02:57:01    -2398.746955        0.311757
MDMin:  1935 02:57:03    -2398.746958        0.290915
MDMin:  1936 02:57:05    -2398.746957        0.290733
MDMin:  1937 02:57:07    -2398.746945        0.312017
MDMin:  1938 02:57:09    -2398.746949        0.312041
MDMin:  1939 02:57:11    -2398.746959        0.291058
MDMin:  1940 02:57:12    -2398.746955        0.312157
MDMin:  1941 02:57:14    -2398.746959        0.291192
MDMin:  1942 02:57:16    -2398.746952        0.312263
MDMin:  1943 02:57:18    -2398.746959        0.312294
MDMin:  1944 02:57:20    -2398.746961        0.291945
MDMin:  1945 02:57:22    -2398.746961        0.291761
MDMin:  1946 02:57:24    -2398.746949        0.312559
MDMin:  1947 02:57:26    -2398.746953        0.312581
MDMin:  1948 02:57:28    -2398.746963        0.292080
MDMin:  1949 02:57:30    -2398.746959        0.312697
MDMin:  1950 02:57:32    -2398.746963        0.292212
MDMin:  1951 02:57:34    -2398.746956        0.312805
MDMin:  1952 02:57:36    -2398.746962        0.312835
MDMin:  1953 02:57:38    -2398.746965        0.292965
MDMin:  1954 02:57:40    -2398.746965        0.292779
MDMin:  1955 02:57:41    -2398.746952        0.313104
MDMin:  1956 02:57:43    -2398.746957        0.313125
MDMin:  1957 02:57:45    -2398.746967        0.293092
MDMin:  1958 02:57:47    -2398.746962        0.313241
MDMin:  1959 02:57:49    -2398.746967        0.293223
MDMin:  1960 02:57:51    -2398.746960        0.313350
MDMin:  1961 02:57:53    -2398.746966        0.313379
MDMin:  1962 02:57:55    -2398.746969        0.293977
MDMin:  1963 02:57:57    -2398.746969        0.293789
MDMin:  1964 02:57:59    -2398.746956        0.313652
MDMin:  1965 02:58:01    -2398.746960        0.313672
MDMin:  1966 02:58:03    -2398.746971        0.294095
MDMin:  1967 02:58:05    -2398.746966        0.313788
MDMin:  1968 02:58:07    -2398.746971        0.294226
MDMin:  1969 02:58:09    -2398.746963        0.313898
MDMin:  1970 02:58:11    -2398.746969        0.313926
MDMin:  1971 02:58:13    -2398.746973        0.294979
MDMin:  1972 02:58:15    -2398.746973        0.294790
MDMin:  1973 02:58:17    -2398.746959        0.314203
MDMin:  1974 02:58:19    -2398.746964        0.314222
MDMin:  1975 02:58:21    -2398.746975        0.295090
MDMin:  1976 02:58:23    -2398.746969        0.314337
MDMin:  1977 02:58:25    -2398.746975        0.295219
MDMin:  1978 02:58:27    -2398.746967        0.314449
MDMin:  1979 02:58:29    -2398.746973        0.314475
MDMin:  1980 02:58:31    -2398.746978        0.295974
MDMin:  1981 02:58:33    -2398.746977        0.295782
MDMin:  1982 02:58:35    -2398.746962        0.314756
MDMin:  1983 02:58:37    -2398.746967        0.314775
MDMin:  1984 02:58:39    -2398.746979        0.296075
MDMin:  1985 02:58:41    -2398.746972        0.314889
MDMin:  1986 02:58:43    -2398.746979        0.314916
MDMin:  1987 02:58:45    -2398.746981        0.296959
MDMin:  1988 02:58:47    -2398.746981        0.296764
MDMin:  1989 02:58:49    -2398.746969        0.315203
MDMin:  1990 02:58:51    -2398.746973        0.315221
MDMin:  1991 02:58:53    -2398.746983        0.297050
MDMin:  1992 02:58:55    -2398.746979        0.315335
MDMin:  1993 02:58:57    -2398.746984        0.297177
MDMin:  1994 02:58:59    -2398.746976        0.315449
MDMin:  1995 02:59:01    -2398.746982        0.315473
MDMin:  1996 02:59:03    -2398.746986        0.297932
MDMin:  1997 02:59:05    -2398.746986        0.297735
MDMin:  1998 02:59:06    -2398.746972        0.315761
MDMin:  1999 02:59:07    -2398.746976        0.315778
MDMin:  2000 02:59:08    -2398.746987        0.298014
MDMin:  2001 02:59:10    -2398.746982        0.315891
MDMin:  2002 02:59:11    -2398.746988        0.298140
MDMin:  2003 02:59:12    -2398.746979        0.316007
MDMin:  2004 02:59:13    -2398.746985        0.316030
MDMin:  2005 02:59:15    -2398.746990        0.298895
MDMin:  2006 02:59:17    -2398.746990        0.298696
MDMin:  2007 02:59:19    -2398.746974        0.316322
MDMin:  2008 02:59:21    -2398.746979        0.316338
MDMin:  2009 02:59:23    -2398.746991        0.316383
MDMin:  2010 02:59:25    -2398.746994        0.300031
MDMin:  2011 02:59:26    -2398.746994        0.299829
MDMin:  2012 02:59:28    -2398.746986        0.316701
MDMin:  2013 02:59:30    -2398.746991        0.316716
MDMin:  2014 02:59:32    -2398.746996        0.300093
MDMin:  2015 02:59:34    -2398.746996        0.299868
MDMin:  2016 02:59:36    -2398.746976        0.317020
MDMin:  2017 02:59:38    -2398.746981        0.317035
MDMin:  2018 02:59:40    -2398.746993        0.317077
MDMin:  2019 02:59:42    -2398.747000        0.301156
MDMin:  2020 02:59:44    -2398.747000        0.300950
MDMin:  2021 02:59:46    -2398.746988        0.317397
MDMin:  2022 02:59:48    -2398.746992        0.317411
MDMin:  2023 02:59:50    -2398.747001        0.301208
MDMin:  2024 02:59:52    -2398.746997        0.317522
MDMin:  2025 02:59:54    -2398.747002        0.301329
MDMin:  2026 02:59:56    -2398.746994        0.317640
MDMin:  2027 02:59:58    -2398.747001        0.317660
MDMin:  2028 03:00:00    -2398.747004        0.302085
MDMin:  2029 03:00:02    -2398.747004        0.301878
MDMin:  2030 03:00:04    -2398.746989        0.317962
MDMin:  2031 03:00:06    -2398.746994        0.317976
MDMin:  2032 03:00:08    -2398.747006        0.318013
MDMin:  2033 03:00:10    -2398.747009        0.303204
MDMin:  2034 03:00:12    -2398.747009        0.302994
MDMin:  2035 03:00:14    -2398.747001        0.318338
MDMin:  2036 03:00:16    -2398.747005        0.318350
MDMin:  2037 03:00:18    -2398.747010        0.303237
MDMin:  2038 03:00:20    -2398.747010        0.303003
MDMin:  2039 03:00:22    -2398.746990        0.318666
MDMin:  2040 03:00:24    -2398.746994        0.318678
MDMin:  2041 03:00:26    -2398.747007        0.318712
MDMin:  2042 03:00:28    -2398.747015        0.304282
MDMin:  2043 03:00:29    -2398.747015        0.304069
MDMin:  2044 03:00:31    -2398.747001        0.319038
MDMin:  2045 03:00:32    -2398.747005        0.319049
MDMin:  2046 03:00:34    -2398.747016        0.304306
MDMin:  2047 03:00:36    -2398.747011        0.319158
MDMin:  2048 03:00:38    -2398.747017        0.304423
MDMin:  2049 03:00:40    -2398.747008        0.319279
MDMin:  2050 03:00:42    -2398.747014        0.319294
MDMin:  2051 03:00:44    -2398.747020        0.305182
MDMin:  2052 03:00:46    -2398.747019        0.304966
MDMin:  2053 03:00:48    -2398.747002        0.319607
MDMin:  2054 03:00:50    -2398.747006        0.319617
MDMin:  2055 03:00:52    -2398.747019        0.319647
MDMin:  2056 03:00:54    -2398.747024        0.306287
MDMin:  2057 03:00:56    -2398.747024        0.306068
MDMin:  2058 03:00:58    -2398.747013        0.319977
MDMin:  2059 03:01:00    -2398.747017        0.319986
MDMin:  2060 03:01:02    -2398.747026        0.306293
MDMin:  2061 03:01:04    -2398.747022        0.320093
MDMin:  2062 03:01:06    -2398.747027        0.306406
MDMin:  2063 03:01:08    -2398.747019        0.320215
MDMin:  2064 03:01:10    -2398.747025        0.320229
MDMin:  2065 03:01:12    -2398.747029        0.307166
MDMin:  2066 03:01:14    -2398.747029        0.306945
MDMin:  2067 03:01:16    -2398.747013        0.320546
MDMin:  2068 03:01:17    -2398.747017        0.320555
MDMin:  2069 03:01:19    -2398.747030        0.320580
MDMin:  2070 03:01:21    -2398.747034        0.308261
MDMin:  2071 03:01:23    -2398.747033        0.308038
MDMin:  2072 03:01:26    -2398.747024        0.320912
MDMin:  2073 03:01:28    -2398.747028        0.320920
MDMin:  2074 03:01:30    -2398.747035        0.308250
MDMin:  2075 03:01:32    -2398.747033        0.321024
MDMin:  2076 03:01:33    -2398.747036        0.308361
MDMin:  2077 03:01:35    -2398.747030        0.321148
MDMin:  2078 03:01:37    -2398.747036        0.321159
MDMin:  2079 03:01:39    -2398.747039        0.309121
MDMin:  2080 03:01:41    -2398.747039        0.308896
MDMin:  2081 03:01:43    -2398.747024        0.321481
MDMin:  2082 03:01:45    -2398.747028        0.321488
MDMin:  2083 03:01:47    -2398.747040        0.321509
MDMin:  2084 03:01:49    -2398.747043        0.310211
MDMin:  2085 03:01:51    -2398.747043        0.309983
MDMin:  2086 03:01:53    -2398.747034        0.321843
MDMin:  2087 03:01:55    -2398.747038        0.321849
MDMin:  2088 03:01:57    -2398.747045        0.310189
MDMin:  2089 03:01:59    -2398.747043        0.321951
MDMin:  2090 03:02:01    -2398.747046        0.310298
MDMin:  2091 03:02:03    -2398.747040        0.322076
MDMin:  2092 03:02:05    -2398.747046        0.322085
MDMin:  2093 03:02:07    -2398.747049        0.311059
MDMin:  2094 03:02:09    -2398.747049        0.310829
MDMin:  2095 03:02:11    -2398.747033        0.322411
MDMin:  2096 03:02:12    -2398.747038        0.322416
MDMin:  2097 03:02:14    -2398.747050        0.322432
MDMin:  2098 03:02:16    -2398.747053        0.312151
MDMin:  2099 03:02:18    -2398.747053        0.311919
MDMin:  2100 03:02:20    -2398.747044        0.322768
MDMin:  2101 03:02:22    -2398.747048        0.322772
MDMin:  2102 03:02:24    -2398.747055        0.312121
MDMin:  2103 03:02:26    -2398.747053        0.322872
MDMin:  2104 03:02:28    -2398.747056        0.312228
MDMin:  2105 03:02:30    -2398.747049        0.322998
MDMin:  2106 03:02:32    -2398.747056        0.323004
MDMin:  2107 03:02:34    -2398.747059        0.312990
MDMin:  2108 03:02:36    -2398.747059        0.312755
MDMin:  2109 03:02:38    -2398.747043        0.323334
MDMin:  2110 03:02:40    -2398.747047        0.323338
MDMin:  2111 03:02:42    -2398.747060        0.323348
MDMin:  2112 03:02:44    -2398.747064        0.314084
MDMin:  2113 03:02:46    -2398.747064        0.313848
MDMin:  2114 03:02:48    -2398.747053        0.323685
MDMin:  2115 03:02:50    -2398.747057        0.323688
MDMin:  2116 03:02:52    -2398.747066        0.314045
MDMin:  2117 03:02:54    -2398.747062        0.323785
MDMin:  2118 03:02:56    -2398.747066        0.314150
MDMin:  2119 03:02:58    -2398.747059        0.323911
MDMin:  2120 03:03:00    -2398.747065        0.323915
MDMin:  2121 03:03:02    -2398.747069        0.314913
MDMin:  2122 03:03:04    -2398.747069        0.314674
MDMin:  2123 03:03:06    -2398.747051        0.324248
MDMin:  2124 03:03:08    -2398.747056        0.324250
MDMin:  2125 03:03:10    -2398.747069        0.324255
MDMin:  2126 03:03:12    -2398.747074        0.316010
MDMin:  2127 03:03:14    -2398.747074        0.315769
MDMin:  2128 03:03:15    -2398.747062        0.324593
MDMin:  2129 03:03:17    -2398.747066        0.324594
MDMin:  2130 03:03:19    -2398.747076        0.315962
MDMin:  2131 03:03:21    -2398.747071        0.324688
MDMin:  2132 03:03:23    -2398.747077        0.316066
MDMin:  2133 03:03:25    -2398.747067        0.324815
MDMin:  2134 03:03:27    -2398.747073        0.324816
MDMin:  2135 03:03:29    -2398.747080        0.316830
MDMin:  2136 03:03:31    -2398.747080        0.316587
MDMin:  2137 03:03:33    -2398.747060        0.325152
MDMin:  2138 03:03:35    -2398.747064        0.325153
MDMin:  2139 03:03:37    -2398.747077        0.325152
MDMin:  2140 03:03:39    -2398.747085        0.317930
MDMin:  2141 03:03:41    -2398.747085        0.317685
MDMin:  2142 03:03:43    -2398.747070        0.325490
MDMin:  2143 03:03:45    -2398.747074        0.325489
MDMin:  2144 03:03:47    -2398.747087        0.317874
MDMin:  2145 03:03:49    -2398.747079        0.325580
MDMin:  2146 03:03:51    -2398.747086        0.325578
MDMin:  2147 03:03:53    -2398.747090        0.318810
MDMin:  2148 03:03:55    -2398.747090        0.318563
MDMin:  2149 03:03:57    -2398.747073        0.325917
MDMin:  2150 03:03:59    -2398.747077        0.325916
MDMin:  2151 03:04:01    -2398.747090        0.325910
MDMin:  2152 03:04:03    -2398.747095        0.319911
MDMin:  2153 03:04:05    -2398.747095        0.319661
MDMin:  2154 03:04:07    -2398.747082        0.326247
MDMin:  2155 03:04:08    -2398.747087        0.326245
MDMin:  2156 03:04:10    -2398.747097        0.319845
MDMin:  2157 03:04:12    -2398.747092        0.326333
MDMin:  2158 03:04:14    -2398.747098        0.319944
MDMin:  2159 03:04:16    -2398.747088        0.326462
MDMin:  2160 03:04:17    -2398.747094        0.326457
MDMin:  2161 03:04:18    -2398.747101        0.320710
MDMin:  2162 03:04:20    -2398.747101        0.320458
MDMin:  2163 03:04:22    -2398.747080        0.326799
MDMin:  2164 03:04:24    -2398.747084        0.326795
MDMin:  2165 03:04:26    -2398.747097        0.326784
MDMin:  2166 03:04:28    -2398.747106        0.321815
MDMin:  2167 03:04:30    -2398.747106        0.321560
MDMin:  2168 03:04:32    -2398.747089        0.327120
MDMin:  2169 03:04:34    -2398.747094        0.327116
MDMin:  2170 03:04:36    -2398.747107        0.327102
MDMin:  2171 03:04:38    -2398.747112        0.322919
MDMin:  2172 03:04:40    -2398.747111        0.322662
MDMin:  2173 03:04:42    -2398.747099        0.327439
MDMin:  2174 03:04:44    -2398.747103        0.327433
MDMin:  2175 03:04:46    -2398.747114        0.322838
MDMin:  2176 03:04:48    -2398.747108        0.327516
MDMin:  2177 03:04:50    -2398.747114        0.322934
MDMin:  2178 03:04:52    -2398.747104        0.327645
MDMin:  2179 03:04:54    -2398.747110        0.327637
MDMin:  2180 03:04:56    -2398.747117        0.323701
MDMin:  2181 03:04:58    -2398.747117        0.323442
MDMin:  2182 03:04:59    -2398.747095        0.327981
MDMin:  2183 03:05:01    -2398.747100        0.327975
MDMin:  2184 03:05:03    -2398.747113        0.327955
MDMin:  2185 03:05:05    -2398.747123        0.324809
MDMin:  2186 03:05:07    -2398.747123        0.324548
MDMin:  2187 03:05:09    -2398.747105        0.328290
MDMin:  2188 03:05:11    -2398.747109        0.328283
MDMin:  2189 03:05:13    -2398.747123        0.328260
MDMin:  2190 03:05:15    -2398.747128        0.325916
MDMin:  2191 03:05:17    -2398.747128        0.325653
MDMin:  2192 03:05:19    -2398.747114        0.328595
MDMin:  2193 03:05:21    -2398.747119        0.328586
MDMin:  2194 03:05:22    -2398.747130        0.325823
MDMin:  2195 03:05:24    -2398.747124        0.328664
MDMin:  2196 03:05:26    -2398.747131        0.328650
MDMin:  2197 03:05:28    -2398.747134        0.326777
MDMin:  2198 03:05:30    -2398.747133        0.326512
MDMin:  2199 03:05:32    -2398.747116        0.328996
MDMin:  2200 03:05:34    -2398.747121        0.328987
MDMin:  2201 03:05:36    -2398.747134        0.328959
MDMin:  2202 03:05:38    -2398.747139        0.327886
MDMin:  2203 03:05:40    -2398.747139        0.327618
MDMin:  2204 03:05:42    -2398.747125        0.329291
MDMin:  2205 03:05:44    -2398.747130        0.329281
MDMin:  2206 03:05:46    -2398.747141        0.327784
MDMin:  2207 03:05:48    -2398.747135        0.329355
MDMin:  2208 03:05:50    -2398.747142        0.329339
MDMin:  2209 03:05:52    -2398.747145        0.328743
MDMin:  2210 03:05:53    -2398.747144        0.328473
MDMin:  2211 03:05:54    -2398.747127        0.329685
MDMin:  2212 03:05:56    -2398.747131        0.329674
MDMin:  2213 03:05:58    -2398.747145        0.329640
MDMin:  2214 03:06:00    -2398.747150        0.329854
MDMin:  2215 03:06:02    -2398.747150        0.329582
MDMin:  2216 03:06:04    -2398.747136        0.329971
MDMin:  2217 03:06:06    -2398.747140        0.329959
MDMin:  2218 03:06:08    -2398.747152        0.329743
MDMin:  2219 03:06:10    -2398.747145        0.330029
MDMin:  2220 03:06:12    -2398.747152        0.330009
MDMin:  2221 03:06:14    -2398.747156        0.330706
MDMin:  2222 03:06:16    -2398.747156        0.330432
MDMin:  2223 03:06:18    -2398.747137        0.330357
MDMin:  2224 03:06:20    -2398.747141        0.330343
MDMin:  2225 03:06:22    -2398.747155        0.330303
MDMin:  2226 03:06:24    -2398.747161        0.331820
MDMin:  2227 03:06:26    -2398.747161        0.331543
MDMin:  2228 03:06:28    -2398.747146        0.330632
MDMin:  2229 03:06:30    -2398.747150        0.330618
MDMin:  2230 03:06:32    -2398.747163        0.331701
MDMin:  2231 03:06:34    -2398.747155        0.330684
MDMin:  2232 03:06:36    -2398.747162        0.330661
MDMin:  2233 03:06:38    -2398.747167        0.332668
MDMin:  2234 03:06:40    -2398.747167        0.332389
MDMin:  2235 03:06:42    -2398.747146        0.331009
MDMin:  2236 03:06:44    -2398.747151        0.330994
MDMin:  2237 03:06:46    -2398.747165        0.330948
MDMin:  2238 03:06:48    -2398.747173        0.333784
MDMin:  2239 03:06:50    -2398.747172        0.333503
MDMin:  2240 03:06:52    -2398.747155        0.331273
MDMin:  2241 03:06:54    -2398.747160        0.331257
MDMin:  2242 03:06:55    -2398.747174        0.331208
MDMin:  2243 03:06:57    -2398.747178        0.334900
MDMin:  2244 03:06:59    -2398.747178        0.334616
MDMin:  2245 03:07:01    -2398.747164        0.331532
MDMin:  2246 03:07:03    -2398.747168        0.331515
MDMin:  2247 03:07:05    -2398.747180        0.334767
MDMin:  2248 03:07:07    -2398.747173        0.331576
MDMin:  2249 03:07:09    -2398.747181        0.331548
MDMin:  2250 03:07:11    -2398.747184        0.335739
MDMin:  2251 03:07:13    -2398.747184        0.335454
MDMin:  2252 03:07:15    -2398.747164        0.331896
MDMin:  2253 03:07:17    -2398.747169        0.331878
MDMin:  2254 03:07:18    -2398.747183        0.331823
MDMin:  2255 03:07:20    -2398.747190        0.336858
MDMin:  2256 03:07:22    -2398.747190        0.336570
MDMin:  2257 03:07:24    -2398.747172        0.332144
MDMin:  2258 03:07:26    -2398.747177        0.332125
MDMin:  2259 03:07:28    -2398.747191        0.332066
MDMin:  2260 03:07:30    -2398.747196        0.337976
MDMin:  2261 03:07:32    -2398.747196        0.337687
MDMin:  2262 03:07:34    -2398.747181        0.332386
MDMin:  2263 03:07:36    -2398.747186        0.332366
MDMin:  2264 03:07:38    -2398.747198        0.337830
MDMin:  2265 03:07:40    -2398.747190        0.332421
MDMin:  2266 03:07:42    -2398.747198        0.332388
MDMin:  2267 03:07:44    -2398.747201        0.338808
MDMin:  2268 03:07:46    -2398.747201        0.338516
MDMin:  2269 03:07:48    -2398.747180        0.332736
MDMin:  2270 03:07:50    -2398.747185        0.332715
MDMin:  2271 03:07:52    -2398.747199        0.332650
MDMin:  2272 03:07:54    -2398.747207        0.339930
MDMin:  2273 03:07:56    -2398.747207        0.339636
MDMin:  2274 03:07:57    -2398.747189        0.332966
MDMin:  2275 03:07:59    -2398.747193        0.332944
MDMin:  2276 03:08:01    -2398.747207        0.332876
MDMin:  2277 03:08:03    -2398.747213        0.341052
MDMin:  2278 03:08:05    -2398.747213        0.340755
MDMin:  2279 03:08:07    -2398.747197        0.333190
MDMin:  2280 03:08:09    -2398.747201        0.333167
MDMin:  2281 03:08:11    -2398.747215        0.340892
MDMin:  2282 03:08:13    -2398.747206        0.333215
MDMin:  2283 03:08:16    -2398.747213        0.333178
MDMin:  2284 03:08:18    -2398.747219        0.341875
MDMin:  2285 03:08:20    -2398.747219        0.341577
MDMin:  2286 03:08:22    -2398.747195        0.333525
MDMin:  2287 03:08:24    -2398.747200        0.333500
MDMin:  2288 03:08:25    -2398.747215        0.333426
MDMin:  2289 03:08:27    -2398.747225        0.343001
MDMin:  2290 03:08:29    -2398.747225        0.342700
MDMin:  2291 03:08:31    -2398.747203        0.333736
MDMin:  2292 03:08:33    -2398.747208        0.333710
MDMin:  2293 03:08:35    -2398.747222        0.333633
MDMin:  2294 03:08:37    -2398.747231        0.344126
MDMin:  2295 03:08:39    -2398.747231        0.343823
MDMin:  2296 03:08:41    -2398.747211        0.333941
MDMin:  2297 03:08:43    -2398.747216        0.333915
MDMin:  2298 03:08:45    -2398.747230        0.333834
MDMin:  2299 03:08:47    -2398.747237        0.345252
MDMin:  2300 03:08:49    -2398.747237        0.344946
MDMin:  2301 03:08:51    -2398.747219        0.334141
MDMin:  2302 03:08:53    -2398.747223        0.334113
MDMin:  2303 03:08:55    -2398.747238        0.334029
MDMin:  2304 03:08:57    -2398.747243        0.346377
MDMin:  2305 03:08:58    -2398.747243        0.346070
MDMin:  2306 03:09:00    -2398.747226        0.334334
MDMin:  2307 03:09:02    -2398.747231        0.334305
MDMin:  2308 03:09:04    -2398.747245        0.346195
MDMin:  2309 03:09:06    -2398.747235        0.334342
MDMin:  2310 03:09:07    -2398.747243        0.334296
MDMin:  2311 03:09:09    -2398.747249        0.347185
MDMin:  2312 03:09:11    -2398.747249        0.346876
MDMin:  2313 03:09:13    -2398.747224        0.334642
MDMin:  2314 03:09:14    -2398.747229        0.334612
MDMin:  2315 03:09:16    -2398.747243        0.334521
MDMin:  2316 03:09:18    -2398.747255        0.348316
MDMin:  2317 03:09:19    -2398.747255        0.348004
MDMin:  2318 03:09:22    -2398.747231        0.334821
MDMin:  2319 03:09:24    -2398.747236        0.334790
MDMin:  2320 03:09:25    -2398.747251        0.334696
MDMin:  2321 03:09:27    -2398.747261        0.349446
MDMin:  2322 03:09:29    -2398.747261        0.349132
MDMin:  2323 03:09:32    -2398.747238        0.334994
MDMin:  2324 03:09:33    -2398.747243        0.334961
MDMin:  2325 03:09:35    -2398.747258        0.334864
MDMin:  2326 03:09:36    -2398.747267        0.350576
MDMin:  2327 03:09:37    -2398.747267        0.350260
MDMin:  2328 03:09:39    -2398.747245        0.335160
MDMin:  2329 03:09:40    -2398.747250        0.335126
MDMin:  2330 03:09:42    -2398.747265        0.335025
MDMin:  2331 03:09:43    -2398.747274        0.351707
MDMin:  2332 03:09:45    -2398.747273        0.351388
MDMin:  2333 03:09:47    -2398.747252        0.335319
MDMin:  2334 03:09:49    -2398.747257        0.335285
MDMin:  2335 03:09:51    -2398.747272        0.335180
MDMin:  2336 03:09:53    -2398.747280        0.352838
MDMin:  2337 03:09:55    -2398.747279        0.352517
MDMin:  2338 03:09:57    -2398.747259        0.335472
MDMin:  2339 03:09:59    -2398.747264        0.335436
MDMin:  2340 03:10:01    -2398.747279        0.335329
MDMin:  2341 03:10:03    -2398.747286        0.353969
MDMin:  2342 03:10:04    -2398.747286        0.353646
MDMin:  2343 03:10:06    -2398.747265        0.335618
MDMin:  2344 03:10:08    -2398.747270        0.335581
MDMin:  2345 03:10:10    -2398.747285        0.335470
MDMin:  2346 03:10:11    -2398.747292        0.355101
MDMin:  2347 03:10:13    -2398.747292        0.354775
MDMin:  2348 03:10:15    -2398.747272        0.335757
MDMin:  2349 03:10:17    -2398.747277        0.335719
MDMin:  2350 03:10:19    -2398.747292        0.335604
MDMin:  2351 03:10:21    -2398.747298        0.356234
MDMin:  2352 03:10:23    -2398.747298        0.355906
MDMin:  2353 03:10:25    -2398.747278        0.335889
MDMin:  2354 03:10:27    -2398.747283        0.335850
MDMin:  2355 03:10:29    -2398.747298        0.335732
MDMin:  2356 03:10:31    -2398.747305        0.357367
MDMin:  2357 03:10:33    -2398.747304        0.357036
MDMin:  2358 03:10:35    -2398.747284        0.336014
MDMin:  2359 03:10:37    -2398.747289        0.335974
MDMin:  2360 03:10:39    -2398.747304        0.335852
MDMin:  2361 03:10:41    -2398.747311        0.358501
MDMin:  2362 03:10:43    -2398.747311        0.358168
MDMin:  2363 03:10:44    -2398.747290        0.336132
MDMin:  2364 03:10:46    -2398.747295        0.336090
MDMin:  2365 03:10:48    -2398.747310        0.335966
MDMin:  2366 03:10:50    -2398.747317        0.359636
MDMin:  2367 03:10:52    -2398.747317        0.359300
MDMin:  2368 03:10:54    -2398.747296        0.336242
MDMin:  2369 03:10:56    -2398.747301        0.336200
MDMin:  2370 03:10:58    -2398.747316        0.336072
MDMin:  2371 03:11:00    -2398.747323        0.360771
MDMin:  2372 03:11:02    -2398.747323        0.360433
MDMin:  2373 03:11:04    -2398.747302        0.336346
MDMin:  2374 03:11:06    -2398.747307        0.336302
MDMin:  2375 03:11:08    -2398.747322        0.336171
MDMin:  2376 03:11:10    -2398.747330        0.361907
MDMin:  2377 03:11:12    -2398.747329        0.361567
MDMin:  2378 03:11:14    -2398.747307        0.336442
MDMin:  2379 03:11:16    -2398.747312        0.336398
MDMin:  2380 03:11:18    -2398.747328        0.336263
MDMin:  2381 03:11:20    -2398.747336        0.363044
MDMin:  2382 03:11:22    -2398.747336        0.362702
MDMin:  2383 03:11:24    -2398.747313        0.336531
MDMin:  2384 03:11:26    -2398.747318        0.336486
MDMin:  2385 03:11:28    -2398.747333        0.336348
MDMin:  2386 03:11:30    -2398.747342        0.364182
MDMin:  2387 03:11:32    -2398.747342        0.363838
MDMin:  2388 03:11:34    -2398.747318        0.336613
MDMin:  2389 03:11:35    -2398.747323        0.336566
MDMin:  2390 03:11:37    -2398.747338        0.336425
MDMin:  2391 03:11:39    -2398.747349        0.365321
MDMin:  2392 03:11:41    -2398.747348        0.364974
MDMin:  2393 03:11:43    -2398.747323        0.336688
MDMin:  2394 03:11:45    -2398.747328        0.336640
MDMin:  2395 03:11:47    -2398.747343        0.336495
MDMin:  2396 03:11:49    -2398.747355        0.366461
MDMin:  2397 03:11:51    -2398.747355        0.366112
MDMin:  2398 03:11:53    -2398.747328        0.336755
MDMin:  2399 03:11:55    -2398.747333        0.336706
MDMin:  2400 03:11:57    -2398.747348        0.336557
MDMin:  2401 03:11:59    -2398.747361        0.367602
MDMin:  2402 03:12:01    -2398.747361        0.367250
MDMin:  2403 03:12:03    -2398.747332        0.336814
MDMin:  2404 03:12:05    -2398.747338        0.336764
MDMin:  2405 03:12:07    -2398.747353        0.336612
MDMin:  2406 03:12:09    -2398.747368        0.368744
MDMin:  2407 03:12:11    -2398.747367        0.368390
MDMin:  2408 03:12:13    -2398.747337        0.336867
MDMin:  2409 03:12:15    -2398.747342        0.336815
MDMin:  2410 03:12:17    -2398.747358        0.336660
MDMin:  2411 03:12:19    -2398.747374        0.369886
MDMin:  2412 03:12:20    -2398.747373        0.336527
MDMin:  2413 03:12:22    -2398.747375        0.369973
MDMin:  2414 03:12:24    -2398.747365        0.336645
MDMin:  2415 03:12:26    -2398.747371        0.336576
MDMin:  2416 03:12:28    -2398.747379        0.370734
MDMin:  2417 03:12:30    -2398.747377        0.336537
MDMin:  2418 03:12:32    -2398.747380        0.370791
MDMin:  2419 03:12:34    -2398.747369        0.336657
MDMin:  2420 03:12:36    -2398.747375        0.336587
MDMin:  2421 03:12:38    -2398.747383        0.371546
MDMin:  2422 03:12:40    -2398.747381        0.336547
MDMin:  2423 03:12:42    -2398.747384        0.371601
MDMin:  2424 03:12:44    -2398.747372        0.336667
MDMin:  2425 03:12:46    -2398.747379        0.336596
MDMin:  2426 03:12:48    -2398.747388        0.372356
MDMin:  2427 03:12:50    -2398.747385        0.336554
MDMin:  2428 03:12:52    -2398.747388        0.372409
MDMin:  2429 03:12:54    -2398.747376        0.336674
MDMin:  2430 03:12:56    -2398.747383        0.336603
MDMin:  2431 03:12:58    -2398.747392        0.373163
MDMin:  2432 03:13:00    -2398.747389        0.336559
MDMin:  2433 03:13:02    -2398.747393        0.373214
MDMin:  2434 03:13:04    -2398.747380        0.336679
MDMin:  2435 03:13:05    -2398.747387        0.336606
MDMin:  2436 03:13:07    -2398.747396        0.373967
MDMin:  2437 03:13:08    -2398.747392        0.336561
MDMin:  2438 03:13:10    -2398.747397        0.374016
MDMin:  2439 03:13:11    -2398.747383        0.336680
MDMin:  2440 03:13:13    -2398.747390        0.336607
MDMin:  2441 03:13:14    -2398.747401        0.374769
MDMin:  2442 03:13:16    -2398.747396        0.336560
MDMin:  2443 03:13:18    -2398.747402        0.374817
MDMin:  2444 03:13:20    -2398.747386        0.336679
MDMin:  2445 03:13:22    -2398.747393        0.336605
MDMin:  2446 03:13:24    -2398.747405        0.375569
MDMin:  2447 03:13:26    -2398.747399        0.336557
MDMin:  2448 03:13:28    -2398.747406        0.375614
MDMin:  2449 03:13:30    -2398.747389        0.336676
MDMin:  2450 03:13:32    -2398.747396        0.336601
MDMin:  2451 03:13:34    -2398.747409        0.376366
MDMin:  2452 03:13:36    -2398.747402        0.336550
MDMin:  2453 03:13:38    -2398.747410        0.336462
MDMin:  2454 03:13:40    -2398.747414        0.377432
MDMin:  2455 03:13:42    -2398.747413        0.377056
MDMin:  2456 03:13:44    -2398.747384        0.336787
MDMin:  2457 03:13:46    -2398.747389        0.336728
MDMin:  2458 03:13:48    -2398.747405        0.336549
MDMin:  2459 03:13:50    -2398.747420        0.378566
MDMin:  2460 03:13:52    -2398.747420        0.378192
MDMin:  2461 03:13:54    -2398.747387        0.336781
MDMin:  2462 03:13:56    -2398.747392        0.336720
MDMin:  2463 03:13:58    -2398.747408        0.336538
MDMin:  2464 03:14:00    -2398.747426        0.379712
MDMin:  2465 03:14:02    -2398.747423        0.336366
MDMin:  2466 03:14:04    -2398.747427        0.379789
MDMin:  2467 03:14:06    -2398.747414        0.336481
MDMin:  2468 03:14:08    -2398.747420        0.336401
MDMin:  2469 03:14:10    -2398.747431        0.380542
MDMin:  2470 03:14:11    -2398.747426        0.336343
MDMin:  2471 03:14:13    -2398.747432        0.380576
MDMin:  2472 03:14:15    -2398.747416        0.336462
MDMin:  2473 03:14:17    -2398.747423        0.336382
MDMin:  2474 03:14:19    -2398.747435        0.381321
MDMin:  2475 03:14:21    -2398.747428        0.336323
MDMin:  2476 03:14:23    -2398.747436        0.336228
MDMin:  2477 03:14:25    -2398.747439        0.382387
MDMin:  2478 03:14:27    -2398.747439        0.381995
MDMin:  2479 03:14:29    -2398.747408        0.336553
MDMin:  2480 03:14:31    -2398.747413        0.336490
MDMin:  2481 03:14:33    -2398.747430        0.336298
MDMin:  2482 03:14:35    -2398.747446        0.383511
MDMin:  2483 03:14:37    -2398.747445        0.336112
MDMin:  2484 03:14:39    -2398.747447        0.383584
MDMin:  2485 03:14:41    -2398.747435        0.336226
MDMin:  2486 03:14:43    -2398.747442        0.336143
MDMin:  2487 03:14:45    -2398.747450        0.384333
MDMin:  2488 03:14:47    -2398.747447        0.336078
MDMin:  2489 03:14:49    -2398.747451        0.384357
MDMin:  2490 03:14:51    -2398.747436        0.336196
MDMin:  2491 03:14:53    -2398.747443        0.336113
MDMin:  2492 03:14:55    -2398.747455        0.385098
MDMin:  2493 03:14:57    -2398.747448        0.336048
MDMin:  2494 03:14:58    -2398.747455        0.385119
MDMin:  2495 03:15:00    -2398.747438        0.336166
MDMin:  2496 03:15:02    -2398.747444        0.336082
MDMin:  2497 03:15:04    -2398.747459        0.385859
MDMin:  2498 03:15:06    -2398.747449        0.336014
MDMin:  2499 03:15:08    -2398.747457        0.335915
MDMin:  2500 03:15:10    -2398.747463        0.386925
MDMin:  2501 03:15:12    -2398.747462        0.386519
MDMin:  2502 03:15:14    -2398.747428        0.336239
MDMin:  2503 03:15:16    -2398.747433        0.336172
MDMin:  2504 03:15:18    -2398.747450        0.335968
MDMin:  2505 03:15:20    -2398.747469        0.388040
MDMin:  2506 03:15:22    -2398.747465        0.335765
MDMin:  2507 03:15:24    -2398.747470        0.388109
MDMin:  2508 03:15:26    -2398.747455        0.335877
MDMin:  2509 03:15:28    -2398.747461        0.335791
MDMin:  2510 03:15:30    -2398.747474        0.388854
MDMin:  2511 03:15:32    -2398.747466        0.335718
MDMin:  2512 03:15:34    -2398.747474        0.335615
MDMin:  2513 03:15:36    -2398.747478        0.389919
MDMin:  2514 03:15:37    -2398.747477        0.389503
MDMin:  2515 03:15:39    -2398.747444        0.335940
MDMin:  2516 03:15:41    -2398.747449        0.335870
MDMin:  2517 03:15:43    -2398.747466        0.335660
MDMin:  2518 03:15:45    -2398.747484        0.391026
MDMin:  2519 03:15:47    -2398.747481        0.335446
MDMin:  2520 03:15:48    -2398.747485        0.391092
MDMin:  2521 03:15:50    -2398.747470        0.335557
MDMin:  2522 03:15:52    -2398.747477        0.335468
MDMin:  2523 03:15:54    -2398.747489        0.391833
MDMin:  2524 03:15:56    -2398.747481        0.335391
MDMin:  2525 03:15:58    -2398.747489        0.335285
MDMin:  2526 03:16:00    -2398.747493        0.392897
MDMin:  2527 03:16:02    -2398.747492        0.392472
MDMin:  2528 03:16:04    -2398.747458        0.335610
MDMin:  2529 03:16:06    -2398.747464        0.335538
MDMin:  2530 03:16:07    -2398.747480        0.335320
MDMin:  2531 03:16:09    -2398.747499        0.393997
MDMin:  2532 03:16:12    -2398.747495        0.335096
MDMin:  2533 03:16:13    -2398.747500        0.394060
MDMin:  2534 03:16:15    -2398.747484        0.335207
MDMin:  2535 03:16:17    -2398.747491        0.335115
MDMin:  2536 03:16:19    -2398.747504        0.394798
MDMin:  2537 03:16:21    -2398.747495        0.335033
MDMin:  2538 03:16:23    -2398.747503        0.334925
MDMin:  2539 03:16:25    -2398.747508        0.395860
MDMin:  2540 03:16:27    -2398.747507        0.395426
MDMin:  2541 03:16:29    -2398.747471        0.335250
MDMin:  2542 03:16:31    -2398.747477        0.335175
MDMin:  2543 03:16:33    -2398.747493        0.334950
MDMin:  2544 03:16:35    -2398.747514        0.396952
MDMin:  2545 03:16:37    -2398.747508        0.334716
MDMin:  2546 03:16:39    -2398.747515        0.397013
MDMin:  2547 03:16:41    -2398.747497        0.334826
MDMin:  2548 03:16:43    -2398.747504        0.334732
MDMin:  2549 03:16:45    -2398.747519        0.397748
MDMin:  2550 03:16:47    -2398.747508        0.334646
MDMin:  2551 03:16:49    -2398.747516        0.334534
MDMin:  2552 03:16:51    -2398.747523        0.398809
MDMin:  2553 03:16:53    -2398.747521        0.334422
MDMin:  2554 03:16:55    -2398.747524        0.398826
MDMin:  2555 03:16:57    -2398.747509        0.334536
MDMin:  2556 03:16:59    -2398.747516        0.334441
MDMin:  2557 03:17:01    -2398.747527        0.399552
MDMin:  2558 03:17:03    -2398.747520        0.334353
MDMin:  2559 03:17:05    -2398.747528        0.399534
MDMin:  2560 03:17:07    -2398.747507        0.334470
MDMin:  2561 03:17:09    -2398.747514        0.334375
MDMin:  2562 03:17:11    -2398.747531        0.400254
MDMin:  2563 03:17:13    -2398.747518        0.334286
MDMin:  2564 03:17:15    -2398.747526        0.334173
MDMin:  2565 03:17:17    -2398.747535        0.401313
MDMin:  2566 03:17:19    -2398.747531        0.334057
MDMin:  2567 03:17:20    -2398.747536        0.401323
MDMin:  2568 03:17:22    -2398.747519        0.334170
MDMin:  2569 03:17:24    -2398.747526        0.334073
MDMin:  2570 03:17:26    -2398.747540        0.402046
MDMin:  2571 03:17:28    -2398.747529        0.333982
MDMin:  2572 03:17:30    -2398.747537        0.333867
MDMin:  2573 03:17:32    -2398.747544        0.403103
MDMin:  2574 03:17:34    -2398.747543        0.333749
MDMin:  2575 03:17:36    -2398.747545        0.403108
MDMin:  2576 03:17:38    -2398.747530        0.333863
MDMin:  2577 03:17:40    -2398.747537        0.333765
MDMin:  2578 03:17:42    -2398.747548        0.403827
MDMin:  2579 03:17:44    -2398.747540        0.333671
MDMin:  2580 03:17:46    -2398.747548        0.333555
MDMin:  2581 03:17:48    -2398.747552        0.404882
MDMin:  2582 03:17:50    -2398.747551        0.404418
MDMin:  2583 03:17:52    -2398.747513        0.333881
MDMin:  2584 03:17:54    -2398.747518        0.333800
MDMin:  2585 03:17:56    -2398.747535        0.333556
MDMin:  2586 03:17:58    -2398.747559        0.405948
MDMin:  2587 03:18:00    -2398.747550        0.333292
MDMin:  2588 03:18:02    -2398.747559        0.333168
MDMin:  2589 03:18:04    -2398.747563        0.407113
MDMin:  2590 03:18:06    -2398.747562        0.406649
MDMin:  2591 03:18:08    -2398.747524        0.333483
MDMin:  2592 03:18:10    -2398.747529        0.333400
MDMin:  2593 03:18:12    -2398.747546        0.333152
MDMin:  2594 03:18:14    -2398.747569        0.408187
MDMin:  2595 03:18:16    -2398.747561        0.332882
MDMin:  2596 03:18:18    -2398.747570        0.332755
MDMin:  2597 03:18:20    -2398.747574        0.409355
MDMin:  2598 03:18:22    -2398.747573        0.408884
MDMin:  2599 03:18:24    -2398.747534        0.333070
MDMin:  2600 03:18:26    -2398.747539        0.332986
MDMin:  2601 03:18:28    -2398.747556        0.332733
MDMin:  2602 03:18:30    -2398.747580        0.410423
MDMin:  2603 03:18:32    -2398.747571        0.332456
MDMin:  2604 03:18:34    -2398.747580        0.332328
MDMin:  2605 03:18:36    -2398.747584        0.411594
MDMin:  2606 03:18:38    -2398.747584        0.411116
MDMin:  2607 03:18:40    -2398.747543        0.332642
MDMin:  2608 03:18:42    -2398.747549        0.332557
MDMin:  2609 03:18:44    -2398.747566        0.332299
MDMin:  2610 03:18:46    -2398.747591        0.412655
MDMin:  2611 03:18:48    -2398.747581        0.332016
MDMin:  2612 03:18:50    -2398.747589        0.331886
MDMin:  2613 03:18:52    -2398.747595        0.413830
MDMin:  2614 03:18:54    -2398.747594        0.331744
MDMin:  2615 03:18:56    -2398.747596        0.413817
MDMin:  2616 03:18:58    -2398.747580        0.331856
MDMin:  2617 03:19:00    -2398.747587        0.331752
MDMin:  2618 03:19:02    -2398.747599        0.414520
MDMin:  2619 03:19:04    -2398.747589        0.331646
MDMin:  2620 03:19:06    -2398.747597        0.331522
MDMin:  2621 03:19:08    -2398.747603        0.415565
MDMin:  2622 03:19:10    -2398.747601        0.331388
MDMin:  2623 03:19:12    -2398.747604        0.415534
MDMin:  2624 03:19:14    -2398.747587        0.331502
MDMin:  2625 03:19:16    -2398.747594        0.331397
MDMin:  2626 03:19:18    -2398.747607        0.416232
MDMin:  2627 03:19:20    -2398.747596        0.331289
MDMin:  2628 03:19:22    -2398.747604        0.331164
MDMin:  2629 03:19:24    -2398.747611        0.417276
MDMin:  2630 03:19:26    -2398.747608        0.331028
MDMin:  2631 03:19:28    -2398.747612        0.417239
MDMin:  2632 03:19:29    -2398.747593        0.331142
MDMin:  2633 03:19:31    -2398.747600        0.331036
MDMin:  2634 03:19:33    -2398.747615        0.417935
MDMin:  2635 03:19:35    -2398.747602        0.330927
MDMin:  2636 03:19:37    -2398.747610        0.330800
MDMin:  2637 03:19:39    -2398.747620        0.418977
MDMin:  2638 03:19:41    -2398.747614        0.330662
MDMin:  2639 03:19:43    -2398.747620        0.418935
MDMin:  2640 03:19:45    -2398.747599        0.330776
MDMin:  2641 03:19:47    -2398.747606        0.330669
MDMin:  2642 03:19:49    -2398.747624        0.419629
MDMin:  2643 03:19:51    -2398.747607        0.330558
MDMin:  2644 03:19:53    -2398.747615        0.330431
MDMin:  2645 03:19:55    -2398.747628        0.420669
MDMin:  2646 03:19:57    -2398.747619        0.330291
MDMin:  2647 03:19:59    -2398.747627        0.330160
MDMin:  2648 03:20:01    -2398.747632        0.421751
MDMin:  2649 03:20:03    -2398.747631        0.330016
MDMin:  2650 03:20:05    -2398.747632        0.421705
MDMin:  2651 03:20:06    -2398.747615        0.330130
MDMin:  2652 03:20:08    -2398.747622        0.330022
MDMin:  2653 03:20:09    -2398.747636        0.422393
MDMin:  2654 03:20:10    -2398.747624        0.329909
MDMin:  2655 03:20:11    -2398.747632        0.329780
MDMin:  2656 03:20:13    -2398.747640        0.423429
MDMin:  2657 03:20:14    -2398.747635        0.329638
MDMin:  2658 03:20:15    -2398.747640        0.423374
MDMin:  2659 03:20:17    -2398.747619        0.329752
MDMin:  2660 03:20:18    -2398.747626        0.329643
MDMin:  2661 03:20:19    -2398.747644        0.424059
MDMin:  2662 03:20:21    -2398.747627        0.329528
MDMin:  2663 03:20:22    -2398.747635        0.329398
MDMin:  2664 03:20:23    -2398.747648        0.425094
MDMin:  2665 03:20:25    -2398.747638        0.329254
MDMin:  2666 03:20:26    -2398.747647        0.329121
MDMin:  2667 03:20:27    -2398.747652        0.426170
MDMin:  2668 03:20:29    -2398.747650        0.328973
MDMin:  2669 03:20:30    -2398.747653        0.426110
MDMin:  2670 03:20:32    -2398.747634        0.329087
MDMin:  2671 03:20:33    -2398.747641        0.328977
MDMin:  2672 03:20:35    -2398.747656        0.426791
MDMin:  2673 03:20:37    -2398.747642        0.328860
MDMin:  2674 03:20:39    -2398.747650        0.328729
MDMin:  2675 03:20:41    -2398.747660        0.427822
MDMin:  2676 03:20:43    -2398.747653        0.328583
MDMin:  2677 03:20:44    -2398.747661        0.427752
MDMin:  2678 03:20:46    -2398.747636        0.328697
MDMin:  2679 03:20:48    -2398.747643        0.328586
MDMin:  2680 03:20:50    -2398.747662        0.328284
MDMin:  2681 03:20:52    -2398.747669        0.430160
MDMin:  2682 03:20:54    -2398.747668        0.429684
MDMin:  2683 03:20:56    -2398.747632        0.328398
MDMin:  2684 03:20:58    -2398.747638        0.328303
MDMin:  2685 03:21:00    -2398.747656        0.328015
MDMin:  2686 03:21:02    -2398.747676        0.431280
MDMin:  2687 03:21:04    -2398.747670        0.327686
MDMin:  2688 03:21:06    -2398.747676        0.431305
MDMin:  2689 03:21:08    -2398.747654        0.327790
MDMin:  2690 03:21:10    -2398.747661        0.327676
MDMin:  2691 03:21:12    -2398.747680        0.327369
MDMin:  2692 03:21:14    -2398.747685        0.433738
MDMin:  2693 03:21:16    -2398.747684        0.433254
MDMin:  2694 03:21:17    -2398.747649        0.327477
MDMin:  2695 03:21:19    -2398.747655        0.327380
MDMin:  2696 03:21:21    -2398.747672        0.327087
MDMin:  2697 03:21:23    -2398.747691        0.434853
MDMin:  2698 03:21:25    -2398.747687        0.326750
MDMin:  2699 03:21:27    -2398.747692        0.434874
MDMin:  2700 03:21:29    -2398.747670        0.326854
MDMin:  2701 03:21:31    -2398.747677        0.326739
MDMin:  2702 03:21:33    -2398.747695        0.435556
MDMin:  2703 03:21:35    -2398.747677        0.326614
MDMin:  2704 03:21:37    -2398.747685        0.326479
MDMin:  2705 03:21:39    -2398.747699        0.436577
MDMin:  2706 03:21:41    -2398.747687        0.326326
MDMin:  2707 03:21:43    -2398.747695        0.326187
MDMin:  2708 03:21:45    -2398.747703        0.437638
MDMin:  2709 03:21:47    -2398.747697        0.326030
MDMin:  2710 03:21:49    -2398.747704        0.437540
MDMin:  2711 03:21:51    -2398.747679        0.326146
MDMin:  2712 03:21:53    -2398.747686        0.326031
MDMin:  2713 03:21:55    -2398.747705        0.325716
MDMin:  2714 03:21:57    -2398.747713        0.439961
MDMin:  2715 03:21:59    -2398.747712        0.439466
MDMin:  2716 03:22:01    -2398.747673        0.325817
MDMin:  2717 03:22:03    -2398.747678        0.325717
MDMin:  2718 03:22:05    -2398.747696        0.325415
MDMin:  2719 03:22:07    -2398.747719        0.441070
MDMin:  2720 03:22:09    -2398.747710        0.325066
MDMin:  2721 03:22:11    -2398.747719        0.324916
MDMin:  2722 03:22:13    -2398.747723        0.442285
MDMin:  2723 03:22:15    -2398.747721        0.324744
MDMin:  2724 03:22:17    -2398.747724        0.442187
MDMin:  2725 03:22:19    -2398.747703        0.324859
MDMin:  2726 03:22:21    -2398.747710        0.324742
MDMin:  2727 03:22:23    -2398.747727        0.442840
MDMin:  2728 03:22:25    -2398.747709        0.324615
MDMin:  2729 03:22:27    -2398.747717        0.324476
MDMin:  2730 03:22:30    -2398.747731        0.443847
MDMin:  2731 03:22:32    -2398.747718        0.324319
MDMin:  2732 03:22:34    -2398.747726        0.324178
MDMin:  2733 03:22:36    -2398.747735        0.444895
MDMin:  2734 03:22:38    -2398.747727        0.324017
MDMin:  2735 03:22:41    -2398.747735        0.323875
MDMin:  2736 03:22:42    -2398.747739        0.445946
MDMin:  2737 03:22:44    -2398.747736        0.323714
MDMin:  2738 03:22:46    -2398.747739        0.445820
MDMin:  2739 03:22:48    -2398.747717        0.323831
MDMin:  2740 03:22:51    -2398.747724        0.323714
MDMin:  2741 03:22:53    -2398.747743        0.446463
MDMin:  2742 03:22:55    -2398.747722        0.323585
MDMin:  2743 03:22:56    -2398.747730        0.323445
MDMin:  2744 03:22:58    -2398.747747        0.447465
MDMin:  2745 03:23:00    -2398.747731        0.323287
MDMin:  2746 03:23:02    -2398.747739        0.323144
MDMin:  2747 03:23:04    -2398.747751        0.448507
MDMin:  2748 03:23:06    -2398.747739        0.322982
MDMin:  2749 03:23:08    -2398.747748        0.322838
MDMin:  2750 03:23:10    -2398.747755        0.449552
MDMin:  2751 03:23:12    -2398.747748        0.322676
MDMin:  2752 03:23:14    -2398.747755        0.449414
MDMin:  2753 03:23:16    -2398.747729        0.322793
MDMin:  2754 03:23:18    -2398.747736        0.322674
MDMin:  2755 03:23:20    -2398.747754        0.322347
MDMin:  2756 03:23:22    -2398.747764        0.451849
MDMin:  2757 03:23:23    -2398.747763        0.451331
MDMin:  2758 03:23:25    -2398.747719        0.322433
MDMin:  2759 03:23:27    -2398.747725        0.322328
MDMin:  2760 03:23:29    -2398.747743        0.322013
MDMin:  2761 03:23:31    -2398.747770        0.452942
MDMin:  2762 03:23:33    -2398.747756        0.321643
MDMin:  2763 03:23:35    -2398.747765        0.321487
MDMin:  2764 03:23:37    -2398.747774        0.454173
MDMin:  2765 03:23:39    -2398.747766        0.321306
MDMin:  2766 03:23:41    -2398.747774        0.321160
MDMin:  2767 03:23:43    -2398.747778        0.455230
MDMin:  2768 03:23:45    -2398.747774        0.320994
MDMin:  2769 03:23:47    -2398.747779        0.455073
MDMin:  2770 03:23:49    -2398.747754        0.321112
MDMin:  2771 03:23:51    -2398.747761        0.320992
MDMin:  2772 03:23:53    -2398.747779        0.320659
MDMin:  2773 03:23:55    -2398.747787        0.457514
MDMin:  2774 03:23:57    -2398.747786        0.456985
MDMin:  2775 03:23:58    -2398.747742        0.320740
MDMin:  2776 03:24:00    -2398.747748        0.320633
MDMin:  2777 03:24:01    -2398.747766        0.320313
MDMin:  2778 03:24:03    -2398.747793        0.458598
MDMin:  2779 03:24:04    -2398.747779        0.319935
MDMin:  2780 03:24:06    -2398.747788        0.319776
MDMin:  2781 03:24:08    -2398.747798        0.459834
MDMin:  2782 03:24:10    -2398.747789        0.319592
MDMin:  2783 03:24:12    -2398.747797        0.319445
MDMin:  2784 03:24:14    -2398.747802        0.460882
MDMin:  2785 03:24:16    -2398.747796        0.319277
MDMin:  2786 03:24:18    -2398.747802        0.460706
MDMin:  2787 03:24:20    -2398.747775        0.319396
MDMin:  2788 03:24:22    -2398.747782        0.319274
MDMin:  2789 03:24:24    -2398.747801        0.318937
MDMin:  2790 03:24:26    -2398.747811        0.463152
MDMin:  2791 03:24:28    -2398.747810        0.462613
MDMin:  2792 03:24:30    -2398.747762        0.319012
MDMin:  2793 03:24:32    -2398.747768        0.318903
MDMin:  2794 03:24:34    -2398.747786        0.318578
MDMin:  2795 03:24:36    -2398.747816        0.318035
MDMin:  2796 03:24:37    -2398.747824        0.466738
MDMin:  2797 03:24:39    -2398.747823        0.466191
MDMin:  2798 03:24:41    -2398.747788        0.317904
MDMin:  2799 03:24:43    -2398.747794        0.317795
MDMin:  2800 03:24:45    -2398.747812        0.317467
MDMin:  2801 03:24:47    -2398.747830        0.467799
MDMin:  2802 03:24:49    -2398.747825        0.317079
MDMin:  2803 03:24:51    -2398.747831        0.467787
MDMin:  2804 03:24:53    -2398.747804        0.317180
MDMin:  2805 03:24:55    -2398.747811        0.317055
MDMin:  2806 03:24:57    -2398.747830        0.316712
MDMin:  2807 03:24:59    -2398.747839        0.470272
MDMin:  2808 03:25:01    -2398.747838        0.469719
MDMin:  2809 03:25:02    -2398.747789        0.316778
MDMin:  2810 03:25:04    -2398.747795        0.316668
MDMin:  2811 03:25:06    -2398.747813        0.316338
MDMin:  2812 03:25:08    -2398.747844        0.315786
MDMin:  2813 03:25:10    -2398.747853        0.473874
MDMin:  2814 03:25:12    -2398.747852        0.473314
MDMin:  2815 03:25:14    -2398.747813        0.315644
MDMin:  2816 03:25:16    -2398.747820        0.315534
MDMin:  2817 03:25:18    -2398.747838        0.315201
MDMin:  2818 03:25:21    -2398.747859        0.474969
MDMin:  2819 03:25:23    -2398.747850        0.314805
MDMin:  2820 03:25:24    -2398.747859        0.314640
MDMin:  2821 03:25:27    -2398.747863        0.476293
MDMin:  2822 03:25:29    -2398.747857        0.314452
MDMin:  2823 03:25:31    -2398.747864        0.476371
MDMin:  2824 03:25:33    -2398.747834        0.314571
MDMin:  2825 03:25:35    -2398.747841        0.314447
MDMin:  2826 03:25:37    -2398.747860        0.314100
MDMin:  2827 03:25:38    -2398.747872        0.478915
MDMin:  2828 03:25:40    -2398.747871        0.478624
MDMin:  2829 03:25:41    -2398.747817        0.314161
MDMin:  2830 03:25:42    -2398.747823        0.314049
MDMin:  2831 03:25:43    -2398.747841        0.313714
MDMin:  2832 03:25:45    -2398.747872        0.313154
MDMin:  2833 03:25:46    -2398.747885        0.482976
MDMin:  2834 03:25:47    -2398.747885        0.482681
MDMin:  2835 03:25:49    -2398.747839        0.313001
MDMin:  2836 03:25:50    -2398.747845        0.312889
MDMin:  2837 03:25:52    -2398.747864        0.312552
MDMin:  2838 03:25:53    -2398.747891        0.484753
MDMin:  2839 03:25:54    -2398.747875        0.312148
MDMin:  2840 03:25:55    -2398.747885        0.311981
MDMin:  2841 03:25:57    -2398.747896        0.486102
MDMin:  2842 03:25:58    -2398.747882        0.311790
MDMin:  2843 03:26:00    -2398.747890        0.311639
MDMin:  2844 03:26:02    -2398.747900        0.487281
MDMin:  2845 03:26:04    -2398.747886        0.311469
MDMin:  2846 03:26:06    -2398.747894        0.311319
MDMin:  2847 03:26:08    -2398.747903        0.488443
MDMin:  2848 03:26:09    -2398.747889        0.311151
MDMin:  2849 03:26:11    -2398.747897        0.311002
MDMin:  2850 03:26:12    -2398.747907        0.489603
MDMin:  2851 03:26:13    -2398.747892        0.310834
MDMin:  2852 03:26:15    -2398.747900        0.310685
MDMin:  2853 03:26:16    -2398.747911        0.490764
MDMin:  2854 03:26:17    -2398.747895        0.310517
MDMin:  2855 03:26:18    -2398.747903        0.310368
MDMin:  2856 03:26:19    -2398.747915        0.491925
MDMin:  2857 03:26:21    -2398.747898        0.310200
MDMin:  2858 03:26:22    -2398.747906        0.310050
MDMin:  2859 03:26:23    -2398.747918        0.493088
MDMin:  2860 03:26:24    -2398.747901        0.309883
MDMin:  2861 03:26:26    -2398.747909        0.309733
MDMin:  2862 03:26:27    -2398.747922        0.494251
MDMin:  2863 03:26:28    -2398.747904        0.309566
MDMin:  2864 03:26:29    -2398.747912        0.309416
MDMin:  2865 03:26:30    -2398.747926        0.495415
MDMin:  2866 03:26:32    -2398.747906        0.309249
MDMin:  2867 03:26:33    -2398.747914        0.309099
MDMin:  2868 03:26:35    -2398.747929        0.496580
MDMin:  2869 03:26:37    -2398.747909        0.308931
MDMin:  2870 03:26:39    -2398.747917        0.308782
MDMin:  2871 03:26:41    -2398.747933        0.497745
MDMin:  2872 03:26:43    -2398.747911        0.308614
MDMin:  2873 03:26:45    -2398.747919        0.308465
MDMin:  2874 03:26:47    -2398.747937        0.498911
MDMin:  2875 03:26:48    -2398.747913        0.308297
MDMin:  2876 03:26:50    -2398.747921        0.308148
MDMin:  2877 03:26:52    -2398.747940        0.500078
MDMin:  2878 03:26:54    -2398.747915        0.307980
MDMin:  2879 03:26:56    -2398.747923        0.307831
MDMin:  2880 03:26:58    -2398.747944        0.307453
MDMin:  2881 03:27:00    -2398.747950        0.503073
MDMin:  2882 03:27:02    -2398.747949        0.502762
MDMin:  2883 03:27:04    -2398.747895        0.307477
MDMin:  2884 03:27:06    -2398.747901        0.307363
MDMin:  2885 03:27:08    -2398.747920        0.307019
MDMin:  2886 03:27:10    -2398.747951        0.306447
MDMin:  2887 03:27:12    -2398.747963        0.507336
MDMin:  2888 03:27:14    -2398.747962        0.507020
MDMin:  2889 03:27:16    -2398.747912        0.306275
MDMin:  2890 03:27:18    -2398.747919        0.306161
MDMin:  2891 03:27:19    -2398.747937        0.305817
MDMin:  2892 03:27:21    -2398.747969        0.305243
MDMin:  2893 03:27:23    -2398.747977        0.511639
MDMin:  2894 03:27:25    -2398.747975        0.511319
MDMin:  2895 03:27:27    -2398.747929        0.305070
MDMin:  2896 03:27:29    -2398.747935        0.304955
MDMin:  2897 03:27:31    -2398.747954        0.304610
MDMin:  2898 03:27:33    -2398.747982        0.513506
MDMin:  2899 03:27:35    -2398.747963        0.304198
MDMin:  2900 03:27:37    -2398.747972        0.304030
MDMin:  2901 03:27:39    -2398.747986        0.514914
MDMin:  2902 03:27:41    -2398.747966        0.303841
MDMin:  2903 03:27:43    -2398.747974        0.303690
MDMin:  2904 03:27:45    -2398.747990        0.516121
MDMin:  2905 03:27:47    -2398.747966        0.303523
MDMin:  2906 03:27:49    -2398.747974        0.303373
MDMin:  2907 03:27:51    -2398.747994        0.517307
MDMin:  2908 03:27:53    -2398.747966        0.303208
MDMin:  2909 03:27:55    -2398.747974        0.303059
MDMin:  2910 03:27:56    -2398.747994        0.302680
MDMin:  2911 03:27:58    -2398.748003        0.520383
MDMin:  2912 03:28:00    -2398.748002        0.520056
MDMin:  2913 03:28:02    -2398.747942        0.302697
MDMin:  2914 03:28:04    -2398.747948        0.302582
MDMin:  2915 03:28:06    -2398.747967        0.302236
MDMin:  2916 03:28:08    -2398.747998        0.301660
MDMin:  2917 03:28:10    -2398.748016        0.524782
MDMin:  2918 03:28:12    -2398.748015        0.524451
MDMin:  2919 03:28:14    -2398.747955        0.301479
MDMin:  2920 03:28:16    -2398.747961        0.301364
MDMin:  2921 03:28:18    -2398.747980        0.301017
MDMin:  2922 03:28:20    -2398.748011        0.300441
MDMin:  2923 03:28:21    -2398.748029        0.529218
MDMin:  2924 03:28:23    -2398.748028        0.528883
MDMin:  2925 03:28:25    -2398.747967        0.300259
MDMin:  2926 03:28:27    -2398.747973        0.300144
MDMin:  2927 03:28:29    -2398.747992        0.299798
MDMin:  2928 03:28:31    -2398.748023        0.299221
MDMin:  2929 03:28:33    -2398.748043        0.533691
MDMin:  2930 03:28:35    -2398.748041        0.533352
MDMin:  2931 03:28:37    -2398.747978        0.299037
MDMin:  2932 03:28:39    -2398.747984        0.298922
MDMin:  2933 03:28:41    -2398.748003        0.298576
MDMin:  2934 03:28:43    -2398.748034        0.298000
MDMin:  2935 03:28:45    -2398.748056        0.538199
MDMin:  2936 03:28:47    -2398.748055        0.537856
MDMin:  2937 03:28:49    -2398.747988        0.297815
MDMin:  2938 03:28:51    -2398.747994        0.297699
MDMin:  2939 03:28:53    -2398.748013        0.297354
MDMin:  2940 03:28:55    -2398.748044        0.296778
MDMin:  2941 03:28:56    -2398.748069        0.542741
MDMin:  2942 03:28:57    -2398.748066        0.296130
MDMin:  2943 03:28:59    -2398.748069        0.542956
MDMin:  2944 03:29:00    -2398.748035        0.296225
MDMin:  2945 03:29:01    -2398.748042        0.296095
MDMin:  2946 03:29:02    -2398.748062        0.295736
MDMin:  2947 03:29:04    -2398.748078        0.545868
MDMin:  2948 03:29:05    -2398.748069        0.295319
MDMin:  2949 03:29:06    -2398.748078        0.295153
MDMin:  2950 03:29:08    -2398.748082        0.547328
MDMin:  2951 03:29:09    -2398.748067        0.294974
MDMin:  2952 03:29:10    -2398.748075        0.294825
MDMin:  2953 03:29:12    -2398.748085        0.548575
MDMin:  2954 03:29:13    -2398.748063        0.294667
MDMin:  2955 03:29:15    -2398.748071        0.294519
MDMin:  2956 03:29:16    -2398.748089        0.549802
MDMin:  2957 03:29:18    -2398.748058        0.294363
MDMin:  2958 03:29:20    -2398.748066        0.294215
MDMin:  2959 03:29:22    -2398.748087        0.293839
MDMin:  2960 03:29:24    -2398.748098        0.553040
MDMin:  2961 03:29:26    -2398.748094        0.293404
MDMin:  2962 03:29:28    -2398.748098        0.553205
MDMin:  2963 03:29:30    -2398.748062        0.293505
MDMin:  2964 03:29:31    -2398.748069        0.293376
MDMin:  2965 03:29:33    -2398.748089        0.293018
MDMin:  2966 03:29:35    -2398.748106        0.556166
MDMin:  2967 03:29:37    -2398.748094        0.292606
MDMin:  2968 03:29:39    -2398.748103        0.292442
MDMin:  2969 03:29:41    -2398.748110        0.557636
MDMin:  2970 03:29:43    -2398.748091        0.292266
MDMin:  2971 03:29:45    -2398.748099        0.292118
MDMin:  2972 03:29:47    -2398.748114        0.558894
MDMin:  2973 03:29:49    -2398.748085        0.291963
MDMin:  2974 03:29:51    -2398.748093        0.291816
MDMin:  2975 03:29:53    -2398.748114        0.291442
MDMin:  2976 03:29:55    -2398.748123        0.562182
MDMin:  2977 03:29:57    -2398.748120        0.291012
MDMin:  2978 03:29:59    -2398.748123        0.562335
MDMin:  2979 03:30:01    -2398.748087        0.291114
MDMin:  2980 03:30:02    -2398.748094        0.290985
MDMin:  2981 03:30:04    -2398.748114        0.290628
MDMin:  2982 03:30:06    -2398.748131        0.565349
MDMin:  2983 03:30:08    -2398.748118        0.290221
MDMin:  2984 03:30:10    -2398.748127        0.290058
MDMin:  2985 03:30:12    -2398.748135        0.566827
MDMin:  2986 03:30:14    -2398.748113        0.289887
MDMin:  2987 03:30:16    -2398.748122        0.289740
MDMin:  2988 03:30:18    -2398.748139        0.568096
MDMin:  2989 03:30:20    -2398.748106        0.289587
MDMin:  2990 03:30:22    -2398.748114        0.289441
MDMin:  2991 03:30:24    -2398.748135        0.289069
MDMin:  2992 03:30:26    -2398.748148        0.571431
MDMin:  2993 03:30:28    -2398.748140        0.288645
MDMin:  2994 03:30:30    -2398.748148        0.571571
MDMin:  2995 03:30:32    -2398.748105        0.288747
MDMin:  2996 03:30:34    -2398.748112        0.288618
MDMin:  2997 03:30:36    -2398.748132        0.288263
MDMin:  2998 03:30:38    -2398.748156        0.574634
MDMin:  2999 03:30:40    -2398.748135        0.287860
MDMin:  3000 03:30:42    -2398.748144        0.287699
MDMin:  3001 03:30:44    -2398.748160        0.576121
MDMin:  3002 03:30:46    -2398.748129        0.287531
MDMin:  3003 03:30:48    -2398.748138        0.287385
MDMin:  3004 03:30:50    -2398.748159        0.287014
MDMin:  3005 03:30:51    -2398.748169        0.579521
MDMin:  3006 03:30:54    -2398.748162        0.286595
MDMin:  3007 03:30:55    -2398.748169        0.579652
MDMin:  3008 03:30:57    -2398.748126        0.286697
MDMin:  3009 03:30:59    -2398.748133        0.286567
MDMin:  3010 03:31:01    -2398.748153        0.286214
MDMin:  3011 03:31:03    -2398.748178        0.582764
MDMin:  3012 03:31:05    -2398.748155        0.285816
MDMin:  3013 03:31:07    -2398.748164        0.285657
MDMin:  3014 03:31:09    -2398.748182        0.584259
MDMin:  3015 03:31:11    -2398.748148        0.285492
MDMin:  3016 03:31:13    -2398.748156        0.285347
MDMin:  3017 03:31:15    -2398.748177        0.284979
MDMin:  3018 03:31:17    -2398.748191        0.587702
MDMin:  3019 03:31:19    -2398.748180        0.284565
MDMin:  3020 03:31:21    -2398.748189        0.284406
MDMin:  3021 03:31:23    -2398.748195        0.589224
MDMin:  3022 03:31:25    -2398.748172        0.284242
MDMin:  3023 03:31:27    -2398.748180        0.284098
MDMin:  3024 03:31:29    -2398.748198        0.590527
MDMin:  3025 03:31:31    -2398.748162        0.283951
MDMin:  3026 03:31:32    -2398.748170        0.283807
MDMin:  3027 03:31:34    -2398.748191        0.283443
MDMin:  3028 03:31:36    -2398.748207        0.593984
MDMin:  3029 03:31:38    -2398.748193        0.283035
MDMin:  3030 03:31:40    -2398.748202        0.282877
MDMin:  3031 03:31:42    -2398.748211        0.595511
MDMin:  3032 03:31:44    -2398.748184        0.282716
MDMin:  3033 03:31:46    -2398.748192        0.282572
MDMin:  3034 03:31:48    -2398.748213        0.282208
MDMin:  3035 03:31:50    -2398.748220        0.599023
MDMin:  3036 03:31:52    -2398.748214        0.281804
MDMin:  3037 03:31:54    -2398.748220        0.599129
MDMin:  3038 03:31:56    -2398.748175        0.281905
MDMin:  3039 03:31:58    -2398.748183        0.281776
MDMin:  3040 03:32:00    -2398.748203        0.281428
MDMin:  3041 03:32:02    -2398.748228        0.602362
MDMin:  3042 03:32:04    -2398.748202        0.281042
MDMin:  3043 03:32:05    -2398.748211        0.280887
MDMin:  3044 03:32:07    -2398.748232        0.603881
MDMin:  3045 03:32:09    -2398.748192        0.280729
MDMin:  3046 03:32:11    -2398.748200        0.280586
MDMin:  3047 03:32:13    -2398.748221        0.280226
MDMin:  3048 03:32:15    -2398.748241        0.607429
MDMin:  3049 03:32:17    -2398.748221        0.279827
MDMin:  3050 03:32:19    -2398.748230        0.279672
MDMin:  3051 03:32:21    -2398.748244        0.608971
MDMin:  3052 03:32:23    -2398.748210        0.279516
MDMin:  3053 03:32:25    -2398.748219        0.279373
MDMin:  3054 03:32:27    -2398.748240        0.279015
MDMin:  3055 03:32:29    -2398.748253        0.612554
MDMin:  3056 03:32:31    -2398.748238        0.278621
MDMin:  3057 03:32:33    -2398.748248        0.278467
MDMin:  3058 03:32:35    -2398.748257        0.614104
MDMin:  3059 03:32:37    -2398.748227        0.278312
MDMin:  3060 03:32:38    -2398.748235        0.278171
MDMin:  3061 03:32:39    -2398.748257        0.277815
MDMin:  3062 03:32:41    -2398.748266        0.617719
MDMin:  3063 03:32:42    -2398.748255        0.277425
MDMin:  3064 03:32:43    -2398.748264        0.277272
MDMin:  3065 03:32:44    -2398.748270        0.619277
MDMin:  3066 03:32:46    -2398.748242        0.277120
MDMin:  3067 03:32:48    -2398.748251        0.276979
MDMin:  3068 03:32:50    -2398.748272        0.276626
MDMin:  3069 03:32:52    -2398.748279        0.622925
MDMin:  3070 03:32:54    -2398.748269        0.276240
MDMin:  3071 03:32:56    -2398.748278        0.276088
MDMin:  3072 03:32:58    -2398.748282        0.624490
MDMin:  3073 03:33:00    -2398.748256        0.275938
MDMin:  3074 03:33:02    -2398.748265        0.275798
MDMin:  3075 03:33:04    -2398.748285        0.625850
MDMin:  3076 03:33:06    -2398.748241        0.275661
MDMin:  3077 03:33:07    -2398.748249        0.275522
MDMin:  3078 03:33:09    -2398.748271        0.275171
MDMin:  3079 03:33:11    -2398.748294        0.629509
MDMin:  3080 03:33:13    -2398.748267        0.274791
MDMin:  3081 03:33:15    -2398.748276        0.274640
MDMin:  3082 03:33:17    -2398.748298        0.274280
MDMin:  3083 03:33:19    -2398.748304        0.633463
MDMin:  3084 03:33:21    -2398.748294        0.273890
MDMin:  3085 03:33:23    -2398.748304        0.273740
MDMin:  3086 03:33:25    -2398.748307        0.635052
MDMin:  3087 03:33:27    -2398.748280        0.273593
MDMin:  3088 03:33:29    -2398.748288        0.273455
MDMin:  3089 03:33:31    -2398.748310        0.273108
MDMin:  3090 03:33:33    -2398.748316        0.638795
MDMin:  3091 03:33:35    -2398.748304        0.272735
MDMin:  3092 03:33:36    -2398.748314        0.272587
MDMin:  3093 03:33:37    -2398.748320        0.640380
MDMin:  3094 03:33:39    -2398.748289        0.272443
MDMin:  3095 03:33:41    -2398.748298        0.272305
MDMin:  3096 03:33:42    -2398.748319        0.271961
MDMin:  3097 03:33:44    -2398.748329        0.644152
MDMin:  3098 03:33:45    -2398.748313        0.271592
MDMin:  3099 03:33:46    -2398.748322        0.271445
MDMin:  3100 03:33:48    -2398.748332        0.645742
MDMin:  3101 03:33:49    -2398.748297        0.271302
MDMin:  3102 03:33:50    -2398.748305        0.271165
MDMin:  3103 03:33:51    -2398.748326        0.270823
MDMin:  3104 03:33:52    -2398.748341        0.649543
MDMin:  3105 03:33:54    -2398.748319        0.270459
MDMin:  3106 03:33:55    -2398.748329        0.270659
MDMin:  3107 03:33:57    -2398.748345        0.651140
MDMin:  3108 03:33:59    -2398.748302        0.270753
MDMin:  3109 03:34:01    -2398.748311        0.270977
MDMin:  3110 03:34:03    -2398.748332        0.271533
MDMin:  3111 03:34:05    -2398.748353        0.654969
MDMin:  3112 03:34:07    -2398.748325        0.272007
MDMin:  3113 03:34:09    -2398.748334        0.272247
MDMin:  3114 03:34:11    -2398.748356        0.272821
MDMin:  3115 03:34:13    -2398.748363        0.659059
MDMin:  3116 03:34:15    -2398.748348        0.273311
MDMin:  3117 03:34:17    -2398.748357        0.273553
MDMin:  3118 03:34:19    -2398.748366        0.660681
MDMin:  3119 03:34:21    -2398.748330        0.273640
MDMin:  3120 03:34:22    -2398.748338        0.273867
MDMin:  3121 03:34:24    -2398.748360        0.274428
MDMin:  3122 03:34:26    -2398.748375        0.664575
MDMin:  3123 03:34:28    -2398.748350        0.274895
MDMin:  3124 03:34:30    -2398.748360        0.275138
MDMin:  3125 03:34:32    -2398.748379        0.666193
MDMin:  3126 03:34:34    -2398.748331        0.275218
MDMin:  3127 03:34:36    -2398.748340        0.275447
MDMin:  3128 03:34:38    -2398.748361        0.276011
MDMin:  3129 03:34:40    -2398.748387        0.670113
MDMin:  3130 03:34:42    -2398.748351        0.276473
MDMin:  3131 03:34:44    -2398.748360        0.276718
MDMin:  3132 03:34:46    -2398.748382        0.277298
MDMin:  3133 03:34:48    -2398.748397        0.674282
MDMin:  3134 03:34:50    -2398.748372        0.277774
MDMin:  3135 03:34:52    -2398.748381        0.278020
MDMin:  3136 03:34:54    -2398.748400        0.675922
MDMin:  3137 03:34:56    -2398.748352        0.278092
MDMin:  3138 03:34:58    -2398.748360        0.278324
MDMin:  3139 03:35:00    -2398.748382        0.278893
MDMin:  3140 03:35:02    -2398.748409        0.679906
MDMin:  3141 03:35:04    -2398.748370        0.279348
MDMin:  3142 03:35:06    -2398.748379        0.279595
MDMin:  3143 03:35:08    -2398.748401        0.280180
MDMin:  3144 03:35:10    -2398.748418        0.684128
MDMin:  3145 03:35:12    -2398.748389        0.280646
MDMin:  3146 03:35:14    -2398.748399        0.280895
MDMin:  3147 03:35:16    -2398.748421        0.281483
MDMin:  3148 03:35:18    -2398.748427        0.688390
MDMin:  3149 03:35:20    -2398.748408        0.281947
MDMin:  3150 03:35:22    -2398.748418        0.282198
MDMin:  3151 03:35:24    -2398.748431        0.690054
MDMin:  3152 03:35:26    -2398.748386        0.282256
MDMin:  3153 03:35:28    -2398.748395        0.282494
MDMin:  3154 03:35:30    -2398.748416        0.283072
MDMin:  3155 03:35:32    -2398.748440        0.694133
MDMin:  3156 03:35:34    -2398.748402        0.283515
MDMin:  3157 03:35:36    -2398.748411        0.283766
MDMin:  3158 03:35:38    -2398.748433        0.284358
MDMin:  3159 03:35:40    -2398.748449        0.698437
MDMin:  3160 03:35:42    -2398.748419        0.284812
MDMin:  3161 03:35:44    -2398.748429        0.285065
MDMin:  3162 03:35:46    -2398.748451        0.285660
MDMin:  3163 03:35:47    -2398.748458        0.702779
MDMin:  3164 03:35:49    -2398.748436        0.286110
MDMin:  3165 03:35:51    -2398.748445        0.286365
MDMin:  3166 03:35:53    -2398.748461        0.704465
MDMin:  3167 03:35:55    -2398.748411        0.286410
MDMin:  3168 03:35:57    -2398.748420        0.286654
MDMin:  3169 03:35:59    -2398.748442        0.287239
MDMin:  3170 03:36:01    -2398.748470        0.708635
MDMin:  3171 03:36:03    -2398.748425        0.287670
MDMin:  3172 03:36:05    -2398.748435        0.287926
MDMin:  3173 03:36:07    -2398.748457        0.288524
MDMin:  3174 03:36:09    -2398.748479        0.713017
MDMin:  3175 03:36:10    -2398.748440        0.288964
MDMin:  3176 03:36:12    -2398.748450        0.289222
MDMin:  3177 03:36:14    -2398.748472        0.289823
MDMin:  3178 03:36:15    -2398.748488        0.717435
MDMin:  3179 03:36:16    -2398.748454        0.290259
MDMin:  3180 03:36:17    -2398.748464        0.290518
MDMin:  3181 03:36:19    -2398.748486        0.291122
MDMin:  3182 03:36:21    -2398.748498        0.721882
MDMin:  3183 03:36:22    -2398.748468        0.291554
MDMin:  3184 03:36:23    -2398.748477        0.291815
MDMin:  3185 03:36:25    -2398.748500        0.292421
MDMin:  3186 03:36:26    -2398.748507        0.726359
MDMin:  3187 03:36:28    -2398.748481        0.292849
MDMin:  3188 03:36:30    -2398.748490        0.293112
MDMin:  3189 03:36:32    -2398.748510        0.728085
MDMin:  3190 03:36:34    -2398.748452        0.293136
MDMin:  3191 03:36:36    -2398.748462        0.293389
MDMin:  3192 03:36:38    -2398.748484        0.293988
MDMin:  3193 03:36:40    -2398.748518        0.294933
MDMin:  3194 03:36:42    -2398.748527        0.736184
MDMin:  3195 03:36:44    -2398.748515        0.295741
MDMin:  3196 03:36:46    -2398.748525        0.296015
MDMin:  3197 03:36:48    -2398.748530        0.738064
MDMin:  3198 03:36:50    -2398.748486        0.296041
MDMin:  3199 03:36:52    -2398.748496        0.296299
MDMin:  3200 03:36:54    -2398.748518        0.296904
MDMin:  3201 03:36:56    -2398.748539        0.742468
MDMin:  3202 03:36:58    -2398.748496        0.297307
MDMin:  3203 03:36:59    -2398.748505        0.297574
MDMin:  3204 03:37:01    -2398.748528        0.298189
MDMin:  3205 03:37:03    -2398.748548        0.747050
MDMin:  3206 03:37:05    -2398.748505        0.298597
MDMin:  3207 03:37:07    -2398.748515        0.298866
MDMin:  3208 03:37:09    -2398.748537        0.299484
MDMin:  3209 03:37:11    -2398.748557        0.751662
MDMin:  3210 03:37:13    -2398.748514        0.299887
MDMin:  3211 03:37:15    -2398.748524        0.300158
MDMin:  3212 03:37:17    -2398.748546        0.300778
MDMin:  3213 03:37:19    -2398.748566        0.756301
MDMin:  3214 03:37:21    -2398.748522        0.301177
MDMin:  3215 03:37:23    -2398.748532        0.301450
MDMin:  3216 03:37:25    -2398.748554        0.302072
MDMin:  3217 03:37:27    -2398.748575        0.760967
MDMin:  3218 03:37:28    -2398.748529        0.302466
MDMin:  3219 03:37:30    -2398.748539        0.302740
MDMin:  3220 03:37:31    -2398.748562        0.303365
MDMin:  3221 03:37:32    -2398.748584        0.765658
MDMin:  3222 03:37:33    -2398.748536        0.303754
MDMin:  3223 03:37:35    -2398.748546        0.304031
MDMin:  3224 03:37:36    -2398.748568        0.304657
MDMin:  3225 03:37:37    -2398.748593        0.770376
MDMin:  3226 03:37:38    -2398.748542        0.305042
MDMin:  3227 03:37:40    -2398.748552        0.305320
MDMin:  3228 03:37:41    -2398.748574        0.305949
MDMin:  3229 03:37:42    -2398.748602        0.775119
MDMin:  3230 03:37:43    -2398.748547        0.306329
MDMin:  3231 03:37:45    -2398.748557        0.306609
MDMin:  3232 03:37:46    -2398.748579        0.307240
MDMin:  3233 03:37:48    -2398.748611        0.779887
MDMin:  3234 03:37:49    -2398.748551        0.307615
MDMin:  3235 03:37:51    -2398.748561        0.307896
MDMin:  3236 03:37:53    -2398.748584        0.308529
MDMin:  3237 03:37:55    -2398.748619        0.309515
MDMin:  3238 03:37:57    -2398.748628        0.788748
MDMin:  3239 03:37:58    -2398.748606        0.310275
MDMin:  3240 03:37:59    -2398.748617        0.310566
MDMin:  3241 03:38:00    -2398.748631        0.790690
MDMin:  3242 03:38:02    -2398.748570        0.310542
MDMin:  3243 03:38:03    -2398.748580        0.310824
MDMin:  3244 03:38:05    -2398.748602        0.311457
MDMin:  3245 03:38:06    -2398.748638        0.312445
MDMin:  3246 03:38:07    -2398.748648        0.799542
MDMin:  3247 03:38:08    -2398.748622        0.313187
MDMin:  3248 03:38:10    -2398.748633        0.313481
MDMin:  3249 03:38:11    -2398.748651        0.801496
MDMin:  3250 03:38:12    -2398.748584        0.313448
MDMin:  3251 03:38:13    -2398.748594        0.313734
MDMin:  3252 03:38:15    -2398.748617        0.314373
MDMin:  3253 03:38:16    -2398.748652        0.315367
MDMin:  3254 03:38:17    -2398.748668        0.810466
MDMin:  3255 03:38:18    -2398.748635        0.316096
MDMin:  3256 03:38:20    -2398.748646        0.316394
MDMin:  3257 03:38:21    -2398.748669        0.317047
MDMin:  3258 03:38:22    -2398.748677        0.815552
MDMin:  3259 03:38:24    -2398.748634        0.317391
MDMin:  3260 03:38:25    -2398.748645        0.317688
MDMin:  3261 03:38:26    -2398.748668        0.318339
MDMin:  3262 03:38:27    -2398.748686        0.820567
MDMin:  3263 03:38:29    -2398.748632        0.318673
MDMin:  3264 03:38:30    -2398.748643        0.318972
MDMin:  3265 03:38:31    -2398.748666        0.319625
MDMin:  3266 03:38:33    -2398.748695        0.825601
MDMin:  3267 03:38:34    -2398.748630        0.319954
MDMin:  3268 03:38:35    -2398.748640        0.320254
MDMin:  3269 03:38:37    -2398.748664        0.320910
MDMin:  3270 03:38:39    -2398.748699        0.321920
MDMin:  3271 03:38:40    -2398.748712        0.834940
MDMin:  3272 03:38:42    -2398.748677        0.322624
MDMin:  3273 03:38:44    -2398.748688        0.322931
MDMin:  3274 03:38:47    -2398.748712        0.323594
MDMin:  3275 03:38:48    -2398.748721        0.840146
MDMin:  3276 03:38:49    -2398.748673        0.323911
MDMin:  3277 03:38:50    -2398.748684        0.324218
MDMin:  3278 03:38:52    -2398.748707        0.324881
MDMin:  3279 03:38:53    -2398.748730        0.845297
MDMin:  3280 03:38:54    -2398.748667        0.325190
MDMin:  3281 03:38:55    -2398.748678        0.325498
MDMin:  3282 03:38:57    -2398.748701        0.326163
MDMin:  3283 03:38:58    -2398.748738        0.327184
MDMin:  3284 03:39:00    -2398.748747        0.854840
MDMin:  3285 03:39:02    -2398.748711        0.327862
MDMin:  3286 03:39:03    -2398.748723        0.328177
MDMin:  3287 03:39:05    -2398.748746        0.328849
MDMin:  3288 03:39:06    -2398.748756        0.860142
MDMin:  3289 03:39:08    -2398.748704        0.329143
MDMin:  3290 03:39:09    -2398.748715        0.329459
MDMin:  3291 03:39:10    -2398.748739        0.330131
MDMin:  3292 03:39:12    -2398.748764        0.865401
MDMin:  3293 03:39:13    -2398.748695        0.330418
MDMin:  3294 03:39:14    -2398.748706        0.330735
MDMin:  3295 03:39:15    -2398.748730        0.331409
MDMin:  3296 03:39:17    -2398.748767        0.332439
MDMin:  3297 03:39:18    -2398.748781        0.875132
MDMin:  3298 03:39:19    -2398.748736        0.333089
MDMin:  3299 03:39:20    -2398.748748        0.333412
MDMin:  3300 03:39:23    -2398.748772        0.334092
MDMin:  3301 03:39:25    -2398.748790        0.880523
MDMin:  3302 03:39:27    -2398.748726        0.334364
MDMin:  3303 03:39:28    -2398.748737        0.334688
MDMin:  3304 03:39:30    -2398.748761        0.335369
MDMin:  3305 03:39:32    -2398.748798        0.336406
MDMin:  3306 03:39:34    -2398.748807        0.890405
MDMin:  3307 03:39:36    -2398.748764        0.337035
MDMin:  3308 03:39:38    -2398.748776        0.337365
MDMin:  3309 03:39:40    -2398.748800        0.338051
MDMin:  3310 03:39:42    -2398.748816        0.895868
MDMin:  3311 03:39:44    -2398.748752        0.338305
MDMin:  3312 03:39:46    -2398.748763        0.338636
MDMin:  3313 03:39:48    -2398.748788        0.339323
MDMin:  3314 03:39:50    -2398.748825        0.901308
MDMin:  3315 03:39:52    -2398.748738        0.339570
MDMin:  3316 03:39:54    -2398.748750        0.339903
MDMin:  3317 03:39:56    -2398.748774        0.340592
MDMin:  3318 03:39:58    -2398.748811        0.341637
MDMin:  3319 03:40:00    -2398.748842        0.911348
MDMin:  3320 03:40:02    -2398.748773        0.342234
MDMin:  3321 03:40:04    -2398.748785        0.342573
MDMin:  3322 03:40:06    -2398.748810        0.343267
MDMin:  3323 03:40:08    -2398.748848        0.344317
MDMin:  3324 03:40:10    -2398.748859        0.921525
MDMin:  3325 03:40:11    -2398.748808        0.344900
MDMin:  3326 03:40:13    -2398.748820        0.345243
MDMin:  3327 03:40:15    -2398.748845        0.345942
MDMin:  3328 03:40:17    -2398.748867        0.927121
MDMin:  3329 03:40:18    -2398.748790        0.346159
MDMin:  3330 03:40:19    -2398.748803        0.346504
MDMin:  3331 03:40:20    -2398.748828        0.347204
MDMin:  3332 03:40:22    -2398.748866        0.348259
MDMin:  3333 03:40:24    -2398.748884        0.937396
MDMin:  3334 03:40:26    -2398.748822        0.348817
MDMin:  3335 03:40:28    -2398.748835        0.349167
MDMin:  3336 03:40:30    -2398.748860        0.349872
MDMin:  3337 03:40:32    -2398.748893        0.943050
MDMin:  3338 03:40:34    -2398.748803        0.350069
MDMin:  3339 03:40:36    -2398.748816        0.350421
MDMin:  3340 03:40:38    -2398.748841        0.351127
MDMin:  3341 03:40:40    -2398.748879        0.352186
MDMin:  3342 03:40:42    -2398.748910        0.953434
MDMin:  3343 03:40:44    -2398.748833        0.352719
MDMin:  3344 03:40:46    -2398.748846        0.353075
MDMin:  3345 03:40:48    -2398.748871        0.353786
MDMin:  3346 03:40:50    -2398.748910        0.354849
MDMin:  3347 03:40:52    -2398.748927        0.963914
MDMin:  3348 03:40:54    -2398.748861        0.355365
MDMin:  3349 03:40:56    -2398.748874        0.355726
MDMin:  3350 03:40:58    -2398.748900        0.356441
MDMin:  3351 03:41:00    -2398.748935        0.969670
MDMin:  3352 03:41:02    -2398.748839        0.356605
MDMin:  3353 03:41:04    -2398.748852        0.356968
MDMin:  3354 03:41:06    -2398.748878        0.357683
MDMin:  3355 03:41:07    -2398.748917        0.358750
MDMin:  3356 03:41:09    -2398.748952        0.980238
MDMin:  3357 03:41:11    -2398.748865        0.359238
MDMin:  3358 03:41:13    -2398.748879        0.359606
MDMin:  3359 03:41:15    -2398.748905        0.360326
MDMin:  3360 03:41:17    -2398.748944        0.361396
MDMin:  3361 03:41:19    -2398.748969        0.990878
MDMin:  3362 03:41:21    -2398.748890        0.361866
MDMin:  3363 03:41:23    -2398.748904        0.362239
MDMin:  3364 03:41:25    -2398.748931        0.362962
MDMin:  3365 03:41:27    -2398.748971        0.364035
MDMin:  3366 03:41:29    -2398.748986        1.001593
MDMin:  3367 03:41:31    -2398.748915        0.364486
MDMin:  3368 03:41:33    -2398.748929        0.364864
MDMin:  3369 03:41:35    -2398.748956        0.365591
MDMin:  3370 03:41:37    -2398.748994        1.007474
MDMin:  3371 03:41:39    -2398.748888        0.365705
MDMin:  3372 03:41:41    -2398.748902        0.366084
MDMin:  3373 03:41:43    -2398.748929        0.366811
MDMin:  3374 03:41:45    -2398.748970        0.367885
MDMin:  3375 03:41:47    -2398.749011        1.018257
MDMin:  3376 03:41:49    -2398.748910        0.368306
MDMin:  3377 03:41:51    -2398.748925        0.368690
MDMin:  3378 03:41:53    -2398.748952        0.369421
MDMin:  3379 03:41:55    -2398.748993        0.370497
MDMin:  3380 03:41:57    -2398.749028        1.029083
MDMin:  3381 03:41:59    -2398.748932        0.370899
MDMin:  3382 03:42:01    -2398.748947        0.371288
MDMin:  3383 03:42:03    -2398.748975        0.372022
MDMin:  3384 03:42:05    -2398.749016        0.373099
MDMin:  3385 03:42:07    -2398.749045        1.039963
MDMin:  3386 03:42:09    -2398.748953        0.373481
MDMin:  3387 03:42:11    -2398.748968        0.373874
MDMin:  3388 03:42:13    -2398.748997        0.374611
MDMin:  3389 03:42:15    -2398.749038        0.375690
MDMin:  3390 03:42:17    -2398.749062        1.050893
MDMin:  3391 03:42:19    -2398.748973        0.376050
MDMin:  3392 03:42:21    -2398.748989        0.376448
MDMin:  3393 03:42:23    -2398.749018        0.377187
MDMin:  3394 03:42:25    -2398.749060        0.378267
MDMin:  3395 03:42:27    -2398.749078        1.061864
MDMin:  3396 03:42:29    -2398.748993        0.378606
MDMin:  3397 03:42:31    -2398.749009        0.379008
MDMin:  3398 03:42:33    -2398.749038        0.379750
MDMin:  3399 03:42:35    -2398.749081        0.380830
MDMin:  3400 03:42:37    -2398.749095        1.072870
MDMin:  3401 03:42:38    -2398.749012        0.381146
MDMin:  3402 03:42:40    -2398.749028        0.381553
MDMin:  3403 03:42:42    -2398.749058        0.382297
MDMin:  3404 03:42:44    -2398.749102        0.383377
MDMin:  3405 03:42:46    -2398.749112        1.083904
MDMin:  3406 03:42:48    -2398.749030        0.383670
MDMin:  3407 03:42:50    -2398.749047        0.384081
MDMin:  3408 03:42:52    -2398.749078        0.384827
MDMin:  3409 03:42:54    -2398.749120        1.089949
MDMin:  3410 03:42:56    -2398.748997        0.384821
MDMin:  3411 03:42:58    -2398.749014        0.385231
MDMin:  3412 03:43:00    -2398.749044        0.385973
MDMin:  3413 03:43:02    -2398.749089        0.387047
MDMin:  3414 03:43:04    -2398.749137        1.100981
MDMin:  3415 03:43:05    -2398.749015        0.387303
MDMin:  3416 03:43:07    -2398.749032        0.387719
MDMin:  3417 03:43:09    -2398.749064        0.388466
MDMin:  3418 03:43:11    -2398.749109        0.389542
MDMin:  3419 03:43:13    -2398.749153        1.111999
MDMin:  3420 03:43:15    -2398.749033        0.389775
MDMin:  3421 03:43:17    -2398.749051        0.390195
MDMin:  3422 03:43:19    -2398.749083        0.390943
MDMin:  3423 03:43:21    -2398.749129        0.392018
MDMin:  3424 03:43:23    -2398.749170        1.123023
MDMin:  3425 03:43:25    -2398.749052        0.392227
MDMin:  3426 03:43:27    -2398.749071        0.392650
MDMin:  3427 03:43:29    -2398.749103        0.393399
MDMin:  3428 03:43:31    -2398.749150        0.394472
MDMin:  3429 03:43:32    -2398.749187        1.134047
MDMin:  3430 03:43:34    -2398.749071        0.394655
MDMin:  3431 03:43:36    -2398.749090        0.395082
MDMin:  3432 03:43:38    -2398.749124        0.395832
MDMin:  3433 03:43:40    -2398.749172        0.396901
MDMin:  3434 03:43:42    -2398.749203        1.145063
MDMin:  3435 03:43:44    -2398.749091        0.397059
MDMin:  3436 03:43:46    -2398.749111        0.397489
MDMin:  3437 03:43:48    -2398.749145        0.398239
MDMin:  3438 03:43:50    -2398.749194        0.399306
MDMin:  3439 03:43:52    -2398.749220        1.156062
MDMin:  3440 03:43:54    -2398.749112        0.399437
MDMin:  3441 03:43:56    -2398.749132        0.399870
MDMin:  3442 03:43:58    -2398.749167        0.400619
MDMin:  3443 03:44:00    -2398.749217        0.401682
MDMin:  3444 03:44:02    -2398.749236        1.167038
MDMin:  3445 03:44:04    -2398.749134        0.401787
MDMin:  3446 03:44:06    -2398.749154        0.402222
MDMin:  3447 03:44:08    -2398.749190        0.402971
MDMin:  3448 03:44:10    -2398.749241        0.404030
MDMin:  3449 03:44:12    -2398.749253        1.177983
MDMin:  3450 03:44:14    -2398.749157        0.404106
MDMin:  3451 03:44:16    -2398.749178        0.404545
MDMin:  3452 03:44:18    -2398.749215        0.405292
MDMin:  3453 03:44:20    -2398.749261        1.183963
MDMin:  3454 03:44:22    -2398.749124        0.405124
MDMin:  3455 03:44:24    -2398.749145        0.405555
MDMin:  3456 03:44:26    -2398.749182        0.406293
MDMin:  3457 03:44:28    -2398.749234        0.407335
MDMin:  3458 03:44:30    -2398.749277        1.194792
MDMin:  3459 03:44:32    -2398.749149        0.407365
MDMin:  3460 03:44:34    -2398.749171        0.407805
MDMin:  3461 03:44:36    -2398.749209        0.408549
MDMin:  3462 03:44:38    -2398.749263        0.409592
MDMin:  3463 03:44:40    -2398.749294        1.205562
MDMin:  3464 03:44:41    -2398.749177        0.409598
MDMin:  3465 03:44:43    -2398.749200        0.410040
MDMin:  3466 03:44:45    -2398.749239        0.410782
MDMin:  3467 03:44:47    -2398.749294        0.411819
MDMin:  3468 03:44:49    -2398.749310        1.216279
MDMin:  3469 03:44:51    -2398.749207        0.411795
MDMin:  3470 03:44:53    -2398.749232        0.412239
MDMin:  3471 03:44:55    -2398.749272        0.412978
MDMin:  3472 03:44:57    -2398.749318        1.222126
MDMin:  3473 03:44:59    -2398.749179        0.412735
MDMin:  3474 03:45:01    -2398.749203        0.413169
MDMin:  3475 03:45:03    -2398.749243        0.413896
MDMin:  3476 03:45:05    -2398.749300        0.414911
MDMin:  3477 03:45:07    -2398.749335        1.232678
MDMin:  3478 03:45:09    -2398.749213        0.414837
MDMin:  3479 03:45:11    -2398.749238        0.415281
MDMin:  3480 03:45:13    -2398.749280        0.416013
MDMin:  3481 03:45:14    -2398.749339        0.417029
MDMin:  3482 03:45:16    -2398.749351        1.243161
MDMin:  3483 03:45:18    -2398.749252        0.416930
MDMin:  3484 03:45:20    -2398.749278        0.417376
MDMin:  3485 03:45:22    -2398.749321        0.418104
MDMin:  3486 03:45:24    -2398.749359        1.248873
MDMin:  3487 03:45:26    -2398.749229        0.417805
MDMin:  3488 03:45:28    -2398.749255        0.418239
MDMin:  3489 03:45:29    -2398.749298        0.418953
MDMin:  3490 03:45:31    -2398.749359        0.419943
MDMin:  3491 03:45:33    -2398.749375        1.259160
MDMin:  3492 03:45:35    -2398.749272        0.419792
MDMin:  3493 03:45:37    -2398.749300        0.420236
MDMin:  3494 03:45:39    -2398.749345        0.420956
MDMin:  3495 03:45:41    -2398.749383        1.264765
MDMin:  3496 03:45:43    -2398.749253        0.420622
MDMin:  3497 03:45:45    -2398.749281        0.421055
MDMin:  3498 03:45:47    -2398.749326        0.421759
MDMin:  3499 03:45:49    -2398.749390        0.422731
MDMin:  3500 03:45:51    -2398.749399        1.274846
MDMin:  3501 03:45:53    -2398.749304        0.422533
MDMin:  3502 03:45:55    -2398.749333        0.422976
MDMin:  3503 03:45:57    -2398.749381        0.423686
MDMin:  3504 03:45:59    -2398.749407        1.280337
MDMin:  3505 03:46:01    -2398.749290        0.423318
MDMin:  3506 03:46:03    -2398.749320        0.423748
MDMin:  3507 03:46:04    -2398.749368        0.424441
MDMin:  3508 03:46:06    -2398.749415        1.285783
MDMin:  3509 03:46:08    -2398.749277        0.424056
MDMin:  3510 03:46:10    -2398.749307        0.424483
MDMin:  3511 03:46:12    -2398.749356        0.425171
MDMin:  3512 03:46:14    -2398.749423        1.291162
MDMin:  3513 03:46:16    -2398.749267        0.424776
MDMin:  3514 03:46:18    -2398.749297        0.425201
MDMin:  3515 03:46:20    -2398.749347        0.425883
MDMin:  3516 03:46:22    -2398.749416        0.426818
MDMin:  3517 03:46:24    -2398.749439        1.300790
MDMin:  3518 03:46:26    -2398.749334        0.426542
MDMin:  3519 03:46:28    -2398.749367        0.426979
MDMin:  3520 03:46:29    -2398.749419        0.427667
MDMin:  3521 03:46:31    -2398.749447        1.306030
MDMin:  3522 03:46:32    -2398.749332        0.427243
MDMin:  3523 03:46:34    -2398.749365        0.427665
MDMin:  3524 03:46:36    -2398.749417        0.428334
MDMin:  3525 03:46:38    -2398.749454        1.311219
MDMin:  3526 03:46:40    -2398.749331        0.427893
MDMin:  3527 03:46:41    -2398.749364        0.428312
MDMin:  3528 03:46:43    -2398.749418        0.428974
MDMin:  3529 03:46:45    -2398.749462        1.316339
MDMin:  3530 03:46:47    -2398.749333        0.428523
MDMin:  3531 03:46:49    -2398.749367        0.428939
MDMin:  3532 03:46:51    -2398.749422        0.429595
MDMin:  3533 03:46:53    -2398.749470        1.321392
MDMin:  3534 03:46:54    -2398.749338        0.429134
MDMin:  3535 03:46:56    -2398.749373        0.429547
MDMin:  3536 03:46:58    -2398.749429        0.430197
MDMin:  3537 03:47:00    -2398.749478        1.326376
MDMin:  3538 03:47:01    -2398.749347        0.429726
MDMin:  3539 03:47:03    -2398.749383        0.430136
MDMin:  3540 03:47:05    -2398.749439        0.430779
MDMin:  3541 03:47:07    -2398.749485        1.331293
MDMin:  3542 03:47:09    -2398.749359        0.430672
MDMin:  3543 03:47:11    -2398.749396        0.430994
MDMin:  3544 03:47:13    -2398.749454        0.431487
MDMin:  3545 03:47:15    -2398.749493        1.336143
MDMin:  3546 03:47:17    -2398.749375        0.431628
MDMin:  3547 03:47:18    -2398.749412        0.431929
MDMin:  3548 03:47:20    -2398.749472        0.432387
MDMin:  3549 03:47:22    -2398.749501        1.340926
MDMin:  3550 03:47:24    -2398.749394        0.432491
MDMin:  3551 03:47:26    -2398.749433        0.432771
MDMin:  3552 03:47:28    -2398.749494        0.433194
MDMin:  3553 03:47:30    -2398.749508        1.345642
MDMin:  3554 03:47:32    -2398.749418        0.433260
MDMin:  3555 03:47:34    -2398.749458        0.433517
MDMin:  3556 03:47:36    -2398.749509        1.347278
MDMin:  3557 03:47:38    -2398.749375        0.433467
MDMin:  3558 03:47:40    -2398.749414        0.433704
MDMin:  3559 03:47:42    -2398.749475        0.434066
MDMin:  3560 03:47:44    -2398.749517        1.351864
MDMin:  3561 03:47:46    -2398.749402        0.434071
MDMin:  3562 03:47:48    -2398.749443        0.434295
MDMin:  3563 03:47:50    -2398.749507        0.434629
MDMin:  3564 03:47:51    -2398.749525        1.356376
MDMin:  3565 03:47:53    -2398.749437        0.434600
MDMin:  3566 03:47:55    -2398.749479        0.434801
MDMin:  3567 03:47:57    -2398.749526        1.357926
MDMin:  3568 03:47:58    -2398.749401        0.434687
MDMin:  3569 03:48:00    -2398.749442        0.434869
MDMin:  3570 03:48:02    -2398.749506        0.435141
MDMin:  3571 03:48:04    -2398.749533        1.362312
MDMin:  3572 03:48:05    -2398.749439        0.435053
MDMin:  3573 03:48:07    -2398.749483        0.435218
MDMin:  3574 03:48:09    -2398.749534        1.363809
MDMin:  3575 03:48:11    -2398.749408        0.435067
MDMin:  3576 03:48:13    -2398.749450        0.435214
MDMin:  3577 03:48:15    -2398.749517        0.435431
MDMin:  3578 03:48:17    -2398.749542        1.368064
MDMin:  3579 03:48:19    -2398.749453        0.435288
MDMin:  3580 03:48:21    -2398.749499        0.435417
MDMin:  3581 03:48:23    -2398.749543        1.369506
MDMin:  3582 03:48:25    -2398.749427        0.435228
MDMin:  3583 03:48:27    -2398.749471        0.435340
MDMin:  3584 03:48:29    -2398.749540        0.435501
MDMin:  3585 03:48:31    -2398.749551        1.373634
MDMin:  3586 03:48:33    -2398.749480        0.435302
MDMin:  3587 03:48:35    -2398.749528        0.435393
MDMin:  3588 03:48:37    -2398.749551        1.375022
MDMin:  3589 03:48:39    -2398.749459        0.435166
MDMin:  3590 03:48:41    -2398.749505        0.435242
MDMin:  3591 03:48:43    -2398.749552        1.376437
MDMin:  3592 03:48:45    -2398.749437        0.435003
MDMin:  3593 03:48:47    -2398.749484        0.435067
MDMin:  3594 03:48:49    -2398.749554        1.377827
MDMin:  3595 03:48:51    -2398.749417        0.434818
MDMin:  3596 03:48:53    -2398.749464        0.434871
MDMin:  3597 03:48:55    -2398.749537        0.434939
MDMin:  3598 03:48:57    -2398.749561        1.381707
MDMin:  3599 03:48:59    -2398.749485        0.434652
MDMin:  3600 03:49:01    -2398.749535        0.434681
MDMin:  3601 03:49:03    -2398.749562        1.382990
MDMin:  3602 03:49:05    -2398.749473        0.434393
MDMin:  3603 03:49:07    -2398.749522        0.434409
MDMin:  3604 03:49:08    -2398.749563        1.384300
MDMin:  3605 03:49:10    -2398.749461        0.434112
MDMin:  3606 03:49:12    -2398.749510        0.434115
MDMin:  3607 03:49:14    -2398.749564        1.385587
MDMin:  3608 03:49:16    -2398.749451        0.433808
MDMin:  3609 03:49:18    -2398.749501        0.433800
MDMin:  3610 03:49:20    -2398.749565        1.386849
MDMin:  3611 03:49:22    -2398.749442        0.433482
MDMin:  3612 03:49:24    -2398.749493        0.433462
MDMin:  3613 03:49:26    -2398.749567        1.388085
MDMin:  3614 03:49:28    -2398.749436        0.433134
MDMin:  3615 03:49:30    -2398.749487        0.433102
MDMin:  3616 03:49:32    -2398.749566        0.433040
MDMin:  3617 03:49:34    -2398.749574        1.391621
MDMin:  3618 03:49:36    -2398.749526        0.432635
MDMin:  3619 03:49:38    -2398.749570        1.391001
MDMin:  3620 03:49:40    -2398.749459        0.432331
MDMin:  3621 03:49:42    -2398.749509        0.432274
MDMin:  3622 03:49:44    -2398.749571        1.392220
MDMin:  3623 03:49:46    -2398.749456        0.431916
MDMin:  3624 03:49:48    -2398.749509        0.431845
MDMin:  3625 03:49:50    -2398.749572        1.393366
MDMin:  3626 03:49:52    -2398.749459        0.431472
MDMin:  3627 03:49:54    -2398.749513        0.431389
MDMin:  3628 03:49:56    -2398.749574        1.394484
MDMin:  3629 03:49:58    -2398.749464        0.431006
MDMin:  3630 03:50:00    -2398.749519        0.430911
MDMin:  3631 03:50:02    -2398.749575        1.395580
MDMin:  3632 03:50:04    -2398.749472        0.430517
MDMin:  3633 03:50:06    -2398.749527        0.430411
MDMin:  3634 03:50:07    -2398.749576        1.396653
MDMin:  3635 03:50:09    -2398.749481        0.430007
MDMin:  3636 03:50:11    -2398.749537        0.429888
MDMin:  3637 03:50:13    -2398.749577        1.397705
MDMin:  3638 03:50:15    -2398.749494        0.429474
MDMin:  3639 03:50:17    -2398.749550        0.429344
MDMin:  3640 03:50:19    -2398.749578        1.398735
MDMin:  3641 03:50:21    -2398.749508        0.428920
MDMin:  3642 03:50:23    -2398.749565        0.428847
MDMin:  3643 03:50:25    -2398.749579        1.399744
MDMin:  3644 03:50:27    -2398.749525        0.428344
MDMin:  3645 03:50:29    -2398.749575        1.399213
MDMin:  3646 03:50:31    -2398.749468        0.428008
MDMin:  3647 03:50:34    -2398.749523        0.427939
MDMin:  3648 03:50:35    -2398.749569        1.400233
MDMin:  3649 03:50:37    -2398.749482        0.427425
MDMin:  3650 03:50:39    -2398.749542        0.427634
MDMin:  3651 03:50:41    -2398.749561        1.401216
MDMin:  3652 03:50:43    -2398.749505        0.427075
MDMin:  3653 03:50:45    -2398.749557        1.400677
MDMin:  3654 03:50:47    -2398.749451        0.426495
MDMin:  3655 03:50:49    -2398.749510        0.426735
MDMin:  3656 03:50:51    -2398.749549        1.401661
MDMin:  3657 03:50:53    -2398.749474        0.426187
MDMin:  3658 03:50:55    -2398.749537        0.426435
MDMin:  3659 03:50:57    -2398.749541        1.402574
MDMin:  3660 03:50:59    -2398.749504        0.425893
MDMin:  3661 03:51:01    -2398.749537        1.402027
MDMin:  3662 03:51:03    -2398.749454        0.425332
MDMin:  3663 03:51:05    -2398.749514        0.425559
MDMin:  3664 03:51:07    -2398.749529        1.402948
MDMin:  3665 03:51:09    -2398.749483        0.425027
MDMin:  3666 03:51:10    -2398.749526        1.402405
MDMin:  3667 03:51:12    -2398.749435        0.424479
MDMin:  3668 03:51:14    -2398.749496        0.424696
MDMin:  3669 03:51:16    -2398.749518        1.403283
MDMin:  3670 03:51:18    -2398.749467        0.424175
MDMin:  3671 03:51:20    -2398.749515        1.402735
MDMin:  3672 03:51:22    -2398.749421        0.423642
MDMin:  3673 03:51:24    -2398.749484        0.423848
MDMin:  3674 03:51:26    -2398.749508        1.403573
MDMin:  3675 03:51:28    -2398.749457        0.423339
MDMin:  3676 03:51:30    -2398.749504        1.403019
MDMin:  3677 03:51:32    -2398.749414        0.422818
MDMin:  3678 03:51:34    -2398.749477        0.423015
MDMin:  3679 03:51:36    -2398.749497        1.403818
MDMin:  3680 03:51:38    -2398.749454        0.422516
MDMin:  3681 03:51:40    -2398.749494        1.403259
MDMin:  3682 03:51:42    -2398.749412        0.422008
MDMin:  3683 03:51:44    -2398.749476        0.422196
MDMin:  3684 03:51:46    -2398.749487        1.404021
MDMin:  3685 03:51:48    -2398.749456        0.421707
MDMin:  3686 03:51:50    -2398.749483        1.403457
MDMin:  3687 03:51:52    -2398.749416        0.421211
MDMin:  3688 03:51:54    -2398.749481        1.402982
MDMin:  3689 03:51:55    -2398.749376        0.420721
MDMin:  3690 03:51:58    -2398.749441        0.420892
MDMin:  3691 03:51:59    -2398.749474        1.403691
MDMin:  3692 03:52:01    -2398.749424        0.420419
MDMin:  3693 03:52:02    -2398.749471        1.403119
MDMin:  3694 03:52:04    -2398.749387        0.419942
MDMin:  3695 03:52:06    -2398.749454        0.420105
MDMin:  3696 03:52:08    -2398.749464        1.403790
MDMin:  3697 03:52:10    -2398.749439        0.419642
MDMin:  3698 03:52:12    -2398.749461        1.403213
MDMin:  3699 03:52:14    -2398.749405        0.419176
MDMin:  3700 03:52:16    -2398.749458        1.402724
MDMin:  3701 03:52:18    -2398.749369        0.418715
MDMin:  3702 03:52:20    -2398.749437        0.418863
MDMin:  3703 03:52:22    -2398.749451        1.403347
MDMin:  3704 03:52:24    -2398.749426        0.418414
MDMin:  3705 03:52:26    -2398.749449        1.402762
MDMin:  3706 03:52:28    -2398.749395        0.417965
MDMin:  3707 03:52:30    -2398.749446        1.402265
MDMin:  3708 03:52:32    -2398.749362        0.417521
MDMin:  3709 03:52:34    -2398.749431        0.417654
MDMin:  3710 03:52:36    -2398.749439        1.402838
MDMin:  3711 03:52:38    -2398.749423        0.417218
MDMin:  3712 03:52:40    -2398.749437        1.402246
MDMin:  3713 03:52:42    -2398.749395        0.416786
MDMin:  3714 03:52:44    -2398.749434        1.401739
MDMin:  3715 03:52:46    -2398.749365        0.416359
MDMin:  3716 03:52:48    -2398.749432        1.401238
MDMin:  3717 03:52:50    -2398.749335        0.415938
MDMin:  3718 03:52:52    -2398.749406        0.416050
MDMin:  3719 03:52:54    -2398.749426        1.401746
MDMin:  3720 03:52:56    -2398.749403        0.415631
MDMin:  3721 03:52:58    -2398.749423        1.401143
MDMin:  3722 03:53:00    -2398.749378        0.415219
MDMin:  3723 03:53:02    -2398.749421        1.400625
MDMin:  3724 03:53:03    -2398.749352        0.414813
MDMin:  3725 03:53:05    -2398.749418        1.400112
MDMin:  3726 03:53:07    -2398.749326        0.414412
MDMin:  3727 03:53:09    -2398.749397        0.414505
MDMin:  3728 03:53:10    -2398.749412        1.400558
MDMin:  3729 03:53:12    -2398.749400        0.414101
MDMin:  3730 03:53:14    -2398.749410        1.399944
MDMin:  3731 03:53:16    -2398.749378        0.413709
MDMin:  3732 03:53:18    -2398.749408        1.399415
MDMin:  3733 03:53:20    -2398.749355        0.413323
MDMin:  3734 03:53:22    -2398.749405        1.398891
MDMin:  3735 03:53:24    -2398.749333        0.412941
MDMin:  3736 03:53:26    -2398.749403        1.398364
MDMin:  3737 03:53:28    -2398.749311        0.412564
MDMin:  3738 03:53:30    -2398.749384        0.412632
MDMin:  3739 03:53:31    -2398.749397        1.398737
MDMin:  3740 03:53:33    -2398.749392        0.412245
MDMin:  3741 03:53:35    -2398.749395        1.398110
MDMin:  3742 03:53:37    -2398.749375        0.411876
MDMin:  3743 03:53:39    -2398.749393        1.397567
MDMin:  3744 03:53:41    -2398.749356        0.411512
MDMin:  3745 03:53:43    -2398.749391        1.397029
MDMin:  3746 03:53:45    -2398.749338        0.411153
MDMin:  3747 03:53:47    -2398.749389        1.396488
MDMin:  3748 03:53:49    -2398.749320        0.410797
MDMin:  3749 03:53:51    -2398.749387        1.395944
MDMin:  3750 03:53:53    -2398.749303        0.410446
MDMin:  3751 03:53:55    -2398.749378        0.410485
MDMin:  3752 03:53:57    -2398.749382        1.396234
MDMin:  3753 03:53:59    -2398.749382        1.395023
MDMin:  3754 03:54:01    -2398.749218        0.409411
MDMin:  3755 03:54:03    -2398.749326        0.409437
MDMin:  3756 03:54:05    -2398.749375        1.394715
MDMin:  3757 03:54:07    -2398.749367        0.409051
MDMin:  3758 03:54:09    -2398.749373        1.393989
MDMin:  3759 03:54:11    -2398.749359        0.408715
MDMin:  3760 03:54:12    -2398.749371        1.393413
MDMin:  3761 03:54:14    -2398.749348        0.408387
MDMin:  3762 03:54:16    -2398.749369        1.392849
MDMin:  3763 03:54:18    -2398.749336        0.408063
MDMin:  3764 03:54:20    -2398.749367        1.392283
MDMin:  3765 03:54:22    -2398.749326        0.407743
MDMin:  3766 03:54:24    -2398.749365        1.391713
MDMin:  3767 03:54:26    -2398.749316        0.407425
MDMin:  3768 03:54:28    -2398.749364        1.391141
MDMin:  3769 03:54:30    -2398.749306        0.407111
MDMin:  3770 03:54:32    -2398.749362        1.390565
MDMin:  3771 03:54:33    -2398.749298        0.406800
MDMin:  3772 03:54:35    -2398.749360        1.389986
MDMin:  3773 03:54:37    -2398.749290        0.406491
MDMin:  3774 03:54:39    -2398.749358        1.389404
MDMin:  3775 03:54:41    -2398.749282        0.406186
MDMin:  3776 03:54:43    -2398.749357        1.388819
MDMin:  3777 03:54:45    -2398.749276        0.405883
MDMin:  3778 03:54:47    -2398.749355        1.388231
MDMin:  3779 03:54:49    -2398.749270        0.405584
MDMin:  3780 03:54:51    -2398.749350        0.405547
MDMin:  3781 03:54:53    -2398.749351        1.388332
MDMin:  3782 03:54:55    -2398.749351        1.387182
MDMin:  3783 03:54:57    -2398.749217        0.404735
MDMin:  3784 03:54:59    -2398.749330        0.404656
MDMin:  3785 03:55:01    -2398.749345        1.386658
MDMin:  3786 03:55:03    -2398.749345        1.385431
MDMin:  3787 03:55:05    -2398.749221        0.403832
MDMin:  3788 03:55:07    -2398.749339        0.403729
MDMin:  3789 03:55:09    -2398.749340        1.384810
MDMin:  3790 03:55:11    -2398.749340        1.383587
MDMin:  3791 03:55:13    -2398.749238        0.402943
MDMin:  3792 03:55:14    -2398.749338        1.382131
MDMin:  3793 03:55:16    -2398.749268        0.402610
MDMin:  3794 03:55:18    -2398.749337        1.381435
MDMin:  3795 03:55:20    -2398.749273        0.402333
MDMin:  3796 03:55:22    -2398.749335        1.380806
MDMin:  3797 03:55:24    -2398.749275        0.402062
MDMin:  3798 03:55:26    -2398.749334        1.380182
MDMin:  3799 03:55:28    -2398.749278        0.401794
MDMin:  3800 03:55:30    -2398.749333        1.379555
MDMin:  3801 03:55:32    -2398.749282        0.401528
MDMin:  3802 03:55:34    -2398.749331        1.378926
MDMin:  3803 03:55:36    -2398.749286        0.401264
MDMin:  3804 03:55:38    -2398.749330        1.378295
MDMin:  3805 03:55:40    -2398.749291        0.401002
MDMin:  3806 03:55:42    -2398.749329        1.377662
MDMin:  3807 03:55:44    -2398.749297        0.400741
MDMin:  3808 03:55:46    -2398.749327        1.377026
MDMin:  3809 03:55:48    -2398.749303        0.400483
MDMin:  3810 03:55:50    -2398.749326        1.376389
MDMin:  3811 03:55:52    -2398.749310        0.400226
MDMin:  3812 03:55:54    -2398.749325        1.375748
MDMin:  3813 03:55:56    -2398.749318        0.399972
MDMin:  3814 03:55:58    -2398.749324        1.375106
MDMin:  3815 03:56:00    -2398.749324        1.374128
MDMin:  3816 03:56:02    -2398.749187        0.399527
MDMin:  3817 03:56:04    -2398.749303        0.399314
MDMin:  3818 03:56:06    -2398.749320        1.373419
MDMin:  3819 03:56:08    -2398.749320        1.372269
MDMin:  3820 03:56:10    -2398.749226        0.398736
MDMin:  3821 03:56:12    -2398.749319        1.370784
MDMin:  3822 03:56:14    -2398.749269        0.398404
MDMin:  3823 03:56:16    -2398.749318        1.370049
MDMin:  3824 03:56:18    -2398.749283        0.398149
MDMin:  3825 03:56:20    -2398.749317        1.369378
MDMin:  3826 03:56:21    -2398.749296        0.397902
MDMin:  3827 03:56:23    -2398.749316        1.368711
MDMin:  3828 03:56:25    -2398.749310        0.397658
MDMin:  3829 03:56:27    -2398.749315        1.368042
MDMin:  3830 03:56:29    -2398.749315        1.367085
MDMin:  3831 03:56:31    -2398.749192        0.397325
MDMin:  3832 03:56:33    -2398.749310        0.397049
MDMin:  3833 03:56:35    -2398.749311        1.366264
MDMin:  3834 03:56:37    -2398.749312        1.365138
MDMin:  3835 03:56:39    -2398.749250        0.396556
MDMin:  3836 03:56:41    -2398.749310        1.363627
MDMin:  3837 03:56:43    -2398.749299        0.396218
MDMin:  3838 03:56:45    -2398.749309        1.362871
MDMin:  3839 03:56:47    -2398.749310        1.361918
MDMin:  3840 03:56:49    -2398.749191        0.395946
MDMin:  3841 03:56:51    -2398.749308        1.360537
MDMin:  3842 03:56:53    -2398.749236        0.395614
MDMin:  3843 03:56:55    -2398.749308        1.359781
MDMin:  3844 03:56:56    -2398.749258        0.395363
MDMin:  3845 03:56:58    -2398.749307        1.359077
MDMin:  3846 03:57:00    -2398.749279        0.395120
MDMin:  3847 03:57:02    -2398.749306        1.358375
MDMin:  3848 03:57:04    -2398.749300        0.394880
MDMin:  3849 03:57:06    -2398.749305        1.357672
MDMin:  3850 03:57:08    -2398.749305        1.356737
MDMin:  3851 03:57:10    -2398.749198        0.394675
MDMin:  3852 03:57:12    -2398.749304        1.355343
MDMin:  3853 03:57:14    -2398.749247        0.394337
MDMin:  3854 03:57:16    -2398.749304        1.354573
MDMin:  3855 03:57:18    -2398.749273        0.394087
MDMin:  3856 03:57:20    -2398.749303        1.353853
MDMin:  3857 03:57:22    -2398.749297        0.393845
MDMin:  3858 03:57:24    -2398.749302        1.353136
MDMin:  3859 03:57:25    -2398.749303        1.352209
MDMin:  3860 03:57:27    -2398.749202        0.393685
MDMin:  3861 03:57:30    -2398.749302        1.350798
MDMin:  3862 03:57:32    -2398.749254        0.393339
MDMin:  3863 03:57:34    -2398.749301        1.350016
MDMin:  3864 03:57:36    -2398.749283        0.393087
MDMin:  3865 03:57:38    -2398.749301        1.349283
MDMin:  3866 03:57:40    -2398.749301        1.348361
MDMin:  3867 03:57:42    -2398.749193        0.392960
MDMin:  3868 03:57:44    -2398.749300        1.346936
MDMin:  3869 03:57:46    -2398.749248        0.392604
MDMin:  3870 03:57:47    -2398.749299        1.346143
MDMin:  3871 03:57:49    -2398.749279        0.392348
MDMin:  3872 03:57:51    -2398.749299        1.345400
MDMin:  3873 03:57:53    -2398.749299        1.344483
MDMin:  3874 03:57:55    -2398.749194        0.392251
MDMin:  3875 03:57:57    -2398.749298        1.343045
MDMin:  3876 03:57:59    -2398.749252        0.391886
MDMin:  3877 03:58:01    -2398.749298        1.342242
MDMin:  3878 03:58:03    -2398.749285        0.391626
MDMin:  3879 03:58:05    -2398.749297        1.341489
MDMin:  3880 03:58:07    -2398.749297        1.340577
MDMin:  3881 03:58:09    -2398.749206        0.391555
MDMin:  3882 03:58:11    -2398.749297        1.339126
MDMin:  3883 03:58:12    -2398.749266        0.391182
MDMin:  3884 03:58:14    -2398.749297        1.338315
MDMin:  3885 03:58:16    -2398.749297        1.337403
MDMin:  3886 03:58:18    -2398.749192        0.391121
MDMin:  3887 03:58:20    -2398.749296        1.335937
MDMin:  3888 03:58:22    -2398.749254        0.390736
MDMin:  3889 03:58:24    -2398.749296        1.335117
MDMin:  3890 03:58:26    -2398.749292        0.390466
MDMin:  3891 03:58:28    -2398.749295        1.334346
MDMin:  3892 03:58:30    -2398.749296        1.333442
MDMin:  3893 03:58:32    -2398.749221        0.390435
MDMin:  3894 03:58:33    -2398.749295        1.331968
MDMin:  3895 03:58:35    -2398.749286        0.390043
MDMin:  3896 03:58:37    -2398.749295        1.331141
MDMin:  3897 03:58:39    -2398.749295        1.330237
MDMin:  3898 03:58:41    -2398.749221        0.390017
MDMin:  3899 03:58:43    -2398.749295        1.328750
MDMin:  3900 03:58:45    -2398.749288        0.389614
MDMin:  3901 03:58:47    -2398.749294        1.327915
MDMin:  3902 03:58:49    -2398.749294        1.327014
MDMin:  3903 03:58:51    -2398.749227        0.389601
MDMin:  3904 03:58:53    -2398.749294        1.325517
MDMin:  3905 03:58:55    -2398.749294        1.324569
MDMin:  3906 03:58:57    -2398.749191        0.389477
MDMin:  3907 03:58:59    -2398.749294        1.323014
MDMin:  3908 03:59:01    -2398.749263        0.389042
MDMin:  3909 03:59:03    -2398.749294        1.322163
MDMin:  3910 03:59:05    -2398.749294        1.321266
MDMin:  3911 03:59:07    -2398.749208        0.389042
MDMin:  3912 03:59:09    -2398.749294        1.319750
MDMin:  3913 03:59:11    -2398.749280        0.388608
MDMin:  3914 03:59:12    -2398.749294        1.318896
MDMin:  3915 03:59:13    -2398.749294        1.318002
MDMin:  3916 03:59:14    -2398.749229        0.388618
MDMin:  3917 03:59:16    -2398.749294        1.316479
MDMin:  3918 03:59:18    -2398.749294        1.315539
MDMin:  3919 03:59:19    -2398.749204        0.388505
MDMin:  3920 03:59:21    -2398.749294        1.313961
MDMin:  3921 03:59:23    -2398.749281        0.388040
MDMin:  3922 03:59:25    -2398.749294        1.313092
MDMin:  3923 03:59:26    -2398.749294        1.312202
MDMin:  3924 03:59:28    -2398.749237        0.388059
MDMin:  3925 03:59:29    -2398.749294        1.310662
MDMin:  3926 03:59:30    -2398.749294        1.309728
MDMin:  3927 03:59:32    -2398.749219        0.387948
MDMin:  3928 03:59:34    -2398.749294        1.308135
MDMin:  3929 03:59:36    -2398.749294        1.307199
MDMin:  3930 03:59:38    -2398.749205        0.387825
MDMin:  3931 03:59:40    -2398.749294        1.305596
MDMin:  3932 03:59:42    -2398.749287        0.387328
MDMin:  3933 03:59:44    -2398.749294        1.304712
MDMin:  3934 03:59:46    -2398.749294        1.303826
MDMin:  3935 03:59:48    -2398.749251        0.387353
MDMin:  3936 03:59:50    -2398.749294        1.302265
MDMin:  3937 03:59:52    -2398.749294        1.301337
MDMin:  3938 03:59:54    -2398.749243        0.387238
MDMin:  3939 03:59:56    -2398.749294        1.299725
MDMin:  3940 03:59:58    -2398.749294        1.298795
MDMin:  3941 04:00:00    -2398.749239        0.387110
MDMin:  3942 04:00:02    -2398.749294        1.297173
MDMin:  3943 04:00:03    -2398.749294        1.296245
MDMin:  3944 04:00:05    -2398.749238        0.386976
MDMin:  3945 04:00:06    -2398.749294        1.294617
MDMin:  3946 04:00:08    -2398.749295        1.293690
MDMin:  3947 04:00:09    -2398.749239        0.386837
MDMin:  3948 04:00:11    -2398.749295        1.292056
MDMin:  3949 04:00:13    -2398.749295        1.291131
MDMin:  3950 04:00:15    -2398.749243        0.386693
MDMin:  3951 04:00:16    -2398.749295        1.289491
MDMin:  3952 04:00:18    -2398.749295        1.288567
MDMin:  3953 04:00:20    -2398.749250        0.386544
MDMin:  3954 04:00:23    -2398.749295        1.286923
MDMin:  3955 04:00:25    -2398.749295        1.286000
MDMin:  3956 04:00:26    -2398.749260        0.386388
MDMin:  3957 04:00:28    -2398.749296        1.284350
MDMin:  3958 04:00:30    -2398.749296        1.283429
MDMin:  3959 04:00:32    -2398.749272        0.386227
MDMin:  3960 04:00:34    -2398.749296        1.281774
MDMin:  3961 04:00:36    -2398.749296        1.280854
MDMin:  3962 04:00:37    -2398.749287        0.386060
MDMin:  3963 04:00:38    -2398.749296        1.279195
MDMin:  3964 04:00:40    -2398.749296        1.278275
MDMin:  3965 04:00:41    -2398.749297        1.276626
MDMin:  3966 04:00:43    -2398.749197        0.386498
MDMin:  3967 04:00:45    -2398.749297        1.274210
MDMin:  3968 04:00:47    -2398.749297        1.273251
MDMin:  3969 04:00:49    -2398.749246        0.386122
MDMin:  3970 04:00:51    -2398.749297        1.271531
MDMin:  3971 04:00:53    -2398.749297        1.270612
MDMin:  3972 04:00:55    -2398.749273        0.385905
MDMin:  3973 04:00:56    -2398.749298        1.268928
MDMin:  3974 04:00:58    -2398.749298        1.268013
MDMin:  3975 04:00:59    -2398.749298        1.266366
MDMin:  3976 04:01:00    -2398.749201        0.386306
MDMin:  3977 04:01:02    -2398.749299        1.263924
MDMin:  3978 04:01:04    -2398.749299        1.262970
MDMin:  3979 04:01:06    -2398.749261        0.385883
MDMin:  3980 04:01:08    -2398.749299        1.261232
MDMin:  3981 04:01:10    -2398.749299        1.260317
MDMin:  3982 04:01:12    -2398.749298        0.385625
MDMin:  3983 04:01:14    -2398.749299        1.258615
MDMin:  3984 04:01:16    -2398.749300        1.257702
MDMin:  3985 04:01:18    -2398.749300        1.256058
MDMin:  3986 04:01:20    -2398.749244        0.385984
MDMin:  3987 04:01:21    -2398.749300        1.253594
MDMin:  3988 04:01:23    -2398.749300        1.252644
MDMin:  3989 04:01:24    -2398.749300        1.250961
MDMin:  3990 04:01:26    -2398.749226        0.386131
MDMin:  3991 04:01:28    -2398.749301        1.248443
MDMin:  3992 04:01:30    -2398.749301        1.247493
MDMin:  3993 04:01:32    -2398.749301        1.245809
MDMin:  3994 04:01:34    -2398.749218        0.386228
MDMin:  3995 04:01:36    -2398.749302        1.243278
MDMin:  3996 04:01:38    -2398.749302        1.242329
MDMin:  3997 04:01:40    -2398.749299        0.385683
MDMin:  3998 04:01:42    -2398.749302        1.240557
MDMin:  3999 04:01:44    -2398.749302        1.239647
MDMin:  4000 04:01:46    -2398.749302        1.238001
MDMin:  4001 04:01:48    -2398.749278        0.385918
MDMin:  4002 04:01:50    -2398.749303        1.235497
MDMin:  4003 04:01:52    -2398.749303        1.234553
MDMin:  4004 04:01:53    -2398.749303        1.232872
MDMin:  4005 04:01:55    -2398.749291        0.385936
MDMin:  4006 04:01:57    -2398.749304        1.230323
MDMin:  4007 04:01:59    -2398.749304        1.229378
MDMin:  4008 04:02:01    -2398.749304        1.227695
MDMin:  4009 04:02:03    -2398.749304        1.225270
MDMin:  4010 04:02:04    -2398.749226        0.386644
MDMin:  4011 04:02:06    -2398.749305        1.221925
MDMin:  4012 04:02:07    -2398.749305        1.220948
MDMin:  4013 04:02:09    -2398.749305        1.219230
MDMin:  4014 04:02:11    -2398.749290        0.386325
MDMin:  4015 04:02:13    -2398.749306        1.216616
MDMin:  4016 04:02:15    -2398.749306        1.215673
MDMin:  4017 04:02:16    -2398.749306        1.213988
MDMin:  4018 04:02:17    -2398.749306        1.211558
MDMin:  4019 04:02:19    -2398.749264        0.386840
MDMin:  4020 04:02:21    -2398.749307        1.208183
MDMin:  4021 04:02:23    -2398.749307        1.207210
MDMin:  4022 04:02:25    -2398.749307        1.205493
MDMin:  4023 04:02:27    -2398.749307        1.203027
MDMin:  4024 04:02:29    -2398.749285        0.387043
MDMin:  4025 04:02:31    -2398.749308        1.199603
MDMin:  4026 04:02:33    -2398.749308        1.198630
MDMin:  4027 04:02:35    -2398.749308        1.196911
MDMin:  4028 04:02:37    -2398.749308        1.194443
MDMin:  4029 04:02:39    -2398.749308        1.191217
MDMin:  4030 04:02:41    -2398.749265        0.387837
MDMin:  4031 04:02:43    -2398.749309        1.186972
MDMin:  4032 04:02:45    -2398.749309        1.185970
MDMin:  4033 04:02:46    -2398.749309        1.184219
MDMin:  4034 04:02:48    -2398.749310        1.181715
MDMin:  4035 04:02:50    -2398.749310        1.178451
MDMin:  4036 04:02:52    -2398.749310        1.174419
MDMin:  4037 04:02:54    -2398.749267        0.388856
MDMin:  4038 04:02:56    -2398.749311        1.169295
MDMin:  4039 04:02:58    -2398.749311        1.168266
MDMin:  4040 04:03:00    -2398.749311        1.166483
MDMin:  4041 04:03:01    -2398.749311        1.163943
MDMin:  4042 04:03:03    -2398.749311        1.160638
MDMin:  4043 04:03:04    -2398.749311        1.156561
MDMin:  4044 04:03:05    -2398.749312        1.151702
MDMin:  4045 04:03:07    -2398.749312        1.146050
MDMin:  4046 04:03:09    -2398.749312        1.139591
MDMin:  4047 04:03:11    -2398.749312        1.132311
MDMin:  4048 04:03:13    -2398.749312        1.124195
MDMin:  4049 04:03:15    -2398.749313        1.115229
MDMin:  4050 04:03:17    -2398.749313        1.105394
MDMin:  4051 04:03:19    -2398.749313        1.094675
MDMin:  4052 04:03:20    -2398.749314        1.083054
MDMin:  4053 04:03:22    -2398.749314        1.070513
MDMin:  4054 04:03:24    -2398.749315        1.057036
MDMin:  4055 04:03:26    -2398.749315        1.042602
MDMin:  4056 04:03:28    -2398.749315        1.027191
MDMin:  4057 04:03:30    -2398.749316        1.010783
MDMin:  4058 04:03:32    -2398.749316        0.993356
MDMin:  4059 04:03:34    -2398.749317        0.974885
MDMin:  4060 04:03:36    -2398.749317        0.955343
MDMin:  4061 04:03:38    -2398.749318        0.934700
MDMin:  4062 04:03:40    -2398.749318        0.912920
MDMin:  4063 04:03:42    -2398.749319        0.889963
MDMin:  4064 04:03:44    -2398.749320        0.865777
MDMin:  4065 04:03:46    -2398.749320        0.840302
MDMin:  4066 04:03:48    -2398.749321        0.813457
MDMin:  4067 04:03:50    -2398.749322        0.785140
MDMin:  4068 04:03:52    -2398.749323        0.755228
MDMin:  4069 04:03:54    -2398.749324        0.723564
MDMin:  4070 04:03:56    -2398.749325        0.689956
MDMin:  4071 04:03:58    -2398.749326        0.654170
MDMin:  4072 04:04:00    -2398.749327        0.615934
MDMin:  4073 04:04:02    -2398.749328        0.574956
MDMin:  4074 04:04:04    -2398.749329        0.573161
MDMin:  4075 04:04:06    -2398.749330        0.609839
MDMin:  4076 04:04:08    -2398.749331        0.651808
MDMin:  4077 04:04:10    -2398.749332        0.697924
MDMin:  4078 04:04:12    -2398.749333        0.746074
MDMin:  4079 04:04:14    -2398.749334        0.793233
MDMin:  4080 04:04:16    -2398.749336        0.835746
MDMin:  4081 04:04:18    -2398.749337        0.869777
MDMin:  4082 04:04:20    -2398.749338        0.891796
MDMin:  4083 04:04:22    -2398.749339        0.899004
MDMin:  4084 04:04:24    -2398.749340        0.889653
MDMin:  4085 04:04:26    -2398.749341        0.863218
MDMin:  4086 04:04:28    -2398.749342        0.820439
MDMin:  4087 04:04:30    -2398.749343        0.763252
MDMin:  4088 04:04:32    -2398.749345        0.694654
MDMin:  4089 04:04:34    -2398.749346        0.618516
MDMin:  4090 04:04:36    -2398.749348        0.539298
MDMin:  4091 04:04:38    -2398.749350        0.461516
MDMin:  4092 04:04:40    -2398.749352        0.388935
MDMin:  4093 04:04:42    -2398.749354        0.323822
MDMin:  4094 04:04:44    -2398.749356        0.266806
MDMin:  4095 04:04:46    -2398.749359        0.217497
MDMin:  4096 04:04:48    -2398.749361        0.175237
MDMin:  4097 04:04:50    -2398.749364        0.139226
MDMin:  4098 04:04:51    -2398.749367        0.108892
MDMin:  4099 04:04:53    -2398.749370        0.092208
MDMin:  4100 04:04:55    -2398.749354        0.133319
MDMin:  4101 04:04:57    -2398.748938        0.112067
MDMin:  4102 04:04:59    -2398.748566        0.099613
MDMin:  4103 04:05:01    -2398.748239        0.094747
MDMin:  4104 04:05:03    -2398.747959        0.096727
MDMin:  4105 04:05:05    -2398.747723        0.101334
MDMin:  4106 04:05:07    -2398.747530        0.105984
MDMin:  4107 04:05:09    -2398.747376        0.110644
MDMin:  4108 04:05:11    -2398.747254        0.115277
MDMin:  4109 04:05:13    -2398.747161        0.119852
MDMin:  4110 04:05:15    -2398.747092        0.124320
MDMin:  4111 04:05:17    -2398.747040        0.128645
MDMin:  4112 04:05:19    -2398.747004        0.132688
MDMin:  4113 04:05:20    -2398.746979        0.136195
MDMin:  4114 04:05:22    -2398.746966        0.138618
MDMin:  4115 04:05:24    -2398.746959        0.140209
MDMin:  4116 04:05:26    -2398.746953        0.141632
MDMin:  4117 04:05:28    -2398.746947        0.143026
MDMin:  4118 04:05:30    -2398.746943        0.144395
MDMin:  4119 04:05:32    -2398.746939        0.145736
MDMin:  4120 04:05:34    -2398.746936        0.147045
MDMin:  4121 04:05:36    -2398.746933        0.148318
MDMin:  4122 04:05:38    -2398.746930        0.149548
MDMin:  4123 04:05:40    -2398.746928        0.150732
MDMin:  4124 04:05:42    -2398.746927        0.151862
MDMin:  4125 04:05:44    -2398.746925        0.152933
MDMin:  4126 04:05:46    -2398.746924        0.153939
MDMin:  4127 04:05:48    -2398.746923        0.154872
MDMin:  4128 04:05:49    -2398.746923        0.155725
MDMin:  4129 04:05:51    -2398.746922        0.156491
MDMin:  4130 04:05:52    -2398.746922        0.157160
MDMin:  4131 04:05:53    -2398.746922        0.157725
MDMin:  4132 04:05:54    -2398.746922        0.158176
MDMin:  4133 04:05:56    -2398.746922        0.158503
MDMin:  4134 04:05:57    -2398.746922        0.158696
MDMin:  4135 04:05:59    -2398.746922        0.158745
MDMin:  4136 04:06:01    -2398.746922        0.158637
MDMin:  4137 04:06:03    -2398.746923        0.158362
MDMin:  4138 04:06:05    -2398.746923        0.157906
MDMin:  4139 04:06:07    -2398.746924        0.159581
MDMin:  4140 04:06:09    -2398.746924        0.162017
MDMin:  4141 04:06:11    -2398.746924        0.164378
MDMin:  4142 04:06:13    -2398.746925        0.166640
MDMin:  4143 04:06:15    -2398.746925        0.168770
MDMin:  4144 04:06:17    -2398.746926        0.170732
MDMin:  4145 04:06:19    -2398.746926        0.172485
MDMin:  4146 04:06:21    -2398.746927        0.173981
MDMin:  4147 04:06:23    -2398.746927        0.175166
MDMin:  4148 04:06:25    -2398.746928        0.175978
MDMin:  4149 04:06:27    -2398.746928        0.176350
MDMin:  4150 04:06:29    -2398.746928        0.176204
MDMin:  4151 04:06:31    -2398.746929        0.175458
MDMin:  4152 04:06:33    -2398.746929        0.174025
MDMin:  4153 04:06:35    -2398.746930        0.171813
MDMin:  4154 04:06:37    -2398.746930        0.168731
MDMin:  4155 04:06:39    -2398.746930        0.164691
MDMin:  4156 04:06:41    -2398.746931        0.159620
MDMin:  4157 04:06:43    -2398.746931        0.153462
MDMin:  4158 04:06:45    -2398.746931        0.146197
MDMin:  4159 04:06:47    -2398.746932        0.137848
MDMin:  4160 04:06:49    -2398.746932        0.128496
MDMin:  4161 04:06:51    -2398.746932        0.118293
MDMin:  4162 04:06:53    -2398.746933        0.107466
MDMin:  4163 04:06:55    -2398.746933        0.096312
MDMin:  4164 04:06:57    -2398.746933        0.092707
MDMin:  4165 04:06:59    -2398.746934        0.092088
MDMin:  4166 04:07:01    -2398.746934        0.091436
MDMin:  4167 04:07:03    -2398.746934        0.090752
MDMin:  4168 04:07:05    -2398.746934        0.090043
MDMin:  4169 04:07:07    -2398.746935        0.089306
MDMin:  4170 04:07:09    -2398.746935        0.088560
MDMin:  4171 04:07:11    -2398.746935        0.087776
MDMin:  4172 04:07:13    -2398.746935        0.087040
MDMin:  4173 04:07:15    -2398.746936        0.086163
MDMin:  4174 04:07:17    -2398.746936        0.085629
MDMin:  4175 04:07:19    -2398.746936        0.084284
MDMin:  4176 04:07:21    -2398.746936        0.085473
MDMin:  4177 04:07:23    -2398.746936        0.083474
MDMin:  4178 04:07:25    -2398.746936        0.111450
MDMin:  4179 04:07:27    -2398.746937        0.113560
MDMin:  4180 04:07:29    -2398.746937        0.082019
MDMin:  4181 04:07:31    -2398.746937        0.081482
MDMin:  4182 04:07:33    -2398.746937        0.081543
MDMin:  4183 04:07:35    -2398.746937        0.081414
MDMin:  4184 04:07:37    -2398.746937        0.081251
MDMin:  4185 04:07:39    -2398.746937        0.081082
MDMin:  4186 04:07:41    -2398.746937        0.080911
MDMin:  4187 04:07:43    -2398.746937        0.080739
MDMin:  4188 04:07:45    -2398.746937        0.080565
MDMin:  4189 04:07:47    -2398.746937        0.080390
MDMin:  4190 04:07:49    -2398.746937        0.080214
MDMin:  4191 04:07:51    -2398.746937        0.080037
MDMin:  4192 04:07:53    -2398.746937        0.079859
MDMin:  4193 04:07:55    -2398.746937        0.079680
MDMin:  4194 04:07:57    -2398.746937        0.079502
MDMin:  4195 04:07:59    -2398.746937        0.079322
MDMin:  4196 04:08:01    -2398.746937        0.079143
MDMin:  4197 04:08:03    -2398.746937        0.078964
MDMin:  4198 04:08:04    -2398.746937        0.078785
MDMin:  4199 04:08:05    -2398.746937        0.078607
MDMin:  4200 04:08:07    -2398.746937        0.078429
MDMin:  4201 04:08:08    -2398.746937        0.078252
MDMin:  4202 04:08:10    -2398.746937        0.078075
MDMin:  4203 04:08:12    -2398.746937        0.077900
MDMin:  4204 04:08:14    -2398.746938        0.077726
MDMin:  4205 04:08:16    -2398.746938        0.077554
MDMin:  4206 04:08:18    -2398.746938        0.077383
MDMin:  4207 04:08:20    -2398.746938        0.077214
MDMin:  4208 04:08:22    -2398.746938        0.077047
MDMin:  4209 04:08:24    -2398.746938        0.076881
MDMin:  4210 04:08:26    -2398.746938        0.076718
MDMin:  4211 04:08:27    -2398.746938        0.076557
MDMin:  4212 04:08:29    -2398.746938        0.076398
MDMin:  4213 04:08:30    -2398.746938        0.076242
MDMin:  4214 04:08:31    -2398.746938        0.076088
MDMin:  4215 04:08:32    -2398.746938        0.075937
MDMin:  4216 04:08:34    -2398.746938        0.075788
MDMin:  4217 04:08:35    -2398.746938        0.075643
MDMin:  4218 04:08:37    -2398.746938        0.075500
MDMin:  4219 04:08:39    -2398.746938        0.075359
MDMin:  4220 04:08:41    -2398.746938        0.075222
MDMin:  4221 04:08:43    -2398.746938        0.075087
MDMin:  4222 04:08:45    -2398.746938        0.074954
MDMin:  4223 04:08:47    -2398.746938        0.074825
MDMin:  4224 04:08:49    -2398.746938        0.074698
MDMin:  4225 04:08:51    -2398.746939        0.074573
MDMin:  4226 04:08:53    -2398.746939        0.074450
MDMin:  4227 04:08:55    -2398.746939        0.074330
MDMin:  4228 04:08:57    -2398.746939        0.074211
MDMin:  4229 04:08:59    -2398.746939        0.074094
MDMin:  4230 04:09:01    -2398.746939        0.073979
MDMin:  4231 04:09:03    -2398.746939        0.073864
MDMin:  4232 04:09:05    -2398.746939        0.073750
MDMin:  4233 04:09:07    -2398.746939        0.073637
MDMin:  4234 04:09:09    -2398.746939        0.073523
MDMin:  4235 04:09:11    -2398.746939        0.073409
MDMin:  4236 04:09:13    -2398.746939        0.073294
MDMin:  4237 04:09:15    -2398.746939        0.073177
MDMin:  4238 04:09:16    -2398.746939        0.073058
MDMin:  4239 04:09:18    -2398.746939        0.072937
MDMin:  4240 04:09:20    -2398.746939        0.072812
MDMin:  4241 04:09:22    -2398.746939        0.072683
MDMin:  4242 04:09:24    -2398.746939        0.072549
MDMin:  4243 04:09:26    -2398.746939        0.072409
MDMin:  4244 04:09:28    -2398.746939        0.072263
MDMin:  4245 04:09:30    -2398.746939        0.072109
MDMin:  4246 04:09:32    -2398.746939        0.071947
MDMin:  4247 04:09:34    -2398.746940        0.071776
MDMin:  4248 04:09:36    -2398.746940        0.071594
MDMin:  4249 04:09:38    -2398.746940        0.071401
MDMin:  4250 04:09:40    -2398.746940        0.071195
MDMin:  4251 04:09:42    -2398.746940        0.070975
MDMin:  4252 04:09:44    -2398.746940        0.070740
MDMin:  4253 04:09:45    -2398.746940        0.070490
MDMin:  4254 04:09:47    -2398.746940        0.070221
MDMin:  4255 04:09:49    -2398.746940        0.069935
MDMin:  4256 04:09:51    -2398.746940        0.069627
MDMin:  4257 04:09:53    -2398.746940        0.069302
MDMin:  4258 04:09:55    -2398.746940        0.068944
MDMin:  4259 04:09:57    -2398.746940        0.068589
MDMin:  4260 04:09:59    -2398.746940        0.068144
MDMin:  4261 04:10:01    -2398.746940        0.067843
MDMin:  4262 04:10:03    -2398.746940        0.067124
MDMin:  4263 04:10:05    -2398.746940        0.067548
MDMin:  4264 04:10:07    -2398.746940        0.065961
MDMin:  4265 04:10:09    -2398.746940        0.073935
MDMin:  4266 04:10:11    -2398.746940        0.076302
MDMin:  4267 04:10:13    -2398.746940        0.085671
MDMin:  4268 04:10:15    -2398.746940        0.064235
MDMin:  4269 04:10:17    -2398.746940        0.064660
MDMin:  4270 04:10:19    -2398.746940        0.064355
MDMin:  4271 04:10:21    -2398.746940        0.064147
MDMin:  4272 04:10:23    -2398.746940        0.063918
MDMin:  4273 04:10:25    -2398.746940        0.063683
MDMin:  4274 04:10:27    -2398.746940        0.063440
MDMin:  4275 04:10:29    -2398.746940        0.063189
MDMin:  4276 04:10:31    -2398.746941        0.062930
MDMin:  4277 04:10:33    -2398.746941        0.062662
MDMin:  4278 04:10:35    -2398.746941        0.062387
MDMin:  4279 04:10:37    -2398.746941        0.062102
MDMin:  4280 04:10:39    -2398.746941        0.061808
MDMin:  4281 04:10:41    -2398.746941        0.061506
MDMin:  4282 04:10:43    -2398.746941        0.061193
MDMin:  4283 04:10:45    -2398.746941        0.060872
MDMin:  4284 04:10:47    -2398.746941        0.060540
MDMin:  4285 04:10:49    -2398.746941        0.060199
MDMin:  4286 04:10:51    -2398.746941        0.059847
MDMin:  4287 04:10:53    -2398.746941        0.059485
MDMin:  4288 04:10:54    -2398.746941        0.059112
MDMin:  4289 04:10:56    -2398.746941        0.058729
MDMin:  4290 04:10:58    -2398.746941        0.058335
MDMin:  4291 04:11:00    -2398.746941        0.057929
MDMin:  4292 04:11:02    -2398.746941        0.057512
MDMin:  4293 04:11:04    -2398.746941        0.057084
MDMin:  4294 04:11:06    -2398.746941        0.056644
MDMin:  4295 04:11:08    -2398.746941        0.056193
MDMin:  4296 04:11:10    -2398.746941        0.055729
MDMin:  4297 04:11:12    -2398.746941        0.055254
MDMin:  4298 04:11:14    -2398.746941        0.054766
MDMin:  4299 04:11:16    -2398.746941        0.054267
MDMin:  4300 04:11:18    -2398.746941        0.053755
MDMin:  4301 04:11:20    -2398.746941        0.053230
MDMin:  4302 04:11:22    -2398.746941        0.052694
MDMin:  4303 04:11:24    -2398.746941        0.052145
MDMin:  4304 04:11:26    -2398.746941        0.051583
MDMin:  4305 04:11:28    -2398.746941        0.051009
MDMin:  4306 04:11:30    -2398.746941        0.050423
MDMin:  4307 04:11:32    -2398.746941        0.049824
