LAMMPS data file via write_data, version 11 Feb 2026, timestep = 2000000, units = metal

501 atoms
8 atom types

-0.0009286579612474992 17.86277573986123 xlo xhi
-0.0009286579612474992 17.86277573986123 ylo yhi
-0.0009286579612474992 17.86277573986123 zlo zhi

Masses

1 26.9815
2 10.811
3 12.011
4 51.9961
5 55.845
6 95.95999999999999
7 58.6934
8 1.008

Atoms # atomic/kk

2 7 0.15869814194423276 1.6741905764018747 1.6329424980032479 0 0 0
121 5 3.5531017613018494 3.44546833079146 0.024090456390776893 0 0 0
102 6 3.470076593715735 1.7246204967255048 1.8070636115731051 0 0 0
23 4 1.653682838637693 3.4300828876256486 1.8247190045163793 0 0 0
5 7 0.08763977239064276 0.18425229498021825 3.5309821780167323 0 0 0
202 7 6.993801346801494 1.8622209380658288 1.8946822602789424 0 0 0
103 7 5.324243326656913 0.017038464969783562 1.750600310773961 0 0 0
201 4 7.070881911986457 0.11997285720308791 0.1901520940164 0 0 0
104 7 5.47346438340499 1.8734333816719555 0.04065149631646747 0 0 0
204 7 8.985634120942091 1.8231708040953631 0.18798006701910908 0 0 0
203 4 9.026609801927284 0.2218595926166052 1.9847036108853469 0 0 0
223 4 8.683700296421328 3.5188999814111113 1.9219034652555387 0 0 0
302 7 10.92770654639299 1.8214642282547349 1.9432123643714523 0 0 0
323 7 12.569713411439114 3.4268411530757215 1.9482571614702877 0 0 0
321 7 10.994882796507037 3.515497117597679 0.20666863412920997 0 0 0
402 7 14.399447838157817 1.7670931370347653 1.8458213088199975 0 0 0
423 4 16.308263931590577 3.5054231309665185 1.828089823563435 0 0 0
403 7 16.247778211040615 0.006446126167143587 1.7012698806138555 0 0 0
404 7 16.18163922016883 1.811741830466513 0.017642212893164436 0 0 0
408 7 16.225750862650617 1.7074504716582743 3.4737765594300534 0 0 0
43 7 1.7679934405526128 6.94387005784089 2.0041430061263856 0 0 0
122 7 3.4102311436812767 5.232748988577243 1.867516832533849 0 0 0
141 7 3.3322847464695244 7.101100092063025 0.18195949001395909 0 0 0
22 7 0.13450823683415017 5.223388950313469 1.740094101475022 0 0 0
123 7 5.188094292142815 3.5934004750313946 1.810882978833571 0 0 0
222 6 6.967856549450204 5.266291013623626 1.963576019306819 0 0 0
143 7 5.18116083081504 7.0702574410447205 1.953948206120561 0 0 0
241 6 6.915556969427785 7.018142559448977 0.0035138389043964935 0 0 0
224 7 9.021914713289362 5.257893894140065 0.2390614376171713 0 0 0
322 6 10.871265942584536 5.262383142663656 2.0252523105122258 0 0 0
422 7 14.28139444050543 5.071075423579921 1.919198995562476 0 0 0
343 5 12.501506501564878 6.99588660618287 1.9238086132840557 0 0 0
324 7 12.591795544642002 5.358927482335052 0.08184803323627853 0 0 0
424 6 15.860965893965183 5.1384391750896174 0.14321713177565068 0 0 0
45 7 17.586192623276006 7.077204515181252 3.4021901127070406 -1 0 0
41 1 17.834739255333556 7.0260523735300655 0.20637916831402953 -1 0 0
443 7 16.03770034902454 7.08707414244411 1.6209450685687163 0 0 0
428 7 16.05019442929805 5.200843605118179 3.53318867010118 0 0 0
445 7 14.394177882773468 7.053057552913962 3.4900523473961247 0 0 0
61 6 1.5030799461308986 9.17002686891943 0.564285358249445 0 0 0
65 7 1.0147039899564656 9.046398990146278 3.249011633546558 0 0 0
44 7 3.409715299743399 8.843248280614233 2.2030087090154096 0 0 0
163 4 5.233163204505692 10.307074997421934 1.8135629537815503 0 0 0
242 7 7.099896562536038 8.95830295018202 1.9235211811317547 0 0 0
144 7 4.975131087225938 8.673623170352926 0.13803511185450335 0 0 0
278 2 6.615169320575267 9.636548705114306 0.02227236250387888 0 0 1
341 3 8.924626332028692 7.198129088810746 0.10610239312639817 0 0 0
243 4 8.9540633150596 7.1773761541141505 1.9974637512186932 0 0 0
244 6 8.887729315292496 9.323790874812724 0.10532214339807192 0 0 0
263 7 10.683979741694387 8.778980447163212 1.9824686514630032 0 0 0
342 7 10.908982321655518 7.175107700731539 0.16331583487457718 0 0 0
344 7 12.568446973399134 8.917381800410991 0.16418032677301478 0 0 0
442 7 14.183754830032328 8.77414134407881 1.7818316955184854 0 0 0
465 7 14.253141345326457 10.69679686924884 3.2506356116007176 0 0 0
361 4 10.80178248111377 10.714983213914657 0.23686849088525527 0 0 0
42 3 17.74899017767365 9.844025200229803 1.8729249581881886 -1 0 0
463 4 16.27343641008569 9.258126749942075 0.7194558391338316 0 0 0
448 4 16.14457357357702 9.118533820188707 3.341331949367019 0 0 0
68 7 1.3779795668184496 11.40790232829416 2.2752190360673996 0 0 0
83 6 1.3114050775815567 13.806073190598818 2.5677797188976745 0 0 0
63 2 3.0308715266070365 12.283505164380584 1.7884530212295418 0 0 0
64 7 1.6751115145054125 12.642796630612697 0.28663766288020576 0 0 0
161 7 3.574232457763595 10.827577166406405 0.4187656249667508 0 0 0
181 7 3.7207325016280066 14.043253004225706 0.36196472722356404 0 0 0
162 7 3.814348990516382 13.84579628328531 2.8687226614112182 0 0 0
142 7 3.7307022014533002 11.189173148394817 3.3838750503198005 0 0 0
265 4 6.905376960938395 11.076762850821614 3.172247379036991 0 0 0
285 7 6.504945934731394 13.871942170783246 3.0432980847520397 0 0 0
168 7 5.127045441471691 12.506820663570728 1.5695496024660271 0 0 0
262 6 6.869099996160241 14.002641272531442 0.43082636761584003 0 0 0
261 7 7.176329521195079 11.413259892142912 0.6758749083556544 0 0 0
362 6 9.248640301504583 10.940040074481729 2.4269121657396 0 0 0
165 3 7.684612619652645 12.67251751173228 1.9792141081545225 0 0 0
264 7 9.23562621582314 12.323092702555611 0.1934077894797981 0 0 0
363 5 12.257472574533862 10.76158384321143 2.141224007221247 0 0 0
364 6 12.504913906017606 12.564676760923149 0.21002716570572152 0 0 0
368 7 10.954168113639273 12.703371777799392 2.2113588771628376 0 0 0
462 7 14.216800571294765 12.74150059209238 2.408074039037108 0 0 0
383 7 12.577926494053601 14.242824334155749 2.0197007890329375 0 0 0
461 6 14.482984656362703 10.879353466681348 0.49981864682283 0 0 0
62 7 17.72381056329701 10.969968440744143 0.27201032359770533 -1 0 0
468 6 16.62795353664047 11.566193099359134 2.627155989635471 0 0 0
464 7 15.982155843686552 12.63812836595738 0.2875339434461208 0 0 0
81 5 17.843191632571862 14.231677510767698 0.3485741472653626 -1 0 0
483 6 16.326572533238654 14.213890807727614 2.369008823041921 0 0 0
3 4 1.8216960545663565 17.813054820122662 1.9653737968841969 0 -1 0
84 7 1.6743452142227395 16.116509841960127 0.09414803485952611 0 0 0
88 7 2.1277900296200896 16.18967569453872 3.521290462071373 0 0 0
101 7 3.431885035631351 17.740939270656355 0.031106968106018276 0 -1 0
182 7 3.5683935381036442 16.159271104500043 1.7213233572524251 0 0 0
82 7 0.19320645296694527 16.109839058256206 2.0848799130717444 0 0 0
188 3 5.267045916436811 14.839152278869472 1.7342877879602183 0 0 0
184 7 5.432748647238826 15.973905566508869 0.045512385499334965 0 0 0
282 7 7.0314074596727085 16.11588319489228 1.839215481263451 0 0 0
185 7 5.375616199308136 16.00444136206975 3.5239175286633926 0 0 0
301 7 10.589606073640617 17.725942992636057 0.07817911233806285 0 -1 0
381 7 10.589402812357795 14.329592167322453 0.2035452305383496 0 0 0
283 7 8.811686983889517 14.335308014876555 1.9037873768350726 0 0 0
284 7 8.721473522601775 16.098919211937414 0.17007396874153274 0 0 0
385 7 10.649040225569044 14.458778528247565 3.5522810097928716 0 0 0
288 7 8.805865215631668 16.118355884677843 3.5365251463045126 0 0 0
303 6 12.536315760419598 17.85614496589887 1.8174531042709987 0 -1 0
382 7 10.728905917407987 16.155769491078377 1.9763608319758792 0 0 0
384 7 12.613762392269926 15.978154422247854 0.2690511980699881 0 0 0
401 7 14.456091821083735 17.859660068499746 0.21371257331257282 0 -1 0
481 7 14.51122613021642 14.31419226306449 0.13155773491848308 0 0 0
482 7 14.417694723593819 15.840565683533017 2.0371402480380345 0 0 0
484 7 16.373334876455658 15.937494822191391 0.20533598112684753 0 0 0
8 7 1.8730110151025046 1.7078126761532324 3.861772886467391 0 0 0
25 7 0.07476313687728768 3.298906750568786 3.8444762214754764 0 0 0
27 5 2.22209258854141 3.48057754994665 5.4008402043660935 0 0 0
7 7 1.926614510686832 0.012678043815394755 5.464990190205325 0 0 0
108 7 5.289287983963852 1.9417842685240214 3.6336899412832393 0 0 0
106 7 3.958059862145176 1.7872138860601245 5.765063715783962 0 0 0
206 6 6.8280043704134865 1.771910636701824 5.553783119670416 0 0 0
205 1 7.0036824625580545 0.024694918793773724 3.601184446670815 0 0 0
208 7 8.851903660732958 1.7343603013346922 3.7485421276166586 0 0 0
325 7 10.74821555742223 3.5418321268248856 3.6681343275214133 0 0 0
306 7 10.842663165998292 1.8849445833416985 5.411485592956163 0 0 0
308 7 12.65874605146896 1.9007012875378622 3.685008583887234 0 0 0
305 7 10.721268712925141 0.20396033329874141 3.6887154684131658 0 0 0
307 7 12.5719261029551 0.08856350824696999 5.350813341247448 0 0 0
406 7 14.550762894051497 1.5420831381371458 5.412392108795219 0 0 0
425 7 14.547037797632354 3.4302467143835123 3.7379633169057938 0 0 0
407 1 17.677079671160737 1.4660815178146305 5.730031147847057 0 0 0
427 7 16.06108285563352 3.5020370839971475 5.6571578929428 0 0 0
145 7 3.5468330925228337 7.0036588075505435 3.7246605947687614 0 0 0
28 7 1.767390947175597 5.168022299256556 3.6697333165946846 0 0 0
126 7 3.4091484849689766 5.479564596589332 5.568420378412565 0 0 0
26 7 0.07276207859254001 5.28368327133938 5.337100317760577 0 0 0
125 7 3.5039183283393878 3.6100615529968345 3.5739552537630233 0 0 0
49 7 0.09953060219369192 7.118563634874952 7.010942946818067 0 0 0
128 7 5.223402556850661 5.3731450932124245 3.7463411917456217 0 0 0
225 7 7.085474421782124 3.580127370534913 3.6888497234509816 0 0 0
127 7 5.166944334092769 3.8350933871554633 5.544861155633052 0 0 0
226 7 7.032871137132428 5.3422777673107 5.5339532073523205 0 0 0
147 1 5.171279333390935 7.086337173084144 5.4785119856253885 0 0 0
227 7 8.842687550386808 3.644623617982986 5.491167687398689 0 0 0
228 7 8.852351551523189 5.371358891812766 3.6744252204798564 0 0 0
247 7 8.938161338943424 7.134891131557229 5.471861056183751 0 0 0
345 7 10.675898952453624 6.999732723024509 3.832553966062635 0 0 0
327 3 12.37971142124781 3.5767552637710707 6.835471639578317 0 0 0
326 7 10.767746376288663 5.350890300091183 5.537032536213248 0 0 0
328 7 12.660375505510167 5.210736055145601 3.820457834646196 0 0 0
332 7 12.658032925181502 5.312585106854928 7.048362243162507 0 0 0
347 7 12.621349328771988 7.11263916220905 5.30836666768492 0 0 0
426 7 14.464196548622313 5.301929229625826 5.5247544149421515 0 0 0
447 6 16.15030024404374 7.036148109527099 5.312152341081475 0 0 0
47 7 1.3732453092415602 7.364036546207114 5.045048781417553 0 0 0
48 7 3.059981588785834 9.295914669828695 4.865712451540358 0 0 0
52 6 1.6021789599320924 9.222381303504784 7.039924704575955 0 0 0
149 7 3.487223331332638 7.178627000939461 6.997598824846424 0 0 0
148 7 5.260689711466393 8.795819779084258 3.6502380968536654 0 0 0
146 3 3.5748342472576433 9.122936445644703 6.729985298409067 0 0 0
246 6 7.124866220387849 9.324144009987089 5.09569347569879 0 0 0
152 7 5.5137566982002015 9.122638122705691 7.1155680326506525 0 0 0
245 7 7.170464677953037 7.171559185332179 3.6597303749989365 0 0 0
249 4 7.170949372954423 7.147367794431492 7.115635395432475 0 0 0
248 7 8.987912059524778 8.862631128363997 3.6063490985985016 0 0 0
252 7 8.92312149431665 9.073551597897627 6.777672248366739 0 0 0
349 7 10.77964501192252 7.250549428990731 6.928226756229686 0 0 0
449 7 14.207292541944936 7.354712163506219 7.117717214354118 0 0 0
348 7 12.4338699076029 8.892029299752355 3.644953821079242 0 0 0
346 7 10.790506803764123 9.102526685687206 5.464598270922876 0 0 0
352 7 12.543087904140771 8.990782743199224 6.936953785693281 0 0 0
365 2 10.850592496419022 10.124146832017036 3.837562682628369 0 0 0
46 7 17.61152042620428 9.024011990087194 5.23073690781563 -1 0 0
446 7 14.350794918862947 9.032097761047833 5.1357700340292975 0 0 0
452 5 16.115670114279958 9.069289275762262 7.081899535052107 0 0 0
67 7 1.482091889517073 10.966709604709948 5.029469850337771 0 0 0
72 7 1.6797950961514023 12.64595146871147 6.910078938585812 0 0 0
166 1 3.233034862778105 12.768161097073952 5.1513525438859595 0 0 0
169 5 3.3576730574977183 11.067204318330313 6.942842431313056 0 0 0
167 7 5.2035762671766514 10.87074868762755 5.18991041809578 0 0 0
187 7 5.320426819230922 14.165991907888143 5.3124189835982545 0 0 0
269 7 7.123425523528609 10.792818738712901 7.107112750175141 0 0 0
266 7 7.076507065597663 12.548589946872807 5.224738022289899 0 0 0
267 7 9.08392429647478 10.807722044360133 4.9983350258475046 0 0 0
268 4 8.749530708346299 12.878754467854803 3.7154824366614325 0 0 0
272 1 8.82801322154566 12.735479481621741 6.891424065240888 0 0 0
366 7 10.707801500121343 12.583200148679307 5.172705133976731 0 0 0
367 7 12.431523648430492 11.171236160780579 4.7049206761412385 0 0 0
369 5 11.016524023909328 10.94705253058024 7.027679539609869 0 0 0
372 7 12.595555490567452 12.575980928760508 6.904194270243602 0 0 0
469 7 14.378879977219869 10.759320798691922 6.793447683014376 0 0 0
69 7 17.758698492264923 10.794882374192348 6.9624464676929785 -1 0 0
467 7 16.163171379921884 10.918579609360267 5.025732772465491 0 0 0
66 4 17.713628800228395 12.64949257192616 4.676108999339756 -1 0 0
466 6 14.348038548428775 12.622707748729473 4.919096170183802 0 0 0
472 7 16.12835759364744 12.609840075067531 6.835776794922632 0 0 0
489 7 14.361555500924322 14.283631486470922 6.866512923073588 0 0 0
87 7 1.704749535075254 14.400530242172234 5.107712811440443 0 0 0
189 4 3.5461056264630315 14.482135539600117 7.043288750871698 0 0 0
86 7 0.14521259407790452 16.275499304237638 5.236070706283742 0 0 0
92 7 1.7654680939894902 16.0642225769485 7.004618628129083 0 0 0
105 7 3.683289270498434 17.85636122942422 3.597636836980157 0 -1 0
186 7 3.6546843073894535 15.970249288734784 5.367122253107244 0 0 0
107 7 5.326903517177707 17.697180342121943 5.331256045734382 0 -1 0
286 7 6.933954832063312 15.936614566057646 5.416922252945257 0 0 0
192 7 5.217552373061318 16.098929087778103 7.110796224191862 0 0 0
207 7 8.945956674483915 17.85441676034238 5.439190709691188 0 -1 0
501 8 7.555895342302322 14.506576182726079 4.441668798416774 0 0 0
389 7 10.706122984822603 14.416534929402786 6.9795724773548 0 0 0
287 7 8.948259262377933 14.37248053924575 5.386298798325566 0 0 0
386 7 10.675419842975261 15.984403921388934 5.366885967619853 0 0 0
485 2 14.284695433920614 14.71511634866735 3.7807876831146805 0 0 0
387 7 12.533618394869968 14.35738345908394 5.2035332433828145 0 0 0
388 7 12.582424345334749 16.109239090387256 3.632178786795245 0 0 0
486 7 14.238366323864202 16.227008513446155 5.372273539240755 0 0 0
405 6 14.356358010170364 17.837933052657874 3.588931804823025 0 -1 0
89 7 17.712825566558088 14.366713348838163 7.068930737790168 -1 0 0
85 2 17.778923940861223 14.721655800658286 4.009002207667402 -1 0 0
488 7 16.178061288973577 16.364735436394927 3.59108749853032 0 0 0
487 7 15.953613176326234 14.529009570899992 5.096711071795785 0 0 0
492 7 15.908712717963766 16.21014437655136 7.0127611820908236 0 0 0
109 7 3.4702223382519946 0.08362378697680839 7.26058674231422 0 0 0
12 7 1.6234746680906713 1.6872084170891675 7.222802062167874 0 0 0
29 3 1.6954924576556778 3.5513615906890115 7.2079919852631935 0 0 0
10 7 0.03569115414476959 1.672356931651379 8.950102745535006 0 0 0
16 7 1.7667485474025846 1.6957506536221179 10.620012882237683 0 0 0
110 5 3.43040976747174 1.8872711741392194 8.986462058955402 0 0 0
112 2 5.220882492584238 0.7704656652598413 7.18548866926709 0 0 0
210 7 7.0629239249030755 1.7742195769143774 8.969209116327963 0 0 0
131 7 5.331159215724311 3.5467185455922006 8.997215758209393 0 0 0
111 7 5.246656047312573 0.13587450644702503 8.91937719315133 0 0 0
329 7 10.601543888227408 3.5098822801097973 7.157576206719985 0 0 0
212 7 8.954345257725464 1.6648689327960091 7.178651350736373 0 0 0
209 7 7.2040528698404565 0.11163305022321524 7.29481004804618 0 0 0
211 7 8.978863311102584 0.02605346949808407 9.06225381398744 0 0 0
309 6 10.725975487296596 0.06494423730119436 7.209955079533341 0 0 0
409 7 14.256840888717264 0.017548854045095652 7.210378454486882 0 0 0
310 7 10.758787538214378 1.9233079745454753 8.938830207709568 0 0 0
312 7 12.581051039107068 1.7650745842112303 7.209383501934271 0 0 0
333 7 10.815183842316175 3.468005667320148 10.692665105876818 0 0 0
410 5 14.4753977047914 1.855217993420104 9.04914324099076 0 0 0
412 7 16.070864583927943 1.6842783661070366 7.388233749240906 0 0 0
416 7 16.078870732805814 1.7380143855453292 10.486635229413695 0 0 0
429 7 14.299391261993867 3.449650621428015 7.158287451010262 0 0 0
32 4 1.6422663927902166 5.515060061449719 7.22609252849444 0 0 0
31 4 1.723850258716836 3.6460216951647446 9.031575473349642 0 0 0
130 7 3.4892186021831635 5.4642043392232695 9.000347275616088 0 0 0
36 7 1.7006695320683949 5.736028351017506 10.559652481058933 0 0 0
132 7 5.442737383041513 5.507600852766139 7.241036953694339 0 0 0
129 7 3.6620591173107506 3.831876368031342 7.265079447805509 0 0 0
229 6 7.014164798438429 3.620081238755748 7.196801185365546 0 0 0
230 7 7.107214681939977 5.468705743021071 9.228248372731406 0 0 0
232 7 8.848848045564619 5.384627279562547 7.183179832041473 0 0 0
231 7 8.727195297427931 3.6384236589796832 9.052206460494524 0 0 0
331 7 12.69615871644446 3.646714174585254 8.86519134214965 0 0 0
330 7 10.751832175151625 5.563087387606682 8.69320447791885 0 0 0
334 3 10.756351702779806 5.354745751538481 10.648540035605894 0 0 0
336 7 12.56720818157919 5.644617181672882 10.65659595569149 0 0 0
430 7 14.253578829820114 5.496680015212948 8.850548525639978 0 0 0
6 7 17.727080071230375 3.599035727181181 7.339147517158483 -1 0 0
432 7 16.026942341414813 5.487027502109876 7.217219593832905 0 0 0
431 7 15.937344988360318 3.7726999449625684 8.94337753993119 0 0 0
30 7 17.851669025509945 5.673181420424108 8.89606496926645 -1 0 0
33 6 17.765839932930493 3.8133913695818253 10.599147467468693 -1 0 0
433 7 14.383291088193252 3.830359428716917 10.604681589116598 0 0 0
436 7 15.988704272819463 5.643738573198477 10.628365512387292 0 0 0
51 5 1.5929410050616588 7.3212195732297625 8.865031248614967 0 0 0
56 7 1.646910791339171 9.018543329224208 10.514260735112895 0 0 0
150 7 3.400883825021995 9.068185817120533 8.907833447842592 0 0 0
173 7 3.432811199906911 10.708879879249205 10.690600699420699 0 0 0
151 7 5.420283069315707 7.312906209524028 8.942116930098518 0 0 0
251 7 8.927311174148144 7.309825557320219 8.69811732702518 0 0 0
250 6 7.293613197973089 9.187924602300239 8.916321515033044 0 0 0
353 7 10.469499307638383 7.22217314990399 10.67312607084576 0 0 0
256 7 9.39925084159083 9.215777236154242 10.473640474190935 0 0 0
351 4 12.504274648195748 7.1965752600890625 8.820894681191184 0 0 0
350 7 10.760772931377696 8.912789790832063 8.550297743093104 0 0 0
356 6 12.184016805786916 9.291016116374278 10.527575133406591 0 0 0
453 5 14.201566612132183 7.370837020181124 10.60085313263048 0 0 0
450 7 14.292212091600442 9.170276569783493 8.94496204858308 0 0 0
50 7 17.690087363093568 9.10082518770744 8.82194432276786 -1 0 0
451 7 16.039705505456375 7.357497207714767 8.806314642338496 0 0 0
456 4 16.02159666187849 8.994046791358048 10.661949069316744 0 0 0
53 4 17.761694404147264 7.308636306013704 10.554426401187195 -1 0 0
71 7 1.693090185239419 10.910891842547706 8.856548880958874 0 0 0
170 7 3.49235295860669 12.752451187174598 8.820917391524585 0 0 0
76 7 1.6672513645452571 12.439021762796473 10.612545356395977 0 0 0
172 7 5.314474526784376 12.482365218718579 7.1574057508737985 0 0 0
171 7 5.401201604516602 10.791033340647829 9.070098660396999 0 0 0
193 7 3.6363579254722684 14.28801467127682 10.656442799789183 0 0 0
289 7 7.11773233944767 14.267665432732366 7.1920556096637895 0 0 0
271 7 9.063847174538878 10.811405941662004 8.609621791536993 0 0 0
270 7 7.272428443083338 12.400042244482032 8.970750134314915 0 0 0
370 7 10.598481574579854 12.655866244698935 8.656765563304976 0 0 0
291 7 8.939922074503349 14.263264758337517 8.964304697863444 0 0 0
373 2 10.704596525984043 10.901997551722 9.774156047454673 0 0 0
276 7 9.238225463053823 12.301340646356396 10.642941238444179 0 0 0
371 7 12.510927120346556 10.861875221487397 8.673073588355834 0 0 0
376 7 12.045343675754143 12.16680605764012 10.614148930897388 0 0 0
470 7 14.252160021074712 12.512538219359076 8.642918314953192 0 0 0
471 4 16.046799079310336 10.978699675526832 8.653704037786918 0 0 0
73 7 17.70467647650534 10.898418216309548 10.544517913666759 -1 0 0
70 7 17.73265477454253 12.59201451155808 8.756357767214125 -1 0 0
473 6 14.360187618130226 10.94608987808792 10.708849899594 0 0 0
476 7 16.12666092554339 12.645695801120633 10.690473364412089 0 0 0
491 7 15.956709081865714 14.135180761867533 8.890303686349426 0 0 0
91 6 1.598477817950436 14.450775913675391 8.801903705810755 0 0 0
11 7 1.6485427154990384 17.508080396907264 8.93180748684157 0 -1 0
13 7 0.003281380981270284 17.824348438348675 10.612398012602704 0 -1 0
190 7 3.517862294076554 16.10868294603332 8.90175853757105 0 0 0
191 7 5.201180336832917 14.311908039196842 8.930821888150142 0 0 0
290 5 7.058333397085313 15.942621055679744 9.07341215706768 0 0 0
293 7 7.083559056760095 14.33473402856756 10.715751802560584 0 0 0
292 7 8.801025317797803 16.143199313849028 7.356162099621579 0 0 0
392 7 12.548086434844267 16.155234570743023 7.185660557893224 0 0 0
391 6 12.572167424261245 14.304869382576447 8.740146861498442 0 0 0
313 7 10.750215749935085 17.86077518047793 10.713446076580777 0 -1 0
390 7 10.752174917973115 16.093120316819235 8.889719871371245 0 0 0
311 7 12.418601739409807 17.839975095281513 9.041218666138935 0 -1 0
396 7 12.562844281940798 15.911253839674737 10.64615946623772 0 0 0
9 7 17.84995743565111 17.702645280064473 7.257046826838304 -1 -1 0
90 4 17.665087526438118 16.003250148118802 8.903407071826301 -1 0 0
411 7 15.983845144572934 17.633592602589204 9.04832065613762 0 -1 0
490 4 14.369456155974868 15.909201778832587 9.007739259846982 0 0 0
496 7 16.08214113086805 15.992710045846817 10.627912138792583 0 0 0
114 7 3.382592558423579 1.6215078846941624 12.563241282021142 0 0 0
20 7 1.8424574923150014 1.86583824144212 14.231914234650572 0 0 0
116 6 5.285383727717831 1.7341085933906046 10.742689323205466 0 0 0
214 4 7.14174348956807 1.8133764764445754 12.68657345500543 0 0 0
135 7 5.428583747024597 3.5482109408360922 12.668320656826088 0 0 0
115 5 5.207854482164608 0.032481260334943585 12.747784623970675 0 0 0
213 6 7.23015096882034 0.08562474475852255 10.800891475114867 0 0 0
216 7 9.049088140729747 1.862349698469954 10.840019746071277 0 0 0
233 7 7.170340337149906 3.5012874912779015 10.802340159012225 0 0 0
215 7 9.131301849716877 0.21185028339492706 12.603687484753639 0 0 0
316 7 12.553478300233461 1.7707798843344182 10.720340715210417 0 0 0
314 7 10.789018185666265 1.8872354751495608 12.584902604482574 0 0 0
14 6 17.855797799526297 1.7662804517499264 12.50222305819769 -1 0 0
414 6 14.40786129182455 1.798387119088866 12.288426683362362 0 0 0
420 7 16.150416960984078 1.65783896514427 14.196093283897158 0 0 0
133 6 3.491958046870919 3.784525827466305 10.875719605097318 0 0 0
35 7 1.6545983017786021 3.574981653788677 12.37637679513896 0 0 0
34 7 0.03838707111445672 5.5162943455488165 12.505172456102018 0 0 0
137 7 3.3900269231524756 3.7711520475302494 13.948583615401356 0 0 0
40 7 1.6577412157502358 5.748686817684726 14.209680733509591 0 0 0
37 7 0.04737002198105921 3.5915866434634642 14.265832953535186 0 0 0
134 7 3.619476456102538 5.717766208568765 12.384655196920953 0 0 0
136 7 5.480335299382363 5.383132622533654 10.888548033552496 0 0 0
140 7 5.146400077621402 5.430340893602919 14.168058166891058 0 0 0
234 7 7.225060275469892 5.457413167120743 12.574703713716655 0 0 0
236 5 8.787040064223486 5.415994824554124 10.730672805748922 0 0 0
235 7 9.090857681270736 3.5984595626492646 12.57945877363206 0 0 0
255 7 8.92429305134275 7.056466348390237 12.756314754145311 0 0 0
355 6 10.979844492952564 5.427032198963685 12.642349106907822 0 0 0
335 7 12.742346121948987 3.5794594324220403 12.327228509431912 0 0 0
434 7 14.188134898829606 5.772784071472651 12.639240100744852 0 0 0
435 7 15.874815660700962 3.828419805122517 12.498333177349558 0 0 0
437 4 14.44134358605521 3.6113380176721983 14.21626256818184 0 0 0
440 7 16.089966428400224 5.455339014545055 14.0686377126872 0 0 0
153 7 3.3994388317412594 7.413961338153399 10.734813758858083 0 0 0
55 7 1.693942812726641 7.460849658040859 12.387886316344227 0 0 0
75 4 1.723538957422238 10.607539313858991 12.448297164661716 0 0 0
154 7 3.5603070015227267 9.011718425278929 12.578117692481888 0 0 0
157 7 3.410614270476003 7.2930680152010305 14.237977719070058 0 0 0
156 6 5.273639098980413 8.971765359184507 10.751790353999038 0 0 0
155 7 5.680315076361439 7.228812138631198 12.56532090881155 0 0 0
175 7 5.3686929998510875 10.648863750121272 12.473348059488178 0 0 0
254 7 7.394801718934739 8.981461015384417 12.666087530749609 0 0 0
253 7 7.379710608504793 7.319729747890842 10.758041123736177 0 0 0
275 7 8.96457689146789 10.55003031655461 12.53142839315476 0 0 0
454 2 12.854585206000966 7.206267471672473 13.128237158339115 0 0 0
354 6 10.978203376895431 8.767216025238335 12.607481537089578 0 0 0
460 7 14.00047202219449 8.897748825692164 12.406243000737216 0 0 0
377 4 10.927994290920077 10.586074704096303 14.22330651850521 0 0 0
455 7 15.99460465967821 7.462504316973867 12.500678138151347 0 0 0
54 7 17.855534196652155 8.996779171425516 12.538632160502605 -1 0 0
475 7 15.995457460755572 10.321961041718168 12.58251701629236 0 0 0
80 3 1.8048463046350012 12.435011678407733 12.44475224513941 0 0 0
95 7 1.8713564464881265 14.179674882438883 12.336481408147895 0 0 0
176 7 5.300985564255228 12.586113362555277 10.725021751099531 0 0 0
174 7 3.6074151143061166 12.343351110690058 12.542895571196123 0 0 0
195 7 5.273258995519483 14.284533518083842 12.484374097594241 0 0 0
274 7 6.942519895749318 12.489805244918328 12.555412357805643 0 0 0
277 7 7.115787826477046 10.725238062058859 14.280197526242812 0 0 0
393 7 10.688332732755532 14.262500803218213 10.850304700015583 0 0 0
273 7 7.1697057226702725 10.753933823166921 10.902411656604672 0 0 0
295 6 8.861421322597696 13.917814070716659 12.514477260594802 0 0 0
375 7 12.598507165140862 10.844468925209394 12.706805090152281 0 0 0
374 7 10.811976191090409 12.39954675643292 12.741241932823627 0 0 0
395 7 12.486000435376452 13.945204817661306 12.433876295029958 0 0 0
474 7 14.41700765772677 12.48636101172137 12.71357244020969 0 0 0
74 7 17.621960425395237 12.288537686698676 12.458722554109253 -1 0 0
495 7 16.003964095036807 14.221044493594233 12.729349387562763 0 0 0
96 7 1.6367193727143525 16.066506899100553 10.819542408630618 0 0 0
15 5 1.6114145306836372 17.752698683007516 12.515867381504275 0 -1 0
194 7 3.4308394816853744 15.955829127694518 12.614484838067556 0 0 0
113 7 3.4535513490031127 17.67351134912802 10.812262468952564 0 -1 0
196 7 5.225181257877774 16.100251859398647 10.814441698815433 0 0 0
296 4 9.012372397516096 16.124237419036096 10.755119641590055 0 0 0
294 6 7.216223824771676 15.987679178207093 12.588659602494532 0 0 0
394 7 10.552698247499718 16.25631745045513 12.475233114340707 0 0 0
315 4 12.382617820971076 17.723755579249026 12.390982527310053 0 -1 0
494 7 14.166127143154805 16.021925503228697 12.463480293620403 0 0 0
413 7 14.17954411898081 17.728373064250686 10.747413958479529 0 -1 0
417 6 14.199005000413626 17.812438634137465 14.24751441713606 0 -1 0
493 7 14.427744634402014 14.294366064598101 10.743288227035865 0 0 0
93 7 17.73833210181878 14.40159679090627 10.745657033590183 -1 0 0
94 7 17.765964079016925 15.751741811626959 12.569773834288263 -1 0 0
415 6 16.18220658867616 17.678979482041225 12.486723623626245 0 -1 0
4 1 1.7968102078168107 1.660277961733341 17.73900844799162 0 0 -1
118 7 3.500538587219128 1.8220434577271694 16.038416161680676 0 0 0
18 7 0.01680106971562978 1.7360740956781566 16.0895753754354 0 0 0
120 7 5.237436936768667 1.7826076200604135 14.444340344797347 0 0 0
217 7 7.10326783240124 0.018022178034104996 14.386138459068095 0 0 0
139 6 5.214042995852646 3.5518035108995267 15.966909771888561 0 0 0
220 7 9.172145969422452 1.8611678392982862 14.523561403695059 0 0 0
218 6 7.368452790550714 1.7787416416055433 16.10158613239069 0 0 0
219 7 9.204038489039293 0.044058295346149474 16.03134554091585 0 0 0
239 5 9.293908203354327 3.548606867797873 16.105277444633764 0 0 0
304 7 12.523723829050189 1.689499393124353 17.739487427260737 0 0 -1
320 4 12.567151534364518 1.857356433554782 14.345857164280325 0 0 0
337 7 10.944583162312908 3.5633337427183127 14.405487268261483 0 0 0
317 7 10.914824802968983 0.01604314773908655 14.357702945780629 0 0 0
318 7 10.76573113986119 1.8797852901342513 16.208821778973565 0 0 0
421 7 14.106128095188277 3.542693183584582 17.82806917342475 0 0 -1
418 7 14.31253646862369 1.7142401133995802 16.12903791666486 0 0 0
439 6 16.154121428058794 3.54453221265091 15.921686501906718 0 0 0
21 7 0.09469838831520741 3.5811720247450243 17.798044742501236 0 0 -1
24 7 1.7711552725970237 5.307328728831369 17.74428570819594 0 0 -1
39 7 1.8722127433740563 3.679820566080347 15.786736304799179 0 0 0
138 7 3.3559445830740766 5.561899007347712 16.056781335631488 0 0 0
124 7 5.045363560322029 5.338723596958879 17.82846547765519 0 0 -1
221 4 7.067813443463521 3.736467970787372 17.711831042968143 0 0 -1
238 2 6.230105159604434 5.626579361161718 16.07263483424546 0 0 0
240 7 9.17302774841309 5.293162251444834 14.508074234125733 0 0 0
257 4 7.230201265399725 6.962857326621873 14.66412133977007 0 0 0
237 6 7.239083788517571 3.9585493877442426 14.499285368873705 0 0 0
441 7 14.28633844775986 7.089439396873035 17.836428461809447 0 0 -1
338 7 10.941075917472592 5.241674422323142 16.257906105856165 0 0 0
339 7 12.659011956159796 3.600138868864607 16.123803549026615 0 0 0
340 7 12.656894780723256 5.538503502020522 14.322706207244552 0 0 0
38 7 17.59535449094947 5.525968936112365 15.964368165358755 -1 0 0
438 7 14.446629705412567 5.48551912891329 15.909194411503051 0 0 0
60 1 1.672271707161328 9.04356575976159 14.617530930350544 0 0 0
59 4 1.5883092195039774 7.198358633049955 16.106230005694048 0 0 0
179 7 3.143503354787814 9.101510481379247 16.493986557128032 0 0 0
159 7 5.175233201973399 7.239994269800695 15.989297968420823 0 0 0
160 1 5.443127318593357 8.942245556529818 14.314919255194509 0 0 0
177 7 3.6178890733949043 10.59210813268838 14.523277095094244 0 0 0
183 7 5.358401079249097 10.450766598574763 16.404828723791756 0 0 -1
259 4 9.12791074283461 7.234701222111016 16.028192590367713 0 0 0
258 7 7.196501707065154 9.014130452818588 16.125398275904313 0 0 0
260 4 8.911057538830466 9.119789095977767 14.494607902132005 0 0 0
359 7 12.664207160477973 7.28358886887349 16.007964146701244 0 0 0
357 7 10.819869466375271 7.258006805376136 14.467589581866795 0 0 0
358 7 10.915057556906687 9.140727533443552 16.160648430984214 0 0 0
360 5 12.797405896334372 9.004419703207283 14.459002034549496 0 0 0
379 7 12.776097916450054 10.64779096735576 16.272633326235052 0 0 0
57 4 17.524625207051912 7.4500200730833726 14.351668798464878 -1 0 0
444 7 17.827348854790618 9.041265756561591 16.46772926972127 0 0 -1
459 7 16.138440350271846 7.402094907681188 16.43927390012667 0 0 0
77 7 17.494979813455096 10.43622571524528 14.46238114760696 -1 0 0
457 4 14.731516509575348 7.4843077809608 14.38060579942461 0 0 0
477 4 14.48986785617109 10.602058753624185 14.400975126344651 0 0 0
458 7 14.460529740708136 9.07265796379462 16.34186960572764 0 0 0
58 2 16.131550627035942 9.004879194270774 15.083837729861443 -1 0 0
97 7 0.05775254556878551 14.227666063605147 14.570110393647882 0 0 0
158 7 1.6576843875612743 10.948579380748692 16.399222499041713 0 0 0
197 7 3.27721617663127 14.162196859951319 14.453664665991628 0 0 0
79 7 1.5727720183390694 12.286260942971731 14.34450540679127 0 0 0
99 1 1.9269744763020522 14.119558383772834 16.19327977436841 0 0 0
297 7 6.889703179102419 14.213625348775974 14.45150992630461 0 0 0
178 7 3.7586730997653595 12.236427172294716 16.37755479364941 0 0 0
180 6 5.173362396001853 12.455002866141703 14.36256220058669 0 0 0
199 7 5.222460911497966 14.045613905824425 16.21347161613301 0 0 0
164 7 7.126274673241126 12.175245676988224 16.191687401276386 0 0 -1
280 7 8.803587863940393 12.5428411902485 14.348826540346542 0 0 0
279 7 9.10150546332719 10.885057378251055 16.062197819571928 0 0 0
281 7 8.725347121282935 14.115327024429748 16.374227473949734 0 0 -1
397 7 10.549285558412517 14.1536577005314 14.353275789175695 0 0 0
378 6 10.821796527072946 12.442542601244815 16.17760240252465 0 0 0
380 7 12.586998258464247 12.503529874909997 14.293852101103921 0 0 0
497 7 14.359039575319438 14.18495110053937 14.441869162129173 0 0 0
478 7 14.3489002863072 12.46965139531533 16.239687060923576 0 0 0
480 7 16.124339448980713 12.532481067590707 14.412431105516914 0 0 0
479 7 16.095066860561097 10.89300401078199 16.337771109803075 0 0 0
78 7 17.823247423464448 12.631503475289417 16.43089461100954 -1 0 0
499 4 16.173005983549828 14.153017075488997 16.23306348951547 0 0 0
1 7 0.12147832998174632 17.72749968641792 17.8037101003902 0 -1 -1
117 7 3.406512143757066 17.853223712875277 14.29421327265696 0 -1 0
100 7 1.7452893812660621 16.0215864123997 14.340524103375687 0 0 0
19 7 1.8683804176966754 17.765935538819267 15.906134499951502 0 -1 0
198 7 3.4703330005262583 15.837477046767557 16.27191324332566 0 0 0
98 7 0.05117627868567709 15.928656008540523 16.31265180680444 0 0 0
119 6 5.177898138776968 17.75351789342123 16.065240554403598 0 -1 0
200 7 5.036457191044718 15.828957528786995 14.489585416678205 0 0 0
298 7 7.044390166486138 16.004993816365317 16.130984950270257 0 0 0
300 7 8.980378958396228 16.046513879305028 14.297866185997641 0 0 0
299 3 8.793398064149663 16.097947487924078 16.289834088255954 0 0 0
398 4 10.70616159580981 15.931102401659263 16.267951833854983 0 0 0
400 6 12.442597293457306 15.867085037205413 14.290607633581311 0 0 0
399 7 12.533914520128754 14.315328704754378 16.23366305530089 0 0 0
319 4 12.592453591487834 17.608125492218743 16.373397026608675 0 -1 0
17 7 17.828251128808354 17.614021402605072 14.487193098173343 -1 -1 0
500 7 16.061570831306195 16.006827046242158 14.412315310892978 0 0 0
419 7 16.138103230269177 17.688600234182665 16.198450380199446 0 -1 0
498 6 14.482052771971532 16.073750425314774 16.31521846488603 0 0 0

Velocities

2 -4.885951772496514 0.7695833516459348 0.37972799730373286
121 -2.7836590334691187 0.6137629246541836 3.817480109207217
102 -2.345516793733351 -2.4140579690172936 -2.101065478193733
23 1.9436035811347832 -0.26302426955409086 3.308572353945123
5 2.4656067398950796 -0.7217171993419637 2.025607688262064
202 3.02339508146973 -0.16670220114596787 -1.6856126092438368
103 -3.492519196076812 -0.7029654940634221 -1.875407238923021
201 1.3776889366800091 -5.548018893450859 -2.352864837426753
104 -1.588587331474297 6.605832002078591 0.04071313517447209
204 -2.874079697454908 -0.6709542631275552 1.9889623393033444
203 -1.0556812996250107 3.7888621167643417 1.2204798284631815
223 -1.161910408021051 -1.3952197370309734 0.08026138434706406
302 -2.228277049452336 -0.5622548971965273 3.723513100999706
323 4.192474992447671 1.3428693212843303 1.742596678488112
321 0.6449800500154275 -4.075744669211675 -0.5689984877183806
402 -1.3767286411322368 3.065393171429828 0.6938083844190225
423 -1.3162298183981145 0.5097721145168777 -1.6878405814047235
403 -3.4729452991055343 -1.6318303275492099 -0.14743264647880652
404 1.638227596058147 0.5206906891218234 -0.019052988684970035
408 4.195558095544519 3.6692415379457026 -2.96642361577943
43 2.6644445462646424 -5.800791692723639 0.9120473673174674
122 0.0848269284468659 -2.1546626460160883 0.622421107180749
141 -3.4108714627454155 -2.0489326292129335 -6.006905855882823
22 -3.5619793865122995 1.995909530256102 -5.342384032111915
123 2.3309188315936056 1.7862977861524583 1.0775767150203794
222 2.60096912574355 -1.220124247617054 0.17745670897557603
143 1.211241555667359 -2.861418293106028 0.25559427700249193
241 -2.349500345953526 0.8410932086394524 1.963306919725417
224 -0.48234984642226475 4.328276620101011 0.6642917182076673
322 -1.1521237830473163 -1.7227471605428468 -1.9282765695747885
422 2.1041878101874976 5.0724582931099444 0.0666311765731233
343 0.8635259947509184 1.8666672332741296 1.4997346456450986
324 -3.214526209502268 1.936210618238809 3.49409844235899
424 0.24934979584274858 0.5512116023645223 -1.0366429082638773
45 3.4499569617445687 2.5780428213871804 0.13291868492028805
41 -2.90729982124362 0.4490857371724122 -1.8341314387199803
443 0.41964717976658583 -2.486692719155956 1.6206614062890476
428 0.12794474879511586 -2.8572049389616008 0.7438002796041664
445 6.212489597691296 -0.2457847165433185 -0.9286501031779376
61 2.069971792808347 0.7082168791854775 -1.3275663571890868
65 -3.206125658487086 1.752398183462109 -1.263687490395869
44 3.092162330250627 -1.5383569074880343 -5.056721033822468
163 -0.5423954352003395 0.7632357221173292 -1.025562202372892
242 -0.7380327043764464 3.8071552544016263 0.10033224881515962
144 -1.4748390075510536 6.0456691141261265 1.3007828254348923
278 -1.9516749027439064 6.265142477062232 2.9215873630559845
341 -4.730798479613647 -1.488158975715246 15.106323832911714
243 0.1959293507368878 0.255687228991245 -3.6131500150293587
244 -2.0054527365849797 0.34005472608350706 -1.6439344964834537
263 -1.2980219595468288 0.7472326034920944 -3.038069457342729
342 3.0299855285540054 1.7627267106829636 -2.705632046367305
344 -1.7666522169010832 2.101982156005479 2.1172938255634834
442 2.6575165153972358 -2.0037695873274703 -3.4369931274243344
465 0.5545371218640703 3.9641943401611606 1.305861637875852
361 2.773260791898572 -0.770414709508639 -0.33007380905133693
42 -1.0410897465333357 -4.616112867683206 5.239710770350611
463 -0.7533426381337225 5.148724262199342 2.6506053496666384
448 4.7675915151864565 1.3942144398304808 0.4851214670957732
68 -0.30833543497131055 2.5601492416353313 2.9290032088709914
83 -0.024719137097735346 2.6780069292153823 1.3735682219093166
63 4.542421193576357 -0.6732570286067994 1.4595963716260507
64 -2.1926592768738065 0.5885799070510737 -2.6304067130466864
161 2.4155345001712356 -4.717982863962952 3.558124522372604
181 0.507479056344853 2.871483907824342 1.1330762007144957
162 -2.727723618731673 -2.8785423493997664 1.7579758929091058
142 2.979274826886121 -4.195620469369156 -0.12773737219929807
265 -1.68736311715003 -3.096355245828118 0.7020540772871383
285 1.3964392154855276 1.9719406354662907 1.8456372474969243
168 3.894219600043957 0.11497950940621313 1.66954147891695
262 -2.100408693229682 -1.5799148929067255 -0.8049902580928542
261 -3.1319589865461523 0.8744204123832443 3.186456247792952
362 -4.9519682696621725 -0.838260570831929 2.6951215570892386
165 1.4595933756922472 0.3857947560124926 11.57219343753087
264 3.2829368195294615 -0.36897550412073504 -2.7125740258786095
363 -1.9278634711088045 3.4427846916952003 2.859142991835115
364 1.201816677296934 -1.6332566184999668 0.42806670007429676
368 -4.856910109409398 3.643262990182359 2.646836046102181
462 0.19783631699590393 -5.113128427102077 -1.5207704320118531
383 2.6084625145330613 -1.2666202047265303 6.746253982515286
461 -0.28875253026050757 1.5219897477532531 -1.9301374940080624
62 -2.5995189594600903 -0.9620545538130912 3.8047822988202995
468 -0.3035244759694369 -1.2636257914305733 -1.0311298770825494
464 1.063822951671106 -0.023938615569701633 0.9132993839806585
81 -0.4693266537481043 -2.725958466228599 -3.13161309980614
483 -0.9475550522669154 -1.4344989868973814 1.198449749548421
3 -0.7889439236822564 -4.486272850879971 -1.0590180109572542
84 -0.7350293052825249 -1.721903833155837 1.6880802501624723
88 -0.750630128703072 -0.8308920223438583 -1.6449800325707098
101 3.851261191457142 -1.2332154532412778 1.944359790123035
182 -3.1936798268084488 -0.7654223366766106 0.5254597577067652
82 2.5317315769916755 2.3327634630809477 0.667375665124931
188 2.102272440482048 8.872827066991062 -0.21760239569477532
184 -0.044318766673988104 1.1917325462012955 0.902194927520702
282 -0.11884759030833064 1.8406999846470562 -4.001474525649692
185 0.07699864517455732 -1.150514514181118 2.4937232103450153
301 -0.9523838213709934 7.157005160758008 -1.8709403059681673
381 1.3829409068038279 3.60735031858559 -2.2721895195515507
283 -2.9264150171639853 3.177156170934128 -0.9442473368311937
284 3.005814585397737 -3.1277478924174753 3.8250829091112775
385 7.76078323793779 -2.860076470192328 0.5552947698605181
288 0.16818877727491616 -3.1973050529517866 -2.678819956970233
303 0.8543282941875194 -1.391757197232339 2.2479549840682918
382 -0.1309154678809174 -1.6541702448363078 4.321678711046762
384 1.928755343188579 -2.817136303945825 -3.667365598047045
401 4.907219649552752 0.0525381643355662 -4.803794720722646
481 -3.82953624844635 2.4318091612873083 2.0302224867408083
482 2.0260999913481212 -1.834231414039766 1.3492667595308698
484 1.0750101049619565 -3.831902065215267 -3.5487904472547664
8 -2.006684047161743 -0.7056797434929339 1.3049579122529364
25 3.2839129563274865 -7.408964082745071 -0.38172463750369734
27 -4.794848957586808 0.9356829320844595 -1.245983257007474
7 -0.002813421449482095 -2.6118332510981275 4.565216567758238
108 -5.04209640772088 -1.3630809272482902 -0.02545436791550162
106 -1.888907666584903 -5.895850685049481 -1.7167451770666964
206 1.9605498636117118 1.5635135508866245 0.7961385445450456
205 1.328857409775182 -5.982580020688493 2.6905119421470878
208 2.668674494701715 5.1519587918660665 1.5715473056334965
325 1.03676081488274 -0.7534640413693509 -1.7773908240523197
306 1.5413741435047552 1.6115686518201109 2.1771564738957374
308 -1.796825869235453 3.6827683541569605 -0.24583210318575488
305 -3.0556477287113153 1.0610348506210914 -0.2701737894477103
307 -2.8321159209790103 -0.5874328225573923 -1.846414743241895
406 1.6812315860725673 2.667902368140792 -0.45982578032755084
425 -5.35272057175541 0.4070845080855714 -3.8434546835275523
407 1.4990009513291553 5.728522302133233 -0.3886510788518086
427 0.315659876161894 -3.5561068264322078 -1.2217754452011025
145 -3.177821761124998 1.7942419922678914 7.072054213483169
28 -5.523823027012997 5.472073739509827 -1.9516230250397535
126 1.8107002283817304 1.0963512226209653 -1.434258832521261
26 -1.5612712434701157 1.2492728354985003 2.3469444524121985
125 2.759316673366934 2.9766190215234642 -5.139014863150785
49 -0.8634889680444846 0.4786939048397707 1.5523144530563704
128 -1.126579166421121 0.7828432765275392 -0.7507528472795136
225 -0.6476182066924543 -6.083384534283962 -1.3511041685423981
127 2.0200597628753414 1.5259856827758875 1.1788308613190344
226 0.6647372457422318 -0.6807624365998312 -6.1708975234687555
147 -0.7928688442602211 -1.082139542804408 0.4848051606945881
227 1.8116524032847485 -0.14505682915765775 -0.49411203851497715
228 1.407295231782169 -1.070262329253216 4.701682868440248
247 -2.7835318263358544 5.408136304025821 -2.198137942752953
345 -0.7414320881113112 -3.745419950788997 -6.147411224536288
327 1.4050942211224378 6.514135730292343 3.7392358403673054
326 -1.3546117001355849 -6.164118793411735 -3.687898336368769
328 4.020535211409525 3.2185105822312505 3.632390017329799
332 -2.4566542644265503 2.689811714618822 -2.5406279448973192
347 -2.6559842274056824 -0.34632314864165953 -0.5039928241168412
426 -2.3587803289379385 1.9120550035736408 2.160449195676893
447 4.771705785738179 -3.5607329521921347 1.0133378900651961
47 -4.079243098481308 -4.226247535011169 1.6914191287610707
48 3.0738530839239746 -0.36757911406038085 -0.4694632633639078
52 -0.8054698152606118 -0.5949396420707274 -1.1061324345021233
149 5.574649542566359 3.7466991580380933 2.9474897125560964
148 -1.6694629946063138 -1.4787014979034212 3.2404209554938666
146 -7.093293080784543 -13.868020201155263 -3.504046927168716
246 1.1751292234420627 -0.8859044816851493 -2.2714070843718797
152 -2.4608498065535658 -0.5860063634855989 3.1455012794016866
245 3.0495889008096486 -2.416874129260006 -2.2391533319444634
249 5.08887608472804 -0.777042943704611 -2.0029869597641228
248 3.6429583252712483 -0.28012939802023124 -0.809661700342516
252 -4.018994079227681 -1.4014920124528778 1.449076405436669
349 1.6031477424861431 2.191064244480314 2.2189483537911623
449 0.30612067966390366 0.820702677779064 3.001177156937753
348 3.1147762211309526 -1.3037490626983737 -1.1360627411463227
346 0.8449997330340557 0.14187437281691548 -1.7670828811891248
352 1.245128115464042 4.025440809295066 -6.124948773435643
365 -3.420752399572168 8.937115078064405 -11.452254665738243
46 1.4913320702920394 7.127102022466512 5.7405645837740895
446 4.2802248852611475 0.2733774481198037 1.6912757011241504
452 3.1719396958524477 3.586627739258909 4.714342435952494
67 -0.8529006522585246 -0.41931273299144417 3.3842448251555823
72 3.7217477820925526 -2.308303126503348 -1.1777112918273598
166 -0.8878712449296965 4.106705095280573 -0.9004235477263858
169 1.0645424607336917 -1.590031718979059 1.0722794608443127
167 -1.1906003863246635 1.3642364064518029 -1.798696168225174
187 3.5664141873002215 1.0387254116099214 3.2846950617311728
269 -0.09062451198746754 -2.8127946284757783 -0.8189124877390741
266 0.12211073003528627 -4.230980208860456 -1.7093037798237936
267 -0.37147450770586 6.4045730963224905 -1.7636110297307426
268 -0.2567758469604388 1.281264978169546 4.507497812020978
272 -3.4147786753653957 0.8937020076921035 5.7285651169081975
366 -0.09178905915495687 4.682134516612935 -0.4637031908691
367 -1.0749991064305362 -2.137984733071817 -1.311233610360268
369 0.9939790937165833 0.02297687318212675 -0.783697720715619
372 -2.06784495737508 -0.20153156675423198 0.44592569167337287
469 7.402141374162179 1.4549245180895496 -2.4593038179774434
69 -0.8422434357039076 4.851530130354274 -0.09342176752807597
467 1.5697296424689486 2.6946105764198474 -2.6681382993846903
66 -1.1165133500707833 -0.8663777435064569 1.3386186327707301
466 -0.9859400100658183 1.7240825253082042 1.3937961956110076
472 2.043281349084786 -2.2773905621027173 0.16559985654374057
489 -0.7875761558203841 -0.20718341651544653 2.8325846545058466
87 -6.082357338964094 -0.3833539333771139 1.7907760131895063
189 0.8118122553086611 2.6790137421881597 -1.7268989386809912
86 1.5812680501047947 -1.1580807177494292 2.0367741942660333
92 -3.1303212597851404 3.0828049380573 0.9882445236026264
105 0.040913982577944326 1.9276128125528447 -1.159305589047041
186 -2.493270752497788 5.271236474489712 -1.3081998303569389
107 0.8687078343461567 0.09792752019965005 -1.4887925246760727
286 0.4151692067827645 0.7910610202910496 0.20959371094342413
192 -2.791845341462063 -2.8813548579982977 2.712694810568413
207 -0.8506414856791455 -4.395851307690171 -0.9548564589308098
501 -14.013636301667685 -17.11238767079652 -6.879943365056764
389 -1.387644194462068 -0.759281758183455 -0.6453851124025435
287 1.5793882917203308 -0.9920302101132696 1.4808530807685707
386 0.41030239577595046 2.1161791558031577 -1.5451097151905773
485 -3.339170430549947 4.1597751172969915 -4.213512612357472
387 -0.930395421225331 -2.092123482501261 2.2082834827486515
388 0.5163895261221072 1.592601111364793 3.773107040445782
486 2.96436490007184 -4.965145240414813 -1.8839733447452103
405 -1.3816756676319768 -1.4783683866179833 0.3809345138610876
89 -0.12071270215941651 -1.4425577321802425 -1.9077341629068538
85 -3.218257723096335 0.7310509442551227 -2.7373115235959546
488 1.7515610325970308 1.6067766837778392 3.00757093074996
487 5.587275187442759 -1.0438253645099278 -3.4932122899950753
492 -4.624435832103343 -5.87547289514602 0.6785290945275646
109 -3.879110925323393 2.314831789371777 -0.29766581457373625
12 3.3128183114099103 0.3573224757038298 1.515697256204925
29 -1.3949524135457312 -1.504221978397747 -4.9644566793609926
10 -1.123259820402444 2.998665215467675 1.036667883095395
16 -1.8139651205047373 0.200162880760014 -0.032736527187081914
110 0.7637264749596876 -2.5190829167969877 0.10024347869335205
112 -0.37245622940760736 2.9472701120370375 3.979842840469847
210 -3.2106441366448766 2.6948603166469325 -1.1218003757479207
131 0.7913754366343264 -2.786492233794207 -4.500298501036551
111 -1.3436774162357605 -0.9224765218946246 1.6958637593677819
329 -0.22747447033172052 -3.459218468141688 3.010625792604382
212 -0.38422632741928514 -2.7926428173342495 -3.255111591148163
209 -0.8890741278438036 -1.8329745557190387 -0.7870011443997719
211 -0.7186634077660784 2.910670121134468 2.1350674804153202
309 0.9527011963504493 3.519397252672981 1.245391941605688
409 -6.077649406276451 -1.8736220172230582 -4.730963528947297
310 -1.028917274569367 -1.0255733260062596 0.8514236588727001
312 -0.35497862342922437 -0.3705720113375103 0.3496854737897979
333 -2.5706221125702777 -4.833357461629495 -0.12733266627096376
410 1.68056827479998 2.08247779995076 -1.130119340342017
412 4.876517934540216 0.04910066111768308 -2.0757713091474406
416 -0.3063049399568428 -0.25886453501277673 -1.3819771897476927
429 -2.754197048369621 1.1087490153183737 5.418133783537922
32 -3.7350237549654666 -5.47208016089985 -0.42727871295984116
31 -3.2457023140077434 -1.7772846480895568 1.7105583816007843
130 1.8024324446498143 -0.4694002346946316 -1.111381826549228
36 0.7812209207972238 -0.6614151911717475 -0.7187397101104293
132 0.34027015516691417 0.18799242012650744 2.0466654701873894
129 -2.9409968061377554 2.1451440388873526 -1.3092150986710962
229 0.10615215232369073 -2.891636350426076 -2.39546673421514
230 0.5860449520722882 2.2863405471540537 1.361202372418922
232 -0.5355991212229458 -3.037299015698886 -1.198069875883984
231 -2.423945805755526 -1.9381198898072665 3.262618582243417
331 0.2049864272784045 -0.21631564138150758 -1.6713561020361054
330 -2.7546141679943807 0.1932734270320017 0.04073807989399294
334 5.330961742717733 6.783546723843195 6.569557701998069
336 -4.8644717827030854 -1.5814622559770037 -0.024340672039362063
430 -2.2211391421279907 -0.469673093471823 2.0242590542606056
6 3.8740513415488835 -0.38574543086007557 0.16207472184530738
432 2.1385204252205043 -0.34350372504250426 -1.0347352664622382
431 5.301850258133243 5.743235491766955 2.6369883887524113
30 0.22315924184199085 0.5155041288152697 -3.0591329281975534
33 -2.0085452546522093 1.5952615927215215 -0.022330033399470883
433 0.4053671430057975 -0.7739717319275128 -4.044264434853929
436 -2.6417137405539695 4.7301781878844755 1.709763120844104
51 -2.24082965288998 -2.1259399205854903 -3.430097104547435
56 -2.400071517635477 -2.20870736578059 2.5606007893431295
150 -1.2331001373352586 1.4496897870379803 -0.18328285634249486
173 -0.7366271436888776 -6.273370740004203 0.4249888601297632
151 0.32106444094353637 1.2970062340577215 -2.688265253875003
251 1.6882977705130306 -3.9459557717934763 -0.6370070387329004
250 1.3937876809527174 -1.972671395554168 1.4451713646732618
353 -2.5827687536157455 -4.496082329043176 0.5856958830316855
256 -0.6346150993128712 3.8007429439528493 -1.2136681057888825
351 -1.1626160810206598 -2.3544490122186725 -1.4031813980903618
350 1.0765434142291215 -4.230130348793117 2.7655008322972225
356 -0.787694080444526 5.011575097837099 -1.1558966081107582
453 0.06896898848668213 -4.795856427885349 -1.9573337503101278
450 2.7764487033704808 -1.0952555897983198 0.5785442472374545
50 -1.3596039419364514 -3.6861204599402067 0.3730938672669768
451 -0.14443236627655698 1.9705484417570995 1.6759623288482346
456 5.129408649939138 -0.9125511856340424 2.937844925050884
53 -1.165403561222818 2.3886876711552083 2.3260652044189163
71 0.7121403808353118 -0.9101580378614086 0.809580987109946
170 -0.26560633355437174 3.7680851678460914 1.891718584018637
76 -0.3361470391924294 1.812004287285589 0.8875542218457507
172 -1.6931059828803128 4.813894169799012 3.318616537825421
171 2.2956749519125705 3.4936964152284995 -5.179550160236508
193 0.8248667959638117 0.9373971181387009 -0.8157683951797527
289 -1.0508410695908432 0.6800620604816949 0.24540491265977926
271 -6.970247077202227 -3.9827084083379383 1.2310756177744657
270 -1.3805819492981553 0.7654392371465788 -1.8371628597429932
370 -0.03174615834679452 -4.409398243108795 4.176680685737037
291 1.245701534372345 1.2500514647554029 -5.540358343343113
373 -0.9471896762222444 2.5227464416221923 4.31287914302565
276 -3.09782162355185 0.9025035536549196 1.811287177653229
371 0.40372777914727004 2.9880057757431167 2.7407633042357484
376 -0.22838813402467728 1.243921298770539 1.6358710146995081
470 2.615658793314227 -1.323705443862787 -7.070432457092341
471 0.6775122167855356 -2.1382361404346857 0.3362513979482697
73 -0.7638422036031145 2.180966327480355 2.218900086086691
70 1.754808789734997 -2.764316884847186 -0.3603716676339133
473 2.1014234473549864 1.1297296364424654 -2.8233714827855123
476 2.9378092739983357 -0.213478907445055 0.8698941292443988
491 -0.008493768011607946 3.3579051315640633 -1.3015064456752536
91 -1.3579286578118817 -2.0733664323139056 -2.7132805918028615
11 -2.1840250893098676 0.263497309423876 -2.9893177146992405
13 1.0015676520381627 -0.1331451129739547 5.719579967435587
190 -2.070167568690011 -1.6231519211394907 1.4032636518525465
191 -2.034728859189117 -1.190313554713963 1.34286333493677
290 1.386499809150723 -0.7468582649255127 0.4076490917942634
293 1.5223774797108656 -0.8971937256556449 -3.753646758657582
292 0.5716456548287655 2.512896703738802 0.3904591961516327
392 -5.544526242104716 2.649551476198193 1.3399487370432017
391 1.027789595445155 1.0903920535300693 1.05752676619111
313 3.4308168313845324 0.4884191797075513 1.2719111074598088
390 -4.538817297062003 -1.9374750955826916 -0.10725461376026835
311 2.347875286916849 -3.7455274827545493 -0.7337523000153167
396 2.390492525059197 1.8370975013772664 0.29546606657187363
9 -5.98179848066336 1.1324817054407512 1.0198190913577274
90 5.650470988200964 6.949684023871055 -3.4555391933963127
411 -0.4676559183381318 -0.5981547112538579 -4.5912206710130405
490 3.2378744536372226 -1.7535668137694445 -4.9672348935344175
496 -2.2505573317417347 6.467270655574354 1.7123055525596016
114 -3.8400101711331134 -3.6164107576983677 -1.515307649662118
20 -3.0478232645218646 1.3946245482819848 3.802430094373026
116 0.6090125253801056 0.5555163805725318 -0.5927330125899626
214 -1.1465919019778807 0.9638296257552114 1.4416658448525093
135 -2.9028163132445197 1.3380473502010155 -3.9612932959744036
115 2.4643406703845603 1.0383288982865007 0.38481316027656814
213 -0.29781911025042446 0.5952514030016745 0.34918341363611716
216 3.4490249502297914 1.5014052880342583 0.5940742267976528
233 1.5870575504225737 -3.1831920523974078 0.41926918908124233
215 -0.6905083320930642 0.5394785773648123 -0.7676998794257991
316 0.8385776323216766 0.0696651382283784 2.39592456294329
314 -1.0996774054039569 -1.2478715312312647 -0.5612924849410662
14 0.7592883041912685 -2.9707710632755036 -0.9026078053236637
414 -1.0124440801056223 -2.058491828379239 1.2344671169823778
420 6.88231018311485 0.09800588873257501 -3.462888966673512
133 -1.832366169548421 1.4559690998148687 4.271056000033099
35 0.3238298908729413 1.2991013669415636 2.6295425064957385
34 -3.5681753876425293 -3.325505432216951 -2.5399211265098107
137 -3.8842956572443073 -1.7016374102605527 2.5975520064717412
40 -2.4490499612552563 -3.794035725785188 1.8878467445513984
37 -0.2966615807429479 -5.0530910572981 -1.7167902041422416
134 2.640715948844778 -1.747410865311469 4.063983245130656
136 -1.4901924540608924 5.249463891652416 -0.21364811003450634
140 2.7384317570350625 3.58681296921445 4.166570598253157
234 1.8506242782127549 0.46707286279916405 -1.3414656886553475
236 1.9831542307245034 -1.292303829889356 -2.963303407000323
235 -0.1570518971797307 -1.7893151900772544 0.28460556221228284
255 -1.2320061435801561 -1.3154252608863066 -1.031897632059779
355 2.11507348051697 0.1600748777687313 -3.8183802217149276
335 1.1903270064125617 0.6277478184090894 1.2972144934269696
434 1.125259622417822 -1.5172106579880822 2.2050200054976314
435 2.3907441701192726 4.476344783284361 -0.5281937810185914
437 2.8592854022083882 -4.293126944767347 0.2859600981333735
440 -0.6114476241704113 1.1570898943658952 -3.478197082058167
153 1.3150322116108906 -3.2624912171347793 -0.05034852747113001
55 3.193790225132974 1.2361370782406504 1.2333292159249167
75 -0.37585114001572706 1.3838622960694724 1.7431849169717488
154 -1.6567168530521001 0.15318882322426808 1.7593785119493281
157 -2.8871160125739417 -0.9486512942552994 0.40021085174028354
156 -1.1251587203351747 0.7343473189635238 -0.4767907583718151
155 -0.7060231039505395 -2.1523963965960498 -0.38842986889034486
175 1.3147612909612874 1.1199171552282248 -2.362673969867714
254 0.19460809133299456 0.32682468334883585 -0.7039570557991769
253 -2.5555110354455866 4.028238687886 -2.898049191886431
275 2.174133603066935 -0.5377792648167827 2.163889324043691
454 4.120362409552036 3.896190388091969 -7.845711522875164
354 1.8473966097234085 0.9586699111532778 -0.8700916130478509
460 1.1525857981073313 -2.524408946444719 -0.8522108614006987
377 -1.2914916569734465 -2.7718447996062685 2.1638871050784005
455 2.2117526828006233 -1.1098874332171698 0.20709424053294204
54 3.8051460316163204 -4.1532576236590275 -0.9571697619228137
475 -0.5556068017375477 0.9294639905947879 -0.6756426016892361
80 10.186908362028309 5.451258161659445 -13.369188102453293
95 3.6477242727934533 0.3856760088725142 -3.4628315170757884
176 0.9006110369335782 -0.027609443106156775 0.9971662075410109
174 1.7775904471650052 1.7317635561434115 3.2858574986837823
195 -1.5451313457130564 -0.2753643490220305 -2.7744284132496375
274 -4.782322433440718 1.4562486214624308 -5.132293801783271
277 3.440670241172076 6.016194813515752 -0.7229737662665922
393 0.6018774774465774 -0.5027934796794346 -0.320298428330896
273 -6.141390730401301 -3.5842643794688667 0.6374907518028038
295 3.5865269083966353 -0.3851604053697724 1.282429028721238
375 -0.7404624208447248 -4.785399042313167 3.4116229372192373
374 2.0097134430361607 -1.0261540000912945 -5.3052675870123895
395 -0.25471337622091456 1.9353126515329695 3.7998784112050257
474 2.314735166412835 -3.730392693272925 2.2495862149910955
74 -2.411198295324374 -1.0747876560290035 -1.7139406624987978
495 -0.8477826211525062 -0.9503775736363791 -2.115614141042631
96 -0.04233276788880614 -1.6910543995658176 2.596577994329839
15 0.17524444576371614 0.272029243419506 6.761037646217017
194 -1.3972866021769708 3.6148235770256414 1.5866197470589647
113 1.9091681861692127 2.7626070589052816 -1.4228600690292998
196 2.7089439070434693 0.2812771837476739 1.5000318352250634
296 0.5949709803075197 -0.7577466439825328 2.7390543746311584
294 -0.0675860431297237 -1.0177912853176387 -1.8020782293252926
394 2.064317484872695 -2.2249512492166614 -1.5730912324708568
315 1.8133007421600322 0.7241595546773155 -1.1271039551115822
494 -3.768245619541296 1.5863706923177932 0.47573539329787573
413 -5.890031782751715 -0.017954236715123754 2.2894951567538473
417 -0.0924396533080307 0.3347478959866684 -2.584866240691667
493 0.5360596356281365 1.7769859790247087 1.6903125783848842
93 -3.007622136002354 -1.1650490069883028 2.771760578243794
94 -0.08663022970835353 2.1489954715762942 -2.283017876971618
415 0.044586258773910266 4.496995379356755 1.1348584247756246
4 -5.541140489777201 5.598179567332878 -3.733138976739871
118 2.2670770868989 0.1278795818340861 -0.8219052125931507
18 4.687909359173125 -0.6053385156864219 -0.5936873923687007
120 -3.4071222975953757 4.873233790824945 -1.8224874098524815
217 2.7882786557281 -1.0630670220655911 1.6890919957879698
139 1.4375539627797471 0.8057031830637131 2.42958359473259
220 -2.9015825188358755 -2.1397135132737395 0.20400269665524112
218 0.44154539660707265 -1.3696811561911402 -1.738512617816061
219 1.4829803104946222 1.3497252629286505 -2.405353912565257
239 -1.9567629196708791 -1.1130546752748 2.1496790596923305
304 1.7007710474157818 0.7772156834892976 1.5496181424278896
320 2.789981362636114 -0.19729908552708966 0.4717021688327069
337 2.159469746617038 0.626417900799206 -0.45912046659081085
317 1.1696851322118798 0.2843708697508568 1.4258521688647314
318 -5.956143592204556 -2.914739779062592 -1.769764011024287
421 -1.1026466300268905 -0.14870248460668423 1.0720070789552583
418 -2.1437101661096114 -2.440181443096549 -4.672661251172851
439 2.1718200285313336 -2.688719346636565 -0.5982085285100749
21 0.6904372408824149 1.3552925724128886 2.4636683093192353
24 -0.6111377077750328 -2.6451405789805715 0.07378336082173881
39 -4.050654939024108 4.803873173574104 8.96859733481258
138 -2.992369896887726 -1.3174637852063975 3.342273093027636
124 -2.4549667721773103 0.22486062214860764 0.622725442501382
221 0.19613192494904735 -2.6162935002819876 7.3096611919823005
238 11.15097979392884 -0.9018697063543302 -5.74551337443122
240 0.4793849434943156 1.6467323342108433 -0.8429798030752355
257 1.1216299096827704 1.615076089811425 -1.489598415739025
237 0.6495009190903702 -0.6070782128177792 -0.4896711785530365
441 -3.381602672470635 3.0980861831908864 -3.4367499123080036
338 4.286900650051637 3.302795077021383 -3.0938659372836095
339 3.5679728919256632 1.488210492957285 0.7019661131985929
340 -1.425140470294359 -4.375313781643285 -1.782842719357056
38 -0.20390903615636619 -0.6291826102851723 0.3889985149591859
438 2.9516653717464125 -3.4896043676593504 2.077079027563629
60 2.8756781741658353 -2.2227055446254647 -1.539169980083996
59 -3.193996278438161 -2.655574399085429 -1.5282145675301106
179 3.7047304068962967 0.28515529360198794 -2.4674908388273127
159 -1.0312964678940026 -2.6660453655767222 -0.159887791375057
160 -2.746642362992963 -1.220993808550987 1.4900941570909583
177 2.6347972438762817 -3.0162918562897474 1.7876295165622405
183 4.102768920366707 2.936023209262447 -0.10474711858456208
259 6.466742383726794 -2.5515392864236364 -2.79370383448973
258 -0.6507165818842522 -1.5557911537737221 1.412975022737434
260 0.015306176299216597 3.748173338852944 4.888162730578449
359 -4.7531001821991286 1.0292544978817189 0.2551707682674713
357 1.4990457337421725 0.6755895755272842 -1.9798145673649112
358 -1.7612986547899645 -1.0419031704965824 -0.6131395819511086
360 2.852839040255203 -5.831786841364104 1.0931456762468512
379 -3.1191333136862114 2.4937190690409916 -1.567353518661508
57 2.0618158539027616 0.8286580128738747 -0.4537655135868408
444 -5.231918550293288 -0.5395232329758683 2.650681639709924
459 -3.821032543554957 -0.9518844389482657 3.6935268234748873
77 3.7992710208513016 2.9939377447398057 0.8734810112106749
457 -0.8461294958899915 9.423698887028738 -3.6474905777797817
477 -2.652258013578137 1.0929698344343488 -4.8571364933347505
458 2.716281257436626 0.1019190881908539 -1.2031401871351053
58 6.761890838225035 9.061806110627616 7.780685775443251
97 0.7554032508415032 0.47171667396624584 -2.925864083819683
158 -1.781545273557003 2.957527161041421 2.401444798919366
197 1.5332633788562284 -0.015472609222910085 1.4184828849391373
79 -0.03653074356354049 6.708028523132449 -0.8589751947252782
99 -1.0513786770267761 3.826164844118898 4.294258006101643
297 -3.8015430492614413 1.8524860847328768 -6.339034594547869
178 3.364612988417361 -3.275414717130547 -2.4700272398647076
180 0.023133690641209344 -1.1632614781974233 1.5434080137387411
199 4.801304299645872 -1.8020729766419545 1.1707822509186663
164 2.737838971595557 -0.3945725423394728 -3.1280374015012917
280 -0.8220865462992991 -0.4000459005656212 -1.1702901952574896
279 -4.892326982489947 1.2724471081485587 0.13419659838674103
281 2.4101121184749466 2.621576977940847 -4.604150461537435
397 -0.5644367382698312 -2.4571909788158988 0.9678207143311929
378 -5.4009696206376745 -1.24818397360029 -3.2626586982907777
380 -3.580467291476055 2.5913534539218577 -1.105190440918807
497 0.3690178238361406 -2.0322425977611935 1.7817791478255343
478 1.155076619943411 -1.6653262516836127 0.43473398381819317
480 -1.6622873176061495 5.805295401214427 -1.37551740611339
479 3.505301754329598 -4.296547095664878 2.6157817578000415
78 0.5072118737342719 0.6595843529002312 -4.180307096297954
499 2.478186974708561 1.7653833536440842 1.59065046152014
1 -0.6806887690004488 3.2463474156177816 -0.2401147613001171
117 0.0534614911825816 -0.45789303629109135 -0.24465161230084453
100 4.867093982577481 -1.7826883357367473 -0.007261236194044884
19 0.03160105880227281 -2.4306684134662304 1.3669994673332855
198 0.06060641826544032 1.1949056403712965 0.5963165809322907
98 -3.327507344741016 -3.914315565267753 -1.0242647374026044
119 2.0115972189938476 -4.805595012736666 -3.9482191472358603
200 -3.3246241905321336 0.9055540288241837 0.9502669297653208
298 3.8677274466573626 1.6451919674716482 2.4378811062391508
300 0.8977665308067291 -6.162060637053787 -1.8851324945617576
299 -4.880297757672602 1.9440068975728888 7.492149998997392
398 -0.726416540455942 -2.2851014065503676 2.275552980220934
400 -1.7931867913175055 2.6972914171755833 0.4624153875342334
399 1.4273996111140002 1.1479937348121747 2.1981693086106455
319 -2.1337229018407404 5.515062895008478 -1.282114625463172
17 -0.6676769894233132 -0.6571653102399129 1.8509465605392805
500 -1.3046431967383605 -4.1352368440625344 0.01619922985677544
419 1.3225539970715405 0.4967354262202907 -5.5177744859161315
498 -1.5949635179679882 -0.3443723366761373 0.48778718326327225
                                                                                                                                                                                                                                                                                                                                                                                                                                                                                                                                                                                                                                                                                                                                                                                                                                                                                                                                                                                                                                                                                                                                                                                                                                                                                                                                                                                                                                                                                                                                                                                                                                                                                                                                                                                                                                                                                                                                                                                                                                                                                                                                                                                                                                                                                                                                                                                                                                                                                                                                                                                                                                                                                                                                                                                                                                                                                                                                                                                                                                                                                                                                                                                                                                                                                                                                                                                                                                                                                                                                                                                                                                                                                                                                                                                                                                                                                                                                                                                                                                                                                                                                                                                                                                                                                                                                                                                                                                                                                                                                                                                                                                                                                                                                                                                                                                                                                                                                                                                                                                                                                                                                                                                                                                                                                                                                                                                                                                                                                                                                                                                                                                                                                                                                                                                                                                                                                                                                                                                                                                                                                                                                                                                                                                                                                                                                                                                                                                                                                                                                                                                                                                                                                                                                                                                                                                                                                                                                                                                                                                                                                                                                                                                                                                                                                                                                                                                                                                                                                                                                                                                                                                                                                                                                                                                                                                                                                                                                                                                                                                                                                                                                                                                                                                                                                                                                                                                                                                                                                                                                                                                                                                                                                                                                                                                                                                                                                                                                                                                                                                                                                                                                                                                                                                                                                                                                                                                                                                                                                                                                                                                                                                                                                                                                                                                                                                                                                                                                                                                                                                                                                                                                                                                                                                                                                                                                                                                                                                                                                                                                                                                                                                                                                                                                                                                                                                                                                                                                                                                                                                                                                                                                                                                                                                                                                                                                                                                                                                                                                                                                                                                                                                                                                                                                                                                                                                                                                                                                                                                                                                                                                                                                                                                                                                                                                                                                                                                                                                                                                                                                                                                                                                                                                                                                                                                                                                                                                                                                                                                                                                                                                                                                                                                                                                                                                                                                                                                                                                                                                                                                                                                                                                                                                                                                                                                                                                                                                                                                                                                                                                                                                                                                                                                                                                                                                                                                                                                                                                                                                                                                                                                                                                                                                                                                                                                                                                                                                                                                                                                                                                                                                                                                                                                                                                                                                                                                                                                                                                                                                                                                                                                                                                                                                                                                                                                                                                                                                                                                                                                                                                                                                                                                                                                                                                                                                                                                                                                                                                                                                                                                                                                                                                                                                                                                                                                                                                                                                                                                                                                                                                                                                                                                                                                                                                                                                                                                                                                                                                                                                                                                                                                                                                                                                                                                                                                                                                                                                                                                                                                                                                                                                                                                                                                                                                                                                                                                                                                                                                                                                                                                                                                                                                                                                                                                                                                                                                                                                                                                                                                                                                                                                                                                                                                                                                                                                                                                                                                                                                                                                                                                                                                                                                                                                                                                                                                                                                                                                                                                                                                                                                                                                                                                                                                                                                                                                                                                                                                                                                                                                                                                                                                                                                                                                                                                                                                                                                                                                                                                                                                                                                                                                                                                                                                                                                                                                                                                                                                                                                                                                                                                                                                                                                                                                                                                                                                                                                                                                                                                                                                                                                                                                                                                                                                                                                                                                                                                                                                                                                                                                                                                                                                                                                                                                                                                                                                                                                                                                                                                                                                                                                                                                                                                                                                                                                                                                                                                                                                                                                                                                                                                                                                                                                                                                                                                                                                                                                                                                                                                                                                                                                                                                                                                                                                                                                                                                                                                                                                                                                                                                                                                                                                                                                                                                                                                                                                                                                                                                                                                                                                                                                                                                                                                                                                                                                                                                                                                                                                                                                                                                                                                                                                                                                                                                                                                                                                                                                                                                                                                                                                                                                                                                                                                                                                                                                                                                                                                                                                                                                                                                                                                                                                                                                                                                                                                                                                                                                                                                                                                                                                                                                                                                                                                                                                                                                                                                                                                                                                                                                                                                                                                                                                                                                                                                                                                                                                                                                                                                                                                                                                                                                                                                                                                                                                                                                                                                                                                                                                                                                                                                                                                                                                                                                                                                                                                                                                                                                                                                                                                                                                                                                                                                                                                                                                                                                                                                                                                                                                                                                                                                                                                                                                                                                                                                                                                                                                                                                                                                                                                                                                                                                                                                                                                                                                                                                                                                                                                                                                                                                                                                                                                                                                                                                                                                                                                                                                                                                                                                                                                                                                                                                                                                                                                                                                                                                                                                                                                                                                                                                                                                                                                                                                                                                                                                                                                                                                                                                                                                                                                                                                                                                                                                                                                                                                                                                                                                                                                                                                                                                                                                                                                                                                                                                                                                                                                                                                                                                                                                                                                                                                                                                                                                                                                                                                                                                                                                                                                                                                                                                                                                                                                                                                                                                                                                                                                                                                                                                                                                                                                                                                                                                                                                                                                                                                                                                                                                                                                                                                                                                                                                                                                                                                                                                                                                                                                                                                                                                                                                                                                                                                                                                                                                                                                                                                                                                                                                                                                                                                                                                                                                                                                                                                                                                                                                                                                                                                                                                                                                                                                                                                                                                                                                                                                                                                                                                                                                                                                                                                                                                                                                                                                                                                                                                                                                                                                                                                                                                                                                                                                                                                                                                                                                                                                                                                                                                                                                                                                                                                                                                                                                                                                                                                                                                                                                                                                                                                                                                                                                                                                                                                                                                                                                                                                                                                                                                                                                                                                                                                                                                                                                                                                                                                                                                                                                                                                                                                                                                                                                                                                                                                                                                                                                                                                                                                                                                                                                                                                                                                                                                                                                                                                                                                                                                                                                                                                                                                                                                                                                                                                                                                                                                                                                                                                                                                                                                                                                                                                                                                                                                                                                                                                                                                                                                                                                                                                                                                                                                                                                                                                                                                                                                                                                                                                                                                                                                                                                                                                                                                                                                                                                                                                                                                                                                                                                                                                                                                                                                                                                                                                                                                                                                                                                                                                                                                                                                                                                                                                                                                                                                                                                                                                                                                                                                                                                                                                                                                                                                                                                                                                                                                                                                                                                                                                                                                                                                                                                                                                                                                                                                                                                                                                                                                                                                                                                                                                                                                                                                                                                                                                                                                                                                                                                                                                                                                                                                                                                                                                                                                                                                                                                                                                                                                                                                                                                                                                                                                                                                                                                                                                                                                                                                                                                                                                                                                                                                                                                                                                                                                                                                                                                                                                                                                                                                                                                                                                                                                                                                                                                                                                                                                                                                                                                                                                                                                                                                                                                                                                                                                                                                                                                                                                                                                                                                                                                                                                                                                                                                                                                                                                                                                                                                                                                                                                                                                                                                                                                                                                                                                                                                                                                                                                                                                                                                                                                                                                                                                                                                                                                                                                                                                                                                                                                                                                                                                                                                                                                                                                                                                                                                                                                                                                                                                                                                                                                                                                                                                                                                                                                                                                                                                                                                                                                                                                                                                                                                                                                                                                                                                                                                                                                                                                                                                                                                                                                                                                                                                                                                                                                                                                                                                                                                                                                                                                                                                                                                                                                                                                                                                                                                                                                                                                                                                                                                                                                                                                                                                                                                                                                                                                                                                                                                                                                                                                                                                                                                                                                                                                                                                                                                                                                                                                                                                                                                                                                                                                                                                                                                                                                                                                                                                                                                                                                                                                                                                                                                                                                                                                                                                                                                                                                                                                                                                                                                                                                                                                                                                                                                                                                                                                                                                                                                                                                                                                                                                                                                                                                                                                                                                                                                                                                                                                                                                                                                                                                                                                                                                                                                                                                                                                                                                                                                                                                                                                                                                                                                                                                                                                                                                                                                                                                                                                                                                                                                                                                                                                                                                                                                                                                                                                                                                                                                                                                                                                                                                                                                                                                                                                                                                                                                                                                                                                                                                                                                                                                                                                                                                                                                                                                                                                                                                                                                                                                                                                                                                                                                                                                                                                                                                                                                                                                                                                                                                                                                                                                                                                                                                                                                                                                                                                                                                                                                                                                                                                                                                                                                                                                                                                                                                                                                                                                                                                                                                                                                                                                                                                                                                                                                                                                                                                                                                                                                                                                                                                                                                                                                                                                                                                                                                                                                                                                                                                                                                                                                                                                                                                                                                                                                                                                                                                                                                                                                                                                                                                                                                                                                                                                                                                                                                                                                                                                                                                                                                                                                                                                                                                                                                                                                                                                                                                                                                                                                                                                                                                                                                                                                                                                                                                                                                                                                                                                                                                                                                                                                                                                                                                                                                                                                                                                                                                                                                                                                                                                                                                                                                                                                                                                                                                                                                                                                                                                                                                                                                                                                                                                                                                                                                                                                                                                                                                                                                                                                                                                                                                                                                                                                                                                                                                                                                                                                                                                                                                                                                                                                                                                                                                                                                                                                                                                                                                                                                                                                                                                                                                                                                                                                                                                                                                                                                                                                                                                                                                                                                                                                                                                                                                                                                                                                                                                                                                                                                                                                                                                                                                                                                                                                                                                                                                                                                                                                                                                                                                                                                                                                                                                                                                                                                                                                                                                                                                                                                                                                                                                                                                                                                                                                                                                                                                                                                                                                                                                                                                                                                                                                                                                                                                                                                                                                                                                                                                                                                                                                                                                                                                                                                                                                                                                                                                                                                                                                                                                                                                                                                                                                                                                                                                                                                                                                                                                                                                                                                                                                                                                                                                                                                                                                                                                                                                                                                                                                                                                                                                                                                                                                                                                                                                                                                                                                                                                                                                                                                                                                                                                                                                                                                                                                                                                                                                                                                                                                                                                                                                                                                                                                                                                                                                                                                                                                                                                                                                                                                                                                                                                                                                                                                                                                                                                                                                                                                                                                                                                                                                                                                                                                                                                                                                                                                                                                                                                                                                                                                                                                                                                                                                                                                                                                                                                                                                                                                                                                                                                                                                                                                                                                                                                                                                                                                                                                                                                                                                                                                                                                                                                                                                                                                                                                                                                                                                                                                                                                                                                                                                                                                                                                                                                                                                                                                                                                                                                                                                                                                                                                                                                                                                                                                                                                                                                                                                                                                                                                                                                                                                                                                                                                                                                                                                                                                                                                                                                                                                                                                                                                                                                                                                                                                                                                                                                                                                                                                                                                                                                                                                                                                                                                                                                                                                                                                                                                                                                                                                                                                                                                                                                                                                                                                                                                                                                                                                                                                                                                                                                                                                                                                                                                                                                                                                                                                                                                                                                                                                                                                                                                                                                                                                                                                                                                                                                                                                                                                                                                                                                                                                                                                                                                                                                                                                                                                                                                                                                                                                                                                                                                                                                                                                                                                                                                                                                                                                                                                                                                                                                                                                                                                                                                                                                                                                                                                                                                                                                                                                                                                                                                                                                                                                                                                                                                                                                                                                                                                                                                                                                                                                                                                                                                                                                                                                                                                                                                                                                                                                                                                                                                                                                                                                                                                                                                                                                                                                                                                                                                                                                                                                                                                                                                                                                                                                                                                                                                                                                                                                                                                                                                                                                                                                                                                                                                                                                                                                                                                                                                                                                                                                                                                                                                                                                                                                                                                                                                                                                                                                                                                                                                                                                                                                                                                                                                                                                                                                                                                                                                                                                                                                                                                                                                                                                                                                                                                                                                                                                                                                                                                                                                                                                                                                                                                                                                                                                                                                                                                                                                                                                                                                                                                                                                                                                                                                                                                                                                                                                                                                                                                                                                                                                                                                                                                                                                                                                                                                                                                                                                                                                                                                                                                                                                                                                                                                                                                                                                                                                                                                                                                                                                                                                                                                                                                                                                                                                                                                                                                                                                                                                                                                                                                                                                                                                                                                                                                                                                                                                                                                                                                                                                                                                                                                                                                                                                                                                                                                                                                                                                                                                                                                                                                                                                                                                                                                                                                                                                                                                                                                                                                                                                                                                                                                                                                                                                                                                                                                                                                                                                                                                                                                                                                                                                                                                                                                                                                                                                                                                                                                                                                                                                                                                                                                                                                                                                                                                                                                                                                                                                                                                                                                                                                                                                                                                                                                                                                                                                                                                                                                                                                                                                                                                                                                                                                                                                                                                                                                                                                                                                                                                                                                                                                                                                                                                                                                                                                                                                                                                                                                                                                                                                                                                                                                                                                                                                                                                                                                                                                                                                                                                                                                                                                                                                                                                                                                                                                                                                                                                                                                                                                                                                                                                                                                                                                                                                                                                                                                                                                                                                                                                                                                                                                                                                                                                                                                                                                                                                                                                                                                                                                                                                                                                                                                                                                                                                                                                                                                                                                                                                                                                                                                                                                                                                                                                                                                                                                                                                                                                                                                                                                                                                                                                                                                                                                                                                                                                                                                                                                                                                                                                                                                                                                                                                                                                                                                                                                                                                                                                                                                                                                                                                                                                                                                                                                                                                                                                                                                                                                                                                                                                                                                                                                                                                                                                                                                                                                                                                                                                                                                                                                                                                                                                                                                                                                                                                                                                                                                                                                                                                                                                                                                                                                                                                                                                                                                                                                                                                                                                                                                                                                                                                                                                                                                                                                                                                                                                                                                                                                                                                                                                                                                                                                                                                                                                                                                                                                                                                                                                                                                                                                                                                                                                                                                                                                                                                                                                                                                                                                                                                                                                                                                                                                                                                                                                                                                                                                                                                                                                                                                                                                                                                                                                                                                                                                                                                                                                                                                                                                                                                                                                                                                                                                                                                                                                                                                                                                                                                                                                                                                                                                                                                                                                                                                                                                                                                                                                                                                                                                                                                                                                                                                                                                                                                                                                                                                                                                                                                                                                                                                                                                                                                                                                                                                                                                                                                                                                                                                                                                                                                                                                                                                                                                                                                                                                                                                                                                                                                                                                                                                                                                                                                                                                                                                                                                                                                                                                                                                                                                                                                                                                                                                                                                                                                                                                                                                                                                                                                                                                                                                                                                                                                                                                                                                                                                                                                                                                                                                                                                                                                                                                                                                                                                                                                                                                                                                                                                                                                                                                                                                                                                                                                                                                                                                                                                                                                                                                                                                                                                                                                                                                                                                                                                                                                                                                                                                                                                                                                                                                                                                                                                                                                                                                                                                                                                                                                                                                                                                                                                                                                                                                                                                                                                                                                                                                                                                                                                                                                                                                                                                                                                                                                                                                                                                                                                                                                                                                                                                                                                                                                                                                                                                                                                                                                                                                                                                                                                                                                                                                                                                                                                                                                                                                                                                                                                                                                                                                                                                                                                                                                                                                                                                                                                                                                                                                                                                                                                                                                                                                                                                                                                                                                                                                                                                                                                                                                                                                                                                                                                                                                                                                                                                                                                                                                                                                                                                                                                                                                                                                                                                                                                                                                                                                                                                                                                                                                                                                                                                                                                                                                                                                                                                                                                                                                                                                                                                                                                                                                                                                                                                                                                                                                                                                                                                                                                                                                                                                                                                                                                                                                                                                                                                                                                                                                                                                                                                                                                                                                                                                                                                                                                                                                                                                                                                                                                                                                                                                                                                                                                                                                                                                                                                                                                                                                                                                                                                                                                                                                                                                                                                                                                                                                                                                                                                                                                                                                                                                                                                                                                                                                                                                                                                                                                                                                                                                                                                                                                                                                                                                                                                                                                                                                                                                                                                                                                                                                                                                                                                                                                                                                                                                                                                                                                                                                                                                                                                                                                                                                                                                                                                                                                                                                                                                                                                                                                                                                                                                                                                                                                                                                                                                                                                                                                                                                                                                                                                                                                                                                                                                                                                                                                                                                                                                                                                                                                                                                                                                                                                                                                                                                                                                                                                                                                                                                                                                                                                                                                                                                                                                                                                                                                                                                                                                                                                                                                                                                                                                                                                                                                                                                                                                                                                                                                                                                                                                                                                                                                                                                                                                                                                                                                                                                                                                                                                                                                                                                                                                                                                                                                                                                                                                                                                                                                                                                                                                                                                                                                                                                                                                                                                                                                                                                                                                                                                                                                                                                                                                                                                                                                                                                                                                                                                                                                                                                                                                                                                                                                                                                                                                                                                                                                                                                                                                                                                                                                                                                                                                                                                                                                                                                                                                                                                                                                                                                                                                                                                                                                                                                                                                                                                                                                                                                                                                                                                                                                                                                                                                                                                                                                                                                                                                                                                                                                                                                                                                                                                                                                                                                                                                                                                                                                                                                                                                                                                                                                                                                                                                                                                                                                                                                                                                                                                                                                                                                                                                                                                                                                                                                                                                                                                                                                                                                                                                                                                                                                                                                                                                                                                                                                                                                                                                                                                                                                                                                                                                                                                                                                                                                                                                                                                                                                                                                                                                                                                                                                                                                                                                                                                                                                                                                                                                                                                                                                                                                                                                                                                                                                                                                                                                                                                                                                                                                                                                                                                                                                                                                                                                                                                                                                                                                                                                                                                                                                                                                                                                                                                                                                                                                                                                                                                                                                                                                                                                                                                                                                                                                                                                                                                                                                                                                                                                                                                                                                                                                                                                                                                                                                                                                                                                                                                                                                                                                                                                                                                                                                                                                                                                                                                                                                                                                                                                                                                                                                                                                                                                                                                                                                                                                                                                                                                                                                                                                                                                                                                                                                                                                                                                                                                                                                                                                                                                                                                                                                                                                                                                                                                                                                                                                                                                                                                                                                                                                                                                                                                                                                                                                                                                                                                                                                                                                                                                                                                                                                                                                                                                                                                                                                                                                                                                                                                                                                                                                                                                                                                                                                                                                                                                                                                                                                                                                                                                                                                                                                                                                                                                                                                                                                                                                                                                                                                                                                                                                                                                                                                                                                                                                                                                                                                                                                                                                                                                                                                                                                                                                                                                                                                                                                                                                                                                                                                                                                                                                                                                                                                                                                                                                                                                                                                                                                                                                                                                                                                                                                                                                                                                                                                                                                                                                                                                                                                                                                                                                                                                                                                                                                                                                                                                                                                                                                                                                                                                                                                                                                                                                                                                                                                                                                                                                                                                                                                                                                                                                                                                                                                                                                                                                                                                                                                                                                                                                                                                                                                                                                                                                                                                                                                                                                                                                                                                                                                                                                                                                                                                                                                                                                                                                                                                                                                                                                                                                                                                                                                                                                                                                                                                                                                                                                                                                                                                                                                                                                                                                                                                                                                                                                                                                                                                                                                                                                                                                                                                                                                                                                                                                                                                                                                                                                                                                                                                                                                                                                                                                                                                                                                                                                                                                                                                                                                                                                                                                                                                                                                                                                                                                                                                                                                                                                                                                                                                                                                                                                                                                                                                                                                                                                                                                                                                                                                                                                                                                                                                                                                                                                                                                                                                                                                                                                                                                                                                                                                                                                                                                                                                                                                                                                                                                                                                                                                                                                                                                                                                                                                                                                                                                                                                                                                                                                                                                                                                                                                                                                                                                                                                                                                                                                                                                                                                                                                                                                                                                                                                                                                                                                                                                                                                                                                                                                                                                                                                                                                                                                                                                                                                                                                                                                                                                                                                                                                                                                                                                                                                                                                                                                                                                                                                                                                                                                                                                                                                                                                                                                                                                                                                                                                                                                                                                                                                                                                                                                                                                                                                                                                                                                                                                                                                                                                                                                                                                                                                                                                                                                                                                                                                                                                                                                                                                                                                                                                                                                                                                                                                                                                                                                                                                                                                                                                                                                                                                                                                                                                                                                                                                                                                                                                                                                                                                                                                                                                                                                                                                                                                                                                                                                                                                                                                                                                                                                                                                                                                                                                                                                                                                                                                                                                                                                                                                                                                                                                                                                                                                                                                                                                                                                                                                                                                                                                                                                                                                                                                                                                                                                                                                                                                                                                                                                                                                                                                                                                                                                                                                                                                                                                                                                                                                                                                                                                                                                                                                                                                                                                                                                                                                                                                                                                                                                                                                                                                                                                                                                                                                                                                                                                                                                                                                                                                                                                                                                                                                                                                                                                                                                                                                                                                                                                                                                                                                                                                                                                                                                                                                                                                                                                                                                                                                                                                                                                                                                                                                                                                                                                                                                                                                                                                                                                                                                                                                                                                                                                                                                                                                                                                                                                                                                                                                                                                                                                                                                                                                                                                                                                                                                                                                                                                                                                                                                                                                                                                                                                                                                                                                                                                                                                                                                                                                                                                                                                                                                                                                                                                                                                                                                                                                                                                                                                                                                                                                                                                                                                                                                                                                                                                                                                                                                                                                                                                                                                                                                                                                                                                                                                                                                                                                                                                                                                                                                                                                                                                                                                                                                                                                                                                                                                                                                                                                                                                                                                                                                                                                                                                                                                                                                                                                                                                                                                                                                                                                                                                                                                                                                                                                                                                                                                                                                                                                                                                                                                                                                                                                                                                                                                                                                                                                                                                                                                                                                                                                                                                                                                                                                                                                                                                                                                                                                                                                                                                                                                                                                                                                                                                                                                                                                                                                                                                                                                                                                                                                                                                                                                                                                                                                                                                                                                                                                                                                                                                                                                                                                                                                                                                                                                                                                                                                                                                                                                                                                                                                                                                                                                                                                                                                                                                                                                                                                                                                                                                                                                                                                                                                                                                                            print "### Phase 2 complete ###"
### Phase 2 complete ###

variable  pe_final   equal  pe
variable  temp_fin   equal  temp
variable  press_fin  equal  press

print "EQUIL_RESULTS_START"
EQUIL_RESULTS_START
print "  T_K          : 500"
  T_K          : 500
print "  pe_final_eV  : ${pe_final}"
  pe_final_eV  : -3343.69477581055
print "  temp_final_K : ${temp_fin}"
  temp_final_K : 470.481561099518
print "  press_final  : ${press_fin}"
  press_final  : 25935.5576616482
print "EQUIL_RESULTS_END"
EQUIL_RESULTS_END

write_restart  /projects/westgroup/akinyemi.az/mace_lammps/MHI_Nickel/calculation/results/Hastelloy_N_7_minimized_1H/results/500K/nvt_500K_phase2_prod.restart
System init for write_restart ...
write_data     /projects/westgroup/akinyemi.az/mace_lammps/MHI_Nickel/calculation/results/Hastelloy_N_7_minimized_1H/results/500K/nvt_500K.out
System init for write_data ...
Total wall time: 17:27:55
